8650	40899	263.169	2170.97	263.121	-99999	-3.742	-0.390583	1	1	-210.426	-216.392	131.319	-90.3937	146.735	19.1682	-209.837	-219.516	-215.802	131.319	21.4666	-90.3937	146.735	82.136	19.1682	4.44927	18	0	2020.43	-3.70949	-33.8082	35.0093	-3.70949	-33.8082	35.0093	
8650	27856	313.395	691.351	307.093	40.3931	28.898	-0.617147	1	1	-254.664	-77.1849	127.785	-25.7505	117.687	-76.1727	-256.804	-170.365	-76.4335	130.63	41.4755	-26.2031	120.612	25.5322	-77.5875	4.87117	12	0	74.2993	28.925	-15.1488	-4.71906	28.925	-15.1488	-4.71906	
8650	1065	59.8742	169.709	58.8121	-99999	28.819	-0.908666	1	1	-209.178	-215.783	131.554	79.9895	-231.393	-257.055	-204.586	-207.903	-211.242	132.463	105.578	79.9895	-230.987	-243.72	-257.055	5.98035	18	0	52.8101	28.8461	-31.6549	-318.811	28.8461	-31.6549	-318.811	
8650	53674	318.013	840.151	316.028	-99999	112.755	-0.786994	1	1	-306.52	-191.885	131.63	-82.3282	72.1676	-129.843	-324.286	-267.748	-209.314	131.63	22.7551	-83.8397	72.1676	-28.6943	-131.056	6.69535	8	0	95.6663	112.785	-22.3102	-87.4872	112.785	-22.3102	-87.4872	
8650	59412	198.585	420.252	196.895	-99999	56.65	-0.931317	1	1	-339.31	-346.754	130.869	-41.0503	126.019	176.106	-339.266	-337.71	-347.101	131.319	37.4246	-41.5451	125.886	154.779	176.166	4.59485	9	0	70.0316	56.671	5.96611	165.129	56.671	5.96611	165.129	
8650	51658	402.864	1045.95	402.779	-99999	85.465	-0.548783	1	1	-236.376	-88.7269	127.578	-83.5393	-297.536	-607.076	-209.606	-135.628	-61.9281	127.624	22.7274	-83.5393	-297.472	-452.68	-607.076	4.30958	15	0	66.1603	85.5106	-39.3422	-577.39	85.5106	-39.3422	-577.39	
8650	51763	128.345	290.001	127.856	-99999	8.631	-0.779015	1	1	-257.218	-344.6	129.088	37.8586	647.271	663.352	-256.928	-299.928	-344.613	129.464	82.3132	37.8586	647.262	652.504	663.352	4.27231	8	0	57.9173	8.65878	27.8228	656.885	8.65878	27.8228	656.885	
8650	63611	521.99	1330.18	521.582	-99999	101.814	-0.582749	1	1	-216.05	-295.125	131.526	-169.06	-90.7971	-509.077	-216.141	-257.839	-295.298	131.621	-20.8775	-169.159	-90.6771	-298.02	-509.276	4.08941	16	0	79.5302	101.849	-36.2854	-329.648	101.849	-36.2854	-329.648	
8650	18748	49.2485	137.016	49.0619	-99999	45.096	-0.666556	0	0	-231.242	-256.468	131.795	98.7304	-101.621	-75.6907	-231.218	-243.572	-256.539	131.919	114.918	98.7304	-101.722	-88.8974	-75.6907	5.47472	13	0	77.0077	45.1436	27.2972	-76.293	45.1436	27.2972	-76.293	
8650	52819	237.733	563.927	234.726	111.141	103.975	-0.975019	1	1	-241.229	-167.623	129.365	-89.5318	235.568	204.934	-241.385	-210.977	-167.514	130.578	18.1648	-91.2748	235.79	212.548	204.837	8.8634	7	0	91.5892	113.07	7.22867	844.104	46.1303	-79.2199	825.169	
8650	42474	39.0392	115.013	38.8174	-99999	62.929	-0.463026	1	0	-159.246	-134.804	130.237	112.073	748.32	772.379	-139.657	-127.342	-115.071	130.339	121.023	112.073	748.186	760.124	772.379	5.30506	7	0	67.8753	62.9533	65.6805	804.999	62.9533	65.6805	804.999	
8650	17421	298.944	716.332	292.515	108.747	100.034	-0.7569	1	1	-87.9034	-249.039	125.696	-107.948	642.694	707.999	-84.6329	-171.195	-249.431	130.043	14.2666	-108.509	640.877	678.423	707.974	8.76953	6	0	117.608	100.068	-6.99654	669.826	100.068	-6.99654	669.826	
8650	17601	182.121	428.143	182.048	-99999	-24.674	-0.888784	1	0	-354.487	-281.348	114.592	-51.1821	838.215	847.113	-354.468	-315.071	-281.302	114.631	32.6114	-51.2072	838.218	837.489	847.118	4.40841	11	0	75.2498	-24.659	21.4267	813.149	-24.659	21.4267	813.149	
8650	67881	82.2227	191.314	77.679	185.993	19.547	-0.994347	1	0	-219.444	-198.216	130.579	56.5418	-622.629	-630.228	-219.456	-209.177	-196.286	131.124	91.5137	53.0533	-622.582	-625.052	-630.333	4.90392	6	0	67.2442	19.5608	40.6178	-547.185	19.5608	40.6178	-547.185	
8650	56671	420.801	978.114	420.107	-37.9635	-44.43	-0.700428	1	1	-152.753	-240.788	131.985	-145.987	-546.346	-246.383	-152.639	-201.106	-240.788	132.459	-7.44676	-145.987	-546.815	-397.44	-246.383	5.86111	12	0	68.6413	-44.3992	-22.0376	-386.161	-44.3992	-22.0376	-386.161	
8650	8812	136.029	468.555	136.027	-99999	80.902	-0.933136	1	1	-358.456	-334.248	-43.1404	-170.577	-340.779	-299.918	-358.583	-346.891	-334.374	-43.1404	-106.776	-170.577	-340.779	-319.827	-299.918	23.1808	11	0	71.4211	80.9213	-49.0481	-334.986	80.9213	-49.0481	-334.986	
8650	36524	252.378	615.439	250.88	-99999	115.994	-0.767702	1	1	-356.438	-260.784	134.7	-69.0819	139.777	248.143	-356.62	-310.924	-260.458	134.7	34.1017	-70.4534	139.777	200.602	248.46	4.84858	10	0	82.1507	116.014	8.95505	211.818	116.014	8.95505	211.818	
8650	936	352.718	885.238	351.836	243.416	-4.146	-0.77239	0	0	-108.369	-257.838	132.731	-108.969	-619.17	-820.771	-108.284	-189.617	-258.123	132.89	3.6395	-109.312	-619.071	-706.907	-821.269	4.64894	7	0	82.4955	23.9362	-27.7025	-71.3302	82.1562	-22.5077	-312.561	
8650	2136	148.67	353.606	147.727	-99999	86.671	-0.976568	1	1	-337.605	-311.99	130.419	-9.51833	251.524	283.76	-337.629	-330.07	-312.07	130.982	58.0356	-9.82573	251.44	261.013	283.931	7.23916	16	0	85.0415	86.6852	10.705	271.342	86.6852	10.705	271.342	
8650	39528	125.746	445.251	113.002	-99999	27.754	-0.763619	1	1	-70.8714	-142.248	-68.8155	-155.548	685.958	698.24	-62.152	-101.97	-141.774	-68.7954	-116.954	-165.184	685.955	692.888	699.251	12.7217	8	0	226.745	27.7915	-94.4507	654.209	27.7915	-94.4507	654.209	
8650	150	201.111	454.926	201.029	33.9276	24.824	-0.996389	1	1	-212.069	-189.911	128.44	-70.906	-122.735	-116.108	-212.07	-199.757	-189.911	128.496	29.0383	-70.906	-122.731	-117.788	-116.108	5.35688	15	0	83.7409	24.8639	-26.9843	-130.259	24.8639	-26.9843	-130.259	
8650	41379	333.148	725.306	331.462	-99999	-47.65	-0.674572	1	1	-357.861	-243.562	134.785	-125.189	-395.467	-237.554	-358.516	-289.891	-243.488	135.824	13.1503	-125.189	-396.371	-307.219	-237.554	4.25882	9	0	70.0583	-47.6317	3.82288	-312.065	-47.6317	3.82288	-312.065	
8650	61152	42.2054	124.086	41.2992	-99999	19.242	-0.947984	0	0	-82.1297	-92.1569	133.502	94.2315	-654.67	-647.64	-76.0946	-81.2004	-86.3186	133.511	113.674	93.3655	-654.673	-649.857	-647.601	5.27607	7	0	75.9888	19.2596	62.5827	-634.138	19.2596	62.5827	-634.138	
8650	64690	220.896	525.934	219.984	-99999	14.813	-0.925369	1	1	-309.512	-255.295	129.11	-67.7322	-718.664	-638.647	-309.688	-277.742	-255.318	129.951	31.8626	-67.7322	-718.97	-679.793	-638.647	7.22569	11	0	87.7154	14.8396	-6.41663	-661.461	14.8396	-6.41663	-661.461	
8650	34604	288.073	654.268	287.416	-99999	42.851	-0.890434	1	1	-342.606	-287.779	131.03	-139.92	225.786	301.689	-342.659	-314.035	-287.846	131.592	-3.45116	-139.92	225.473	265.798	301.689	5.02506	8	0	69.3552	42.8713	-14.4674	269.108	42.8713	-14.4674	269.108	
8650	37305	300.342	688.055	298.593	-99999	37.678	-0.888279	1	1	-196.996	-73.6617	129.913	-139	159.31	199.407	-185.42	-122.011	-61.3245	130.391	-4.15556	-140.083	159.227	179.844	199.49	8.49411	6	0	59.0211	37.6999	-49.52	165.339	37.6999	-49.52	165.339	
8650	69121	70.4776	199.013	70.477	-99999	79.3	-0.935101	1	1	-205.507	-224.02	130.973	64.9403	373.164	356.929	-193.012	-202.232	-211.526	130.973	97.9539	64.9403	373.164	365.017	356.929	9.18003	10	0	61.1495	79.3206	-34.2306	336.63	79.3206	-34.2306	336.63	
8650	67174	313.729	796.553	312.386	-99999	2.468	-0.689521	1	1	-173.293	-309.584	130.584	-88.5599	-577.871	-405.708	-172.571	-244.795	-309.584	131.499	16.0053	-88.5599	-578.515	-501.485	-405.708	4.86112	13	0	76.5117	2.49114	-27.7461	-471.011	2.49114	-27.7461	-471.011	
8650	68507	346.143	1489.91	345.869	-99999	77.011	-0.647545	1	1	-196.292	-346.368	129.112	-93.2399	-230.709	-12.4981	-208.293	-283.168	-358.502	129.284	17.2441	-93.2399	-230.872	-122.335	-12.4981	9.61943	15	0	50.2231	77.0463	-36.3441	-80.9469	77.0463	-36.3441	-80.9469	
8650	9537	97.4075	256.41	97.2896	-99999	81.725	-0.562944	1	0	-223.96	-155.033	51.8437	-4.86892	891.381	853.156	-211.172	-177.305	-142.156	51.9072	22.1783	-4.86892	891.419	873.183	853.156	7.18455	6	0	78.4801	81.7501	-8.33735	802.083	81.7501	-8.33735	802.083	
8650	69304	43.1401	104.009	43.1395	-99999	76.62	-0.723282	1	1	-196.868	-223.167	132.773	101.976	-144.465	-159.283	-184.796	-197.793	-211.094	132.773	117.368	101.976	-144.465	-152.116	-159.283	4.64688	10	0	42.6017	76.6467	-25.9418	-211.809	76.6467	-25.9418	-211.809	
8650	69349	307.693	728.927	306.878	-99999	-30.035	-0.977035	1	1	-233.579	-259.612	127.563	-171.653	-373.717	-312.25	-233.411	-247.478	-259.565	128.344	-21.2901	-171.653	-373.846	-341.111	-312.25	4.04008	10	0	40.3323	-30.0223	-29.0978	-340.161	-30.0223	-29.0978	-340.161	
8650	68294	268.5	644.098	267.699	-99999	52.23	-0.91026	1	1	-306.979	-201.495	131.403	-83.0933	405.42	522.209	-315.258	-272.404	-209.646	132.005	21.1596	-83.1954	405.176	466.826	522.278	7.12189	12	0	85.4654	52.2567	-2.22125	469.497	52.2567	-2.22125	469.497	
8650	49378	67.705	206.258	65.6297	-99999	56.13	-0.991761	0	0	-245.079	-229.12	129.76	66.6633	-172.415	-167.5	-245.291	-237.275	-229.007	130.861	98.1314	65.8969	-172.382	-170.065	-167.094	26.9659	21	0	105.687	56.1599	22.9526	-178.202	56.1599	22.9526	-178.202	
8650	67156	142.694	347.704	141.858	-99999	-24.473	-0.781615	1	1	-340.343	-257.468	129.276	17.8095	364.631	391.976	-340.81	-298.319	-257.429	129.924	73.6018	17.8095	364.491	374.853	391.976	5.18004	10	0	77.1369	-24.4506	30.5331	384.553	-24.4506	30.5331	384.553	
8650	901	66.0867	178.238	64.2702	-99999	37.427	-0.989366	1	1	-206.218	-216.745	131.953	68.8161	-827.976	-832.969	-200.185	-205.46	-210.848	133.749	101.276	68.8161	-827.76	-830.565	-832.969	4.75664	13	0	54.2214	37.4582	-22.9387	-784.684	37.4582	-22.9387	-784.684	
8650	67517	707.504	1242.23	703.461	-99999	83.141	-0.463094	1	1	-186.91	-163.564	133.772	-164.523	520.98	-79.5233	-160.923	-139.637	-137.494	133.961	-31.3483	-164.523	521.333	210.536	-79.5233	5.36824	13	0	75.2864	83.1905	-29.3513	211.94	83.1905	-29.3513	211.94	
8650	62770	342.091	858.826	341.801	-99999	66.553	-0.843721	1	1	-226.813	-132.404	131.849	-160.679	-305.832	-455.235	-205.944	-157.71	-111.46	131.849	-14.3974	-160.929	-305.832	-380.253	-455.357	7.34775	12	0	48.3035	66.5771	-36.4539	-397.19	66.5771	-36.4539	-397.19	
8650	27061	119.131	301.051	118.617	-99999	54.693	-0.825138	1	1	-148.409	-219.587	132.773	38.2201	-312.926	-305.287	-139.509	-175.38	-210.969	133.2	85.86	38.2201	-312.965	-308.561	-305.287	4.19099	7	0	50.3356	54.7179	-37.337	-295.484	54.7179	-37.337	-295.484	
8650	46070	202.436	452.691	201.16	121.757	106.891	-0.883854	1	1	-219.336	-97.3028	131.575	-12.1192	827.106	759.237	-219.367	-158.737	-96.6979	131.661	57.3932	-12.941	827.135	796.048	758.704	6.34724	12	0	82.3267	106.919	0.671117	758.017	106.919	0.671117	758.017	
8650	32429	179.888	434.886	179.026	-99999	66.124	-0.591159	1	1	-135.065	-187.061	130.137	18.2767	136.258	265.536	-114.174	-140.188	-166.486	130.421	74.0203	18.0848	135.898	200.87	265.816	5.59062	6	0	76.3504	66.1622	17.8402	219.808	66.1622	17.8402	219.808	
8650	55701	279.542	687.177	279.352	100.48	95.027	-0.889184	1	1	-110.266	-244.796	133.364	-108.253	371.552	360.204	-110.19	-177.422	-244.796	133.519	12.376	-108.253	371.576	353.979	360.204	4.28253	16	0	95.3166	95.0554	-15.5711	358.65	95.0554	-15.5711	358.65	
8650	38951	76.8312	194.329	76.8289	-99999	77.565	-0.915168	1	0	-113.584	-86.4389	133.982	62.4021	-27.0986	-20.8362	-89.2623	-75.2737	-62.1173	133.982	98.344	62.4021	-27.0986	-24.1009	-20.8362	4.1271	7	0	56.509	77.5877	62.9902	-22.7175	77.5877	62.9902	-22.7175	
8650	5841	163.849	500.591	162.059	-99999	73.889	-0.425956	1	1	-144.082	-85.2317	132.834	52.0909	-352.954	-225.4	-121.604	-92.5147	-61.9775	133.488	92.8982	51.99	-354.209	-289.299	-225.233	7.38658	9	0	46.4842	73.9295	34.2573	-266.167	73.9295	34.2573	-266.167	
8650	47319	101.354	239.312	100.178	-99999	0.012	-0.615154	1	1	-246.523	-321.825	130.555	69.8776	254.261	280.252	-246.524	-284.062	-322.719	130.555	98.968	69.1891	254.261	266.928	280.58	10.2072	8	0	63.5911	-0.0133788	25.5445	282.244	-0.0133788	25.5445	282.244	
8650	76392	281.356	623.866	281.202	-99999	-45.53	-0.964087	1	1	-113.897	-174.901	130.912	-140.726	-286.047	-249.879	-128.174	-162.924	-189.223	130.912	-4.59062	-140.87	-286.047	-271.653	-249.873	4.82556	7	0	81.3556	-45.5166	-22.5107	-272.976	-45.5166	-22.5107	-272.976	
8650	41375	187.648	452.522	187.038	-99999	-5.529	-0.424697	1	1	-310.554	-194.442	131.757	78.4359	560.414	694.674	-310.771	-258.253	-194.442	132.012	99.0488	78.4359	559.912	629.794	694.674	5.02579	10	0	83.3383	-5.51569	28.4276	624.337	-5.51569	28.4276	624.337	
8650	41720	47.6219	326.613	43.0557	23.7762	39.259	-0.582347	1	1	-207.228	-232.604	130.036	105.597	-494.57	-474.262	-205.486	-215.827	-233.593	131.751	118.011	104.655	-496.073	-481.693	-474.35	22.5433	21	0	152.003	39.2443	16.8878	-432.785	39.2443	16.8878	-432.785	
8650	15085	72.3217	234.169	71.9299	-99999	-45.313	-0.918101	0	0	-203.843	-175.079	127.977	62.524	713.243	710.46	-210.983	-197.09	-182.091	127.977	94.8265	62.2019	713.243	709.676	710.521	4.12039	20	0	110.691	-45.3049	21.455	701.253	-45.3049	21.455	701.253	
8650	61720	166.482	441.049	165.365	-99999	55.912	-0.986104	1	0	-107.692	-79.4784	129.205	-33.6916	863.861	867.055	-90.3418	-76.2821	-61.9463	130.303	48.284	-33.6916	863.836	865.797	867.055	4.16891	10	0	58.7367	55.9287	-59.1212	832.94	55.9287	-59.1212	832.94	
8650	61915	213.816	505.514	213.604	-99999	90.379	-0.825754	1	1	-357.871	-254.406	133.044	-38.8436	-844.43	-771.934	-358.063	-307.325	-254.506	133.132	45.132	-38.9256	-844.464	-811.176	-771.889	4.49497	12	0	72.4592	90.4111	24.7946	-783.042	90.4111	24.7946	-783.042	
8650	66147	259.402	587.578	259.392	-99999	105.873	-0.687777	1	1	-258.883	-298.955	127.614	-41.6258	637.101	828.403	-259.048	-279.522	-299.121	127.614	43.2099	-41.6258	637.101	733.205	828.403	5.64722	12	0	76.2975	105.899	4.69248	492.055	66.5586	-5.70485	809.721	
8650	66477	53.4201	186.408	52.3338	-99999	34.763	-0.969576	0	0	-345.855	-335.969	130.467	80.9336	-188.417	-177.728	-345.952	-340.377	-336.181	131.142	105.564	80.6715	-188.573	-183.46	-177.683	4.89523	10	0	109.71	34.7824	69.5782	-181.672	34.7824	69.5782	-181.672	
8650	11907	200.597	444.303	200.307	-99999	-38.814	-0.969523	1	1	-346.671	-287.092	127.788	-62.382	-817.031	-803.331	-346.657	-317	-287.031	128.059	32.5007	-62.382	-817.083	-812.805	-803.331	8.96489	15	0	105.717	-38.7903	0.0493601	-772.965	-38.7903	0.0493601	-772.965	
8650	20528	326.958	756.004	326.67	31.2434	24.509	-0.814196	1	1	-130.535	-274.787	132.898	-129.666	145.089	266.399	-130.535	-211.906	-274.839	132.898	-1.00804	-129.924	145.089	191.09	266.489	4.89492	10	0	71.8928	26.0996	42.714	-184.94	-4.81039	10.613	-114.298	
8650	43833	44.3316	128.683	43.2462	-99999	65.194	-0.830245	0	0	-224.434	-235.838	130.955	92.3659	-811.634	-796.514	-224.353	-232.062	-236.036	131.259	111.982	91.688	-811.737	-804.18	-796.315	5.31348	12	0	73.2036	65.2095	38.2217	-769.111	65.2095	38.2217	-769.111	
8650	60805	265.923	599.787	235.216	-99999	8.799	-0.807742	1	1	-64.8481	-185.487	36.5413	-154.742	-360.791	-296.175	-61.914	-130.394	-198.002	36.8194	-71.0681	-179.604	-360.889	-324.168	-287.809	7.6372	9	0	104.332	8.82828	-27.3963	-338.583	8.82828	-27.3963	-338.583	
8650	56528	301.579	689.723	299.485	28.623	20.639	-0.763648	1	1	-271.495	-138.143	132.075	-91.434	419.914	275.944	-271.583	-202.631	-137.359	132.355	26.5492	-92.9399	420.129	338.066	275.703	5.83806	10	0	82.3113	20.6651	-20.3251	325.324	20.6651	-20.3251	325.324	
8650	20437	314.415	723.34	313.82	-99999	7.711	-0.961007	1	1	-129.841	-201.334	132.153	-170.132	684.334	718.918	-127.247	-168.15	-198.916	132.708	-18.663	-170.132	684.348	694.718	718.918	5.46	9	0	70.5063	7.73062	-20.3763	683.747	7.73062	-20.3763	683.747	
8650	43498	110.057	230.136	106.768	-99999	114.713	-0.651686	1	1	-247.094	-244.429	131.579	71.4636	526.492	588.879	-229.067	-229.181	-226.534	131.72	104.453	71.4636	526.129	547.014	588.879	6.29422	15	0	71.087	114.747	15.1941	584.533	38.7567	49.7566	555.551	
8650	57501	312.215	741.647	311.151	43.4209	34.962	-0.972425	1	1	-224.028	-124.739	130.665	-156.448	525.814	461.367	-224.076	-178.517	-124.511	131.137	-14.8717	-156.943	525.913	495.847	461.268	6.02924	10	0	79.8614	34.9898	-40.2814	481.176	34.9898	-40.2814	481.176	
8650	60745	55.7485	194.576	49.273	-99999	-13.922	-0.989582	0	0	-228.271	-229.723	131.629	87.0738	810.099	822.338	-228.249	-228.507	-230.798	131.629	108.057	83.2352	810.099	817.413	825.437	6.41698	15	0	123.677	-13.8824	29.9735	759.035	-13.8824	29.9735	759.035	
8650	74427	329.953	670.791	329.371	-31.834	-39.96	-0.914709	1	1	-246.285	-98.0669	130.613	-122.763	-450.239	-593.402	-246.308	-181.839	-97.8453	130.855	-6.05287	-122.933	-450.144	-513.877	-593.516	4.92186	11	0	71.2365	-39.9259	-40.9906	-529.669	-39.9259	-40.9906	-529.669	
8650	59119	24.9512	74.8495	23.6841	-99999	73.758	-0.787596	0	0	-111.259	-97.055	132.24	113.325	-11.0181	-12.0938	-88.5654	-80.9686	-73.6062	132.791	122.903	112.862	-11.0006	-11.3908	-12.1442	12.9498	7	0	65.7792	73.787	74.8508	-20.9739	73.787	74.8508	-20.9739	
8650	73566	163.114	404.576	162.641	-99999	103.807	-0.578983	1	1	-358.321	-285.803	-12.9479	-91.2282	481.494	602.699	-358.659	-327.021	-285.966	-12.6754	-58.3181	-91.2282	481.151	540.802	602.699	6.79677	10	0	78.2047	103.814	-44.1862	532.685	103.814	-44.1862	532.685	
8650	49224	169.466	432.592	168.596	-99999	43.281	-0.970721	1	1	-121.189	-77.5049	133.015	-26.6567	-45.8247	-18.1127	-107.75	-90.3136	-63.7855	133.538	51.4218	-26.9424	-45.8451	-35.4445	-18.1173	28.5591	6	0	111.737	43.2968	-10.4712	-25.164	43.2968	-10.4712	-25.164	
8650	24031	276.025	643.235	274.066	-99999	1.034	-0.676924	1	1	-76.1094	-175.714	109.528	-47.9749	-892.562	-695.532	-75.6653	-127.31	-176.278	109.765	21.6063	-48.1682	-892.791	-800.305	-694.217	4.09067	11	0	80.3495	1.04983	7.0828	-765.356	1.04983	7.0828	-765.356	
8650	24676	190.027	464.449	188.099	89.3174	82.749	-0.915415	1	1	-170	-245.213	133.285	-36.7674	871.23	849.668	-169.873	-212.377	-245.601	133.603	49.243	-38.2531	871.278	862.963	849.465	5.57056	7	0	75.1645	82.7855	-2.54226	794.492	82.7855	-2.54226	794.492	
8650	10932	20.745	72.2901	20.3477	84.5451	78.028	-0.968772	1	1	-249.836	-246.888	131.106	112.052	802.138	808.024	-237.621	-236.667	-234.713	131.424	121.444	112.027	802.054	804.46	808.048	10.3949	19	0	67.369	78.0592	-11.7934	782.455	78.0592	-11.7934	782.455	
8650	55433	66.2989	225.448	64.3863	-99999	97.843	-0.894071	1	0	-112.564	-92.5546	133.445	74.9724	-372.548	-357.458	-81.8844	-70.9701	-61.7097	133.445	103.461	73.3515	-372.548	-363.583	-357.757	13.129	8	0	122.225	97.8609	54.1626	-366.626	97.8609	54.1626	-366.626	
8650	66879	49.3999	423.913	48.4385	-99999	114.518	-0.737753	0	0	-150.991	-143.938	130.344	100.883	369.786	333.575	-115.101	-112.419	-107.917	130.427	113.401	100.366	369.873	352.266	333.339	10.0463	20	0	349.94	-999999	-999999	-999999	-999999	-999999	-999999	
8650	72816	83.4406	216.544	82.3739	-99999	-37.856	-0.940059	1	0	-301.698	-280.916	127.051	48.8475	-106.143	-97.0422	-301.733	-295.851	-280.827	127.943	87.3171	48.8018	-106.415	-101.361	-97.0333	4.13203	11	0	72.2318	-37.8364	29.6707	-117.594	-37.8364	29.6707	-117.594	
8650	73555	89.6405	226.465	82.7685	-99999	115.176	-0.392075	0	0	-236.099	-205.021	132.224	105.207	-684.49	-613.046	-200.521	-183.92	-168.401	132.747	116.254	100.942	-685.584	-647.387	-609.826	5.8038	8	0	75.4415	115.217	29.3367	-626.244	115.217	29.3367	-626.244	
8650	10171	101.943	245.109	101.413	-99999	25.941	-0.656644	1	1	-356.373	-292.676	15.8731	-46.7621	352.135	399.295	-356.414	-326.799	-292.418	15.8731	-16.6086	-47.135	352.135	377.832	399.511	4.80968	12	0	74.3114	25.9391	-9.56939	369.272	25.9391	-9.56939	369.272	
8650	2488	88.4498	240.816	88.4406	-99999	102.623	-0.927007	1	0	-118.637	-94.0107	134.149	49.3242	274.926	271.16	-86.4577	-73.6804	-61.8318	134.149	91.8766	49.3242	274.926	273.152	271.16	6.57733	10	0	59.0375	102.641	19.1269	266.109	102.641	19.1269	266.109	
8650	2713	335.786	4274.58	335.251	-208.35	83.574	-0.909808	0	0	-243.823	-133.454	131.284	-139.894	513.111	356.246	-243.874	-202.527	-133.454	131.759	-11.205	-139.894	513.322	436.071	356.246	4.55927	10	0	64.6593	83.5991	27.0987	796.75	83.5991	27.0987	796.75	
8650	37901	91.7546	243.427	91.7512	-99999	109.046	-0.877428	0	0	-344.486	-296.287	131.869	54.2919	-210.129	-207.004	-344.657	-321.221	-296.458	131.869	92.5638	54.2919	-210.129	-207.528	-207.004	4.66987	6	0	75.7387	109.067	50.2764	-205.437	109.067	50.2764	-205.437	
8650	34080	134.451	338.984	133.782	-99999	79.066	-0.997182	1	0	-117.591	-141.656	133.082	2.35665	388.987	398.451	-92.7836	-100.487	-116.905	133.442	66.8991	2.05557	388.965	394.185	398.435	9.01759	6	0	79.7118	79.0526	26.0195	389.68	79.0526	26.0195	389.68	
8650	46204	46.4458	134.53	45.4345	-99999	-34.632	-0.960467	0	0	-242.958	-230.172	129.788	87.2659	778.899	787.8	-248.442	-241.768	-235.467	130.206	108.517	86.728	778.821	783.536	787.95	5.37458	13	0	73.1304	-29.1207	-24.5187	763.819	-29.1207	-24.5187	763.819	
8650	6087	136.982	332.155	133.605	-99999	72.922	-0.919601	1	0	-358.449	-315.149	-29.941	-154.425	158.124	174.429	-358.563	-334.448	-313.302	-29.941	-92.7217	-157.119	158.124	170.844	173.933	5.40709	6	0	77.9142	72.9499	-40.9502	162.433	72.9499	-40.9502	162.433	
8650	6267	320.351	726.045	319.576	28.335	22.304	-0.906413	1	1	-115.069	-243.453	132.702	-158.475	-463.157	-469.701	-114.855	-187.825	-243.553	133.172	-9.27026	-158.702	-463.14	-467.741	-469.722	6.72911	6	0	92.2914	22.336	-17.552	-462.967	22.336	-17.552	-462.967	
8650	33598	195.424	440.36	194.156	-99999	-31.388	-0.943351	1	1	-277.326	-320.624	130.597	-55.3438	-246.677	-218.165	-276.975	-291.509	-320.693	131.467	35.7889	-55.656	-246.809	-234.331	-218.153	4.68049	8	0	72.3392	-31.3659	-10.3169	-225.323	-31.3659	-10.3169	-225.323	
8650	61596	90.0765	235.572	90.0439	-99999	87.893	-0.778596	1	1	-175.513	-224.919	133.283	65.5965	-207.749	-240.65	-161.664	-186.2	-211.088	133.283	99.3785	65.5717	-207.749	-224.373	-240.661	4.72451	10	0	69.5477	87.9156	-46.2897	-298.33	87.9156	-46.2897	-298.33	
8650	65462	289.975	676.928	289.851	-99999	115.637	-0.977516	1	1	-204.436	-160.203	133.213	-149.173	-245.704	-218.348	-168.176	-148.852	-123.943	133.213	-8.62826	-149.173	-245.704	-223.599	-218.348	4.55932	6	0	79.9961	115.661	-36.8433	-230.42	115.661	-36.8433	-230.42	
8650	65867	226.756	578.997	226.752	-99999	92.284	-0.613251	1	1	-230.258	-99.7205	133.21	-4.10984	294.02	171.093	-201.321	-135.029	-70.7835	133.21	65.8855	-4.10984	294.02	231.646	171.093	11.2092	10	0	101.647	92.3218	2.55145	201.318	92.3218	2.55145	201.318	
8650	42797	389.971	873.887	388.13	-99999	87.463	-0.78276	1	1	-236.807	-151.776	132.48	-149.544	-182.788	-430.709	-209.382	-185.362	-123.769	132.48	-11.6444	-150.825	-182.788	-311.376	-431.89	5.45648	12	0	74.2898	87.4836	-39.1707	-342.169	87.4836	-39.1707	-342.169	
8650	42977	252.03	586.574	249.627	-99999	56.979	-0.976536	1	1	-225.935	-172.812	132.879	-101.468	-583.891	-635.827	-208.074	-180.774	-154.475	132.905	10.4563	-103.768	-583.889	-594.969	-636.043	5.20331	16	0	87.2201	57.0108	-24.9394	-598.641	57.0108	-24.9394	-598.641	
8650	43502	327.328	55191.9	323.533	-99999	42.242	-0.96775	1	1	-181.639	-138.788	132.268	-162.425	-107.979	-187.157	-168.465	-144.107	-125.338	132.715	-25.0574	-163.593	-107.89	-143.897	-188.509	13.2567	15	0	276.347	42.2608	-66.4824	-167.401	103.541	-40.2191	-107.244	
8650	45366	161.963	377.163	160.553	-99999	93.185	-0.444339	1	1	-155.423	-91.2161	133.579	57.7299	-631.696	-505.622	-126.451	-94.0465	-61.6006	133.791	95.2048	57.3646	-632.062	-568.689	-504.88	4.9089	7	0	56.9562	93.2013	42.1956	-536.5	93.2013	42.1956	-536.5	
8650	46199	189.048	409.268	188.955	-99999	52.096	-0.842435	1	1	-156.36	-225.545	131.198	-42.5931	581.741	568.057	-140.008	-182.664	-209.229	131.222	47.1935	-42.6484	581.749	577.834	568.052	4.81228	9	0	68.1758	52.1243	-4.47167	571.858	52.1243	-4.47167	571.858	
8650	15363	312.327	568.09	308.635	-99999	92.332	-0.994794	1	1	-280.665	-273.554	131.811	-170.301	-768.25	-798.603	-280.809	-265.02	-273.764	131.811	-20.7506	-171.03	-768.25	-791.596	-798.675	7.06373	6	0	76.5435	92.3432	-12.5111	-763.608	92.3432	-12.5111	-763.608	
8650	43613	177.979	535.303	177.931	-99999	80.508	-0.981671	1	1	-259.226	-284.454	127.247	-46.5816	-447.921	-427.833	-259.352	-272.869	-284.58	127.247	40.5237	-46.5816	-447.921	-433.477	-427.833	99.0324	8	0	191.588	84.5559	-87.9336	346.275	84.5559	-87.9336	346.275	
8650	7873	193.356	450.416	193.177	-99999	42.663	-0.563694	1	1	-351.775	-201.943	-54.7282	-168.761	823.573	866.553	-358.638	-283.03	-208.665	-54.6316	-110.621	-168.761	823.526	845.735	866.553	5.96589	11	0	59.0135	40.1761	-40.6022	-167.604	17.3961	20.8309	27.0347	
8650	1625	190.429	511.304	190.428	-99999	58.971	-0.620273	1	1	-71.1771	-220.949	107.165	2.36076	330.935	278.395	-61.8853	-136.333	-211.658	107.165	53.5321	2.36076	330.935	306.173	278.395	4.78805	8	0	48.3529	58.9483	-23.4348	278.34	58.9483	-23.4348	278.34	
8650	21228	119	272.903	118.438	70.4559	61.095	-0.985328	1	1	-238.116	-196.914	131.088	22.0609	-512.022	-521.858	-238.119	-224.611	-196.71	131.239	73.7955	21.731	-511.996	-518.427	-521.879	6.68663	6	0	68.0646	61.1281	7.52437	-515.264	61.1281	7.52437	-515.264	
8650	44828	353.375	1932.72	353.272	110.608	100.347	-0.823282	1	1	-288.46	-73.109	131.389	-125.986	136.109	29.976	-288.497	-179.869	-73.109	131.461	1.74587	-125.986	136.139	86.0715	29.976	18.7996	12	0	844.909	100.376	-60.1202	70.7128	100.376	-60.1202	70.7128	
8650	42672	53.3751	132.486	53.2486	-99999	106.311	-0.364348	1	1	-181.955	-228.065	125.669	103.461	865.989	851.52	-165.134	-188.265	-211.314	125.69	114.562	103.461	866.018	858.859	851.52	4.03268	8	0	53.8982	106.335	27.1785	796.021	106.335	27.1785	796.021	
8650	64459	307.018	2081.31	306.478	-20.3773	-26.144	-0.654971	1	1	-86.8222	-308.13	133.239	-56.981	107.093	197.028	-86.4661	-195.278	-308.13	133.582	35.3485	-56.981	106.91	152.168	197.028	5.75318	14	0	1091.73	-26.1057	-9.08152	167.837	-26.1057	-9.08152	167.837	
8650	12290	186.63	474.51	186.133	-99999	116.905	-0.933375	0	0	-235.279	-276.619	128.862	-43.9205	-453.887	-400.84	-235.403	-256.033	-276.897	129.047	42.1656	-44.193	-453.927	-427.004	-400.787	6.68559	8	0	98.1697	93.2709	-12.0178	653.064	-9.96906	-23.5879	636.497	
8650	45428	254.062	573.89	253.942	-99999	39.551	-0.986014	1	1	-358.245	-295.201	128.727	-115.201	-324.909	-306.914	-358.307	-332.19	-295.209	128.727	4.78888	-115.293	-324.909	-318.819	-306.882	6.01363	9	0	68.7339	39.563	-17.3811	-314.522	39.563	-17.3811	-314.522	
8650	61367	275.293	611.627	274.489	24.2644	18.456	-0.804241	1	1	-74.9751	-237.796	133.26	-84.3612	-564.527	-579.581	-74.5192	-160.174	-237.803	133.887	26.2311	-84.3788	-564.53	-564.205	-579.58	4.27176	7	0	71.4866	18.4772	6.03886	-569.404	18.4772	6.03886	-569.404	
8650	1076	201.672	498.836	201.666	-99999	-1.948	-0.9079	1	1	-270.751	-280.855	128.72	-49.5693	771.603	864.895	-270.748	-276.287	-280.852	128.72	38.7396	-49.5693	771.603	816.691	864.895	8.01983	15	0	58.6203	-0.388518	-30.9623	56.6908	-0.388518	-30.9623	56.6908	
8650	1481	404.001	927.722	402.536	78.9223	71.867	-0.677195	1	1	-105.564	-269.018	129.476	-113.415	213.024	482.426	-104.963	-181.36	-269.018	130.461	-8.06636	-113.415	212.134	337.502	482.426	5.62624	11	0	75.6775	71.9112	-17.3784	345.503	71.9112	-17.3784	345.503	
8650	12698	397.895	953.827	396.435	71.6892	66.36	-0.756794	1	1	-146.063	-256.024	131.618	-170.072	-515.386	-283.052	-145.664	-201.781	-256.024	132.717	-18.1405	-170.072	-516.247	-399.324	-283.052	12.4603	13	0	49.8398	66.3811	-23.7816	-390.899	66.3811	-23.7816	-390.899	
8650	63307	193.678	443.913	192.584	-99999	109.183	-0.563183	1	1	-190.431	-341.257	129.942	30.249	-683.089	-616.971	-206.798	-281.701	-358.46	130.563	78.5363	30.249	-683.419	-650.911	-616.971	7.85017	8	0	48.4983	109.217	25.413	-632.356	109.217	25.413	-632.356	
8650	9223	287.358	649.552	286.397	-99999	-15.692	-0.968626	1	1	-296.275	-297.353	130.751	-148	-447.16	-428.355	-296.251	-311.262	-297.291	130.751	-10.0309	-148.107	-447.16	-440.218	-428.324	5.07098	13	0	82.0713	-15.6594	-31.8265	-434.657	-15.6594	-31.8265	-434.657	
8650	41534	23.0763	131.193	22.9627	-99999	-47.718	-0.329737	0	0	-147.189	-157.385	131.59	122.441	504.707	487.036	-162.151	-167.995	-172.348	131.59	126.108	122.441	504.707	496.578	487.036	6.04052	22	0	126.09	48.7613	-43.9947	-723.172	48.7613	-43.9947	-723.172	
8650	45893	319.806	820.405	306.25	-99999	82.706	-0.991881	1	1	-156.326	-200.575	132.83	-169.209	108.011	85.3183	-130.392	-152.024	-179.268	132.83	-25.25	-180.826	108.011	98.0007	90.2968	4.02672	12	0	94.9046	82.7296	-25.8735	95.9329	82.7296	-25.8735	95.9329	
8650	17411	191.334	987.452	189.968	-35.378	-43.045	-0.908807	1	1	-244.532	-164.693	129.288	-11.8011	-483.777	-575.931	-244.645	-213.549	-164.693	130.52	49.5318	-11.8011	-483.224	-521.964	-575.931	5.58064	12	0	77.777	-43.0104	-2.89792	-537.302	-43.0104	-2.89792	-537.302	
8650	21820	63.2122	109.587	43.8639	-99999	-0.869	-0.656283	0	0	-61.8927	-94.5219	-130.263	-159.473	-349.371	-346.987	-62.1071	-85.6476	-108.538	-130.212	-151.22	-172.927	-349.376	-347.571	-346.09	5.32711	6	0	54.28	-0.841934	-78.7345	-336.276	-0.841934	-78.7345	-336.276	
8650	38302	250.623	590.01	249.891	-99999	-28.04	-0.54251	1	1	-358.643	-229.158	47.232	-87.0535	-220.572	-56.0472	-358.991	-292.606	-229.114	47.6291	-16.9486	-87.0535	-221.042	-136.734	-56.0472	5.64559	11	0	76.7483	-28.0275	-2.48717	-160.417	-28.0275	-2.48717	-160.417	
8650	39927	191.859	465.001	187.347	-99999	106.724	-0.931587	1	1	-228.301	-279.231	131.703	-44.8471	-731.409	-699.387	-228.429	-249.406	-281.23	131.809	40.1348	-48.8352	-731.424	-712.892	-699.512	4.27656	7	0	71.8317	106.744	-9.49062	-695.362	106.744	-9.49062	-695.362	
8650	41072	201.013	463.556	199.131	16.498	8.348	-0.973785	1	1	-223.327	-171.15	129.312	-42.6292	689.037	608.588	-223.384	-202.29	-171.056	130.956	37.9477	-42.7442	689.404	658.382	608.471	4.64138	12	0	73.0849	8.37362	-35.6235	675.388	8.37362	-35.6235	675.388	
8650	6493	184.761	406.07	182.126	-99999	69.125	-0.949946	1	1	-112.096	-83.6317	129.406	-46.6214	750.603	786.924	-90.7107	-76.1056	-61.8006	131.004	42.2375	-47.5457	750.143	771.012	787.03	7.92549	8	0	54.1047	69.1223	0.65788	773.271	69.1223	0.65788	773.271	
8650	39382	65.9086	159.321	65.8486	-99999	46.021	-0.939993	1	1	-196.73	-218.83	132.56	70.7734	-45.6651	-40.3122	-189.478	-200.689	-211.597	132.56	101.688	70.7177	-45.6651	-43.0333	-40.3088	14.6318	7	0	57.1016	46.0434	-34.5498	-21.4358	46.0434	-34.5498	-21.4358	
8650	63733	235.757	557.595	235.453	-99999	41.695	-0.777233	1	1	-213.685	-75.1138	132.993	-55.668	633.548	656.68	-200.638	-127.905	-61.8989	133.026	41.1761	-55.8835	633.544	646.361	656.695	4.11693	6	0	60.1265	41.7136	-45.141	637.989	41.7136	-45.141	637.989	
8650	19117	73.3111	198.807	72.5077	-99999	90.544	-0.918118	0	0	-351.934	-326.831	132.768	68.3635	855.94	875.393	-352.295	-342.998	-326.972	133.447	99.5447	68.3592	855.751	866.032	875.397	5.59511	15	0	73.2691	90.5636	49.8077	828.834	90.5636	49.8077	828.834	
8650	76157	254.167	565.843	253.656	-30.9638	-42.417	-0.889128	1	1	-219.472	-105.791	130.348	-55.5049	-542.359	-668.293	-219.548	-171.359	-105.778	130.693	30.7347	-55.526	-542.201	-602.42	-668.305	5.4832	12	0	71.7535	-42.4018	-12.984	-621.308	111.848	61.8446	-631.123	
8650	76172	44.0631	139.409	42.9582	-99999	0.702	-0.683809	1	0	-136.047	-105.743	132.765	103.551	-221.366	-212.885	-136.613	-121.063	-105.523	133.52	118.4	103.551	-221.543	-217.681	-212.885	4.1658	11	0	85.644	0.729143	47.818	-223.443	0.729143	47.818	-223.443	
8650	65841	294.622	2560.8	293.974	-288.217	36.288	-0.827199	1	1	-150.921	-215.555	132.795	-122.754	417.621	545.18	-150.783	-186.275	-215.596	133.226	7.16032	-122.823	417.376	484.111	545.242	5.48207	13	0	71.1374	36.3062	-30.48	578.307	36.3062	-30.48	578.307	
8650	16286	342.764	832.112	342.242	-99999	22.974	-0.924147	1	1	-322.81	-280.073	129.422	-134.388	-881.215	-670.462	-322.856	-302.922	-280.108	129.9	0.0285834	-134.388	-881.401	-772.085	-670.462	6.61275	15	0	76.5241	22.9743	-8.99504	-739.983	22.9743	-8.99504	-739.983	
8650	63545	538.944	1094.06	480.071	-99999	64.889	-0.974641	1	1	-251.967	-226.31	134.643	-169.586	610.491	274.625	-251.622	-243.755	-223.294	137.114	-17.5649	-172.149	610.786	419.715	270.682	8.81892	6	0	90.8625	64.9147	-30.5777	441.733	64.9147	-30.5777	441.733	
8650	45123	155.269	376.053	153.505	-99999	35.505	-0.895701	1	1	-224.194	-284.551	129.977	-6.6625	-125.014	-92.3992	-224.07	-256.444	-284.827	130.352	61.3679	-7.95728	-125.065	-110.665	-92.1253	5.14517	12	0	71.964	35.5256	0.783225	-104.148	35.5256	0.783225	-104.148	
8650	15427	311.233	765.057	308.616	46.8985	41.144	-0.824755	1	1	-109.201	-252.543	132.35	-120.435	-739.938	-640.313	-108.719	-174.775	-253.081	133.184	1.61565	-121.835	-740.259	-690.088	-639.782	4.28302	15	0	73.1725	41.1696	-12.8941	-668.056	41.1696	-12.8941	-668.056	
8650	14347	135.691	5867.14	135.631	-99999	49.119	-0.966223	1	1	-265.171	-283.03	130.334	4.10887	385.672	425.543	-265.247	-275.231	-283.107	130.334	64.5848	4.10887	385.672	398.869	425.543	7.25141	8	0	2676.99	49.1375	-15.2366	220.441	49.1375	-15.2366	220.441	
8650	51499	274.383	653.31	272.906	39.5034	32.924	-0.967513	1	1	-274.375	-168.676	130.479	-119.839	104.605	108.593	-274.7	-220.602	-168.67	131.882	5.98566	-119.846	104.746	104.343	108.592	4.21928	10	0	101.524	32.9488	-22.0091	104.305	32.9488	-22.0091	104.305	
8650	72864	305.38	672.664	305.043	-99999	109.487	-0.988453	1	1	-319.608	-317.591	131.56	-171.514	-302.775	-336.08	-319.78	-320.932	-317.747	131.56	-20.1115	-171.827	-302.775	-319.455	-336.117	4.99294	8	0	53.249	109.497	-26.6383	-318.883	109.497	-26.6383	-318.883	
8650	72999	274.314	599.636	272.562	-99999	5.271	-0.719868	1	1	-149.867	-319.216	129.904	-72.6022	32.2043	94.5406	-149.373	-240.992	-319.453	130.438	33.0282	-73.5629	32.0612	61.6084	94.5174	5.98352	10	0	73.2673	5.3056	-16.9787	64.5274	5.3056	-16.9787	64.5274	
8650	10578	256.867	11710.4	254.772	14.0244	6.937	-0.744467	1	1	-261.526	-112.211	129.421	-44.09	248.632	152	-261.796	-187.016	-112.211	129.778	41.1037	-44.09	248.842	198.563	152	7.62621	14	0	168.454	6.9538	-21.9322	182.005	6.9538	-21.9322	182.005	
8650	50699	338.676	966.163	338.462	30.6205	29.627	-0.716262	1	1	-128.382	-343.339	133.212	-110.911	255.703	343.887	-128.272	-234.316	-343.339	133.343	12.4952	-110.911	255.636	308.025	343.887	4.2303	12	0	80.2011	29.6652	-47.2345	328.427	29.6652	-47.2345	328.427	
8650	48679	186.082	470.313	184.787	-99999	27.364	-0.947241	1	1	-177.481	-113.709	129.089	-42.118	106.937	124.373	-169.1	-140.661	-104.844	129.807	42.3545	-42.5672	106.798	120.697	124.341	5.38491	8	0	97.1769	27.3915	-16.8793	126.305	27.3915	-16.8793	126.305	
8650	37949	72.2193	232.562	71.2686	-99999	9.22	-0.712723	0	0	-284.959	-329.566	130.622	79.1608	414.416	424.777	-284.649	-308.253	-329.795	130.911	103.674	78.9576	414.445	413.18	425.112	14.9945	20	0	125.297	2.58275	-30.5353	-71.5554	2.58275	-30.5353	-71.5554	
8650	61768	132.579	250.349	131.75	-99999	18.896	-0.912615	1	0	-326.586	-344.607	127.413	7.45545	10.3746	60.5742	-326.578	-335.4	-344.807	127.672	67.1181	6.97419	10.2593	35.5974	60.6989	4.24329	11	0	59.2651	18.9191	65.2592	-32.8862	18.9191	65.2592	-32.8862	
8650	14143	189.954	448.273	187.462	127.354	109.599	-0.769131	1	1	-215.004	-95.6119	130.966	28.9201	623.61	525.868	-215.451	-158.573	-95.5048	131.911	72.3339	28.8366	624.211	581.618	525.751	5.29717	13	0	74.2942	109.606	12.3184	561.548	109.606	12.3184	561.548	
8650	38759	54.7183	152.319	54.6657	-510.31	-35.435	-0.656496	0	0	-233.701	-192.106	131.231	98.0589	364.704	353.391	-233.701	-213.525	-192.106	131.231	114.184	98.0589	364.704	357.644	353.391	5.79062	11	0	64.9686	-999999	-999999	-999999	-999999	-999999	-999999	
8650	25120	22.4185	53.7597	21.5445	-99999	58.324	-0.959731	1	1	-212.999	-219.81	132.146	111.805	-805.856	-807.83	-203.581	-206.99	-210.621	132.987	122.359	111.805	-805.799	-806.795	-807.83	4.27063	9	0	46.7177	58.3593	-26.3736	-781.033	58.3593	-26.3736	-781.033	
8650	4136	261.023	612.136	256.799	-99999	55.237	-0.574031	1	1	-231.183	-240.692	131.384	-17.3253	-785.495	-577.101	-231.27	-236.032	-241.309	131.384	55.7258	-19.6815	-785.495	-679.454	-573.661	4.83194	15	0	108.274	55.2704	2.10509	-647.782	55.2704	2.10509	-647.782	
8650	9398	267.296	622.776	265.862	-99999	41.615	-0.980108	1	1	-295.241	-202.55	129.803	-115.498	401.479	359.028	-301.949	-256.396	-208.919	130.63	7.18684	-116.051	401.521	379.076	358.977	4.87217	6	0	49.0743	41.6439	-8.96594	383.116	41.6439	-8.96594	383.116	
8650	9728	350.839	878.485	341.526	44.0194	37.563	-0.904041	1	1	-199.636	-217.533	132.356	-149.186	496.662	687.352	-199.957	-204.823	-218.263	134.752	-12.6392	-153.829	495.577	589.659	691.135	10.7074	14	0	72.9895	37.5919	-30.9877	596.145	37.5919	-30.9877	596.145	
8650	59803	63.7223	205.316	63.6872	-99999	-16.017	-0.390595	1	0	-355.775	-312.328	-81.1185	-109.99	406.112	441.609	-355.75	-333.107	-312.303	-81.1185	-95.6865	-109.99	406.112	423.026	441.609	12.9864	13	0	101.588	-16.0139	-79.79	417.803	-16.0139	-79.79	417.803	
8650	6526	141.92	732.589	141.919	-99999	22.321	-0.577388	1	1	-175.349	-112.485	129.325	51.647	-874.959	-774.227	-168.35	-137.407	-105.486	129.325	89.8929	51.647	-874.959	-824.736	-774.227	14.2509	10	0	409.822	22.3422	19.0875	-736.069	22.3422	19.0875	-736.069	
8650	36947	176.281	446.372	174.106	-99999	35.929	-0.974652	1	1	-179.995	-136.872	132.497	-34.7718	-857.152	-840.897	-168.899	-149.66	-125.177	133.18	47.68	-36.1677	-857.201	-849.73	-840.891	10.1216	8	0	96.1439	35.9508	3.04565	-801.545	35.9508	3.04565	-801.545	
8650	37397	117.569	282.848	116.848	-99999	-31.798	-0.690725	1	1	-358.424	-274.701	49.5631	-27.2303	698.399	674.57	-358.862	-317.285	-274.651	50.0613	10.881	-27.2303	698.542	684.777	674.57	7.81473	7	0	63.794	-31.7948	-0.0795026	686.06	-31.7948	-0.0795026	686.06	
8650	5371	142.119	358.327	139.829	55.2275	43.138	-0.916102	1	1	-242.532	-158.202	130.763	27.4748	-741.93	-768.11	-242.532	-202.983	-156.836	130.763	71.9906	26.0288	-741.93	-744.263	-769.227	4.59263	12	0	85.3816	43.1634	16.5845	-736.024	43.1634	16.5845	-736.024	
8650	37752	99.4427	266.629	97.9154	-99999	-17.919	-0.857012	0	0	-285.743	-275.474	127.3	34.7489	-572.791	-544.039	-285.669	-281.465	-275.398	128.433	82.4674	34.5486	-573.458	-555.435	-544.007	5.10665	9	0	80.59	113.601	28.3921	-559.036	113.601	28.3921	-559.036	
8650	59422	130.872	352.502	130.866	-99999	-43.998	-0.303729	1	1	-201.662	-204.772	127.573	83.2875	163.054	286.087	-208.595	-209.992	-211.705	127.573	105.167	83.2875	163.054	224.482	286.087	4.43407	6	0	45.4828	-43.9269	-25.3845	553.475	-43.9269	-25.3845	553.475	
8650	59602	122.495	276.671	120.795	34.6488	25.554	-0.968938	1	1	-232.923	-179.723	129.751	22.9132	315.211	304.737	-233.048	-210.65	-179.086	130.439	73.9591	22.1586	315.319	309.088	304.697	4.24833	7	0	75.4623	25.5816	4.04858	312.411	25.5816	4.04858	312.411	
8650	4886	313.681	1322.37	312.28	-99999	42.646	-0.918849	1	1	-211.082	-254.366	130.061	-159.82	124.304	231.27	-211.149	-232.841	-254.56	130.061	-15.2004	-161.182	124.304	179.205	231.521	19.3839	12	0	131.798	42.6595	-26.2714	185.802	42.6595	-26.2714	185.802	
8650	53564	36.9731	111.01	36.3397	-99999	83.413	-0.852521	0	0	-107.684	-123.019	132.541	102.342	-734.269	-746.939	-81.3069	-89.917	-96.8639	133.089	118.39	102.342	-734.064	-741.174	-746.939	5.7786	10	0	72.0125	83.4271	56.1275	-751.545	83.4271	56.1275	-751.545	
8650	53684	326.188	686.186	324.998	61.7168	52.556	-0.932755	1	1	-272.99	-152.037	129.739	-158.673	260.393	175.915	-273.259	-215.263	-152.037	130.842	-14.4874	-158.673	260.72	215.177	175.915	4.56559	9	0	71.5748	52.5883	-27.3888	215.898	52.5883	-27.3888	215.898	
8650	53954	393.812	1000.26	392.414	101.152	95.665	-0.796382	1	1	-70.7681	-307.105	133.591	-170.828	-855.541	-782.685	-70.051	-191.705	-307.188	134.58	-16.5034	-170.947	-855.726	-821.953	-782.649	4.19671	10	0	105.425	95.7041	-9.63114	-780.508	95.7041	-9.63114	-780.508	
8650	53954	62.2537	143.184	61.2716	-99999	-31.049	-0.868473	1	0	-296.401	-327.232	126.286	73.8369	-103.604	-96.9981	-296.234	-311.531	-327.587	126.496	99.5628	73.2409	-103.632	-100.859	-96.8431	5.19809	9	0	59.8151	-31.0159	55.866	552.456	-31.0159	55.866	552.456	
8650	25227	157.78	385.845	156.06	-99999	105.587	-0.976252	1	1	-308.025	-334.208	129.697	-21.755	-286.152	-263.505	-308.05	-319.345	-334.953	130.285	53.289	-22.693	-286.186	-273.639	-263.571	7.81127	6	0	86.9643	105.611	8.18074	-273.907	105.611	8.18074	-273.907	
8650	72770	98.3508	256.83	97.4519	-99999	61.5	-0.938741	1	0	-328.154	-345.003	129.987	44.9891	587.853	621.06	-328.24	-338.032	-345.122	130.019	83.0649	44.531	587.85	597.967	621.686	7.47961	10	0	87.8669	61.5051	49.9355	606.927	61.5051	49.9355	606.927	
8650	41546	156.967	375.459	156.642	-99999	-7.282	-0.80817	0	0	-352.663	-259.979	5.83319	-113.896	707.173	739.769	-352.824	-313.124	-259.968	6.09273	-59.8404	-113.896	707.097	722.277	739.769	5.66551	11	0	90.3892	29.9616	-38.2906	724.015	29.9616	-38.2906	724.015	
8650	41666	336.452	3975.77	336.319	39.0077	29.762	-0.773912	1	1	-75.2561	-228.434	133.532	-128.671	561.481	705.022	-75.2166	-155.624	-228.445	133.598	5.4883	-128.689	561.444	634.881	705.029	6.66349	7	0	79.5561	29.8036	1.80319	623.404	29.8036	1.80319	623.404	
8650	42211	227.154	710.606	226.909	-99999	0.658	-0.640294	0	0	-234.84	-321.053	131.283	-12.1218	-411.355	-258.309	-234.711	-279.181	-321.054	131.434	58.7239	-12.1218	-411.495	-336.535	-258.309	39.2779	14	0	80.0429	1.00906	-39.1105	485.525	112.919	-29.9023	-591.441	
8650	53985	85.4222	197.408	84.5992	-99999	55.712	-0.605166	0	0	-184.326	-187.656	134.388	98.9904	-416.947	-340.678	-166.847	-170.285	-170.201	134.525	114.926	98.8367	-417.126	-379.596	-340.109	5.91803	7	0	64.0927	55.7272	28.0697	-371.41	55.7272	28.0697	-371.41	
8650	7294	280.955	699.764	280.615	-99999	62.207	-0.985197	1	1	-109.379	-81.4292	133.37	-143.886	-221.627	-189.099	-89.9345	-74.1897	-61.9233	133.696	-4.96284	-143.886	-221.648	-205.652	-189.099	4.26475	6	0	57.5471	62.2189	-38.6386	-183.911	62.2189	-38.6386	-183.911	
8650	7459	311.408	735.901	297.998	63.26	56.536	-0.885954	1	1	-177.175	-273.32	123.045	-153.211	885.026	838.952	-175.334	-218.384	-273.605	134.622	-10.813	-153.875	889.516	856.678	839.046	7.51972	7	0	96.3157	56.5622	-36.201	790.087	56.5622	-36.201	790.087	
8650	54374	424.373	1059.76	424.025	-99999	48.524	-0.509079	1	1	-224.549	-76.9604	131.231	-63.7526	-529.219	-182.851	-209.43	-136.262	-61.745	131.41	33.6278	-63.7526	-529.499	-356.014	-182.851	16.9841	8	0	66.1824	48.5556	-19.0682	-297.492	48.5556	-19.0682	-297.492	
8650	68778	388.638	834.495	387.853	-32.0255	-42.601	-0.714522	1	1	-217.372	-115.945	131.309	-160.958	-297.429	-528.234	-217.372	-170.916	-115.96	131.309	-17.3859	-161.338	-297.429	-411.682	-528.581	6.81127	17	0	81.4081	-42.5648	-36.1636	-432.123	-42.5648	-36.1636	-432.123	
8650	57287	43.5239	133.833	43.3449	-99999	-10.671	-0.76401	0	0	-253.573	-225.947	131.067	101.006	145.465	157.173	-255.237	-240.954	-227.53	131.067	114.995	100.917	145.465	148.645	157.281	4.88058	14	0	77.142	-10.6568	30.1918	153.438	-10.6568	30.1918	153.438	
8650	26607	20.4921	51.2037	19.9964	-99999	49.763	-0.941306	1	1	-212.236	-219.327	132.41	113.83	672.891	674.932	-204.395	-207.953	-211.669	132.41	122.863	113.374	672.891	673.934	674.988	4.27646	8	0	50.2752	49.7856	-41.9109	688.264	49.7856	-41.9109	688.264	
8650	40486	123.205	285.972	122.621	-99999	60.934	-0.972164	1	1	-105.347	-81.063	129.721	10.1984	142.04	154.569	-86.3501	-73.8928	-61.9563	130.288	70.3344	10.1984	141.973	148.688	154.569	4.58715	9	0	49.5607	60.9379	-15.1302	160.982	60.9379	-15.1302	160.982	
8650	71633	377.029	1052.8	376.711	-99999	57.158	-0.393114	1	1	-70.7827	-221.228	-1.10175	-156.704	543.296	234.997	-61.6395	-136.155	-212.222	-0.980471	-79.8079	-156.704	543.554	389.383	234.997	4.12789	14	0	49.426	57.1936	-47.8899	412.889	57.1936	-47.8899	412.889	
8650	71858	173.697	729.464	171.726	85.7808	73.977	-0.877424	1	1	-251.533	-142.698	130.308	-2.12052	-592.903	-594.756	-251.744	-198.172	-142.059	130.707	62.5557	-3.47483	-592.92	-593.885	-594.569	12.1239	8	0	303.127	73.9811	-33.0028	-589.728	73.9811	-33.0028	-589.728	
8650	49551	405.658	959.622	404.754	-99999	109.535	-0.56236	1	1	-243.191	-114.535	128.158	-100.436	22.0172	326.968	-208.845	-132.451	-79.8892	128.158	13.6216	-100.768	22.0172	170.817	327.742	15.8294	7	0	91.9031	109.569	-41.3008	221.58	109.569	-41.3008	221.58	
8650	58608	262.117	602.751	260.656	65.6614	59.595	-0.907222	1	1	-159.578	-220.473	133.528	-101.705	630.635	538.251	-159.536	-193.281	-220.646	133.681	18.2112	-102.955	630.69	578.88	538.057	4.60769	7	0	79.0123	59.6262	-20.9878	570.693	59.6262	-20.9878	570.693	
8650	9019	93.1296	361.152	92.283	-99999	-18.496	-0.980033	1	0	-107.755	-89.2946	129.493	40.0406	645.19	655.596	-113.727	-103.83	-95.0943	130.317	85.0327	40.0406	645.188	648.809	655.596	10.7869	10	0	183.405	-18.4807	33.4274	650.092	-18.4807	33.4274	650.092	
8650	57500	323.488	761.018	322.549	61.9214	54.978	-0.829347	1	1	-129.526	-292.983	132.98	-138.592	-375.518	-430.365	-129.399	-212.907	-293.28	133.207	-0.377116	-139.181	-375.44	-411.168	-430.33	6.95192	8	0	96.2915	55.0127	-26.3961	-411.048	55.0127	-26.3961	-411.048	
8650	20540	290.792	688.952	290.313	-99999	108.947	-0.968845	1	1	-186.87	-242.121	133.592	-137.745	-266.158	-349.963	-152.674	-177.08	-207.959	134.05	-1.71316	-137.745	-266.055	-311.486	-349.963	4.39906	11	0	68.4468	108.98	-25.5822	-304.445	108.98	-25.5822	-304.445	
8650	68300	30.5263	106.347	30.0499	-99999	102.796	-0.759968	0	0	-358.283	-342.697	127.686	104.922	-101.955	-90.073	-358.444	-350.441	-342.608	127.686	116.041	104.572	-101.955	-96.1924	-89.8698	5.33323	11	0	72.8885	102.81	47.3556	-100.086	102.81	47.3556	-100.086	
8650	24054	304.582	688.072	303.206	103.592	96.041	-0.933731	1	1	-256.593	-120.522	129.662	-126.433	407.281	323.898	-256.798	-198.456	-120.373	130.706	-4.14155	-126.623	407.605	368.091	323.815	5.32081	11	0	73.2355	96.074	-29.861	345.355	96.074	-29.861	345.355	
8650	35852	324.324	810.036	324.026	10.3738	3.8	-0.926989	1	1	-199.381	-216.053	132.74	-168.84	-853.217	-736.464	-199.375	-204.701	-216.053	132.985	-17.7231	-168.84	-853.316	-793.821	-736.464	4.3467	15	0	44.4794	11.9932	-17.137	119.393	11.9932	-17.137	119.393	
8650	73417	149.583	360.296	149.099	-99999	89.994	-0.78669	1	1	-130.533	-224.572	133.807	19.5279	-185.986	-168.128	-116.354	-164.01	-210.681	133.807	76.7651	19.1501	-185.986	-177.783	-168.046	7.56004	7	0	71.6289	90.029	-38.2346	-165.28	90.029	-38.2346	-165.28	
8650	73522	323.505	1919.55	322.037	-99999	3.608	-0.82011	1	1	-179.612	-260.769	129.736	-135.348	611.341	770.713	-179.454	-210.441	-260.981	130.402	-5.98758	-135.795	610.901	691.609	771.084	5.399	12	0	71.8259	-1.14294	-55.2913	-16.5921	-32.0429	-36.9593	206.648	
8650	11149	218.882	499.644	217.875	-99999	58.739	-0.970796	1	1	-305.673	-286.316	126.903	-85.0285	293.124	272.802	-305.788	-290.368	-286.453	127.303	20.7441	-85.3573	293.221	274.189	272.868	5.78217	11	0	63.303	62.6036	-69.0788	-641.27	-9.69639	-11.93	-414.537	
8650	39571	99.865	187.121	99.8468	-846.543	15.773	-0.998252	0	0	-214.347	-203.088	131.082	32.5011	46.538	44.2114	-214.347	-207.968	-203.088	131.082	81.6615	32.5011	46.538	48.7712	44.2114	4.08534	9	0	49.9161	23.8036	11.2752	801.708	23.8036	11.2752	801.708	
8650	67043	298.592	699.481	298.56	-99999	48.523	-0.750893	1	1	-315.292	-333.363	130.003	-75.0161	-822.996	-611.581	-315.368	-333.712	-333.439	130.003	22.0955	-75.0161	-822.996	-721.909	-611.581	14.8426	14	0	106.541	48.5491	0.487576	-698.104	48.5491	0.487576	-698.104	
8650	71508	116.082	307.251	115.144	-99999	11.978	-0.9203	1	0	-251.353	-217.045	130.713	31.6866	-142.83	-96.8829	-251.491	-232.428	-217.064	131.572	81.4741	31.6866	-143.172	-121.591	-96.8829	7.57256	13	0	89.5306	12.0021	8.74468	-119.628	12.0021	8.74468	-119.628	
8650	23712	299.733	644.521	299.652	-99999	34.275	-0.932756	1	1	-354.049	-340.082	81.316	-115.263	-522.835	-305.214	-354.103	-354.464	-340.136	81.316	-21.2572	-115.263	-522.835	-417.02	-305.214	5.86355	15	0	75.375	34.3098	-31.2644	-397.817	34.3098	-31.2644	-397.817	
8650	12679	341.093	866.821	341.086	78.1316	69.932	-0.899223	1	1	-111.327	-239.827	133.631	-155.435	304.065	423.735	-111.327	-176.072	-239.827	133.631	-16.5565	-155.435	304.065	352.221	423.735	8.88605	6	0	87.4354	69.9587	-20.1964	354.004	69.9587	-20.1964	354.004	
8650	40536	158.762	361.654	157.811	-99999	28.427	-0.459761	1	1	-237.038	-310.263	131.756	62.0146	-666.489	-546.573	-237.082	-269.719	-310.916	131.756	97.328	61.7222	-666.489	-603.036	-545.908	5.60001	12	0	65.7132	28.4503	31.4768	-586.095	28.4503	31.4768	-586.095	
8650	40836	176.472	417.128	175.95	-99999	46.77	-0.876026	1	1	-306.659	-217.805	130.53	-10.0998	399.537	454.585	-306.769	-266.05	-217.72	130.654	58.9512	-10.433	399.478	430.035	454.667	4.83919	11	0	76.8517	46.8015	13.764	423.158	46.8015	13.764	423.158	
8650	35289	265.731	622.99	265.25	-99999	116.45	-0.884525	1	1	-226.587	-98.473	131.102	-99.2018	353.931	383.821	-190.072	-126.193	-61.726	131.102	15.5356	-99.6161	353.931	368.545	383.874	4.34869	7	0	44.3638	116.468	-43.2957	369.587	116.468	-43.2957	369.587	
8650	4664	113.085	258.776	113.005	27.5741	26.084	-0.964997	1	0	-203.08	-226.115	132.553	26.1235	294.379	322.689	-203.08	-212.775	-226.115	132.553	79.0134	26.1235	294.379	308.806	322.689	5.66768	8	0	56.7665	26.1066	1.61273	324.697	26.1066	1.61273	324.697	
8650	4769	203.344	518.057	201.748	-99999	87.377	-0.707041	1	1	-236.824	-89.6145	130.688	-6.10604	762.416	745.243	-210.154	-136.374	-61.8004	131.428	62.0126	-6.45232	762.487	753.892	745.141	4.76716	7	0	67.5786	87.3895	-21.1481	439.235	87.3895	-21.1481	439.235	
8650	36699	284.431	743.112	282.493	-34.4213	-45.147	-0.950661	1	1	-229.405	-104.363	129.778	-113.598	-266.223	-331.423	-229.94	-165.782	-104.363	131.602	7.8397	-113.598	-265.988	-292.705	-331.423	21.3994	6	0	183.383	-45.122	-39.8614	-313.318	-45.122	-39.8614	-313.318	
8650	18972	64.0311	178.779	63.6216	-99999	103.219	-0.722382	1	0	-238.21	-283.688	128.654	84.8909	185.041	190.04	-238.35	-261.385	-284.036	128.689	106.504	84.602	185.037	185.949	190.09	4.62278	8	0	79.1476	103.253	38.592	189.644	103.253	38.592	189.644	
8650	43672	184.645	306.165	184.37	-99999	88.033	-0.811879	1	1	-234.919	-231.981	132.181	-2.40392	-179.14	-270.401	-207.317	-204.067	-204.377	132.212	59.5834	-2.40392	-179.118	-210.131	-270.401	5.59878	14	0	76.7069	88.0631	-3.78532	-253.53	88.0631	-3.78532	-253.53	
8650	24027	173.635	449.276	172.501	-99999	116.182	-0.914252	1	1	-339.781	-251.711	130.731	-16.9616	-173.445	-163.632	-340.044	-297.791	-251.361	130.923	55.5051	-17.7141	-173.463	-166.177	-163.586	4.0201	6	0	54.8267	116.209	15.7219	-170.625	116.209	15.7219	-170.625	
8650	11719	239.562	5463.83	237.887	43.3268	35.628	-0.899564	1	1	-275.055	-190.276	130.274	-68.5607	689.749	595.448	-275.263	-234.443	-190.276	131.757	33.325	-68.5607	690.43	636.104	595.448	10.5983	7	0	86.3657	35.652	-9.93535	629.984	35.652	-9.93535	629.984	
8650	28065	348.307	850.074	347.232	168.632	38.554	-0.816841	0	0	-164.444	-322.755	125.702	-165.802	-885.713	-786.337	-164.087	-244.13	-322.895	126.293	-20.7078	-166.07	-885.93	-839.32	-786.195	6.50554	10	0	79.0813	-999999	-999999	-999999	-999999	-999999	-999999	
8650	70695	70.1787	238.279	67.3914	-99999	62.743	-0.640819	0	0	-248.568	-261.365	131.711	90.3626	823.053	874.479	-248.654	-255.07	-262.214	131.73	109.691	88.5645	823.033	849.441	876.338	9.44523	14	0	103.168	-999999	-999999	-999999	-999999	-999999	-999999	
8650	56260	322.986	727.217	322.981	-99999	55.01	-0.983849	1	1	-286.937	-201.381	131.291	-149.828	-332.516	-199.671	-295.605	-254.213	-210.048	131.291	-9.5036	-149.828	-332.516	-266.2	-199.671	6.45654	13	0	45.2049	52.7864	-6.76449	306.993	52.7864	-6.76449	306.993	
8650	73458	52.1264	160.576	52.1246	-99999	-46.094	-0.531605	0	0	-190.57	-155.202	129.267	96.687	230.049	210.436	-205.023	-188.244	-169.656	129.267	112.912	96.687	230.049	218.743	210.436	7.63419	7	0	88.5808	-46.0677	30.4319	211.975	-46.0677	30.4319	211.975	
8650	15539	189.036	415.077	187.112	-99999	75.858	-0.984026	1	1	-304.157	-293.195	125.941	-55.884	-832.862	-801.977	-304.256	-300.437	-293.174	126.773	35.181	-56.8464	-833.003	-816.948	-801.958	9.66332	6	0	103.301	75.8742	5.32597	-780.997	75.8742	5.32597	-780.997	
8650	14494	355.094	802.211	354.249	-22.3119	-30.609	-0.789523	1	1	-259.149	-169.498	131.212	-92.0154	210.631	-47.2627	-259.171	-218.014	-169.446	131.755	15.6964	-92.0807	211.035	83.4647	-47.3936	7.18812	15	0	77.9395	-30.5694	-19.7841	63.7473	-30.5694	-19.7841	63.7473	
8650	23557	244.769	759.784	210.684	70.1535	76.938	-0.726689	1	1	-62.9622	-204.625	81.6976	-73.2451	-8.6127	6.0755	-62.7112	-145.814	-219.466	81.9633	-7.34317	-102.969	-8.65173	-0.13331	4.38554	101.37	7	0	378.681	76.9731	-26.3905	-4.12005	76.9731	-26.3905	-4.12005	
8650	40969	182.869	432.584	181.77	-99999	5.597	-0.836136	1	1	-185.517	-102.398	132.479	-26.3218	-473.993	-446.953	-183.782	-141.337	-100.074	132.51	53.5341	-27.2122	-474.003	-456.497	-446.909	4.74591	6	0	76.2456	5.61637	-3.58876	-450.918	5.61637	-3.58876	-450.918	
8650	33182	107.438	395.605	100.505	-99999	12.457	-0.514341	1	1	-67.5364	-128.335	83.6038	30.5618	770.421	830.274	-61.5163	-94.1038	-125.84	85.3998	57.0448	28.5627	768.309	800.236	832.681	7.91428	8	0	186.596	12.4911	49.7411	780.451	12.4911	49.7411	780.451	
8650	15920	199.82	526.718	199.817	-99999	0.243	-0.92473	1	1	-318.933	-246.137	129.754	-49.3562	726.363	775.971	-318.933	-284.553	-246.137	129.754	39.5341	-49.3562	726.363	751.381	775.971	4.8521	11	0	116.525	0.26961	-22.5268	748.223	0.26961	-22.5268	748.223	
8650	28060	271.169	658.369	270.711	-99999	106.054	-0.379586	1	1	-205.417	-95.2061	132.487	25.585	-562.383	-339.447	-172.206	-117.672	-61.809	132.527	78.8216	25.4539	-562.469	-450.565	-339.152	4.11858	10	0	59.0892	106.086	26.4073	-368.562	106.086	26.4073	-368.562	
8650	15289	181.414	421.928	180.627	-99999	12.77	-0.910079	1	1	-287.497	-326.121	130.928	-33.3187	-509.169	-455.214	-287.393	-315.383	-326.341	131.213	46.937	-33.6874	-509.211	-493.509	-455.029	6.25084	9	0	74.6919	11.0968	-45.1624	-496.042	11.0968	-45.1624	-496.042	
8650	75058	281.84	667.934	280.735	119.178	108.096	-0.935011	1	1	-253.293	-111.747	130.804	-108.79	-366.299	-376.233	-253.369	-184.543	-111.376	131.01	8.26554	-109.583	-366.31	-361.691	-376.306	5.86196	9	0	97.6508	108.129	-33.1607	-366.001	108.129	-33.1607	-366.001	
8650	32415	345.615	767.732	345.207	-99999	43.759	-0.91759	1	1	-288.528	-223.997	131.145	-167.921	-816.154	-658.65	-288.602	-253.384	-224.065	131.513	-17.3388	-167.921	-816.309	-736.418	-658.65	4.39336	12	0	66.7407	43.7937	-11.1504	-713.209	43.7937	-11.1504	-713.209	
8650	32850	337.013	789.945	330.494	29.0499	22.158	-0.929429	1	1	-183.629	-218.97	130.728	-171.69	-695.922	-567.966	-183.433	-200.341	-219.028	132.922	-21.0969	-175.791	-696.771	-630.591	-567.401	5.56046	14	0	92.3068	22.1871	-26.1145	-616.586	22.1871	-26.1145	-616.586	
8650	15934	271.122	637.758	271.111	-99999	32.767	-0.97741	1	1	-215.572	-238.675	129.064	-139.711	-608.414	-607.066	-215.623	-238.128	-238.726	129.064	-4.55893	-139.711	-608.414	-606.032	-607.066	5.02242	7	0	69.3576	32.7931	-26.249	-603.477	32.7931	-26.249	-603.477	
8650	49619	267.132	605.047	265.218	70.0101	61.908	-0.964988	1	1	-232.899	-112.965	130.015	-104.29	-569.267	-550.13	-233.1	-177.797	-112.71	130.96	10.5005	-105.177	-569.409	-557.242	-550.025	5.21684	8	0	80.2438	61.9333	-31.9509	-431.283	61.9333	-31.9509	-431.283	
8650	6866	280.379	661.632	279.754	114.583	106.687	-0.965186	1	1	-264.652	-183.26	129.619	-127.488	318.407	247.165	-264.677	-229.845	-183.176	129.992	-0.702246	-127.7	318.5	281.954	247.118	4.71668	11	0	83.346	106.716	-27.5933	283.186	106.716	-27.5933	283.186	
8650	53163	73.1916	199.896	72.8007	-99999	33.09	-0.950505	0	0	-356.073	-340.211	134.825	66.0658	-306.654	-290.661	-356.124	-350.838	-340.079	134.825	99.3113	65.7537	-306.654	-299.807	-290.552	7.06455	12	0	76.0414	33.1023	34.0407	-287.643	33.1023	34.0407	-287.643	
8650	72187	272.336	11142.9	271.969	-99999	-20.674	-0.856436	1	1	-171.094	-176.731	133.81	-100.816	-246.259	-113.851	-177.577	-184.416	-183.214	133.81	14.2446	-100.816	-246.259	-182.502	-113.851	143.577	18	0	11128.4	-20.6429	-28.2805	-175.112	-20.6429	-28.2805	-175.112	
8650	18372	158.55	380.597	158.545	-99999	69.616	-0.879633	1	1	-284.873	-278.316	130.681	-4.24275	263.504	345.724	-284.982	-281.187	-278.425	130.681	62.9937	-4.24275	263.504	304.465	345.724	5.45517	13	0	77.4647	69.6275	5.83203	324.928	69.6275	5.83203	324.928	
8650	18432	375.106	830.248	363.981	-295.357	-11.356	-0.799249	0	0	-178.346	-244.504	132.818	-158.355	-399.192	-191.765	-178.346	-212.343	-246.064	132.818	-16.4578	-162.52	-399.192	-291.247	-181.769	8.21291	11	0	45.6298	101.907	-39.0165	318.396	101.907	-39.0165	318.396	
8650	27912	316.117	713.362	314.789	13.9886	5.202	-0.70877	1	1	-230.582	-119.656	130.452	-66.056	-97.9969	-310.372	-230.696	-186.286	-119.381	130.878	31.0897	-66.6207	-97.5934	-210.779	-310.656	5.39878	13	0	82.6685	5.23567	-23.2725	-247.115	5.23567	-23.2725	-247.115	
8650	38089	84.602	223.17	83.9645	-99999	73.095	-0.816155	1	0	-250.474	-263.835	130.477	63.8237	247.329	295.196	-250.383	-260.644	-263.949	130.988	97.5913	63.8237	247.024	270.717	295.196	4.71922	13	0	72.3909	73.1246	20.3609	281.052	73.1246	20.3609	281.052	
8650	535	170.697	421.533	170.582	-99999	82.356	-0.938588	1	1	-201.421	-232.874	132.987	-20.166	711.666	644.307	-175.597	-191.817	-207.071	132.987	56.0848	-20.2588	711.666	678.605	644.26	6.9227	13	0	81.3273	82.3736	-3.0837	660.457	82.3736	-3.0837	660.457	
8650	67380	182.387	443.087	178.125	-99999	62.672	-0.865594	1	1	-168.303	-83.0875	132.431	-22.5873	-582.384	-561.911	-148.651	-104.593	-61.7678	132.431	53.2692	-26.4429	-582.384	-571.987	-561.207	4.85296	6	0	81.0949	62.6917	-17.034	-568.313	62.6917	-17.034	-568.313	
8650	60258	107.764	241.342	106.469	-99999	6.652	-0.85693	0	0	-262.05	-276.639	130.843	38.8045	-857.886	-807.025	-262.06	-270.703	-276.944	130.843	84.4582	37.6272	-857.886	-832.002	-806.581	4.1379	15	0	78.3719	6.67126	28.5679	-788.166	6.67126	28.5679	-788.166	
8650	29889	58.8249	177.183	58.3858	-99999	73.008	-0.927012	0	0	-215.753	-229.373	132.513	82.5328	-785.892	-812.56	-192.832	-200.013	-206.512	132.713	107.001	82.3496	-785.827	-798.091	-812.686	4.58197	17	0	84.1976	73.0336	35.9144	-772.86	73.0336	35.9144	-772.86	
8650	31217	134.252	418.038	131.347	105.983	99.784	-0.79214	1	1	-201.76	-229.235	129.782	27.0379	52.2849	127.708	-201.582	-210.813	-229.909	130.824	77.8655	25.9296	51.493	91.4792	128.549	4.5468	13	0	106.578	96.479	-17.687	-226.331	96.479	-17.687	-226.331	
8650	18095	23.6666	67.1343	23.4448	-99999	72.111	-0.844425	0	0	-267.145	-275.985	131.764	110.564	-115.534	-111.058	-267.173	-272.085	-276.115	131.91	121.406	110.521	-115.57	-113.319	-111.049	4.87763	13	0	58.7018	72.1416	33.228	-804.252	4.82161	-36.6093	-105.508	
8650	10481	243.8	508.204	242.472	-99999	-19.702	-0.956518	1	1	-213.134	-244.721	131.22	-107.816	-600.722	-591.711	-209.981	-225.974	-241.861	131.385	10.8277	-108.921	-600.732	-596.038	-591.695	6.73762	8	0	98.7106	-14.2268	-45.5683	523.724	-14.2268	-45.5683	523.724	
8650	68430	262.836	617.214	262.236	-41.3344	67.444	-0.94639	1	1	-134.455	-240.122	133.565	-105.334	806.402	801.825	-134.455	-189.396	-240.381	133.565	14.479	-105.855	806.402	812.228	801.804	4.35511	6	0	73.6998	67.4681	-29.6875	814.045	67.4681	-29.6875	814.045	
8650	47832	61.0478	240.563	59.6035	-99999	34.544	-0.964096	0	0	-231.249	-220.604	128.962	70.8856	-736.146	-743.433	-225.926	-220.802	-214.938	129.404	99.7809	69.9815	-736.064	-741.033	-743.599	7.71867	11	0	131.095	70.6556	-77.0202	-547.019	84.0156	-4.3421	-823.259	
8650	53245	363.875	807.245	360.93	47.7206	39.781	-0.909831	1	1	-260.806	-99.4916	129.863	-170.034	410.645	297.078	-261.128	-187.408	-99.1672	131.435	-20.0207	-171.121	411.28	343.281	296.672	4.57318	10	0	69.5419	39.8131	-35.0286	340.412	39.8131	-35.0286	340.412	
8650	19364	146.212	368.378	144.73	-99999	20.994	-0.874114	1	0	-68.7965	-127.445	54.8921	-75.8119	-840.854	-836.088	-61.5834	-98.1667	-120.903	56.0497	-7.16497	-75.9617	-840.964	-838.514	-836.1	4.28133	6	0	72.2796	21.0091	10.4187	-817.102	21.0091	10.4187	-817.102	
8650	55908	235.75	572.076	235.598	-99999	79.025	-0.615998	1	1	-219.6	-120.463	26.2969	-112.998	-894.943	-733.007	-194.821	-145.163	-95.6186	26.2969	-44.5377	-113.063	-894.943	-814.88	-732.888	4.0211	8	0	61.0626	79.0479	-47.4069	-748.661	79.0479	-47.4069	-748.661	
8650	46666	359.143	2746.15	358.161	77.0887	71.392	-0.727443	1	1	-80.3506	-270.609	132.382	-108.643	124.037	300.535	-79.8223	-174.262	-270.609	133.082	2.19765	-108.643	123.638	201.564	300.535	4.70477	10	0	87.925	71.4188	-15.393	218.753	71.4188	-15.393	218.753	
8650	45782	465.624	1103.58	464.484	-99999	46.984	-0.582016	1	1	-209.544	-76.4608	129.967	-121.729	327.25	694.14	-195.001	-129.551	-61.5844	130.382	2.65628	-121.953	326.708	509.994	694.477	7.39764	7	0	46.912	47.0153	-37.2767	543.341	47.0153	-37.2767	543.341	
8650	10800	614.046	1981.33	614.039	-99999	107.764	-0.38855	1	1	-243.845	-95.4232	132.367	-67.4594	-410.359	150.873	-210.054	-136.049	-61.6322	132.367	32.8476	-67.4594	-410.359	-129.578	150.873	4.51752	10	0	46.735	107.821	-29.5411	-40.1733	107.821	-29.5411	-40.1733	
8650	27143	109.911	278.827	108.772	-99999	84.917	-0.976176	1	1	-204.952	-230.274	131.291	27.6952	-49.4286	-35.4873	-178.213	-186.078	-203.655	132.384	78.8832	27.683	-49.641	-40.0229	-35.4883	4.30619	7	0	66.3671	84.9372	2.18322	-33.2893	84.9372	2.18322	-33.2893	
8650	27548	293.247	602.974	290.745	-99999	17.55	-0.940574	1	1	-217.775	-248.938	130.367	-154.51	339.825	376.347	-217.171	-244.507	-248.965	132.045	-11.0091	-154.51	339.799	355.52	376.347	5.09779	11	0	71.1308	17.5802	-33.9143	357.63	17.5802	-33.9143	357.63	
8650	67993	92.6264	240.596	92.4159	-99999	2.884	-0.829242	1	0	-346.066	-300.083	131.769	58.9276	234.436	267.195	-346.081	-323.524	-300.022	131.793	95.9029	58.7782	234.424	252.894	267.27	4.3263	14	0	71.5282	2.90824	45.4283	246.998	2.90824	45.4283	246.998	
8650	68233	168.767	412.693	168.762	-99999	54.329	-0.849159	1	1	-358.255	-268.53	112.443	-27.0816	239.045	267.644	-358.34	-314.598	-268.615	112.443	41.6642	-27.0816	239.045	252.819	267.644	4.0478	8	0	70.4929	54.3539	20.8207	247.754	54.3539	20.8207	247.754	
8650	29472	272.614	618.924	271.331	74.8325	63.796	-0.809151	1	1	-260.053	-86.8391	130.324	-68.0608	778.411	717.761	-260.47	-169.553	-86.5656	130.985	35.9142	-68.407	778.622	743.522	717.608	5.14489	10	0	73.8293	63.8221	-31.9395	718.952	63.8221	-31.9395	718.952	
8650	30156	285.529	666.637	276.369	-99999	-14.684	-0.794046	1	1	-62.2782	-225.957	52.0537	-167.759	257.16	291.798	-62.2369	-144.9	-230.597	52.1095	-62.5009	-175.54	257.15	277.397	292.282	5.34495	8	0	105.006	-14.6709	-8.52465	265.634	-14.6709	-8.52465	265.634	
8650	68666	112.61	264.157	112.376	-99999	23.459	-0.961713	1	0	-101.202	-141.102	133.181	29.4182	-428.843	-419.011	-93.838	-110.769	-133.797	133.216	80.0908	29.2364	-428.848	-421.396	-419.041	6.02731	12	0	75.4093	23.4849	36.3646	-419.198	23.4849	36.3646	-419.198	
8650	25491	349.592	800.858	349.13	29.1849	24.402	-0.701576	1	1	-153.682	-312.187	133.658	-81.6389	-608.77	-385.814	-153.541	-225.124	-312.187	133.981	20.0517	-81.6389	-609.063	-497.786	-385.814	4.06915	12	0	83.0619	24.432	-16.9607	-384.854	24.432	-16.9607	-384.854	
8650	41261	168.634	378.917	165.912	17.6706	8.624	-0.993323	1	1	-249.627	-192.241	130.443	-16.555	-197.67	-242.834	-249.763	-225.523	-191.885	132.625	54.1361	-16.8758	-197.49	-215.407	-242.959	5.66171	8	0	81.9614	8.65432	-4.50009	-227.715	8.65432	-4.50009	-227.715	
8650	28670	222.703	626.167	221.107	-38.9188	-48.491	-0.924659	1	1	-275.388	-186.864	129.564	-54.8117	176	95.7633	-275.49	-236.873	-186.608	130.264	35.8491	-55.5089	176.261	132.977	95.3815	4.78075	15	0	75.5178	-48.4721	-6.63749	130.471	-48.4721	-6.63749	130.471	
8650	28865	115.522	283.568	115.182	-99999	76.688	-0.907708	1	0	-133.899	-86.019	132.92	28.1651	-184.691	-184.595	-109.934	-85.9658	-61.9124	133.093	80.5401	28.0282	-184.691	-184.582	-184.599	4.8812	8	0	54.0696	76.7029	11.4145	-193.799	76.7029	11.4145	-193.799	
8650	10380	28.917	586.69	27.3824	-99999	22.49	-0.751939	0	0	-306.216	-325.068	130.179	110.572	-537.128	-535.502	-306.094	-315.78	-326.091	130.338	119.727	109.931	-537.139	-536.139	-535.148	26.7761	20	0	474.433	47.592	-10.625	-794.632	47.592	-10.625	-794.632	
8650	10975	314.002	675.924	313.806	-99999	54.987	-0.909576	1	1	-212.674	-293.562	133.745	-166.284	497.918	523.035	-212.76	-265.16	-293.616	133.745	-13.3451	-166.464	497.918	513.342	523.044	5.68879	8	0	56.6069	55.0196	-43.2148	520.352	55.0196	-43.2148	520.352	
8650	19059	375.273	1293.38	375.057	-99999	3.686	-0.715114	1	1	-173.146	-142.483	130.524	-170.98	855.84	638.827	-172.009	-156.834	-141.327	130.665	-23.2947	-170.98	855.98	750.162	638.827	17.624	19	0	197.168	3.71196	-34.745	706.525	3.71196	-34.745	706.525	
8650	59124	268.787	576.398	266.545	82.277	74.727	-0.960944	1	1	-222.997	-197.767	129.29	-120.69	795.688	711.484	-223.015	-198.484	-197.767	131.429	7.38594	-120.69	796.3	751.414	711.484	7.0568	8	0	83.4323	74.7659	-22.5166	714.971	74.7659	-22.5166	714.971	
8650	44582	214.106	502.722	214.078	-99999	62.135	-0.95303	1	1	-285.469	-330.945	127.082	-79.0647	188.069	188.93	-285.565	-319.612	-331.042	127.087	26.0565	-79.0647	188.069	196.542	188.93	7.10334	8	0	127.196	62.1556	-9.60426	196.057	62.1556	-9.60426	196.057	
8650	44822	317.757	746.335	317.301	20.2688	13.227	-0.915007	1	1	-278.963	-138.644	130.859	-138.13	688.511	773.787	-279.095	-197.073	-138.644	131.271	2.96079	-138.13	688.393	732.558	773.787	5.41559	6	0	72.0282	13.2518	-27.3625	723.792	13.2518	-27.3625	723.792	
8650	32097	248.006	579.775	247.888	-99999	59.213	-0.998077	1	1	-254.771	-199.501	131.23	-109.029	322.602	346.794	-264.101	-237.991	-208.806	131.23	10.6669	-109.139	322.602	333.849	346.817	5.96015	11	0	55.2927	59.2473	-27.1142	347.434	59.2473	-27.1142	347.434	
8650	11280	196.691	431.87	194.509	-551.981	86.615	-0.790098	0	0	-279.291	-162.363	130.779	8.98305	-664.582	-759.466	-279.432	-222.965	-161.479	131.089	66.5394	7.92279	-664.398	-711.482	-760.599	4.30303	13	0	63.3862	87.777	-23.1199	-428.796	87.777	-23.1199	-428.796	
8650	32106	393.04	1705.94	388.043	-17.2091	-25.586	-0.884557	1	1	-321.836	-83.8738	131.518	-167.029	-349.578	-416.757	-321.836	-202.707	-81.2235	131.518	-21.0521	-170.769	-349.578	-382.542	-418.723	5.06254	8	0	526.629	-25.5611	-58.8107	-393.033	-25.5611	-58.8107	-393.033	
8650	36409	190.322	488.098	189.612	110.377	104.373	-0.797386	1	1	-168.551	-232.325	132.753	-8.58898	473.12	581.538	-168.551	-204.459	-232.417	132.753	62.8854	-9.14593	473.12	526.706	581.962	5.69125	16	0	79.4121	104.407	-3.75298	544.049	104.407	-3.75298	544.049	
8650	24188	316.57	842.759	316.552	-99999	-17.234	-0.932124	1	1	-232.565	-287.455	129.463	-166.266	-62.6537	35.4318	-232.538	-259.697	-287.428	129.463	-17.8512	-166.266	-62.6537	-11.6894	35.4318	6.99584	12	0	65.0507	-17.2084	-38.9726	-787.536	-17.2084	-38.9726	-787.536	
8650	8130	32.3877	107.606	32.064	-99999	109.058	-0.944045	1	1	-257.053	-261.648	131.655	100.815	-16.1998	-9.89874	-257.223	-260.667	-261.854	131.655	116.008	100.528	-16.1998	-14.2182	-9.81642	6.06474	12	0	79.6985	109.088	-36.4433	-99.6435	109.088	-36.4433	-99.6435	
8650	72221	199.153	487.464	197.437	-99999	38.273	-0.651843	1	1	-121.434	-73.926	132.636	13.1219	-720.716	-570.93	-109.606	-85.6886	-61.6361	133.064	72.595	12.5029	-721.168	-645.775	-570.112	4.82599	7	0	44.6623	38.2956	15.8625	-596.737	38.2956	15.8625	-596.737	
8650	36620	270.13	572.625	268.241	-99999	9.345	-0.956622	1	1	-120.262	-85.3247	129.396	-133.471	725.002	759.335	-117.523	-99.6618	-82.2584	130.294	-1.2103	-134.378	724.793	749.332	759.409	4.37675	9	0	66.823	9.36507	-34.4578	747.03	9.36507	-34.4578	747.03	
8650	23864	189.395	438.024	188.759	-99999	34.408	-0.840716	1	1	-357.989	-294.081	58.048	-100.309	478.113	558.52	-358.267	-325.914	-294.135	58.5826	-20.6945	-100.309	477.854	518.296	558.52	10.1161	11	0	42.2434	34.4456	-14.5337	563.74	34.4456	-14.5337	563.74	
8650	25436	302.272	969.835	302.027	-99999	103.862	-0.722843	1	1	-111.289	-227.57	133.008	-85.2055	-589.993	-762.522	-94.8383	-153.66	-211.205	133.181	24.8462	-85.2055	-589.85	-677.28	-762.522	8.24018	10	0	54.7773	103.884	-11.0456	-692.516	103.884	-11.0456	-692.516	
8650	50303	324.221	1523.69	319.435	-625.449	32.437	-0.972341	0	0	-265.083	-187.068	126.882	-148.26	-157.497	-297.903	-265.3	-233.264	-186.934	130.982	-9.83212	-148.658	-156.357	-229.253	-298.186	4.19305	16	0	62.5331	-999999	-999999	-999999	-999999	-999999	-999999	
8650	50633	263.13	668.607	263.126	-99999	116.213	-0.81742	1	1	-241.331	-116.2	132.283	-92.5432	-116.018	-162.823	-204.891	-133.429	-79.7595	132.283	24.697	-92.5432	-116.018	-140.835	-162.823	6.84756	8	0	141.389	116.236	-37.4189	-155.551	58.006	-28.4925	-165.755	
8650	50828	177.153	415.479	172.907	81.4554	75.704	-0.904194	1	1	-276.226	-186.035	127.813	-15.7052	875.794	845.129	-277.956	-230.189	-185.931	131.424	58.0085	-15.8468	876.221	864.583	845.059	7.13616	11	0	72.3916	75.7264	-0.416035	794.486	75.7264	-0.416035	794.486	
8650	49637	142.026	338.109	141.033	-99999	-5.004	-0.775522	1	1	-212.355	-294.144	127.36	23.0276	486.033	534.002	-212.09	-252.737	-294.393	127.717	74.6087	22.5939	485.896	509.72	534.168	4.54487	11	0	56.8924	-5.01793	-21.3616	550.291	-5.01793	-21.3616	550.291	
8650	50057	36.1138	85.884	35.856	-99999	52.059	-0.934674	1	1	-205.184	-219.14	133.203	100.282	847.593	845.038	-196.981	-203.823	-211.033	133.203	116.558	100.045	847.593	846.171	845.019	4.1318	7	0	53.9154	52.0693	-41.1308	787.65	52.0693	-41.1308	787.65	
8650	3392	296.981	783.312	296.026	-99999	61.262	-0.970794	1	1	-263.687	-288.732	130.798	-163.006	-801.847	-789.782	-263.653	-278.33	-288.842	131.258	-16.3088	-163.398	-801.893	-796.537	-789.603	8.34052	13	0	59.3266	61.2849	-17.9883	-770.91	61.2849	-17.9883	-770.91	
8650	48570	161.868	474.573	161.445	-99999	105.118	-0.783374	1	1	-165.761	-228.223	132.652	3.54523	-10.5842	-84.4354	-149.059	-180.547	-211.66	132.978	68.6717	3.54523	-10.3635	-48.0522	-84.4354	9.07928	15	0	69.3183	105.146	-35.9129	-115.184	105.146	-35.9129	-115.184	
8650	48600	254.796	537.34	238.543	-34.2878	-42.823	-0.679946	1	1	-126.593	-219.301	127.013	-23.2365	-133.119	23.9673	-122.813	-178.152	-221.155	133.502	51.8904	-26.937	-139.694	-59.3094	28.2623	5.9197	15	0	90.2565	-42.7864	-5.17462	-42.5034	-42.7864	-5.17462	-42.5034	
8650	48645	53.9489	292.184	52.2538	-99999	22.886	-0.914659	1	1	-357.602	-339.149	-21.2954	-67.6035	612.546	628.145	-357.907	-348.596	-338.85	-20.4951	-44.5363	-68.3195	612.319	620.19	628.358	4.58969	9	0	62.4265	22.9024	-43.1009	629.315	22.9024	-43.1009	629.315	
8650	22154	218.51	484.171	217.29	-99999	59.653	-0.992343	1	1	-283.06	-199.953	130.007	-69.8161	424.571	427.915	-292.547	-256.347	-209.352	131.213	28.5473	-69.8161	424.47	428.758	427.915	4.30912	6	0	63.9554	59.6783	-8.45137	427.314	59.6783	-8.45137	427.314	
8650	58993	85.2926	297.86	81.6772	-99999	53.095	-0.686176	1	1	-165.124	-225.59	131.195	77.0039	743.051	750.767	-145.875	-177.81	-208.941	133.671	105.694	77.0039	742.653	746.522	750.767	9.3563	6	0	147.398	53.1275	-12.1298	751.225	53.1275	-12.1298	751.225	
8650	27596	55.8686	142.209	49.1781	-99999	16.987	-0.869019	1	0	-140.713	-133.911	125.661	78.1894	607.957	612.833	-135.546	-133.976	-128.623	130.207	103.483	76.9012	605.72	612.956	612.03	5.86462	13	0	73.3164	17.0074	43.0648	605.672	17.0074	43.0648	605.672	
8650	71231	321.377	860.418	307.884	-23.9648	-33.28	-0.444793	1	1	-68.0829	-273.336	1.67896	-139.453	483.541	664.213	-58.7308	-166.619	-273.336	7.88945	-65.4534	-139.453	476.086	569.849	664.213	7.79495	11	0	83.9444	-33.2415	-40.4785	566.867	-33.2415	-40.4785	566.867	
8650	71231	267.769	634.893	267.306	17.2059	10.398	-0.989545	1	1	-199.191	-236.114	133.576	-129.999	-500.415	-516.936	-199.152	-219.828	-236.114	134.014	2.13951	-129.999	-500.359	-509.41	-516.936	5.94409	7	0	76.0383	10.4285	-29.4103	-518.742	10.4285	-29.4103	-518.742	
8650	48111	392.266	869.956	377.244	-99999	-34.836	-0.690409	1	1	-284.334	-333.247	130.379	-153.951	-28.5285	214.065	-284.279	-311.454	-335.785	130.38	-19.2007	-163.412	-28.53	95.1997	225.391	11.464	15	0	48.8777	-34.8087	-22.0745	97.5841	-34.8087	-22.0745	97.5841	
8650	58342	77.1529	205.903	76.617	-99999	97.501	-0.947662	1	1	-116.335	-92.4857	130.338	57.7256	642.3	647.626	-85.9263	-74.0453	-61.9128	130.845	94.2391	57.7256	642.257	644.881	647.626	10.3486	9	0	53.3113	97.5115	-12.7428	612.431	97.5115	-12.7428	612.431	
8650	34551	202.172	437.306	201.745	-27.6766	-33.827	-0.767291	1	1	-188.856	-228.423	131.968	-22.3364	-261.232	-138.239	-188.778	-211.47	-228.423	132.283	56.7526	-22.3364	-261.484	-198.359	-138.239	4.82683	13	0	44.5747	-33.7897	-6.27287	-187.344	-33.7897	-6.27287	-187.344	
8650	59047	319.083	732.924	316.682	-99999	-15.193	-0.899249	1	1	-259.5	-307.435	130.115	-135.752	272.678	435.413	-259.476	-284.259	-307.214	130.115	-6.51238	-138.092	272.678	350.878	435.79	5.7955	13	0	80.4005	-15.1648	-40.7243	373.372	-15.1648	-40.7243	373.372	
8650	6248	284.702	671.756	284.361	116.647	109.199	-0.973823	1	1	-218.567	-153.622	130.794	-132.497	378.594	301.744	-218.562	-196.828	-153.58	130.971	-5.94016	-132.634	378.633	347.237	301.703	4.84123	11	0	90.455	109.231	-33.0656	338.486	109.231	-33.0656	338.486	
8650	8280	172.289	419.45	172.282	-99999	85.464	-0.945251	1	1	-253.863	-216.796	130.811	-16.7036	275.694	350.666	-253.997	-241.141	-216.929	130.811	51.7838	-16.7036	275.694	307.053	350.666	4.99868	14	0	73.9716	85.4878	-4.62552	329.823	85.4878	-4.62552	329.823	
8650	8445	152.404	369.917	152.096	-99999	-39.813	-0.949781	1	1	-276.063	-305.206	130.918	-13.7703	479.492	508.45	-275.901	-285.785	-305.144	131.199	56.3017	-13.7703	479.46	487.74	508.45	4.37737	11	0	82.017	-39.8088	-2.38861	489.366	-39.8088	-2.38861	489.366	
8650	36368	339.03	376.853	323.708	-99999	69.882	-0.996851	1	1	-127.489	-117.445	129.2	-164.893	-657.602	-603.601	-105.582	-96.002	-95.4094	129.337	-34.4236	-165.548	-657.594	-675.488	-603.766	4.8803	10	0	19.5069	69.8959	-17.0427	-665.274	69.8959	-17.0427	-665.274	
8650	57973	313.111	704.697	312.281	-99999	102.925	-0.541834	1	1	-138.761	-171.35	127.581	-75.3167	-812.689	-578.913	-106.489	-118.689	-139.185	127.757	30.0235	-75.642	-812.95	-691.481	-578.566	4.05487	6	0	80.5155	94.8745	-31.8997	-752.91	94.8745	-31.8997	-752.91	
8650	58183	189.341	549.251	188.067	-99999	61.55	-0.967503	1	1	-115.073	-81.2228	129.547	-53.5576	254.714	281.015	-95.9376	-78.9137	-61.8588	130.399	38.2457	-53.9378	254.554	267.946	281.054	4.11851	7	0	53.1836	61.5632	-72.2225	242.6	61.5632	-72.2225	242.6	
8650	25018	30.7881	85.6766	30.1795	-99999	33.224	-0.962744	1	1	-209.718	-216.42	133.157	104.654	277.025	269.75	-204.422	-207.574	-211.215	133.635	119.026	104.547	277.131	273.47	269.723	5.53302	10	0	66.2522	33.2446	-33.8049	240.483	33.2446	-33.8049	240.483	
8650	22415	223.416	505.984	220.208	-99999	61.792	-0.711145	1	1	-218.596	-71.8085	126.045	-30.5674	-362.747	-411.882	-210.572	-135.786	-61.628	127.859	48.6948	-31.0232	-362.212	-387.069	-412.036	5.83383	9	0	47.1264	61.8168	-8.65431	-405.818	61.8168	-8.65431	-405.818	
8650	5567	454.004	991.963	453.422	-99999	-5.685	-0.268682	1	1	-358.434	-91.372	129.422	-30.5868	331.19	655.736	-358.434	-213.383	-91.3321	129.422	63.444	-30.8497	331.19	492.591	656.235	4.30783	12	0	77.6469	-5.66581	6.13813	529.804	-5.66581	6.13813	529.804	
8650	4268	263.962	607.061	263.565	40.5364	34.476	-0.54716	1	1	-87.7931	-248.261	132.797	-11.759	61.4798	211.855	-87.5665	-169.383	-248.261	133.011	61.6603	-11.759	61.239	136.18	211.855	6.58242	13	0	77.54	34.5203	6.54155	147.69	34.5203	6.54155	147.69	
8650	31099	69.5631	172.636	68.1382	-99999	35.505	-0.881844	1	1	-194.692	-216.875	132.118	73.3261	-736.249	-762.572	-188.699	-199.709	-211.29	133.356	103.292	73.3037	-735.734	-749.315	-762.581	5.8829	11	0	55.6903	35.5286	-19.2697	-767.542	35.5286	-19.2697	-767.542	
8650	56788	302.238	726.755	300.572	-99999	74.111	-0.698664	1	1	-358.193	-266.675	75.7258	-121.642	425.315	631.679	-358.434	-318.844	-266.565	76.144	-26.1699	-122.315	424.913	528.564	632.478	5.30439	17	0	80.7095	74.1386	37.1529	467.532	74.1386	37.1529	467.532	
8650	6632	187.144	452.652	187.066	-99999	19.11	-0.816462	1	1	-329.267	-233.123	131.021	-11.6772	480.551	548.729	-329.297	-285.35	-233.11	131.021	60.9936	-11.7367	480.551	523.998	548.732	4.8753	7	0	79.8745	19.1323	5.04235	532.368	19.1323	5.04235	532.368	
8650	18510	55.8928	211.327	54.8894	-99999	105.656	-0.987156	1	1	-194.709	-192.634	130.775	76.2351	-535.331	-540.141	-211.29	-211.189	-209.187	131.14	103.352	75.6194	-535.304	-537.589	-540.201	11.1126	8	0	117.424	105.667	-19.4683	-689.731	105.667	-19.4683	-689.731	
8650	38303	177.489	389.228	169.246	-99999	72.522	-0.933912	1	1	-230.632	-164.454	132.557	-20.5005	-770.265	-743.57	-208.135	-177.033	-138.765	133.214	51.4156	-27.3898	-770.314	-755.969	-742.773	4.71083	6	0	63.9775	72.5462	2.584	-738.149	72.5462	2.584	-738.149	
8650	38573	210.756	517.672	210.59	-99999	-17.492	-0.8259	1	1	-281.294	-323.756	131.5	-30.165	117.26	243.11	-281.199	-307.058	-323.728	131.631	48.3039	-30.165	117.196	175.811	243.11	7.07234	12	0	92.3933	-17.4661	1.41754	195.322	-17.4661	1.41754	195.322	
8650	75258	65.0982	187.784	63.8858	-99999	63.761	-0.513103	0	0	-122.455	-82.2362	130.615	97.0462	191.423	227.863	-102.627	-82.1381	-61.7028	130.734	112.986	96.4643	191.279	209.27	228.366	5.2607	15	0	79.5284	65.7591	-29.4627	721.691	65.7591	-29.4627	721.691	
8650	2467	331.16	685.25	330.581	-236.287	55.446	-0.843883	0	0	-80.15	-234.643	133.146	-152.689	797.823	854.292	-80.0259	-159.047	-234.713	133.385	-9.03366	-152.946	797.751	826.377	854.328	4.51009	10	0	71.4565	42.9949	-35.2016	477.994	42.9949	-35.2016	477.994	
8650	19351	158.425	460.823	157.24	-99999	27.61	-0.78993	1	1	-186.319	-215.606	133.412	15.9139	422.704	522.875	-181.969	-196.754	-211.53	133.412	73.1361	15.1093	422.704	471.883	523.692	4.88812	6	0	103.484	27.6372	-28.3186	550.705	27.6372	-28.3186	550.705	
8650	22082	223.97	533.201	223.018	-99999	42.336	-0.961988	1	1	-323.266	-289.186	128.409	-84.7699	48.8347	101.587	-323.36	-301.376	-289.252	129.318	23.4264	-84.7699	48.5743	76.8018	101.587	4.42556	12	0	71.1641	42.3548	1.1532	69.4735	42.3548	1.1532	69.4735	
8650	67827	81.5854	227.955	81.2592	-99999	36.265	-0.876073	1	0	-110.543	-73.2034	130.695	59.7238	-293.107	-306.092	-99.1711	-80.5519	-61.6601	130.695	95.0593	59.4514	-293.107	-299.963	-306.138	9.44111	8	0	67.431	36.2748	26.8672	-322.629	36.2748	26.8672	-322.629	
8650	18181	250.27	590.737	250.266	-99999	38.551	-0.824624	1	1	-358.491	-294.419	127.729	-91.5848	715.447	814.678	-358.552	-327.096	-294.479	127.729	18.2675	-91.5848	715.447	766.31	814.678	4.64595	15	0	74.4511	38.5684	-6.82648	764.847	38.5684	-6.82648	764.847	
8650	29764	265.129	616.528	263.802	98.6768	92.893	-0.938015	1	1	-127.417	-227.513	133.125	-109.411	170.93	193.01	-127.417	-177.01	-227.934	133.125	10.3473	-110.626	170.93	176.415	193.318	5.18998	12	0	78.5556	92.9178	-15.0098	179.972	92.9178	-15.0098	179.972	
8650	32558	295.725	698.299	294.392	78.6945	71.378	-0.935019	1	1	-268.634	-168.823	130.256	-129.282	-651.566	-745.881	-268.764	-215.507	-168.781	131.281	2.82499	-129.505	-651.211	-700.406	-745.938	6.06078	11	0	83.5915	71.4095	-17.6017	-687.204	71.4095	-17.6017	-687.204	
8650	30298	135.54	383.647	134.492	-99999	102.575	-0.94319	1	1	-137.967	-94.0477	129.47	3.80631	133.1	152.204	-106.133	-84.1512	-61.8838	130.456	67.098	3.80631	132.99	142.688	152.204	4.14332	6	0	46.8957	102.594	-1.82384	155.356	102.594	-1.82384	155.356	
8650	47404	300.352	1305.59	300.342	18.0133	16.8	-0.728945	1	1	-158.751	-329.267	133.081	-73.5184	-733.785	-600.166	-158.751	-243.956	-329.267	133.081	25.1391	-73.5184	-733.785	-673.829	-600.166	4.29658	12	0	75.0957	19.1953	-35.0143	232.991	19.1953	-35.0143	232.991	
8650	18945	204.359	536.8	201.367	-99999	13.778	-0.889431	1	1	-358.422	-323.857	26.4835	-147.919	-627.822	-533.544	-358.467	-340.277	-323.967	26.7009	-61.6727	-150.281	-627.93	-580.006	-532.16	6.97003	10	0	85.8454	13.7983	-30.0134	-585.995	13.7983	-30.0134	-585.995	
8650	64576	37.4152	84.2012	37.1508	-99999	55.229	-0.908135	1	0	-90.4668	-78.5567	130.048	96.4051	97.1474	86.9236	-73.2285	-67.4536	-61.2389	130.281	113.25	96.4051	97.2178	92.0689	86.9236	4.03294	16	0	45.0697	55.2416	23.4253	59.4215	55.2416	23.4253	59.4215	
8650	54973	150.189	1055.97	145.031	-99999	-46.389	-0.731108	1	1	-174.046	-233.767	131.845	24.2424	-807.785	-750.532	-173.243	-202.591	-233.714	133.328	74.4697	23.235	-808.922	-773.034	-750.214	6.52422	14	0	105.141	-46.3575	17.5316	-741.671	-46.3575	17.5316	-741.671	
8650	73166	236.863	490.556	235.812	-99999	-38.504	-0.996546	1	1	-295.61	-286.679	129.38	-81.1345	-658.624	-556.373	-295.541	-289.245	-286.716	129.823	23.9112	-81.6975	-658.64	-608.371	-556.241	5.42839	6	0	85.3521	-38.4742	-12.0151	-594.092	-38.4742	-12.0151	-594.092	
8650	51969	383.185	798.615	382.92	-99999	-45.433	-0.296708	1	1	-358.469	-291.931	134.096	-49.4372	-792.358	-465.1	-358.398	-323.63	-291.857	134.096	35.3804	-49.5121	-792.358	-632.283	-464.974	5.16849	15	0	66.231	-45.3961	4.38676	-610.896	-45.3961	4.38676	-610.896	
8650	19650	389.347	964.437	388.454	-99999	44.427	-0.717272	1	1	-211.868	-312.563	130.117	-151.865	-801.126	-562.495	-211.938	-247.171	-312.939	130.117	-20.922	-152.081	-801.126	-683.693	-561.694	5.25229	12	0	75.415	44.4616	-38.6042	-647.892	44.4616	-38.6042	-647.892	
8650	54462	399.793	910.445	399.38	60.9397	55.981	-0.686663	1	1	-86.0176	-317.929	133.206	-102.791	-502.921	-284.172	-85.8167	-192.667	-317.929	133.481	2.72465	-102.791	-503.128	-396.94	-284.172	4.81669	10	0	72.1558	56.0243	-24.7511	-371.069	56.0243	-24.7511	-371.069	
8650	30620	297.554	2863.85	296.919	-99999	21.679	-0.898996	1	1	-213.91	-317.918	128.91	-134.366	-485.193	-395.797	-213.944	-266.299	-318.146	128.91	-3.21358	-134.939	-485.193	-441.317	-395.615	113.537	9	0	2008.39	21.7056	-72.5998	-407.666	21.7056	-72.5998	-407.666	
8650	60061	154.729	388.808	152.702	-99999	103.683	-0.485975	1	1	-129.503	-241.98	133.2	57.0285	-256.554	-326.053	-95.9063	-153.356	-209.746	133.932	95.8052	56.6479	-255.823	-290.901	-326.285	5.51179	14	0	56.7069	103.711	-12.2553	-371.736	103.711	-12.2553	-371.736	
8650	16771	321.157	1119.93	308.085	-99999	4.203	-0.989471	1	1	-346.073	-278.866	131.609	-165.55	762.709	717.606	-346.12	-311.805	-275.595	132.33	-22.6401	-177.424	762.795	738.928	717.174	10.2687	9	0	120.232	4.21943	-26.712	730.781	4.21943	-26.712	730.781	
8650	25115	359.321	1970.97	359.177	100.698	92.581	-0.695823	1	1	-85.677	-327.638	133.798	-90.7805	661.932	798.46	-85.677	-209.116	-327.703	133.798	17.4535	-90.895	661.932	720.353	798.503	4.32335	11	0	75.9724	92.6184	-22.5625	728.761	92.6184	-22.5625	728.761	
8650	3153	273.076	614.776	269.437	88.4342	78.858	-0.459483	1	1	-315.462	-170.359	129.147	13.7044	132.464	-57.5661	-317.305	-233.499	-170.183	130.67	71.5405	13.4677	134.722	45.0517	-57.7295	4.11873	13	0	85.2153	78.9006	11.9687	34.2924	78.9006	11.9687	34.2924	
8650	3633	28.9965	85.6744	28.6726	-99999	61.699	-0.40603	0	0	-354.905	-335.618	-84.2302	-99.6797	-455.675	-441.929	-355.199	-344.982	-335.715	-84.0492	-90.781	-99.6797	-455.794	-448.139	-441.929	6.3551	10	0	50.0826	61.6954	16.2997	-806.924	84.4954	-90.6745	-421.035	
8650	818	165.154	397.573	164.946	-99999	44.034	-0.977941	1	1	-337.195	-288.279	129.944	-25.0964	53.4828	79.2558	-337.282	-313.327	-288.317	130.084	52.3102	-25.1498	53.4604	66.6394	79.2582	7.17417	6	0	77.6373	44.0531	16.2851	65.4994	44.0531	16.2851	65.4994	
8650	63945	132.372	303.58	131.1	-99999	43.566	-0.927849	1	1	-167.97	-218.482	132.5	11.5473	-62.6687	-61.3151	-160.676	-186.387	-211.652	133.569	72.59	11.4335	-62.6725	-61.7675	-61.3202	5.66429	10	0	53.2432	43.5991	-33.1821	-59.9074	43.5991	-33.1821	-59.9074	
8650	57519	245.041	627.804	244.167	-99999	101.456	-0.934658	1	1	-167.464	-93.936	132.103	-99.899	-364.732	-345.953	-135.961	-98.6397	-62.123	132.912	16.7697	-99.899	-364.803	-353.72	-345.953	6.12253	9	0	62.1329	101.481	-33.461	-357.513	101.481	-33.461	-357.513	
8650	57579	168.165	866.84	154.018	-99999	28.167	-0.991096	1	1	-358.58	-330.38	-13.3511	-164.717	285.628	288.092	-358.624	-343.487	-327.332	-13.3511	-96.0427	-178.495	285.628	286.685	288.705	42.4144	13	0	457.222	28.1902	-66.9298	285.254	28.1902	-66.9298	285.254	
8650	31928	253.309	578.181	253.252	52.7617	47.337	-0.575244	1	1	-86.8443	-255.377	133.514	5.62125	197.923	335.384	-86.8443	-168.667	-255.377	133.514	63.407	5.62125	197.923	264.205	335.384	4.30955	12	0	81.0439	47.3718	-3.93783	136.134	47.3718	-3.93783	136.134	
8650	35269	98.4694	254.681	98.3309	-99999	60.925	-0.53055	0	0	-358.545	-330.188	-123.409	-168.095	749.676	832.189	-358.682	-344.169	-330.284	-123.336	-147.684	-168.095	749.567	789.777	832.189	4.58215	13	0	80.7249	60.9452	-87.2841	746.811	60.9452	-87.2841	746.811	
8650	75187	116.672	297.262	114.608	-99999	116.575	-0.930379	1	0	-194.729	-166.426	131.897	25.1683	-789.444	-761.523	-158.371	-148.219	-129.515	133.071	78.5704	24.4583	-789.864	-772.027	-761.481	4.17501	6	0	79.1917	116.606	17.077	-750.401	116.606	17.077	-750.401	
8650	63959	68.1978	198.673	66.9097	-99999	6.939	-0.848243	1	0	-246.779	-279.933	129.905	73.7956	-542.43	-527.93	-246.463	-263.533	-280.264	130.439	101.51	73.2311	-542.494	-536.803	-527.824	14.0167	8	0	91.9614	6.95453	25.2025	-535.477	6.95453	25.2025	-535.477	
8650	12885	224.951	792.758	224.885	-99999	116.24	-0.895113	1	1	-357.715	-261.384	31.327	-171.483	-700.478	-688.427	-357.925	-308.87	-261.566	31.3819	-69.6555	-171.483	-700.481	-694.551	-688.427	22.9386	9	0	264.417	116.255	-31.3506	-680.359	116.255	-31.3506	-680.359	
8650	25760	346.212	800.441	344.866	71.3712	63.82	-0.791954	1	1	-283.184	-89.0115	130.181	-82.0332	648.108	465.129	-283.435	-197.644	-88.5168	130.821	11.0664	-82.1155	648.527	558.127	464.952	5.99987	6	0	64.8655	63.8417	-37.5547	521.565	63.8417	-37.5547	521.565	
8650	26225	168.281	408.416	168.099	-99999	-0.48	-0.509888	1	1	-168.945	-267.334	129.215	48.0908	-200.278	-90.9626	-168.869	-218.106	-267.359	129.283	89.9658	48.0644	-200.361	-144.743	-90.9325	8.05545	12	0	62.8441	-0.435372	-12.2753	-32.8985	-0.435372	-12.2753	-32.8985	
8650	29720	332.844	910.225	329.794	-99999	115.561	-0.870401	1	1	-211.562	-339.288	132.082	-170.775	-871.707	-845.95	-211.666	-276.206	-340.567	132.188	-20.7252	-173.453	-871.712	-860.362	-846.21	10.9703	9	0	58.6149	115.582	-30.1972	-804.147	115.582	-30.1972	-804.147	
8650	21474	88.6177	214.428	87.9468	-99999	73.563	-0.815901	1	0	-137.065	-86.6232	129.806	58.1667	168.049	175.632	-114.379	-88.9689	-63.5564	130.355	94.2592	58.1667	168.001	171.817	175.632	5.2388	7	0	53.6046	80.5164	-35.5664	429.139	80.5164	-35.5664	429.139	
8650	54536	263.466	20787.5	259.913	-99999	-31.979	-0.937462	1	1	-213.716	-268.563	126.138	-96.4087	179.11	300.267	-213.593	-240.843	-269.269	126.468	11.238	-98.8634	179.02	236.494	302.172	152.225	16	0	18700	-31.9501	-56.1433	301.97	-31.9501	-56.1433	301.97	
8650	32075	268.785	603.926	267.779	-99999	24.656	-0.983291	1	1	-300.477	-243.819	128.968	-130.829	779.102	801.341	-300.553	-267.132	-243.82	129.416	-0.161527	-131.353	779.029	789.792	801.435	6.37313	11	0	83.9522	24.6803	-12.6848	767.53	24.6803	-12.6848	767.53	
8650	28454	131.299	352.173	122.636	-99999	49.629	-0.422489	1	0	-164.876	-79.5063	131.812	71.2344	-409.192	-345.39	-152.897	-106.784	-61.0766	133.798	101.349	69.5171	-411.314	-377.798	-343.116	6.24362	9	0	92.4307	49.6509	49.5907	-368.742	49.6509	49.5907	-368.742	
8650	4848	229.024	648.827	229.022	-99999	59.095	-0.504772	1	1	-349.175	-199.532	-32.8344	-139.889	347.06	483.377	-358.486	-283.242	-208.843	-32.8344	-85.9679	-139.889	347.06	415.058	483.377	10.2384	12	0	103.207	59.0927	-51.8761	414.397	59.0927	-51.8761	414.397	
8650	27365	90.3266	221.311	89.8655	-99999	67.753	-0.865857	1	0	-255.328	-198.97	130.889	61.6345	601.88	596.27	-266.207	-238.795	-209.632	131.26	95.6011	61.6085	601.896	598.972	596.268	4.14344	6	0	64.1575	67.7792	21.2289	597.86	67.7792	21.2289	597.86	
8650	49565	180.382	2257.41	180.35	-99999	107.528	-0.562973	1	1	-112.437	-243.549	134.137	39.3237	512.353	432.892	-78.6991	-144.025	-209.832	134.154	86.7691	39.3237	512.367	472.15	432.892	8.50001	14	0	1881.75	107.505	-31.6328	403.021	107.505	-31.6328	403.021	
8650	50120	123.744	171.514	69.0788	-99999	6.595	-0.369227	1	1	-350.9	-291.956	-12.1391	-33.5224	305.068	333.942	-351.007	-298.333	-245.838	-12.0976	-31.6987	-48.4806	305.024	330.824	358.833	11.0712	11	0	53.588	6.59503	-55.7168	394.586	6.59503	-55.7168	394.586	
8650	50150	165.415	429.261	164.853	-99999	58.562	-0.798922	1	1	-170.749	-80.0324	125.044	-8.8657	462.098	492.954	-152.586	-106.418	-61.5826	125.321	58.9277	-9.05515	462.028	479.341	492.952	4.57066	8	0	56.7244	58.5811	10.4733	465.464	58.5811	10.4733	465.464	
8650	28208	199.578	477.525	197.064	100.555	93.926	-0.939447	1	1	-155.138	-227.029	133.005	-49.6285	315.252	319.544	-155.059	-194.208	-227.688	133.284	41.643	-51.7107	315.262	311.525	319.175	6.91396	6	0	94.3737	93.9493	-11.5166	321.648	93.9493	-11.5166	321.648	
8650	57177	189.187	364.712	188.226	-99999	14.098	-0.648665	1	1	-216.864	-348.647	129.595	7.62529	35.8074	91.9797	-216.21	-282.709	-348.669	130.205	69.5528	7.62529	35.5346	64.472	91.9797	11.1026	7	0	43.9948	14.0756	19.3392	82.3955	14.0756	19.3392	82.3955	
8650	57237	117.728	275.715	115.896	-99999	-4.972	-0.747016	1	1	-226.724	-306.173	129.695	46.0133	-33.4389	-22.9809	-225.944	-265.463	-306.625	130.565	87.2542	45.536	-33.5273	-28.4015	-22.9264	10.3485	6	0	65.6938	-4.99215	-1.541	-18.425	-4.99215	-1.541	-18.425	
8650	14881	118.951	376.969	115.577	-99999	116.593	-0.943358	1	1	-192.357	-224.414	129.925	21.9982	735.724	713.06	-154.905	-173.354	-187.879	132.858	78.1866	21.7404	736.244	722.116	713.05	4.52959	11	0	79.3964	116.605	6.35837	702.525	116.605	6.35837	702.525	
8650	9944	122.71	275.146	112.188	-99999	98.335	-0.713525	1	1	-358.316	-281.305	-39.4809	-120.744	-732.569	-739.617	-358.572	-316.15	-274.513	-39.3771	-83.5247	-128.378	-732.561	-736.511	-740.655	5.41116	12	0	77.7776	98.3275	-49.6837	-719.916	98.3275	-49.6837	-719.916	
8650	10004	326.288	831.521	316.155	-99999	54.074	-0.969642	1	1	-328.623	-250.923	130.868	-168.27	538.032	472.446	-328.708	-290.265	-248.042	130.871	-23.7704	-177.711	538.032	503.89	470.349	4.13106	6	0	62.1037	54.0851	-26.6291	504.964	54.0851	-26.6291	504.964	
8650	76927	183.542	455.971	181.804	-99999	45.827	-0.71144	1	1	-316.836	-324.144	128.111	-6.17837	-625.897	-504.951	-316.908	-320.295	-324.491	128.111	60.2006	-7.42976	-625.897	-564.528	-503.835	4.13814	16	0	88.7315	45.8535	23.5506	-554.38	45.8535	23.5506	-554.38	
8650	19457	149.721	364.893	147.998	-99999	45.748	-0.912981	1	1	-201.762	-264.13	127.829	-5.44595	-457.391	-468.244	-208.938	-236.883	-271.992	127.907	59.0061	-6.94183	-457.381	-465.063	-468.317	4.5318	8	0	75.5768	45.7825	-4.27287	-463.223	45.7825	-4.27287	-463.223	
8650	57034	27.5235	60.2945	26.2701	-99999	94.13	-0.784118	0	0	-106.959	-91.3407	129.91	109	666.012	668.935	-77.8553	-69.5388	-61.5107	130.437	119.602	108.515	665.932	667.612	668.976	4.27087	9	0	46.0855	94.1556	50.2289	650.629	94.1556	50.2289	650.629	
8650	17318	196.23	759.303	193.421	-99999	-17.678	-0.977868	1	1	-199.856	-186.618	130.816	-59.2421	-180.026	-150.685	-205.401	-200.125	-192.305	131.175	35.1924	-61.6386	-180.1	-161.271	-150.397	17.8011	6	0	412.146	-9.27107	-40.0951	-588.441	48.1989	-13.1124	200.9	
8650	59966	226.667	493.596	226.063	-99999	47.454	-0.935157	0	0	-218.87	-259.712	129.915	-84.1273	767.938	817.957	-211.348	-223.007	-252.327	130.421	23.327	-84.1792	767.778	802.416	817.96	6.13069	8	0	84.6033	-999999	-999999	-999999	-999999	-999999	-999999	
8650	15538	70.5025	192.078	70.4982	-99999	46.527	-0.812032	0	0	-76.672	-115.703	126.483	69.0719	675.399	686.733	-62.0828	-81.4678	-101.114	126.483	97.9094	69.0719	675.399	682.301	686.733	4.34425	6	0	73.2124	46.5472	35.2035	673.924	46.5472	35.2035	673.924	
8650	74831	233.24	580.342	232.299	-99999	65.813	-0.989582	1	1	-156.939	-140.191	131.909	-96.491	-657.643	-624.521	-136.315	-133.956	-119.541	132.114	16.9426	-97.1833	-657.672	-641.524	-624.424	4.3018	7	0	109.479	65.8346	-16.7031	-632.084	65.8346	-16.7031	-632.084	
8650	17001	301.145	3822.36	300.213	-38.4969	-46.05	-0.814405	1	1	-344.127	-181.233	130.939	-84.5571	164.595	35.4039	-344.424	-262.598	-181.233	131.701	20.7813	-84.5571	165.025	105.011	35.4039	4.4103	10	0	61.3565	-46.0349	-2.85469	97.3766	-46.0349	-2.85469	97.3766	
8650	17196	151.398	346.804	151.154	39.8999	31.383	-0.977289	1	1	-216.452	-199.204	130.927	-16.9178	570.297	546.909	-216.434	-207.374	-199.204	131.152	57.5537	-16.9178	570.341	556.101	546.909	7.45603	9	0	70.2177	31.4043	-8.87549	545.718	31.4043	-8.87549	545.718	
8650	58101	202.482	510.524	201.414	-99999	105.956	-0.94211	1	1	-156.247	-95.0543	132.093	-59.4439	-233.852	-222.268	-123.294	-92.3199	-61.7582	132.839	36.6546	-59.704	-233.91	-227.718	-222.258	5.51931	7	0	45.8254	105.979	-24.0847	-230.029	105.979	-24.0847	-230.029	
8650	60176	38.9946	110.803	37.6928	-99999	64.92	-0.917954	0	0	-309.492	-316.094	131.333	95.7405	173.114	182.921	-309.557	-313.72	-316.291	131.42	112.909	94.7002	173.097	177.106	183.378	5.05957	14	0	75.0439	64.9431	58.4689	174.197	64.9431	58.4689	174.197	
8650	60221	336.542	770.992	333.354	-29.9905	-37.072	-0.603014	1	1	-149.078	-227.386	133.7	-7.39118	40.3257	331.234	-149.066	-191.702	-227.981	133.749	61.462	-8.97089	40.2657	185.945	333.822	5.34964	16	0	94.1035	-37.0181	1.63069	218.315	-37.0181	1.63069	218.315	
8650	11572	326.864	737.049	326.386	-99999	108.233	-0.898633	1	1	-198.921	-125.237	132.064	-163.259	52.1244	-56.0525	-164.983	-138.614	-91.0131	132.064	-17.645	-163.616	52.1244	-7.44682	-56.1639	5.2956	9	0	79.5306	108.26	-45.1065	-16.5939	108.26	-45.1065	-16.5939	
8650	13002	165.499	365.717	161.909	-99999	12.647	-0.877036	1	1	-222.328	-306.766	128.134	-6.36449	-51.2007	-25.611	-222.264	-259.645	-308.524	128.292	55.2018	-9.28456	-51.2236	-40.9258	-25.4232	6.61961	11	0	69.2277	12.6446	0.00675824	-25.8077	12.6446	0.00675824	-25.8077	
8650	56059	328.746	694.347	311.257	-99999	46.698	-0.977254	1	1	-293.868	-317.223	131.355	-162.557	-791.131	-761.852	-293.941	-298.893	-317.902	131.355	-4.50613	-163.743	-791.131	-782.37	-761.796	5.10725	8	0	81.5658	46.7113	-12.6613	-764.093	46.7113	-12.6613	-764.093	
8650	16378	285.209	667.381	271.626	-99999	68.997	-0.860969	1	1	-213.815	-90.4615	130.366	-92.3581	-298.946	-204.843	-192.365	-129.737	-62.1985	130.753	11.7114	-102.515	-299.075	-251.815	-199.815	5.2908	9	0	61.6789	69.0183	-38.8157	-228.155	69.0183	-38.8157	-228.155	
8650	71211	276.674	607.135	260.735	-99999	116.931	-0.861756	0	0	-358.247	-228.843	62.6502	-162.894	814.516	833.352	-358.43	-289.081	-220.822	62.6502	-56.6306	-176.489	814.516	824.374	834.611	4.02714	8	0	48.7738	40.0783	-52.3418	812.547	40.0783	-52.3418	812.547	
8650	75896	148.021	375.341	147.211	-99999	105.557	-0.952903	1	0	-358.241	-336.424	74.631	-68.5854	813.955	834.806	-358.437	-349.853	-336.45	74.817	1.65452	-69.1422	813.892	819.533	834.952	5.44357	10	0	84.8583	105.564	25.3877	815.685	105.564	25.3877	815.685	
8650	75911	125.347	627.939	116.91	-99999	-38.129	-0.718039	1	1	-118.58	-117.539	130.352	47.0621	759.403	840.532	-130.533	-130.185	-129.123	130.91	83.699	41.8043	758.86	799.864	845.992	12.4448	8	0	243.97	-38.1118	6.79229	792.06	-38.1118	6.79229	792.06	
8650	70221	268.254	622.924	267.348	-99999	93.712	-0.831872	1	1	-234.657	-130.49	132.338	-92.6535	-104.279	-202.164	-205.411	-153.254	-100.815	132.597	17.3939	-93.1175	-104.163	-148.651	-202.376	4.34673	11	0	74.0695	93.7359	-37.7482	-174.464	93.7359	-37.7482	-174.464	
8650	3570	346.644	934.418	345.077	82.3901	76.737	-0.887923	1	1	-131.85	-263.274	132.627	-169.936	118.436	218.342	-131.687	-199.307	-263.469	133.057	-18.6676	-170.638	118.289	167.733	219.122	4.00401	10	0	67.9416	76.7612	-30.7344	179.162	76.7612	-30.7344	179.162	
8650	3570	363.376	801.685	360.157	112.942	107.261	-0.874975	1	1	-318.077	-97.0702	127.476	-155.297	66.7696	56.5039	-319.621	-213.571	-97.0702	130.279	-17.035	-155.297	67.0269	66.6854	56.5039	5.28299	7	0	78.7638	107.281	-29.8308	60.3268	107.281	-29.8308	60.3268	
8650	16858	135.684	396.76	134.733	-99999	-3.397	-0.968195	1	1	-263.857	-232.239	130.222	4.86816	-832.003	-796.56	-263.849	-249.451	-232.234	131.136	67.1893	4.86816	-832.238	-815.75	-796.56	4.50877	14	0	148.525	-3.36976	17.6449	-769.484	-3.36976	17.6449	-769.484	
8650	16993	111.005	315.569	109.433	-99999	-1.962	-0.995166	1	1	-320.776	-323.568	128.695	23.8082	468.194	493.741	-320.773	-322.244	-323.565	128.695	73.9901	22.3156	468.194	476.199	494.098	4.53235	10	0	119.257	-1.96399	-22.3442	466.875	-1.96399	-22.3442	466.875	
8650	18876	312.562	669.427	310.45	-99999	-46.505	-0.904476	1	1	-271.795	-276.906	129.184	-129.251	-275.552	-115.79	-271.422	-278.493	-276.834	130.817	-2.08568	-129.251	-276.258	-196.445	-115.79	5.60169	14	0	68.9337	-46.4853	-23.9522	-182.052	-46.4853	-23.9522	-182.052	
8650	37543	58.9626	134.218	58.2912	-99999	114.328	-0.809171	1	1	-193.175	-228.943	132.624	86.6197	-522.451	-521.77	-174.818	-192.588	-210.978	133.102	109.581	86.5546	-522.445	-522.316	-521.766	5.22755	6	0	49.1362	114.363	10.8598	-528.893	114.363	10.8598	-528.893	
8650	30988	192.913	419.364	189.62	39.5425	32.127	-0.945773	1	0	-254.274	-140.498	129.577	-19.4476	-865.442	-870.424	-255.029	-204.88	-139.947	131.975	50.6647	-19.9364	-865.145	-865.152	-870.398	9.18735	6	0	73.708	32.1524	9.34248	-782.91	32.1524	9.34248	-782.91	
9465	6145	86.807	227.368	86.7776	-99999	95.15	-0.926266	1	1	-253.056	-273.237	131.347	47.868	158.429	170.268	-253.205	-264.26	-273.391	131.347	89.793	47.8405	158.429	163.924	170.272	4.52114	10	0	50.2192	95.1749	-31.5978	223.556	95.1749	-31.5978	223.556	
9465	47682	157.546	7237.76	157.544	-99999	0.041	-0.263888	1	1	-281.576	-193.716	132.535	107.152	290.617	418.59	-281.576	-238.619	-193.716	132.535	118.653	107.152	290.617	354.924	418.59	73.0146	10	0	6743.87	-0.053288	26.8948	463.918	-0.053288	26.8948	463.918	
9465	125	186.189	382.013	160.575	-99999	-8.247	-0.331298	1	1	-200.589	-82.4954	132.006	78.5473	-508.467	-413.726	-203.379	-134.991	-67.1245	132.098	100.981	71.6093	-508.627	-453.667	-397.261	8.34966	14	0	90.1678	-8.23303	54.8005	-412.193	-8.23303	54.8005	-412.193	
9465	70712	258.543	553.705	258.163	-22.2813	14.658	-0.606899	0	0	-358.479	-174.653	93.9341	-77.3248	-337.596	-381.173	-358.479	-256.429	-174.423	93.9341	16.3588	-77.5137	-337.596	-354.06	-381.397	4.30761	12	0	71.6355	7.04345	-76.5396	41.948	-32.0965	4.33226	-353.399	
9465	25614	99.5047	246.443	98.7109	-99999	98.27	-0.951089	1	1	-298.067	-243.398	131.164	50.1504	442.585	447.247	-298.403	-273.374	-243.466	131.79	89.3528	50.0449	442.569	447.688	447.236	4.96706	6	0	74.3716	98.3054	27.0039	439.48	98.3054	27.0039	439.48	
9465	42198	309.172	717.771	308.468	34.2168	26.222	-0.986877	1	1	-167.449	-221.561	133.16	-168.47	242.929	273.433	-167.449	-195.022	-221.618	133.16	-18.1993	-169.061	242.929	257.874	273.775	9.28608	22	0	63.1276	26.2534	-25.9608	256.811	26.2534	-25.9608	256.811	
9465	42495	156.249	453.701	155.726	-99999	62.431	-0.848193	0	0	-262.953	-339.505	131.163	-1.18787	-442.134	-414.656	-263.051	-300.966	-339.829	131.163	63.9193	-1.51875	-442.134	-430.275	-414.325	10.4793	25	0	152.175	-999999	-999999	-999999	-999999	-999999	-999999	
9465	34487	32.4674	80.6001	30.6148	-99999	102.782	-0.821745	0	0	-111.276	-94.1436	129.65	104.456	520.055	523.019	-79.6352	-70.632	-61.4376	130.509	117.109	103.809	519.952	521.66	523.083	4.76077	6	0	51.0892	102.805	47.182	537.975	102.805	47.182	537.975	
9465	34514	337.993	612.607	337.972	-99999	98.405	-0.89695	1	1	-227.791	-251.39	131.707	-167.363	-656.261	-504.423	-227.945	-244.232	-251.544	131.707	-19.9116	-167.363	-656.261	-583.708	-504.423	6.32326	8	0	17.4476	98.4231	-24.8174	-576.276	98.4231	-24.8174	-576.276	
9465	949	310.194	880.25	309.127	-99999	42.392	-0.574933	1	1	-138.254	-217.507	133.336	-35.9844	333.97	580.083	-131.542	-171.519	-211.011	133.451	48.4364	-36.3362	333.808	457.189	580.848	4.7057	7	0	74.2373	42.442	-21.1242	537.222	42.442	-21.1242	537.222	
9465	44285	294.049	704.661	289.824	-99999	13.471	-0.714221	1	1	-131.204	-335.408	130.219	-74.9412	19.6216	20.2147	-130.904	-232.812	-337.813	130.527	25.2443	-77.6209	19.6178	20.4999	19.97	18.3247	10	0	117.23	13.4533	-54.3529	19.7532	13.4533	-54.3529	19.7532	
9465	19100	265.371	609.603	264.762	-99999	114.243	-0.945651	1	1	-190.975	-273.714	125.607	-120.479	-71.464	-28.3286	-208.953	-242.723	-291.963	125.691	0.737865	-120.929	-71.4815	-42.4817	-28.2949	4.94673	7	0	76.4866	114.27	-33.5622	-42.1854	114.27	-33.5622	-42.1854	
9465	2419	59.1419	170.977	57.122	-99999	53.892	-0.939942	0	0	-127.037	-138.981	132.375	79.3526	-364.757	-347.642	-109.978	-115.328	-122.393	133.354	105.502	78.5197	-365.093	-356.845	-347.32	6.89617	9	0	81.1424	53.913	40.7068	-363.088	53.913	40.7068	-363.088	
9465	74562	215.91	452.697	214.876	-99999	16.818	-0.929041	1	1	-235.735	-270.212	130.273	-69.4389	-607.437	-556.016	-235.711	-263.08	-270.217	130.423	32.3014	-69.822	-607.471	-572.279	-556.011	6.85521	8	0	68.4791	24.7042	29.3087	-448.356	24.7042	29.3087	-448.356	
9465	74697	216.167	408.223	183.793	-99999	58.603	-0.965723	1	1	-210.303	-219.28	131.251	-50.4668	826.717	839.704	-210.395	-215.326	-216.861	131.251	23.8775	-62.2482	826.717	831.064	869.016	5.17046	8	0	50.7892	58.6311	-5.66834	789.951	58.6311	-5.66834	789.951	
9465	16298	299.993	676.172	296.84	27.3659	16.741	-0.932917	1	1	-296.264	-151.673	130.698	-126.98	-245.929	-267.587	-296.42	-222.902	-150.682	131.149	1.39048	-129.367	-245.856	-260.018	-268.23	4.19946	11	0	87.4708	16.7664	-23.089	-260.704	16.7664	-23.089	-260.704	
9465	16730	274.602	617.405	271.813	-99999	83.037	-0.893	1	1	-234.904	-117.738	131.368	-110.867	-91.4208	-125.967	-209.083	-151.047	-90.5408	131.85	8.9475	-112.788	-91.3129	-109.224	-126.029	20.0349	6	0	86.2207	83.067	-52.8758	-127.979	83.067	-52.8758	-127.979	
9465	3052	313.186	744.669	312.887	-99999	71.492	-0.983314	1	1	-305.807	-198.181	130.317	-161.647	655.007	686.223	-317.124	-264.661	-209.445	130.608	-15.9799	-161.647	654.991	670.357	686.223	6.11599	9	0	54.1427	71.5266	-14.4746	664.03	71.5266	-14.4746	664.03	
9465	63921	182.462	421.571	180.464	-99999	12.664	-0.72862	1	1	-293.598	-333.814	129.749	13.3391	-774.311	-646.905	-293.589	-318.139	-334.235	129.809	63.2904	12.0089	-774.361	-717.107	-645.614	5.63174	20	0	86.4037	12.6994	21.4092	-689.797	12.6994	21.4092	-689.797	
9465	73536	66.4613	9494.95	65.4449	-99999	56.672	-0.715811	1	1	-103.815	-102.654	133.28	82.0034	-696.021	-659.299	-86.0444	-87.659	-84.656	133.28	105.256	81.8803	-696.021	-678.56	-658.968	26.5495	25	0	9492.59	56.6919	-18.8167	-592.337	56.6919	-18.8167	-592.337	
9465	53164	257.895	596.479	256.494	-20.9249	-27.251	-0.998337	1	1	-238.183	-172.806	129.826	-116.326	653.609	663.759	-238.2	-212.157	-172.691	130.926	4.89071	-116.591	653.565	658.565	663.775	7.84028	7	0	75.3147	-27.2216	-27.403	651.32	-27.2216	-27.403	651.32	
9465	39085	309.907	2413.53	307.883	13.283	4.232	-0.820959	1	1	-337.184	-187.958	131.588	-105.24	-164.896	-288.667	-337.184	-265.211	-187.266	131.588	14.3033	-107.094	-164.896	-235.882	-289.022	4.05235	13	0	73.8611	4.26239	-2.81135	-233.091	4.26239	-2.81135	-233.091	
9465	70	236.224	651.538	236.007	-99999	95.219	-0.711075	1	1	-225.111	-76.2976	132.237	-29.9424	-118.625	-203.399	-210.223	-136.142	-61.2944	132.394	51.0977	-29.9424	-118.536	-161.425	-203.399	19.4031	8	0	69.1988	95.2531	-24.8032	-129.642	95.2531	-24.8032	-129.642	
9465	6335	158.659	364.001	153.811	-99999	29.815	-0.851765	1	1	-304.022	-219.405	129.358	10.4846	-342.285	-295.795	-304.268	-263.688	-216.718	129.773	68.0027	7.19768	-342.439	-314.289	-294.938	4.32568	10	0	74.1793	29.849	10.76	-316.191	29.849	10.76	-316.191	
9465	63225	147.092	436.662	147.062	110.61	97.193	-0.895661	1	1	-229.602	-163.272	130.977	8.60129	7.52786	52.0119	-229.602	-196.542	-163.272	130.977	68.8119	8.60129	7.52786	28.221	52.0119	5.05413	10	0	75.0686	97.2146	-1.75293	32.7869	97.2146	-1.75293	32.7869	
9465	42012	271.215	566.44	266.03	-99999	7.547	-0.995876	1	1	-99.5481	-105.93	133.27	-128.14	-485.95	-508.685	-97.2054	-98.6237	-103.233	133.585	1.13457	-130.579	-485.923	-502.794	-508.61	4.39011	9	0	81.112	7.56651	-26.6243	-506.474	7.56651	-26.6243	-506.474	
9465	8348	199.414	519.126	176.842	-99999	71.956	-0.679066	1	1	-230.085	-101.146	132.861	16.1514	-623.213	-591.309	-207.522	-134.849	-62.5747	132.861	67.0545	0.960968	-623.213	-605.088	-586.748	4.45374	14	0	125.732	71.9781	10.8906	-588.046	71.9781	10.8906	-588.046	
9465	4094	179.541	413.304	178.014	-99999	44.87	-0.216801	1	0	-189.217	-75.9871	116.555	76.7961	-888.559	-757.107	-175.394	-118.396	-61.2041	116.636	96.3561	76.6228	-888.846	-822.528	-756.235	6.49884	9	0	55.3558	44.8367	35.3441	-745.412	44.8367	35.3441	-745.412	
9465	44777	187.539	276.995	185.732	-99999	22.876	-0.756291	1	1	-246.362	-335.388	127.279	-0.330718	408.911	496.849	-246.398	-292.37	-335.424	127.279	57.4028	-0.330718	408.911	449.388	496.849	4.02122	10	0	45.5691	22.9106	-9.97504	480.068	22.9106	-9.97504	480.068	
9465	17939	57.7433	135.868	57.3062	-99999	62.173	-0.727474	1	1	-179.572	-220.625	133.013	94.4342	-779.07	-789.516	-169.493	-189.946	-210.828	133.336	113.72	94.4342	-778.996	-784.465	-789.516	5.89204	7	0	46.0555	62.2216	-10.7375	-769.969	62.2216	-10.7375	-769.969	
9465	18398	95.8029	265.333	95.8015	-99999	-5.934	-0.751892	0	0	-356.252	-329.983	-24.3521	-91.1328	-170.692	-107.508	-356.243	-342.978	-329.974	-24.3521	-58.973	-91.1328	-170.692	-140.406	-107.508	4.65424	14	0	86.7727	-18.571	-22.6368	559.274	9.19905	-34.3382	-161.55	
9465	18884	47.5805	131.321	47.5378	-99999	61.883	-0.770329	1	0	-107.952	-81.2194	130.361	93.5668	479.31	465.483	-88.5723	-75.1001	-61.8151	130.394	111.999	93.5668	479.322	472.534	465.483	7.63718	9	0	52.7383	61.9133	52.6759	440.649	61.9133	52.6759	440.649	
9465	55270	274.872	720.639	272.523	-99999	83.886	-0.992333	1	1	-279.821	-197.181	129.856	-129.539	-77.1569	-86.8124	-293.176	-253.157	-210.061	131.121	-0.132864	-130.556	-77.1799	-82.3334	-86.8517	4.21958	8	0	57.7724	83.9086	-25.2526	-81.3554	83.9086	-25.2526	-81.3554	
9465	29456	131.38	330.233	131.378	-99999	-1.884	-0.850034	1	1	-358.11	-309.22	61.3333	-48.5826	-264.664	-212.796	-358.107	-331.654	-309.217	61.3333	5.63687	-48.5826	-264.664	-242.095	-212.796	4.39918	16	0	83.1498	-1.86778	5.41804	-229.354	-1.86778	5.41804	-229.354	
9465	11267	35.1834	91.1053	35.1414	-99999	83.945	-0.927959	1	1	-218.887	-224.596	132.872	100.829	288.796	275.572	-205.657	-208.407	-211.369	132.91	116.821	100.829	288.81	282.276	275.572	4.59562	13	0	55.7695	83.9761	-31.7369	228.662	112.276	28.2532	200.805	
9465	55747	261.957	606.394	259.968	117.716	110.068	-0.991086	1	1	-234.847	-164.123	127.393	-111.52	471.069	410.255	-234.926	-208.579	-163.477	128.212	1.49712	-112.31	471.141	452.456	409.715	6.0644	11	0	77.8176	110.092	-30.9644	433.75	110.092	-30.9644	433.75	
9465	27514	111.283	270.637	110.063	40.3783	27.643	-0.921775	1	1	-219.137	-166.126	131.833	38.7306	700.382	720.5	-219.233	-197.222	-165.588	132.119	82.6842	38.051	700.309	712.429	720.495	5.58287	8	0	73.8624	27.6735	11.7928	707.423	27.6735	11.7928	707.423	
9465	62335	161.41	369.237	159.916	114.185	105.711	-0.950748	1	1	-230.607	-189.575	129.708	-10.402	772.983	714.144	-230.49	-221.222	-189.521	130.994	56.3593	-10.5055	773.357	744.507	714.075	7.25292	12	0	80.4919	105.735	-2.58847	722.238	105.735	-2.58847	722.238	
9465	67910	331.259	881.677	330.286	-99999	50.998	-0.358034	1	1	-193.115	-77.81	130.069	12.3448	186.262	472.495	-177.3	-119.642	-61.6446	130.247	71.1652	12.2103	185.832	329.419	472.914	4.00523	12	0	59.9644	51.0479	17.4031	385.159	51.0479	17.4031	385.159	
9465	14233	319.052	732.076	318.497	68.597	60.958	-0.563261	1	1	-132.093	-234.623	133.456	-62.4566	446.341	670.284	-132.093	-185.637	-234.745	133.456	43.8721	-62.9403	446.341	566.9	670.509	4.25262	13	0	77.6323	61.0068	-7.82753	576.644	61.0068	-7.82753	576.644	
9465	14422	238.378	764.052	238.236	68.4071	61.935	-0.981516	1	1	-158.82	-218.642	134.13	-94.4819	675.451	678.671	-158.82	-188.796	-218.643	134.13	19.0607	-94.5723	675.451	681.459	678.665	4.07148	7	0	295.402	61.958	-17.976	669.922	61.958	-17.976	669.922	
9465	45646	315.732	710.184	313.508	60.0001	51.079	-0.87118	1	1	-282.963	-103.742	130.86	-105.448	-562.665	-644.013	-283.238	-181.409	-103.899	131.387	14.9824	-106.663	-562.576	-592.856	-645.064	5.14089	18	0	73.0279	51.1125	-25.7922	-604.556	51.1125	-25.7922	-604.556	
9465	18360	91.7326	248.999	91.2916	-99999	-38.893	-0.864541	0	0	-233.012	-275.331	126.21	47.8689	-59.7725	-39.7591	-232.74	-253.776	-275.271	126.589	86.9299	47.8689	-59.846	-50.5005	-39.7591	5.51765	10	0	65.1807	-999999	-999999	-999999	-999999	-999999	-999999	
9465	540	257.754	583.312	255.233	-19.3265	-24.679	-0.89247	1	1	-297.107	-178.047	129.824	-85.2488	809.836	751.339	-297.7	-243.395	-178.047	132.064	23.9638	-85.2488	810.795	766.935	751.339	7.14203	10	0	71.8023	-24.6505	-4.20259	754.103	-24.6505	-4.20259	754.103	
9465	12333	72.4293	232.271	70.5593	-99999	2.506	-0.756555	1	1	-120.695	-76.7918	132.408	77.2398	-674.529	-675.668	-121.133	-98.2439	-76.006	133.817	105.766	77.2398	-674.474	-675.193	-675.668	6.49296	7	0	79.5785	2.52622	39.5577	-674.826	2.52622	39.5577	-674.826	
9465	39888	224.936	532.948	222.48	-99999	-25.012	-0.86353	1	1	-341.732	-241.022	130.499	-54.5173	487.934	559.241	-341.693	-291.44	-239.507	130.499	36.7238	-56.3412	487.934	524.243	559.955	8.37437	8	0	64.9493	-24.9812	-22.2602	546.683	-24.9812	-22.2602	546.683	
9465	67367	424.362	1372.58	423.203	-99999	86.422	-0.369095	1	1	-223.419	-89.0331	129.744	-22.2411	477.123	848.147	-196.447	-128.587	-61.8252	129.9	53.0967	-22.6813	476.753	662.533	848.713	4.94328	6	0	234.484	86.4778	-13.9376	753.972	86.4778	-13.9376	753.972	
9465	17581	148.568	362.564	146.206	-99999	101.446	-0.814749	1	1	-219.65	-264.77	131.97	12.593	-860.453	-789.551	-219.809	-244.403	-265.699	131.97	70.9117	10.6597	-860.453	-826.283	-788.44	6.36867	16	0	70.2546	109.284	-43.6487	720.817	109.284	-43.6487	720.817	
9465	61339	476.389	710.177	469.357	-99999	-38.946	-0.873416	1	1	-127.626	-186.947	133.36	-167.924	314.924	140.024	-139.838	-193.072	-199.159	133.36	-67.4767	-167.924	314.924	198.575	140.024	5.65802	6	0	13.8349	-38.9299	-24.6458	225.913	-38.9299	-24.6458	225.913	
9465	61744	151.371	439.452	150.516	-99999	112.969	-0.865403	1	1	-168.339	-97.3659	133.057	0.429091	-201.692	-196.899	-133.253	-97.6961	-61.8564	133.638	66.8887	0.269178	-201.722	-198.885	-196.903	4.23477	7	0	60.2257	112.987	-4.9798	-198.575	112.987	-4.9798	-198.575	
9465	20250	235.553	539.015	234.538	-99999	87.559	-0.933649	1	1	-313.462	-249.57	129.251	-90.7584	279.026	326.791	-313.69	-282.554	-249.636	129.978	19.8468	-90.975	278.759	306.078	326.829	5.37254	10	0	74.9891	87.5959	-21.2936	320.581	87.5959	-21.2936	320.581	
9465	68544	178.127	295.973	176.61	-99999	91.006	-0.942467	1	1	-302.281	-315.053	130.45	-30.2874	-727.261	-662.986	-302.394	-314.857	-315.271	130.56	47.6575	-31.2572	-727.286	-697.486	-662.638	7.3117	7	0	53.7115	83.487	18.5519	-449.367	83.487	18.5519	-449.367	
9465	70232	111.281	255.826	111.279	-99999	31.298	-0.503928	1	1	-358.283	-263.272	-9.18118	-49.3769	-311.216	-271.201	-358.332	-310.75	-263.32	-9.18118	-32.6363	-49.3769	-311.216	-294.603	-271.201	4.23149	8	0	63.3355	31.3215	-29.9072	-283.272	31.3215	-29.9072	-283.272	
9465	16393	349.346	788.673	348.985	-99999	-2.628	-0.538282	1	1	-85.2075	-236.481	133.351	-41.7792	-304.057	-43.4806	-85.0613	-159.857	-236.486	133.536	45.8597	-41.7841	-304.306	-173.204	-43.4668	6.1904	16	0	74.53	-2.58273	-0.797738	-169.918	-2.58273	-0.797738	-169.918	
9465	16528	299.363	2795.91	297.85	17.8408	10.649	-0.866859	1	1	-273.397	-135.442	129.402	-95.2915	775.931	639.627	-273.794	-208.215	-135.442	130.709	13.0582	-95.2915	776.567	711.906	639.627	4.3484	11	0	79.7108	10.6853	-23.169	689.532	10.6853	-23.169	689.532	
9465	17257	27.8439	57.2564	27.7043	-99999	40.726	-0.992342	0	0	-274.576	-269.307	127.893	100.777	871.86	873.704	-274.651	-272.407	-269.371	128.031	114.328	100.777	871.851	872.729	873.704	4.3299	10	0	42.0262	-999999	-999999	-999999	-999999	-999999	-999999	
9465	14572	100.02	242.297	97.754	-99999	73.767	-0.633728	1	1	-172.047	-99.31	132.406	67.5945	-625.773	-618.217	-149.918	-112.484	-75.6077	133.223	100.331	66.822	-625.922	-621.787	-618.192	7.42698	7	0	55.4377	73.7824	60.7068	-620.658	73.7824	60.7068	-620.658	
9465	34643	161.334	565.773	161.333	-99999	42.708	-0.482898	1	1	-357.066	-229.694	-87.7538	-164.468	-645.64	-583.111	-357.133	-292.939	-229.76	-87.7538	-125.318	-164.468	-645.64	-614.435	-583.111	8.53093	9	0	106.867	45.4772	-28.4626	-175.078	82.3372	-23.8984	-776.538	
9465	73937	301.134	643.989	300.794	41.8498	34.812	-0.949695	1	1	-201.026	-218.938	133.355	-162.804	-889.168	-848.264	-201.026	-212.332	-218.94	133.355	-15.1474	-163.07	-889.168	-874.017	-848.221	5.49761	9	0	36.0384	34.8546	-26.1066	-787.373	34.8546	-26.1066	-787.373	
9465	56785	271.14	625.992	269.68	-99999	62.926	-0.89143	1	1	-303.38	-275.384	127.065	-108.787	526.246	652.224	-303.42	-285.825	-275.482	128.363	10.0074	-108.787	525.6	588.745	652.224	4.40411	14	0	68.142	62.9584	-18.2945	600.607	62.9584	-18.2945	600.607	
9465	57379	269.096	606.596	268.281	109.107	104.079	-0.855858	1	1	-136.175	-298.202	131.423	-81.0884	-224.984	-222.536	-136.166	-211.686	-298.639	131.44	20.1384	-81.7439	-224.984	-226.667	-222.478	5.05553	7	0	74.9889	104.109	-23.0564	-228.351	104.109	-23.0564	-228.351	
9465	57946	229.011	1256.92	228.982	-99999	68.156	-0.540483	1	1	-357.798	-278.308	129.684	8.50868	-188.886	-13.8766	-357.905	-316.792	-278.414	129.684	66.299	8.50868	-188.886	-102.857	-13.8766	142.851	10	0	563.2	68.186	-17.7947	-74.922	68.186	-17.7947	-74.922	
9465	4436	335.415	965.026	335.35	-99999	59.838	-0.747662	1	1	-358.648	-242.316	123.997	-141.083	-784.286	-615.12	-358.741	-300.049	-242.389	123.997	-7.70507	-141.134	-784.286	-698.697	-615.094	7.58096	13	0	144.825	59.8717	-7.75062	-681.541	59.8717	-7.75062	-681.541	
9465	43797	338.624	733.916	333.661	-41.2716	-47.467	-0.741746	1	1	-157.624	-250.021	132.615	-97.5213	-248.054	-467.495	-157.47	-191.756	-251.497	133.604	13.151	-99.423	-247.196	-360.773	-470.22	5.00906	6	0	77.2398	-47.4412	-24.2212	-380.178	-47.4412	-24.2212	-380.178	
9465	44283	226.876	724.058	226.428	-99999	75.44	-0.416083	1	1	-117.425	-231.596	133.628	46.664	522.884	696.657	-93.5785	-150.621	-207.94	133.808	87.6644	46.664	522.539	609.035	696.657	15.9512	16	0	251.185	75.4874	-5.64296	718.142	75.4874	-5.64296	718.142	
9465	24244	303.397	541.252	294.253	-99999	6.437	-0.980733	1	1	-264.288	-292.838	130.274	-160.273	-485.762	-470.412	-264.29	-280.651	-293.225	130.314	-20.168	-167.337	-485.762	-476.456	-470.453	4.41294	10	0	74.3447	6.4728	-35.261	-468.102	6.4728	-35.261	-468.102	
9465	52866	82.2342	233.218	82.0428	-99999	85.11	-0.623747	0	0	-223.63	-266.043	128.193	77.9161	-265.447	-217.011	-223.763	-243.656	-266.289	128.193	102.147	77.7922	-265.447	-240.692	-216.924	8.24993	12	0	86.0378	-999999	-999999	-999999	-999999	-999999	-999999	
9465	53001	22.1175	95.2011	22.008	-99999	-6.815	-0.552198	0	0	-177.932	-190.639	129.175	114.625	632.674	622.682	-180.069	-186.673	-192.836	129.175	122.765	114.541	632.674	626.563	622.653	5.87492	10	0	89.2766	22.1676	-33.8951	-379.542	22.1676	-33.8951	-379.542	
9465	53109	217.307	616.331	216.52	-99999	115.133	-0.962894	1	1	-132.86	-98.0657	129.918	-79.4135	392.2	435.114	-96.8391	-78.8182	-61.9167	130.356	25.4346	-79.7329	392.106	413.812	435.157	4.26079	6	0	65.1946	115.133	-19.7203	429.393	115.133	-19.7203	429.393	
9465	65471	315.823	755.941	312.913	-99999	-37.077	-0.734616	1	1	-311.302	-273.102	130.774	-89.8829	-80.2192	132.98	-311.164	-289.872	-273.142	131.307	14.7656	-90.1646	-80.7249	22.4278	135.101	8.66748	23	0	98.6748	-37.047	-4.57618	32.2093	-37.047	-4.57618	32.2093	
9465	27470	300.25	676.231	298.115	52.1357	42.76	-0.670749	1	1	-265.426	-124.605	131.187	-42.7774	798.802	602.962	-265.426	-196.412	-123.644	131.187	44.4109	-43.8858	798.802	698.056	601.426	5.63384	14	0	75.7505	42.8023	-9.63588	660.915	42.8023	-9.63588	660.915	
9465	1298	75.2803	235.452	73.7384	-99999	66.42	-0.99873	1	0	-212.566	-229.848	133.174	62.3725	-298.983	-301.779	-191.739	-196.225	-209.503	133.219	96.0285	60.9688	-298.981	-301.163	-301.614	10.4835	7	0	114.724	66.446	14.6602	-304.616	66.446	14.6602	-304.616	
9465	71615	112.513	284.656	112.032	-99999	72.485	-0.970762	1	0	-116.162	-132.519	133.812	23.5121	-110.749	-108.929	-93.4345	-101.874	-109.864	133.881	78.6	23.1282	-110.768	-106.198	-108.972	8.08799	8	0	71.0567	72.4942	10.0338	-118.011	72.4942	10.0338	-118.011	
9465	17071	322.831	1716.77	322.625	-99999	116.987	-0.934128	0	0	-175.212	-229.926	133.085	-163.615	-360.74	-474.548	-156.764	-185.639	-211.493	133.213	-15.0211	-163.673	-360.695	-417.639	-474.564	7.98316	14	0	65.0258	-999999	-999999	-999999	-999999	-999999	-999999	
9465	75872	158.381	384.014	157.908	-99999	58.306	-0.777715	1	1	-179.004	-80.2734	132.522	9.3431	-384.227	-380.7	-160.799	-111.33	-61.7745	132.618	70.7981	9.06931	-384.23	-382.838	-380.691	4.01238	6	0	50.9343	58.3322	13.7981	-382.361	58.3322	13.7981	-382.361	
9465	60386	92.0872	317.842	92.0263	-99999	-45.825	-0.824597	1	0	-303.76	-300.928	128.755	46.5772	-217.019	-178.628	-303.688	-307.607	-300.846	128.755	87.0181	46.5361	-217.019	-198.472	-178.619	16.0557	6	0	162.754	-45.8052	33.7149	-199.195	-45.8052	33.7149	-199.195	
9465	40850	83.9538	599.397	81.8998	-99999	105.572	-0.880823	1	1	-134.493	-94.368	125.307	57.0992	576.128	560.042	-101.747	-81.9628	-61.1782	126.2	91.2446	56.9826	576.119	568.165	560.019	5.14176	9	0	75.6885	105.581	54.5141	574	105.581	54.5141	574	
9465	41822	209.923	1714.97	207.96	17.2739	10.524	-0.922061	1	1	-251.314	-178.99	129.227	-39.3307	584.252	487.878	-251.631	-218.86	-178.823	130.605	43.1086	-39.7447	584.722	537.241	487.757	5.63381	12	0	77.1498	10.5587	-10.5417	527.668	10.5587	-10.5417	527.668	
9465	33049	236.47	510.496	235.21	33.8308	27.473	-0.66774	1	1	-322.07	-181.141	131.105	5.05633	635.058	773.077	-322.07	-247.871	-180.689	131.105	68.9946	4.47686	635.058	702.459	774.093	5.11484	8	0	72.0068	27.4918	13.0998	701.163	27.4918	13.0998	701.163	
9465	76246	85.8165	244.834	85.3231	-99999	8.271	-0.733575	1	0	-344.624	-328.55	129.346	66.1297	-772.247	-717.653	-344.637	-336.169	-328.44	129.346	97.1258	65.8105	-772.247	-745.248	-717.314	6.02382	15	0	77.6833	8.29787	50.216	-744.743	8.29787	50.216	-744.743	
9465	64981	319.688	697.589	318.701	-99999	-6.046	-0.930442	1	1	-188.086	-125.005	131.785	-168.453	123.481	207.774	-190.183	-157.314	-126.816	132.431	-18.3339	-168.711	123.31	164.464	207.814	4.12761	7	0	71.4093	-6.02364	-37.4643	177.012	-6.02364	-37.4643	177.012	
9465	10846	108.946	323.32	108.305	-99999	97.912	-0.924954	1	1	-128.614	-92.6414	133.757	32.1116	-429.602	-419.467	-97.9121	-79.8546	-61.7192	133.757	82.6348	31.5129	-429.602	-424.389	-419.416	4.91876	7	0	52.7677	97.9322	24.5441	-425.581	97.9322	24.5441	-425.581	
9465	55863	169.074	396.191	169.071	-99999	88.962	-0.807871	1	1	-358.51	-269.706	-36.7164	-157.566	542.694	616.803	-358.649	-318.401	-269.846	-36.7164	-102.735	-157.566	542.694	576.76	616.803	4.65028	11	0	78.091	88.9699	-66.3756	572.344	88.9699	-66.3756	572.344	
9465	56430	160.291	478.874	159.479	28.6045	23.318	-0.930841	1	1	-182.189	-242.557	131.515	-8.45712	-320.003	-276.302	-182.048	-207.259	-242.678	132.06	58.4488	-8.63449	-320.155	-301.261	-276.262	5.2952	9	0	154.328	23.3457	-5.32785	-290.026	23.3457	-5.32785	-290.026	
9465	23887	299.869	775.494	299.49	-99999	64.264	-0.946713	1	1	-214.747	-245.577	131.27	-162.882	19.5672	44.2803	-214.772	-240.368	-245.677	131.471	-15.9417	-162.882	19.5589	26.3612	44.2803	5.32356	10	0	106.724	64.2775	9.59929	99.0422	64.2775	9.59929	99.0422	
9465	19486	273.026	608.993	272.773	78.3606	64.948	-0.889119	1	1	-227.946	-81.6784	132.201	-88.8594	497.178	435.319	-228.035	-156.162	-81.6784	132.399	21.4513	-88.8594	497.222	464.774	435.319	9.22172	6	0	73.7124	64.9739	-40.0469	439.83	64.9739	-40.0469	439.83	
9465	11612	165.924	361.388	164.453	-99999	-47.267	-0.954728	1	1	-278.56	-216.338	128.688	-13.2452	-468.875	-420.078	-278.713	-255.873	-216.184	129.931	53.2429	-13.379	-469.182	-447.846	-420.022	5.56738	11	0	71.0521	-47.2389	-0.168253	-428.066	-47.2389	-0.168253	-428.066	
9465	11909	125.497	285.914	124.702	-99999	41.019	-0.767693	1	1	-358.337	-294.836	90.9758	-4.96775	-35.0575	11.5965	-358.401	-324.89	-294.636	90.9758	43.4213	-5.67399	-35.0575	-11.6276	11.8133	6.39391	10	0	70.8839	41.0432	47.0972	-17.0856	41.0432	47.0972	-17.0856	
9465	40704	224.541	650.008	223.308	-99999	68.813	-0.993645	1	1	-209.289	-221.673	130.786	-88.8339	-545.412	-583.634	-198.39	-204.522	-210.832	131.876	21.5619	-88.961	-545.313	-565.1	-583.649	7.59717	9	0	62.7867	68.8426	-21.2459	-576.029	68.8426	-21.2459	-576.029	
9465	65840	385.054	816.455	383.322	63.6965	57.094	-0.775109	1	1	-190.953	-220.605	131.368	-147.466	-353.922	-95.7152	-190.764	-218.58	-220.586	132.246	-13.6867	-147.881	-354.612	-232.675	-95.3134	8.32438	12	0	58.6344	57.128	-31.3053	-215.134	57.128	-31.3053	-215.134	
9465	60021	352.403	776.871	352.276	-99999	-20.575	-0.950543	1	1	-135.688	-184.44	133.974	-164.485	-421.277	-599.157	-142.14	-164.896	-190.932	133.974	-20.2143	-164.562	-421.277	-503.163	-599.243	7.37789	13	0	64.8683	-20.541	-30.2544	-136.586	-20.541	-30.2544	-136.586	
9465	50351	163.893	377.714	160.125	-99999	73.617	-0.944234	1	1	-304.721	-226.673	129.125	-6.28269	-600.251	-570.791	-305.119	-271.848	-225.625	130.291	57.5217	-8.49577	-600.502	-583.627	-570.352	4.25229	10	0	72.0922	73.6547	16.0949	-583.366	73.6547	16.0949	-583.366	
9465	58320	81.4803	210.275	81.4795	-99999	-24.299	-0.822286	1	0	-354.629	-318.669	70.5498	3.11069	791.301	819.351	-354.591	-336.143	-318.631	70.5498	36.9932	3.11069	791.301	805.098	819.351	7.4004	12	0	78.8916	-24.2988	55.467	786.456	-24.2988	55.467	786.456	
9465	39516	62.6857	163.32	62.6127	-99999	108.666	-0.982236	1	1	-222.17	-228.667	132.537	72.28	-504.134	-519.751	-205.048	-208.028	-211.545	132.607	102.483	72.28	-504.122	-512.168	-519.751	10.9975	11	0	70.3467	112.105	-38.9579	317.531	-19.1949	-77.6809	-741.155	
9465	67957	39.8331	154.26	38.9603	-99999	115.024	-0.877886	1	1	-210.01	-229.27	132.4	98.7372	-126.641	-130.322	-191.559	-201.249	-211.229	133.029	115.732	98.6008	-126.571	-128.455	-130.338	7.6204	9	0	108.712	115.039	-41.7147	-148.52	115.039	-41.7147	-148.52	
9465	74738	140.705	310.889	140.703	-99999	68.495	-0.923657	1	1	-350.336	-329.803	36.7872	-90.1656	-367.275	-311.338	-350.443	-336.156	-329.91	36.7872	-27.4297	-90.1656	-367.275	-342.455	-311.338	4.85405	9	0	57.6106	68.5221	13.9	-351.425	68.5221	13.9	-351.425	
9465	8075	279.572	699.255	279.262	-99999	49.202	-0.585739	1	1	-332.398	-237.882	130.34	-22.0893	-593.372	-380.783	-332.563	-278.431	-237.959	130.52	55.9748	-22.0893	-593.606	-488.703	-380.783	4.28829	15	0	77.6989	49.2378	15.928	-484.37	49.2378	15.928	-484.37	
9465	11988	235.101	764.107	234.657	-99999	63.959	-0.962285	1	1	-140.998	-82.2757	133.18	-93.8768	-164.661	-157.178	-121.041	-91.5476	-62.1922	133.52	19.7878	-93.9597	-164.663	-161.137	-157.179	4.58019	8	0	89.1575	63.9823	-52.1604	-154.537	63.9823	-52.1604	-154.537	
9465	69604	269.592	614.302	268.117	-99999	-17.194	-0.958273	1	1	-150.318	-204.509	131.775	-127.688	-505.947	-469.037	-155.553	-184.255	-209.893	132.739	3.0068	-128.142	-506.191	-484.136	-468.973	5.83082	7	0	84.5744	-17.1756	-21.4598	-479.41	-17.1756	-21.4598	-479.41	
9465	36960	292.635	661.684	291.656	18.635	9.443	-0.995362	1	1	-153.898	-221.814	133.119	-147.409	837.091	866.668	-153.902	-185.27	-222.095	133.38	-9.22243	-148.021	837.07	843.947	866.841	4.11073	11	0	77.3905	9.47664	-17.602	784.808	9.47664	-17.602	784.808	
9465	37743	169.747	387.99	161.483	-99999	102.372	-0.795778	1	1	-219.329	-278.017	127.373	-7.75513	796.753	859.412	-216.542	-249.463	-278.161	131.876	58.2122	-10.4507	795.648	821.333	859.596	8.34142	10	0	76.6094	102.385	7.46821	795.868	102.385	7.46821	795.868	
9465	63168	153.314	344.494	153.129	-99999	-0.454	-0.795928	1	1	-240.835	-310.312	131.896	4.12054	-305.372	-261.967	-240.727	-281.113	-310.311	132.038	68.9652	4.12054	-305.408	-289.6	-261.967	4.53426	13	0	68.8563	-0.419027	14.4374	-269.105	-0.419027	14.4374	-269.105	
9465	3815	251.406	575.074	250.313	83.5959	75.165	-0.994598	1	1	-233.08	-169.274	131.276	-106.815	-762.969	-726.804	-233.08	-197.872	-168.824	131.276	11.3141	-107.796	-762.969	-752.471	-726.73	5.32267	6	0	76.3442	75.1953	-22.6091	-726.438	75.1953	-22.6091	-726.438	
9465	23201	341.91	895.624	341.105	-99999	55.775	-0.34152	1	1	-308.23	-255.397	132.508	60.4055	361.834	690.067	-308.249	-277.613	-255.484	132.781	97.9082	60.4055	361.09	525.263	690.067	5.95123	13	0	106.999	55.8183	26.7185	533.283	55.8183	26.7185	533.283	
9465	23579	109.756	525.397	109.243	-99999	51.483	-0.913347	1	1	-250.555	-290.565	130.222	28.7805	-450.812	-449.908	-250.419	-269.68	-290.646	130.684	79.3098	28.7805	-450.814	-451.235	-449.908	37.7942	8	0	162.042	51.5174	-31.8364	-442.236	51.5174	-31.8364	-442.236	
9465	59188	75.2748	214.559	75.0994	-99999	29.103	-0.671986	1	1	-357.683	-326.121	-18.6291	-63.5994	571.755	622.406	-357.729	-342.595	-326.095	-18.6291	-43.8781	-63.6982	571.755	595.178	622.531	7.05335	14	0	83.8072	29.1061	-30.2779	588.87	29.1061	-30.2779	588.87	
9465	68996	166.351	401.39	164.689	-99999	79.701	-0.946575	1	1	-129.346	-87.0687	132.815	-25.2615	-752.271	-733.869	-104.581	-82.5259	-61.8845	133.494	53.796	-26.1819	-752.345	-743.456	-733.838	4.68873	8	0	47.4377	79.7283	-11.4352	-751.895	79.7283	-11.4352	-751.895	
9465	10611	253.424	582.892	251.066	-99999	77.112	-0.999739	1	1	-328.245	-290.285	127.992	-119.537	178.918	186.554	-328.388	-306.169	-290.354	129.677	5.19468	-120.189	178.925	184.59	186.469	7.85718	6	0	90.7566	72.1835	-56.5881	58.3372	72.1835	-56.5881	58.3372	
9465	59387	219.762	482.837	218.305	-99999	39.898	-0.887928	1	1	-216.793	-304.798	129.786	-66.2028	320.68	349.425	-216.855	-266.236	-305.197	129.786	32.2894	-67.611	320.68	329.969	349.298	4.30704	8	0	74.1417	39.927	-29.2114	315.279	39.927	-29.2114	315.279	
9465	3416	212.596	456.049	209.069	-99999	12.796	-0.872808	1	1	-334.914	-311.41	129.225	-58.8916	-408.441	-321.827	-334.715	-319.395	-311.515	131.007	37.3295	-60.2703	-409.412	-362.358	-321.293	6.14343	13	0	52.6119	12.8195	1.54815	-349.609	12.8195	1.54815	-349.609	
9465	9649	301.84	861.669	299.776	38.4779	31.367	-0.993846	1	1	-185.243	-216.316	131.677	-163.381	-555.556	-520.56	-185.182	-202.081	-216.348	132.791	-16.3408	-164.021	-555.661	-540.133	-519.94	4.44983	18	0	70.3571	31.3842	-21.0139	-542.728	31.3842	-21.0139	-542.728	
9465	76906	107.22	261.573	106.805	-99999	90.931	-0.899479	1	1	-137.135	-90.6502	127.503	31.6756	-28.8506	-20.9013	-108.798	-85.5096	-62.1375	127.876	79.7675	31.6756	-28.8824	-24.744	-20.9013	5.8971	7	0	55.4238	90.9302	33.9602	-23.8992	90.9302	33.9602	-23.8992	
9465	26463	81.5157	207.477	81.5151	-99999	88.254	-0.432625	0	0	-232.784	-171.423	134.294	98.157	-294.025	-333.678	-205.11	-174.356	-143.75	134.294	116.162	98.157	-294.025	-313.675	-333.678	6.97118	11	0	56.2388	-999999	-999999	-999999	-999999	-999999	-999999	
9465	46105	110.419	281.07	109.51	-99999	22.397	-0.974598	1	1	-95.7777	-120.921	132.718	26.892	-177.134	-168.669	-88.5748	-101.985	-113.898	133.6	80.2744	26.892	-177.215	-172.72	-168.669	5.70091	8	0	74.1037	22.422	-13.5063	230.339	-21.318	9.85901	-195.411	
9465	37042	91.4906	189.372	91.4892	-99999	102.176	-0.773692	1	1	-164.536	-227.46	133.556	67.3551	778.708	773.66	-148.436	-179.785	-211.361	133.556	100.341	67.3551	778.708	776.381	773.66	4.00488	7	0	40.9767	102.201	-36.101	752.399	102.201	-36.101	752.399	
9465	37636	294.337	646.502	291.501	-19.7706	-26.196	-0.864003	1	1	-79.2115	-237.142	131.311	-108.002	-173.95	-216.328	-78.0549	-163.734	-237.364	133.32	15.7457	-108.455	-173.787	-194.291	-216.316	5.75589	7	0	66.3842	-26.1645	-18.9091	-204.953	-26.1645	-18.9091	-204.953	
9465	65895	275.395	619.855	270.363	-99999	78.498	-0.940772	1	1	-257.728	-329.597	127.073	-131.986	-578.69	-560.529	-256.885	-292.715	-330.248	129.679	-2.86532	-134.147	-578.703	-573.409	-560.815	5.17872	9	0	82.3959	78.5312	-42.2142	-571.921	78.5312	-42.2142	-571.921	
9465	71823	38.4939	97.5971	38.4936	-99999	58.115	-0.432374	0	0	-109.059	-82.9241	133.775	117.366	-129.667	-106.662	-90.8366	-77.725	-64.7013	133.775	125.709	117.366	-129.667	-118.117	-106.662	12.8807	7	0	58.7708	54.3619	-13.2658	736.756	-31.5681	-32.3094	550.291	
9465	61508	64.8334	155.209	64.2705	-99999	53.472	-0.463914	1	0	-99.9261	-78.3913	130.206	101.874	63.4877	117.001	-83.2793	-72.4747	-61.544	130.365	115.878	101.778	63.2104	90.1198	117.184	4.20905	8	0	58.3875	53.5067	45.8825	141.715	53.5067	45.8825	141.715	
9465	24572	217.408	462.396	197.211	-99999	27.232	-0.808841	1	1	-194.934	-81.2272	130.195	-30.7751	50.7246	57.7939	-186.602	-123.901	-61.3499	130.477	41.7661	-47.029	50.7117	54.5972	58.7922	4.42263	8	0	63.596	27.2515	-39.2728	43.8463	27.2515	-39.2728	43.8463	
9465	56527	227.293	841.213	225.931	63.5521	52.433	-0.853819	1	1	-241.36	-121.002	130.305	-37.9042	804.943	716.31	-241.6	-180.99	-120.79	131.046	46.1991	-38.3271	805.31	761.037	716.176	7.30732	9	0	80.6484	52.4603	-9.93515	730.394	52.4603	-9.93515	730.394	
9465	23762	205.379	471.67	204.085	-99999	-1.619	-0.961715	1	1	-182.24	-148.778	131.79	-67.6947	-713.135	-698.396	-182.954	-168.077	-149.19	132.615	32.2081	-68.1052	-713.285	-698.3	-698.436	5.26069	7	0	69.9292	-1.58171	-14.6163	-699.327	-1.58171	-14.6163	-699.327	
9465	13389	63.0971	171.549	62.6541	-99999	94.707	-0.491599	1	1	-193.118	-226.191	133.533	107.266	756.767	802.979	-178.177	-194.527	-211.477	133.556	119.984	107.14	756.731	780.006	803.289	6.21959	12	0	71.803	94.7517	20.7797	790.645	94.7517	20.7797	790.645	
9465	71965	318.746	829.761	307.792	-99999	106.156	-0.966442	1	1	-253.332	-284.397	131.195	-169.69	-206.405	-161.827	-253.495	-271.679	-283.371	131.205	-25.6749	-173.67	-206.406	-185.458	-151.787	27.2102	9	0	54.3623	106.177	-37.0623	-187.448	106.177	-37.0623	-187.448	
9465	35715	261.846	637.058	261.815	-99999	98.566	-0.948354	1	1	-338.111	-279.241	130.855	-102.761	643.795	743.765	-338.268	-304.842	-279.395	130.88	13.1974	-102.761	643.787	689.495	743.765	4.96731	15	0	78.4066	98.5879	-13.5139	698.166	98.5879	-13.5139	698.166	
9465	35769	230.822	557.399	229.885	-99999	49.005	-0.930224	1	1	-138.106	-77.0061	132.958	-88.0038	-638.139	-624.143	-123.104	-94.1374	-61.6399	133.816	22.5814	-88.0038	-638.193	-628.337	-624.143	4.30994	6	0	55.0154	49.0242	-53.0252	-627.651	49.0242	-53.0252	-627.651	
9465	64672	149.832	421.211	148.748	-99999	34.134	-0.871932	1	1	-134.692	-216.17	132.869	8.69855	-172.753	-164.869	-129.024	-169.437	-211.045	133.409	70.4653	8.3074	-172.79	-168.934	-164.845	5.11719	6	0	48.904	38.618	-39.8395	-400.051	38.618	-39.8395	-400.051	
9465	33854	168.874	741.207	166.605	-99999	-6.832	-0.756715	1	1	-158.187	-84.6912	132.061	-3.94639	155.597	214.925	-160.996	-119.511	-86.4497	132.917	65.9022	-4.98872	155.231	185.238	215.063	4.42052	6	0	68.6945	-6.80103	10.4	198.765	-6.80103	10.4	198.765	
9465	14079	347.466	798.721	347.223	-99999	79.138	-0.769081	1	1	-247.143	-255.761	130.564	-141.527	-676.829	-467.28	-247.21	-263.392	-255.885	130.73	-3.51517	-141.527	-676.956	-568.812	-467.28	6.12702	14	0	81.415	79.1651	-22.3369	-556.624	79.1651	-22.3369	-556.624	
9465	33377	75.099	401.765	73.1306	-99999	24.229	-0.844911	1	1	-271.146	-300.489	130.665	67.2962	831.689	853.278	-271.057	-286.024	-301.226	130.878	98.1108	65.7884	831.624	842.163	853.686	14.7309	12	0	257.191	24.2495	15.8773	824.722	24.2495	15.8773	824.722	
9465	22137	44.6997	121.361	44.6975	-99999	78.067	-0.659132	1	1	-189.379	-223.475	133.478	105.446	-419.097	-425.898	-177.078	-194.161	-211.174	133.478	119.393	105.446	-419.097	-422.119	-425.898	4.99121	11	0	58.6434	78.1086	-4.71324	-431.612	78.1086	-4.71324	-431.612	
9465	75263	204.266	3233.38	168.22	-99999	91.346	-0.749968	1	1	-184.544	-105.895	127.76	-1.18228	235.899	309.724	-157.267	-109.486	-61.2927	129.933	52.0288	-25.5045	234.567	280.157	324.273	84.2083	6	0	440.566	91.3721	-7.61481	304.629	91.3721	-7.61481	304.629	
9465	72096	425.812	1161.16	424.461	-99999	1.165	-0.705178	1	1	-128.03	-328.396	128.841	-168.651	-234.168	-7.63667	-128.03	-231.477	-329.003	128.841	-18.445	-169.495	-234.168	-120.73	-6.78913	4.43953	13	0	137.815	1.17596	-49.2241	-90.4546	1.17596	-49.2241	-90.4546	
9465	24684	84.5185	180.029	82.6409	-141.957	-20.352	-0.896811	0	0	-214.659	-193.755	129.378	59.6566	406.845	368.89	-214.534	-207.244	-193.755	131.007	93.8069	59.6566	407.638	389.665	368.89	5.24608	12	0	70.9851	-43.5486	-73.4644	-814.024	-43.5486	-73.4644	-814.024	
9465	76239	222.612	634.718	221.771	-99999	2.456	-0.647671	0	0	-260.525	-348.111	131.036	-3.58241	18.1122	170.816	-260.3	-304.384	-348.269	131.336	62.1699	-3.79056	17.8368	92.9138	171.085	4.73191	16	0	43.2413	-13.1719	-63.272	-836.94	69.8381	-6.2838	27.5075	
9465	58390	57.3564	127.438	56.9605	-99999	38.465	-0.766788	1	0	-109.86	-73.5754	130.339	86.6789	552.269	556.864	-97.8752	-79.6996	-61.3274	130.431	108.376	86.4806	552.259	554.633	556.903	6.04438	6	0	48.9261	38.4812	66.944	569.561	38.4812	66.944	569.561	
9465	35807	338.049	645.949	337.751	-366.19	-8.601	-0.709966	0	0	-125.145	-268.485	133.27	-47.1263	347.066	586.065	-125.038	-198.444	-268.485	133.477	23.1454	-47.1263	346.891	451.088	586.065	4.918	9	0	62.611	-17.5868	-111.699	-163.449	-17.5868	-111.699	-163.449	
9465	65349	351.899	991.44	351.674	72.021	58.745	-0.842852	1	1	-216.582	-96.7439	131.212	-143.513	43.3165	-136.889	-216.582	-157.444	-96.7439	131.212	-6.63026	-143.513	43.3165	-46.3616	-136.889	4.92696	14	0	75.2143	58.7826	-39.3007	38.3018	58.7826	-39.3007	38.3018	
9465	65403	367.543	927.147	367.235	-99999	96.275	-0.784234	1	1	-99.4893	-226.359	132.829	-156.062	538.343	351.759	-84.3198	-151.627	-211.337	132.829	-11.5715	-156.296	538.343	446.792	351.633	4.44592	10	0	67.3023	96.31	-19.9292	437.576	96.31	-19.9292	437.576	
9465	31856	258.671	600.147	256.129	110.051	102.642	-0.963899	1	1	-153.743	-238.099	132.56	-103.463	503.939	471.104	-153.743	-183.982	-239.327	132.56	8.7102	-105.647	503.939	482.822	471.509	4.63312	10	0	63.6463	102.676	-23.2857	470.872	102.676	-23.2857	470.872	
9465	75552	102.383	277.425	98.8993	-99999	15.711	-0.929887	1	1	-67.9175	-95.8186	70.0765	-19.9332	-185.619	-158.148	-62.4008	-75.5803	-91.5192	72.0938	24.9297	-21.0609	-186.151	-171.485	-157.946	5.85697	7	0	86.0641	15.7234	-9.31215	-176.319	15.7234	-9.31215	-176.319	
9465	19383	398.026	1293.16	396.499	110.763	105.082	-0.75603	1	1	-108.636	-282.027	131.88	-168.305	290	481.983	-108.077	-193.579	-282.027	133.023	-16.2157	-168.305	289.185	389.236	481.983	4.17621	11	0	164.477	105.122	-31.3615	397.595	105.122	-31.3615	397.595	
9465	56922	323.307	772.054	322.58	-18.5591	-24.626	-0.868255	1	1	-338.42	-168.679	131.537	-119.828	-111.215	-5.29889	-338.42	-258.18	-168.199	131.537	4.65612	-120.362	-111.215	-51.9456	-5.22761	5.60077	6	0	69.8603	-24.5979	-15.0121	-54.5718	-24.5979	-15.0121	-54.5718	
9465	57593	281.902	668.585	281.346	359.066	-30.677	-0.952069	0	0	-243.293	-106.517	130.998	-108.597	636.68	592.278	-243.295	-175.087	-106.252	131.007	9.30538	-108.959	636.682	620.045	591.99	4.48212	13	0	89.8445	-999999	-999999	-999999	-999999	-999999	-999999	
9465	4793	290.289	663.343	290.058	-99999	55.846	-0.852896	1	1	-358.537	-228.732	108.471	-127.412	667.93	768.959	-358.624	-294.993	-228.731	108.471	-14.8818	-127.543	667.93	710.208	769.121	4.89477	13	0	83.4135	55.8725	-14.5164	709.287	55.8725	-14.5164	709.287	
9465	70068	46.4066	120.356	46.1973	-99999	41.875	-0.420671	0	0	-88.4323	-74.761	133.485	114.427	-230.832	-191.039	-75.3018	-68.3583	-61.5623	133.485	123.797	114.347	-230.832	-210.928	-190.858	9.90268	8	0	52.4577	41.9118	41.1501	-195.195	41.9118	41.1501	-195.195	
9465	19090	296.424	691.709	295.412	-99999	58.881	-0.760512	1	1	-257.686	-333.555	129.779	-80.685	-811.42	-625.267	-257.749	-294.874	-333.623	129.849	20.6624	-81.2701	-811.471	-718.821	-624.565	4.83268	13	0	61.5513	58.9102	-27.4505	-678.677	58.9102	-27.4505	-678.677	
9465	11419	288.496	964.904	288.448	36.2579	29.729	-0.874684	1	1	-325.71	-182.094	130.664	-96.0343	33.449	-66.7948	-325.71	-259.603	-182.094	130.666	17.3833	-96.0343	33.4498	-25.5092	-66.7948	5.60527	11	0	74.8172	29.7602	0.919898	-22.512	29.7602	0.919898	-22.512	
9465	20119	270.478	703.194	270.056	-38.7862	-45.576	-0.931315	1	1	-200.006	-219.557	130.145	-135.641	461.181	427.045	-200.007	-206.547	-219.563	130.425	-2.37036	-135.727	461.299	438.089	427.042	19.8404	7	0	125.244	-45.5452	-25.563	431.606	-45.5452	-25.563	431.606	
9465	32871	84.4053	222.257	83.6081	-99999	91.568	-0.632238	1	1	-197.278	-225.257	133.047	80.7745	-684.473	-743.418	-182.664	-196.574	-210.87	133.48	107.077	80.7	-683.984	-713.819	-743.5	7.99806	15	0	52.318	91.6135	-8.33316	-764.891	91.6135	-8.33316	-764.891	
9465	36887	405.77	880.508	405.082	-99999	-6.037	-0.711607	1	1	-99.6874	-205.112	132.585	-145.569	-322.151	-48.9564	-101.456	-153.928	-207.005	133.064	-13.6578	-145.569	-322.617	-192.905	-48.9564	5.75688	6	0	81.2217	-6.00701	-24.6015	-189.256	-6.00701	-24.6015	-189.256	
9465	17551	185.487	2090.85	185.468	-99999	88.726	-0.988357	1	1	-190.94	-225.152	132.671	-48.7862	830.338	814.669	-176.958	-193.87	-211.172	132.684	41.8209	-48.7862	830.339	822.747	814.669	8.74181	11	0	240.143	88.7581	-25.3872	768.623	88.7581	-25.3872	768.623	
9465	32526	98.9371	237.659	98.493	-99999	19.759	-0.788844	1	0	-76.6855	-126.481	133.937	53.0893	-628.366	-604.773	-70.2631	-97.874	-120.285	134.283	95.8029	53.0893	-628.514	-614.324	-604.773	4.52751	8	0	71.5566	19.7839	56.5986	-607.264	19.7839	56.5986	-607.264	
9465	27231	316.769	754.792	316.506	-99999	7.584	-0.922494	1	1	-244.169	-281.782	128.768	-151.843	-334.89	-202.925	-244.157	-255.297	-281.793	128.944	-14.0641	-151.843	-334.954	-269.785	-202.925	6.27024	16	0	89.3382	7.61314	-21.4955	312.076	51.7931	-10.6654	-213.83	
9465	71682	321.06	763.808	318.028	-99999	103.561	-0.929247	1	1	-235.988	-130.357	130.956	-163.554	851.741	821.905	-204.62	-159.397	-97.8415	133.655	-20.2413	-163.642	851.847	850.757	821.871	5.09974	11	0	90.6619	106.156	2.79642	-357.022	106.156	2.79642	-357.022	
9465	33316	290.537	689.127	288.542	81.8905	74.865	-0.991695	1	1	-241.765	-171.214	128.724	-149.131	248.193	224.718	-241.925	-209.668	-171.139	130.468	-10.9137	-149.349	248.34	242.51	224.685	11.61	8	0	105.862	74.9039	-29.0139	243.822	74.9039	-29.0139	243.822	
9465	53089	307.124	2380.48	307.121	-99999	59.799	-0.8125	1	1	-358.532	-219.723	79.5066	-170.86	148.362	259.471	-358.625	-288.271	-219.816	79.5066	-44.8394	-170.86	148.362	204.646	259.471	4.95108	12	0	883.822	59.8287	-25.5061	-86.1055	-10.3913	-48.8663	-49.2268	
9465	62003	237.324	509.017	236.478	-40.131	-45.973	-0.889014	1	1	-156.937	-232.2	132.291	-77.4431	-620.948	-543.4	-156.895	-193.184	-232.128	132.415	26.0414	-78.0296	-620.995	-583.314	-543.027	5.07295	18	0	72.8376	-45.4439	-64.5183	-358.353	-45.4439	-64.5183	-358.353	
9465	55124	245.141	634.99	244.985	-99999	-9.135	-0.18817	1	1	-64.6235	-285.137	57.9425	10.9717	617.06	712.82	-64.4868	-175.026	-285.137	57.9678	33.9682	10.9717	616.996	664.187	712.82	15.5952	7	0	158.609	-9.15338	-1.35164	708.19	-9.15338	-1.35164	708.19	
9465	44567	333.593	708.329	332.328	22.077	15.086	-0.892123	1	1	-125.82	-279.338	132.44	-147.614	379.777	467.706	-125.495	-199.254	-279.533	133.218	-11.8515	-147.958	379.636	415.371	467.79	4.66028	10	0	68.5362	15.1198	-25.3662	422.996	15.1198	-25.3662	422.996	
9465	46619	311.724	722.089	309.633	-99999	-20.57	-0.549332	1	1	-160.076	-198.263	128.714	-66.7012	603.308	838.8	-166.352	-187.164	-204.578	129.357	31.6577	-66.9364	602.363	721.802	839.506	5.00053	7	0	68.1159	-20.5367	-7.55968	710.192	-20.5367	-7.55968	710.192	
9465	30169	385.606	1028.24	384.917	112.314	105.517	-0.758017	1	1	-125.912	-297.558	133.161	-142.227	-386.154	-588.176	-125.717	-215.378	-297.608	133.537	-7.24179	-142.28	-385.899	-482.067	-588.333	10.7765	11	0	158.164	105.563	-31.6156	-501.864	105.563	-31.6156	-501.864	
9465	55440	78.1627	200.138	78.1623	-99999	42.751	-0.229813	1	1	-166.762	-218.209	132.616	112.163	113.514	58.3549	-160.026	-185.703	-211.473	132.616	122.58	112.163	113.514	85.8255	58.3549	4.99373	13	0	50.8065	42.7936	3.82219	-11.2836	42.7936	3.82219	-11.2836	
9465	56277	23.1269	76.8553	23.0366	-99999	84.385	-0.619161	0	0	-356.64	-342.036	-71.9972	-86.2503	-708.512	-697.88	-356.816	-349.492	-342.168	-71.9475	-79.297	-86.2503	-708.569	-703.495	-697.88	4.59235	10	0	68.0427	95.3311	-77.8762	-701.908	95.3311	-77.8762	-701.908	
9465	29920	369.732	1453.08	341.087	-35.0361	-42.015	-0.821201	1	1	-174.546	-217.615	131.764	-151.878	652.237	835.81	-174.47	-197.548	-217.339	132.66	-23.0326	-172.058	651.617	748.548	854.184	4.79713	9	0	246.223	-41.9876	-44.9385	744.563	-41.9876	-44.9385	744.563	
9465	34963	302.709	746.352	300.163	-99999	6.792	-0.971897	1	1	-321.421	-337.705	130.727	-168.498	-233.23	-247.903	-321.235	-331.333	-337.684	131.484	-19.2398	-170.243	-233.202	-240.911	-247.988	8.67695	6	0	97.0348	6.81222	-29.9627	-237.003	6.81222	-29.9627	-237.003	
9465	32577	48.9249	132.644	48.195	-99999	-13.86	-0.740015	0	0	-69.3707	-95.8306	129.906	94.91	683.629	664.367	-73.3114	-86.8394	-100.177	130.443	111.852	94.91	683.908	675.578	664.367	6.23082	11	0	71.0675	-13.8306	47.8475	661.151	-13.8306	47.8475	661.151	
9465	21939	231.134	660.535	220.958	-99999	21.397	-0.633607	1	1	-179.476	-76.4493	131.711	-7.0945	-25.2047	112.321	-174.254	-119.991	-66.9647	133.503	60.6035	-11.6692	-26.8113	44.507	117.348	8.90921	6	0	199.493	21.4212	-30.8667	131.937	21.4212	-30.8667	131.937	
9465	42026	120.183	328.799	120.023	-99999	57.703	-0.182235	1	1	-288.962	-269.697	128.463	79.6646	-29.2302	78.045	-289.052	-279.79	-269.768	128.463	105.159	79.6255	-29.2302	24.9003	78.156	6.40857	16	0	84.7491	59.7473	44.1628	-399.889	-14.3827	-45.2611	-30.6827	
9465	12240	68.6987	157.5	68.6981	-99999	104.864	-0.962479	1	1	-208.152	-227.75	132.896	67.0827	-754.99	-756.893	-191.629	-201.321	-211.227	132.896	99.9571	67.0827	-754.99	-755.946	-756.893	6.59466	7	0	49.6146	99.3686	-22.7644	-627.514	99.3686	-22.7644	-627.514	
9465	40143	381.085	874.928	381.081	-99999	52.569	-0.896394	1	1	-338.506	-221.799	130.903	-169.877	113.999	313.044	-338.588	-292.388	-221.881	130.903	-24.5529	-169.877	113.999	213.165	313.044	6.94759	13	0	78.2157	52.5995	-17.3064	214.964	52.5995	-17.3064	214.964	
9465	56892	181.722	438.724	180.739	-99999	75.135	-0.9445	1	1	-145.939	-85.6314	130.559	-39.8092	516.922	516.79	-122.695	-92.5939	-62.0717	131.487	45.7629	-39.8092	516.859	517.063	516.79	4.5359	10	0	43.6148	71.9659	-36.0775	369.397	71.9659	-36.0775	369.397	
9465	44232	348.918	12752.1	348.881	-99999	33.73	-0.842401	1	1	-164.615	-149.089	130.62	-168.681	476.322	304.922	-154.038	-151.248	-138.513	130.62	-20.1869	-168.681	476.322	391.431	304.922	5.64519	20	0	59.6445	33.7575	-29.7138	379.266	33.7575	-29.7138	379.266	
9465	14400	194.697	483.111	192.772	-99999	97.357	-0.959174	1	1	-297.5	-303.799	122.64	-64.9677	-885.756	-846.523	-297.652	-305.827	-303.982	122.64	28.304	-66.7733	-885.756	-864.153	-845.915	8.19369	19	0	100.036	97.3841	-8.64428	-446.359	97.3841	-8.64428	-446.359	
9465	50038	203.435	885.906	202.815	-99999	29.155	-0.755398	1	1	-71.1717	-196.364	-16.4301	-171.461	-108.659	-144.987	-61.8305	-125.467	-187.351	-16.1864	-93.214	-171.724	-108.596	-127.63	-145.012	13.5941	6	0	205.509	29.1823	-66.43	-143.838	29.1823	-66.43	-143.838	
9465	50659	244.929	520.504	242.95	32.5583	19.433	-0.856364	1	1	-248.045	-76.7434	130.663	-36.4591	802.699	768.285	-248.371	-166.17	-75.8163	131.23	41.6366	-37.315	802.767	789.907	767.921	4.2809	9	0	68.0377	19.4573	-11.3698	765.184	19.4573	-11.3698	765.184	
9465	13122	351.787	831.658	351.363	-99999	49.921	-0.250689	1	1	-350.692	-200.8	27.1479	-70.144	-557.055	-859.555	-358.742	-282.966	-208.666	27.253	-21.1146	-70.144	-556.69	-707.867	-859.555	4.56852	10	0	73.9471	49.8858	-6.28736	-635.955	49.8858	-6.28736	-635.955	
9465	21302	272.707	541.359	270.625	-281.575	9.334	-0.868867	0	0	-132.763	-290.878	132.726	-81.4511	-281.723	-239.377	-132.398	-205.075	-291.882	133.43	20.2699	-82.2029	-281.87	-260.232	-239.203	5.0897	6	0	52.0879	-49.1012	-25.2684	-785.632	-49.1012	-25.2684	-785.632	
9465	52734	246.868	620.798	240.227	-99999	87.882	-0.854883	1	1	-215.001	-92.3425	130.106	-76.0826	685.731	697.781	-187.649	-124.929	-61.6312	130.442	24.2816	-81.4489	685.711	691.35	698.29	4.92608	6	0	56.1257	90.6947	-22.5929	648.368	90.6947	-22.5929	648.368	
9465	4683	286.278	599.309	284.739	-99999	105.619	-0.753914	1	1	-250.125	-264.819	131.7	-75.6428	-869.273	-689.913	-250.29	-260.93	-265.041	131.7	23.6879	-75.6969	-869.273	-776.219	-689.765	10.1652	11	0	94.5055	105.658	-11.3085	-727.977	105.658	-11.3085	-727.977	
9465	60949	405.602	984.916	404.797	84.1256	77.069	-0.790457	1	1	-93.2264	-263.015	134.089	-170.207	-889.745	-683.91	-93.0116	-176.447	-263.015	134.723	-18.0689	-170.207	-890.179	-786.231	-683.91	15.1702	13	0	147.364	77.1032	-13.6719	-747.385	77.1032	-13.6719	-747.385	
9465	62029	230.785	504.584	230.059	-99999	89.076	-0.850274	1	1	-233.069	-115.557	132.348	-62.2112	-346.414	-318.029	-205.149	-148.86	-87.2049	132.367	33.9097	-62.77	-346.418	-325.756	-318.015	6.37092	7	0	71.9946	89.0786	-29.9808	-335.339	89.0786	-29.9808	-335.339	
9465	46870	45.2493	214.234	38.9652	-99999	104.024	-0.70866	1	1	-196.631	-222.809	131.019	103.088	253.6	246.367	-180.241	-195.477	-210.49	131.019	114.89	98.4174	253.6	249.193	245.319	30.5467	11	0	171.837	104.061	-13.6916	220.551	104.061	-13.6916	220.551	
9465	19967	154.279	355.697	152.849	-99999	-3.478	-0.857755	1	1	-155.878	-229.428	130.442	-1.5279	186.667	208.555	-155.878	-194.251	-230.14	130.442	64.4802	-2.76249	186.667	197.53	208.551	4.54794	8	0	87.0266	-3.45563	4.74646	203.17	-3.45563	4.74646	203.17	
9465	73226	426.493	679.198	417.859	-99999	-0.669	-0.474369	1	1	-205.713	-238.623	108.295	-81.5493	-887.978	-542.204	-204.922	-231.196	-239.025	110.65	16.6564	-82.673	-892.283	-703.126	-541.094	4.91882	13	0	83.3435	-0.634875	-16.3618	-650.816	-0.634875	-16.3618	-650.816	
9465	74009	308.97	695.226	308.031	26.2942	17.916	-0.99233	1	1	-250.718	-156.644	131.215	-159.597	92.4591	104.391	-250.741	-193.143	-156.54	131.436	-11.4144	-160.29	92.4566	96.8502	104.35	5.22577	9	0	81.0778	10.9386	-11.0552	100.632	10.9386	-11.0552	100.632	
9465	44112	147.158	363.4	145.453	-99999	84.991	-0.785948	1	1	-130.086	-223.913	133.102	21.9688	-590.309	-591.025	-116.171	-163.539	-211.059	133.771	77.4731	21.3034	-590.311	-590.564	-591.028	6.92747	6	0	58.7432	85.0044	-23.99	-628.753	85.0044	-23.99	-628.753	
9465	62623	332.94	935.319	332.903	-99999	73.602	-0.872454	1	1	-226.271	-126.699	127.091	-165.787	-319.256	-442.048	-203.196	-151.405	-103.615	127.103	-18.1874	-165.805	-319.25	-381.816	-442.056	11.8301	12	0	61.1768	73.6261	-41.5716	-392.665	73.6261	-41.5716	-392.665	
9465	42010	210.824	494.341	209.724	-99999	46.428	-0.966101	1	1	-317.108	-237.606	129.853	-61.4288	535.809	556.269	-317.387	-274.239	-237.674	130.88	36.6152	-61.4641	535.659	553.693	556.265	6.06489	7	0	80.924	46.4611	-5.44561	560.465	46.4611	-5.44561	560.465	
9465	64662	48.3286	140.013	48.3284	-99999	84.633	-0.431425	1	1	-200.56	-224.812	133.009	112.122	506.963	470.758	-187.225	-199.164	-211.477	133.009	122.52	112.122	506.963	488.763	470.758	4.34592	13	0	53.3673	84.6166	-1.30968	331.025	84.6166	-1.30968	331.025	
9465	16836	263.482	601.99	262.142	99.2106	92.432	-0.985328	1	1	-273.785	-186.86	130.932	-110.635	14.4224	61.0849	-273.859	-230.228	-186.624	131.639	10.2169	-111.2	14.3492	39.0037	61.1087	5.15163	7	0	76.4235	92.4591	-16.8265	33.6316	92.4591	-16.8265	33.6316	
9465	49919	92.6563	203.451	92.0431	-99999	110.483	-0.42328	1	1	-192.052	-228.495	132.516	97.327	-628.976	-552.138	-174.501	-192.776	-211.163	132.696	114.689	97.2533	-629.324	-590.758	-551.974	4.67764	8	0	52.1631	110.458	-13.9622	-332.708	7.08832	64.0027	-564.357	
9465	65823	429.068	1028.47	427.318	-99999	-9.135	-0.654937	1	1	-62.9799	-311.467	123.993	-137.596	-805.469	-578.932	-62.0339	-177.408	-311.467	125.133	-14.3551	-137.596	-806.384	-691.385	-578.932	5.34592	10	0	96.3342	-9.09033	-13.7441	-684.402	-9.09033	-13.7441	-684.402	
9465	3333	203.519	474.874	203.159	70.6728	61.916	-0.94811	1	1	-240.566	-146.075	129.498	-48.4735	467.367	460.445	-240.669	-197.464	-146.075	129.836	37.981	-48.4735	467.388	463.08	460.445	6.05243	9	0	71.529	61.9392	-15.0324	453.169	61.9392	-15.0324	453.169	
9465	43441	322.544	672.125	319.603	-99999	-24.405	-0.876873	1	1	-286.034	-346.725	132.326	-160.686	625.755	715.327	-285.995	-325.499	-346.878	132.326	-19.1271	-162.112	625.755	663.783	717.356	4.04299	14	0	25.3021	-24.38	-33.2248	669.169	-24.38	-33.2248	669.169	
9465	43900	247.538	650.859	238.715	-99999	1.906	-0.797597	1	1	-167.406	-303.132	129.169	-66.9836	-396.532	-389.626	-167.216	-237.676	-307.02	129.408	27.7692	-74.5524	-396.539	-392.8	-389.799	8.35288	7	0	140.466	1.94234	-59.2999	-387.762	1.94234	-59.2999	-387.762	
9465	6379	311.983	704.904	306.654	-99999	31.347	-0.942699	1	1	-168.69	-94.2907	129.629	-164.457	502.257	503.524	-160.067	-115.289	-83.6438	133.044	-15.9538	-165.938	502.22	493.97	503.412	4.40126	10	0	74.4922	31.3638	-43.0422	486.152	31.3638	-43.0422	486.152	
9465	47055	199.061	482.902	198.642	-99999	66.542	-0.905081	1	1	-277.929	-312.453	129.424	-40.3829	633.097	724.331	-277.998	-288.086	-312.582	129.647	40.3981	-40.4167	632.999	675.697	724.456	9.61938	17	0	90.5266	66.5766	-9.31703	686.452	66.5766	-9.31703	686.452	
9465	40417	208.482	563.187	208.474	-99999	99.228	-0.511191	1	1	-192.657	-342.696	127.353	-12.2993	588.262	624.785	-208.292	-282.236	-358.331	127.353	56.6446	-12.2993	588.262	606.926	624.785	5.44916	8	0	48.9495	99.2637	-7.40787	619.235	99.2637	-7.40787	619.235	
9465	7459	198.609	970.593	198.361	71.1931	61.988	-0.905851	1	1	-270.321	-166.082	130.556	-21.4	-71.0775	-8.02244	-270.321	-224.124	-165.942	130.556	51.8778	-21.5786	-71.0775	-32.9439	-8.06439	4.50488	7	0	68.5699	62.0176	-2.73409	-31.486	62.0176	-2.73409	-31.486	
9465	44839	248.594	506.229	248.453	-99999	111.282	-0.828407	1	1	-338.843	-318.537	131.557	-60.7108	-62.8007	91.0712	-339.017	-331.296	-318.711	131.557	32.7201	-60.7108	-62.8007	10.4163	91.0712	4.67285	13	0	88.3363	111.314	17.7252	7.30894	111.314	17.7252	7.30894	
9465	8296	209.506	414.059	205.166	-99999	-16.073	-0.918518	1	1	-272.891	-319.528	132.058	-66.8071	-763.063	-757.912	-272.816	-294.409	-320.085	132.162	29.8377	-70.9544	-763.062	-759.931	-757.567	5.09902	9	0	44.5099	-16.051	-13.6509	-741.524	-16.051	-13.6509	-741.524	
9465	26806	76.5536	172.212	76.5531	-99999	102.766	-0.955523	1	1	-112.454	-94.2327	133.971	60.4306	-47.9441	-37.0061	-80.2299	-71.0301	-62.0089	133.971	97.2199	60.4306	-47.9441	-42.4935	-37.0061	5.16322	7	0	49.3297	102.791	27.9883	-29.5753	102.791	27.9883	-29.5753	
9465	9484	145.454	438.828	144.18	-99999	107.053	-0.830066	1	1	-322.527	-233.327	129.468	26.087	790.766	835.731	-322.949	-279.281	-233.036	129.915	76.2555	25.5277	790.611	812.447	835.839	6.16999	9	0	76.53	107.061	-5.71866	149.619	107.061	-5.71866	149.619	
9465	9619	470.714	1420.18	470.21	-99999	82.033	-0.573745	1	1	-219.961	-255.183	131.446	-165.334	83.8778	-278.453	-220.089	-238.856	-255.293	131.446	-18.8886	-165.509	83.8778	-95.8845	-278.883	4.66971	8	0	81.1756	82.0707	-24.8052	-112.709	82.0707	-24.8052	-112.709	
9465	54235	89.7725	348.07	89.7198	-99999	78.987	-0.945574	1	1	-113.793	-87.1675	130.073	44.4106	578.762	577.749	-89.0289	-75.7305	-62.3891	130.082	87.2157	44.3705	578.762	578.395	577.747	13.6534	8	0	98.327	78.9966	43.5498	578.791	78.9966	43.5498	578.791	
9465	55153	41.1905	102.767	38.8749	-99999	40.449	-0.906253	1	1	-198.964	-216.747	132.251	97.6999	204.111	203.265	-192.341	-201.598	-211.161	132.827	114.447	96.2101	204.163	203.557	203.26	4.95655	7	0	45.297	40.4756	-46.6316	199.878	40.4756	-46.6316	199.878	
9465	70865	187.144	638.01	186.828	-99999	66.107	-0.601248	1	1	-107.501	-229.738	133.333	22.3855	-558.379	-645.239	-86.5749	-148.462	-209.009	133.521	78.5809	22.3855	-558.225	-601.883	-645.239	9.6311	14	0	67.9585	66.1538	-14.4366	-655.711	66.1538	-14.4366	-655.711	
9465	14995	212.64	814.967	212.637	-99999	99.064	-0.853099	1	1	-238.53	-334.286	129.88	-51.3729	428.796	485.159	-238.685	-286.112	-334.441	129.88	38.771	-51.3729	428.796	456.176	485.159	15.5683	9	0	334.793	99.0833	-55.3933	486.034	99.0833	-55.3933	486.034	
9465	44149	337.662	790.379	330.138	-99999	101.665	-0.908245	1	1	-100.725	-226.237	133.772	-163.71	128.91	63.9729	-84.7066	-151.892	-210.975	133.772	-18.305	-170.283	128.91	100.125	60.8131	5.55873	7	0	87.7787	101.69	-21.8984	102.265	101.69	-21.8984	102.265	
9465	24741	193.673	430.311	193.667	-99999	-9.6	-0.92411	1	1	-334.303	-229.044	130.887	-22.3598	83.5537	131.056	-334.288	-289.615	-229.029	130.887	49.0731	-22.3598	83.5537	109.116	131.056	6.37606	8	0	69.9588	-9.56812	5.30538	113.195	-9.56812	5.30538	113.195	
9465	25011	315.811	748.303	315.095	-99999	34.865	-0.974303	1	1	-155.974	-89.9193	132.548	-169.983	-408.513	-449.828	-145.129	-122.693	-78.806	132.922	-21.8594	-170.241	-408.463	-429.5	-449.902	9.67574	8	0	102.977	34.8919	-38.5265	-426.762	34.8919	-38.5265	-426.762	
9465	55835	171.342	830.023	168.618	-99999	98.467	-0.927696	1	1	-205.296	-226.355	130.137	-31.3139	839.502	823.994	-189.748	-201.096	-211.281	130.402	46.8236	-32.2733	839.598	825.393	823.432	13.3797	15	0	110.195	106.171	-97.854	436.438	106.171	-97.854	436.438	
9465	37061	225.258	443.347	224.14	-99999	84.372	-0.961349	1	1	-328.545	-304.508	126.123	-90.3932	-16.554	28.0772	-328.663	-318.06	-304.64	127.084	19.3557	-90.3932	-16.8006	10.0681	28.0772	5.01643	10	0	38.068	88.1491	0.0971234	-271.968	88.1491	0.0971234	-271.968	
9465	37088	211.276	541.453	210.423	-99999	56.13	-0.417185	1	1	-219.287	-122.939	128.127	11.3926	-283.229	-427.133	-210.443	-165.923	-113.538	128.127	74.0858	10.9224	-283.229	-362.206	-427.573	5.11046	11	0	77.5175	56.1741	7.54337	-390.724	56.1741	7.54337	-390.724	
9465	67188	301.985	545.128	300.496	-99999	3.708	-0.963061	1	1	-278.924	-288.598	131.527	-164.624	-218.247	-236.469	-278.929	-290.721	-288.33	131.527	-17.5519	-165.281	-218.247	-236.979	-236.306	4.82218	12	0	68.0489	3.73062	-36.0936	148.053	3.73062	-36.0936	148.053	
9465	16729	166.358	980.96	165.525	41.751	31.777	-0.82712	1	1	-283.475	-184.5	131.539	14.8364	582.367	520.299	-283.475	-233.822	-183.978	131.539	72.6953	14.2726	582.367	551.652	520.021	6.08604	9	0	74.7325	31.8041	10.4073	551.734	31.8041	10.4073	551.734	
9465	43423	308.242	641.298	307.564	-99999	24.608	-0.761641	1	1	-245.537	-251.688	127.71	-105.469	-353.536	-156.117	-245.562	-237.74	-251.727	128.201	11.8552	-105.469	-353.957	-254.042	-156.117	6.30143	18	0	89.4746	25.9853	-22.6826	186.136	25.9853	-22.6826	186.136	
9465	43990	139.245	359.438	138.931	-99999	104.758	-0.718169	1	1	-301.316	-261.149	127.419	28.1528	765.507	853.776	-301.562	-281.292	-261.313	127.642	78.7762	28.1528	765.307	810.538	853.776	6.26241	11	0	79.4727	104.792	32.5265	787.749	104.792	32.5265	787.749	
9465	61719	39.17	134.965	38.8761	-99999	68.402	-0.909301	1	1	-206.277	-222.216	132.321	97.5714	410.452	403.455	-195.499	-203.501	-211.552	132.321	114.804	97.3055	410.452	406.933	403.405	5.98938	11	0	60.8123	68.4431	-39.5155	381.162	68.4431	-39.5155	381.162	
9465	61962	109.322	258.687	109.237	-99999	-44.218	-0.623973	1	1	-358.589	-281.952	40.3909	-29.0245	-282.266	-249.93	-358.52	-318.709	-281.839	40.3909	8.67951	-29.0902	-282.266	-262.629	-249.924	4.34148	8	0	66.0536	-44.2237	37.2216	-238.599	-44.2237	37.2216	-238.599	
9465	66221	316.252	767.492	314.253	54.8226	48.527	-0.949624	1	1	-131.634	-246.84	132.506	-157.115	-497.523	-527.284	-131.435	-187.421	-247.317	133.16	-12.7636	-158.327	-497.443	-520.547	-527.336	4.80125	9	0	75.5653	48.548	-20.7435	-516.195	48.548	-20.7435	-516.195	
9465	67436	259.51	545.407	258.984	50.9387	45.959	-0.57534	1	1	-135.709	-291.022	132.838	-4.17754	-846.574	-693.777	-135.444	-208.565	-291.022	133.14	58.5532	-4.17754	-846.907	-770.114	-693.777	4.6916	8	0	57.6415	45.9868	3.52815	-721.272	-40.1232	35.6432	-799.557	
9465	10047	88.9508	233.597	88.5955	-99999	81.241	-0.47977	1	1	-178.905	-224.438	132.542	88.7549	370.583	432.684	-165.948	-188.61	-211.637	132.715	110.765	88.7549	370.317	401.649	432.684	4.96138	11	0	57.7518	81.2881	-21.9277	562.48	81.2881	-21.9277	562.48	
9465	47528	307.729	759.987	306.55	-99999	-12.075	-0.553017	1	1	-62.6657	-256.574	103.383	-65.2234	-564.919	-398.131	-61.9422	-157.975	-256.574	104.029	19.04	-65.2234	-565.574	-480.591	-398.131	5.26155	11	0	57.3847	-12.0272	-15.6164	-446.601	-12.0272	-15.6164	-446.601	
9465	57788	108.383	270.093	107.829	-99999	97.932	-0.833667	1	0	-174.682	-231.924	130.838	40.209	875.623	868.703	-143.672	-173.963	-201.216	131.299	86.4189	40.209	875.619	874.359	868.703	6.45225	8	0	75.7465	97.944	15.2483	804.748	97.944	15.2483	804.748	
9465	4855	181.093	1131.99	178.141	-99999	40.216	-0.912247	1	1	-163.143	-200.882	129.304	-40.4156	761.184	792.702	-150.103	-177.662	-188.137	130.546	46.2336	-41.9777	760.805	777.976	792.859	4.52122	8	0	800.114	40.2398	1.41946	755.851	40.2398	1.41946	755.851	
9465	50671	432.055	957.085	430.834	42.8728	35.118	-0.63788	1	1	-306.284	-168.83	130.91	-113.944	301.648	-18.7266	-306.378	-258.039	-168.749	131.476	1.99235	-114.05	302.32	136.49	-19.0248	5.47398	17	0	74.0737	35.1603	-14.1267	129.726	35.1603	-14.1267	129.726	
9465	53142	721.248	1748.18	720.873	-23.5451	-30.88	-0.353279	1	1	-254.718	-152.008	130.088	-127.166	-121.364	542.501	-254.718	-208.287	-151.911	130.088	2.97178	-127.329	-121.364	212.23	542.806	5.25927	8	0	76.8748	-30.8299	-21.5282	224.408	-30.8299	-21.5282	224.408	
9465	74056	255.621	578.958	203.9	-99999	22.364	-0.848217	1	1	-191.781	-92.5951	129.858	-44.3078	811.255	848.678	-185.175	-123.064	-61.7403	130.549	21.3157	-88.333	811.111	834.455	856.387	4.49918	11	0	101.916	22.383	-53.5698	809.662	22.383	-53.5698	809.662	
9465	69061	308.458	710.826	308.224	-99999	100.174	-0.825273	1	1	-357.873	-285.394	134.946	-109.874	-195.133	-26.3771	-358.032	-332.887	-285.449	134.953	5.20379	-110.041	-195.138	-115.752	-26.2721	4.63294	14	0	75.1055	100.184	3.207	-118.292	100.184	3.207	-118.292	
9465	11184	305.05	891.656	302.198	-99999	47.974	-0.903684	1	1	-358.514	-234.359	101.226	-170.684	-381.631	-338.448	-358.589	-294.989	-232.713	101.226	-35.2246	-172.85	-381.631	-357.183	-339.056	5.43569	10	0	64.3448	48.0081	-0.305317	-358.678	48.0081	-0.305317	-358.678	
9465	53052	308.298	552.15	280.639	-99999	103.598	-0.984621	1	1	-284.905	-231.84	104.327	-165.267	-894.374	-852.956	-286.764	-272.336	-232.003	131.809	-20.4628	-165.267	-895.226	-879.262	-852.956	6.09591	8	0	34.7611	103.621	-21.4965	-806.414	103.621	-21.4965	-806.414	
9465	65280	71.6936	208.826	70.2313	-99999	-41.147	-0.719192	0	0	-137.726	-120.132	132.349	78.0002	-568.485	-527.961	-150.698	-141.918	-132.549	132.544	105.344	77.1361	-568.65	-547.102	-527.428	4.4575	6	0	97.7287	71.823	-17.7195	227.985	71.823	-17.7195	227.985	
9465	24515	43.1544	121.072	42.0076	-99999	4.101	-0.863771	0	0	-267.548	-275.897	130.786	94.6337	197.119	215.562	-267.379	-271.862	-276.005	131.108	111.319	94.0172	196.966	203.974	215.932	4.67511	14	0	75.9496	4.12976	38.3839	208.173	4.12976	38.3839	208.173	
9465	798	79.2957	351.317	79.1795	-99999	108.569	-0.650241	1	1	-204.94	-228.444	132.593	82.3808	-791.367	-847.888	-187.803	-199.369	-211.337	132.668	107.414	82.3808	-791.285	-819.573	-847.888	5.59041	14	0	162.467	107.962	-11.3572	-147.444	107.962	-11.3572	-147.444	
9465	2695	163.774	416.617	159.111	-99999	69.345	-0.549946	1	1	-252.275	-199.627	126.851	29.2848	506.266	392.219	-263.248	-236.598	-209.497	126.931	76.3969	26.1986	506.381	447.768	389.105	4.21837	7	0	62.8723	69.3826	-34.5288	315.366	69.3826	-34.5288	315.366	
9465	76427	225.009	493.152	223.993	-99999	-12.018	-0.984492	1	1	-94.4893	-122.769	131.883	-85.6954	-161.054	-132.124	-98.2435	-120.827	-126.543	131.971	22.5011	-86.2612	-161.058	-148.777	-132.158	8.62405	10	0	66.672	-11.9961	-27.0174	-151.113	-11.9961	-27.0174	-151.113	
9465	61910	242.443	485.059	241.72	-99999	-45.946	-0.816618	1	1	-233.162	-285.787	131.022	-57.2464	-609.668	-470.017	-232.931	-263.228	-285.808	131.388	33.2911	-57.3717	-609.882	-545.739	-469.815	5.16264	6	0	48.9492	-45.9137	-16.877	-517.39	-45.9137	-16.877	-517.39	
9465	71675	266.404	758.433	265.363	15.1862	4.306	-0.829671	1	1	-313.079	-157.553	129.743	-63.6547	-558.292	-649.436	-313.501	-239.391	-157.553	130.593	29.5886	-63.6547	-557.907	-602.343	-649.436	4.54244	14	0	70.9388	4.34176	-0.992258	-606.56	4.34176	-0.992258	-606.56	
9465	72377	306.695	689.972	304.257	-99999	-13.29	-0.715988	1	1	-140.991	-242.199	126.678	-82.5016	144.308	339.538	-140.38	-192.523	-242.378	127.926	21.7292	-82.9699	143.257	240.718	339.994	6.34262	17	0	104.562	-13.251	-16.6438	264.193	-13.251	-16.6438	264.193	
9465	1797	81.6169	383.266	81.6147	-99999	109.728	-0.328263	1	1	-204.583	-228.473	130.506	79.8484	373.237	314.288	-187.294	-199.22	-211.183	130.506	106.104	79.8484	373.237	343.099	314.288	5.52091	19	0	171.934	109.767	-28.7213	196.203	109.767	-28.7213	196.203	
9465	2121	263.134	707.567	263.132	-99999	-44.808	-0.782478	1	1	-358.608	-225.05	134.236	-84.2273	469.326	529.736	-358.538	-291.396	-224.98	134.236	25.2813	-84.2273	469.326	499.655	529.736	14.7704	10	0	93.4233	-44.7871	-24.5375	511.665	-44.7871	-24.5375	511.665	
9465	25584	135.943	304.386	133.787	81.4295	72.341	-0.509467	1	1	-224.417	-193.951	128.192	17.4563	-764.793	-831.068	-224.618	-204.183	-193.859	128.819	75.9604	16.8133	-763.608	-800.093	-831.323	5.24232	13	0	76.1036	72.3811	12.7445	-768.685	72.3811	12.7445	-768.685	
9465	66172	286.25	630.631	284.436	-30.7444	-38.088	-0.933078	1	1	-301.316	-157.008	130.432	-109.475	344.32	311.159	-301.523	-223.302	-156.74	130.99	11.7522	-110.627	344.293	340.079	310.89	4.0193	15	0	69.8586	-38.0564	-20.3563	337.048	-38.0564	-20.3563	337.048	
9465	69318	132.724	1899.35	132.118	-17.3377	-17.099	-0.41224	1	1	-126.192	-230.069	134.152	68.6052	616.199	664.271	-126.192	-178.463	-230.566	134.152	101.089	68.3834	616.199	640.077	664.511	10.4712	8	0	126.889	-17.0627	1.95052	683.277	-17.0627	1.95052	683.277	
9465	44045	321.547	741.432	319.683	-99999	51.564	-0.726903	1	1	-126.337	-182.186	130.11	-74.6481	-712.462	-476.634	-109.996	-139.314	-166.128	131.043	15.9255	-74.8805	-713.332	-605.228	-476.123	7.41046	9	0	77.5368	51.6004	-17.795	-637.803	51.6004	-17.795	-637.803	
9465	18997	292.094	4668.32	291.331	94.9727	90.137	-0.778009	1	1	-105.049	-242.797	133.112	-86.7415	-440.703	-311.132	-104.953	-170.405	-243.162	133.328	23.0435	-87.0307	-440.841	-371.159	-311.038	4.91023	7	0	79.1782	90.1624	-8.33473	-366.354	90.1624	-8.33473	-366.354	
9465	19240	159.845	395.596	159.737	-99999	107.603	-0.876181	1	0	-219.154	-290.03	130.869	2.59621	815.389	876.704	-219.322	-253.482	-290.249	130.869	63.6366	2.515	815.389	841.141	876.749	5.9931	14	0	93.5126	107.629	13.5961	803.98	107.629	13.5961	803.98	
9465	68116	188.203	423.606	186.541	-99999	8.685	-0.745773	1	1	-174.321	-288.598	129.951	-11.4697	476.625	515.5	-174.321	-232.438	-289.575	129.951	59.1113	-12.764	476.625	496.481	515.651	4.8256	6	0	72.698	8.71767	-8.82708	505.875	8.71767	-8.82708	505.875	
9465	63377	266.441	642.797	265.461	-99999	107.179	-0.983367	1	1	-191.902	-232.608	133.185	-126.959	99.4395	80.5682	-158.173	-184.974	-199	134.124	3.91483	-126.959	99.5536	92.9192	80.5682	5.64851	8	0	79.1344	107.205	-24.6494	85.317	107.205	-24.6494	85.317	
9465	52297	484.344	1078.12	473.503	-99999	-27.76	-0.680666	1	1	-80.1012	-147.509	132.857	-163.409	-697.135	-339.951	-88.734	-126.287	-156.276	133.268	-23.5727	-163.468	-697.57	-517.198	-339.808	7.97637	7	0	144.675	-27.7227	-13.1494	-519.86	-27.7227	-13.1494	-519.86	
9465	11568	125.801	295.63	124.652	-99999	59.805	-0.784173	1	0	-348.93	-297.053	129.834	24.9727	-410.894	-369.306	-349.023	-320.698	-296.543	129.834	78.6881	24.0523	-410.894	-387.931	-368.982	5.95935	11	0	79.3866	59.822	40.1823	-381.264	59.822	40.1823	-381.264	
9465	46039	84.76	191.262	84.1584	-99999	116.423	-0.953642	0	0	-341.479	-318.76	128.999	49.9306	-822.029	-806.673	-341.7	-329.759	-318.886	129.19	88.8548	49.5542	-822.075	-817.157	-806.556	4.1462	13	0	68.312	18.3233	-13.7876	770.935	-9.11673	-93.7885	-358.633	
9465	46174	117.853	284.325	117.7	-99999	-27.107	-0.83637	1	1	-332.453	-285.128	131.305	48.7523	-717.19	-648.81	-332.434	-311.59	-285.082	131.425	87.7479	48.748	-717.263	-683.885	-648.805	4.5831	14	0	69.2036	-27.0804	29.5836	-665.988	-27.0804	29.5836	-665.988	
9465	44487	181.098	428.898	180.754	-99999	70.184	-0.989303	1	1	-144.277	-175.21	129.879	-46.983	843.696	858.444	-122.226	-136.045	-153.203	130.212	41.3098	-46.983	843.688	853.196	858.444	6.35197	10	0	69.2964	70.2028	-0.132478	802.639	70.2028	-0.132478	802.639	
9465	44402	202.356	442.721	200.972	-99999	57.001	-0.821623	1	1	-273.417	-238.193	131.258	-6.36644	-551.128	-410.125	-273.506	-259.325	-237.998	131.258	58.2175	-7.28481	-551.128	-483.057	-409.137	5.84406	16	0	73.7084	57.0267	7.1069	-471.54	57.0267	7.1069	-471.54	
9465	9225	365.294	841.973	364.907	244.619	110.313	-0.408789	0	0	-145.813	-319.622	133.097	-18.1197	316.963	598.504	-145.672	-223.246	-319.622	133.248	55.3836	-18.1197	316.655	462.361	598.504	5.2478	12	0	67.9182	114.111	41.5337	-730.131	114.111	41.5337	-730.131	
9465	47462	44.7931	134.808	44.4616	-99999	-26.773	-0.680554	1	1	-354.207	-345.316	-63.9494	-96.3812	822.14	850.903	-354.17	-350.313	-345.259	-63.8835	-79.4483	-96.5728	822.069	837.574	851.034	4.21403	13	0	72.3749	-26.7357	-24.7574	776.759	-26.7357	-24.7574	776.759	
9465	17271	248.63	545.264	242.698	58.9085	51.887	-0.904618	1	1	-304.265	-181.631	125.704	-72.7722	657.402	593.661	-305.799	-247.867	-181.234	130.265	25.6665	-73.4541	658.972	625.801	593.381	5.22767	12	0	75.2068	51.9167	-7.2276	622.202	51.9167	-7.2276	622.202	
9465	72244	254.8	566.305	254.358	-99999	-47.305	-0.879558	1	1	-321.573	-282.756	131.091	-86.7888	-143.025	-23.4155	-321.441	-301.942	-282.681	131.456	26.1137	-86.792	-143.216	-74.9663	-23.4137	4.46716	13	0	78.4158	-47.276	-14.2535	-71.4397	-47.276	-14.2535	-71.4397	
9465	39396	192.161	434.087	190.879	-19.1732	-38.77	-0.915977	1	1	-218.319	-123.255	130.527	-33.4775	23.3546	38.3386	-218.512	-168.433	-123.01	131.003	49.7249	-34.187	23.3018	32.617	38.4738	7.48109	7	0	80.8422	-38.7688	-18.9749	17.7161	-38.7688	-18.9749	17.7161	
9465	45982	26.8457	92.7109	25.8972	-99999	79.854	-0.952886	1	1	-219.746	-223.332	132.918	108.856	-808.352	-817.191	-207.112	-208.904	-210.844	133.415	120.824	108.467	-808.211	-812.482	-817.342	4.59323	10	0	83.5584	79.8758	-5.61695	-783.253	79.8758	-5.61695	-783.253	
9465	11870	684.394	1872.59	683.528	-99999	57.113	-0.388168	1	1	-213.88	-226.517	131.349	-153.574	731.675	115.645	-213.887	-218.925	-226.619	131.53	-12.9347	-153.524	732.097	423.379	115.43	6.43381	13	0	117.412	57.176	-28.193	406.981	57.176	-28.193	406.981	
9465	28558	186.682	806.802	185.933	98.1588	76.712	-0.40264	1	1	-233.602	-82.8237	131.817	75.0331	-771.438	-859.955	-233.994	-159.791	-82.8237	132.04	101.304	75.0331	-771.121	-814.533	-859.955	8.96596	11	0	294.438	76.7031	37.537	-810.624	76.7031	37.537	-810.624	
9465	29557	208.081	437.245	202.739	-99999	74.072	-0.573952	1	1	-73.5468	-223.367	132.735	19.5936	219.299	142.802	-61.8757	-138.424	-215.643	132.735	74.485	16.4866	219.299	179.666	140.991	5.12512	8	0	44.085	74.057	-25.8071	116.294	74.057	-25.8071	116.294	
9465	31498	183.176	420.141	183.115	-440.796	68.006	-0.711567	0	0	-220.8	-77.9817	132.12	35.7118	197.389	138.622	-220.8	-151.701	-77.9817	132.12	80.7599	35.7118	197.389	168.995	138.622	4.99439	9	0	66.2657	-20.2953	25.0671	825.809	-20.2953	25.0671	825.809	
9465	37997	212.281	509.352	211.758	-99999	96.881	-0.414535	1	1	-233.238	-163.457	132.08	48.3774	-558.288	-379.147	-202.988	-157.262	-133.045	132.174	88.0777	48.2884	-558.448	-474.007	-378.868	4.04082	12	0	84.0274	96.918	20.7225	-443.859	96.918	20.7225	-443.859	
9465	30718	188.282	499.597	187.183	-99999	-35.673	-0.785749	0	0	-216.471	-282.468	131.21	-26.5799	645.568	720.182	-216.321	-254.477	-282.684	131.333	52.7675	-27.4091	645.514	680.393	720.509	5.68187	12	0	85.9859	77.2198	-11.149	17.3493	77.2198	-11.149	17.3493	
9465	76244	281.273	650.853	280.245	-99999	59.732	-0.976056	1	1	-266.405	-277.867	128.957	-142.047	-715.428	-657.986	-266.38	-273.217	-277.961	129.728	-6.47433	-142.047	-715.557	-682.096	-657.986	6.33644	11	0	41.1907	59.7659	-35.1468	-654.719	59.7659	-35.1468	-654.719	
9465	4803	218.896	394.16	218.219	-771.143	73.155	-0.921678	0	0	-168.197	-215.538	132.661	-70.6465	-9.04313	50.795	-168.197	-198.276	-215.606	132.661	32.833	-71.2647	-9.04313	23.8409	50.8523	9.50131	10	0	70.5203	73.1839	57.1935	432.491	-49.2061	-22.846	74.3325	
9465	7635	258.672	610.945	258.174	270.644	86.997	-0.907165	1	1	-158.653	-238.212	132.556	-90.7602	632.875	728.261	-158.485	-202.289	-238.212	133.005	16.7257	-90.7602	632.756	668.446	728.261	6.02486	13	0	82.6475	86.4296	-14.2829	591.692	86.4296	-14.2829	591.692	
9465	49872	40.1474	116.334	40.1465	-99999	39.409	-0.909045	1	1	-212.885	-217.362	133.068	97.3637	-756.677	-774.415	-206.675	-208.704	-211.152	133.068	115.016	97.3637	-756.677	-765.185	-774.415	5.80237	15	0	57.8263	39.4561	-14.0869	-770.226	9.90608	-6.93614	-782.106	
9465	57549	374.217	1453.35	374.082	-99999	-6.593	-0.656053	1	1	-87.0108	-317.611	129.503	-114.397	46.7487	211.7	-86.939	-202.57	-317.611	129.577	6.83862	-114.397	46.7015	127.652	211.7	10.8892	10	0	91.4787	-6.55136	-49.488	167.126	-6.55136	-49.488	167.126	
9465	3483	39.7599	136.364	39.7593	-99999	44.515	-0.803408	1	1	-205.591	-218.273	126.841	94.2331	297.104	278.329	-198.577	-205.031	-211.259	126.841	110.871	94.2331	297.104	287.179	278.329	4.3012	12	0	95.035	44.5456	-29.4286	197.874	44.5456	-29.4286	197.874	
9465	50684	369.327	993.886	367.448	-99999	46.179	-0.576965	1	1	-217.248	-77.0484	130.81	-75.6396	63.1242	332.816	-202.849	-132.762	-61.9568	130.929	27.1346	-76.546	62.9772	198.671	334.079	6.31097	7	0	90.7244	46.2134	-54.4838	287.275	85.2734	-44.2388	193.108	
9465	63240	221.614	840.952	220.702	-99999	44.728	-0.588675	1	1	-180.433	-103.661	129.14	-2.67102	271.682	431.174	-166.584	-128.224	-89.4923	129.437	63.3804	-2.91544	271.312	351.577	431.462	29.5613	6	0	292.211	44.7647	-32.677	428.601	44.7647	-32.677	428.601	
9465	11383	306.291	655.969	305.734	-99999	-7.322	-0.824136	1	1	-132.708	-330.159	132.767	-86.5677	-145.029	-80.2299	-132.438	-218.627	-330.188	133.193	11.8029	-86.5842	-145.139	-110.034	-80.2259	5.25477	8	0	64.7249	-15.1082	-31.0101	346.315	-29.4382	55.4092	-346.627	
9465	24485	45.434	104.175	43.2901	-99999	77.854	-0.702325	0	0	-115.111	-86.478	130.15	99.9279	853.129	841.316	-90.88	-75.9941	-60.7489	130.34	114.29	98.7279	853.202	847.131	840.75	4.44401	11	0	45.7454	69.1206	51.3353	290.01	69.1206	51.3353	290.01	
9465	28428	248.679	525.478	248.041	-99999	-35.941	-0.970833	1	1	-173.635	-84.2119	129.728	-95.245	92.597	104.863	-185.045	-154.864	-95.4817	130.342	10.6894	-95.245	92.5372	106.738	104.863	4.02035	7	0	58.5192	-35.9197	-46.2554	103.004	-35.9197	-46.2554	103.004	
9465	29076	550.098	1733	549.38	-99999	98.663	-0.548064	1	1	-273.138	-307.119	131.666	-151.881	-445.763	17.9947	-273.292	-292.977	-307.273	131.666	-18.3856	-151.881	-445.763	-216.403	17.9947	13.8558	8	0	249.234	98.6953	-33.2179	-174.04	98.6953	-33.2179	-174.04	
9465	52763	52.4347	206.55	50.791	-99999	-32.145	-0.944209	1	1	-156.139	-155.213	129.25	80.9888	333.58	317.801	-166.274	-165.774	-165.294	130.626	105.729	80.8077	334.042	325.861	317.741	5.68069	12	0	81.1494	-32.137	-12.1837	567.212	-32.137	-12.1837	567.212	
9465	6975	217.292	449.213	212.423	58.8303	51.11	-0.801867	1	1	-226.992	-201.743	131.841	17.1323	-21.6708	152.448	-226.97	-214.363	-201.824	132.204	65.0987	17.4446	-21.9383	61.9277	156.706	4.52795	9	0	58.2668	51.1571	0.982485	88.6675	51.1571	0.982485	88.6675	
9465	65503	141.602	236.698	128.744	-99999	-19.042	-0.914307	1	1	-318.078	-307.874	127.396	3.30177	-349.597	-324.763	-318.041	-311.741	-310.272	127.655	60.2051	-8.92673	-349.711	-329.917	-324.404	8.45948	8	0	40.4269	-19.0081	14.7304	-324.888	-19.0081	14.7304	-324.888	
9465	9088	256.418	585.039	255.069	-99999	63.972	-0.946122	1	1	-248.784	-309.987	129.862	-116.229	-288.316	-275.618	-248.814	-285.55	-310.235	130.051	7.49348	-117.306	-288.319	-284.371	-275.334	5.05787	9	0	74.4463	63.9907	-33.7574	-274.104	63.9907	-33.7574	-274.104	
9465	62962	33.945	240.697	33.3977	-99999	76.516	-0.671495	1	0	-108.59	-85.9553	132.713	108.766	-651.889	-656.921	-84.6953	-73.4142	-61.6922	132.799	120.355	108.499	-651.868	-654.105	-656.969	10.8272	11	0	164.815	76.5401	59.5737	-640.845	76.5401	59.5737	-640.845	
9465	37414	158.052	1051.17	157.906	-99999	57.873	-0.837967	1	1	-281.479	-314.67	131.262	1.47968	-107.664	-24.2858	-281.569	-298.5	-314.791	131.262	65.4253	1.36251	-107.664	-67.5056	-24.2057	6.34863	14	0	114.412	57.8986	-30.9456	19.1728	57.8986	-30.9456	19.1728	
9465	37765	229.103	544.928	228.904	-99999	92.899	-0.79828	1	1	-110.108	-155.391	134.176	-16.3125	-872.605	-712.212	-80.9457	-100.654	-126.261	134.329	46.4619	-16.3125	-872.717	-802.095	-712.212	5.33608	15	0	94.5262	92.9352	20.1864	-770.749	92.9352	20.1864	-770.749	
9465	54473	252.313	1150.13	252.242	-99999	57.37	-0.827878	1	1	-358.474	-283.182	39.5869	-171.733	-164.12	-50.3574	-358.582	-322.544	-283.272	39.6397	-67.6979	-171.733	-164.15	-108.551	-50.3574	7.10054	8	0	212.986	57.4024	-25.4528	-117.257	57.4024	-25.4528	-117.257	
9465	67067	217.307	454.514	217.091	18.6064	12.131	-0.986214	1	1	-196.313	-250.804	133.542	-73.875	342.67	335.963	-196.307	-221.783	-250.803	133.581	28.3569	-73.9588	342.669	335.879	335.967	4.45485	8	0	44.0286	12.1583	-23.5064	341.697	12.1583	-23.5064	341.697	
9465	22292	200.532	512.77	200.351	-99999	112.606	-0.953158	1	1	-233.6	-186.502	133.265	-61.1743	695.338	690.734	-198.291	-175.956	-151.127	133.265	35.6327	-61.3372	695.338	693.427	690.732	5.83287	7	0	73.8945	112.615	-14.9149	675.331	112.615	-14.9149	675.331	
9465	46575	126.026	298.723	125.893	-99999	54.596	-0.564261	1	1	-358.285	-330.592	-80.077	-158.633	547.719	641.415	-358.376	-342.95	-330.647	-80.0644	-117.261	-158.701	547.702	595.803	641.494	6.46896	13	0	78.5037	54.6278	-69.9539	608.124	54.6278	-69.9539	608.124	
9465	26873	213.267	522.37	212.087	-99999	1.189	-0.994043	1	1	-176.242	-160.678	130.349	-79.9527	-306.68	-290.094	-175.937	-167.773	-160.304	131.499	25.6254	-79.956	-306.795	-298.658	-290.093	6.83511	6	0	72.4874	1.2118	-21.6574	-301.651	1.2118	-21.6574	-301.651	
9465	36395	234.496	571.354	233.625	52.8819	46.543	-0.912308	1	1	-179.135	-215.641	131.644	-84.5118	-527.761	-450.961	-179.022	-203.396	-215.588	132.236	25.9716	-84.7071	-528	-485.049	-450.89	6.36748	10	0	79.364	50.751	-49.1401	-427.69	50.751	-49.1401	-427.69	
9466	57963	287.387	745.925	286.406	-99999	113.18	-0.933019	0	0	-322.802	-237.726	130.457	-127.233	427.086	518.175	-323.051	-282.047	-237.903	131.369	1.63717	-127.233	426.741	472.461	518.175	4.68003	12	0	41.219	113.225	25.4657	388.823	113.225	25.4657	388.823	
9466	62550	23.6214	54.7428	23.6213	-99999	30.602	-0.825777	1	1	-204.055	-216.19	130.683	111.053	874.536	869.508	-199.234	-205.323	-211.368	130.683	120.909	111.053	874.536	871.914	869.508	8.35727	9	0	47.5019	30.6294	-62.5633	802.382	30.6294	-62.5633	802.382	
9466	71083	28.6045	81.5562	28.3325	-99999	63.106	-0.987119	0	0	-84.9763	-81.8061	134.243	106.674	-873.759	-879.143	-65.2155	-63.5856	-62.0183	134.511	120.432	106.674	-873.732	-875.624	-879.143	7.00472	20	0	56.8643	63.1288	30.1566	-856.625	63.1288	30.1566	-856.625	
9466	72279	275.715	617.398	275.624	-99999	-2.549	-0.955359	1	1	-229.538	-290.614	129.466	-136.63	-390.062	-360.487	-229.534	-266.241	-290.606	129.466	-3.049	-136.715	-390.062	-381.502	-360.476	4.57592	11	0	86.1336	-2.50824	-39.5774	-373.993	-2.50824	-39.5774	-373.993	
9466	24273	242.311	540.99	240.934	77.6976	63.881	-0.931995	1	1	-219.102	-113.194	130.902	-76.2162	-238.448	-179.457	-219.168	-170.732	-112.669	131.177	24.5372	-77.0926	-238.531	-208.883	-179.435	4.65275	6	0	71.5161	63.9067	-29.9098	-203.235	63.9067	-29.9098	-203.235	
9466	32056	71.2453	3003.98	70.8359	-99999	17.765	-0.670998	0	0	-211.559	-168.287	130.412	86.1705	398.119	431.158	-206.166	-183.7	-162.645	130.596	106.824	86.121	398.02	412.112	431.254	5.0001	8	0	76.0556	17.8018	29.4355	413.597	17.8018	29.4355	413.597	
9466	867	121.955	818.776	121.833	-99999	51.017	-0.942271	1	1	-171.54	-195.591	130.268	15.5879	119.446	87.9068	-155.516	-166.15	-179.594	130.378	71.6868	15.5879	119.478	106.964	87.9068	9.19688	9	0	600.009	51.0434	5.08598	102.302	51.0434	5.08598	102.302	
9466	18771	329.545	835.611	327.034	-99999	80.206	-0.657285	1	1	-208.907	-87.0212	131.989	-27.3485	196.855	455.023	-184.268	-123.172	-61.4348	132.973	52.0677	-27.8689	195.891	325.631	455.809	7.11917	7	0	55.1718	80.2529	-13.4534	376.686	80.2529	-13.4534	376.686	
9466	42958	122.278	318.679	121.801	-99999	99.266	-0.967285	1	1	-139.332	-94.1175	129.558	17.339	649.559	647.724	-108.329	-90.5385	-62.9912	130.016	71.6197	17.339	649.564	647.777	647.724	6.35706	6	0	90.9407	99.2919	32.5104	649.265	99.2919	32.5104	649.265	
9466	21178	259.044	3804.53	259.039	89.5922	82.891	-0.874103	1	1	-309.854	-190.939	132.552	-68.9179	-62.3367	-172.384	-309.854	-252.385	-190.939	132.552	32.8048	-68.9179	-62.3367	-121.348	-172.384	5.86513	14	0	77.6559	82.922	-9.9828	-131.162	82.922	-9.9828	-131.162	
9466	21205	359.416	896.659	358.885	-99999	-5.268	-0.417573	1	1	-88.9298	-268.615	128.361	-34.9976	462.944	727.091	-88.6722	-179.671	-268.633	128.558	47.1444	-35.0221	462.591	594.43	727.13	5.23191	15	0	69.1534	-5.21796	-33.5196	698.553	-5.21796	-33.5196	698.553	
9466	56192	318.402	700.166	318.392	-20.1095	-25.252	-0.843904	1	1	-146.469	-338.049	132.738	-120.278	-410.284	-393.125	-146.469	-240.501	-338.049	132.738	4.50773	-120.278	-410.284	-404.547	-393.125	4.82404	8	0	73.739	-25.2119	-32.2564	-213.313	10.5681	43.8612	-502.12	
9466	56435	109.035	267.251	109.002	-99999	102.453	-0.830071	1	1	-358.102	-316.456	53.1509	-35.8148	28.54	74.7975	-358.263	-338.204	-316.616	53.1509	7.76289	-35.8148	28.54	50.5867	74.7975	5.52965	13	0	78.3284	102.473	39.4229	40.5838	102.473	39.4229	40.5838	
9466	26614	387.762	1740.2	367.256	-99999	-29.033	-0.647466	1	1	-358.59	-324.279	119.475	-159.941	-569.677	-799.781	-358.721	-330.388	-320.249	119.942	-17.1669	-172.281	-569.148	-703.006	-812.699	21.5325	8	0	1148.19	-29.002	7.57345	-675.009	-29.002	7.57345	-675.009	
9466	73108	39.3868	159.579	38.5014	-99999	50.948	-0.575251	0	0	-95.8307	-78.2416	44.0343	23.1188	-894.516	-867.548	-79.8841	-70.5322	-61.7757	44.067	32.9441	22.6808	-894.553	-881.274	-867.127	4.16147	16	0	114.858	44.9427	18.2104	-71.5201	44.9427	18.2104	-71.5201	
9466	57569	276.926	621.293	271.386	60.205	49.744	-0.710477	1	1	-62.8153	-250.432	84.83	-105.459	434.032	478.317	-59.8158	-156.862	-251.031	87.9312	-8.49113	-106.464	433.413	454.559	478.314	5.7514	6	0	82.2505	49.7652	18.9496	559.59	94.5152	-69.0122	508.227	
9466	74782	192.633	440.455	190.58	-99999	-32.165	-0.989373	1	1	-139.974	-131.37	132.483	-56.4062	-410.213	-405.652	-150.132	-143.536	-141.549	133.308	37.6045	-57.4602	-410.32	-402.454	-405.699	6.32329	7	0	80.4741	-37.5034	-26.2486	70.0548	-26.2434	-50.8466	-523.918	
9466	3459	177.586	457.411	176.764	-99999	35.316	-0.811529	1	1	-357.279	-302.161	133.556	-8.92103	-788.149	-699.966	-357.489	-328.911	-302.151	133.941	60.6586	-9.18639	-788.383	-747.304	-699.757	4.66928	15	0	74.065	35.3477	35.7013	-739.095	35.3477	35.7013	-739.095	
9466	18505	159.212	313.303	157.699	-636.333	33.026	-0.910457	1	1	-155.319	-232.92	132.66	-4.06095	454.314	460.292	-155.319	-191.441	-233.41	132.66	61.9164	-5.47982	454.314	457.918	460.165	4.14173	7	0	58.0707	33.0601	-55.8071	-207.21	71.4901	-31.9451	-91.6555	
9466	86587	307.987	683.57	302.614	-99999	64.969	-0.988757	1	1	-237.407	-233.755	130.884	-170.296	-520.809	-493.84	-237.508	-236.881	-233.433	130.884	-22.3368	-175.627	-520.809	-507.181	-493.641	7.36026	9	0	56.6464	65.0075	-29.7929	-502.082	65.0075	-29.7929	-502.082	
9466	86776	139.555	330.374	139.177	-37.8856	-44.072	-0.914317	1	1	-163.411	-234.312	132.463	13.5289	-650.974	-643.312	-163.411	-196.489	-234.516	132.463	71.1144	13.2243	-650.974	-650.522	-643.236	6.85469	10	0	70.0078	-44.0403	7.89779	-638.591	-44.0403	7.89779	-638.591	
9466	7177	301.35	709.613	297.116	-99999	40.067	-0.974443	1	1	-177.033	-122.083	131.866	-158.073	-620.504	-592.95	-164.514	-131.018	-109.136	132.07	-14.4453	-162.018	-620.517	-611.332	-592.354	4.01209	13	0	61.1092	40.0785	-35.7701	-598.357	40.0785	-35.7701	-598.357	
9466	27385	381.147	881.83	381.131	86.3392	78.826	-0.841729	1	1	-265.506	-184.48	131.63	-147.309	-154.74	-398.938	-265.506	-219.291	-184.48	131.63	-13.8367	-147.309	-154.74	-268.4	-398.938	13.5861	13	0	90.1853	78.8613	-27.2032	-285.329	78.8613	-27.2032	-285.329	
9466	9810	305.804	793.957	303.118	-99999	18.934	-0.978221	1	1	-74.7977	-101.912	132.334	-168.189	-412.341	-393.097	-68.6525	-82.1398	-95.975	134.939	-16.847	-168.189	-412.859	-400.887	-393.097	4.65447	11	0	111.968	18.9403	-15.6713	-398.08	18.9403	-15.6713	-398.08	
9466	83861	188.033	2404.13	188.03	122.494	115.448	-0.739328	1	1	-131.452	-230.913	133.352	-4.88714	588.901	667.623	-131.452	-184.212	-230.913	133.352	64.3111	-4.88714	588.901	624.688	667.623	6.39986	12	0	89.5999	115.482	9.51271	628.039	115.482	9.51271	628.039	
9466	84644	281.791	680.441	278.023	49.7264	39.2	-0.913956	1	1	-257.931	-100.433	130.414	-94.1998	-169.928	-209.795	-258.119	-178.884	-98.686	130.874	15.8613	-96.8939	-169.872	-184.885	-210.383	4.71028	9	0	66.0599	39.226	-34.2767	-199.108	39.226	-34.2767	-199.108	
9466	2714	47.3998	141.56	47.076	-99999	-10.956	-0.986974	0	0	-255.563	-244.952	125.492	79.9194	-860.182	-857.403	-255.581	-251.916	-244.935	125.804	102.471	79.9194	-860.228	-859.133	-857.403	4.4359	9	0	69.187	-10.9204	35.0547	-796.613	-10.9204	35.0547	-796.613	
9466	56263	194.794	473.156	192.324	-99999	-13.804	-0.982492	1	1	-221.837	-250.145	128.571	-60.347	-271.273	-257.388	-221.41	-230.502	-250.211	130.68	33.8287	-60.6502	-271.281	-268.609	-257.365	4.89665	7	0	68.3657	-13.7701	-19.2588	-259.037	-49.2001	5.22088	-279.52	
9466	7902	213.454	559.788	211.159	-99999	96.774	-0.572859	1	1	-148.145	-92.2427	131.158	10.3581	-423.669	-259.766	-118.074	-89.9405	-61.633	131.792	70.3443	9.63408	-424.539	-341.943	-258.871	4.11429	7	0	92.7	96.7984	16.3924	-293.153	96.7984	16.3924	-293.153	
9466	36574	185.381	429.716	185.229	52.6269	35.185	-0.764091	1	1	-222.011	-99.7855	131.031	47.8378	440.503	543.027	-222.011	-166.925	-99.7855	131.031	73.7109	47.8378	440.503	485.464	543.027	4.7324	7	0	76.9014	35.2129	17.3955	498.565	35.2129	17.3955	498.565	
9466	70984	108.353	252.209	105.353	-99999	38.901	-0.837251	1	0	-123.359	-75.9677	133.583	41.406	-746.833	-765.552	-111.445	-86.771	-62.6951	134.018	86.8258	39.2071	-746.741	-756.632	-765.885	4.58493	8	0	68.6436	38.9308	-6.42231	7.40967	96.5008	40.5058	-713.23	
9466	14983	158.465	383.465	157.713	-99999	-9.917	-0.893016	1	1	-328.644	-253.866	130.318	-3.74798	712.273	742.096	-328.905	-285.39	-253.85	130.989	67.0704	-3.74798	712.094	728.293	742.096	6.44954	10	0	73.0646	-9.90327	14.0376	731.781	-9.90327	14.0376	731.781	
9466	15631	280.617	542.367	211.579	-99999	19.17	-0.411365	1	1	-256.372	-333.094	111.588	15.6414	-891.859	-719.629	-256.402	-307.051	-358.468	111.588	48.2376	-16.1127	-891.859	-777.393	-663.84	4.08774	10	0	72.7285	19.1581	1.27163	-697.461	19.1581	1.27163	-697.461	
9466	64785	31.258	117.095	30.164	-99999	98.988	-0.596275	1	1	-213.692	-226.267	132.705	115.784	460.752	482.312	-197.89	-204.171	-210.859	133.087	124.18	115.533	460.293	471.481	482.65	19.9352	7	0	91.5958	99.0196	-59.2131	692.247	53.8596	-12.3144	523.839	
9466	32552	308.598	741.518	308.595	-99999	-9.51	-0.788986	1	1	-265.556	-344.45	129.539	-118.543	-578.786	-413.245	-265.541	-305.003	-344.435	129.539	4.91422	-118.543	-578.786	-496.927	-413.245	5.98422	14	0	47.5253	-9.47729	-59.6075	-452.068	-9.47729	-59.6075	-452.068	
9466	45472	125.299	423.58	125.295	-99999	29.483	-0.872159	1	0	-345.125	-299.522	132.03	34.2992	442.837	504.392	-345.171	-325.308	-299.568	132.03	79.505	34.2992	442.837	470.488	504.392	6.58127	13	0	198.602	29.516	29.7701	467.564	29.516	29.7701	467.564	
9466	3392	253.651	599.085	253.649	-99999	42.946	-0.347221	1	1	-351.775	-203.344	62.5675	-27.6618	-489.737	-304.939	-358.542	-283.721	-210.111	62.5675	18.2362	-27.6618	-489.737	-397.436	-304.939	12.3736	11	0	59.3249	42.96	-58.9286	-211.253	87.13	-81.9675	-508.249	
9466	4013	244.295	608.056	242.848	-99999	92.273	-0.921299	1	1	-215.226	-130.841	131.502	-94.3572	-354.338	-332.811	-186.511	-144.508	-101.875	132.019	17.7486	-95.2303	-354.381	-344.975	-332.815	9.80412	7	0	88.6689	92.2958	-38.8893	-350.325	92.2958	-38.8893	-350.325	
9466	4335	269.549	617.243	268.796	15.8908	11.847	-0.620653	1	1	-93.0278	-278.955	133.216	-50.3366	290.436	240.082	-93.0278	-187.098	-279.307	133.216	43.1004	-50.9178	290.436	256.518	240.366	4.24311	14	0	72.4165	11.884	-8.44054	256.274	11.884	-8.44054	256.274	
9466	31490	268.311	647.929	268.034	118.179	110.564	-0.878463	1	1	-320.664	-158.02	130.932	-77.6089	420.859	450.857	-320.78	-238.003	-158.02	131.167	27.6398	-77.6089	420.82	440.052	450.857	6.43632	10	0	121.879	110.589	-4.12748	431.425	110.589	-4.12748	431.425	
9466	14849	189.339	517.234	188.97	-99999	68.583	-0.696291	1	1	-357.563	-287.157	48.8515	-80.1253	407.75	526.555	-357.77	-322.545	-287.228	49.0426	-15.4212	-80.1879	407.581	467.291	526.614	9.91127	14	0	93.8232	68.6156	-31.239	495.924	68.6156	-31.239	495.924	
9466	58158	300.688	786.548	299.173	-99999	112.258	-0.886192	1	1	-213.357	-324.984	130.934	-109.752	195.697	76.2417	-212.992	-248.774	-325.339	132.033	-3.06688	-109.851	195.967	141.772	76.1044	5.63082	6	0	74.5632	112.289	-32.2198	123.493	112.289	-32.2198	123.493	
9466	9468	206.312	603.796	204.45	-99999	78.201	-0.539173	1	1	-227.671	-87.0772	133.083	-2.58698	142.626	82.7169	-203.15	-131.816	-61.4095	133.083	65.0359	-3.9554	142.626	112.527	82.2027	8.76378	9	0	67.7264	78.2312	-1.42763	101.287	78.2312	-1.42763	101.287	
9466	45394	29.7335	100.906	29.5669	-99999	92.863	-0.559705	1	0	-358.689	-347.107	-69.9724	-87.8026	276.084	296.487	-358.834	-352.729	-347.198	-69.9724	-79.2623	-87.886	276.084	285.912	296.616	5.24776	15	0	74.6268	92.8839	-75.1809	276.691	92.8839	-75.1809	276.691	
9466	55442	65.2463	167.814	63.2173	-99999	106.818	-0.655357	1	0	-280.603	-324.929	130.652	89.1956	161.567	176.268	-279.613	-300.501	-325.517	131.614	107.162	88.9515	161.354	166.415	176.392	8.92942	7	0	72.9518	106.848	56.3507	179.055	106.848	56.3507	179.055	
9466	56306	208.943	514.865	208.753	96.3927	90.819	-0.995676	1	1	-208.303	-215.361	132.334	-73.3424	249.359	234.77	-208.303	-202.124	-215.4	132.334	28.4853	-73.4567	249.359	242.635	234.765	14.1056	8	0	117.798	90.8314	-17.6135	245.668	90.8314	-17.6135	245.668	
9466	26223	264.077	740.848	263.574	-99999	75.931	-0.927333	1	1	-175.27	-85.5345	132.387	-115.235	-569.162	-559.556	-151.654	-106.686	-61.7252	132.847	8.81736	-115.235	-569.188	-563.938	-559.556	8.11042	6	0	58.7609	75.9542	-47.9851	-547.376	75.9542	-47.9851	-547.376	
9466	9028	312.123	661.176	311.874	-99999	70.867	-0.926402	1	1	-283.411	-339.472	131.324	-169.251	-619.553	-566.254	-283.522	-323.073	-339.572	131.324	-17.997	-169.492	-619.553	-598.68	-566.226	4.68704	10	0	75.051	70.8927	-38.1667	-593.802	70.8927	-38.1667	-593.802	
9466	76231	291.357	728.019	291.06	-99999	-17.539	-0.835575	1	1	-227.435	-273.348	131.867	-112.851	-879.577	-730.257	-227.312	-252.346	-273.321	132.11	10.6603	-112.851	-879.708	-803.856	-730.257	4.47098	18	0	99.661	-17.4948	-19.555	-753.897	-17.4948	-19.555	-753.897	
9466	46393	233.605	1701.09	228.539	-27.1007	-36.203	-0.870599	1	1	-281.879	-197.051	126.874	-52.057	-322.035	-431.636	-282.69	-248.427	-197.051	131.28	33.4642	-52.057	-319.706	-373.325	-431.636	4.95458	10	0	70.8678	-36.1661	-5.35571	-376.021	-36.1661	-5.35571	-376.021	
9466	7327	94.4908	222.451	94.4178	-99999	-17.423	-0.860041	1	0	-283.981	-313.507	131.986	50.1589	404.98	440.682	-283.954	-298.165	-313.507	131.986	89.927	50.0972	404.98	420.718	440.701	6.42576	9	0	72.3142	-13.4156	-8.08571	-449.784	-41.8456	27.0609	326.903	
9466	7597	174.204	534.534	173.055	24.2658	10.338	-0.816256	1	1	-244.626	-162.176	130.223	6.619	-345.587	-433.592	-244.882	-205.262	-162.176	130.922	66.8798	6.619	-345.181	-387.793	-433.592	4.12958	12	0	85.78	10.3707	-37.2151	-466.627	10.3707	-37.2151	-466.627	
9466	34584	264.831	602.212	257.5	-99999	44.932	-0.787894	1	1	-216.565	-78.9766	125.838	-75.2242	-473.548	-390.423	-202.949	-132.481	-61.6283	126.575	23.2629	-80.6505	-473.87	-430.364	-389.808	16.3933	6	0	38.3858	44.9597	-40.7841	-398.112	44.9597	-40.7841	-398.112	
9466	232	179.268	437.989	179.064	72.4897	58.248	-0.805721	1	1	-253.6	-131.402	130.66	5.88399	736.235	699.26	-253.699	-193.664	-131.402	130.82	67.1572	5.88399	736.289	718.099	699.26	8.02667	8	0	83.5117	58.2607	7.58675	709.264	58.2607	7.58675	709.264	
9466	61194	76.9467	203.558	74.8743	-99999	94.627	-0.410427	0	0	-340.605	-343.981	127.879	79.0204	-794.234	-743.245	-340.754	-341.048	-344.189	127.896	102.637	79.0277	-794.287	-770.643	-742.793	4.59065	13	0	83.9651	94.6532	67.7709	-769.128	94.6532	67.7709	-769.128	
9466	30153	290.774	662.057	289.941	-99999	61.469	-0.932168	1	1	-275.089	-344.723	130.834	-147.988	-579.567	-551.917	-275.185	-315.744	-344.913	130.834	-7.54923	-148.805	-579.567	-561.803	-551.837	5.68502	11	0	78.0863	61.4904	-39.6427	-564.983	61.4904	-39.6427	-564.983	
9466	38726	281.901	615.655	281.395	-99999	13.134	-0.983157	1	1	-285.438	-295.427	125.285	-150.472	-679.972	-636.351	-285.458	-291.59	-295.452	125.285	-12.8909	-150.82	-679.972	-654.745	-636.208	4.54685	9	0	46.9392	13.1689	-27.0386	-639.259	13.1689	-27.0386	-639.259	
9466	29247	118.858	289.343	117.508	-99999	102.427	-0.976435	1	1	-205.628	-191.246	132.737	17.5855	-614.697	-601.031	-173.561	-165.657	-159.181	132.969	75.1056	16.6269	-614.705	-604.099	-600.944	4.48724	10	0	74.3711	102.459	21.3319	-602.848	102.459	21.3319	-602.848	
9466	59871	59.487	160.583	58.116	-99999	33.474	-0.784492	1	0	-145.498	-116.636	129.779	79.7799	54.6674	55.6709	-135.627	-119.483	-105.986	130.588	105.799	79.4852	54.828	52.9677	55.6996	4.03353	6	0	73.1982	33.4949	31.7055	40.1173	33.4949	31.7055	40.1173	
9466	6301	199.358	559.475	197.526	-99999	64.327	-0.886764	1	1	-163.873	-229.802	132.768	-21.4235	-169.949	-273.924	-143.576	-176.796	-210.117	133.125	55.1111	-22.7204	-169.819	-221.96	-274.276	5.78907	14	0	123.74	64.3623	-39.4933	-297.476	64.3623	-39.4933	-297.476	
9466	65567	40.8604	141.288	40.2919	-99999	73.657	-0.844334	1	1	-200.832	-222.506	132.206	98.409	-860.217	-856.899	-188.926	-199.812	-210.9	132.685	115.494	98.409	-860.269	-858.462	-856.899	4.26544	6	0	63.0021	73.6874	-54.1889	-829.062	73.6874	-54.1889	-829.062	
9466	36872	341.347	848.107	341.233	-99999	69.021	-0.599583	1	1	-214.485	-198.107	131.612	-72.7436	-508.332	-780.361	-225.36	-218.39	-208.983	131.612	27.4023	-72.7436	-508.332	-642.729	-780.361	4.18716	7	0	52.6371	68.999	-16.7086	-667.653	68.999	-16.7086	-667.653	
9466	34585	144.138	343.486	142.955	-99999	104.197	-0.963156	1	1	-293.884	-298.88	129.277	-4.40894	-288.825	-241.47	-293.904	-299.565	-298.984	130.272	62.6923	-4.51849	-289.055	-264.856	-241.435	5.78755	9	0	80.2873	101.122	19.6808	-470.433	101.122	19.6808	-470.433	
9466	63827	284.475	780.318	280.607	-99999	50.28	-0.994369	1	1	-186.432	-175.729	128.025	-129.963	457.103	514.612	-170.83	-169.503	-159.817	129.874	1.06823	-130.749	457.006	490.799	514.765	9.68658	8	0	83.8439	50.3021	-32.9467	478.82	50.3021	-32.9467	478.82	
9466	30662	50.615	143.005	50.6144	-99999	-11.001	-0.808813	0	0	-356.823	-328.513	115.562	73.7014	-494.487	-492.822	-356.806	-341.942	-328.495	115.562	95.123	73.7014	-494.487	-493.295	-492.822	4.77446	7	0	65.905	-10.974	40.9603	-491.782	-10.974	40.9603	-491.782	
9466	30716	231.434	555.952	230.593	121.619	112.867	-0.956215	1	1	-266.695	-164.825	130.083	-67.8563	-505.98	-561.433	-266.865	-212.977	-164.76	130.717	31.146	-67.9976	-505.914	-528.308	-561.465	7.37828	9	0	81.3463	112.899	-13.2082	-539.347	112.899	-13.2082	-539.347	
9466	32983	351.093	803.028	348.834	30.0489	22.74	-0.902302	1	1	-247.493	-137.68	129.644	-157.777	-716.351	-875.568	-247.536	-200.016	-137.564	131.297	-21.2809	-158.071	-715.566	-786.751	-875.84	11.8002	10	0	73.808	22.7748	-23.6061	-756.944	22.7748	-23.6061	-756.944	
9466	23273	116.275	294.072	113.394	49.322	40.057	-0.888873	1	0	-222.98	-200.86	128.271	46.6722	-489.626	-561.551	-223.285	-208.004	-200.86	130.782	84.0829	46.6722	-488.353	-518.762	-561.551	8.95268	9	0	73.678	40.0814	17.8006	-533.969	40.0814	17.8006	-533.969	
9466	48796	406.674	890.013	396.979	20.2926	14.331	-0.77281	1	1	-129.79	-269.339	126.312	-170.664	-593.086	-371.663	-127.062	-191.057	-269.446	133.228	-16.7068	-171.058	-598.492	-477.289	-371.383	5.21864	14	0	70.5992	14.369	-24.2656	-470.323	14.369	-24.2656	-470.323	
9466	11879	219.327	478.824	218.29	100.574	88.436	-0.920014	1	1	-234.942	-117.367	130.362	-33.2175	-123.272	-197.189	-235.16	-186.468	-117.367	131.271	40.2469	-33.2175	-122.961	-157.873	-197.189	5.05465	7	0	64.2914	88.4621	-23.8355	-183.846	88.4621	-23.8355	-183.846	
9466	52866	277.854	606.832	273.686	101.564	93.403	-0.986543	1	1	-236.621	-186.077	128.971	-130.148	631.222	562.38	-236.643	-212.922	-185.058	129.558	-3.9212	-133.47	631.307	601.396	561.652	4.03009	13	0	78.0391	93.4318	-28.5609	596.922	93.4318	-28.5609	596.922	
9466	37535	211.294	2952.99	210.742	-99999	88.285	-0.615475	1	1	-143.869	-101.435	129.937	5.16247	363.018	526.905	-116.303	-94.4495	-73.752	130.27	66.5064	5.16247	362.61	443.957	526.905	7.46888	11	0	365.658	88.3162	-12.5171	519.177	88.3162	-12.5171	519.177	
9466	15467	85.8439	179.781	84.7971	-99999	83.069	-0.883106	1	0	-125.188	-87.9408	132.657	56.6214	-626.558	-622.019	-99.5926	-80.8084	-61.8446	133.489	94.9591	56.5358	-626.608	-624.442	-622.013	4.10792	8	0	46.4493	83.082	63.9516	-625.022	83.082	63.9516	-625.022	
9466	50087	303.379	730.718	302.619	43.1341	36.643	-0.619726	1	1	-161.706	-231.644	132.815	-52.2759	-339.269	-111.744	-161.584	-196.833	-231.644	133.281	38.8798	-52.2759	-339.846	-226.677	-111.744	12.5464	13	0	119.196	36.677	-13.0532	-221.087	36.677	-13.0532	-221.087	
9466	3007	244.896	579.448	244.891	-99999	37.285	-0.931167	1	1	-217.394	-144.121	126.624	-104.816	-139.151	-159.498	-211.519	-168.782	-138.246	126.624	12.183	-104.816	-139.151	-146.712	-159.498	4.36663	10	0	75.0355	41.5332	-53.9241	-608.188	-19.0068	78.6829	-354.041	
9466	70156	244.703	566.15	242.804	-99999	76.149	-0.922046	1	1	-191.242	-111.68	129.856	-94.1439	163.756	202.553	-167.541	-134.411	-87.0766	130.352	15.2145	-95.2831	163.637	188.004	202.617	5.7806	6	0	70.5627	76.1741	-26.8471	194.623	76.1741	-26.8471	194.623	
9466	62157	116.92	298.499	116.644	-99999	80.449	-0.978797	1	0	-358.229	-339.407	110.052	-4.2799	223.903	227.286	-358.383	-351.008	-339.532	110.315	52.702	-4.2799	223.842	230.029	227.286	4.80552	8	0	65.8495	80.4759	47.4408	223.698	80.4759	47.4408	223.698	
9466	67641	181.966	436.161	181.924	-99999	66.471	-0.842063	1	1	-133.288	-221.405	133.07	-16.1669	-616.446	-671.64	-122.798	-167.504	-210.932	133.104	58.8351	-16.1669	-616.434	-644.012	-671.64	12.6038	10	0	56.0052	66.5185	-10.5472	-658.182	66.5185	-10.5472	-658.182	
9466	12615	319.122	731.504	318.065	-99999	-20.566	-0.958798	1	1	-65.4053	-168.794	133.224	-166.787	247.383	255.83	-71.7854	-122.402	-175.451	133.479	-17.7567	-167.548	247.373	246.739	255.819	4.48746	8	0	80.4837	-20.5414	-14.8592	246.883	-20.5414	-14.8592	246.883	
9466	55470	26.6839	77.8744	26.347	-99999	-1.07	-0.716518	0	0	-239.468	-255.39	130.808	110.915	-862.758	-856.797	-239.242	-248.182	-255.388	131.046	121.469	110.915	-862.815	-860.314	-856.797	4.50456	11	0	62.5354	-17.6947	-99.6614	633.787	-17.6947	-99.6614	633.787	
9466	82941	146.269	395.268	146.254	-99999	113.87	-0.948001	1	1	-358.166	-332.284	56.3649	-83.2367	376.094	407.511	-358.344	-344.2	-332.462	56.3649	-13.4172	-83.2367	376.094	392.442	407.511	4.78946	11	0	74.2285	113.898	33.6826	383.633	13.0883	-55.7124	383.329	
9466	23407	270.089	602.991	259.813	-99999	93.386	-0.908845	1	1	-109.468	-216.257	128.391	-103.355	-872.914	-834.421	-78.7107	-133.321	-190.383	132.066	12.5778	-108.545	-873.736	-843.013	-834.187	4.02939	11	0	80.3968	95.5256	-24.3291	-682.443	95.5256	-24.3291	-682.443	
9466	22625	240.282	591.964	240.145	-99999	76.326	-0.927225	1	1	-102.109	-136.659	133.002	-89.5404	-237.48	-319.529	-78.1651	-96.6622	-112.726	133.126	20.6704	-89.5404	-237.431	-275.176	-319.529	7.28679	10	0	64.9925	76.3544	-38.0038	-282.467	76.3544	-38.0038	-282.467	
9466	39075	370.855	838.671	327.49	54.7509	51.606	-0.892835	1	1	-192.456	-338.038	133.249	-146.283	588.856	500.226	-192.456	-274.886	-356.949	133.249	-24.8733	-181.821	588.856	538.382	486.727	4.20178	6	0	150.195	51.6495	-52.6624	528.549	51.6495	-52.6624	528.549	
9466	25809	36.1006	111.671	35.9534	-99999	101.739	-0.889544	0	0	-109.444	-93.8922	131.099	99.0569	-588.201	-593.071	-77.604	-69.642	-61.9904	131.23	115.23	99.0569	-588.178	-590.711	-593.071	4.34027	10	0	79.499	101.763	73.3722	-581.461	101.763	73.3722	-581.461	
9466	48429	226.938	490.334	223.056	-99999	44.164	-0.930092	1	1	-137.975	-121.249	125.618	-95.5727	338.263	352.078	-124.377	-113.953	-107.373	128.835	16.8122	-95.9511	337.034	348.367	352.015	4.43163	11	0	64.9621	44.1919	-21.4352	345.681	44.1919	-21.4352	345.681	
9466	65889	334.991	814.688	334.826	-99999	54.079	-0.907317	1	1	-174.022	-84.3575	131.885	-169.478	-276.577	-385.986	-157.065	-124.847	-67.3487	131.885	-20.7535	-169.622	-276.577	-336.726	-386.012	4.17856	7	0	82.8259	54.1088	-46.5825	-343.968	54.1088	-46.5825	-343.968	
9466	33609	112.478	271.116	112.478	-99999	61.649	-0.494774	1	1	-135.744	-221.054	132.526	73.465	482.95	439.558	-126.03	-168.741	-211.34	132.526	103.171	73.465	482.95	461.131	439.558	5.50326	12	0	47.5336	61.6201	-13.2404	386.12	61.6201	-13.2404	386.12	
9466	47134	65.5141	188.949	65.513	-99999	96.462	-0.829025	1	1	-200.873	-226.818	130.794	72.8526	64.3785	48.4928	-185.674	-198.862	-211.619	130.794	102.096	72.8526	64.3785	55.7713	48.4928	10.3005	9	0	59.558	96.493	-37.7912	1.15341	96.493	-37.7912	1.15341	
9466	9376	311.359	677.288	309.33	107.757	101.769	-0.973592	1	1	-302.012	-165.682	129.537	-146.883	597.274	600.391	-302.104	-241.055	-165.195	129.993	-12.9195	-148.335	597.304	598.186	600.667	5.29889	6	0	76.1753	101.758	-32.4286	79.7485	3.28774	-58.6396	488.479	
9466	79405	267.693	614.694	267.224	-99999	88.191	-0.991092	1	1	-273.605	-195.907	130.683	-123.783	13.3045	-8.56506	-287.515	-250.074	-209.766	131.023	3.01285	-123.89	13.3474	3.83001	-8.57562	7.34831	6	0	57.6238	88.2254	-18.6034	-2.36834	88.2254	-18.6034	-2.36834	
9466	57980	138.016	346.663	137.332	61.7893	58.946	-0.827508	1	1	-186.695	-258.948	132.398	31.7108	-526.322	-471.064	-186.695	-221.095	-259.503	132.398	77.0878	31.3479	-526.322	-503.748	-470.913	5.87721	6	0	76.6618	58.9834	7.9858	-488.268	58.9834	7.9858	-488.268	
9466	12945	171.547	404.024	163.47	-99999	-5.196	-0.763486	1	1	-200.524	-269.197	125.964	9.0109	-98.3952	-9.54845	-198.583	-225.93	-269.337	131.853	67.937	8.79649	-103.017	-53.0448	-9.32414	4.44145	13	0	90.3431	-5.16498	3.80758	-33.8842	-5.16498	3.80758	-33.8842	
9466	81786	280.763	746.131	279.803	-99999	10.5	-0.943745	1	1	-282.104	-346.788	130.939	-133.168	620.98	685.578	-282.12	-312.696	-347.162	130.939	-1.94408	-134.045	620.98	653.844	685.681	5.62817	7	0	183.978	10.5329	-33.8032	663.447	10.5329	-33.8032	663.447	
9466	73120	285.642	679.036	284.26	-99999	-40.396	-0.980599	1	1	-229.166	-244.857	130.243	-143.004	-353.291	-313.41	-229.103	-237.111	-244.79	130.243	-11.5614	-143.778	-353.291	-342.066	-312.365	4.75822	7	0	26.9123	-40.3618	-26.1595	-343.317	-40.3618	-26.1595	-343.317	
9466	66539	425.208	1143.55	398.938	-99999	113.088	-0.330905	1	1	-180.956	-218.574	130.028	-160.9	357.04	87.6855	-145.496	-165.434	-186.222	130.028	-24.1497	-179.98	357.04	212.955	69.9388	36.1836	16	0	103.692	113.118	-24.8791	220.407	113.118	-24.8791	220.407	
9466	27517	125.553	294.575	125.143	-99999	59.865	-0.83244	1	1	-350.552	-273.047	109.681	13.1354	415.2	429.021	-350.875	-312.355	-273.141	110.015	60.7478	13.1354	415.185	418.335	429.021	4.78892	10	0	72.0955	59.8807	-23.3085	564.768	106.451	42.3299	420.648	
9466	918	432.559	945.946	432.045	62.7513	55.56	-0.78082	1	1	-331.746	-158.695	131.61	-74.7652	-518.41	-844.978	-331.796	-252.942	-158.695	132.008	5.1532	-74.7652	-518.114	-673.386	-844.978	8.7461	8	0	84.8667	55.6035	-0.644829	-658.083	55.6035	-0.644829	-658.083	
9466	8584	384.025	792.356	369.742	-35.054	-43.041	-0.697612	1	1	-80.076	-253.45	125.028	-118.324	-77.3846	137.049	-74.3292	-166.663	-254.037	133.293	4.20248	-119.555	-84.0279	23.7901	138.786	5.84636	12	0	62.0972	-42.9979	-12.7303	29.8301	-42.9979	-12.7303	29.8301	
9466	16666	21.0582	99.401	8.27185	-99999	59.247	-0.780777	0	0	-184.744	-184.372	131.103	123.072	126.512	124.605	-162.45	-165.48	-165.791	132.539	131.073	123.012	137.863	128.578	124.59	12.7094	17	0	99.401	-999999	-999999	-999999	-999999	-999999	-999999	
9466	66695	33.4224	112.007	33.3915	-99999	24.472	-0.630891	1	0	-358.346	-337.031	-99.4689	-123.567	289.239	295.578	-358.397	-346.07	-337.07	-99.4587	-109.959	-123.567	289.237	293.198	295.578	4.01023	7	0	79.952	24.4738	-84.4922	290.471	24.4738	-84.4922	290.471	
9466	31763	288.154	637.31	287.251	-99999	-40.29	-0.969072	1	1	-236.592	-280.388	128.71	-152.982	-811.546	-807.133	-236.529	-259.922	-280.415	128.71	-12.7162	-153.868	-811.546	-825.128	-807.047	5.47672	9	0	67.4465	-40.2576	-20.9122	-778.712	-40.2576	-20.9122	-778.712	
9466	2094	296.169	682.686	295.219	103.125	96.112	-0.948298	1	1	-275.196	-154.385	130.419	-129.364	420.617	354.091	-275.34	-213.46	-154.259	131.055	-0.422162	-129.596	420.763	393.493	354.021	6.48647	8	0	67.4434	96.139	-24.1851	386.37	96.139	-24.1851	386.37	
9466	61711	48.4723	157.477	48.4028	-99999	94.703	-0.556915	1	0	-218.188	-233.935	133.166	111.242	230.853	270.559	-188.483	-194.342	-204.24	133.201	120.276	111.242	230.799	250.406	270.559	5.43838	8	0	81.563	94.7295	41.4113	-37.8432	94.7295	41.4113	-37.8432	
9466	42182	119.813	334.543	119.734	-99999	93.357	-0.447236	1	1	-120.381	-225.161	133.593	84.4939	-687.531	-718.133	-105.671	-158.168	-210.514	133.593	108.951	84.4573	-687.531	-702.472	-718.146	4.69717	9	0	51.4676	93.3855	14.9968	-724.446	93.3855	14.9968	-724.446	
9466	42722	224.719	2654.59	224.717	-99999	86.914	-0.4608	1	1	-195.134	-344.617	34.9972	-82.2065	-893.722	-773.834	-208.829	-283.162	-358.312	34.9972	-23.4228	-82.2065	-893.722	-833.085	-773.834	160.249	16	0	2150.79	86.9513	-33.9191	-749.455	86.9513	-33.9191	-749.455	
9466	56837	523.736	1211.96	523.725	63.6704	57.99	-0.555313	1	1	-119.635	-308.666	132.508	-163.483	-642.121	-255.231	-119.635	-207.563	-308.666	132.508	-9.18344	-163.483	-642.121	-440.315	-255.231	5.73895	14	0	81.2344	58.0325	-23.8063	-424.39	58.0325	-23.8063	-424.39	
9466	55676	102.237	285.106	101.992	-99999	30.286	-0.51626	1	0	-358.535	-321.005	131.432	69.1928	706.195	773.837	-358.68	-339.369	-321.053	131.556	105.588	69.1928	706.019	745.532	773.837	7.55777	12	0	93.7818	35.1189	-16.3289	-742.642	-35.4011	-80.965	455.897	
9466	37499	172.952	400.522	172.361	-99999	93.343	-0.857087	1	1	-159.072	-226.094	133.006	-11.9758	-569.735	-634.381	-144.211	-176.475	-211.424	133.429	60.5097	-12.0609	-569.538	-602.974	-634.416	4.2198	12	0	46.855	93.3779	-23.1574	-630.311	8.76792	70.8011	-555.406	
9466	65346	401.301	921.404	306.882	-99999	64.257	-0.983373	1	1	-343.997	-347.694	129.836	-168.141	321.962	266.106	-343.929	-347.673	-346.774	130.977	-63.4147	-179.773	322.073	282.515	173.959	5.38571	8	0	117.338	64.2775	-40.9678	296.331	64.2775	-40.9678	296.331	
9466	32590	75.1748	187.81	75.0944	-99999	56.373	-0.885573	1	1	-184.819	-220.448	132.686	66.6849	-257.085	-253.546	-175.937	-193.709	-211.608	132.686	99.6176	66.6178	-257.085	-255.265	-253.545	5.47349	6	0	55.1513	56.405	-43.0766	-247.136	56.405	-43.0766	-247.136	
9466	33643	175.686	393.784	174.969	-99999	-31.018	-0.84684	1	1	-220.541	-287.189	129.7	-10.7895	619.761	699.121	-220.481	-255.677	-287.49	129.723	58.8154	-11.3113	619.752	657.534	699.4	5.10981	13	0	64.3208	-30.9828	-5.3034	662.088	-30.9828	-5.3034	662.088	
9466	51449	34.7293	96.9979	33.9206	-99999	36.824	-0.969173	1	1	-214.501	-217.064	132.193	99.3229	-130.048	-122.099	-208.698	-210.147	-211.312	132.193	115.401	98.5341	-130.048	-125.88	-121.937	4.30983	6	0	70.3058	36.851	-31.2411	-90.2682	36.851	-31.2411	-90.2682	
9466	11251	273.161	601.209	272.666	-99999	11.115	-0.97596	1	1	-348.044	-329.291	127.732	-139.041	-605.333	-554.75	-348.074	-335.795	-329.309	128.197	-5.30262	-139.041	-605.432	-579.991	-554.75	4.35079	13	0	72.3664	11.1394	-17.3522	-571.126	11.1394	-17.3522	-571.126	
9466	28746	90.6778	274.185	87.9699	-99999	-38.162	-0.629865	1	1	-358.452	-289.873	6.12831	-44.9037	-661.084	-640.484	-358.768	-323.726	-288.016	6.44992	-20.3071	-46.0683	-661.184	-650.726	-639.981	6.54978	7	0	60.3307	-38.1498	-33.7288	-627.363	-38.1498	-33.7288	-627.363	
9466	73229	103.52	249.346	102.744	-99999	107.877	-0.934846	1	1	-292.8	-330.796	130.942	36.3253	-733.275	-725.207	-292.969	-308.895	-331.306	130.942	82.0503	35.632	-733.275	-727.742	-725.188	5.41969	6	0	72.7465	107.909	30.5699	-721.095	107.909	30.5699	-721.095	
9466	73553	112.082	266.522	111.66	-99999	67.029	-0.74779	1	1	-358.265	-295.935	28.6519	-52.6009	19.1324	61.6195	-358.37	-326.957	-295.878	28.6519	-11.1193	-52.9796	19.1324	42.7823	61.6521	5.34952	9	0	73.5367	67.0294	-4.71159	36.9551	67.0294	-4.71159	36.9551	
9466	81525	312.64	707.145	299.563	-99999	-39.036	-0.97771	1	1	-218.029	-230.991	130.203	-168.724	-423.937	-415.719	-217.736	-226.389	-230.219	131.225	-24.6772	-180.611	-423.9	-420.795	-414.313	4.17854	8	0	70.6769	-38.9995	-26.2576	-411.942	-38.9995	-26.2576	-411.942	
9466	31186	137.84	361.341	134.808	-99999	94.331	-0.921152	0	0	-247.998	-277.548	129.723	5.98605	-557.82	-514.157	-247.897	-263.633	-278.21	130.431	66.4453	3.79504	-558.001	-537.968	-514.063	4.05154	10	0	74.4021	24.7588	-11.781	821.855	24.7588	-11.781	821.855	
9466	31726	269.249	622.041	266.697	-99999	37.967	-0.791303	1	1	-357.009	-219.095	49.5848	-137.716	594.943	718.894	-358.015	-295.234	-218.897	51.1126	-53.8872	-137.932	594.252	649.999	719.416	4.85825	16	0	85.4181	37.9833	-21.0591	637.912	37.9833	-21.0591	637.912	
9466	10902	229.705	525.292	226.442	34.2221	26.485	-0.990608	1	1	-214.906	-186.503	125.146	-93.8889	-420.789	-443.945	-214.593	-207.785	-186.503	128.369	14.1295	-93.8889	-420.476	-418.479	-443.945	5.06203	12	0	69.4778	26.5212	-24.1186	-420.867	26.5212	-24.1186	-420.867	
9466	40564	58.6257	182.493	53.3989	80.6743	75.731	-0.647478	1	1	-165.71	-189.373	129.829	88.4376	76.9715	57.9744	-150.99	-164.762	-177.61	132.481	110.23	88.1927	76.3837	67.9528	57.8624	9.04216	17	0	68.1053	75.7617	-36.399	6.45562	75.7617	-36.399	6.45562	
9466	40861	207.202	671.358	207.2	-99999	80.215	-0.889846	1	1	-164.524	-88.1926	133.527	-59.066	-843.881	-842.784	-139.372	-101.219	-63.04	133.527	37.231	-59.066	-843.881	-843.657	-842.784	4.30218	6	0	102.694	80.2327	-23.3209	-820.57	80.2327	-23.3209	-820.57	
9466	37236	120.469	305.582	119.911	-99999	-25.083	-0.406006	1	0	-193.67	-149.908	128.036	99.1468	-881.782	-777.006	-201.709	-181.452	-157.773	128.264	106.695	99.1468	-882.254	-829.885	-777.006	5.0554	10	0	73.7339	-25.0662	25.2921	-771.767	-25.0662	25.2921	-771.767	
9466	23846	123.507	322.13	123.505	-99999	-45.049	-0.694858	1	0	-292.206	-334.255	108.021	16.8328	-893.908	-822.385	-292.135	-312.806	-334.185	108.021	63.9768	16.8328	-893.908	-855.901	-822.385	4.9912	11	0	78.0849	-42.2479	-57.6596	-362.447	-42.2479	-57.6596	-362.447	
9466	12813	461.253	1054.16	461.051	40.994	33.407	-0.774828	1	1	-282.069	-170.252	131.233	-147.508	-473.658	-129.279	-282.073	-237.303	-170.252	131.379	-25.4447	-147.508	-473.779	-311.152	-129.279	6.54505	8	0	73.3625	33.4535	-23.7002	-300.954	33.4535	-23.7002	-300.954	
9466	7307	221.425	481.103	203.298	-99999	-14.768	-0.941256	1	1	-315.018	-229.573	129.887	-52.5388	-880.838	-877.202	-314.995	-265.617	-221.823	129.887	31.1564	-67.2095	-880.838	-883.799	-884.386	4.52627	12	0	83.3307	-14.7322	2.60107	-791.154	-14.7322	2.60107	-791.154	
9466	56473	176.583	408.131	176.58	-99999	-44.529	-0.505429	1	1	-351.474	-278.188	132.729	8.96978	643.474	744.555	-351.405	-313.43	-278.119	132.729	74.9197	8.96978	643.474	698.079	744.555	5.29464	15	0	79.8023	-44.4952	14.5105	694.742	-44.4952	14.5105	694.742	
9466	35398	39.8298	130.103	39.3824	-99999	35.038	-0.895973	1	1	-96.3804	-115.096	130.417	96.4569	206.051	212.647	-85.3938	-94.3473	-104.285	130.417	113.006	96.0539	206.051	209.618	212.72	5.54589	7	0	75.754	35.0569	5.93838	410.963	-38.4631	53.4952	210.877	
9466	574	195.967	460.093	195.692	-99999	64.139	-0.957125	1	1	-336.064	-300.347	128.843	-54.471	-221.332	-167.702	-336.162	-321.483	-300.448	129.102	34.4926	-54.471	-221.411	-201.813	-167.702	5.59245	14	0	62.4226	64.1566	0.362347	-204.257	64.1566	0.362347	-204.257	
9466	8694	310.273	551.189	310.26	-99999	9.831	-0.959314	1	1	-330.437	-294.925	130.213	-137.358	-539.458	-392.922	-330.453	-312.838	-294.94	130.213	-11.1807	-137.358	-539.458	-478.93	-392.922	6.51099	14	0	76.8124	11.4143	-23.8083	355.15	11.4143	-23.8083	355.15	
9466	14028	307.371	648.398	307.039	-99999	37.785	-0.994514	1	1	-309.17	-203.102	130.425	-156.675	-739.567	-721.605	-315.146	-267.218	-209.056	130.753	-14.7497	-156.675	-739.584	-730.583	-721.605	5.21899	8	0	45.4979	37.812	-8.13534	-712.038	37.812	-8.13534	-712.038	
9466	14541	205.272	462.373	203.424	27.4864	21.084	-0.854227	1	1	-163.356	-254.921	132.558	-35.203	-695.022	-627.738	-163.108	-206.476	-255.608	133.046	45.7649	-36.2249	-695.186	-663.188	-627.424	4.62722	8	0	72.6488	21.1205	-7.40063	-644.256	21.1205	-7.40063	-644.256	
9466	57796	126.508	348.903	126.029	99.3165	86.18	-0.916931	1	1	-269.337	-188.186	131.864	42.4123	622.919	591.39	-269.387	-232.8	-187.955	132.003	83.3706	42.2331	622.941	606.795	591.307	4.41113	8	0	75.7961	86.2018	16.6813	606.958	86.2018	16.6813	606.958	
9466	80060	264.346	607.219	263.272	120.346	110.606	-0.926078	1	1	-279.066	-145.499	130.958	-91.6349	69.6837	48.3451	-279.161	-202.218	-145.331	131.239	24.6101	-92.3743	69.7049	58.9146	48.425	4.87537	8	0	70.1191	104.646	-5.06919	302.074	80.5961	35.5572	185.374	
9466	53447	91.1069	258.886	90.8598	-99999	108.824	-0.538098	1	1	-272.381	-328.657	127.652	82.0641	108.227	163.04	-272.401	-300.282	-328.827	127.784	104.269	82.0641	108.085	135.356	163.04	5.73682	12	0	49.8292	108.81	52.2379	171.98	108.81	52.2379	171.98	
9466	37399	65.6074	158.99	64.8174	-99999	113.763	-0.883685	1	0	-128.406	-97.4901	129.69	72.7295	452.932	452.064	-93.1008	-77.5017	-61.818	130.389	101.537	72.7295	452.943	452.446	452.064	4.5565	8	0	56.0148	113.778	44.6157	436.251	113.778	44.6157	436.251	
9466	17242	162.701	379.823	161.155	-99999	7.335	-0.613355	1	1	-285.016	-315.159	131.593	44.5436	-833.306	-702.047	-285.028	-303.914	-315.396	131.593	84.521	43.7105	-833.306	-769.985	-700.768	6.36091	14	0	69.0369	7.37195	36.1841	-669.531	7.37195	36.1841	-669.531	
9466	32997	153.179	358.699	152.516	-99999	106.579	-0.376938	1	1	-191.173	-95.4288	133.106	77.2844	-24.6631	80.068	-157.96	-109.897	-61.7887	133.219	105.024	77.1505	-24.8524	27.6471	80.3162	7.86547	6	0	58.6541	106.539	44.658	34.8915	106.539	44.658	34.8915	
9466	50147	274.041	662.013	274.037	-99999	27.313	-0.825856	1	1	-354.211	-204.521	91.7546	-137.316	446.704	460.483	-358.514	-282.828	-208.824	91.7546	-22.1926	-137.316	446.704	454.392	460.483	5.15837	7	0	65.0657	27.3307	-12.2401	525.987	27.3307	-12.2401	525.987	
9466	51821	207.991	474.112	207.5	-99999	-34.441	-0.950768	1	1	-288.376	-334.862	130.495	-65.118	459.957	508.868	-288.263	-313.83	-334.891	130.678	32.631	-65.3761	459.932	482.594	508.979	5.92887	9	0	71.9095	-34.4196	-24.2569	489.969	-34.4196	-24.2569	489.969	
9466	4960	396.732	1083.91	396.73	-99999	82.363	-0.650157	1	1	-320.299	-196.465	129.137	-163.471	-507.286	-270.053	-333.277	-272.345	-209.443	129.137	-17.2509	-163.471	-507.286	-388.4	-270.053	5.53948	13	0	74.255	82.4066	-13.3054	-411.799	82.4066	-13.3054	-411.799	
9466	7365	146.184	428.916	145.532	-99999	-21.881	-0.914487	1	1	-303.558	-343.853	132.025	-6.46046	151.397	169.198	-303.452	-322.82	-343.98	132.159	62.0375	-6.92658	151.388	157.649	169.262	4.0884	9	0	79.5353	-21.843	-3.57248	171.916	-21.843	-3.57248	171.916	
9466	44010	325.735	804.673	323.806	-99999	99.62	-0.981594	1	1	-294.966	-194.499	130.942	-153.178	-324.25	-206.551	-310.723	-261.748	-209.828	131.617	-11.9952	-154.294	-324.351	-265.923	-206.151	4.88647	12	0	55.1554	99.6506	-16.1783	-262.403	99.6506	-16.1783	-262.403	
9466	15985	298.742	671.313	296.546	104.418	97.377	-0.693142	1	1	-265.665	-203.641	131.743	-44.8246	641.334	412.907	-265.651	-237.229	-203.153	132.004	39.6102	-45.8566	641.612	528.375	411.516	6.09231	16	0	80.9408	97.4184	-3.1861	515.542	97.4184	-3.1861	515.542	
9466	42633	130.785	385.218	127.499	-99999	105.255	-0.877388	1	1	-126.509	-100.532	129.701	19.0687	-553.665	-498.33	-94.0406	-82.6738	-67.4237	131.737	76.4378	18.1221	-554.639	-521.737	-498.398	5.43681	8	0	75.0648	105.287	29.1627	-510.229	105.287	29.1627	-510.229	
9466	80011	76.5044	232.89	76.4873	-99999	88.982	-0.990745	0	0	-228.786	-235.205	131.242	55.3768	226.389	222.292	-200.884	-204.504	-207.304	131.242	93.251	55.3768	226.389	224.502	222.292	10.9069	8	0	101.338	89.0048	7.04571	227.125	89.0048	7.04571	227.125	
9466	54681	56.4874	398.983	49.4012	-99999	114.291	-0.497465	1	0	-134.396	-100.158	129.943	100.618	162.105	178.036	-98.5587	-76.2617	-64.8445	129.943	115.585	95.1046	162.105	171.707	181.233	4.69377	17	0	182.647	114.285	67.3439	179.548	114.285	67.3439	179.548	
9466	45153	187.539	450.863	186.956	-99999	32.373	-0.85024	1	1	-161.521	-72.2105	133.446	-29.8288	-686.032	-668.369	-151.692	-106.593	-62.0594	133.928	52.173	-29.8288	-686.079	-677.532	-668.369	7.31167	7	0	66.751	32.392	-11.5731	-677.828	32.392	-11.5731	-677.828	
9466	20469	208.57	476.526	207.896	-99999	116.012	-0.9179	1	1	-175.083	-98.2359	129.697	-61.4792	36.1152	63.7643	-138.825	-100.656	-61.7227	129.991	33.9803	-61.8018	36.0707	50.2009	63.7999	4.3686	6	0	51.1352	116.028	-86.0873	32.7357	116.028	-86.0873	32.7357	
9466	20739	146.578	346.91	145.799	-99999	-9.019	-0.667974	1	1	-349.003	-278.822	133.057	32.5171	441.197	519.544	-348.989	-314.83	-278.447	133.057	81.5565	31.9157	441.197	480.536	519.875	5.62739	13	0	81.1979	-8.98695	22.8725	443.111	-8.98695	22.8725	443.111	
9466	14099	51.4385	299.535	51.2797	-99999	68.967	-0.965676	1	1	-325.016	-313.527	129.891	92.9355	289.112	320.871	-325.124	-320.352	-313.635	129.891	110.685	92.9355	289.112	304.428	320.871	4.14519	20	0	198.183	68.99	-52.9056	10.4793	97.44	-43.9905	267.863	
9466	40703	243.653	502.153	238.872	-99999	94.226	-0.978066	1	1	-271.273	-267.229	131.206	-102.355	-111.977	-118.197	-271.42	-276.126	-267.775	131.206	10.4008	-104.371	-111.977	-109.85	-118.597	4.92375	8	0	93.5015	94.2549	-24.996	-113.339	94.2549	-24.996	-113.339	
9466	71845	194.424	425.093	192.868	29.3361	23.111	-0.958418	1	1	-180.404	-227.759	131.922	-49.7432	-182.839	-145.084	-180.239	-203.943	-228.217	132.563	39.3461	-50.4804	-182.923	-169.81	-144.929	4.45462	10	0	67.3953	23.1373	-18.62	-170.619	23.1373	-18.62	-170.619	
9466	37352	36.0128	79.4996	35.9846	-99999	81.878	-0.791923	0	0	-108.608	-87.7178	133.78	104.601	-526.547	-523.917	-82.9513	-72.408	-62.0438	133.801	119.266	104.601	-526.549	-525.229	-523.917	5.16761	7	0	45.9794	81.9119	47.2523	-541.073	81.9119	47.2523	-541.073	
9466	13343	297.956	676.66	297.213	-99999	45.038	-0.244401	1	1	-69.0501	-218.011	131.993	80.2547	-794.598	-548.256	-61.5205	-148.965	-210.915	132.174	97.1726	80.2547	-795.17	-679.809	-548.256	7.89151	10	0	77.5395	45.0633	28.8018	-662.865	45.0633	28.8018	-662.865	
9466	26868	559.778	2294.75	477.252	114.517	108.003	-0.280225	1	1	-173.994	-331.776	132.096	2.20897	-401.264	28.5134	-173.759	-266.071	-358.714	132.343	58.8062	-20.3015	-402.065	-150.2	101.69	28.7542	10	0	336.615	107.972	-2.30578	-45.7384	107.972	-2.30578	-45.7384	
9466	30621	282.878	630.932	281.908	-99999	-5.16	-0.871053	1	1	-110.776	-225.595	119.703	-131.187	-886.569	-837.302	-110.378	-176.848	-225.641	120.436	-2.95	-131.299	-886.668	-868.051	-837.274	4.73299	10	0	81.3018	-5.13224	-15.0882	-787.354	-5.13224	-15.0882	-787.354	
9466	84997	415.65	927.118	413.668	44.8861	37.555	-0.658521	1	1	-63.234	-225.793	134.278	-158.335	-176.981	61.6686	-62.3596	-153.698	-225.798	135.507	-2.90395	-158.431	-178.074	-52.8822	61.715	4.30728	9	0	71.6093	37.5783	-23.4438	-58.9581	37.5783	-23.4438	-58.9581	
9466	62485	369.866	700.991	369.72	-99999	100.739	-0.629599	1	1	-271.871	-297.508	130.866	-108.52	-381.539	-103.971	-272.029	-277.366	-297.672	130.866	15.4467	-108.595	-381.539	-237.848	-103.89	13.5262	10	0	77.8159	100.782	-20.2985	-205.438	100.782	-20.2985	-205.438	
9466	58407	207.08	507.246	206.935	-99999	-39.67	-0.990693	1	1	-159.393	-184.922	132.445	-72.1398	-765.619	-766.374	-171.817	-188.516	-197.362	132.584	30.5218	-72.1398	-765.609	-766.845	-766.374	15.3695	6	0	103.603	-39.6389	-10.1442	-744.974	-39.6389	-10.1442	-744.974	
9466	58434	174.409	414.193	171.712	91.8615	81.481	-0.852877	1	1	-310.008	-204.726	131.593	12.1062	197.217	257.425	-310.008	-260.5	-203.245	131.593	66.4334	9.87802	197.217	226.607	257.495	4.10505	6	0	75.572	81.5153	16.4218	235.1	81.5153	16.4218	235.1	
9466	11698	189.614	430.589	187.756	91.8133	82.347	-0.863304	1	1	-299.436	-181.205	131.029	-10.9265	398.413	369.145	-299.918	-238.128	-180.878	132.019	62.4108	-11.5506	398.682	382.755	369.011	6.36664	12	0	86.7	82.3752	9.35054	385.789	82.3752	9.35054	385.789	
9466	3286	73.2485	148.581	62.3731	-99999	76.28	-0.773251	1	1	-218.203	-223.21	122.116	72.2344	885.427	848.326	-205.301	-208.151	-211.217	130.508	101.24	72.0523	891.885	870.069	848.166	5.58445	14	0	40.0416	76.31	-30.5903	742.348	76.31	-30.5903	742.348	
9466	3475	48.2627	110.882	47.3602	-99999	111.34	-0.957736	0	0	-108.689	-96.7864	133.325	87.541	-179.029	-176.851	-73.9102	-67.8409	-61.7575	133.746	110.422	87.0961	-179.036	-177.91	-176.842	5.22999	8	0	54.0506	111.356	7.36747	-181.899	111.356	7.36747	-181.899	
9466	2964	91.6901	279.713	90.2855	-99999	29.642	-0.861134	1	0	-95.2357	-72.8916	130.449	54.2988	768.255	725.991	-85.941	-73.027	-63.5339	130.449	91.9342	53.0995	768.255	747.036	725.293	5.43444	24	0	66.6259	29.6544	31.4478	728.686	29.6544	31.4478	728.686	
9466	38844	363.85	1052.21	363.846	-99999	74.313	-0.879222	1	1	-79.8945	-222.954	134.243	-171.192	851.893	715.481	-68.1854	-139.402	-211.245	134.243	-18.7568	-171.192	851.893	784.002	715.481	4.15933	12	0	52.0721	74.3361	-7.74948	764.947	74.3361	-7.74948	764.947	
9466	24558	49.6383	135.261	48.6053	-99999	57.854	-0.889459	0	0	-251.143	-266.005	130.823	84.8025	784.381	780.224	-251.109	-259.589	-266.312	131.052	107.844	84.0668	784.406	782.474	780.156	4.42373	6	0	61.9062	45.7863	-40.3579	559.663	45.7863	-40.3579	559.663	
9466	85114	234.627	570.068	228.842	106.439	26.15	-0.97546	0	0	-256.007	-201.154	131.591	-84.7024	-782.339	-825.619	-256.007	-226.062	-201.393	131.613	19.2949	-89.7256	-782.333	-797.047	-828.391	8.10355	19	0	110.157	-14.8685	74.1103	420.761	99.6915	-5.99559	-764.215	
9466	49304	210.956	493.526	209.293	-99999	50.25	-0.880239	1	1	-319.389	-247.414	128.326	-42.2072	-23.324	72.9976	-319.944	-284.848	-247.492	129.785	43.6863	-42.2072	-23.9332	25.5284	72.9976	5.83389	9	0	96.3327	50.2759	15.0698	24.5764	50.2759	15.0698	24.5764	
9466	80442	126.301	298.198	125.095	-99999	113.622	-0.994791	1	1	-250.844	-242.656	128.8	4.26695	719.373	720.437	-250.893	-249.155	-242.834	129.99	66.9505	4.26695	719.329	719.385	720.437	5.87311	7	0	73.8186	113.63	4.59441	720.041	113.63	4.59441	720.041	
9466	43658	228.788	506.481	227.62	93.4557	86.098	-0.898056	1	1	-130.273	-224.999	130.762	-69.8612	-124.873	-75.7976	-129.794	-174.76	-224.999	131.806	28.6388	-69.8612	-125.059	-104.649	-75.7976	4.75303	8	0	63.7577	86.1228	-19.7494	-104.522	86.1228	-19.7494	-104.522	
9466	19854	262.107	614.903	261.972	-99999	103.51	-0.804648	1	1	-292.961	-219.016	131.107	-71.9374	-443.354	-297.157	-293.119	-259.483	-219.178	131.211	32.8431	-71.9374	-443.433	-364.03	-297.157	6.0148	12	0	83.9782	103.544	-3.05296	-354.968	103.544	-3.05296	-354.968	
9466	8961	207.806	491.8	207.797	81.2484	71.407	-0.724019	0	0	-164.839	-275.46	131.182	-1.23762	552.561	659.411	-164.839	-206.681	-275.46	131.182	54.7156	-1.23762	552.561	608.534	659.411	4.66931	8	0	70.0583	74.7901	-2.51467	628.958	74.7901	-2.51467	628.958	
9466	63993	281.326	686.236	279.964	-99999	84.332	-0.855979	1	1	-262.129	-348.421	131.456	-114.155	-520.69	-421.428	-262.11	-307.681	-348.694	131.726	8.50516	-115.156	-520.779	-470.906	-421.207	173.061	11	0	129.518	84.3578	-43.295	-453.724	84.3578	-43.295	-453.724	
9466	64155	42.9977	101.222	42.3607	-99999	109.352	-0.733048	1	1	-206.848	-228.246	132.256	101.279	192.879	173.475	-189.584	-200.338	-211.308	132.312	116.546	100.88	192.917	183.033	173.215	4.23223	12	0	45.9233	100.215	-64.336	10.8549	100.215	-64.336	10.8549	
9466	69866	122.455	332.601	120.903	-99999	44.812	-0.544715	1	1	-110.346	-75.9607	130.179	64.2599	387.072	482.408	-96.4178	-79.0012	-61.6074	130.409	97.0327	63.5976	386.741	435.025	483.273	5.56041	7	0	89.7288	44.851	44.8787	445.656	44.851	44.8787	445.656	
9466	3487	464.515	1258.68	460.718	-99999	31.445	-0.616952	1	1	-211.807	-71.8507	131.84	-157.516	-178.81	151.077	-207.267	-136.997	-65.8575	132.495	-13.8438	-158.778	-179.583	-13.5847	153.202	6.42068	7	0	65.2431	31.4794	-46.0559	10.111	31.4794	-46.0559	10.111	
9466	3595	84.4796	222.466	84.006	-99999	56.509	-0.766989	1	0	-342.236	-281.895	131.681	80.9503	106.215	132.474	-342.452	-311.335	-281.909	131.924	105.198	80.8841	106.156	115.593	132.608	4.61848	13	0	71.5944	56.5286	37.9435	123.575	56.5286	37.9435	123.575	
9466	76588	309.279	2151.33	308.753	-99999	106.338	-0.94232	1	1	-211.394	-259.204	130.833	-167.447	-601.467	-543.283	-211.392	-236.326	-259.37	131.303	-18.8605	-167.447	-601.542	-574.661	-543.283	14.8961	21	0	63.9316	106.364	-41.5019	-566.592	106.364	-41.5019	-566.592	
9466	2006	314.883	966.413	314.863	-99999	63.526	-0.940341	1	1	-336.073	-199.19	131.168	-152.156	515.003	506.051	-346.087	-277.983	-209.199	131.183	-10.6606	-152.156	515.004	510.919	506.051	4.323	7	0	42.5359	63.5569	-25.0049	508.179	63.5569	-25.0049	508.179	
9466	17439	163.116	369.62	89.7233	-99999	107.748	-0.747153	1	1	-172.865	-204.108	132.466	65.4593	-529.881	-580.704	-155.518	-183.974	-210.41	133.407	72.5313	10.7806	-529.13	-575.334	-621.492	12.5903	19	0	209.755	107.786	-27.4415	-647.091	107.786	-27.4415	-647.091	
9466	22230	316.459	670.086	315.385	-15.6213	-22.041	-0.903942	1	1	-327.79	-160.598	130.653	-127.351	-809.858	-873.357	-328.024	-238.715	-160.491	131.231	3.45924	-127.745	-809.722	-834.29	-873.478	6.08328	10	0	78.4267	-22.0107	3.31533	-790.601	-22.0107	3.31533	-790.601	
9466	28041	135.863	304.847	132.611	-99999	95.299	-0.982431	1	1	-302.055	-307.715	129.082	5.78063	670.079	699.107	-302.064	-304.903	-308.165	129.883	64.8054	4.80172	669.992	683.994	699.261	6.51735	7	0	45.2105	95.3168	14.9752	684.519	95.3168	14.9752	684.519	
9466	37085	163.687	559.416	160.401	-99999	68.32	-0.674797	1	1	-152.516	-88.3421	131.196	20.4125	-463.997	-367.908	-132.461	-101.452	-66.9193	133.407	75.7682	20.4125	-465.984	-416.858	-367.908	4.74338	7	0	82.4393	68.3401	0.761957	-77.4788	-48.6499	20.1087	-268.602	
9466	14469	293.852	776.677	293.823	-99999	6.861	-0.659683	0	0	-161.42	-175.746	134.046	-58.5143	86.2685	-132.737	-159.269	-174.025	-173.594	134.046	34.9895	-58.5143	86.2685	-20.9209	-132.737	5.99318	15	0	89.5027	38.8132	-10.5889	-746.699	108.463	5.93958	-539.83	
9466	39343	405.972	909.798	404.201	67.5802	61.803	-0.696951	1	1	-73.5378	-293.812	133.109	-118.821	-653.784	-429.98	-72.7184	-181.241	-293.812	134.344	1.2562	-118.821	-654.734	-546.652	-429.98	4.09614	12	0	64.4701	61.8482	-9.65009	-535.831	61.8482	-9.65009	-535.831	
9466	51870	252.436	584.807	252.182	109.948	102.605	-0.944476	1	1	-248.045	-179.841	130.374	-96.608	155.701	76.5732	-248.061	-212.082	-179.841	130.603	16.2732	-96.608	155.776	117.62	76.5732	6.62965	14	0	80.642	102.639	-22.7859	108.991	102.639	-22.7859	108.991	
9466	11130	70.2682	194.133	65.7917	-99999	30.931	-0.90017	0	0	-89.7151	-111.21	129.549	70.1855	-807.055	-790.689	-78.8354	-89.6425	-101.511	133.564	102.477	70.1855	-808.63	-796.388	-790.689	5.14685	7	0	78.664	30.9646	45.6088	-769.282	30.9646	45.6088	-769.282	
9466	24518	276.854	574.971	275.908	-99999	27.748	-0.921554	1	1	-290.207	-254.901	128.646	-119.828	615.969	728.72	-290.268	-270.056	-255.004	129.099	4.01914	-120.218	615.783	670.774	728.935	7.22046	13	0	72.6878	27.7741	-16.9152	673.589	27.7741	-16.9152	673.589	
9466	5100	132.059	323.051	130.646	-99999	84.465	-0.95136	1	0	-144.386	-171.218	132.441	6.01517	-855.729	-842.138	-117.598	-132.555	-144.732	133.783	70.7386	6.01517	-856.026	-843.596	-842.138	4.63322	8	0	68.7367	87.3013	-39.1657	-528.278	87.3013	-39.1657	-528.278	
9466	66626	21.163	93.4104	21.1255	-99999	-10.429	-0.771296	0	0	-173.284	-188.375	125.84	118.198	663.937	674.43	-176.554	-183.299	-191.645	125.84	119.579	118.198	663.937	668.598	674.43	7.55183	22	0	92.3038	-7.95399	27.8533	774.099	-7.95399	27.8533	774.099	
9466	7274	166.043	357.645	165.926	-99999	-15.65	-0.593138	1	1	-355.792	-241.478	-17.5713	-120.329	286.217	346.972	-355.853	-295.214	-241.454	-17.505	-66.3858	-120.329	286.186	314.53	346.972	4.43139	10	0	64.2744	-15.6268	-58.8214	318.872	-15.6268	-58.8214	318.872	
9466	26529	330.085	770.027	328.946	23.6754	15.567	-0.696176	1	1	-109.592	-229.211	133.398	-101.971	-709.613	-517.103	-109.246	-180.485	-229.265	134.093	23.5669	-102.069	-710.231	-610.592	-517.021	4.88545	13	0	70.7927	11.1794	-32.6202	-651.853	11.1794	-32.6202	-651.853	
9466	48788	310.253	935.651	309.392	154.632	-33.114	-0.842096	0	0	-151.735	-217.594	132.687	-124.942	219.965	376.57	-151.683	-185.012	-217.753	133.045	5.40984	-125.24	219.751	301.211	376.836	5.23267	14	0	87.7445	-23.7791	-19.0044	350.658	-23.7791	-19.0044	350.658	
9466	3534	109.832	237.551	97.5639	-99999	-29.864	-0.829571	1	1	-271.262	-325.854	129.342	49.2377	429.988	440.836	-271.143	-301.302	-332.942	129.452	83.938	39.5789	429.976	435.809	442.581	4.58433	8	0	69.3432	-29.846	12.2952	443.206	-29.846	12.2952	443.206	
9466	9350	90.574	240.435	87.6206	-99999	81.739	-0.938862	1	0	-357.987	-328.806	17.5214	-64.4689	391.908	384.404	-358.195	-342.66	-327.341	17.7462	-24.5193	-66.6242	391.929	387.387	384.753	6.08124	8	0	85.1654	86.015	-56.4935	738.308	86.015	-56.4935	738.308	
9466	29997	157.978	352.669	156.458	-99999	-9.586	-0.947172	1	1	-292.044	-326.134	130.111	-21.2386	-653.464	-637.974	-291.732	-305.271	-326.337	130.925	53.4342	-21.8396	-653.431	-647.519	-637.862	5.39482	8	0	67.5591	-9.55535	6.72761	-637.47	-9.55535	6.72761	-637.47	
9466	57967	41.9971	101.848	41.9824	-99999	103.363	-0.759567	1	0	-112.727	-94.3339	130.381	97.8692	676.182	657.03	-80.3229	-71.1828	-61.923	130.392	114.139	97.8692	676.189	666.538	657.03	5.02269	13	0	49.2713	103.39	62.6881	631.054	103.39	62.6881	631.054	
9466	49016	244.852	519.663	244.011	-99999	100.338	-0.95943	1	1	-225.436	-181.112	131.862	-101.455	-835.464	-821.24	-193.98	-165.157	-149.649	131.885	15.137	-101.455	-835.468	-813.312	-821.24	4.28714	11	0	75.4199	100.357	-25.7205	-778.864	100.357	-25.7205	-778.864	
9466	63878	45.0002	138.492	43.9725	-99999	63.904	-0.898925	1	0	-274.785	-283.226	130.604	92.9641	567.117	587.653	-274.81	-279.586	-283.532	130.832	110.783	92.4205	567.041	576.022	588.159	5.16012	15	0	86.7216	63.9433	40.9584	587.322	63.9433	40.9584	587.322	
9466	19485	280.713	640.812	278.476	-99999	-19.653	-0.975627	1	1	-285.806	-345.868	128.328	-141.168	-850.971	-829.638	-285.451	-315.382	-345.994	130.135	-6.87443	-141.511	-850.723	-851.482	-829.609	5.91938	6	0	76.0719	-19.6231	-38.2556	-827.342	-19.6231	-38.2556	-827.342	
9466	72341	214.762	550.449	214.381	-99999	59.929	-0.765966	1	1	-228.275	-80.9009	131.396	-22.9161	693.787	673.346	-209.483	-136.094	-61.8551	131.396	53.7058	-23.1925	693.787	683.55	673.304	4.97855	9	0	55.2698	59.9481	-6.58917	667.062	59.9481	-6.58917	667.062	
9466	38955	90.6954	244.428	89.7754	-99999	-24.383	-0.975277	1	1	-316.394	-303.829	130.388	50.9619	-567.074	-530.41	-316.301	-308.529	-303.791	131.278	88.7993	50.9619	-567.275	-553.952	-530.41	9.05041	13	0	91.1149	-24.3623	39.344	-556.15	-24.3623	39.344	-556.15	
9466	16560	275.119	609.288	274.081	103.578	97.188	-0.879269	1	1	-291.703	-125.397	130.711	-81.2723	-833.524	-872.676	-292.011	-208.201	-125.251	131.332	26.0915	-81.5439	-833.396	-860.016	-872.708	5.14531	7	0	70.2632	97.2233	-15.3718	-801.844	97.2233	-15.3718	-801.844	
9466	46034	29.1378	98.3885	28.8956	-99999	-32.519	-0.962454	0	0	-270.82	-279.103	130.992	103.64	-102.397	-99.9635	-270.723	-274.076	-279.052	131.218	117.206	103.64	-102.448	-100.366	-99.9635	4.74915	7	0	77.7282	37.2793	72.3598	-386.547	37.2793	72.3598	-386.547	
9466	47222	134.604	356.092	133.039	-99999	58.442	-0.733883	1	1	-350.582	-301.084	-8.48412	-106.345	-269.583	-194.288	-350.954	-325.722	-300.879	-7.90815	-57.3911	-106.917	-270.037	-232.036	-193.852	4.66581	9	0	43.9422	58.4506	-34.223	-217.992	58.4506	-34.223	-217.992	
9466	18114	205.614	469.667	205.575	-99999	36.588	-0.64878	1	1	-262.508	-274.747	130.113	21.9025	110.002	280.307	-262.565	-266.832	-274.802	130.113	65.3073	21.8959	110.002	189.059	280.328	5.94147	16	0	78.3481	36.6255	10.975	217.115	36.6255	10.975	217.115	
9466	159	156.777	590.67	154.793	-99999	88.347	-0.87028	1	1	-182.482	-107.908	128.931	-5.45399	292.896	311.258	-155.374	-117.632	-79.8455	130.005	61.9018	-6.10579	292.762	301.786	311.322	9.03147	8	0	72.895	88.3741	-22.3896	307.398	88.3741	-22.3896	307.398	
9466	2036	190.499	403.317	189.13	-513.722	8.23	-0.84706	0	0	-143.928	-235.777	133.085	-20.3986	755.883	815.732	-143.915	-191.083	-236.414	133.114	57.4596	-21.5568	755.871	789.083	815.823	6.0129	6	0	66.4694	94.7183	19.6614	781.5	94.7183	19.6614	781.5	
9466	2144	298.837	801.312	297.018	-99999	75.193	-0.942748	1	1	-287.282	-315.998	131.074	-162.733	-755.111	-732.511	-287.079	-303.161	-316.137	131.877	-16.141	-163.546	-755.197	-745.025	-732.07	31.0989	12	0	98.1502	75.2159	-12.0864	-733.126	75.2159	-12.0864	-733.126	
9466	53147	65.7283	136.382	65.7275	-99999	48.737	-0.57729	1	1	-166.61	-218.785	132.859	94.1286	411.837	402.028	-158.931	-185.096	-211.106	132.859	113.687	94.1286	411.837	406.567	402.028	4.69306	6	0	43.983	48.78	-2.6013	390.026	48.78	-2.6013	390.026	
9466	45359	113.628	272.169	112.576	-99999	89.181	-0.878456	1	1	-142.993	-90.0187	133.591	34.4805	-451.57	-444.99	-115.029	-88.4392	-61.5359	133.591	83.4893	33.5677	-451.57	-448.346	-444.942	7.44404	6	0	51.8408	89.1912	28.0081	-449.206	89.1912	28.0081	-449.206	
9466	39308	309.973	682.693	308.21	-99999	85.806	-0.921183	1	1	-302.47	-215.48	129.785	-147.586	259.013	159.338	-302.733	-257.212	-215.614	131.403	-4.87425	-147.586	259.673	202.152	159.338	5.01051	6	0	73.177	85.8325	-14.5193	206.254	85.8325	-14.5193	206.254	
9466	701	229.533	536.93	228.917	-99999	-18.513	-0.626602	1	1	-346.424	-271.634	129.661	-14.901	-663.688	-504.087	-346.536	-314.279	-271.605	130.044	57.1303	-14.901	-664.146	-581.786	-504.087	4.34274	15	0	70.2716	-18.4835	27.8256	-575.257	-18.4835	27.8256	-575.257	
9466	80903	140.353	352.607	138.117	-99999	87.015	-0.975228	1	1	-218.552	-216.704	130.599	-3.42932	-834.582	-802.622	-218.688	-220.539	-216.975	130.599	62.4943	-5.58339	-834.582	-818.395	-802.063	4.22309	15	0	89.7656	87.0519	4.97102	-768.45	87.0519	4.97102	-768.45	
9466	50857	175.247	430.796	173.252	44.9789	38.642	-0.897862	1	1	-158.719	-219.961	131.562	-19.7739	-846.932	-790.386	-158.348	-186.186	-220.15	133.063	55.275	-20.0196	-847.563	-818.6	-790.306	9.29093	8	0	73.9258	38.6744	2.84414	-764.975	38.6744	2.84414	-764.975	
9466	74349	322.897	787.693	321.909	61.3434	50.579	-0.742736	1	1	-82.3734	-229.498	133.542	-91.5606	517.3	690.986	-82.2411	-150.7	-229.817	133.889	17.6043	-91.8365	517.027	605.466	691.289	4.77405	13	0	79.5336	50.6047	-10.3542	566.132	50.6047	-10.3542	566.132	
9466	25824	91.9671	238.471	91.3516	-99999	105.633	-0.905587	1	0	-234.713	-199.37	133.006	49.1706	338.432	340.789	-201.635	-185.403	-166.064	133.103	90.2289	48.7028	338.429	341.323	340.805	6.83711	8	0	75.0998	105.667	16.4516	341.877	105.667	16.4516	341.877	
9466	26607	158.397	380.282	157.298	-99999	14.187	-0.973148	0	0	-127.945	-149.184	129.204	-24.6048	-116.56	-105.569	-123.508	-130.435	-144.735	130.273	53.0181	-24.6048	-116.764	-101.992	-105.569	7.43528	8	0	78.3283	62.3322	-9.55113	-112.608	62.3322	-9.55113	-112.608	
9466	26796	309.054	743.239	309.05	-99999	-48.837	-0.965753	1	1	-330.199	-217.109	128.613	-158.838	735.957	732.185	-322.504	-266.976	-209.414	128.613	-15.4607	-158.838	735.957	734.782	732.185	13.2404	7	0	77.9397	-48.8094	-12.5362	729.367	-48.8094	-12.5362	729.367	
9466	54836	292.003	673.715	289.888	-18.6522	-27.995	-0.999748	1	1	-217.789	-159.408	129.099	-151.396	-309.724	-340.49	-217.745	-193.89	-159.408	130.842	-12.758	-151.751	-309.707	-316.276	-340.535	6.41888	10	0	85.0433	-27.9719	-34.1453	-328.941	-27.9719	-34.1453	-328.941	
9466	38814	64.8559	195.17	64.0644	-99999	-43.965	-0.98679	0	0	-139.974	-136.446	132.253	68.5041	-437.536	-432.936	-153.856	-151.563	-150.232	133.026	100.843	68.5041	-437.635	-434.527	-432.936	10.4041	6	0	85.655	-43.9472	27.597	-430.511	-43.9472	27.597	-430.511	
9466	51785	229.736	543.934	229.443	-99999	83.133	-0.812166	1	1	-137.747	-224.192	132.892	-47.883	-523.684	-635.408	-124.553	-167.737	-211.093	133.129	42.3264	-47.883	-523.542	-579.065	-635.408	5.00562	11	0	61.0077	83.1792	-17.7567	-612.736	83.1792	-17.7567	-612.736	
9466	63778	267.801	591.713	267.262	38.0839	33.943	-0.912037	1	1	-145.548	-255.246	133.546	-100.9	-423.581	-362.193	-145.524	-193.51	-255.528	133.619	14.0447	-101.248	-423.602	-387.317	-362.136	11.5617	7	0	78.453	40.9326	-32.3418	276.865	-15.6574	-0.98627	-39.7778	
9466	25826	228.217	509.549	226.767	-99999	110.831	-0.976088	1	1	-212.796	-215.646	130.766	-91.5846	67.1524	94.5777	-212.97	-221.192	-215.918	130.766	18.9262	-92.8073	67.1524	80.2037	95.2741	4.99751	9	0	57.9246	110.849	-20.6564	77.6234	110.849	-20.6564	77.6234	
9466	10912	267.743	587.107	259.987	-32.0394	-36.876	-0.860743	1	1	-150.495	-289.79	132.604	-84.5421	335.68	358.52	-150.495	-220.706	-294.87	132.604	19.1745	-90.3452	335.68	345.642	359.196	5.74816	7	0	70.8538	-36.8359	-27.0855	357.789	-36.8359	-27.0855	357.789	
9466	61043	97.5281	227.187	96.502	-99999	29.987	-0.945087	0	0	-276.775	-310.171	126.964	41.4579	74.5156	102.37	-276.634	-294.222	-310.338	127.577	83.5455	41.1468	74.4297	85.4942	102.546	14.0979	13	0	71.3912	-16.7856	74.1663	618.491	-16.7856	74.1663	618.491	
9466	81805	38.923	90.1455	38.9226	-99999	42.058	-0.93669	1	1	-210.488	-218.125	132.999	97.0384	874.14	861.375	-203.861	-207.535	-211.498	132.999	115.007	97.0384	874.14	867.708	861.375	10.7021	11	0	44.6211	42.0822	-34.0866	769.837	42.0822	-34.0866	769.837	
9466	67312	221.01	403.87	220.99	-14.8715	-23.047	-0.964324	1	1	-262.363	-179.186	131.172	-62.6499	159.648	103.925	-262.363	-233.076	-179.186	131.172	28.7853	-62.6499	159.648	131.439	103.925	6.39376	9	0	71.9403	-23.0183	-11.9693	134.093	-23.0183	-11.9693	134.093	
9466	47928	146.75	715.887	143.901	48.0352	44.462	-0.782216	1	1	-191.582	-224.168	130.994	17.4701	266.04	345.407	-191.471	-213.702	-224.706	131.254	71.8978	16.1014	265.862	302.072	347.015	4.9598	16	0	73.2391	44.4999	4.07752	319.245	44.4999	4.07752	319.245	
9466	20011	306.953	583.292	306.929	-99999	61.642	-0.986461	1	1	-333.472	-299.439	134.242	-163.909	-499.002	-447.597	-333.569	-328.438	-299.53	134.242	-16.7298	-163.925	-499.002	-472.988	-447.595	4.20408	9	0	69.8913	61.6736	-43.4679	-460.337	61.6736	-43.4679	-460.337	
9466	20173	148.09	353.943	147.727	-99999	84.51	-0.931985	1	1	-233.482	-184.714	133.051	-5.56814	99.3827	111.754	-206.983	-181.494	-158.083	133.051	63.8566	-5.90224	99.3827	105.146	111.734	4.53624	6	0	72.6006	84.5278	-4.08035	113.785	84.5278	-4.08035	113.785	
9466	21035	90.4159	244.78	90.2983	-99999	-26.078	-0.821382	1	0	-315.101	-320.643	126.028	60.3502	-829.225	-768.484	-315.06	-317.432	-320.603	126.028	91.5225	60.3478	-829.225	-800.613	-768.48	4.43789	17	0	70.1685	-21.7067	54.179	-568.817	80.8933	-16.0194	-603.391	
9466	21764	195.277	432.639	194.83	-99999	105.226	-0.969053	1	1	-228.186	-245.68	129.623	-59.2215	293.257	323.15	-211.707	-228.723	-229.265	129.911	34.3436	-59.2215	293.228	303.313	323.15	6.75439	7	0	76.0535	104.327	-25.2915	-354.839	104.327	-25.2915	-354.839	
9466	27657	222.419	609.903	220.991	-99999	28.081	-0.567729	1	1	-155.675	-215.517	133.213	18.34	-349.789	-528.81	-151.163	-181.168	-211.308	133.525	75.5482	17.8643	-349.349	-439.348	-529.517	15.244	16	0	93.3377	28.1366	-24.8417	-591.019	28.1366	-24.8417	-591.019	
9466	46112	288.714	581.892	288.647	-99999	26.247	-0.740027	1	1	-308.549	-337.502	129.525	-103.512	372.571	538.306	-308.59	-322.692	-337.551	129.525	14.9637	-103.542	372.571	458.928	538.309	7.60928	8	0	83.4238	26.2845	-30.0434	-58.4802	26.2845	-30.0434	-58.4802	
9466	35330	311.519	680.885	309.687	-26.1221	-31.645	-0.880905	1	1	-86.9797	-230.903	133.374	-136.62	-131.631	-91.8634	-86.7066	-168.256	-231.292	133.937	3.00664	-137.745	-131.685	-110.803	-91.7911	5.86147	9	0	74.8535	-31.6211	-25.614	-117.434	-31.6211	-25.614	-117.434	
9466	74784	26.0891	76.3368	25.1325	-99999	3.616	-0.918027	0	0	-272.282	-279.081	131.181	107.155	15.7358	18.191	-272.288	-276.02	-279.413	131.181	118.81	106.27	15.7358	17.3585	18.3084	4.42765	9	0	64.9949	3.63104	49.0868	13.9771	3.63104	49.0868	13.9771	
9466	85099	202.441	465.373	201.468	-99999	70.187	-0.782556	1	1	-84.5798	-204.804	125.762	-31.2196	-853.66	-826.1	-62.2487	-126.213	-183.012	126.188	49.9641	-31.5785	-853.756	-835.627	-826.178	4.40869	10	0	74.8142	70.2289	21.3104	-796.353	70.2289	21.3104	-796.353	
9466	10932	163.654	485.354	163.485	-99999	113.999	-0.652519	0	0	-222.311	-253.367	131.489	21.4278	718.631	835.262	-222.49	-238.149	-253.58	131.489	75.4303	21.3206	718.631	775.982	835.385	5.63989	14	0	88.6242	67.0622	16.9643	-153.492	-39.7878	-75.3459	853.506	
9466	59662	313.524	708.211	311.586	-99999	-12.989	-0.987121	1	1	-132.194	-195.285	132.521	-170.864	-521.215	-519.93	-136.15	-158.866	-199.493	133.878	-21.0571	-171.384	-520.986	-519.821	-520.021	5.38143	11	0	73.7437	-12.9587	-20.5526	-523.802	-12.9587	-20.5526	-523.802	
9466	29088	73.8555	218.068	71.9516	-99999	73.227	-0.977402	1	0	-227.969	-223.101	129.954	59.6538	247.955	237.114	-205.141	-201.818	-199.943	130.586	94.3242	58.4329	248.026	243.724	237.011	6.17531	9	0	84.6995	66.7148	-15.8889	439.13	66.7148	-15.8889	439.13	
9466	9663	32.59	94.9092	31.9123	-99999	76.345	-0.914977	1	0	-210.813	-223.321	131.907	102.811	-879.81	-883.717	-198.527	-204.822	-211.291	132.527	117.635	102.811	-879.715	-881.742	-883.717	4.77249	9	0	65.2501	76.3791	-14.3567	-800.293	76.3791	-14.3567	-800.293	
9466	25871	445.73	902.238	430.667	-12.7668	-20.321	-0.813225	1	1	-263.247	-96.7171	130.598	-171.143	643.004	385.191	-263.413	-178.865	-91.354	131.311	-25.9439	-181.178	643.482	510.625	376.82	4.29819	16	0	73.4737	-20.2777	-26.8682	521.226	-20.2777	-26.8682	521.226	
9466	26303	257.605	595.088	257.598	-99999	64.584	-0.936429	1	1	-162.969	-102.867	133.419	-103.77	-325.41	-248.486	-142.717	-115.54	-82.6153	133.419	14.0592	-103.77	-325.41	-286.253	-248.486	5.8131	8	0	79.8843	64.6093	-35.4058	-277.048	64.6093	-35.4058	-277.048	
9466	46389	296.285	714.37	295.749	-99999	-4.594	-0.980649	1	1	-323.565	-328.551	130.489	-162.779	377.262	350.664	-323.528	-327.529	-328.538	130.623	-16.1191	-163.132	377.275	363.06	350.635	4.33309	6	0	49.774	-4.56671	-24.8257	366.979	-4.56671	-24.8257	366.979	
9466	72840	274.114	608.106	270.923	-99999	70.211	-0.826019	1	1	-184.635	-150.787	129.12	-101.842	238.589	105.738	-162.648	-136.73	-129.485	129.266	14.614	-103.281	238.687	168.317	103.205	4.15537	17	0	84.9127	70.2306	-25.9608	155.305	70.2306	-25.9608	155.305	
9466	33870	303.991	713.079	303.987	-99999	-0.326	-0.985675	1	1	-136.048	-188.485	132.392	-166.033	48.5142	49.1612	-136.15	-162.914	-188.588	132.392	-16.968	-166.033	48.5142	56.4298	49.1612	5.10218	9	0	77.1627	-0.302084	-29.583	46.7069	-0.302084	-29.583	46.7069	
9466	13301	277.547	632.879	262.14	-99999	-46.675	-0.96636	1	1	-229.645	-240.019	131.86	-101.097	122.015	160.757	-229.572	-236.99	-239.946	131.86	14.8823	-101.097	122.015	145.071	160.757	10.102	6	0	75.1802	-41.5963	-11.0993	834.22	40.3637	-20.8551	441.405	
9466	46025	179.352	444.147	177.284	-99999	-13.179	-0.895861	1	1	-224.208	-305.752	129.961	-22.8388	-479.464	-448.855	-223.767	-265.126	-306.333	130.817	51.542	-23.7482	-479.548	-473.332	-448.655	13.9773	6	0	130.19	-13.1413	-6.29705	-455.76	-13.1413	-6.29705	-455.76	
9466	63110	82.3941	240.181	77.8227	-99999	58.897	-0.636882	0	0	-219.629	-183.509	134.062	84.7922	562.833	514.943	-210.349	-192.522	-171.336	134.062	107.715	81.9503	562.833	536.708	512.838	4.58746	10	0	87.3342	1.52129	-95.3117	655.229	-49.2087	-68.2516	615.614	
9466	17442	217.291	507.204	217.225	-99999	28.567	-0.970698	1	1	-294.294	-303.659	127.9	-78.5832	-415.726	-354.118	-294.339	-298.676	-303.703	127.9	24.8404	-78.5832	-415.726	-384.988	-354.118	6.23993	6	0	72.9391	28.5935	-9.77568	-373.351	28.5935	-9.77568	-373.351	
9466	66036	341.078	697.352	340.118	-369.14	87.054	-0.817741	1	1	-302.936	-137.248	127.908	-152.097	158.999	75.0937	-302.936	-203.663	-136.858	127.908	-5.73229	-152.859	158.999	122.236	74.6706	4.4966	14	0	89.9726	87.0881	-73.5798	365.004	87.0881	-73.5798	365.004	
9466	21635	286.981	686.801	286.975	-99999	50.811	-0.936796	1	1	-311.98	-244.105	129.435	-134.532	-184.86	-97.9435	-312.06	-283.036	-244.185	129.435	-3.45791	-134.532	-184.86	-139.692	-97.9435	6.07012	11	0	69.2566	50.8283	-14.5207	-145.235	50.8283	-14.5207	-145.235	
9466	49387	231.67	598.64	229.962	282.338	-45.546	-0.98054	1	0	-223.824	-145.004	129.916	-85.8053	-221.126	-225.637	-224.003	-185.139	-144.768	130.915	22.03	-86.4514	-221.072	-226.621	-225.65	5.59118	8	0	76.5024	-45.52	44.7923	26.3682	-45.52	44.7923	26.3682	
9466	27431	188.299	408.599	187.478	-99999	-9.617	-0.880366	1	1	-341.174	-265.058	128.637	-31.7096	85.4797	137.599	-341.265	-297.389	-265.113	128.861	48.3589	-32.2132	85.4234	106.607	137.821	4.06858	15	0	68.319	-9.59407	6.72509	111.313	-9.59407	6.72509	111.313	
9466	62682	302.447	694.51	300.634	-99999	73.973	-0.852439	1	1	-346.898	-199.245	127.549	-134.299	116.875	116.795	-358.582	-283.335	-210.069	127.595	-3.56772	-135.845	116.874	116.85	116.734	5.68614	7	0	61.5776	74.0081	-16.4055	117.823	74.0081	-16.4055	117.823	
9466	56231	198.731	742.698	198.464	-26.7736	-47.877	-0.700836	1	1	-222.786	-81.9375	130.836	22.2764	390.224	307.607	-222.92	-152.168	-81.9375	131	72.2922	22.2764	390.321	354.848	307.607	4.08337	13	0	69.2483	-47.8548	17.0775	324.315	-47.8548	17.0775	324.315	
9466	51441	156.108	370.538	155.429	-99999	31.128	-0.965311	1	0	-284.666	-322.799	129.848	-20.302	864.314	865.081	-284.715	-299.031	-323.011	129.848	53.2295	-20.9575	864.314	866.743	865.098	4.3006	8	0	73.3651	31.1516	11.8593	825.858	31.1516	11.8593	825.858	
9466	49184	176.91	371.452	176.066	-99999	63.355	-0.95592	1	1	-154.482	-175.107	133.123	-32.573	-357.826	-402.161	-134.607	-156.373	-155.187	133.174	50.3575	-32.8053	-357.815	-379.857	-402.168	4.19142	7	0	65.1286	63.3774	-2.14599	-389.913	63.3774	-2.14599	-389.913	
9466	44133	318.204	763.236	308.138	-99999	74.85	-0.947691	1	1	-226.327	-299.57	129.364	-169.502	-740.37	-726.389	-226.175	-266.411	-300.334	130.119	-23.6669	-178.403	-740.382	-734.288	-724.134	6.0118	10	0	56.5875	74.8937	-24.8842	-713.264	74.8937	-24.8842	-713.264	
9466	61100	235.729	522.112	235.136	-99999	-37.665	-0.844464	1	1	-334.19	-332.049	130.158	-70.7462	243.635	358.608	-333.978	-342.524	-331.982	130.596	32.2374	-70.7915	243.397	305.233	358.623	4.9961	11	0	71.6869	-37.633	-13.2497	330.201	-37.633	-13.2497	330.201	
9466	61316	118.029	693.656	113.792	-99999	-21.263	-0.925446	1	1	-355.061	-340.332	-37.9084	-144.21	698.609	736.266	-355.027	-346.564	-340.091	-37.9084	-92.8376	-148.011	698.609	718.45	738.117	46.1235	13	0	426.153	-21.2456	-39.1031	706.216	-21.2456	-39.1031	706.216	
9466	61478	239.495	534.36	238.087	37.3525	32.637	-0.752645	1	1	-135.878	-278.784	133.273	-50.4086	-473.92	-513.021	-135.593	-205.839	-279.311	133.666	42.7822	-51.1171	-473.74	-506.5	-513.016	7.48671	6	0	67.9605	32.6699	-8.64467	-508.239	32.6699	-8.64467	-508.239	
9466	61748	117.191	314.573	116.419	-99999	98.572	-0.843853	1	1	-237.725	-197.48	129.665	29.5446	78.3092	37.0231	-207.083	-185.844	-166.571	130.31	82.0881	29.5446	78.6275	53.1502	37.0231	6.73636	6	0	76.0975	98.6047	4.15677	37.8375	98.6047	4.15677	37.8375	
9466	61802	368.682	896.377	368.123	-99999	30.915	-0.683469	1	1	-216.349	-107.14	125.283	-152.137	-379.716	-592.921	-211.478	-150.108	-102.189	125.283	-7.38211	-152.642	-379.716	-491.904	-593.132	6.3511	10	0	73.2316	30.9532	-36.5584	-510.619	30.9532	-36.5584	-510.619	
9466	61991	234.615	607.375	234.614	-99999	27.706	-0.546337	1	1	-135.736	-215.994	133.001	2.47494	-307.819	-485.443	-131.371	-171.555	-211.629	133.001	68.0015	2.47494	-307.819	-396.784	-485.443	4.30545	14	0	63.1734	27.7389	-42.1185	-567.774	-24.1611	57.4424	-365.061	
9466	5679	107.912	257.524	105.876	-99999	-44.813	-0.787403	1	1	-156.645	-121.742	129.674	48.2828	174.95	117.247	-170.993	-153.829	-135.362	130.301	88.0619	47.4602	175.341	146.574	116.431	4.72407	16	0	79.2973	-44.7982	17.4619	138.553	-44.7982	17.4619	138.553	
9466	38332	286.71	671.651	286.603	-99999	50.636	-0.896779	1	1	-292.431	-338.772	130.088	-117.796	-542.165	-407.08	-292.484	-314.876	-338.851	130.18	4.5877	-117.796	-542.203	-477.147	-407.08	6.21854	11	0	87.4999	50.6699	-37.18	-457.885	50.6699	-37.18	-457.885	
9466	40517	121.239	272.552	120.947	-99999	51.536	-0.988891	1	1	-246.885	-235.13	131.602	13.5579	696.27	704.351	-246.929	-244.966	-235.211	131.825	71.729	13.5579	696.261	695.216	704.351	4.72835	12	0	62.9427	51.5626	7.28421	699.064	51.5626	7.28421	699.064	
9466	41840	295.995	691.453	295.515	-99999	-12.043	-0.960996	1	1	-330.146	-264.261	126.101	-160.245	644.532	664.967	-330.189	-296.392	-264.242	126.547	-17.1286	-160.245	644.42	653.062	664.967	11.891	10	0	108.972	-12.0179	-19.6314	651.506	-12.0179	-19.6314	651.506	
9466	1953	151.284	336.708	150.458	-99999	-47.489	-0.907193	1	1	-119.289	-193.92	129.579	0.176555	76.7317	80.9642	-133.85	-166.575	-208.811	130.323	62.4111	0.175942	76.6211	80.1042	80.964	4.90472	12	0	68.727	-47.4756	4.92794	78.8355	-47.4756	4.92794	78.8355	
9466	51321	249.602	605.4	248.253	-99999	116.918	-0.973276	0	0	-306.629	-238.129	130.835	-95.2481	727.694	798.818	-306.764	-279.682	-237.966	131.362	15.9567	-95.9622	727.571	764.968	798.908	5.41743	8	0	86.4724	63.5425	-89.0825	550.331	63.5425	-89.0825	550.331	
9466	51753	225.405	538.495	225.257	-99999	23.098	-0.945297	1	1	-331.168	-261.291	131.149	-67.3605	-163.857	-91.4855	-331.204	-305.507	-261.254	131.149	25.5811	-67.4628	-163.857	-134.849	-91.4163	5.14849	13	0	78.1316	23.1202	-0.872648	-134.46	23.1202	-0.872648	-134.46	
9466	10155	210.783	515.627	209.022	22.7863	14.466	-0.849021	1	1	-171.168	-245.913	132.383	-45.8751	-794.349	-865.375	-171.168	-198.35	-246.722	132.383	41.4681	-47.4244	-794.349	-839.82	-865.426	4.41004	8	0	82.0216	13.9935	2.27291	-812.321	13.9935	2.27291	-812.321	
9466	50241	264.65	667.034	264.098	-99999	68	-0.932259	0	0	-215.834	-228.166	132.549	-92.1628	-508.174	-640.755	-194.52	-199.469	-206.759	132.812	14.0472	-92.3397	-508.069	-565.178	-640.884	5.93422	12	0	83.6554	-999999	-999999	-999999	-999999	-999999	-999999	
9466	42287	400.307	902.581	399.737	47.6716	42.31	-0.568708	1	1	-90.5788	-300.448	133.168	-45.8455	-758.812	-475.975	-90.3162	-207.293	-300.493	133.437	30.4353	-45.8751	-759.096	-633.976	-475.899	5.12562	13	0	85.7183	42.3517	-7.71623	-594.057	42.3517	-7.71623	-594.057	
9466	34577	59.3335	161.673	58.4637	-99999	34.875	-0.957488	0	0	-117.635	-111.521	131.507	77.6587	-424.646	-445.18	-106.74	-101.866	-100.492	131.678	104.008	77.0827	-424.604	-433.479	-445.384	4.25097	15	0	74.0939	34.9034	54.2834	-433.441	34.9034	54.2834	-433.441	
9466	81600	240.272	530.081	239.14	112.7	103.275	-0.949519	1	1	-270.264	-166.984	127.548	-86.2572	-543.359	-556.776	-270.264	-222.224	-166.297	127.548	18.1356	-87.0964	-543.359	-553.977	-557.059	4.26037	9	0	65.2843	103.305	-17.4755	-553.126	103.305	-17.4755	-553.126	
9466	55756	366.008	1046.27	365.42	-99999	46.019	-0.714544	1	1	-155.966	-76.3004	131.09	-168.577	457.203	264.129	-141.537	-101.191	-61.7464	131.09	-18.67	-169.017	457.203	360.255	263.765	4.05523	17	0	54.021	46.0439	-28.349	354.353	46.0439	-28.349	354.353	
9466	65223	113.35	247.326	112.64	-99999	-41.036	-0.887884	1	0	-358.395	-303.953	36.4753	-55.3072	411.803	438.062	-358.62	-332.451	-303.889	37.0956	-12.5661	-55.3072	411.681	419.187	438.062	6.13757	8	0	53.0122	-41.0196	-4.69778	422.913	-41.0196	-4.69778	422.913	
9466	61982	427.934	722.726	427.606	-99999	8.521	-0.681386	1	1	-279.404	-269.493	131.235	-143.733	-171.374	151.071	-279.373	-286.3	-269.506	131.357	-6.27396	-143.733	-171.497	-11.0304	151.071	5.46616	15	0	59.8004	8.55684	-19.8124	-2.26138	8.55684	-19.8124	-2.26138	
9466	62036	50.8252	137.502	50.4312	-99999	-31.101	-0.888915	0	0	-255.56	-247.904	125.203	86.9238	214.333	244.932	-255.511	-250.288	-247.72	125.203	104.047	86.7746	214.333	227.116	245.201	5.34547	17	0	74.129	70.0125	-31.0344	-398.033	70.0125	-31.0344	-398.033	
9466	62090	404.912	928.304	402.358	-99999	94.987	-0.5575	1	1	-198.57	-143.938	132.388	-100.442	-357.858	-36.3633	-168.888	-142.308	-113.423	132.653	12.7652	-101.814	-358.251	-197.385	-35.0146	5.12138	6	0	74.5172	95.0229	-33.1623	-164.845	95.0229	-33.1623	-164.845	
9466	11261	29.5045	93.1063	29.0411	-99999	-38.564	-0.733616	0	0	-212.598	-225.335	131.301	111.537	-86.1842	-69.2846	-212.437	-218.657	-225.383	131.47	120.758	111.371	-86.2616	-78.2926	-69.1326	6.86483	12	0	71.8266	-38.5272	28.0257	-62.2796	-38.5272	28.0257	-62.2796	
9466	27950	83.8041	193.353	82.0628	-99999	43.067	-0.895057	1	0	-287.652	-245.628	127.854	57.732	-183.601	-182.489	-287.719	-266.521	-245.04	127.854	91.8268	56.124	-183.601	-185.719	-182.508	4.09528	8	0	66.4469	43.0937	21.3505	-194.794	43.0937	21.3505	-194.794	
9466	40134	116.351	278.264	114.942	-99999	-14.359	-0.83011	1	1	-272.286	-336.958	129.437	35.0398	-212.326	-201.773	-271.826	-303.806	-337.296	130.084	81.7769	34.5346	-212.395	-207.218	-201.715	6.2939	7	0	68.1301	-14.3413	7.0549	-204.184	-14.3413	7.0549	-204.184	
9466	40377	245.895	600.806	245.153	-99999	25.688	-0.966751	1	1	-308.402	-250.112	129.17	-104.05	-762.142	-721.183	-308.524	-275.795	-250.153	129.882	13.2117	-104.05	-762.312	-742.625	-721.183	4.74934	8	0	98.3093	25.7221	-3.82972	-724.989	25.7221	-3.82972	-724.989	
9466	19575	314.616	637.487	310.334	20.3503	13.01	-0.88167	1	1	-170.835	-254.913	130.393	-146.845	682.396	785.543	-170.612	-225.712	-254.838	130.947	-5.04274	-150.381	682.203	738.702	785.461	5.95912	6	0	30.9228	13.04	-28.2619	727.424	-41.25	-14.2991	727.184	
9466	38995	234.164	963.876	234.148	-496.31	89.272	-0.757687	0	0	-309.627	-125.441	130.378	-7.59705	74.4097	99.0829	-309.627	-220.589	-125.441	130.378	55.2764	-7.59705	74.4097	84.3103	99.0829	4.88383	8	0	55.6622	-8.83272	-40.4046	-662.83	-8.83272	-40.4046	-662.83	
9466	36958	158.785	398.457	156.502	90.5778	76.903	-0.90687	1	1	-218.661	-144.434	130.682	0.589213	-695.345	-655.015	-218.661	-184.082	-143.451	130.682	62.911	-1.43228	-695.345	-673.657	-655.039	5.52356	8	0	80.299	76.9399	10.2487	-661.586	76.9399	10.2487	-661.586	
9466	13778	78.8585	235.024	76.7782	-99999	92.573	-0.9977	1	1	-216.531	-225.915	130.987	54.9174	-726.074	-730.322	-201.818	-206.438	-211.329	133.06	93.9847	54.9174	-726.049	-728.291	-730.322	9.67415	7	0	113.831	92.6047	-11.8214	-709.617	92.6047	-11.8214	-709.617	
9466	9341	55.0222	138.218	54.681	-99999	-36.076	-0.746102	0	0	-254.024	-261.32	131.288	96.3996	-144.057	-103.506	-253.968	-258.033	-261.294	131.288	111.203	96.1811	-144.057	-125.822	-103.265	4.15132	16	0	66.0778	-36.0504	48.0092	-561.3	-12.1604	-40.686	22.4322	
9466	55608	108.793	250.346	107.907	-99999	32.111	-0.86922	1	1	-313.698	-342.301	131.244	31.4807	-625.384	-599.567	-313.35	-333.71	-342.351	132.007	83.2187	31.4807	-625.557	-613.256	-599.567	6.10915	8	0	61.6839	32.1399	51.0041	-599.188	32.1399	51.0041	-599.188	
9466	35720	204.531	509.956	202.818	-99999	53.321	-0.983821	1	1	-112.381	-78.7983	131.789	-68.1605	-372.282	-370.072	-95.8835	-79.1179	-61.9998	133	32.1283	-68.63	-372.284	-372.195	-370.111	11.1994	11	0	82.576	53.3393	-28.8015	-363.856	53.3393	-28.8015	-363.856	
9466	84219	179.173	398.701	177.579	-99999	-9.056	-0.783608	1	1	-356.816	-261.185	-12.8265	-152.679	-368.98	-318.369	-356.802	-308.49	-260.074	-12.8265	-84.3394	-153.754	-368.98	-345.714	-317.952	6.48267	7	0	72.7397	-9.04441	-40.6495	-353.341	-9.04441	-40.6495	-353.341	
9466	66955	342.027	690.843	340.403	-99999	105.661	-0.689339	1	1	-229.424	-247.841	130.923	-107.04	-452.506	-232.701	-229.356	-244.641	-248.127	131.437	16.6541	-107.509	-453.005	-341.451	-232.291	4.86352	15	0	85.3983	105.703	-18.5139	-316.275	105.703	-18.5139	-316.275	
9466	13460	167.529	378.505	163.707	-99999	-25.812	-0.937854	1	1	-172.955	-155.86	128.376	-31.4283	157.915	181.971	-181.371	-174.794	-163.564	130.503	48.7128	-32.8349	157.185	171.817	182.048	4.89378	6	0	72.0347	-25.7899	-7.11543	180.923	-25.7899	-7.11543	180.923	
9466	75939	308.342	945.789	307.59	-99999	-34.615	-0.958892	1	1	-278.12	-299.649	131.374	-161.823	277.747	367.278	-278.066	-290.312	-299.686	131.374	-15.3969	-162.55	277.747	322.904	367.335	10.2879	9	0	53.011	-34.5823	-40.2684	338.234	-34.5823	-40.2684	338.234	
9466	47001	75.2134	171.87	71.876	-99999	86.675	-0.330048	1	1	-171.903	-225.233	132.979	115.49	638.044	682.877	-156.033	-183.348	-211.576	134.076	124.097	115.49	635.803	659.595	682.877	4.19619	11	0	54.1601	86.6559	53.4292	772.001	86.6559	53.4292	772.001	
9466	69440	285.706	644.143	268.393	-99999	80.666	-0.959852	1	1	-228.915	-188.645	132.049	-112.146	-182.129	-267.504	-203.621	-166.141	-159.346	132.049	-2.84265	-127.676	-182.129	-209.747	-269.309	5.10004	14	0	75.8159	80.6963	-35.296	-234.102	80.6963	-35.296	-234.102	
9466	5738	254.478	556.968	253.7	-99999	-4.777	-0.727205	1	1	-276.03	-323.034	130.396	-30.6476	398.156	585.241	-275.752	-303.033	-323.027	130.954	44.0168	-30.6476	397.699	486.022	585.241	5.01767	14	0	77.7422	-4.74978	-4.80282	494.418	-4.74978	-4.80282	494.418	
9466	7481	32.5892	86.3282	32.1351	-99999	76.138	-0.877755	1	1	-208.242	-223.084	132.508	104.735	-164.254	-157.867	-196.246	-203.661	-211.297	132.508	118.338	104.348	-164.254	-161.141	-157.758	5.53947	6	0	56.9439	76.1595	-41.336	-130.294	76.1595	-41.336	-130.294	
9466	33893	59.6767	195.179	57.7264	-99999	85.416	-0.964293	0	0	-230.245	-226.934	130.396	76.952	239.155	253.918	-216.92	-216.751	-214.193	130.396	101.996	75.7207	239.155	242.99	254.468	10.4115	22	0	98.2003	81.7088	-43.8775	705.86	50.6888	-14.4308	-225.505	
9466	34028	86.3966	208.135	84.456	42.0047	30.767	-0.939562	1	0	-236.535	-199.085	130.888	58.9134	581.628	560.962	-236.71	-221.537	-198.513	131.649	92.7043	57.9702	581.835	571.204	560.841	5.45063	9	0	70.5444	37.9927	-51.5159	-832.358	37.9927	-51.5159	-832.358	
9466	35203	197.667	436.918	196.49	-99999	87.916	-0.630896	1	1	-75.8763	-224.602	130.932	2.66886	-146.245	-151.96	-61.6952	-136.541	-211.33	131.197	66.7379	2.19204	-146.218	-149.344	-151.949	4.25712	6	0	52.192	87.9572	-53.1116	-159.074	87.9572	-53.1116	-159.074	
9466	32176	221.019	497.31	220.602	-99999	-45.847	-0.881653	1	1	-326.818	-216.802	130.613	-46.2554	647.935	720.094	-319.716	-266.052	-209.579	130.981	41.3818	-46.2554	647.784	683.481	720.094	4.38425	11	0	41.2523	-45.8168	-22.6321	703.551	-45.8168	-22.6321	703.551	
9466	71181	217.041	521.324	210.798	78.2986	72.475	-0.987548	1	1	-269.93	-189.083	129.914	-63.0574	869.692	851.887	-270.103	-232.956	-186.841	131.304	30.5555	-67.3209	869.787	856.186	851.854	6.01129	7	0	101.811	72.4835	-6.73653	796.591	72.4835	-6.73653	796.591	
9466	32866	60.2405	254.767	57.9617	-99999	-15.814	-0.945014	0	0	-205.161	-216.248	129.856	75.4418	-295.616	-283.023	-205.034	-208.065	-216.532	131.221	102.367	74.7826	-296.088	-288.218	-282.991	6.43368	8	0	152.984	-15.7859	20.7691	-278.992	-15.7859	20.7691	-278.992	
9466	33163	159.214	484.609	158.478	104.364	99.086	-0.801885	1	1	-179.921	-218.609	132.436	2.10416	-191.016	-110.543	-179.904	-196.61	-218.773	132.522	68.3365	1.54639	-191.079	-147.129	-110.318	7.46624	11	0	77.446	104.449	-28.6044	-471.268	-23.7208	-74.1406	-394.238	
9466	32584	124.045	335.594	114.846	-99999	36.771	-0.777927	1	1	-140.54	-76.7257	129.514	41.4428	749.633	786.232	-129.703	-95.1465	-62.281	130.507	83.1582	34.1335	749.237	769.492	786.08	24.5936	6	0	94.43	36.7841	40.6399	773.197	36.7841	40.6399	773.197	
9466	17	171.911	450.717	171.899	93.4092	82.635	-0.912161	1	1	-284.417	-191.858	131.587	-1.52732	311.61	257.196	-284.417	-243.567	-191.858	131.587	61.5387	-1.52732	311.61	283.991	257.196	13.9802	9	0	94.2321	82.6732	3.48797	284.266	82.6732	3.48797	284.266	
9466	773	228.288	515.667	224.458	66.5607	60.286	-0.93244	1	1	-181.949	-264.206	130.538	-75.1484	845.558	878.676	-181.092	-221.774	-264.645	133.08	28.3081	-76.0951	845.09	863.285	878.676	8.12025	7	0	85.9863	59.2778	-20.5757	-118.521	59.2778	-20.5757	-118.521	
9467	43448	24.6501	208.884	23.7818	-99999	72.337	-0.815946	1	1	-211.788	-222.815	132.621	113.619	-19.5365	-28.6043	-200.128	-205.6	-211.504	133.19	123.338	113.471	-19.2558	-24.2385	-28.6604	14.3807	11	0	195.884	72.3704	-78.0094	-136.825	-34.1696	24.5598	102.852	
9467	49474	141.837	370.155	141.829	-99999	26.676	-0.914782	1	1	-303.645	-250.432	130.035	8.14652	307.962	349.24	-303.686	-269.926	-250.473	130.035	70.4716	8.14652	307.962	325.861	349.24	5.29887	20	0	101.379	26.699	8.13729	344.167	26.699	8.13729	344.167	
9467	60838	293.771	460.397	270.82	-99999	21.126	-0.96337	1	1	-129.63	-111.448	133.724	-114.27	-622.608	-709.123	-123.006	-109.351	-106.958	133.724	-6.84498	-119.399	-622.608	-659.939	-719.234	17.9056	7	0	18.7077	21.1346	-9.14385	-662.506	21.1346	-9.14385	-662.506	
9467	58751	298.042	679.847	297.75	41.6646	35.361	-0.985857	1	1	-311.504	-175.891	131.492	-119.602	-732.364	-775.895	-311.507	-257.414	-175.771	131.537	-6.77454	-119.76	-732.356	-734.565	-776.009	5.12882	11	0	71.1191	35.3876	-12.1627	-725.033	35.3876	-12.1627	-725.033	
9467	42027	505.266	1207.71	504.299	110.421	103.408	-0.554175	1	1	-174.778	-273.55	132.598	-81.3064	-802.94	-360.307	-174.726	-213.306	-273.551	133.133	8.30523	-81.3073	-803.729	-587.661	-360.304	5.73493	12	0	81.6536	103.443	-20.4477	-531.401	103.443	-20.4477	-531.401	
9467	21793	480.327	1438.98	476.401	119.972	112.081	-0.645011	1	1	-198.989	-317.854	129.187	-171.843	36.1786	-312.145	-198.72	-259.447	-318.492	129.882	-19.3514	-173.306	36.945	-139.575	-314.078	39.7864	7	0	115.666	112.11	-30.9722	-175.115	112.11	-30.9722	-175.115	
9467	52817	321.168	790.569	312.676	-99999	80.042	-0.926159	1	1	-358.424	-250.676	118.552	-170.529	-502.143	-451.442	-358.549	-303.211	-247.516	118.552	-29.816	-178.277	-502.143	-475.5	-450.417	7.32271	9	0	47.8479	80.0765	-32.6798	-467.783	80.0765	-32.6798	-467.783	
9467	65424	435.816	960.13	434.423	113.3	106.36	-0.601621	1	1	-100.446	-325.972	133.353	-140.195	358.31	606.395	-99.9435	-208.391	-326.159	134	-1.81148	-140.335	357.612	488.805	606.599	4.3601	14	0	72.7365	106.4	-35.3959	497.878	106.4	-35.3959	497.878	
9467	4165	221.595	516.781	220.486	-99999	92.798	-0.916882	1	1	-225.873	-285.312	128.074	-56.231	392.599	493.72	-225.869	-257.116	-285.596	128.535	30.3682	-56.6912	392.46	432.537	494.082	6.0073	12	0	80.9305	92.8326	-20.7133	455.407	92.8326	-20.7133	455.407	
9467	61669	290.078	712.6	289.922	-99999	-38.053	-0.972883	1	1	-217.473	-227.612	129.951	-142.887	-393.527	-299.867	-217.414	-222.906	-227.552	129.951	-6.33229	-142.887	-393.527	-344.669	-299.867	4.33615	12	0	55.0752	-38.017	-37.234	-320.951	58.223	3.21828	-376.499	
9467	16164	427.346	1042.51	412.91	2.76526	-5.716	-0.830234	1	1	-226.761	-104.758	131.173	-171.574	-631.882	-884.248	-226.784	-164.514	-100.646	131.367	-26.385	-181.75	-631.755	-761.259	-893.235	4.44455	15	0	48.3123	-5.67941	-30.8367	-740.495	-5.67941	-30.8367	-740.495	
9467	50405	173.806	404.465	173.406	-99999	47.797	-0.904879	1	1	-273.658	-347.628	129.774	-21.1955	-670.862	-633.043	-273.654	-306.258	-347.828	129.947	52.0048	-21.3339	-670.89	-650.918	-632.96	7.51777	12	0	75.9435	47.8068	-4.95234	-636.122	47.8068	-4.95234	-636.122	
9467	76804	172.569	370.052	171.971	-98.8664	-35.198	-0.988207	1	1	-214.292	-199.477	131.137	-37.2375	-727.659	-753.51	-214.26	-206.191	-199.566	131.462	46.8708	-37.4744	-727.613	-741.631	-753.526	7.8451	7	0	82.0159	-35.455	-30.1424	-236.902	-35.455	-30.1424	-236.902	
9467	11570	86.8122	238.706	86.119	-99999	101.688	-0.950594	1	0	-347.626	-321.627	131.405	49.876	745.17	752.302	-347.881	-333.556	-321.64	131.769	91.0855	49.6092	745.113	749.578	752.318	4.99009	8	0	80.499	101.703	47.4534	758.426	101.703	47.4534	758.426	
9467	66706	264.404	591.57	262.074	-99999	-10.967	-0.96168	1	1	-277.198	-288.435	130.509	-130.352	-504.854	-500.093	-277.16	-289.306	-288.208	130.591	-0.743342	-132.574	-504.862	-501.496	-500.14	4.44304	13	0	81.3519	-10.9413	-31.792	-498.23	-10.9413	-31.792	-498.23	
9467	8617	300.57	719.899	299.165	-99999	97.094	-0.754348	1	1	-201.661	-115.07	129.496	-56.7522	557.055	769.754	-171.549	-131.116	-84.5549	130.439	24.8112	-56.8055	556.307	654.995	769.877	5.99712	8	0	77.329	97.1257	-15.6256	679.167	97.1257	-15.6256	679.167	
9467	14881	168.357	391842	160.508	-99999	-27.075	-0.329001	1	1	-219.329	-284.687	126.27	92.8052	-96.9779	-236.558	-210.026	-244.475	-280.421	128.783	108.94	92.8052	-91.6476	-164.083	-236.558	21.1496	16	0	124.33	-27.0919	21.8741	-207.49	-27.0919	21.8741	-207.49	
9467	32638	309.978	701.126	309.964	-99999	-45.784	-0.962878	1	1	-214.801	-239.005	131.316	-166.61	34.0636	115.37	-214.73	-227.916	-238.933	131.316	-17.4632	-166.61	34.0636	75.1187	115.37	4.97186	9	0	38.2881	-45.7519	-20.167	53.6852	-45.7519	-20.167	53.6852	
9467	22227	112.826	281.475	112.206	-99999	64.616	-0.961714	1	1	-358.23	-333.728	101.216	-6.77461	535.777	543.943	-358.328	-349.235	-333.807	101.754	46.7894	-6.81591	535.596	542.935	543.94	5.71804	7	0	79.0708	64.6352	14.0761	551.535	64.6352	14.0761	551.535	
9467	59054	59.3805	169.322	58.537	-99999	36.435	-0.979197	1	1	-206.373	-217.22	130.914	73.436	561.732	562.826	-200.632	-206.641	-211.478	130.914	101.848	72.5952	561.732	562.343	562.813	12.1137	9	0	54.0175	36.4638	-32.1851	564.186	36.4638	-32.1851	564.186	
9467	19080	309.419	717.474	308.128	-99999	43.926	-0.996287	1	1	-122.56	-162.676	133.313	-170.632	-325.983	-309.457	-108.786	-126.803	-149.267	133.313	-19.8277	-171.844	-325.983	-314.602	-309.467	5.11849	9	0	75.2154	43.9582	-28.956	-320.967	43.9582	-28.956	-320.967	
9467	35111	315.932	741.129	315.828	-99999	29.461	-0.75096	1	1	-353.718	-204.641	116.252	-142.958	578.895	680.083	-358.36	-280.85	-209.239	116.252	-11.6925	-143.047	578.895	629.484	680.108	9.4108	12	0	64.4078	29.4847	2.02424	624.731	29.4847	2.02424	624.731	
9467	35489	329.473	650.346	326.718	-99999	-6.669	-0.903924	1	1	-268.187	-238.286	129.026	-166.873	-818.498	-684.341	-268.006	-256.641	-238.273	131.426	-17.0778	-166.952	-819.621	-749.622	-684.294	6.62585	13	0	75.3813	-6.6474	-16.5915	-725.492	-6.6474	-16.5915	-725.492	
9467	52054	154.352	387.48	153.613	89.6886	81.064	-0.957811	1	1	-236.161	-203.409	133.418	-9.03932	-698.121	-741.48	-236.18	-225.552	-203.001	133.56	60.3291	-9.39894	-698.085	-719.865	-741.657	10.5852	14	0	101.973	81.1051	4.52374	-711.923	81.1051	4.52374	-711.923	
9467	52189	345.354	906.255	333.053	8.98551	0.302	-0.901547	1	1	-98.6992	-222.681	132.589	-165.353	-253.363	-172.065	-98.4052	-163.422	-225.999	133.341	-20.6589	-176.156	-253.568	-210.294	-173.914	6.88244	10	0	169.674	0.322081	-31.7123	-207.939	0.322081	-31.7123	-207.939	
9467	21663	203.018	475.573	203.016	-99999	34.384	-0.705787	1	1	-216.042	-103.011	127.301	-22.4804	-470.271	-546.981	-210.625	-153.912	-97.5929	127.301	51.8915	-22.4804	-470.271	-507.531	-546.981	5.41032	12	0	78.5335	34.4095	-4.17387	-528.793	34.4095	-4.17387	-528.793	
9467	52865	67.5419	644.965	66.0137	-99999	58.735	-0.914189	1	1	-200.295	-203.255	131.287	78.2848	-216.142	-234.951	-209.55	-214.795	-212.302	131.287	105.303	78.0751	-216.142	-226.273	-235.03	4.90614	15	0	378.298	58.7453	-41.4082	190.815	58.7453	-41.4082	190.815	
9467	62294	206.31	1600.14	204.359	-99999	87.86	-0.984945	1	1	-144.13	-190.144	110.803	-80.0927	892.132	873.378	-116.487	-135.493	-163.229	111.379	10.0534	-81.1867	892.118	895.595	872.889	5.50272	16	0	191.669	87.8897	-44.3198	803.965	87.8897	-44.3198	803.965	
9467	47265	28.0426	199.98	26.0522	-616.051	112.78	-0.829503	0	0	-331.705	-329.638	131.848	113.805	438.58	427.62	-314.111	-308.772	-312.392	131.848	123.106	113.096	438.58	431.206	427.862	5.20598	17	0	164.01	39.192	-21.3489	641.932	39.192	-21.3489	641.932	
9467	40969	222.523	357.207	218.043	-99999	-0.086	-0.942261	1	1	-217.462	-200.08	127.783	-77.4623	17.9019	84.2844	-217.435	-208.007	-200.123	129.785	22.8551	-77.5491	17.2031	44.8712	84.4453	5.26093	7	0	30.9143	-0.051216	-22.0058	46.5915	-0.051216	-22.0058	46.5915	
9467	35338	140.97	334.691	140.502	-99999	95.994	-0.86497	1	1	-358.322	-292.011	71.5615	-43.7468	-527.601	-484.346	-358.473	-324.821	-291.914	71.5615	12.5208	-44.0643	-527.601	-509.044	-484.109	5.54075	12	0	75.0064	96.0139	2.80234	-512.193	96.0139	2.80234	-512.193	
9467	70405	186.091	429.374	184.405	-99999	30.92	-0.213334	1	1	-353.638	-203.726	-108.963	-156.732	-711.812	-807.961	-359.459	-283.48	-208.156	-108.727	-132.339	-156.878	-711.239	-759.466	-808.256	4.09571	6	0	48.2724	30.9049	-69.4526	-739.73	30.9049	-69.4526	-739.73	
9467	56564	185.381	379.642	183.592	-99999	59.829	-0.566459	1	1	-219.632	-235.012	97.0748	-4.57115	-891.209	-740.765	-210.264	-216.856	-225.849	97.3384	40.6365	-4.93563	-891.586	-818.824	-739.53	5.26873	16	0	77.2756	59.863	-0.60011	-751.437	59.863	-0.60011	-751.437	
9467	76319	43.5683	184.801	42.0187	-99999	99.543	-0.0799707	1	1	-123.946	-152.184	128.824	115.717	-591.256	-567.128	-92.7325	-109.259	-120.978	128.824	120.568	115.734	-591.256	-581.121	-567.049	9.97113	20	0	89.4756	99.5504	20.5238	361.835	66.5204	-31.8074	-87.8524	
9467	14352	150.379	386.854	148.903	-99999	64.82	-0.977604	1	1	-231.843	-199.286	129.226	-13.8225	-390.517	-365.789	-242.207	-227.89	-209.499	130.668	57.8093	-13.8225	-390.793	-379.32	-365.789	4.25395	9	0	50.2997	64.8504	-27.9876	-362.18	64.8504	-27.9876	-362.18	
9467	49056	21.1076	85.5181	20.4319	-512.809	86.457	-0.38559	0	0	-268.209	-261.803	130.723	122.343	337.607	352.303	-254.531	-251.54	-248.315	131.141	124.619	122.343	337.609	343.35	352.303	5.18908	24	0	84.6532	86.4899	73.5288	-23.8418	25.4599	70.2791	417.777	
9467	10461	213.832	499.044	213.351	78.9393	71.926	-0.97361	1	1	-259.072	-190.386	125.985	-72.2632	677.496	653.775	-259.137	-232.288	-190.352	126.321	23.0863	-72.3469	677.442	673.392	653.729	5.5382	12	0	84.1247	71.95	-17.5052	660.827	71.95	-17.5052	660.827	
9467	36978	200.74	457.878	199.954	94.6481	90.818	-0.812589	1	1	-169.037	-223.192	130.787	-25.9185	-603.768	-495.01	-168.996	-190.539	-223.555	130.91	50.4212	-26.3876	-603.846	-548.21	-494.803	4.69328	10	0	71.873	90.8552	2.20684	-538.769	90.8552	2.20684	-538.769	
9467	48568	231.477	488.422	230.161	-99999	-43.608	-0.950134	1	1	-237.259	-274.085	130.095	-82.2255	-379.408	-301.322	-236.938	-250.41	-274.183	130.958	21.6698	-82.5616	-379.563	-344.616	-301.181	4.34643	12	0	73.8106	-43.5791	-21.2	-325.975	-43.5791	-21.2	-325.975	
9467	28785	314.489	707.54	314.166	77.2077	71.982	-0.973752	1	1	-171.463	-250.623	131.493	-170.243	-397.759	-371.044	-171.395	-212	-250.623	131.802	-19.6676	-170.243	-397.781	-387.775	-371.044	6.06733	12	0	75.9719	72.022	-31.2519	-385.95	72.022	-31.2519	-385.95	
9467	51517	299.865	676.745	299.495	91.2637	85.062	-0.655231	1	1	-164.523	-219.194	132.742	-43.1884	164.096	396.738	-164.495	-194.758	-219.198	132.867	34.6231	-43.1816	163.955	273.019	396.873	4.53547	11	0	70.4067	85.1054	-12.6207	304.419	32.5854	20.0045	288.444	
9467	31408	316.533	723.663	309.731	-99999	21.491	-0.958454	1	1	-288.256	-314.014	131.294	-171.492	13.6995	72.8537	-288.279	-303.267	-313.526	131.332	-23.1503	-178.101	13.6935	44.2296	74.132	5.14883	10	0	70.2806	21.5078	-19.4828	35.9874	21.5078	-19.4828	35.9874	
9467	32299	169.189	344.333	167.209	-99999	98.013	-0.825621	0	0	-289.242	-317.056	130.768	3.68355	-293.341	-193.533	-289.253	-295.157	-317.962	131.282	60.8241	3.06233	-293.668	-247.404	-192.605	4.79283	13	0	67.194	98.041	70.3089	-744.935	86.571	9.58022	-263.498	
9467	72140	60.4839	192.125	58.8023	-99999	15.545	-0.976396	0	0	-339.986	-317.019	130.518	77.3586	116.12	124.908	-340.186	-329.246	-316.558	131.439	103.574	76.8993	116.114	119.655	124.817	6.64233	18	0	95.6616	15.5759	44.8701	137.433	15.5759	44.8701	137.433	
9467	27590	60.4476	137.63	60.1144	-99999	53.553	-0.823216	1	0	-110.51	-78.5537	133.677	82.8092	-758.081	-756.065	-93.7176	-77.5327	-61.599	133.677	108.18	82.5188	-758.081	-756.965	-756.064	4.63052	8	0	48.5516	53.585	31.543	-732.329	53.585	31.543	-732.329	
9467	67872	28.1301	91.3911	28.0221	-99999	-46.007	-0.858607	1	1	-183.381	-197.862	126.91	103.398	62.6934	65.2718	-190.548	-197.854	-205.039	126.927	115.037	103.398	62.6917	64.0674	65.2718	5.19566	7	0	75.2927	-45.9794	-27.6669	71.5302	-45.9794	-27.6669	71.5302	
9467	68358	223.509	499.413	220.173	54.2605	42.551	-0.958257	1	1	-217.858	-142.595	129.712	-68.9458	-574.823	-628.835	-218.05	-179.329	-141.71	130.809	29.9915	-70.9139	-574.568	-601.783	-629.003	4.3835	10	0	78.358	42.5853	-13.0587	-606.455	42.5853	-13.0587	-606.455	
9467	29892	166.474	10766.3	166.202	-99999	75.68	-0.872568	1	1	-358.47	-287.498	100.996	-43.8475	359.37	399.351	-358.589	-323.101	-287.498	100.996	28.4011	-44.0782	359.37	379.329	399.424	64.4248	9	0	10236.6	75.7187	-33.8763	403.703	75.7187	-33.8763	403.703	
9467	6375	129.288	807.462	128.592	-99999	68.616	-0.822035	1	1	-271.082	-337.935	131.339	24.2527	468.072	492.337	-271.061	-304.156	-338.293	131.525	77.2086	23.875	468.04	479.488	492.447	22.6468	10	0	431.899	68.6021	-8.18913	492.009	68.6021	-8.18913	492.009	
9467	35202	148.73	679.272	147.803	-99999	-7.771	-0.940984	1	1	-356.945	-307.755	53.6625	-85.3175	736.803	746.043	-357.14	-332.399	-307.664	54.2497	-15.6684	-85.6058	736.766	742.122	746.017	14.3247	7	0	332.984	-7.7447	-36.3472	738.958	-7.7447	-36.3472	738.958	
9467	35877	179.591	410.249	179.046	-99999	1.723	-0.61485	1	1	-276.88	-229.752	129.206	9.08311	686.831	809.937	-276.928	-257.907	-229.689	129.454	71.1699	8.98991	686.512	751.987	810.011	5.76043	12	0	78.4074	1.75944	13.5589	744.348	1.75944	13.5589	744.348	
9467	47167	152.256	352.508	151.909	-99999	114.052	-0.665937	1	1	-190.97	-298.602	129.923	29.5704	-374.462	-341.692	-208.94	-263.176	-316.788	129.923	82.3689	29.3114	-374.462	-350.415	-341.64	4.04027	8	0	78.3484	114.081	18.8575	-342.543	114.081	18.8575	-342.543	
9467	47221	160.362	466.407	158.411	-99999	86.45	-0.438537	1	1	-131.342	-88.9573	131.174	60.4487	-120.983	14.2297	-104.435	-83.1242	-61.5335	131.556	95.1365	60.1112	-121.737	-53.5635	15.2038	6.66635	11	0	74.3631	86.4946	54.929	-10.513	86.4946	54.929	-10.513	
9467	73830	97.7055	223.135	96.4779	-99999	105.067	-0.784231	0	0	-144.271	-94.7637	133.042	52.9316	-859.607	-880.262	-111.823	-85.5959	-61.6424	133.674	93.6394	52.5772	-859.454	-869.19	-880.361	6.07269	11	0	41.8411	105.102	6.51978	-809.839	105.102	6.51978	-809.839	
9467	44817	26.4675	68.7724	25.0031	-99999	46.688	-0.959695	1	1	-211.224	-218.664	131.318	107.731	-48.874	-45.2716	-203.687	-207.48	-211.534	132.007	119.435	107.032	-48.9502	-47.3269	-45.1384	6.17019	6	0	55.6626	46.7214	-34.7478	-28.4777	46.7214	-34.7478	-28.4777	
9467	45735	29.0088	75.7941	19.691	-99999	70.586	-0.458404	0	0	-271.99	-262.874	130.378	118.289	131.554	143.852	-272.101	-265.098	-257.468	130.378	122.079	113.515	131.554	141.021	149.572	10.9997	8	0	75.2216	78.7631	-79.5683	-131.789	78.7631	-79.5683	-131.789	
9467	45870	238.992	561.04	238.333	-99999	70.207	-0.931689	1	1	-244.891	-317.387	131.004	-86.0973	391.361	454.538	-244.979	-281.164	-317.622	131.064	20.6056	-86.6696	391.352	417.854	454.592	5.74013	9	0	79.6255	70.2364	-24.5523	423.754	70.2364	-24.5523	423.754	
9467	55029	111.922	288.194	111.922	-99999	6.751	-0.733318	0	0	-238.644	-283.796	130.505	52.3033	-738.385	-672.431	-238.654	-261.352	-283.806	130.505	90.3392	52.3033	-738.385	-706.777	-672.431	5.49997	14	0	67.4659	6.77986	30.2006	-852.644	6.77986	30.2006	-852.644	
9467	46300	318.714	734.839	318.7	-99999	57.475	-0.933415	1	1	-267.389	-280.673	132.359	-164.445	-844.144	-729.644	-267.479	-276.13	-280.763	132.359	-15.8699	-164.445	-844.144	-786.918	-729.644	4.59223	12	0	55.0358	57.5039	-18.772	-749.029	57.5039	-18.772	-749.029	
9467	8294	106.264	344.768	105.055	-99999	71.752	-0.933251	1	1	-112.008	-84.4759	132.941	32.3288	41.607	52.5477	-89.5087	-75.3802	-61.6918	132.941	82.2422	31.2328	41.607	47.1889	52.6843	5.4771	8	0	58.9888	71.766	1.82804	36.0604	71.766	1.82804	36.0604	
9467	52019	44.6494	127.694	43.403	-99999	24.405	-0.840213	0	0	-326.686	-342.951	130.869	92.6266	863.973	875.87	-326.679	-334.82	-343.488	130.956	111.575	91.611	863.94	871.394	876.014	6.49347	9	0	76.004	24.4226	54.633	816.225	24.4226	54.633	816.225	
9467	68738	234.723	494.878	233.732	-99999	-30.536	-0.883546	1	1	-307.546	-295.711	129.836	-63.9332	593.195	716.516	-307.466	-293.978	-295.688	130.334	32.8139	-64.1118	592.933	656.513	716.799	4.30529	20	0	57.6536	-30.5107	-14.1954	676.465	-30.5107	-14.1954	676.465	
9467	30330	82.4226	988.154	73.7793	-99999	4.582	-0.61168	1	1	-289.673	-301.426	129.592	68.9116	765.653	726.401	-289.68	-295.501	-303.369	129.592	95.4753	62.5177	765.653	743.777	721.096	114.573	26	0	471.348	4.60692	-26.8102	654.911	-35.8131	-40.1037	790.677	
9467	19239	369.794	80551.4	369.747	92.2821	89.07	-0.778847	1	1	-139.591	-338.536	131.535	-161.816	-659.598	-556.307	-139.591	-239.928	-338.536	131.535	-15.2549	-161.816	-659.598	-609.238	-556.307	13.8249	31	0	79069.8	89.1121	-70.4533	-580.599	89.1121	-70.4533	-580.599	
9467	33264	82.2461	212.346	82.2438	-99999	76.91	-0.918769	0	0	-91.0936	-129.252	130.728	60.2243	836.305	820.635	-66.9774	-82.5883	-105.136	130.728	93.93	60.2243	836.305	826.919	820.635	4.5475	8	0	75.8738	76.9243	59.4352	810.556	76.9243	59.4352	810.556	
9467	76888	341.49	783.967	339.256	51.6089	44.215	-0.854156	1	1	-273.151	-180.387	130.634	-109.533	256.769	474.05	-273.183	-227.399	-180.172	131.193	-0.545357	-110.299	256.428	354.101	475.405	4.49727	12	0	112.851	44.253	-26.3313	376.874	44.253	-26.3313	376.874	
9467	24861	31.3785	98.6811	28.5474	-99999	46.768	-0.780805	0	0	-204.846	-186.764	130.452	108.481	-385.289	-384.851	-191.475	-181.493	-171.687	132.099	120.085	107.896	-385.529	-384.143	-384.94	4.50688	8	0	75.1926	46.7953	31.2545	-388.591	46.7953	31.2545	-388.591	
9467	24915	138.234	338.757	138.232	-99999	97.312	-0.700488	1	1	-358.445	-294.069	19.0455	-86.1636	-280.647	-219.997	-358.598	-321.464	-294.222	19.0455	-31.3174	-86.1636	-280.647	-251.514	-219.997	4.84874	15	0	84.6592	93.3093	22.1415	67.551	32.9893	-40.6032	-175.469	
9467	36677	323.898	729.45	315.511	-99999	93.679	-0.948141	1	1	-258.018	-317.414	130.531	-171.531	-181.821	-249.266	-257.995	-292.855	-318.409	131.062	-23.8425	-179.213	-181.746	-213.45	-250.305	7.33211	8	0	71.953	93.7054	-35.4818	-221.702	93.7054	-35.4818	-221.702	
9467	4025	270.533	598.731	270.484	-99999	-5.612	-0.731658	1	1	-254.871	-330.758	130.681	-64.701	-381.195	-211.307	-254.844	-296.637	-330.749	130.715	35.7542	-64.701	-381.222	-294.582	-211.307	5.87979	12	0	84.6701	-5.58147	-10.0073	-259.874	-5.58147	-10.0073	-259.874	
9467	27063	313.106	800.143	295.412	-99999	-5.887	-0.958152	1	1	-124.459	-88.4791	133.27	-153.928	-676.205	-617.561	-126.305	-107.873	-88.5623	133.27	-19.0146	-170.49	-676.205	-645.053	-611.646	5.44832	7	0	164.583	-5.85299	-58.8123	-625.78	-5.85299	-58.8123	-625.78	
9467	73189	193.969	400.97	193.966	-99999	27.658	-0.834786	1	1	-294.232	-252.474	130.587	-35.444	-455.153	-364.92	-294.276	-274.969	-252.517	130.587	46.3738	-35.444	-455.153	-411.714	-364.92	4.01549	12	0	47.508	27.6881	-16.4466	-366.661	27.6881	-16.4466	-366.661	
9467	33027	118.87	206.049	118.614	-99999	96.49	-0.601718	0	0	-109.847	-92.9538	132.231	66.4436	-446.514	-351.125	-79.6442	-70.3169	-62.6979	132.33	97.1714	66.4436	-446.64	-399.903	-351.125	4.69966	8	0	53.9334	82.3195	-60.5035	560.267	82.3195	-60.5035	560.267	
9467	20940	243.894	568.972	242.781	-99999	53.874	-0.921396	1	1	-167.292	-78.7128	129.746	-94.1019	482.618	514.024	-150.525	-106.37	-61.5205	130.061	17.4998	-94.8007	482.572	498.403	514.128	5.40206	6	0	52.651	53.9111	-44.2891	494.446	53.9111	-44.2891	494.446	
9467	39930	215.849	546.104	215.694	-99999	33.525	-0.837388	1	1	-358.637	-284.647	53.8906	-126.363	-567.655	-479.125	-358.718	-321.048	-284.667	53.9598	-38.513	-126.419	-567.689	-526.806	-479.119	9.71429	8	0	133.816	33.5481	10.4295	-540.693	33.5481	10.4295	-540.693	
9467	64106	32.1807	100.986	31.8959	-99999	87.717	-0.940751	0	0	-227.461	-232.553	132.733	102.39	333.817	325.752	-199.956	-201.986	-205.127	132.733	117.563	102.122	333.817	328.866	325.704	4.19856	8	0	69.4792	87.7424	23.3296	311.748	87.7424	23.3296	311.748	
9467	34668	252.96	578.179	250.086	99.6047	92.59	-0.974606	1	1	-228.206	-184.978	128.086	-112.957	786.126	740.507	-228.372	-209.321	-184.889	130.588	6.98681	-113.215	786.69	768.575	740.4	5.10436	11	0	71.0852	92.6296	-24.267	742.098	92.6296	-24.267	742.098	
9467	61017	179.183	431.102	178.05	-99999	58.878	-0.86727	1	1	-96.0399	-159.912	132.627	-30.9542	-435.358	-427.556	-77.4162	-116.135	-141.427	132.912	52.4276	-31.7233	-435.335	-433.572	-427.732	18.5732	11	0	102.099	58.9067	10.6822	-429.298	58.9067	10.6822	-429.298	
9467	17895	228.049	562.099	227.721	119.219	112.503	-0.898206	1	1	-149.181	-259.583	132.679	-60.4765	-813.447	-771.142	-149.065	-196.515	-259.583	132.971	31.0884	-60.4765	-813.528	-794.683	-771.142	8.38562	9	0	92.3184	112.529	-11.0073	-756.814	112.529	-11.0073	-756.814	
9467	11599	209.909	430.165	207.949	-99999	1.837	-0.997384	1	1	-247.528	-188.208	129.752	-68.7939	84.7068	88.6955	-247.579	-220.346	-187.903	130.827	29.7288	-69.6087	84.6771	86.112	88.6941	5.11505	7	0	71.6181	1.85938	-16.9118	76.0187	1.85938	-16.9118	76.0187	
9467	5303	343.748	785.69	340.907	70.1316	65.345	-0.753598	1	1	-195.896	-244.783	128.898	-166.2	269.942	418.958	-195.338	-228.103	-244.783	130.843	-20.7663	-166.2	268.351	340.328	418.958	7.15618	16	0	87.0671	65.3921	-36.9054	354.455	65.3921	-36.9054	354.455	
9467	75717	145.743	343.981	145.507	-36.5828	-44.303	-0.984947	1	1	-218.285	-199.279	131.045	-11.57	-221.247	-222.251	-218.258	-210.479	-199.277	131.261	59.4604	-11.5756	-221.283	-212.46	-222.252	13.6481	6	0	77.4865	-44.2766	-7.3568	-221.62	-44.2766	-7.3568	-221.62	
9467	40231	185.579	278910	184.134	-99999	-30.321	-0.923802	1	1	-120.504	-109.6	131.9	-28.9747	133.046	219.604	-130.012	-123.362	-119.193	131.9	51.2093	-30.3262	133.046	176.469	220.107	16.5503	12	0	404.946	-30.318	-31.3881	222.048	-30.318	-31.3881	222.048	
9467	26125	290.322	700.655	289.693	-99999	40.184	-0.840822	1	1	-351.897	-203.495	93.9281	-149.39	514.951	566.684	-358.547	-282.902	-209.826	94.4571	-26.7003	-149.39	514.838	540.696	566.684	5.92014	10	0	48.1202	40.208	-19.847	543.845	40.208	-19.847	543.845	
9467	71889	288.815	538.481	288.038	-475.551	40.946	-0.886011	0	0	-256.876	-83.2726	130.305	-65.6032	512.054	399.241	-257.13	-180.465	-83.2726	130.988	20.7012	-65.6032	512.298	461.439	399.241	4.30191	11	0	41.7661	10.1988	-55.0971	-99.9325	10.1988	-55.0971	-99.9325	
9467	19974	60.4225	167.304	60.421	-99999	75.658	-0.872904	0	0	-295.507	-323.095	129.121	80.763	-479.861	-457.75	-295.625	-306.344	-323.214	129.121	103.308	80.763	-479.861	-468.48	-457.75	6.1107	8	0	73.7739	81.4699	48.0594	-448.666	81.4699	48.0594	-448.666	
9467	12776	221.768	527.095	219.949	118.543	111.182	-0.93035	1	1	-173.287	-219.465	131.715	-70.5295	-649.869	-578.024	-173.052	-196.227	-219.631	133.002	31.2687	-70.9001	-650.31	-612.891	-577.886	5.1552	11	0	75.0887	111.198	-8.69662	-602.597	111.198	-8.69662	-602.597	
9467	13154	406.496	963.252	406.419	-28.8275	-35.072	-0.714197	1	1	-151.245	-326.612	132.867	-147.98	-399.017	-164.216	-151.222	-238.964	-326.612	132.911	-6.51589	-147.98	-399.052	-280.338	-164.216	4.0228	12	0	59.4555	-35.037	-47.2981	-244.779	-35.037	-47.2981	-244.779	
9467	79706	86.1178	212.297	84.7325	-99999	59.179	-0.868869	0	0	-243.241	-279.656	130.978	57.0482	800.225	818.032	-242.885	-259.535	-279.93	131.755	92.7025	56.6376	800.111	807.083	818.19	5.63965	11	0	75.0387	98.0891	28.7866	-270.969	-21.4609	30.5443	786.599	
9467	70661	296.798	698.204	295.572	-99999	43.702	-0.895125	1	1	-206.271	-75.4771	129.367	-135.592	725.28	732.245	-193.115	-127.447	-61.7737	130.462	-2.57536	-135.592	725.268	728.401	732.245	4.71017	7	0	45.4167	43.7244	-40.802	722.629	43.7244	-40.802	722.629	
9467	30958	110.613	269.766	107.495	-99999	85.747	-0.997859	1	1	-139.934	-141.917	131.434	27.902	-681.116	-654.131	-112.98	-117.39	-114.846	133.087	79.7375	26.5025	-681.18	-667.992	-653.857	6.53499	6	0	49.8095	85.7471	33.5119	-662.584	85.7471	33.5119	-662.584	
9467	72531	40.1125	200.001	40.1122	-99999	57.864	-0.677544	0	0	-211.305	-227.612	130.276	101.671	87.8569	65.0098	-193.161	-201.48	-209.468	130.276	116.385	101.671	87.8569	76.0344	65.0098	10.5675	14	0	148.979	57.8988	23.7501	77.2659	-32.8412	34.4134	33.5958	
9467	28636	251.745	612.676	250.501	-99999	45.296	-0.993953	1	1	-189.592	-182.088	129.485	-118.625	295.707	317.041	-175.415	-167.618	-167.912	130.31	5.10551	-118.98	295.795	301.311	317.03	5.4346	8	0	83.0351	45.3248	-26.1583	303.218	45.3248	-26.1583	303.218	
9467	29095	302.818	763.901	302.489	-99999	35.961	-0.973118	1	1	-291.491	-306.954	129.144	-163.941	-661.222	-589.507	-291.548	-300.976	-307.024	129.144	-17.2485	-164.24	-661.222	-624.021	-589.439	4.98665	10	0	68.2508	35.984	-31.2074	-613.468	35.984	-31.2074	-613.468	
9467	77239	265.785	313.736	124.431	-24.7275	-27.097	-0.840222	1	1	-300.11	-218.862	130.454	36.3682	522.633	522.489	-300.11	-213.568	-126.725	130.454	29.8991	-69.8076	522.633	523.511	521.535	9.49596	6	0	92.6367	-27.0781	-51.4714	515.927	-27.0781	-51.4714	515.927	
9467	10452	145.852	343.565	143.765	62.2803	64.837	-0.891879	1	1	-200.362	-256.866	133.236	4.57537	501.334	476.14	-200.362	-233.028	-257.357	133.236	69.4643	2.56512	501.334	488.273	476.096	5.02181	7	0	77.4019	56.9711	-6.29928	-550.702	103.271	-63.5677	524.828	
9467	55887	26.8159	98.072	24.1634	-99999	-29.822	-0.926712	0	0	-114.733	-119.59	131.837	108.671	-47.2088	-42.9746	-123.918	-126.212	-129.05	133.43	120.752	107.764	-47.8526	-44.2629	-43.0317	4.0232	8	0	82.9353	73.4226	15.2932	-230.142	73.4226	15.2932	-230.142	
9467	75059	97.0951	345.763	95.9071	-99999	80.922	-0.879882	1	1	-213.516	-223.916	132.235	55.5363	-67.3894	-123.863	-200.709	-206.055	-211.164	132.758	93.6373	55.054	-67.1117	-95.2191	-124.201	8.47185	13	0	71.3728	80.9533	-30.3565	-192.225	40.8933	-5.9628	-118.557	
9467	68379	319.77	636.756	317.774	-99999	-19.832	-0.884107	1	1	-149.84	-110.739	132.569	-161.013	-402.629	-510.871	-156.111	-128.052	-116.913	132.716	-11.7976	-162.714	-402.57	-464.766	-511.365	4.36051	15	0	90.1038	-19.8111	-31.9982	-471.536	-19.8111	-31.9982	-471.536	
9467	28908	198.776	491.368	198.768	-99999	37.686	-0.960378	1	0	-74.7586	-103.58	130.558	-62.431	881.032	845.951	-62.9416	-77.9011	-91.763	130.558	33.8844	-62.431	881.032	864.9	845.951	5.06501	9	0	92.0475	37.7125	-13.1023	832.681	37.7125	-13.1023	832.681	
9467	30495	450.535	1097.38	449.462	-99999	66.766	-0.617959	1	1	-224.987	-260.335	131.635	-166.677	-520.16	-854.122	-225.091	-244.019	-260.486	131.635	-18.968	-167.315	-520.16	-686.292	-854.942	4.23207	9	0	87.9086	66.8062	-19.5214	-664.154	66.8062	-19.5214	-664.154	
9467	31768	52.3783	130.878	51.9455	-99999	49.415	-0.460487	1	1	-183.808	-218.326	132.999	108.641	-686.926	-717.132	-175.996	-193.357	-210.79	133.019	120.597	108.453	-686.899	-702.054	-717.363	5.33965	11	0	41.0157	49.4624	9.60061	-777.278	16.5124	33.367	-668.428	
9467	12099	162.924	376.814	161.635	-99999	26.436	-0.848806	0	0	-127.752	-76.9641	128.676	-23.3499	554.802	563.273	-119.89	-87.964	-68.5836	129.414	55.1933	-23.7585	554.653	561.358	563.293	9.69929	8	0	76.866	-3.55956	57.5591	210.984	-3.55956	57.5591	210.984	
9467	19791	297.163	795.052	295.819	-99999	106.902	-0.963735	1	1	-269.47	-299.421	130.878	-161.824	194.247	181.689	-269.514	-287.221	-299.545	131.308	-15.8091	-162.622	194.272	185.143	182.038	7.13771	14	0	93.6647	106.922	-27.0137	187.126	106.922	-27.0137	187.126	
9467	49735	321.69	751.306	321.598	-99999	28.29	-0.881026	1	1	-358.454	-223.255	121.848	-168.529	747.162	774.68	-358.498	-289.218	-223.274	121.848	-22.4553	-168.613	747.162	762.714	774.687	7.02236	8	0	82.0634	28.3077	-2.78012	753.819	28.3077	-2.78012	753.819	
9467	49999	272.043	656.539	271.667	103.745	97.631	-0.703584	1	1	-139.931	-250.726	132.024	-61.0084	-883.636	-729.51	-139.931	-192.55	-250.945	132.024	35.0656	-61.2824	-883.636	-804.126	-729.39	7.63942	9	0	74.0971	97.6662	-8.32693	-749.358	97.6662	-8.32693	-749.358	
9467	34089	367.921	1057.47	367.92	-99999	-7.272	-0.509963	1	1	-61.9604	-263.286	113.544	-57.7534	-658.073	-402.294	-61.9604	-161.096	-263.286	113.544	25.4094	-57.7534	-658.073	-530.629	-402.294	30.1985	6	0	190.392	-7.22279	-18.4518	-452.929	-7.22279	-18.4518	-452.929	
9467	52755	36.9137	126.727	36.5031	-99999	90.792	-0.869433	0	0	-142.545	-131.007	130.317	97.9908	658.81	667.193	-114.209	-108.629	-102.538	130.639	114.673	97.9908	658.71	665.999	667.193	8.86173	13	0	81.7182	80.3462	-19.2872	-399.966	65.1562	-57.3891	854.782	
9467	27957	72.612	266.944	72.0535	-99999	13.107	-0.913415	1	0	-169.165	-181.384	130.894	69.1583	774.148	747.447	-167.12	-173.713	-179.343	130.894	99.7484	69.1329	774.148	761.482	747.409	9.82575	22	0	130.113	13.1323	31.9733	749.285	13.1323	31.9733	749.285	
9467	80169	393.948	841.16	393.333	71.3985	63.359	-0.654413	1	1	-229.031	-201.553	129.991	-112.304	-167.743	-467.459	-229.011	-210.688	-201.553	130.197	11.1632	-112.304	-167.493	-323.046	-467.459	6.38264	10	0	33.7841	63.3993	-25.4141	-347.759	63.3993	-25.4141	-347.759	
9467	54186	212.807	519.762	210.369	69.0701	59.156	-0.834846	1	1	-242.355	-142.474	129.488	7.41654	-671.273	-805.867	-242.94	-191.401	-142.474	131.496	61.1282	7.41654	-670.079	-729.331	-805.867	15.3331	8	0	80.9061	59.1944	11.2873	-729.857	59.1944	11.2873	-729.857	
9467	34792	257.305	651.904	256.637	-99999	82.781	-0.952605	1	1	-139.177	-87.9261	129.232	-118.61	120.346	162.591	-113.376	-86.5708	-61.9689	129.863	5.98941	-118.61	120.21	142.248	162.591	12.5659	9	0	73.7625	82.8004	-75.4238	161.246	82.8004	-75.4238	161.246	
9467	65780	216.199	493.855	214.947	113.58	107.149	-0.981336	1	1	-270.45	-198.478	130.227	-68.7443	870.312	861.797	-270.462	-236.976	-197.899	130.301	28.1257	-69.7012	870.308	879.163	861.554	5.59829	9	0	70.3348	107.183	-6.07884	801.778	107.183	-6.07884	801.778	
9467	1589	315.171	757.291	314.901	-99999	18.447	-0.924063	1	1	-163.539	-129.762	133.77	-165.841	806.39	719.744	-157.807	-135.346	-123.964	133.925	-13.5796	-165.929	806.432	756.637	719.724	4.30656	11	0	77.1755	18.4688	-25.7096	740.976	18.4688	-25.7096	740.976	
9467	68776	325.655	718.869	325.533	94.017	83.896	-0.940905	1	1	-220.068	-152.475	131.437	-146.168	-39.0613	-186.934	-220.068	-183.277	-152.475	131.437	-14.4393	-146.168	-39.0613	-99.8459	-186.934	5.22801	14	0	72.0288	83.9188	-39.1032	-123.489	27.3588	-19.3501	-113.753	
9467	9846	122.591	296.425	121.31	-99999	-38.862	-0.969436	1	1	-273.86	-234.636	129.063	15.4019	-156.117	-145.417	-273.984	-254.543	-234.456	129.874	71.7685	14.9747	-156.096	-155.769	-145.377	8.79008	11	0	99.3328	-37.7347	-7.26071	-139.623	-37.7347	-7.26071	-139.623	
9467	49318	270.249	2613.58	268.465	94.6832	87.588	-0.955677	1	1	-261.28	-202.052	128.878	-123.785	-570.76	-638.21	-261.391	-231.957	-202.052	130.558	3.63381	-123.785	-570.259	-605.709	-638.21	7.28493	9	0	310.857	87.6224	-37.5515	-615.67	87.6224	-37.5515	-615.67	
9467	60951	252.552	2480.18	230.626	-28.8737	-33.771	-0.67249	1	1	-134.624	-298.276	133.399	-8.89622	736.696	814.946	-134.46	-223.944	-312.722	133.564	55.556	-23.3375	736.617	779.429	821.972	73.4259	13	0	1373.9	-33.7372	-31.0632	783.994	-33.7372	-31.0632	783.994	
9467	31132	250.061	511.966	248.76	-99999	-39.054	-0.597113	1	1	-230.21	-267.612	131.393	-19.6148	586.906	780.163	-230.149	-245.409	-267.936	131.393	56.275	-20.4289	586.906	685.489	781.087	7.06643	8	0	68.6848	-39.0101	-1.2551	698.927	-39.0101	-1.2551	698.927	
9467	48312	223.61	598.727	215.301	-99999	56.01	-0.646657	1	1	-70.655	-217.203	133.682	-6.29392	-223.788	-296.446	-61.8298	-138.106	-214.095	133.682	61.218	-11.5432	-223.788	-261.603	-299.4	11.4874	10	0	91.5503	56.0436	-40.3908	-309.373	56.0436	-40.3908	-309.373	
9467	8769	252.371	558.734	252.366	-99999	-39.619	-0.838138	1	1	-358.666	-241.191	59.2141	-148.415	-373.921	-296.433	-358.604	-305.427	-241.129	59.2141	-47.484	-148.415	-373.921	-332.709	-296.433	5.42671	12	0	70.9053	-39.5936	10.2664	-347.715	-39.5936	10.2664	-347.715	
9467	78500	263.838	647.686	262.256	-99999	26.491	-0.613051	1	1	-232.201	-287.428	131.448	-35.0047	518.68	712.115	-232.009	-260.489	-287.689	131.765	47.6959	-35.4987	518.334	615.623	713.021	5.53661	15	0	75.1979	26.5279	-9.80264	646.761	26.5279	-9.80264	646.761	
9467	32941	75.5872	200.094	70.3593	-99999	90.829	-0.955086	1	0	-247.668	-217.19	130.895	68.5559	-701.347	-691.598	-247.957	-233.917	-214.832	131.472	96.7555	64.7123	-701.429	-696.955	-690.991	4.60587	8	0	84.8223	90.8642	22.6941	-678.053	90.8642	22.6941	-678.053	
9467	62679	315.439	726.767	311.864	29.6414	19.825	-0.932025	1	1	-223.378	-135.407	130.058	-156.402	672.456	588.876	-223.386	-180.679	-134.749	130.595	-13.7038	-159.175	672.666	626.429	587.997	7.36792	8	0	80.7135	19.8435	-38.544	620.058	19.8435	-38.544	620.058	
9467	54752	153.531	958.763	153.146	-99999	79.346	-0.655668	1	1	-163.745	-179.608	133.593	35.3403	-789.472	-674.359	-138.879	-146.854	-154.747	133.762	86.6231	35.2938	-789.668	-729.955	-674.288	35.5247	7	0	663.423	79.3832	24.5252	-692.706	79.3832	24.5252	-692.706	
9467	75924	139.184	364.809	138.244	-99999	-47.713	-0.949984	1	1	-168.15	-203.83	130.281	-0.959508	441.47	464.415	-175.582	-193.412	-211.52	130.565	64.6916	-1.57219	441.43	454.652	464.403	6.27136	7	0	98.7931	-47.6854	0.296535	450.674	-47.6854	0.296535	450.674	
9467	59564	149.876	338.486	148.815	-65.4312	56.247	-0.77783	0	0	-224.372	-128.279	130.402	35.1519	628.025	571.905	-224.819	-175.4	-128.279	131.032	80.4058	35.1519	628.26	606.069	571.905	4.78518	15	0	74.7282	-999999	-999999	-999999	-999999	-999999	-999999	
9467	53177	226.738	498.409	225.097	-99999	55.766	-0.820264	1	1	-223.4	-247.607	130.039	-37.5891	26.4917	172.036	-223.487	-235.944	-248.026	130.039	37.6404	-38.6697	26.4917	90.8245	173.215	6.083	12	0	67.668	55.7936	-6.90694	113.892	55.7936	-6.90694	113.892	
9467	53393	137.202	319.679	136.239	-99999	-31.012	-0.992938	1	1	-190.177	-183.209	129.358	-5.77669	190.243	184.474	-200.012	-191.398	-192.933	130.307	62.375	-5.77669	190.274	186.635	184.474	5.5614	6	0	82.0588	-30.9797	-1.20862	187.284	-30.9797	-1.20862	187.284	
9467	73231	40.7047	140.062	40.3443	-99999	-7.253	-0.536974	0	0	-297.38	-306.764	132.19	111.614	-100.571	-67.1775	-297.267	-302.35	-306.753	132.386	122.058	111.614	-100.855	-84.0783	-67.1775	4.86604	15	0	66.1442	-0.899413	-25.3391	-369.027	-0.899413	-25.3391	-369.027	
9467	54573	328.761	798.354	319.595	-99999	39.19	-0.959805	1	1	-338.242	-261.941	130.505	-170.857	555.371	481.823	-338.303	-300.709	-259.017	130.505	-24.6235	-179.404	555.371	516.575	480.5	5.44571	6	0	59.2604	43.2979	-23.0879	45.4283	43.2979	-23.0879	45.4283	
9467	66073	378.244	880.394	376.537	87.6405	80.157	-0.846194	1	1	-225.922	-156.502	130.612	-167.344	736.73	522.073	-225.76	-196.423	-156.355	131.597	-11.7788	-167.819	737.355	618.233	521.943	4.52421	10	0	75.4081	80.1893	-33.3365	603.723	80.1893	-33.3365	603.723	
9467	57501	214.099	476.011	211.937	-31.5077	-38.595	-0.823181	1	1	-163.225	-237.434	132.86	-28.8519	553.632	666.912	-163.087	-199.284	-237.787	133.388	53.6771	-30.2889	553.322	614.771	667.258	5.32016	9	0	75.5867	-38.5651	-3.74204	629.254	-38.5651	-3.74204	629.254	
9467	28594	169.15	335.529	165.955	-99999	18.455	-0.956628	1	1	-330.386	-323.935	125.683	-24.7836	373.941	419.071	-330.249	-331.097	-323.273	126.68	46.0003	-26.5598	373.684	398.184	419.474	15.2071	8	0	104.33	18.4786	16.4255	405.019	18.4786	16.4255	405.019	
9467	55227	52.23	110.544	49.8512	-99999	58.006	-0.815323	1	1	-204.195	-219.906	131.187	91.1513	-768.234	-793.437	-194.416	-202.452	-210.766	133.127	112.062	91.1513	-767.016	-780.188	-793.437	6.71525	13	0	48.0623	58.0458	-10.84	-783.004	58.0458	-10.84	-783.004	
9467	43783	218.41	954.937	217.395	67.6698	60.822	-0.821801	1	1	-144.576	-221.616	132.847	-48.8523	-825.848	-737.721	-144.437	-187.96	-221.64	133.164	44.9358	-49.3142	-826.015	-778.66	-737.547	8.93182	11	0	66.1598	60.8592	-2.07442	-746.484	60.8592	-2.07442	-746.484	
9467	27672	236.125	594.734	234.532	50.1728	43.201	-0.995671	1	1	-206.589	-228.17	129.953	-101.729	735.682	760.909	-206.566	-219.028	-228.165	130.498	13.6521	-102.757	735.723	745.385	761.036	5.3697	10	0	104.609	43.2077	-24.3507	734.506	43.2077	-24.3507	734.506	
9467	2710	219.689	564.485	216.796	-99999	62.201	-0.949968	1	1	-99.1851	-81.5083	132.038	-72.5762	-265.312	-195.958	-79.8483	-71.0113	-61.9319	133.476	29.9437	-73.8979	-265.75	-230.175	-195.603	6.58886	6	0	66.4474	62.2206	-49.7172	-166.002	62.2206	-49.7172	-166.002	
9467	29701	346.122	746.707	345.326	90.2623	83.038	-0.960177	1	1	-277.776	-108.53	130.222	-166.707	-780.212	-751.231	-277.965	-198.481	-108.53	130.983	-20.6167	-166.707	-780.308	-757.113	-751.231	4.73877	10	0	71.8587	83.0753	-30.9785	-737.954	83.0753	-30.9785	-737.954	
9467	72097	292.267	678.219	292.26	-99999	111.829	-0.955035	1	1	-170.274	-97.0707	133.198	-146.294	-454.64	-424.23	-135.208	-101.17	-62.0051	133.198	-7.57996	-146.294	-454.64	-435.453	-424.23	4.14631	7	0	58.6472	111.851	-57.7854	-434.673	111.851	-57.7854	-434.673	
9467	44168	88.9282	242.481	88.0956	-99999	61.252	-0.42259	0	0	-213.084	-162.619	130.048	105.813	-182.143	-115.041	-194.073	-171.216	-143.126	130.232	114.69	105.733	-182.493	-147.978	-114.792	8.3963	7	0	81.2571	83.0342	29.5159	378.919	83.0342	29.5159	378.919	
9467	57084	314.417	762.834	312.449	-99999	100.561	-0.532752	1	1	-321.132	-193.543	131.382	-10.3914	-621.315	-868.676	-337.399	-273.396	-209.366	132.403	59.516	-10.4159	-619.757	-743.338	-868.72	4.0347	7	0	45.3761	100.537	18.1749	-719.399	100.537	18.1749	-719.399	
9467	59018	352.94	1816.92	352.042	-3.51213	-10.734	-0.933509	1	1	-296.888	-148.799	130.469	-167.244	-164.565	-279.439	-297.072	-225.225	-148.799	131.303	-19.3573	-167.244	-164.314	-221.052	-279.439	6.07405	10	0	83.1167	-10.6933	-42.67	-402.843	-10.6933	-42.67	-402.843	
9467	59072	231.304	498.036	230.831	-99999	56.96	-0.932209	1	1	-273.491	-200.075	130.299	-80.0608	-243.167	-185.321	-282.466	-247.051	-208.855	130.299	23.6312	-80.4533	-243.167	-216.388	-185.153	4.27926	12	0	58.3237	56.9834	-13.1039	-215.756	56.9834	-13.1039	-215.756	
9467	45543	402.297	1627.51	357.075	-99999	80.174	-0.551358	1	1	-358.605	-266.621	55.3406	-150.445	101.155	378.045	-358.731	-306.883	-254.266	55.3406	-59.5123	-178.329	101.155	257.924	411.315	11.4922	8	0	664.375	80.2203	-32.4478	246.17	80.2203	-32.4478	246.17	
9467	39463	326.217	2851.15	326.209	45.7524	38.396	-0.863534	1	1	-317.874	-191.48	131.713	-130.844	180.741	38.3143	-317.874	-253.694	-191.48	131.713	5.33625	-130.844	180.741	100.317	38.3143	4.85153	11	0	70.9069	38.4261	-8.89753	101.338	38.4261	-8.89753	101.338	
9467	74338	314.761	805.846	314.57	-99999	44.56	-0.822088	1	1	-203.845	-75.9246	133.374	-146.268	-369.677	-303.786	-189.991	-125.452	-61.9506	133.511	-6.09387	-146.273	-369.695	-336.616	-303.786	21.7612	11	0	101.509	44.5827	-48.8683	-335.995	44.5827	-48.8683	-335.995	
9467	59279	353.126	758.878	346.916	52.5614	43.705	-0.937473	1	1	-297.651	-140.565	126	-167.438	-276.055	-369.252	-298.993	-223.484	-140.565	131.767	-20.1015	-167.438	-274.221	-321.591	-369.252	5.94762	8	0	74.7367	43.733	-25.517	-318.57	43.733	-25.517	-318.57	
9467	54137	273.208	1229.96	271.202	66.2524	58.556	-0.644887	1	1	-63.6201	-275.574	14.9201	-154.18	87.3812	87.3044	-62.099	-169.736	-275.574	16.2145	-67.8713	-154.18	87.4994	87.11	87.3044	16.2805	12	0	605.948	59.7263	-54.5104	589.374	59.7263	-54.5104	589.374	
9467	62743	101.211	204.906	98.218	-99999	59.585	-0.607517	1	1	-148.372	-219.056	132.723	76.4324	-52.7362	-91.1397	-138.72	-174.778	-211.58	132.964	104.037	74.8633	-52.5736	-73.1327	-91.9371	6.38906	10	0	46.6791	59.6245	-17.0909	-143.114	59.6245	-17.0909	-143.114	
9467	15523	99.4726	248.9	97.9936	-99999	47.098	-0.872778	1	1	-188.232	-146.444	130.135	41.9489	36.9035	40.3124	-173.673	-151.085	-131.215	130.509	86.4705	41.0143	36.8649	40.9712	40.2495	4.19247	9	0	77.4045	47.1268	16.1352	39.0243	47.1268	16.1352	39.0243	
9467	15955	446.672	1076.5	445.121	15.545	6.127	-0.777297	1	1	-299.072	-75.0217	131.291	-161.416	325.626	77.1006	-299.125	-182.314	-74.463	131.409	-14.1183	-162.348	325.702	203.505	76.2308	5.11922	12	0	76.1163	6.15787	-34.2395	193.536	6.15787	-34.2395	193.536	
9467	5773	426.123	935.052	420.627	-324.938	-28.437	-0.669526	0	0	-85.5589	-302.366	133.223	-125.741	-414.899	-659.122	-85.5589	-181.716	-305.923	133.223	1.13645	-129.822	-414.899	-551.397	-660.042	6.29735	7	0	64.6518	-999999	-999999	-999999	-999999	-999999	-999999	
9467	35267	183.275	447.398	180.731	-99999	46.479	-0.93804	1	1	-310.135	-235.108	129.964	-22.0892	278.183	335.905	-310.207	-276.259	-233.563	129.964	48.5594	-23.7738	278.183	302.492	336.904	5.86381	10	0	74.222	46.5196	-2.63894	322.169	46.5196	-2.63894	322.169	
9467	19042	222.302	511.992	222.285	94.7262	90.935	-0.578709	1	1	-95.6759	-253.67	133.096	22.187	260.551	153.771	-95.6759	-171.437	-253.67	133.096	69.7038	22.187	260.551	209.756	153.771	4.92694	6	0	73.0471	90.9655	13.9413	198.699	90.9655	13.9413	198.699	
9467	60700	214.674	513.821	213.772	-99999	43.749	-0.992906	1	1	-333.699	-302.381	127.831	-71.0738	-497.264	-429.553	-333.817	-316.797	-302.449	128.723	26.0548	-71.0738	-497.356	-471.867	-429.553	6.05991	14	0	89.7223	43.7841	-20.5208	-450.432	43.7841	-20.5208	-450.432	
9467	48294	50.6757	130.954	49.9404	106.437	90.949	-0.994818	0	0	-214.307	-198.02	129.35	82.8689	-492.236	-489.794	-214.344	-209.37	-197.962	129.931	105.313	82.7301	-492.267	-490.01	-489.797	5.47467	8	0	77.7611	90.9906	27.0169	-475.387	90.9906	27.0169	-475.387	
9467	40963	182.527	699.932	182.318	-99999	72.681	-0.938924	1	1	-154.818	-222.926	133.03	-33.9157	-583.78	-610.643	-143.304	-177.591	-211.474	133.225	49.7572	-33.9157	-583.749	-597.322	-610.643	5.23613	10	0	309.856	72.7137	-24.1001	-603.652	72.7137	-24.1001	-603.652	
9467	15861	239.042	574.427	237.118	-99999	67.389	-0.973657	1	1	-114.253	-83.0307	128.648	-106.117	733.964	744.157	-93.3903	-77.6978	-61.8776	130.338	12.0426	-106.292	733.65	739.792	744.139	7.28974	12	0	62.3826	67.3864	-32.5367	739.557	67.3864	-32.5367	739.557	
9467	32864	76.035	197.654	75.4872	-99999	1.762	-0.927186	1	0	-258.139	-278.029	131.434	61.0623	-118.26	-102.027	-258.004	-268.505	-278.044	131.764	95.5292	60.8972	-118.294	-113.849	-101.972	5.30077	14	0	80.211	1.79176	23.545	-105.006	1.79176	23.545	-105.006	
9467	44946	267.977	606.414	267.976	-99999	24.647	-0.64824	1	1	-65.7157	-215.812	-3.08051	-171.441	-40.1315	-184.768	-61.8322	-136.403	-211.929	-3.08051	-88.1991	-171.441	-40.1315	-111.866	-184.768	5.23164	13	0	39.277	24.6701	-52.7192	-92.1262	24.6701	-52.7192	-92.1262	
9467	68914	154.913	572.716	154.419	-99999	104.32	-0.837194	1	1	-117.807	-155.083	132.976	20.2344	-69.7019	26.4296	-84.9971	-101.836	-122.372	133.378	70.7982	20.2344	-69.9405	-27.5939	26.4296	9.84118	10	0	244.87	104.342	21.6649	-5.10109	104.342	21.6649	-5.10109	
9467	79821	196.336	457.833	195.73	-99999	68.051	-0.915738	1	1	-146.777	-83.178	133.028	-50.0117	-624.961	-597.49	-125.439	-93.3475	-61.645	133.028	41.3911	-50.581	-624.961	-610.55	-597.44	6.28602	7	0	54.0974	68.0713	-3.39648	-594.67	68.0713	-3.39648	-594.67	
9467	80307	352.782	816.463	351.566	98.8419	91.812	-0.718773	1	1	-109.858	-224.021	132.943	-81.7806	-775.302	-523.127	-109.462	-175.639	-224.021	133.818	23.4061	-81.7806	-776.034	-655.686	-523.127	5.61845	15	0	93.5504	91.8434	-3.29821	-642.172	91.8434	-3.29821	-642.172	
9467	72964	307.185	693.178	305.395	-99999	79.05	-0.946548	1	1	-223.69	-290.593	129.838	-153.993	-622.301	-540.678	-223.814	-257.153	-291.034	129.838	-14.8756	-155.603	-622.301	-583.594	-539.992	4.76426	15	0	81.8029	79.077	-35.7811	-578.355	79.077	-35.7811	-578.355	
9467	74098	194.788	475.305	193.245	-99999	46.339	-0.898316	1	1	-238.198	-270.481	128.27	-37.4027	-298.823	-205.74	-238.27	-249.846	-270.874	128.27	44.2679	-38.804	-298.823	-251.137	-205.187	4.52487	15	0	76.1727	46.3696	-9.65156	-238.815	46.3696	-9.65156	-238.815	
9467	20815	106.717	258.582	106.183	-99999	-40.891	-0.599583	1	1	-358.457	-284.198	89.4515	30.6358	-689.16	-642.343	-358.699	-323.414	-284.134	89.7701	60.4193	30.6358	-689.454	-662.361	-642.343	4.03698	8	0	68.3527	-40.8779	26.3523	-651.539	-40.8779	26.3523	-651.539	
9467	61764	114.207	269.781	113.441	-99999	-19.647	-0.892373	1	1	-355.273	-328.073	-10.5566	-107.015	-236.891	-184.092	-355.319	-342.719	-327.96	-10.1507	-59.4111	-107.285	-237.067	-211.143	-183.951	6.04872	12	0	77.2944	-19.6318	-6.54735	-219.681	-19.6318	-6.54735	-219.681	
9467	52362	120.701	302.75	120.418	-99999	54.57	-0.817473	1	1	-146.612	-78.8634	132.999	33.9351	-597.422	-587.634	-129.662	-95.8969	-61.7522	133.23	83.4794	33.9351	-597.444	-592.263	-587.634	4.25254	9	0	65.3066	54.5901	35.6766	-582.626	54.5901	35.6766	-582.626	
9467	62952	109.354	282.486	108.256	-99999	62.534	-0.860105	1	1	-201.581	-221.08	133.169	43.4008	-51.8045	-108.986	-191.728	-201.801	-211.266	133.169	87.7308	42.4376	-51.8045	-80.4747	-109.504	6.90015	12	0	71.2541	62.5621	-36.3615	-170.157	62.5621	-36.3615	-170.157	
9467	29327	221.47	544.886	221.177	-99999	42.547	-0.965167	1	1	-304.82	-322.334	131.207	-87.8702	237.758	259.235	-304.86	-312.508	-322.417	131.288	21.481	-88.0656	237.753	248.142	259.252	13.1104	9	0	107.3	42.5779	-24.2965	257.143	42.5779	-24.2965	257.143	
9467	20586	259.441	20053.7	258.36	-99999	31.783	-0.914453	1	1	-240.743	-274.006	128.502	-103.538	544.265	652.562	-240.654	-257.817	-274.085	129.18	11.7504	-103.834	543.999	596.289	652.711	162.428	13	0	19211.8	31.8132	-56.1845	639.721	31.8132	-56.1845	639.721	
9467	7289	203.051	1019.01	192.691	-99999	10.243	-0.810023	1	1	-65.1007	-180.191	7.3155	-146.034	-750.628	-731.913	-61.7636	-122.35	-182.634	7.50369	-73.308	-154.42	-750.649	-740.485	-732.389	5.76324	14	0	575.019	10.2663	-44.893	-726.39	10.2663	-44.893	-726.39	
9467	17575	170.208	413.047	169.907	-99999	-46.566	-0.648018	1	1	-323.075	-315.445	125.671	23.0121	-827.54	-693.188	-323.013	-315.173	-315.372	125.86	74.6335	23.0121	-827.762	-760.587	-693.188	4.5135	15	0	72.4115	-46.5319	37.1484	-739.771	-46.5319	37.1484	-739.771	
9467	55129	184.133	372.162	181.258	-238.293	28.745	-0.720535	0	0	-245.166	-193.203	131.954	32.5433	47.3844	-93.9948	-245.169	-217.511	-192.49	132.033	80.5366	30.7209	47.4588	-23.0125	-95.9114	4.56739	14	0	71.2747	-999999	-999999	-999999	-999999	-999999	-999999	
9467	75907	258.431	757.235	257.594	-99999	42.704	-0.78435	1	1	-351.261	-202.264	57.4221	-146.441	306.728	357.237	-358.459	-282.809	-208.968	58.034	-43.6398	-146.486	306.607	331.554	357.251	7.14136	12	0	64.7022	42.7224	-12.7452	298.704	42.7224	-12.7452	298.704	
9467	48353	50.7818	138.184	48.0483	-99999	115.925	-0.625658	0	0	-243.702	-216.788	132.538	108.573	374.941	406.158	-207.471	-194.432	-179.085	132.676	117.787	107.625	374.815	390.652	408.046	5.34845	7	0	68.3529	-999999	-999999	-999999	-999999	-999999	-999999	
9467	65142	424.282	926.612	423.225	-99999	27.273	-0.391275	1	1	-137.359	-183.325	130.197	-165.795	662.421	370.939	-128.807	-150.154	-174.805	130.197	-26.6607	-166.009	662.421	522.253	369.988	4.83588	21	0	73.0405	27.312	-27.2714	516.054	27.312	-27.2714	516.054	
9467	39681	162.485	381.384	161.832	-99999	34.471	-0.986985	1	1	-119.672	-115.805	133.379	-24.7087	-645.647	-619.93	-108.867	-113.648	-104.996	133.99	54.4283	-24.7087	-645.746	-631.195	-619.93	6.46145	6	0	68.5259	34.4898	18.8222	-626.45	34.4898	18.8222	-626.45	
9467	40383	275.181	592.824	274.119	-25.2828	-32.79	-0.974359	1	1	-221.92	-179.375	131.191	-131.181	-426.152	-486.536	-221.92	-206.62	-179.222	131.191	-1.19013	-132.179	-426.152	-457.685	-486.798	4.86113	13	0	77.9246	-32.7563	-29.9076	-459.74	-32.7563	-29.9076	-459.74	
9467	58848	381.281	926.511	373.24	80.699	74.64	-0.776464	1	1	-302.486	-163.594	133.587	-158.46	-100.188	85.0932	-302.577	-233.606	-160.139	133.831	-17.9811	-161.848	-100.373	-8.22479	91.0373	6.69763	10	0	124.578	74.6684	-34.2477	13.8908	74.6684	-34.2477	13.8908	
9467	72371	113.752	276.51	110.28	-99999	15.651	-0.937814	1	0	-299.315	-326.519	131.012	31.3745	-488.74	-453.222	-299.197	-312.413	-328.39	131.388	78.0117	29.258	-488.79	-474.96	-452.007	6.33855	8	0	78.537	15.6629	26.1094	-456.987	15.6629	26.1094	-456.987	
9467	44963	347.942	854.585	333.39	-99999	-29.668	-0.900861	1	1	-157.059	-116.935	132.922	-168.694	-644.128	-780.277	-166.362	-145.628	-127.711	132.922	-24.3267	-180.236	-644.128	-715.571	-788.694	15.4044	11	0	115.619	-29.6348	-31.0586	-714.999	-29.6348	-31.0586	-714.999	
9467	45098	345.647	756.868	332.382	-99999	-21.069	-0.756739	1	1	-70.0604	-283.297	70.4033	-171.143	676.207	756.015	-61.9222	-176.3	-283.588	79.2311	-43.9415	-171.787	673.898	713.76	756.129	10.0069	8	0	68.2726	-21.0358	-13.7812	693.413	-21.0358	-13.7812	693.413	
9467	40977	108.659	266.102	105.73	-99999	87.488	-0.950084	1	0	-139.686	-173.161	128.148	28.8604	789.285	793.305	-111.723	-123.409	-145.728	130.922	78.2241	28.8604	788.538	790.5	793.305	6.43203	7	0	81.4157	87.5123	33.2184	775.481	87.5123	33.2184	775.481	
9467	79855	470.706	1204.68	469.095	-99999	76.2	-0.511047	1	1	-219.34	-85.6373	131.942	-80.016	-238.735	157.744	-195.79	-129.247	-61.5439	132.49	25.0968	-80.2334	-239.564	-41.0219	158.214	5.37691	9	0	53.3239	76.2502	-29.1093	62.9776	76.2502	-29.1093	62.9776	
9467	14102	80.75	207.815	80.6498	-99999	72.929	-0.608878	0	0	-358.531	-298.632	119.11	68.2491	137.321	154.977	-358.696	-328.489	-298.746	119.153	93.7181	68.2491	137.306	145.565	154.977	5.09465	7	0	71.4158	72.943	46.8983	159.299	72.943	46.8983	159.299	
9467	9693	66.7855	156.482	66.1776	-99999	87.683	-0.891491	1	0	-219.987	-195.427	130.441	76.8253	-18.003	10.8764	-233.882	-223.151	-209.243	130.966	103.186	76.8253	-18.2553	-3.62122	10.8764	4.79738	9	0	66.0433	87.7199	29.9907	-3.35803	87.7199	29.9907	-3.35803	
9467	73323	287.638	639.246	287.628	-99999	-1.228	-0.409347	1	1	-358.504	-263.374	44.1813	-45.3339	125.588	377.74	-358.502	-298.628	-263.372	44.1813	-5.83137	-45.3339	125.588	246.068	377.74	5.37617	15	0	79.4385	-1.20699	-9.76888	230.9	-1.20699	-9.76888	230.9	
9467	35276	321.924	709.397	320.739	71.9244	64.168	-0.696473	1	1	-241.019	-117.427	130.199	-74.4487	-626.734	-836.642	-241.221	-192.15	-117.427	131.02	27.9241	-74.4487	-625.914	-739.134	-836.642	4.95338	14	0	96.0738	64.2087	-15.8761	-739.706	64.2087	-15.8761	-739.706	
9467	32911	45.2287	102.339	45.2282	-99999	91.844	-0.527099	1	1	-186.774	-225.667	132.973	109.933	-307.85	-306.932	-172.303	-191.866	-211.195	132.973	121.656	109.933	-307.85	-307.16	-306.932	4.73403	6	0	49.9102	91.8764	41.5504	-270.629	91.8764	41.5504	-270.629	
9467	13015	304.885	875.747	304.725	-99999	84.935	-0.504743	1	1	-194.333	-345.241	131.04	-12.6516	-539.282	-317.088	-207.715	-282.638	-358.704	131.04	57.0476	-12.7226	-539.282	-429.146	-316.972	4.63175	15	0	55.9076	84.9742	3.10762	-383.3	84.9742	3.10762	-383.3	
9467	33985	347.416	879.57	345.086	78.243	70.198	-0.938777	1	1	-237.915	-100.548	129.328	-150.827	-533.46	-676.044	-238.137	-181.795	-100.279	130.984	-16.3535	-151.264	-532.907	-604.274	-676.187	5.08482	10	0	75.0494	70.2273	-33.9572	-615.758	70.2273	-33.9572	-615.758	
9467	34957	51.2771	138.618	45.8748	-99999	-27.579	-0.972068	0	0	-180.034	-178.375	128.727	83.7124	100.075	104.055	-188.971	-186.141	-186.682	130.64	105.292	81.6255	99.7051	101.052	106.123	5.47758	12	0	78.9366	-27.5456	25.1163	105.179	-27.5456	25.1163	105.179	
9467	24972	361.821	1677.01	360.617	-99999	-6.787	-0.67305	1	1	-204.109	-267.372	131.281	-88.4148	-56.2449	216.058	-203.898	-245.154	-267.387	131.995	19.4271	-88.4549	-56.9934	77.9838	216.148	14.3809	13	0	78.8449	-6.74426	-11.1316	313.049	27.8157	-45.2267	66.0559	
9467	21439	183.608	456.267	181.557	-99999	108.501	-0.631849	1	1	-194.169	-241.769	133.543	31.2557	331.001	189.119	-160.147	-183.252	-208.537	133.543	79.2557	30.2411	331.001	260.718	187.525	4.84313	12	0	75.9711	108.528	10.5688	245.991	108.528	10.5688	245.991	
9467	8052	329.134	6098.5	329.131	49.3311	39.564	-0.551522	1	1	-336.816	-87.2982	131.761	-39.3789	705.894	579.996	-336.816	-207.324	-87.2982	131.761	45.393	-39.3789	705.894	653.012	579.996	4.87429	9	0	79.9928	39.5662	-11.0249	626.481	39.5662	-11.0249	626.481	
9467	71655	80.0976	232.462	80.0367	-99999	-32.9	-0.720484	1	1	-183.058	-201.129	134.465	108.178	455.322	382.589	-188.191	-196.745	-206.263	134.465	120.611	108.176	455.322	419.218	382.581	4.14538	16	0	52.9203	-32.8475	-33.2292	-2.48813	-20.8175	2.52332	216.043	
9467	44859	217.022	522.633	215.514	34.8899	26.879	-0.84601	1	1	-135.931	-242.822	131.099	-54.7439	664.557	674.571	-135.931	-192.959	-243.067	131.099	38.9688	-56.2142	664.557	669.116	674.756	4.54632	12	0	77.4016	26.9074	-8.89038	662.516	26.9074	-8.89038	662.516	
9467	51300	288.272	721.439	286.578	272.973	-14.774	-0.973909	0	0	-272.486	-186.243	130.235	-139.533	304.282	305.249	-272.818	-215.007	-186.262	131.763	0.011953	-139.647	304.356	308.995	305.247	9.79811	10	0	118.233	0.757883	-15.9608	-328.215	0.757883	-15.9608	-328.215	
9467	31825	252.026	579.061	251.879	-99999	33.166	-0.725492	1	1	-246.215	-346.329	130.265	-28.8136	-362.453	-199.198	-246.21	-296.221	-346.381	130.369	44.0745	-28.8136	-362.533	-285.847	-199.198	5.20361	12	0	77.8952	33.1973	-2.3002	-247.259	33.1973	-2.3002	-247.259	
9467	32149	48.4938	30527	48.3432	-99999	76.227	-0.685532	1	1	-222.762	-216.063	131.6	91.4749	180.888	203.967	-198.86	-193.229	-192.161	131.6	112.614	91.4749	180.888	194.336	203.967	4892.27	8	0	30467.3	76.26	-34.9267	288.349	76.26	-34.9267	288.349	
9467	27835	185.85	421.861	185.84	-99999	82.325	-0.864581	1	1	-263.972	-269.129	131.707	-30.3051	430.2	518.655	-264.101	-270.891	-269.258	131.707	51.5255	-30.3051	430.2	476.001	518.655	5.51217	13	0	83.2725	82.347	-6.29788	483.315	82.347	-6.29788	483.315	
9467	54540	124.852	337.406	124.565	-99999	69.653	-0.852076	1	1	-157.266	-222.453	130.375	25.6677	43.3379	26.0494	-146.165	-178.905	-211.497	130.586	78.1398	25.6362	43.3674	34.7657	26.0441	5.41136	10	0	60.1568	69.6609	-40.0769	4.75535	69.6609	-40.0769	4.75535	
9467	55350	20.4915	68.0735	19.9361	-99999	59.91	-0.890995	0	0	-87.7484	-80.6713	133.52	116.875	-180.382	-188.181	-69.0057	-65.392	-61.7694	133.617	124.557	116.704	-180.353	-183.375	-188.53	12.1813	15	0	67.3289	59.9347	52.762	-220.901	59.9347	52.762	-220.901	
9467	28742	247.542	625.444	247.313	-99999	70.506	-0.864362	1	1	-358.491	-294.047	44.8719	-168.971	-800.777	-694.811	-358.601	-328.379	-294.089	44.8719	-62.6393	-169.173	-800.777	-747.433	-694.734	7.21963	12	0	68.6889	70.5301	-4.75741	-762.615	70.5301	-4.75741	-762.615	
9467	9826	487.794	1493.53	431.071	-99999	39.364	-0.481153	1	1	-195.391	-154.294	131.87	-83.7295	-447.53	-76.7245	-183.316	-159.771	-140.543	132.555	11.6805	-93.4678	-448.753	-238.38	-26.6156	11.4352	6	0	378.76	39.4042	-56.8422	-86.1326	39.4042	-56.8422	-86.1326	
9467	54874	194.183	230056	191.978	-99999	-7.837	-0.74023	1	1	-322.159	-289.145	132.191	2.36606	-663.678	-530.569	-322.147	-305.589	-289.048	132.191	68.4371	1.65311	-663.678	-592.631	-528.506	6.03778	9	0	228524	-7.79922	-22.8653	-485.728	-7.79922	-22.8653	-485.728	
9467	21973	76.6586	204.479	76.1972	-99999	110.713	-0.872888	1	0	-217.31	-236.876	132.439	64.5231	-524.169	-551.814	-182.55	-190.063	-202.16	132.835	98.5157	64.5231	-523.94	-539.22	-551.814	4.7004	12	0	75.7784	110.733	23.6645	-553.075	110.733	23.6645	-553.075	
9467	13421	379.591	851.579	367.808	-99999	110.727	-0.589674	1	1	-196.616	-96.6775	126.727	-53.4694	2.38067	306.813	-164.794	-117.379	-61.9121	132.318	39.4103	-53.5349	-7.3338	151.092	306.93	5.0011	9	0	48.6612	110.771	-50.8258	275.328	110.771	-50.8258	275.328	
9467	57392	68.764	234.235	68.76	-99999	66.855	-0.514581	1	1	-176.758	-221.913	132.924	98.2348	527.843	489.442	-166.224	-188.81	-211.379	132.924	115.272	98.2348	527.843	508.873	489.442	16.419	11	0	60.8591	66.8323	-14.6304	391.245	66.8323	-14.6304	391.245	
9467	47385	309.63	720.614	302.375	-99999	-3.249	-0.983566	1	1	-264.07	-264.865	131.528	-170.632	-184.695	-177.183	-264.065	-266.16	-263.842	131.528	-23.1391	-177.8	-184.695	-180.911	-177.137	5.33442	13	0	136.804	-3.21686	-28.7293	-185.087	-3.21686	-28.7293	-185.087	
9467	52446	265.81	593.523	265.064	-99999	34.569	-0.981511	1	1	-305.307	-226.404	130.471	-118.033	83.9382	125.04	-305.352	-272.151	-226.458	131.195	4.4374	-118.033	83.7933	104.193	125.04	6.58989	10	0	77.967	34.6059	-14.2496	101.415	34.6059	-14.2496	101.415	
9467	77936	272.591	672.246	272.587	-99999	113.52	-0.690147	1	1	-160.573	-245.47	131.285	-99.6715	332.2	216.511	-124.978	-171.58	-209.874	131.285	19.7254	-99.6715	332.2	269.678	216.511	5.24996	11	0	80.9425	113.545	-20.5108	268.511	113.545	-20.5108	268.511	
9467	74056	316.935	934.963	308.207	-99999	39.663	-0.942098	1	1	-285.702	-329.501	132.298	-170.507	-857.172	-884.33	-285.764	-309.663	-329.477	132.298	-23.3325	-178.192	-857.172	-874.272	-880.281	8.86717	6	0	62.4461	39.6981	-52.6174	-817.841	39.6981	-52.6174	-817.841	
9467	24646	152.288	337.549	151.024	-99999	-16.017	-0.947014	1	1	-339.228	-293.894	129.09	-6.42982	800.36	845.499	-339.397	-314.248	-293.772	130.074	60.6182	-6.57574	800.094	817.807	845.637	5.63928	10	0	67.3848	-15.9999	31.7693	803.902	-15.9999	31.7693	803.902	
9467	6235	351.392	1546.87	351.1	33.5558	27.389	-0.796694	1	1	-184.796	-294.528	134.44	-152.726	-751.297	-583.777	-184.796	-238.249	-294.623	134.44	-8.97809	-152.987	-751.297	-665.43	-583.757	4.07857	10	0	75.9169	27.4291	-35.518	-638.132	27.4291	-35.518	-638.132	
9467	47633	354.408	815.524	354.09	-99999	13.078	-0.601833	1	1	-268.989	-334.246	131.481	-59.9058	-194.237	95.1321	-268.945	-303.246	-334.314	131.593	34.4128	-59.9761	-194.373	-50.636	95.2261	5.89132	12	0	74.5689	13.1223	-8.58021	-22.3155	13.1223	-8.58021	-22.3155	
9467	27917	185.299	2578.85	184.392	-99999	75.246	-0.820986	1	1	-121.967	-123.561	134.417	-22.0815	-788.52	-693.564	-98.3721	-98.3251	-100.146	134.417	54.3331	-22.7259	-788.52	-742.803	-693.284	8.15247	7	0	2048.17	75.2744	-24.2131	-684.465	75.2744	-24.2131	-684.465	
9467	73117	156.619	408.462	152.144	-99999	52.66	-0.904939	1	1	-193.423	-142.167	132.542	-6.47331	464.791	432.33	-176.913	-152.587	-122.98	132.547	59.9286	-9.9295	464.793	448.664	433.137	4.028	8	0	76.8188	52.6781	1.35925	430.284	52.6781	1.35925	430.284	
9467	76243	265.025	1030.61	261.826	-99999	66.058	-0.7493	1	1	-74.0093	-221.854	128.374	-63.7639	204.354	107.249	-62.1704	-137.852	-211.657	130.305	32.7358	-64.0517	205.274	157.2	106.751	11.2328	21	0	348.74	66.083	-9.74976	131.336	66.083	-9.74976	131.336	
9467	30734	133.357	341.542	130.733	-99999	51.684	-0.682315	1	1	-78.2665	-173.523	-40.8712	-128.149	-888.596	-868.655	-62.0602	-110.628	-159.226	-40.8712	-85.4179	-129.924	-888.596	-878.484	-868.382	4.65188	6	0	65.8552	51.724	-60.9221	-809.065	51.724	-60.9221	-809.065	
9467	68395	146.443	3366.55	105.158	-99999	63.653	-0.0124658	1	1	-168.976	-158.842	104.595	32.7963	-887.063	-870.086	-150.696	-145.288	-138.592	115.922	76.7862	31.0062	-887.811	-883.418	-869.706	6.78631	6	0	38.0856	58.067	-32.7856	-106.042	-31.133	35.7912	-653.554	
9467	23680	83.2519	250.003	81.1017	-99999	111.546	-0.962325	0	0	-325.602	-336.655	129.667	51.4684	794.593	810.36	-325.405	-327.951	-337.076	131.083	90.1675	50.8617	794.383	800.971	810.458	11.1692	8	0	109.559	111.557	58.8966	797.942	111.557	58.8966	797.942	
9467	24058	397.869	970.895	397.768	-99999	31.379	-0.684298	1	1	-238.58	-318.297	125.941	-126.367	-335.127	-39.9533	-238.599	-272.394	-318.346	126.005	-6.62007	-126.367	-335.195	-190.957	-39.9533	5.582	14	0	74.3052	31.421	-34.7054	-157.207	31.421	-34.7054	-157.207	
9467	80020	155.328	390.754	155.324	-99999	38.447	-0.878903	1	1	-358.603	-308.207	-5.50204	-141.18	-635.029	-578.81	-358.663	-333.745	-308.267	-5.50204	-73.5762	-141.18	-635.029	-607.187	-578.81	7.76271	6	0	74.8608	38.4825	-38.2798	-573.879	38.4825	-38.2798	-573.879	
9467	56797	88.5547	226.597	88.1358	-99999	102.835	-0.930378	1	0	-257.818	-236.884	127.945	43.6708	-88.3728	-75.8321	-258.037	-247.86	-237.045	128.329	86.1371	43.6708	-88.5191	-80.3461	-75.8321	5.97441	8	0	76.7584	102.85	15.2528	-75.9331	102.85	15.2528	-75.9331	
9467	39830	172.8	563.865	171.837	-21.3272	-38.084	-0.92153	1	1	-224.254	-120.007	130.372	1.29331	-538.061	-514.663	-224.536	-177.523	-119.872	131.071	58.7547	1.20416	-538.079	-537.626	-514.546	4.13839	7	0	84.2699	-41.8354	-2.50324	-416.702	-41.8354	-2.50324	-416.702	
9467	58952	318.142	956.063	315.907	70.4662	61.683	-0.820935	1	1	-241.883	-103.8	129.516	-107.336	-692.446	-845.25	-242.228	-170.885	-103.261	130.628	4.40442	-107.799	-691.775	-756.789	-845.779	6.20954	11	0	74.9469	61.7142	-28.9513	-757.568	61.7142	-28.9513	-757.568	
9467	59222	33.5375	167.243	30.647	-99999	65.904	-0.857684	0	0	-350.435	-345.296	124.335	96.1222	660.545	666.932	-350.55	-349.693	-345.211	125.298	109.808	95.2369	659.932	665.08	667.234	7.43395	27	0	116.599	65.9322	50.1702	653.062	65.9322	50.1702	653.062	
9467	40970	471.083	1013.05	463.672	88.8483	82.078	-0.61058	1	1	-80.8425	-228.781	130.349	-92.2461	266.894	636.925	-78.8238	-166.829	-229.487	133.716	-4.9192	-93.079	262.984	431.567	638.434	4.01926	15	0	68.1084	82.1024	-12.6055	436.802	82.1024	-12.6055	436.802	
9467	10036	181.252	468.298	181.05	-99999	92.939	-0.673537	1	1	-358.622	-315.149	90.3775	-32.1171	632.141	757.8	-358.789	-339.413	-315.282	90.4452	30.664	-32.1971	632.07	697.338	757.859	4.74246	13	0	75.8447	92.9677	29.9565	682.057	92.9677	29.9565	682.057	
9467	10414	259.674	628.486	257.434	-99999	68.538	-0.955573	1	1	-256.658	-293.892	131.322	-115.905	-659.869	-603.444	-256.733	-274.89	-293.82	131.411	5.16746	-117.789	-659.882	-636.274	-602.455	4.49328	18	0	77.9625	68.5714	-25.6469	-624.507	68.5714	-25.6469	-624.507	
9467	15366	501.103	1690.59	500.841	43.8763	37.967	-0.706262	1	1	-166.546	-340.519	133.673	-166.765	458.69	819.519	-166.474	-253.085	-340.519	133.857	-16.6182	-166.765	458.523	639.061	819.519	7.17977	15	0	466	38.002	-59.3801	704.028	38.002	-59.3801	704.028	
9467	60302	353.003	320.445	142.946	-99999	49.737	-0.961107	1	1	-248.518	-266.607	131.258	-6.76767	347.024	369.834	-248.596	-265.214	-258.476	131.258	-27.6956	-170.514	347.024	385.696	434.104	9.35123	18	0	71.5364	49.773	-8.64217	365.742	49.773	-8.64217	365.742	
9467	41342	188.251	436.319	186.589	-99999	76.319	-0.918866	1	1	-266.501	-323.005	129.996	-43.1517	-621.117	-582.638	-266.574	-295.703	-323.608	130.115	42.0447	-44.3943	-621.137	-605.288	-581.892	4.91333	15	0	74.2952	76.3489	-3.13224	-594.808	76.3489	-3.13224	-594.808	
9467	41774	26.0825	132.503	25.4416	-99999	52.598	-0.943482	0	0	-216.029	-219.878	131.943	107.62	-726.868	-733.173	-207.742	-209.94	-211.599	131.943	119.584	106.993	-726.868	-730.401	-733.301	5.99434	12	0	112.252	-32.6984	40.0799	146.198	-32.6984	40.0799	146.198	
9467	33245	294.091	643.027	293.66	-99999	-2.517	-0.967735	1	1	-64.0537	-95.9871	134.385	-148.922	-511.923	-445.679	-64.7822	-88.3597	-96.7632	134.683	-5.4015	-149.026	-511.969	-474.577	-445.658	4.42541	6	0	76.7103	-2.49349	-25.1852	-471.166	-2.49349	-25.1852	-471.166	
9467	33569	254.544	590.676	253.783	-99999	5.178	-0.930152	1	1	-262.337	-275.587	131.204	-101.763	75.1966	166.134	-262.137	-275.115	-275.56	131.758	12.218	-101.863	75.0652	115.74	166.201	4.03463	13	0	76.2455	5.21212	-17.2529	123.358	5.21212	-17.2529	123.358	
9467	44388	168.934	391.794	168.928	-99999	80.689	-0.618928	1	1	-214.622	-346.812	132.305	34.8212	462.054	490.13	-214.748	-280.5	-346.938	132.305	79.736	34.8212	462.054	468.1	490.13	5.63602	7	0	80.4374	80.729	23.3035	469.065	80.729	23.3035	469.065	
9467	14594	50.9241	128.749	50.8408	-99999	59.636	-0.780611	1	0	-105.245	-81.0422	127.515	89.7702	40.1276	16.5163	-86.5562	-74.1873	-62.3241	127.533	108.145	89.7389	40.1366	29.2246	16.4828	8.05661	23	0	43.0903	65.5961	-19.5514	-81.9492	65.5961	-19.5514	-81.9492	
9467	34892	496.379	1062.83	495.674	-99999	-21.234	-0.552841	1	1	-68.016	-114.875	133.953	-134.083	-96.76	315.664	-74.6502	-104.322	-121.546	134.191	7.27727	-134.232	-97.1119	113.988	315.881	5.38386	6	0	74.8677	-21.2046	-9.18606	130.904	-21.2046	-9.18606	130.904	
9467	71824	50.5416	139.152	47.9154	-99999	83.868	-0.857003	1	1	-197.888	-224.4	130.556	90.6664	471.721	472.895	-183.44	-197.185	-211.298	132.637	111.457	90.4989	471.566	472.465	472.898	18.4105	7	0	80.7335	81.1278	-33.3295	12.1551	112.408	-12.0698	639.93	
9467	55204	93.5619	222.18	92.2568	-99999	10.882	-0.97604	1	0	-349.85	-343.434	121.729	36.3689	-128.047	-94.2516	-349.949	-348.158	-343.398	122.334	78.8972	35.7327	-128.084	-111.115	-93.9959	4.18177	12	0	63.2155	10.8931	27.7131	-100.125	10.8931	27.7131	-100.125	
9467	61247	364.238	927.447	363.026	-99999	107.339	-0.770707	1	1	-217.815	-162.899	131.431	-122.991	-625.081	-376.434	-184.225	-158.999	-129.284	131.765	-7.95964	-123.18	-625.349	-511.433	-375.691	42.7487	6	0	135.431	107.377	-29.5612	-485.466	107.377	-29.5612	-485.466	
9467	66556	303.03	655.291	302.416	25.3745	17.834	-0.991791	1	1	-251.28	-153.407	129.086	-153.916	460.99	446.885	-251.305	-215.56	-153.366	129.619	-17.2346	-153.972	461.045	456.876	446.871	4.75007	8	0	76.2535	17.8633	-31.3909	447.027	17.8633	-31.3909	447.027	
9476	25331	47.048	112.198	35.602	-99999	62.009	-0.758315	1	1	-83.8374	-81.379	134.397	108.059	-301.044	-277.473	-64.4716	-62.8251	-61.6441	135.172	116.891	98.8944	-301.727	-287.029	-273.404	10.5185	8	0	70.3666	62.0358	-5.29377	-202.204	62.0358	-5.29377	-202.204	
9476	2800	406.53	940.981	406.528	-99999	104.401	-0.618812	1	1	-358.171	-253.708	112.003	-109.284	141.37	465.358	-358.335	-303.525	-253.871	112.003	-2.20208	-109.284	141.37	300.059	465.358	5.16964	15	0	77.049	104.448	3.21423	290.27	104.448	3.21423	290.27	
9476	3610	304.037	709.95	303.809	116.772	108.644	-0.98895	1	1	-290.817	-200.373	130.794	-156.973	-194.737	-175.014	-290.821	-242.273	-200.344	130.829	-12.3105	-157.147	-194.738	-181.182	-175.024	12.6491	7	0	85.786	108.649	-19.6794	-186.103	108.649	-19.6794	-186.103	
9476	64298	132.543	318.797	131.776	-99999	22.463	-0.776363	1	1	-280.966	-250.052	129.363	16.0904	-288.773	-230.88	-281.019	-262.911	-250.05	129.507	75.6431	15.5522	-288.892	-255.096	-230.676	5.04121	15	0	75.9066	22.4923	8.32562	-244.293	22.4923	8.32562	-244.293	
9476	90070	344.856	852.866	344.601	-99999	106.01	-0.616153	1	1	-145.461	-95.047	130.166	-77.4376	136.971	407.296	-112.22	-86.8282	-61.7653	130.166	26.0516	-77.5574	136.971	272.045	407.513	10.8091	9	0	65.3713	106.052	-27.8562	422.204	106.052	-27.8562	422.204	
9476	35207	36.7232	94.5532	34.348	-99999	104.739	-0.937845	1	1	-218.553	-228.045	129.291	96.5115	369.946	373.775	-201.481	-206.643	-211.648	131.157	113.717	96.1464	369.538	371.982	373.81	4.06691	6	0	50.4007	104.774	-40.8636	337.936	104.774	-40.8636	337.936	
9476	9461	86.9123	212.72	70.0063	-99999	-32.629	-0.972772	1	1	-240.007	-238.592	129.587	69.4848	-187.865	-222.998	-239.956	-239.424	-237.623	129.587	92.5792	55.2035	-187.865	-210.176	-231.384	6.49859	10	0	185.512	-32.5939	-27.5775	-283.387	-32.5939	-27.5775	-283.387	
9476	7692	36.165	480.783	29.468	-99999	66.643	-0.841296	0	0	-94.9058	-82.3803	125.759	101.176	397.296	406.818	-76.4244	-68.8316	-60.8231	130.6	115.56	100.617	395.575	401.926	406.988	12.9395	7	0	412.658	66.6402	73.0188	414.742	66.6402	73.0188	414.742	
9476	111505	240.619	690.183	239.762	-37.8694	-47.385	-0.83492	1	1	-180.028	-235.101	133.256	-64.3151	-66.0031	56.1423	-180.007	-209.164	-235.286	133.341	35.8909	-64.9167	-66.0553	-2.10368	56.2459	4.01482	10	0	71.287	-47.3453	-14.4281	6.8187	-47.3453	-14.4281	6.8187	
9476	36576	201.816	399.225	200.524	-358.164	-5.612	-0.960302	1	1	-257.034	-193.361	129.938	-58.9516	381.229	396.972	-257.114	-227.152	-193.151	130.237	34.5357	-59.8898	381.198	391.709	396.819	5.24884	12	0	70.7833	-5.59096	16.9671	450.546	-5.59096	16.9671	450.546	
9476	112643	368.655	905.873	368.233	-99999	66.81	-0.554407	0	0	-152.409	-218.911	131.571	-86.4983	-506.975	-217.904	-131.421	-165.155	-197.986	131.685	22.5609	-86.5723	-507.155	-362.495	-217.717	5.83668	11	0	50.6499	70.8762	-35.8713	651.772	-18.6738	-21.1508	-316.033	
9476	27898	229.334	484.245	228.845	-99999	0.345	-0.950264	1	1	-222.001	-176.111	125.814	-94.6576	-128.151	-97.489	-222.002	-205.358	-176.042	125.829	13.4403	-94.8924	-128.156	-119.203	-97.4053	4.48661	6	0	70.0766	0.368707	-31.8128	-120.601	0.368707	-31.8128	-120.601	
9476	55443	281.866	651.107	278.347	73.5212	63.489	-0.947016	1	1	-266.703	-161.842	129.451	-103.292	-83.6703	-191.785	-267.069	-215.09	-161.402	131.67	11.1689	-104.336	-83.027	-133.257	-192.086	4.23027	12	0	73.0245	63.5128	-30.3402	-153.387	33.0228	-25.0733	-105.27	
9476	56199	231.049	543.514	229.05	-99999	-1.527	-0.961211	1	1	-202.967	-281.127	131.062	-75.5522	-557.793	-500.812	-202.824	-236.068	-281.711	131.759	24.9782	-76.677	-557.926	-530.265	-500.789	10.0631	10	0	104.641	-1.48794	-25.8484	-520.565	-1.48794	-25.8484	-520.565	
9476	119604	390.389	902.817	390.182	-99999	-14.697	-0.720953	1	1	-358.227	-152.288	125.674	-143.806	496.752	682.276	-358.3	-266.752	-152.288	125.777	-20.916	-143.806	496.686	586.878	682.276	4.82709	7	0	79.0271	-14.6581	-21.7098	590.951	-14.6581	-21.7098	590.951	
9476	142069	270.131	634.704	269.822	58.5218	52.754	-0.913898	1	1	-176.352	-278.272	132.582	-107.787	365.73	430.258	-176.305	-230.26	-278.342	132.704	11.5507	-107.941	365.703	390.811	430.277	6.27037	7	0	68.1663	52.7886	-29.2418	402.696	52.7886	-29.2418	402.696	
9476	128777	130.439	169.807	95.1486	-99999	-31.496	-0.750161	0	0	-327.125	-316.591	128.83	51.4897	684.896	738.792	-327.075	-318.265	-312.647	128.83	76.6028	21.2836	684.896	722.794	756.249	5.11783	13	0	52.0575	-15.861	-23.5421	-304.378	19.339	72.2933	785.965	
9476	152931	195.804	435.176	194.853	-99999	61.304	-0.89791	1	1	-148.593	-81.1297	132.113	-39.7756	-191.141	-135.655	-129.6	-102.726	-61.9069	132.963	45.3214	-39.7756	-191.49	-157.289	-135.655	5.04268	6	0	77.6754	61.3254	-16.2795	-162.871	61.3254	-16.2795	-162.871	
9476	111246	106.948	240.149	99.9986	-99999	-11.37	-0.930297	1	0	-205.727	-221.988	125.738	29.4919	797.749	815.978	-204.763	-213.447	-222.211	130.876	79.5186	28.0574	796.1	807.866	815.944	4.30499	7	0	67.041	-11.3484	15.0954	782.564	-48.0584	19.8446	795.956	
9476	150100	312.332	622.631	311.646	-278.615	-29.531	-0.957766	0	0	-247.399	-107.636	130.548	-136.347	-47.2332	17.6758	-247.429	-182.791	-107.485	130.963	-6.04852	-136.503	-47.329	-10.8657	17.5821	4.75356	10	0	63.9766	63.5345	-15.227	-710.499	63.5345	-15.227	-710.499	
9476	150586	205.13	490.857	205.107	90.9403	84.433	-0.929762	1	1	-267.826	-203.211	131.282	-24.1314	721.179	606.55	-267.826	-243.326	-203.211	131.282	50.4086	-24.1314	721.179	663.802	606.55	4.62784	12	0	80.8396	84.4696	-5.37621	650.606	84.4696	-5.37621	650.606	
9476	7058	90.7251	225.28	90.0443	-99999	16.148	-0.782625	1	1	-286.342	-247.743	131.034	61.0858	-533.572	-495.835	-286.518	-260.827	-247.743	131.281	98.2375	60.7735	-533.694	-516.3	-495.65	4.71061	16	0	69.7958	16.1828	27.1778	-516.459	16.1828	27.1778	-516.459	
9476	89337	285.666	671.069	284.533	101.836	94.316	-0.94601	1	1	-171.023	-220.133	131.357	-128.627	158.724	261.633	-170.909	-196.498	-220.133	132.382	0.438611	-128.627	158.404	206.559	261.633	10.2206	17	0	80.2149	94.3484	-24.4289	217.448	94.3484	-24.4289	217.448	
9476	126903	299.47	720.865	299.449	-99999	3.74	-0.984541	1	1	-273.019	-265.748	131.124	-165.538	270.386	302.319	-273.025	-271.847	-265.753	131.124	-17.4218	-165.538	270.386	285.167	302.319	4.32285	9	0	150.887	3.77401	-13.0631	414.777	3.77401	-13.0631	414.777	
9476	1165	111.205	306.831	111.203	-99999	27.851	-0.652811	1	1	-147.57	-215.775	133.372	63.0107	787.44	735.032	-143.181	-177.221	-211.387	133.372	98.1741	63.0107	787.44	761.106	735.032	8.68595	10	0	58.5659	27.8681	-36.2963	198.838	-38.4019	14.1803	812.425	
9476	15574	108.747	249.509	105.774	-99999	-14.52	-0.75075	0	0	-231.639	-292.202	130.169	48.1332	-261.865	-235.023	-231.617	-263.444	-293.315	130.169	88.1092	45.4012	-261.865	-248.752	-234.783	4.49789	8	0	70.3726	9.50896	-79.0949	862.022	110.109	22.3574	-238.072	
9476	114326	270.407	631.006	270.068	-99999	56.269	-0.933499	1	1	-320.284	-237.056	125.261	-129.055	-430.492	-412.415	-320.37	-289.008	-237.14	125.554	-4.81731	-129.065	-430.619	-420.256	-412.415	6.13697	7	0	81.7373	56.2962	-9.47257	-411.564	56.2962	-9.47257	-411.564	
9476	34362	506.668	4267.48	484.692	87.9526	80.412	-0.651603	1	1	-241.982	-173.117	131.278	-165.911	-485.2	-109.164	-241.935	-205.7	-170.589	131.538	-26.6147	-182.099	-485.518	-291.435	-95.7959	10.6558	8	0	383.129	80.4614	-48.1095	-202.567	80.4614	-48.1095	-202.567	
9476	17356	319.212	845.067	276.313	-99999	-20.353	-0.977231	1	1	-105.702	-78.522	133.25	-138.362	503.224	461.555	-112.084	-96.4428	-81.0074	133.25	-23.7171	-180.577	503.224	479.045	455.232	4.6517	7	0	168.174	-20.343	-56.0577	457.971	-20.343	-56.0577	457.971	
9476	50662	244.341	514.591	243.24	-99999	-42.235	-0.987477	1	1	-281.642	-319.725	128.559	-105.159	128.343	177.102	-281.447	-296.913	-319.702	129.363	9.48371	-105.424	128.32	143.997	177.178	5.23948	10	0	67.1636	-42.2081	-21.5378	155.844	-42.2081	-21.5378	155.844	
9476	109410	29.3592	132.126	28.6792	-99999	114.454	-0.972093	1	1	-221.104	-229.32	133.109	105.789	848.286	851.046	-203.07	-207.002	-211.502	133.109	119.034	105.152	848.286	849.561	851.132	6.3845	6	0	112.954	114.481	-18.6146	794.645	114.481	-18.6146	794.645	
9476	110490	320.788	835.173	309.687	-99999	51.237	-0.953767	1	1	-311.005	-337.279	130.676	-167.246	-306.133	-227.304	-311.085	-326.347	-337.109	130.676	-23.9655	-177.329	-306.133	-266.576	-222.743	5.57157	10	0	55.1911	51.2592	-32.8479	-255.876	51.2592	-32.8479	-255.876	
9476	103014	78.1176	206.108	77.5559	-99999	-16.122	-0.946315	1	0	-330.141	-291.524	131.298	66.623	20.2225	35.0643	-330.116	-309.243	-291.427	131.298	99.5012	66.1476	20.2225	27.2865	35.1675	4.94708	13	0	74.7607	-16.1013	48.8464	20.4173	-16.1013	48.8464	20.4173	
9476	114910	82.1253	204.024	81.0557	-99999	86.167	-0.567566	1	1	-170.242	-225.002	132.807	89.5034	-560.131	-601.273	-156.005	-183.262	-211.425	133.416	111.043	89.5034	-559.551	-580.57	-601.273	5.90913	13	0	53.7365	86.2176	-37.3455	-344.225	-12.6124	-42.9378	-469.871	
9476	154011	134.67	302.613	133.273	-99999	1.212	-0.96013	1	1	-277.896	-315.696	132.934	7.82212	301.17	320.287	-277.898	-289.816	-316.153	132.934	67.1867	6.54108	301.17	308.486	320.577	4.34415	14	0	79.9648	1.23861	7.35924	329.317	1.23861	7.35924	329.317	
9476	126671	260.932	640.019	260.338	32.2782	17.984	-0.913079	1	1	-219.496	-129.151	132.126	-100.375	-53.2792	-122.358	-219.495	-174.928	-129.061	132.327	15.7117	-100.617	-53.1891	-88.8418	-122.362	6.18082	8	0	74.3604	18.0207	-39.6418	-109.035	18.0207	-39.6418	-109.035	
9476	3703	58.6984	170.546	57.6868	-99999	65.065	-0.539214	0	0	-109.029	-84.0584	132.213	97.4982	829.966	867.345	-88.6266	-74.5732	-63.7708	132.213	114.089	97.0336	829.966	848.054	868.068	6.66793	10	0	59.177	65.0958	38.123	271.594	65.0958	38.123	271.594	
9476	139639	292.932	692.399	292.704	-99999	46.383	-0.998737	1	1	-104.665	-98.8848	130.109	-162.002	731.827	722.369	-90.1284	-87.2334	-84.3408	130.317	-15.855	-162.002	731.821	727.243	722.369	5.05179	9	0	58.4783	46.4021	-27.5654	723.651	46.4021	-27.5654	723.651	
9476	140017	332.056	751.368	331.623	-99999	50.387	-0.604745	1	1	-160.188	-77.9397	133.401	-77.4922	-806.386	-564.103	-144.444	-103.22	-62.0787	133.507	29.1703	-77.6538	-806.516	-684.147	-563.916	4.88955	6	0	69.3027	50.4234	-23.8098	-633.516	50.4234	-23.8098	-633.516	
9476	108249	57.3242	145.564	54.9503	-99999	-11.568	-0.992608	1	0	-246.556	-227.295	128.913	78.0154	686.807	692.125	-248.545	-240.366	-228.895	130.612	103.436	77.4104	686.798	688.888	692.242	4.4027	10	0	71.2741	-7.13099	-43.721	-746.219	28.259	-49.5125	832.08	
9476	109140	154.1	357.756	153.777	-99999	5.43	-0.832087	1	1	-283.615	-237.02	127.537	-8.30968	453.285	505.716	-283.665	-259.387	-236.989	127.729	58.3475	-8.37446	453.161	475.424	505.749	6.14682	11	0	81.724	5.46469	1.89014	475.655	5.46469	1.89014	475.655	
9476	112777	75.314	187.314	73.3877	-99999	44.459	-0.97253	1	1	-206.144	-218.538	131.942	60.6387	616.412	604.629	-199.139	-205.627	-211.562	131.942	95.2947	58.8095	616.412	610.759	604.055	4.47012	17	0	53.7089	44.4923	-35.5432	587.708	44.4923	-35.5432	587.708	
9476	112993	206.025	529.361	206.018	351.896	2.94	-0.968083	0	0	-221.989	-173.314	125.447	-67.9569	-386.764	-341.098	-221.989	-205.404	-173.314	125.447	27.1903	-67.9569	-386.764	-362.101	-341.098	5.66867	8	0	105.793	74.5524	47.4445	361.858	109.952	-1.93729	-636.959	
9476	17988	326.093	4297.45	325.667	-29.2492	-35.691	-0.654048	1	1	-102.673	-328.473	133.633	-60.4109	-177.059	-47.9544	-102.396	-216.82	-328.473	133.909	34.3395	-60.4109	-177.212	-117.585	-47.9544	6.22719	13	0	96.8847	-35.649	-21.5297	-96.2223	-35.649	-21.5297	-96.2223	
9476	107439	54.0434	171.505	54.0006	-99999	31.577	-0.699061	0	0	-200.127	-178.603	133.302	93.2311	-74.0415	-102.431	-190.244	-180.584	-168.701	133.33	113.713	93.2311	-74.0178	-89.8794	-102.431	6.66974	10	0	86.5595	37.4256	30.2669	722.744	-22.6044	68.1608	167.287	
9476	70738	97.6509	239.02	97.6432	-99999	-13.406	-0.801677	0	0	-73.6733	-128.897	133.86	56.8785	-863.346	-850.765	-77.8769	-106.061	-133.101	133.86	96.4066	56.8785	-863.346	-849.822	-850.765	5.36415	10	0	68.8071	-13.3734	41.8885	-807.667	-13.3734	41.8885	-807.667	
9476	6626	111.134	2356.64	110.763	105.188	97.761	-0.894037	1	1	-242.714	-194.502	130.688	45.8295	-662.767	-712.141	-242.8	-221.806	-194.473	130.964	84.2173	45.7956	-662.664	-684.036	-712.15	5.50837	9	0	79.0231	97.8005	17.8307	-673.918	97.8005	17.8307	-673.918	
9476	129171	33.3538	113.297	33.276	-99999	105.621	-0.987488	0	0	-228.795	-236.961	133.12	101.169	267.164	270.046	-195.676	-198.408	-203.876	133.12	116.729	101.102	267.164	268.534	270.051	5.58215	6	0	76.8938	105.653	25.7883	267.604	105.653	25.7883	267.604	
9476	45687	309.479	728.948	309.363	-99999	-27.624	-0.937777	1	1	-255.165	-266.734	130.151	-151.967	202.664	328.499	-255.108	-262.458	-266.691	130.241	-10.4405	-151.967	202.634	266.421	328.499	5.24649	12	0	34.8364	-27.603	-27.9488	279.258	-27.603	-27.9488	279.258	
9476	96021	451.318	1078.02	449.644	-99999	25.9	-0.67316	1	1	-357.963	-321.229	132.108	-130.373	-713.018	-371.849	-358.004	-320.388	-321.269	132.108	-21.6726	-130.373	-713.018	-553.67	-371.849	4.15028	15	0	172.01	25.9452	-33.8549	-518.235	25.9452	-33.8549	-518.235	
9476	146564	233.619	515.263	233.152	-99999	-26.98	-0.922574	1	1	-90.4934	-170.075	131.48	-84.3053	-757.193	-726.185	-98.768	-139.079	-178.535	131.901	24.8325	-84.3053	-757.228	-734.233	-726.185	6.16493	9	0	82.5277	-26.9457	-1.95698	-731.163	-26.9457	-1.95698	-731.163	
9476	17060	182.168	386.884	182.135	-99999	-46.123	-0.835855	1	1	-268.569	-335.673	130.049	-17.2563	298.986	379.9	-268.496	-294.779	-335.604	130.049	54.7927	-17.2611	298.986	343.021	379.901	4.17395	10	0	50.2488	-46.0916	-5.74702	370.571	-46.0916	-5.74702	370.571	
9476	468	210.326	443.63	208.219	-99999	-7.729	-0.902351	1	1	-223.122	-295.697	128.702	-52.2064	118.923	190.368	-222.454	-259.954	-295.788	130.39	39.5792	-52.4111	118.46	155.204	190.416	4.88818	9	0	66.9459	-7.69084	-11.862	171.106	-48.5208	6.1961	153.655	
9476	576	295.974	2994.6	295.961	-99999	-10.259	-0.903003	0	0	-304.372	-340.203	131.419	-129.426	-434.61	-301.583	-304.356	-325.244	-340.188	131.419	-1.52691	-129.43	-434.61	-373.733	-301.582	5.16307	11	0	2467.68	-29.0939	6.99239	-391.04	-29.0939	6.99239	-391.04	
9476	20326	69.7943	138.569	69.25	-99999	27.862	-0.891796	0	0	-257.155	-286.777	130.263	67.7364	-600.675	-598.613	-257.006	-271.617	-286.877	130.635	98.9632	67.625	-600.671	-600.229	-598.609	4.49294	7	0	43.8076	57.8941	-80.2174	146.969	57.8941	-80.2174	146.969	
9476	2711	162.097	378.349	159.683	123.512	112.864	-0.93948	1	1	-227.02	-184.95	129.163	-19.0773	189.69	150.444	-227.264	-204.404	-184.663	130.58	56.9358	-19.9214	190.142	165.682	150.363	6.87904	7	0	72.9649	112.889	-1.9824	162.86	112.889	-1.9824	162.86	
9476	129364	30.6345	76.717	29.9681	-99999	61.844	-0.704591	1	1	-199.448	-220.777	132.773	111.855	325.105	322.802	-189.238	-200.063	-211.032	133.242	122.499	111.855	325.19	323.791	322.802	4.79057	7	0	49.6049	61.8826	-7.96812	328.369	61.8826	-7.96812	328.369	
9476	37292	264.196	639.006	262.42	62.0348	55.072	-0.706676	1	1	-108.1	-277.254	133.098	-61.0869	615.334	655.151	-107.695	-200.066	-277.98	133.512	40.2463	-62.0274	615.286	628.989	655.173	5.14928	6	0	90.293	55.1086	-10.6023	637.389	55.1086	-10.6023	637.389	
9476	14315	161.435	381.056	161.355	-99999	85.53	-0.971639	1	1	-217.24	-223.79	131.909	-28.9704	-469.997	-475.468	-217.374	-220.729	-223.922	131.909	51.5132	-29.0384	-469.997	-472.775	-475.47	4.17081	6	0	69.0263	85.5506	-6.89071	-467.204	85.5506	-6.89071	-467.204	
9476	108494	209.401	484.483	193.636	-99999	102.268	-0.968167	1	1	-281.562	-193.982	116.735	-50.9086	-888.384	-854.113	-301.471	-262.537	-209.773	131.367	35.2318	-51.2583	-889.699	-878.009	-853.902	5.41959	10	0	79.0432	109.594	-46.5801	-98.8888	0.513657	-6.54863	-672.361	
9476	145233	144.422	432.716	143.857	-99999	-39.619	-0.918477	1	1	-239.315	-216.092	130.532	1.42411	-460.148	-401.388	-233.046	-222.806	-209.804	130.878	65.3683	1.26167	-460.294	-431.878	-401.306	5.58095	13	0	65.3235	-38.7538	-25.6925	-385.902	-38.7538	-25.6925	-385.902	
9476	51959	187.899	410.837	185.766	-99999	95.3	-0.852267	1	1	-246.054	-328.675	130.254	-29.0097	-396.134	-348.207	-246.175	-287.304	-329.835	130.301	49.3061	-30.8014	-396.146	-372.281	-347.934	4.01599	10	0	42.4541	95.3328	-47.8205	-338.463	95.3328	-47.8205	-338.463	
9476	121379	139.545	264.883	137.923	-99999	35.157	-0.661818	1	0	-124.966	-88.2137	132.711	51.5912	-467.262	-364.335	-114.401	-90.2775	-77.1304	133.526	87.1082	51.4321	-468.086	-421.995	-364.107	4.08472	7	0	24.1921	35.1854	53.2312	-403.034	35.1854	53.2312	-403.034	
9476	30859	281.836	647.306	280.685	-99999	-46.65	-0.906751	1	1	-358.573	-252.06	95.7518	-163.083	-599.233	-586.307	-358.73	-303.421	-251.803	96.2681	-33.0977	-163.625	-599.287	-593.901	-586.213	4.49081	9	0	70.8499	-46.6204	-0.863139	-592.014	-46.6204	-0.863139	-592.014	
9476	134023	334.65	774.676	334.115	-99999	110.302	-0.907726	1	1	-213.432	-151.571	132.604	-165.326	-123.275	-259.278	-178.846	-152.429	-116.76	132.604	-18.8164	-165.764	-123.275	-189.053	-259.462	5.06579	10	0	61.7138	110.297	-46.0684	-207.396	3.35728	-30.8932	-211.458	
9476	134239	232.565	528.785	231.294	-99999	15.68	-0.930469	1	1	-69.7905	-114.972	134.472	-80.443	-350.271	-279.067	-64.7196	-91.4035	-110.147	135.012	26.9166	-81.1092	-350.417	-316.955	-278.959	4.47707	8	0	73.1856	15.7042	-15.1145	-327.062	15.7042	-15.1145	-327.062	
9476	113414	111.679	281.23	111.462	-99999	46.783	-0.954689	1	0	-107.82	-129.643	133.859	34.6833	-225.918	-269.068	-93.1617	-98.2163	-114.987	134.033	81.9375	34.6606	-225.857	-245.101	-269.081	9.26996	12	0	96.6752	46.7927	28.82	-257.184	46.7927	28.82	-257.184	
9476	113487	194.038	475.216	193.756	-99999	50.309	-0.80802	1	1	-193.113	-79.052	129.847	-26.7587	-619.002	-616.989	-177.504	-120.234	-63.2769	130.073	51.7747	-26.7587	-619.01	-617.747	-616.989	4.53185	6	0	54.4839	50.3326	12.3812	-619.302	50.3326	12.3812	-619.302	
9476	1064	256.264	583.036	253.348	51.1259	58.957	-0.662924	1	1	-149.57	-343.993	133.361	-27.5156	-297.338	-315.147	-149.518	-248.899	-346.163	133.406	53.1004	-29.2542	-297.342	-304.832	-315.71	5.23859	6	0	78.9226	58.9946	-2.20916	-300.633	58.9946	-2.20916	-300.633	
9476	151500	232.107	944.797	193.103	-99999	-21.823	-0.603409	1	1	-159.455	-82.4381	129.909	13.9391	737.731	871.534	-166.375	-120.06	-76.7509	130.024	60.5112	-6.38382	737.599	818.166	901.588	16.0053	8	0	473.05	-21.7896	10.5928	822.895	-21.7896	10.5928	822.895	
9476	40774	218.538	445.356	216.848	79.1701	71.185	-0.923201	1	1	-263.164	-171.237	130.202	-43.069	621.476	536.537	-263.352	-216.878	-170.675	130.945	37.6582	-43.4164	621.714	589.556	535.991	4.12437	11	0	24.2568	72.3686	-26.4646	774.607	4.84862	-15.0341	535.321	
9476	109503	191.529	472.91	185.64	-99999	42.677	-0.655499	1	1	-222.9	-78.4063	133.489	18.7579	-233.768	-253.999	-209.518	-135.404	-60.3943	133.489	73.7929	15.2395	-233.768	-244.308	-254.907	11.5112	10	0	73.0207	42.6853	13.6878	-257.692	42.6853	13.6878	-257.692	
9476	122351	63.3995	158.351	63.208	-99999	59.862	-0.889322	1	1	-204.464	-220.91	133.231	78.9593	543.279	515.396	-195	-202.988	-211.478	133.403	106.168	78.9593	543.356	529.262	515.396	4.56709	12	0	46.7221	59.9008	-37.8716	443.467	59.9008	-37.8716	443.467	
9476	123420	235.3	566.916	233.725	-99999	-37.82	-0.966024	1	1	-358.592	-288.649	61.8492	-159.92	-177.84	-170.408	-358.599	-320.949	-288.117	62.1322	-48.4636	-161.091	-177.864	-164.853	-170.602	8.12087	6	0	100.984	-37.7989	16.2663	-174.353	-37.7989	16.2663	-174.353	
9476	18930	248.499	570.85	248.074	-99999	-3.488	-0.936994	1	1	-357.919	-274.944	102.183	-126.164	-725.197	-676.571	-358.038	-315.778	-274.936	102.575	-12.3356	-126.17	-725.261	-704.408	-676.569	4.24488	10	0	89.6464	-9.11196	-44.1449	163.339	-9.11196	-44.1449	163.339	
9476	132036	180.957	424.898	178.602	-99999	93.455	-0.86229	0	0	-268.486	-272.848	128.889	-14.3774	-419.796	-326.028	-268.449	-275.348	-273.029	129.585	55.638	-14.8324	-420.164	-370.401	-326.067	9.73234	10	0	67.6139	0.12262	-27.6883	645.737	-39.7074	-12.6441	53.5054	
9476	94021	139.005	330.519	138.564	-99999	32.141	-0.512541	1	1	-358.553	-288.991	28.3012	-39.2611	373.145	471.759	-358.76	-326.267	-288.978	28.4652	-7.92102	-39.3043	372.919	422.405	471.85	5.07727	14	0	76.6305	32.1519	-13.4366	413.612	32.1519	-13.4366	413.612	
9476	39414	326.985	738.782	326.956	-99999	7.503	-0.90855	1	1	-75.9406	-85.9819	131.062	-166.045	-312.782	-435.768	-73.5879	-88.4038	-83.6292	131.062	-22.568	-166.045	-312.782	-366.308	-435.768	5.89086	9	0	75.0885	7.51676	-36.7251	-375.256	7.51676	-36.7251	-375.256	
9476	136009	212.582	500.332	212.578	-99999	15.349	-0.901641	1	1	-156.561	-202.148	130.386	-65.6005	45.9137	110.873	-151.748	-173.131	-197.335	130.386	33.4786	-65.6005	45.9137	83.882	110.873	7.32151	9	0	79.7223	15.3719	-15.5489	89.5169	15.3719	-15.5489	89.5169	
9476	84888	190.623	433.637	190.292	-99999	103.031	-0.947571	1	1	-266.885	-317.383	129.288	-48.4516	-555.329	-514.212	-267.04	-288.768	-317.687	129.312	40.0535	-48.7075	-555.335	-530.644	-514.157	4.68076	8	0	67.5795	103.062	-13.1912	-527.226	103.062	-13.1912	-527.226	
9476	17287	520.374	1024.91	414.165	-99999	89.159	-0.597075	1	1	-331.418	-237.538	130.52	-109.763	-218.072	105.666	-331.566	-272.897	-216.693	130.564	-17.7741	-178.338	-218.132	-12.7266	183.595	16.2858	18	0	108.436	89.2038	-7.48924	-43.6834	89.2038	-7.48924	-43.6834	
9476	139622	218.628	519.724	216.998	-99999	54.218	-0.642983	1	1	-70.6668	-218.923	87.5568	-68.84	-574.615	-590.196	-60.9899	-139.679	-210.477	88.5162	13.2707	-68.9378	-574.526	-583.695	-590.188	6.55709	6	0	78.8376	54.2443	55.9776	-576.057	54.2443	55.9776	-576.057	
9476	116483	257.677	743.984	257.124	85.7079	77.004	-0.941965	1	1	-124.819	-219.088	132.771	-105.944	-751.397	-743.764	-124.644	-174.572	-219.088	133.289	14.595	-105.944	-751.403	-749.472	-743.764	28.1955	8	0	209.988	77.0398	-9.16451	-729.889	77.0398	-9.16451	-729.889	
9476	112928	71.3722	181.205	70.9928	-99999	54.718	-0.811365	1	0	-266.288	-275.771	132.131	85.0255	-698.691	-647.946	-266.361	-269.711	-275.857	132.422	105.013	85.0255	-698.929	-676.498	-647.946	4.80118	16	0	76.1025	54.7559	34.3747	-651.208	54.7559	34.3747	-651.208	
9476	40710	336.442	827.894	336.005	-99999	60.223	-0.931685	1	1	-154.922	-205.07	133.433	-169.968	-411.57	-546.563	-136.013	-163.688	-186.235	133.612	-19.1637	-170.188	-411.508	-476.17	-546.656	9.3384	10	0	77.1726	62.2359	-71.0362	418.449	35.2259	19.4836	-796.417	
9476	135303	452.247	804.383	449.573	-99999	39.93	-0.615684	1	1	-216.992	-178.048	128.239	-141.444	-154.08	-463.737	-210.708	-194.892	-171.541	128.315	-18.1887	-142.598	-153.981	-324.998	-464.983	4.92359	18	0	86.6995	39.9608	-32.0579	-340.727	39.9608	-32.0579	-340.727	
9476	34447	247.686	1035.17	245.451	127.951	116.62	-0.833061	1	1	-252.749	-121.643	131.157	-28.3593	641.365	513.401	-252.78	-184.335	-120.942	131.234	44.6143	-29.6098	641.405	586.991	511.861	4.03689	15	0	77.8625	116.65	-14.4365	550.93	116.65	-14.4365	550.93	
9476	115187	99.0645	233.397	98.271	-99999	-9.309	-0.942908	1	1	-356.889	-333.425	8.2602	-83.3732	-569.05	-580.967	-357.063	-343.32	-333.41	8.9444	-37.1673	-83.3732	-568.908	-580.615	-580.967	4.66109	6	0	59.8261	-9.28502	-9.8747	-570.269	-9.28502	-9.8747	-570.269	
9476	141080	167.697	348.782	160.072	-99999	31.89	-0.856957	1	0	-358.617	-300.735	45.2703	-98.2322	848.394	879.638	-358.667	-320.339	-300.745	45.2703	-27.5325	-102.605	848.394	863.344	885.052	10.2954	8	0	59.9233	31.8952	-0.61125	834.162	31.8952	-0.61125	834.162	
9476	35609	51.2084	191.239	46.2705	-99999	95.703	-0.65778	0	0	-146.96	-122.979	132.996	104.142	-753.068	-727.019	-117.781	-103.945	-91.5542	133.938	116.389	103.238	-753.695	-741.263	-723.973	6.07878	18	0	102.478	95.7455	41.2478	-735.156	95.7455	41.2478	-735.156	
9476	35475	305.74	880.521	303.703	-99999	104.576	-0.986641	1	1	-164.386	-221.476	133.486	-164.088	-223.157	-227.587	-131.429	-162.525	-188.617	134.702	-14.9323	-164.886	-223.231	-225.383	-227.599	7.60057	9	0	126.034	104.599	-35.8987	-8.30102	1.87929	-26.7808	-348.713	
9476	3538	135.084	309.279	133.821	-99999	85.424	-0.926615	1	1	-288.933	-338.054	129.938	9.75057	652.55	674.775	-288.6	-305.572	-338.188	131.093	66.6943	9.75057	652.385	663.014	674.775	8.69639	9	0	80.7168	85.4314	-27.1646	484.202	85.4314	-27.1646	484.202	
9476	32611	29.4817	72.3	29.3657	-99999	-16.946	-0.633776	0	0	-296.188	-311.45	131.507	110.088	-418.842	-406.014	-296.098	-304.22	-311.423	131.566	120.883	110.088	-418.89	-412.905	-406.014	4.83924	13	0	54.7229	12.0678	-105.141	631.525	55.3878	68.3493	417.041	
9476	34247	211.302	510.127	210.377	-99999	116.254	-0.936	1	1	-158.497	-228.846	132.657	-64.7502	-549.078	-565.763	-140.18	-177.435	-210.721	132.657	34.337	-65.6531	-549.078	-559.281	-565.742	5.30383	9	0	77.0043	116.293	-22.7855	-563.633	116.293	-22.7855	-563.633	
9476	59014	133	334.1	132.094	-99999	97.843	-0.988802	1	0	-334.844	-346.379	129.582	0.633197	-172.506	-149.364	-334.932	-339.197	-346.617	129.989	64.228	0.166155	-172.52	-164.353	-149.37	5.89213	6	0	81.9331	97.8623	33.8366	-162.974	97.8623	33.8366	-162.974	
9476	19527	115.124	1908.23	115.01	99.9192	87.004	-0.826718	1	1	-225.396	-169.486	131.647	52.0505	-192.107	-251.139	-225.396	-200.225	-169.486	131.647	87.6171	52.0505	-192.107	-218.316	-251.139	12.3575	16	0	111.316	87.0354	10.1097	-235.193	87.0354	10.1097	-235.193	
9476	14830	133.537	439.851	132.293	-99999	-27.374	-0.480966	1	1	-342.147	-306.563	132.145	70.1111	-301.789	-190.759	-342.153	-324.003	-306.407	132.286	99.9839	69.7646	-302.034	-246.522	-189.875	4.27997	17	0	106.078	-27.3425	35.153	-232.441	-27.3425	35.153	-232.441	
9476	25585	81.2954	362.671	80.3324	-99999	61.927	-0.946072	1	1	-210.237	-220.333	132.498	57.1411	440.224	414.932	-200.48	-206.339	-210.478	132.498	94.0607	56.2866	440.224	428.385	414.506	7.83848	11	0	132.421	61.956	-27.1667	391.305	61.956	-27.1667	391.305	
9476	76090	233.811	539.011	232.744	92.4749	84.903	-0.956738	1	1	-272.029	-189.937	128.022	-86.8638	-78.6267	-86.9409	-272.131	-236.936	-189.765	128.567	18.3572	-87.3124	-78.4921	-93.6218	-86.9967	5.91044	10	0	74.7777	84.9301	-15.3854	-90.5427	84.9301	-15.3854	-90.5427	
9476	36164	270.235	632.717	268.942	43.5777	28.339	-0.723406	1	1	-229.629	-77.8125	130.849	-40.9841	211.278	73.4648	-229.766	-151.829	-77.4798	131.093	42.8764	-41.5154	211.463	146.908	73.1154	4.31767	13	0	77.1081	28.3628	-20.9581	121.85	28.3628	-20.9581	121.85	
9476	122629	105.474	300.298	105.46	-99999	-1.213	-0.752054	1	1	-358.15	-314.738	51.0674	-29.3433	-718.577	-666.299	-358.148	-335.856	-314.732	51.0674	11.3882	-29.3533	-718.577	-691.938	-666.296	4.45343	12	0	87.8106	-1.18239	-16.9604	-660.007	-1.18239	-16.9604	-660.007	
9476	112244	194.287	472.11	180.652	-99999	-4.709	-0.90643	1	1	-357.429	-316.667	10.1712	-152.963	13.1678	78.8761	-357.592	-335.549	-317.179	10.8657	-76.7981	-164.009	12.8921	48.4661	85.3887	18.0218	9	0	68.8527	-4.68651	-33.2412	34.4451	-4.68651	-33.2412	34.4451	
9476	133614	144.373	324.043	143.698	-99999	-31.138	-0.35144	1	1	-358.702	-295.924	59.7723	8.76781	-77.3515	41.1243	-359.001	-325.919	-295.875	60.007	35.7584	8.76781	-77.8769	-18.5757	41.1243	4.18843	16	0	72.4997	-31.1173	18.1029	-24.0865	-31.1173	18.1029	-24.0865	
9476	64861	549.251	1481.92	548.623	-99999	109.726	-0.567394	1	1	-110.465	-199.551	133.5	-165.824	105.887	-342.178	-75.9709	-124.792	-165.144	133.834	-15.7531	-165.84	106.355	-118.613	-342.201	6.54327	15	0	83.5886	109.78	-17.1733	-117.185	109.78	-17.1733	-117.185	
9476	65401	190.142	479.15	188.827	333.024	80.351	-0.629277	0	0	-250.847	-142.85	130.611	49.3331	551.226	421.876	-251.187	-201.824	-142.712	131.271	83.022	49.2303	551.939	487.029	421.67	6.33158	12	0	87.4949	36.7204	-40.8478	-750.911	-36.9496	73.0049	214.645	
9476	143328	428.439	1053.63	427.404	69.0748	62.438	-0.764892	1	1	-344.876	-72.8651	127.629	-165.746	610.934	470.738	-345.37	-218.768	-72.7731	128.32	-30.4061	-165.823	611.231	543.06	470.72	4.83347	7	0	53.88	59.3787	-4.03792	485.26	59.3787	-4.03792	485.26	
9476	48524	153.446	416.153	150.909	-99999	9.247	-0.709274	0	0	-209.377	-191.448	129.809	36.3577	96.1585	212.799	-206.602	-196.036	-188.328	130.402	80.085	35.5296	95.5908	152.476	214.26	5.46992	10	0	97.0097	75.2937	19.4625	-381.032	75.2937	19.4625	-381.032	
9476	41063	201.28	536.502	199.888	-99999	-40.609	-0.901419	1	1	-252.067	-310.817	131.057	-53.4352	-178.824	-129.351	-251.859	-281.364	-311.081	131.304	38.2092	-54.4588	-178.853	-154.737	-129.102	10.2154	10	0	102.125	-40.6073	-55.0651	-125.669	-40.6073	-55.0651	-125.669	
9476	16505	144.522	410.074	143.355	-99999	-27.41	-0.771034	0	0	-247.507	-337.854	130.808	19.9293	-550.37	-541.551	-246.977	-291.553	-338.034	131.388	74.688	19.5898	-550.404	-546.193	-541.521	13.7001	7	0	113.12	-27.3807	72.9374	-578.448	-27.3807	72.9374	-578.448	
9476	99405	104.886	240.487	102.125	-99999	-34.252	-0.930575	1	1	-94.0558	-73.3952	129.209	33.2773	219.655	242.195	-104.973	-98.3895	-83.5083	130.287	81.1235	31.8162	219.267	236.157	242.068	4.70622	10	0	69.4686	-34.2357	36.7979	236.752	-34.2357	36.7979	236.752	
9476	89127	160.523	332.768	148.642	-99999	19.048	-0.734706	1	1	-173.033	-75.2362	129.926	18.9421	110.218	124.711	-167.513	-114.692	-61.9701	130.42	70.4937	10.4884	110.143	117.897	125.662	6.06159	8	0	54.7241	19.0641	16.2949	128.929	19.0641	16.2949	128.929	
9476	50937	89.4163	301.951	88.6101	-99999	-13.244	-0.655242	1	0	-356.234	-315.254	-78.2236	-134.556	444.39	498.976	-356.542	-334.4	-315.233	-77.6892	-105.868	-134.556	443.886	470.584	498.976	6.56422	11	0	70.2425	-13.2267	-72.2147	465.847	-13.2267	-72.2147	465.847	
9476	49091	277.39	1098.56	277.228	-99999	10.035	-0.994278	1	1	-350.995	-309.859	131.733	-141.699	-213.329	-213.727	-351.02	-330.959	-309.88	131.818	-5.23145	-141.758	-213.333	-215.241	-213.728	7.16644	8	0	281.591	10.0432	-12.1366	-240.012	10.0432	-12.1366	-240.012	
9476	8128	136.859	328.697	136.338	-99999	65.502	-0.937838	1	1	-248.255	-282.892	130.671	3.63284	-241.734	-208.117	-248.236	-264.589	-283.044	130.997	65.7759	3.47884	-241.779	-229.326	-208.068	4.69077	11	0	87.3778	65.5251	4.02068	-221.982	65.5251	4.02068	-221.982	
9476	9208	285.586	688.463	284.866	-99999	104.638	-0.959919	1	1	-232.863	-177.335	133.137	-131.35	-710.673	-795.536	-200.052	-169.966	-144.571	133.137	-2.6452	-131.99	-710.673	-742.388	-795.84	10.7539	11	0	85.3861	104.668	-29.9512	-742.976	104.668	-29.9512	-742.976	
9476	9424	139.386	297.435	138.246	-99999	-47.455	-0.949408	1	1	-216.966	-256.587	130.422	0.940041	-326.404	-314.014	-216.764	-230.302	-257.045	130.806	62.8357	0.458144	-326.457	-319.682	-313.923	4.51951	7	0	65.5953	-47.4266	-1.02162	-315.134	-47.4266	-1.02162	-315.134	
9476	39902	44.6618	117.461	44.6616	-99999	52.064	-0.753334	1	1	-196.372	-219.586	132.981	100.434	-543.612	-563.504	-188.169	-199.562	-211.382	132.981	116.586	100.434	-543.612	-553.602	-563.504	5.13858	12	0	43.7699	52.1059	-48.4893	-628.752	52.1059	-48.4893	-628.752	
9476	152585	225.812	509.737	222	-99999	57.376	-0.94244	1	1	-127.301	-107.293	130.27	-87.2571	-223.69	-194.247	-109.584	-102.309	-89.1142	132.697	22.8843	-88.4649	-224.508	-199.939	-194.209	7.26325	8	0	80.7032	57.403	-20.9144	-205.127	57.403	-20.9144	-205.127	
9476	153395	35.0771	90.1389	32.4211	-99999	76.698	-0.943407	1	0	-89.4171	-86.0779	134.317	103.42	-739.475	-732.868	-65.3967	-63.628	-61.8314	134.687	117.781	101.916	-739.611	-735.673	-731.791	5.29896	9	0	57.7648	76.7206	43.0035	-755.373	76.7206	43.0035	-755.373	
9476	10984	65.4651	575.821	60.9899	-99999	-16.669	-0.914499	1	1	-194.414	-201.63	131.914	78.5894	-832.375	-855.703	-196.533	-202.201	-204.23	135.004	105.71	78.5894	-831.291	-841.872	-855.703	24.972	22	0	297.451	-16.6601	9.82338	-779.695	-16.6601	9.82338	-779.695	
9476	144001	121.033	2048.96	109.144	-99999	31.271	-0.938709	1	1	-226.976	-244.017	125.21	31.3676	74.978	93.3266	-222.023	-232.732	-239.63	125.318	76.0817	28.7561	75.004	88.0001	91.2921	10.7977	13	0	68.3539	31.2992	-9.14273	93.0416	31.2992	-9.14273	93.0416	
9476	132693	127.907	311.134	127.082	-99999	-21.302	-0.894289	1	1	-168.399	-102.429	130.173	23.3898	-739.984	-726.888	-175.209	-145.593	-108.809	130.437	74.4909	22.9644	-740.004	-732.322	-726.961	4.12923	9	0	68.8876	-21.2818	26.9578	-734.316	-21.2818	26.9578	-734.316	
9476	95214	306.667	757.837	306.133	-99999	99.308	-0.671112	1	1	-97.8922	-226.83	132.968	-79.4666	-75.1836	-253.631	-82.2448	-147.796	-211.243	132.968	26.1751	-79.9286	-75.1836	-163.539	-253.885	6.26657	17	0	46.9694	99.3324	-30.2269	-215.233	99.3324	-30.2269	-215.233	
9476	95376	263.772	654.502	263.768	-99999	105.267	-0.689433	1	1	-237.045	-120.31	130.658	-75.4174	177.833	63.7558	-204.037	-147.505	-87.3018	130.658	30.1961	-75.4174	177.833	113.974	63.7558	4.73026	13	0	76.8991	105.305	-47.0175	85.6714	105.305	-47.0175	85.6714	
9476	111445	161.543	415.673	160.673	-99999	63.689	-0.897886	1	1	-155.58	-81.6301	129.638	-11.9973	714.032	730.263	-135.953	-100.24	-61.6287	130.352	58.3061	-12.0634	713.961	721.464	730.27	6.14373	7	0	81.0441	63.6981	-3.81524	728.568	63.6981	-3.81524	728.568	
9476	115510	180.03	387.979	179.809	-99999	5.605	-0.950647	1	1	-284.018	-335.564	130.638	-40.9	467.073	471.557	-283.954	-305.392	-335.573	130.842	43.676	-40.9	467.072	473.189	471.557	4.20006	6	0	71.6688	5.63092	-5.23046	463.743	5.63092	-5.23046	463.743	
9476	115672	146.123	339.582	143.099	-99999	5.885	-0.886511	1	1	-260.738	-327.838	129.753	7.50847	-812.827	-786.712	-260.748	-290.788	-329.531	129.753	63.6271	5.34695	-812.827	-805.416	-785.438	4.04407	11	0	66.8615	4.16608	-2.3382	-503.947	4.16608	-2.3382	-503.947	
9476	42251	310.909	749.019	309.797	77.3754	69.517	-0.914666	1	1	-106.609	-226.805	132.907	-151.814	-481.233	-477.411	-106.609	-168.161	-227.178	132.907	-9.72513	-152.835	-481.233	-484.778	-477.456	6.74481	6	0	75.4873	67.4091	1.42839	-251.103	67.4091	1.42839	-251.103	
9476	119773	241.989	539.781	241.291	-99999	19.298	-0.962733	0	0	-322.852	-329.597	129.416	-107.144	-438.639	-395.533	-322.764	-328.968	-329.581	129.912	11.2479	-107.291	-438.726	-416.887	-395.522	7.04351	8	0	70.5427	-16.024	-33.3093	-245.501	-16.024	-33.3093	-245.501	
9476	47201	61.3251	147.986	60.7532	-99999	49.243	-0.943846	1	0	-93.9619	-77.3808	130.063	72.4388	605.418	595.696	-78.6556	-70.1031	-61.9239	130.501	101.469	72.3343	605.493	600.58	595.683	5.59401	9	0	47.5861	49.2567	51.1144	586.232	49.2567	51.1144	586.232	
9476	63041	95.2877	252.775	94.5974	-99999	30.671	-0.709526	1	0	-358.298	-313.694	71.7659	1.77383	194.443	239.475	-358.674	-336.973	-313.742	72.254	36.5304	1.77383	194.086	216.829	239.475	4.83586	12	0	98.2237	30.6947	47.404	199.299	30.6947	47.404	199.299	
9476	110635	212.053	457.527	211.535	-99999	-32.8	-0.937457	1	1	-70.4887	-128.567	129.8	-64.2219	329.709	381.593	-80.6548	-109.955	-138.852	130.271	32.2869	-64.2219	329.581	357.338	381.593	6.23486	9	0	68.5265	-32.7825	-5.99309	356.352	-32.7825	-5.99309	356.352	
9476	13211	36.3313	77.813	35.9747	-99999	11.171	-0.776782	1	1	-302.343	-320.677	130.721	102.709	-763.134	-750.035	-302.341	-311.835	-320.85	130.749	116.526	102.459	-763.145	-757.037	-749.908	4.06393	12	0	40.7498	11.1622	-9.99499	-729.085	11.1622	-9.99499	-729.085	
9476	45351	290.158	553.893	289.306	-833.458	46.264	-0.994317	0	0	-216.662	-139.73	131.884	-146.14	500.665	481.311	-216.708	-179.163	-139.711	132.622	-7.05199	-146.242	500.715	491.84	481.294	9.33468	10	0	46.5003	-18.9319	-2.67186	-797.01	-18.9319	-2.67186	-797.01	
9476	57681	364.88	1021.42	364.755	-99999	50.932	-0.713614	1	1	-253.338	-201.945	128.886	-128.864	-325.467	-72.7468	-261.363	-237.628	-209.941	128.886	-0.865017	-128.938	-325.467	-199.558	-72.6588	7.24418	13	0	46.5389	50.9697	-21.6213	-189.825	50.9697	-21.6213	-189.825	
9476	123921	149.472	347.299	148.98	-99999	24.94	-0.886446	1	0	-314.022	-249.212	109.931	-15.6149	-892.422	-847.689	-314.079	-284.642	-249.035	109.976	45.5286	-15.8585	-892.437	-868.802	-847.4	5.78592	14	0	75.4872	24.9698	11.0024	-806.827	24.9698	11.0024	-806.827	
9476	144726	351.381	763.101	348.624	-20.0261	-26.703	-0.906591	1	1	-136.619	-304.141	133.495	-171.741	498.595	483.232	-136.619	-222.479	-305.23	133.495	-19.5157	-174.263	498.595	490.35	483.041	4.79949	9	0	54.1862	-26.6637	-40.2253	482.512	-26.6637	-40.2253	482.512	
9476	144996	205.249	447.73	200.61	122.271	56.147	-0.896558	0	0	-260.893	-119.115	130.728	-7.78015	70.1831	89.5671	-260.986	-193.327	-115.936	130.925	54.9848	-10.8256	70.1639	77.7992	89.3889	5.0851	6	0	62.2178	106.263	-8.41543	74.5897	106.263	-8.41543	74.5897	
9476	116978	322.848	817.816	314.227	-99999	107.098	-0.918034	1	1	-227.294	-302.264	132.383	-171.169	-832.804	-856.435	-227.461	-267.541	-302.896	132.383	-23.2635	-179.035	-832.804	-847.23	-853.091	7.42335	6	0	51.2329	107.131	-31.8378	-795.544	107.131	-31.8378	-795.544	
9476	117086	124.307	286.695	124.176	-99999	6.689	-0.891335	0	0	-284.276	-325.129	129.928	20.9654	408.429	451.584	-284.287	-304.868	-325.183	129.928	74.9002	20.854	408.429	428.66	451.636	4.35084	11	0	46.9309	66.481	-31.147	-198.18	66.481	-31.147	-198.18	
9476	117302	200.406	457.903	200.038	-99999	-38.451	-0.758024	1	1	-358.649	-258.885	131.343	-30.4362	-779.125	-719.508	-358.725	-308.756	-258.791	131.544	51.6362	-30.5268	-779.235	-745.601	-719.501	5.86615	8	0	68.5527	-38.1092	-28.9351	567.73	85.5908	-2.58545	-518.945	
9476	143548	303.122	660.479	302.72	90.1428	80.238	-0.879906	1	1	-266.927	-104.868	130.709	-82.7085	67.899	-57.6618	-267.085	-181.989	-104.868	131.052	13.1231	-82.7085	67.9931	26.7346	-57.6618	6.73278	11	0	66.5723	80.2717	-34.8273	-10.8074	80.2717	-34.8273	-10.8074	
9476	129210	109.336	261.365	109.276	-99999	107.398	-0.879744	1	1	-313.487	-347.478	129.844	32.3051	-707.73	-675.393	-313.655	-335.44	-347.65	129.844	82.3951	32.2555	-707.73	-691.581	-675.375	6.88736	9	0	75.0776	107.429	28.6477	-679.805	107.429	28.6477	-679.805	
9476	123765	65.0872	291.01	65.0564	-99999	114.564	-0.908637	1	1	-209.112	-229.556	131.074	71.806	-566.106	-583.456	-191.061	-201.298	-211.513	131.074	101.424	71.7779	-566.106	-574.769	-583.463	4.68911	10	0	101.026	114.595	-22.9779	-602.388	114.595	-22.9779	-602.388	
9476	32997	328.089	842.566	323.633	81.3822	74.44	-0.910524	1	1	-186.757	-220.686	132.165	-171.47	-690.541	-796.338	-186.757	-204.158	-221.116	132.237	-21.3063	-175.516	-690.506	-744.647	-797.843	4.82466	6	0	64.2808	74.4769	-20.1837	-725.265	74.4769	-20.1837	-725.265	
9476	150335	208.928	502.486	206.973	-99999	46.068	-0.960932	1	1	-106.634	-76.3324	129.022	-72.0123	783.362	821.82	-92.3889	-78.258	-61.8	130.319	28.6414	-72.5987	783.028	802.248	821.877	9.50328	7	0	56.8224	46.0799	-45.7756	840.312	46.0799	-45.7756	840.312	
9476	47187	77.4706	267.842	77.1526	-99999	97.546	-0.49421	1	1	-125.413	-92.5437	130.381	93.1068	380.339	439.346	-94.8265	-78.469	-61.8165	130.381	111.434	92.967	380.339	409.899	439.595	4.68884	8	0	59.6523	101.335	0.674691	509.928	101.335	0.674691	509.928	
9476	145355	257.457	581.042	251.217	-99999	113.926	-0.8823	1	1	-144.436	-237.419	132.675	-82.2216	-698.199	-615.834	-108.381	-147.947	-204.522	133.886	24.0192	-86.1743	-698.746	-644.656	-616.005	5.37494	8	0	77.0485	113.966	0.585462	-638.593	113.966	0.585462	-638.593	
9476	145598	209.747	542.946	208.367	-99999	62.578	-0.961867	1	1	-181.048	-202.904	132.628	-67.0516	-760.087	-711.225	-161.426	-173.304	-183.415	132.628	31.4162	-68.1014	-760.087	-735.542	-711.037	4.38385	7	0	81.4291	62.6186	-8.59946	-719.703	62.6186	-8.59946	-719.703	
9476	10234	325.045	3233.08	324.912	-99999	-2.565	-0.853841	1	1	-141.071	-304.132	130.252	-147.659	749.381	789.062	-141.014	-222.896	-304.132	130.348	-8.56497	-147.659	749.367	769.096	789.062	26.0455	8	0	1210.01	-2.53941	-60.6866	754.517	-2.53941	-60.6866	754.517	
9476	34374	166.815	371.764	165.713	-99999	63.611	-0.792945	1	1	-358.381	-273.746	86.9162	-53.8651	-508.005	-505.431	-358.745	-311.561	-273.906	87.2561	18.5715	-54.5056	-507.997	-510.324	-505.373	7.08917	10	0	64.1633	63.6387	-3.64969	-513.213	63.6387	-3.64969	-513.213	
9476	80929	300.16	704.9	298.348	16.685	10.012	-0.875623	1	1	-336.521	-154.828	130.901	-92.8729	-782.773	-855.037	-336.865	-251.87	-154.223	131.656	12.6517	-93.5983	-782.554	-815.108	-855.066	4.78864	6	0	62.7131	4.80305	-14.6363	-207.117	4.80305	-14.6363	-207.117	
9476	79107	181.835	407.548	179.892	31.5716	26.858	-0.953612	1	1	-179.152	-251.657	132.618	-31.1294	-731.048	-740.703	-179.121	-214.084	-252.464	132.727	49.2559	-32.7419	-731.038	-737.061	-740.979	4.10826	7	0	76.7444	26.8901	-6.24406	-715.609	9.83012	2.88393	-763.453	
9476	13030	35.4253	120.393	35.3106	-99999	114.034	-0.84363	1	0	-104.088	-98.8132	130.258	100.692	415.821	397.777	-68.353	-64.9599	-63.0562	130.335	115.201	100.692	415.861	407.388	397.777	4.4881	34	0	76.1927	114.053	51.6107	369.265	114.053	51.6107	369.265	
9476	128076	277.73	637.158	277.679	44.4343	33.627	-0.429086	1	1	-271.345	-89.1086	131.566	57.8463	672.841	481.821	-271.345	-177.188	-89.1086	131.566	87.2993	57.8463	672.841	582.504	481.821	5.37658	10	0	65.9866	33.6401	23.9687	514.055	33.6401	23.9687	514.055	
9476	124152	226.554	515.151	225.487	60.5891	51.895	-0.925495	1	1	-221.615	-196.079	130.075	-65.3821	-539.302	-647.216	-221.652	-202.552	-196.092	130.95	32.1258	-65.4821	-538.959	-590.476	-647.275	4.67514	13	0	52.8032	51.212	2.60074	-714.066	51.212	2.60074	-714.066	
9476	146568	38.5854	124.328	38.5782	-99999	-34.797	-0.333989	0	0	-245.634	-259.715	132.063	118.354	376.784	409.914	-245.58	-252.757	-259.663	132.063	125.038	118.353	376.784	393.249	409.919	5.32867	14	0	75.3637	86.0615	-111.56	811.63	86.0615	-111.56	811.63	
9476	81415	362.706	467.729	345.231	-99999	47.456	-0.907955	1	1	-127.798	-155.705	130.426	-165.217	-477.344	-651.833	-112.836	-136.682	-138.918	132.13	-21.305	-171.195	-476.597	-569.98	-656.897	14.2091	6	0	60.2208	47.4759	-21.8254	-568.124	47.4759	-21.8254	-568.124	
9476	95336	301.833	762.984	300.86	-99999	47.953	-0.995382	1	1	-261.239	-201.775	129.863	-164.674	783.538	772.557	-268.824	-241.743	-209.331	130.826	-17.351	-164.674	783.625	776.635	772.557	5.63188	10	0	63.4518	47.9843	-19.1733	752.881	47.9843	-19.1733	752.881	
9476	129679	136.823	2762.2	133.656	-99999	47.9	-0.764755	1	1	-218.108	-147.07	125.417	21.4267	-155.423	-111.078	-211.195	-174.735	-138.493	126.276	73.1378	19.7848	-155.784	-132.834	-110.546	220.421	10	0	2527.65	47.9239	-38.826	-98.9709	47.9239	-38.826	-98.9709	
9476	4450	299.093	674.505	296.899	-99999	0.939	-0.827195	1	1	-155.414	-262.254	132.492	-110.211	-477.368	-347.56	-155.414	-215.235	-262.467	132.492	8.17254	-112.221	-477.368	-420.326	-346.769	6.71466	12	0	76.8197	0.97404	-23.5041	-401.662	0.97404	-23.5041	-401.662	
9476	35913	37.5875	139.26	37.5856	-99999	43.201	-0.969666	1	0	-215.173	-203.396	132.441	97.6293	497.903	505.467	-221.98	-216.232	-210.203	132.441	114.874	97.6293	497.903	501.094	505.467	7.37867	9	0	90.8066	43.2217	34.8446	448.774	43.2217	34.8446	448.774	
9476	74564	67.3322	161.965	66.1718	-99999	38.175	-0.860165	1	0	-108.269	-73.9069	132.924	76.3919	-583.072	-584.257	-96.7387	-79.3402	-61.7798	133.675	104.857	76.1489	-583.072	-583.499	-584.277	6.17968	9	0	46.1339	38.1867	73.124	-591.238	38.1867	73.124	-591.238	
9476	20401	132.7	326.857	131.396	-99999	116.838	-0.965172	0	0	-159.473	-196.469	132.235	6.3072	-126.392	-122.473	-122.496	-140.832	-159.833	133.49	69.7795	6.3072	-126.447	-124.289	-122.473	4.1609	8	0	69.6353	-999999	-999999	-999999	-999999	-999999	-999999	
9476	36758	313.135	914.679	306.73	-99999	71.984	-0.946858	1	1	-328.343	-338.348	131.759	-169.519	-455.533	-403.086	-328.429	-336.316	-338.767	131.831	-22.061	-174.874	-455.541	-429.821	-399.848	7.18308	11	0	94.7689	72.0167	-40.2716	-427.875	72.0167	-40.2716	-427.875	
9476	51944	110.222	266.058	110.038	-99999	65.293	-0.898309	1	1	-358.317	-297.823	126.338	35.8413	337.88	348.643	-358.497	-331.837	-297.925	126.502	78.4377	35.8413	337.869	340.482	348.643	5.18792	9	0	70.561	65.3195	29.6384	359.018	65.3195	29.6384	359.018	
9476	119275	58.6059	211.983	57.0234	-99999	116.473	-0.914031	0	0	-207.609	-190.57	129.002	81.8364	772.213	797.003	-171.407	-163.528	-153.93	130.185	103.696	81.6819	771.802	781.491	797.15	5.00156	7	0	107.107	116.49	26.9682	762.544	116.49	26.9682	762.544	
9476	124377	209.169	472.865	208.158	61.5482	54.893	-0.722183	1	1	-125.414	-264.965	132.863	-19.1801	-681.083	-660.982	-125.414	-196.997	-265.579	132.863	57.6507	-19.9215	-681.083	-669.228	-660.711	5.61612	9	0	71.338	54.9301	4.1853	-662.892	54.9301	4.1853	-662.892	
9476	125484	62.7945	191.774	61.7241	-99999	105.279	-0.87475	0	0	-351.114	-344.462	132.732	80.0745	-679.041	-648.638	-351.278	-348.112	-344.718	132.732	104.521	79.2306	-679.041	-666.054	-648.075	4.69121	15	0	86.1954	105.294	59.2432	-641.244	105.294	59.2432	-641.244	
9476	48031	198.177	508.673	197.719	-20.8127	-27.501	-0.894735	1	1	-183.717	-243.103	131.422	-44.4901	-850.126	-785.885	-183.697	-208.63	-243.112	131.5	42.7183	-44.8148	-850.159	-814.35	-785.717	5.69301	15	0	82.7004	-27.4685	-3.37858	-766.501	-27.4685	-3.37858	-766.501	
9476	1196	159.066	371.806	158.902	-99999	70.192	-0.968392	1	1	-253.016	-232.609	130.651	-22.4769	-573.686	-538.928	-253.122	-242.782	-232.715	130.695	54.9782	-22.5893	-573.697	-551.869	-538.932	5.88674	11	0	85.8514	70.225	-2.04712	-533.977	70.225	-2.04712	-533.977	
9476	137071	251.147	551.046	250.725	-99999	41.686	-0.908759	0	0	-350.252	-283.866	130.183	-90.5912	-570.948	-475.922	-350.316	-321.329	-283.931	130.564	16.723	-90.5912	-571.121	-528.074	-475.922	4.86485	12	0	90.4116	-999999	-999999	-999999	-999999	-999999	-999999	
9476	6320	119.084	253.985	119.078	-99999	23.626	-0.831169	1	1	-278.114	-294.986	130.688	27.5317	543.339	598.184	-278.151	-282.351	-295.023	130.688	79.0576	27.5317	543.339	572.455	598.184	6.79702	14	0	76.1578	23.6596	-19.774	112.98	51.1696	12.6885	682.635	
9476	107001	71.294	158.95	71.2911	-99999	69.388	-0.66122	1	1	-184.967	-222.249	133.24	96.1278	322.589	274.698	-174.034	-192.202	-211.316	133.24	113.828	96.1278	322.589	298.918	274.698	11.1593	14	0	47.4857	69.4283	-12.706	161.894	-4.65172	-36.9781	352.737	
9476	117493	65.8982	170.813	65.706	-99999	50.742	-0.977755	0	0	-281.767	-248.481	131.858	75.8769	160.958	161.478	-273.86	-257	-240.526	131.903	104.071	75.7742	160.956	162.199	161.486	4.33842	12	0	65.9569	73.7306	-65.292	141.737	-25.1694	27.9859	168.73	
9476	143252	272.362	614.314	271.922	-99999	89.566	-0.976931	1	1	-229.287	-162.439	132.766	-125.746	-576.928	-606.613	-201.229	-179.002	-134.285	132.858	-1.33809	-126.057	-576.926	-579.482	-606.733	5.60997	9	0	61.3066	85.7205	-59.962	168.225	85.7205	-59.962	168.225	
9476	143306	416.42	1036.96	413.649	-99999	49.114	-0.743946	1	1	-142.063	-77.479	130.663	-139.923	-743.093	-437.325	-126.989	-94.7646	-62.0374	132.522	-5.41688	-140.024	-744.728	-592.212	-437.101	4.23963	8	0	49.9412	49.1282	-46.2168	-557.421	49.1282	-46.2168	-557.421	
9476	123081	250.293	682.193	250.253	-99999	105.107	-0.459378	1	1	-234.084	-94.9088	133.518	21.3488	32.2789	-142.764	-201.126	-131.169	-61.9291	133.518	77.3354	21.3313	32.2789	-54.892	-142.791	10.5601	15	0	43.7957	105.13	13.2175	-105.587	105.13	13.2175	-105.587	
9476	123972	239.385	429.122	239.335	-1023.65	13.509	-0.727634	0	0	-238.846	-169.604	131.867	-10.1199	-3.39852	-182.445	-238.846	-207.097	-169.604	131.867	59.5998	-10.1199	-3.39852	-92.7071	-182.445	5.36037	16	0	47.4161	23.4991	-41.693	-429.325	-15.2209	34.7497	-251.214	
9476	139219	275.329	615.61	275.305	-99999	51.101	-0.934484	1	1	-273.005	-279.7	132.079	-116.066	-404.631	-289.158	-273.085	-283.92	-279.78	132.079	7.92672	-116.066	-404.631	-346.618	-289.158	17.8413	14	0	120.925	51.1127	-22.931	-328.463	51.1127	-22.931	-328.463	
9476	23115	230.771	483.88	229.507	-38.6315	-44.357	-0.992301	1	1	-185.413	-217.314	131.599	-92.6978	-178.577	-182.925	-185.297	-206.273	-217.304	132.617	19.2774	-92.8379	-178.565	-182.171	-182.869	4.69236	8	0	56.629	-44.3243	-24.631	-190.909	-44.3243	-24.631	-190.909	
9476	63822	458.833	1092.63	458.443	63.2274	57.095	-0.686817	1	1	-132.397	-330.756	132.945	-171.717	-15.6515	263.24	-132.265	-231.866	-330.756	133.207	-17.8082	-171.717	-15.8918	124.903	263.24	5.09055	15	0	72.002	57.1327	-43.3063	157.336	57.1327	-43.3063	157.336	
9476	50081	509.127	1006.11	507.316	-99999	-20.636	-0.624924	1	1	-85.7688	-120.145	130.247	-163.869	600.458	236.798	-92.2313	-94.2081	-126.616	130.407	-27.0267	-163.869	600.658	441.892	236.798	7.12453	13	0	74.6273	-20.5942	-21.2323	420.03	-20.5942	-21.2323	420.03	
9476	22669	336.531	814.424	336.528	-99999	111.716	-0.902186	1	1	-243.04	-96.9198	131.141	-164.468	-725.104	-787.365	-208.01	-133.635	-61.8896	131.141	-14.2254	-164.468	-725.104	-765.445	-787.365	4.36595	8	0	44.8657	111.747	-30.8666	-739.024	111.747	-30.8666	-739.024	
9476	119912	365.843	2816.84	362.686	-23.0137	-29.357	-0.921275	1	1	-285.299	-165.926	129.659	-159.538	538.325	360.595	-285.326	-241.243	-165.56	131.452	-20.1209	-160.538	539.073	447.203	360.043	4.96111	15	0	76.263	-29.3265	-28.0443	441.212	-29.3265	-28.0443	441.212	
9476	1832	404.689	961.96	403.165	-99999	92.378	-0.743672	1	1	-107.193	-225.499	132.926	-169.928	-570.99	-809.289	-92.2692	-152.524	-211.008	133.897	-16.8137	-170.093	-570.201	-691.008	-809.415	13.8429	13	0	54.095	92.4188	0.0648953	-668.606	92.4188	0.0648953	-668.606	
9476	2534	286.068	674.459	285.978	59.2886	51.983	-0.792249	1	1	-341.124	-174.303	132.1	-84.0368	-45.8152	-127.391	-341.124	-258.877	-174.254	132.1	23.916	-84.0841	-45.8152	-89.4877	-127.432	5.78489	12	0	77.1826	52.0126	-6.77867	-91.4777	52.0126	-6.77867	-91.4777	
9476	28704	198.912	443.831	198.001	-23.0293	-25.134	-0.771555	1	1	-129.628	-257.351	132.946	-13.6122	-676.935	-705.713	-129.091	-191.188	-257.351	133.65	58.1828	-13.6122	-676.768	-695.007	-705.713	5.35202	8	0	76.8874	-25.0868	5.26967	-659.755	-25.0868	5.26967	-659.755	
9476	61224	306.774	608.57	306.578	-99999	87.468	-0.896784	1	1	-248.358	-292.589	131.944	-142.874	425.8	552.348	-248.494	-269.255	-292.737	131.944	-4.55273	-143.041	425.8	492.003	552.433	4.33417	13	0	68.4933	87.5066	-34.2225	498.234	87.5066	-34.2225	498.234	
9476	1156	176.434	397.755	174.189	-99999	-48.667	-0.941364	1	1	-312.392	-347.325	130.647	-32.8036	-730.366	-684.987	-311.997	-325.233	-347.719	131.586	47.159	-33.944	-730.523	-709.191	-684.909	4.7605	9	0	72.691	-48.6453	5.83439	-695.169	-48.6453	5.83439	-695.169	
9476	8156	372.479	850.817	372.453	-99999	-48.668	-0.826859	1	1	-345.777	-246.847	131.612	-150.995	93.8945	309.825	-345.701	-282.839	-246.771	131.612	-8.81538	-150.995	93.8945	198.648	309.825	6.5007	13	0	75.8209	-48.6341	-15.7729	207.288	-48.6341	-15.7729	207.288	
9476	6303	413.659	977.117	408.358	-99999	1.494	-0.701813	1	1	-125.85	-80.2252	113.358	-158.939	-889.495	-593.619	-125.538	-105.32	-80.0732	114.138	-35.4361	-159.589	-890.276	-749.08	-589.516	16.0856	16	0	149.156	1.52375	-56.3115	-703.431	1.52375	-56.3115	-703.431	
9476	26541	126.773	300.643	125.079	153.392	92.314	-0.866451	0	0	-267.117	-200.322	130.648	27.2816	-864.782	-880.463	-267.64	-231.463	-200.117	131.681	81.3612	26.8645	-864.525	-877.005	-880.514	4.86907	8	0	71.6661	85.804	-29.9923	-232.418	85.804	-29.9923	-232.418	
9476	114321	228.011	526.09	221.955	-99999	88.925	-0.722192	1	1	-76.0092	-225.799	127.377	-36.3941	722.567	721.692	-60.2683	-137.312	-214.406	129.184	45.1695	-38.7814	722.734	722.051	721.776	8.91979	6	0	73.4886	88.957	-24.7167	717.034	88.957	-24.7167	717.034	
9476	117941	238.484	526.811	235.118	-12.6975	-20.813	-0.934459	1	1	-316.789	-194.687	130.513	-65.6906	-441.585	-465.476	-317.201	-256.007	-193.559	131.672	29.6495	-67.0552	-441.691	-442.894	-466.629	5.45172	13	0	81.5164	-20.7807	-2.21308	-439.217	-20.7807	-2.21308	-439.217	
9476	135826	284.945	644.536	284.056	-99999	85.457	-0.969993	1	1	-344.938	-233.353	130.7	-127.259	425.144	437.933	-345.19	-301.534	-233.387	131.316	-4.11368	-127.485	425.237	422.134	437.973	6.17035	10	0	79.677	85.4616	0.416542	422.959	85.4616	0.416542	422.959	
9476	128613	296.654	712.418	295.531	-99999	35.423	-0.944445	1	1	-172.51	-72.9542	129.662	-148.016	515.553	533.035	-161.641	-112.187	-61.7194	130.377	-9.25095	-148.358	515.503	523.099	533.056	6.55838	7	0	49.8591	35.4466	-43.3842	519.608	35.4466	-43.3842	519.608	
9476	23930	317.226	779.37	314.858	83.6469	75.042	-0.973942	1	1	-247.076	-102.152	130.94	-128.183	722.756	623.92	-247.348	-182.83	-101.813	132.647	-0.340431	-128.695	722.986	666.726	623.895	15.4179	8	0	89.1468	75.0698	-43.7376	650.146	75.0698	-43.7376	650.146	
9476	73002	339.446	1008.58	308.258	-99999	112.625	-0.909489	1	1	-334.754	-242.865	128.15	-148.191	600.154	499.641	-335.067	-284.872	-234.986	128.754	-23.3685	-176.453	600.392	544.442	493.626	5.92473	6	0	260.689	112.657	-31.8763	535.187	112.657	-31.8763	535.187	
9476	26152	89.1257	308.293	88.8411	-99999	93.087	-0.677793	1	1	-358.303	-334.575	-99.8029	-160.949	552.314	612.222	-358.521	-346.803	-334.721	-99.6106	-130.083	-160.949	552.117	582.446	612.222	4.76554	13	0	116.912	93.1109	-97.3973	565.511	93.1109	-97.3973	565.511	
9476	38836	98.8924	245.138	98.0764	-99999	113.613	-0.886824	1	1	-357.563	-314.701	96.2802	8.82039	158.084	169.508	-357.781	-336.033	-314.606	96.3592	52.3701	8.14865	158.073	164.143	169.555	7.58136	6	0	67.3008	113.649	-0.712276	180.301	113.649	-0.712276	180.301	
9476	127810	207.263	448.669	206.869	-99999	2.081	-0.764753	1	1	-358.427	-248.833	123.933	-50.2369	763.119	772.735	-358.658	-303.108	-248.814	124.2	36.9195	-50.2641	763.118	763.463	772.749	4.41654	11	0	73.9947	1.98211	-7.56187	273.658	83.5321	-40.0466	794.848	
9476	111217	466.716	1070.2	466.122	-28.8489	-35.146	-0.657685	1	1	-122.501	-301.304	133.001	-139.438	-717.338	-386.904	-122.304	-207.01	-301.304	133.386	-11.5943	-139.438	-717.729	-555.888	-386.904	5.28109	6	0	64.5189	-35.0999	-27.1732	-529.213	-35.0999	-27.1732	-529.213	
9476	12183	254.563	586.172	253.519	54.8746	47.368	-0.923517	1	1	-222.012	-176.246	129.419	-96.932	-441.093	-543.849	-221.968	-204.042	-176.086	130.014	14.0488	-97.2471	-440.843	-489.293	-543.999	6.93538	11	0	85.7812	47.401	-23.2711	-500.01	47.401	-23.2711	-500.01	
9476	12802	83.9621	1177.54	83.1452	-99999	116.914	-0.819656	0	0	-168.539	-119.289	132.506	65.5504	-9.58309	-8.98521	-132.271	-107.308	-82.557	133.075	99.345	65.4512	-9.64295	-8.79581	-8.99057	8.00571	6	0	948.057	5.87725	26.4235	-450.002	-40.7627	-27.6548	419.033	
9476	12883	127.157	278.006	127.147	-99999	41.687	-0.784627	1	1	-257.189	-260.212	128.322	33.1926	-856.821	-791.529	-257.254	-259.894	-260.277	128.322	76.8223	33.1926	-856.821	-819.745	-791.529	6.22525	10	0	28.808	41.7221	23.8578	-772.4	41.7221	23.8578	-772.4	
9476	188	263.998	744.294	261.345	-99999	23.651	-0.640868	1	1	-186.621	-82.3551	128.53	-39.5152	82.5486	253.385	-179.938	-127.649	-74.6414	129.751	44.8347	-39.9818	81.2825	167.748	253.885	9.89766	6	0	120.741	23.6835	-52.7392	221.574	23.6835	-52.7392	221.574	
9476	1133	76.3926	243.639	76.0984	-99999	81.526	-0.538066	0	0	-240.347	-224.371	130.364	82.3205	-370.976	-314.423	-227.629	-219.082	-211.609	130.364	106.849	82.1336	-370.976	-342.232	-314.212	5.2742	15	0	76.776	75.3941	27.1953	-341.828	75.3941	27.1953	-341.828	
9476	116109	263.567	601.199	263.221	-99999	-0.337	-0.698207	1	1	-62.1151	-234.823	50.7784	-139.948	202.073	250.755	-62.1151	-151.494	-234.941	50.7784	-41.4958	-140.259	202.073	231.354	250.763	5.27961	10	0	76.5141	-0.306993	-18.0755	223.951	-0.306993	-18.0755	223.951	
9476	29094	46.5126	135.798	45.8075	-99999	30.453	-0.791739	0	0	-287.739	-312.403	131.036	92.5196	-706.126	-705.887	-287.744	-300.502	-312.777	131.091	111.704	91.979	-706.128	-705.06	-705.944	4.34503	6	0	76.9931	-15.8998	-22.3636	-219.093	-29.7598	7.08891	-851.887	
9476	134781	357.846	765.243	357.518	-99999	79.732	-0.827387	1	1	-212.379	-258.682	129.797	-160.939	-444.469	-243.204	-212.432	-242.402	-258.797	130.031	-18.1635	-160.968	-444.613	-349.181	-243.18	6.04681	14	0	68.8908	79.7533	-29.9386	-331.489	79.7533	-29.9386	-331.489	
9476	117582	254.172	704.626	252.702	-99999	75.401	-0.959152	1	1	-137.969	-85.4864	133.541	-112.164	-223.53	-196.67	-114.326	-88.2818	-61.5733	133.541	9.90798	-113.59	-223.53	-210.043	-196.47	7.5231	7	0	128.125	75.4241	-40.7758	-191.681	75.4241	-40.7758	-191.681	
9476	86215	285.84	715.247	285.823	72.4343	67.786	-0.678326	1	1	-114.625	-319.526	132.57	-63.4668	-458.81	-479.568	-114.625	-217.873	-319.526	132.57	34.0954	-63.4668	-458.81	-464.466	-479.568	7.77848	11	0	144.009	67.819	-22.4605	-460.187	67.819	-22.4605	-460.187	
9476	35677	298.025	731.046	293.533	-99999	95.714	-0.986299	1	1	-182.538	-226.183	130.329	-154.534	673.951	619.251	-166.941	-189.209	-211.102	134.748	-10.7501	-154.534	674.52	651.455	619.251	5.5202	13	0	57.7638	95.7393	-22.7287	642.566	95.7393	-22.7287	642.566	
9476	24630	246.346	404.099	246.261	-99999	7.59	-0.913051	1	1	-324.576	-342.928	130.093	-85.7367	96.5388	211.796	-324.58	-334.336	-342.94	130.137	21.8617	-85.7367	96.5212	154.166	211.796	4.21318	11	0	73.0721	7.61662	-18.0434	175.766	7.61662	-18.0434	175.766	
9476	136864	319.549	754.021	319.392	-31.4797	-39.28	-0.787978	1	1	-76.9943	-226.058	133.315	-79.7513	315.858	493.845	-76.9639	-134.844	-226.081	133.398	13.7161	-79.7738	315.802	404.217	493.872	5.10083	14	0	100.26	-39.2517	-14.5231	489.406	-39.2517	-14.5231	489.406	
9476	32031	194.106	1920.92	192.716	-687.179	25.371	-0.791606	0	0	-125.563	-232.65	132.775	-13.5916	-540.819	-476.802	-125.474	-176.553	-233.418	132.918	58.2814	-14.4456	-540.884	-505.919	-476.479	4.51336	9	0	59.1731	-999999	-999999	-999999	-999999	-999999	-999999	
9476	114387	75.0849	202.406	74.1226	-99999	29.556	-0.8433	1	0	-283.715	-236.417	129.291	73.193	-653.439	-645.716	-284.085	-262.133	-236.245	129.83	99.8332	72.9527	-653.523	-648.828	-645.69	6.05528	6	0	71.5881	29.5738	30.9031	-638.437	29.5738	30.9031	-638.437	
9476	130566	297.819	834.456	297.636	-99999	98.329	-0.776795	1	1	-343.112	-194.306	128.531	-112.016	541.42	633.924	-358.704	-283.51	-209.799	128.671	8.9125	-112.016	541.362	587.953	633.924	6.61517	10	0	46.6007	98.3506	-6.96439	597.14	98.3506	-6.96439	597.14	
9476	36562	158.656	384.224	158.01	137.701	112.867	-0.788138	1	1	-220.816	-104.977	131.548	25.9041	-791.57	-793.166	-220.82	-160.605	-104.627	131.554	80.4681	25.4258	-791.571	-788.812	-793.364	4.35407	12	0	72.5294	112.895	23.5734	-766.104	112.895	23.5734	-766.104	
9476	58014	207.509	751.213	207.184	-99999	113.209	-0.57091	1	1	-157.861	-97.2181	130.257	11.7477	414.396	573.115	-122.412	-92.0722	-61.6722	130.349	70.7804	11.6657	414.271	493.609	573.237	5.00432	6	0	45.2998	113.233	4.47768	538.533	113.233	4.47768	538.533	
9476	11928	315.829	718.706	313.886	-99999	-45.804	-0.890903	1	1	-239.44	-250.958	131.029	-161.007	-595.397	-503.614	-239.215	-245.571	-250.879	131.447	-19.953	-161.207	-595.571	-556.768	-503.487	6.41771	11	0	68.1046	-45.7652	-23.2872	-552.941	-45.7652	-23.2872	-552.941	
9476	121419	65.4883	150.59	64.3512	-99999	0.703	-0.950789	1	1	-176.778	-168.419	133.105	73.9176	-417.347	-398.842	-176.557	-169.802	-168.278	133.105	101.522	73.6881	-417.347	-412.698	-398.04	7.13227	16	0	56.8483	0.732292	-27.0946	-400.891	0.732292	-27.0946	-400.891	
9476	31816	80.6638	189.63	80.2684	-99999	48.697	-0.403407	0	0	-148.871	-77.1535	132.889	97.4051	-113.367	-118.73	-133.602	-97.436	-61.6068	132.889	115.275	97.1701	-113.367	-116.013	-118.729	7.05797	8	0	55.9756	48.665	20.152	-123.465	48.665	20.152	-123.465	
9476	152487	152.77	550.386	144.157	-99999	9.461	-0.788932	1	1	-161.609	-72.5456	129.696	16.4881	762.783	768.248	-159.137	-111.853	-64.8833	130.354	70.4474	10.2795	762.711	765.778	768.161	52.3228	7	0	231.651	9.48801	5.695	760.991	9.48801	5.695	760.991	
9476	61594	158.458	363.311	157.991	-99999	-3.936	-0.782818	1	1	-288.754	-338.501	129.604	11.9108	154.63	245.428	-288.553	-318.782	-338.494	129.967	72.5854	11.9108	154.421	199.651	245.428	4.21631	15	0	70.6981	-3.90769	29.4162	210.172	-3.90769	29.4162	210.172	
9476	70182	339.44	3804.18	338.043	21.786	13.624	-0.746694	1	1	-332.358	-148.762	130.778	-124.413	166.749	44.3603	-332.358	-242.171	-148.053	130.778	4.7205	-125.553	166.749	98.0311	43.9938	5.03592	9	0	80.9066	13.6561	-17.4863	93.4042	13.6561	-17.4863	93.4042	
9476	36297	72.5641	184.871	71.3117	-99999	20.622	-0.883942	1	1	-265.064	-296.556	131.345	68.4867	-377.899	-368.404	-264.857	-280.343	-296.801	131.829	99.8477	67.8266	-378.029	-370.955	-368.415	4.34751	7	0	74.9491	20.6515	-7.17716	-588.778	-46.6285	-14.3707	-347.946	
9476	138264	171.83	417.444	171.404	123.658	109.087	-0.82497	1	1	-235.591	-152.281	127.732	-15.7087	200.649	237.197	-235.591	-192.785	-152.16	127.732	57.7153	-16.0724	200.649	223.858	237.221	6.83015	7	0	88.8258	109.122	-1.37292	227.733	109.122	-1.37292	227.733	
9476	78321	291.485	1104.16	290.921	-99999	71.406	-0.877412	1	1	-230.624	-84.2517	132.278	-118.836	846.615	858.724	-208.495	-135.452	-61.8613	132.774	6.81034	-118.836	846.616	852.632	858.724	4.61086	6	0	45.2809	71.434	-47.9317	812.837	71.434	-47.9317	812.837	
9476	112059	215.057	475.087	214.752	-99999	-23.252	-0.880686	1	1	-236.984	-301.274	131.541	-70.3557	776.776	802.643	-236.937	-274.827	-301.318	131.561	32.936	-70.6077	776.773	795.997	802.726	4.74657	10	0	71.4951	-23.2226	-12.2724	743.48	-23.2226	-12.2724	743.48	
9476	83819	232.923	508.37	231.785	14.3443	6.091	-0.986268	1	1	-238.081	-200.581	129.539	-96.0003	144.062	114.452	-238.002	-224.656	-200.613	130.223	15.8023	-96.4184	144.167	128.028	114.385	5.55637	10	0	77.9515	6.10246	-17.3148	124.277	6.10246	-17.3148	124.277	
9476	9822	260.937	564.649	259.089	-99999	-34.173	-0.951637	1	1	-184.622	-101.874	128.946	-115.997	460.887	461.066	-195.773	-156.685	-112.46	130.292	5.94634	-116.404	460.819	457.925	461.086	7.11598	7	0	69.9597	-34.1553	-36.5532	447.098	-34.1553	-36.5532	447.098	
9476	110501	225.114	527.341	208.456	-99999	85.273	-0.866766	1	1	-157.555	-91.333	131.936	-49.6559	-202.093	-124.43	-131.28	-95.447	-64.1338	133.119	35.296	-60.1263	-202.596	-159.996	-116.496	34.7157	6	0	97.0477	85.3014	-90.9852	-159.611	85.3014	-90.9852	-159.611	
9476	70041	326.278	729.15	324.885	-99999	-0.601	-0.907035	1	1	-140.168	-148.974	131.177	-161.856	840.582	700.652	-140.356	-144.842	-149.281	131.177	-15.9616	-163.106	840.582	770.323	700.084	6.24474	11	0	71.9791	-0.571041	-25.131	743.247	-0.571041	-25.131	743.247	
9476	46115	138.156	383.043	136.013	-99999	110.781	-0.904032	1	1	-333.58	-304.227	126.872	7.50632	-477.698	-421.576	-333.764	-322.522	-304.178	128.236	66.1837	6.91902	-478.319	-451.131	-421.466	5.58736	9	0	112.151	110.82	26.1675	-426.056	110.82	26.1675	-426.056	
9476	10178	69.5574	174.457	65.6781	-99999	91.753	-0.966766	1	1	-96.6798	-90.5873	128.099	64.1771	122.33	132.551	-68.1626	-64.8235	-61.7051	130.191	96.0602	63.4349	121.829	127.495	132.935	15.0515	14	0	76.9851	91.7693	-6.09419	142.031	91.7693	-6.09419	142.031	
9476	18715	356.386	822.347	356.159	-99999	-14.399	-0.783052	1	1	-227.74	-280.857	131.504	-135.632	-68.6881	158.395	-227.656	-257.322	-280.826	131.643	-6.75498	-135.663	-68.7823	39.1308	158.419	7.0543	15	0	95.1163	-14.358	-25.4008	53.8938	-14.358	-25.4008	53.8938	
9476	34602	162.422	414.979	160.297	-99999	76.45	-0.924841	1	1	-167.325	-231.087	132.722	-13.2712	-160.911	-170.926	-142.907	-175.289	-207.15	133.858	59.7255	-14.1503	-160.829	-167.838	-171.092	5.25014	15	0	78.6929	76.4646	-7.97108	-176.157	76.4646	-7.97108	-176.157	
9476	13808	265.228	611.018	264.917	-99999	58.804	-0.905478	1	1	-258.812	-345.791	130.189	-113.47	-591.62	-538.258	-258.904	-303.586	-345.952	130.189	8.47915	-113.762	-591.62	-564.239	-538.201	9.26421	7	0	75.1133	58.8334	-28.761	-557.101	58.8334	-28.761	-557.101	
9476	14267	186.921	450.231	186.684	-99999	101.323	-0.822149	1	1	-163.785	-239.611	130.454	-31.1024	437.351	383.865	-131.9	-172.367	-207.839	130.647	50.7185	-31.1024	437.422	411.169	383.865	5.37752	16	0	80.9281	108.048	-46.2147	597.864	108.048	-46.2147	597.864	
9476	14807	48.4763	141.257	47.5271	-99999	30.695	-0.902727	1	0	-150.607	-133.71	132.003	89.2318	-712.691	-700.979	-141.347	-133.363	-124.085	132.854	110.767	89.2318	-712.889	-706.954	-700.979	4.65336	6	0	75.3158	30.728	46.221	-688.196	30.728	46.221	-688.196	
9476	91245	233.982	819.382	202.285	-99999	3.104	-0.807209	1	1	-100.89	-232.446	133.27	-19.9975	-698.255	-705.925	-100.698	-177.685	-250.915	133.536	45.5905	-45.1206	-698.247	-702.851	-703.953	97.4114	9	0	416.917	3.14801	-35.5715	-687.799	3.14801	-35.5715	-687.799	
9476	91434	59.1146	163.285	56.8338	-99999	-20.532	-0.933259	1	0	-127.028	-103.286	130.986	80.4454	393.019	398.91	-133.842	-123.887	-109.237	132.269	105.262	79.6878	392.707	399.006	398.831	4.5064	9	0	73.9431	-20.5043	51.9051	394.889	-20.5043	51.9051	394.889	
9476	134917	123.99	16173.8	122.445	-99999	-38.44	-0.870176	1	1	-358.504	-324.511	19.853	-91.8748	-248.725	-275.547	-358.723	-332.788	-324.409	20.3782	-34.3499	-92.5284	-248.606	-261.775	-275.489	4.22424	7	0	15964.9	-38.4226	-14.7026	-342.162	-38.4226	-14.7026	-342.162	
9476	51052	134.987	315.993	134.924	-99999	-9.415	-0.601111	1	1	-318.499	-288.317	129.66	48.0753	726.307	828.739	-318.484	-298.74	-288.302	129.66	88.8643	48.0352	726.307	776.271	828.781	6.76812	16	0	54.5113	-9.38651	38.3465	776.697	-9.38651	38.3465	776.697	
9476	128898	284.824	684.917	280.187	109.944	102.099	-0.989563	1	1	-225.102	-200.681	129.86	-145.662	-372.03	-335.196	-225.092	-206.403	-200.769	130.035	-9.44897	-150.062	-372.055	-351.398	-334.594	15.2041	6	0	129.837	102.127	-28.0911	-353.282	102.127	-28.0911	-353.282	
9476	129141	210.481	415.443	165.08	-99999	63.59	-0.667048	1	1	-358.266	-335.783	-33.9591	-145.758	-889.21	-769.977	-358.406	-344.286	-328.187	-33.7876	-104.574	-177.751	-889.396	-812.84	-739.291	5.73748	9	0	79.6905	63.6238	-77.1633	-804.003	63.6238	-77.1633	-804.003	
9476	43570	137.557	360.775	136.166	15.5473	4.569	-0.909431	1	1	-232.069	-180.613	129.39	19.5623	-519.548	-578.331	-232.316	-206.044	-180.581	130.541	71.8898	19.4824	-519.085	-542.728	-578.405	6.89674	13	0	83.8503	4.60828	11.4175	-554.734	4.60828	11.4175	-554.734	
9476	44353	43.4388	146.344	42.2782	-99999	64.551	-0.838359	0	0	-193.763	-180.185	132.5	94.6772	-402.98	-390.504	-173.522	-166.029	-159.462	132.5	113.467	93.6817	-402.98	-395.957	-390.235	14.7979	7	0	90.679	64.5652	36.7193	-387.393	64.5652	36.7193	-387.393	
9476	28332	271.565	715.73	270.184	-99999	39.121	-0.901524	1	1	-262.284	-203.869	130.798	-108.065	198.891	309.68	-268.426	-240.004	-209.982	131.287	11.5961	-108.873	198.655	255.813	309.861	4.048	11	0	110.97	39.1588	-11.8887	89.3753	39.1588	-11.8887	89.3753	
9476	63695	297.836	667.026	295.316	-99999	84.907	-0.926144	1	1	-230.652	-175	129.257	-153.615	405.203	463.04	-204.766	-167.294	-148.376	131.585	-8.6321	-153.615	404.606	436.867	463.04	4.27004	7	0	67.8655	84.9326	-32.5706	432.159	84.9326	-32.5706	432.159	
9476	13641	187.175	424.778	187.013	-99999	10.43	-0.884202	1	1	-358.711	-297.128	105.73	-66.5299	386.583	421.682	-358.727	-323.257	-297.139	105.73	21.2458	-66.6862	386.583	405.216	421.705	4.04636	11	0	79.0111	10.4485	14.2696	406.566	10.4485	14.2696	406.566	
9476	15407	231.449	484.598	230.643	-99999	38.724	-0.993377	1	1	-353.853	-331.347	134.058	-94.4724	358.517	366.289	-353.955	-346.331	-331.255	134.308	19.0569	-94.993	358.518	364.153	366.266	7.13624	6	0	69.104	38.7506	-8.22781	371.854	38.7506	-8.22781	371.854	
9476	143236	321.755	3966.04	310.672	-99999	75.95	-0.994657	1	1	-137.103	-173.247	134.207	-170.213	-383.321	-433.486	-113.27	-132	-150.763	134.649	-22.9941	-180.33	-383.309	-409.21	-436.457	18.6391	9	0	917.356	75.9747	-38.244	-415.858	75.9747	-38.244	-415.858	
9476	42625	237.715	511.666	236.991	-99999	65.927	-0.953362	1	1	-350.32	-290.776	130.888	-91.4618	-563.089	-509.362	-350.423	-324.5	-290.759	130.888	17.3734	-92.1368	-563.089	-540.435	-509.142	4.25044	15	0	60.7975	65.9553	0.0309272	-537.725	65.9553	0.0309272	-537.725	
9476	2230	254.784	568.036	254.339	-99999	68.268	-0.914856	1	1	-181.013	-83.2581	132.002	-100.467	-60.5079	-27.7029	-159.647	-109.578	-61.7311	132.098	16.0774	-100.781	-60.518	-44.4113	-27.6798	4.39238	7	0	43.2606	68.293	-73.0155	-34.1032	68.293	-73.0155	-34.1032	
9476	16352	297.053	737.951	296.24	-99999	40.682	-0.918407	1	1	-291.98	-202.658	132.23	-133.454	-300.959	-205.419	-298.514	-255.08	-209.046	132.907	-0.400175	-133.524	-301.216	-252.447	-205.397	4.03543	9	0	34.6421	40.7097	-14.2408	-254.098	40.7097	-14.2408	-254.098	
9476	16514	89.589	218.374	89.5878	-99999	8.998	-0.658142	1	1	-241.567	-301.669	132.023	77.0358	-671.858	-635.607	-241.581	-269.362	-301.683	132.023	102.881	77.0358	-671.858	-652.268	-635.607	4.40814	8	0	65.4211	9.03575	37.2335	-636.298	9.03575	37.2335	-636.298	
9476	80761	79.0509	197.438	77.8499	-99999	77.681	-0.708127	1	0	-199.683	-231.089	129.099	68.5414	881.983	845.233	-174.797	-192.027	-206.731	129.946	101.316	68.5414	882.65	861.572	845.233	5.79036	14	0	77.9651	77.7246	22.383	796.325	77.7246	22.383	796.325	
9476	10823	475.122	1058.26	475.098	-99999	-2.785	-0.189448	1	1	-358.625	-175.382	14.4473	-71.5232	552.449	129.816	-358.625	-253.379	-175.382	14.4473	-30.959	-71.5232	552.449	344.723	129.816	10.6199	7	0	64.8469	-2.75802	-31.3643	381.329	-2.75802	-31.3643	381.329	
9476	55303	288.332	651.546	286.191	26.2778	19.653	-0.971329	1	1	-273.815	-179.625	126.314	-139.146	-658.344	-614.562	-273.903	-229.082	-179.357	126.751	-8.95114	-140.791	-658.398	-640.813	-614.326	4.01138	7	0	95.1601	17.3241	-41.3767	-155.745	-38.3559	-53.8364	-813.256	
9476	67695	271.125	678.468	267.234	85.8948	77.701	-0.965197	1	1	-315.714	-199.393	130.597	-91.0308	-142.452	-232.042	-316.074	-261.245	-199.131	133.854	17.2843	-91.3245	-143.358	-181.377	-232.135	4.47157	8	0	73.4021	77.7376	-11.6258	-192.433	77.7376	-11.6258	-192.433	
9476	120954	208.029	473.064	207.498	-99999	54.156	-0.998393	1	1	-246.596	-201.266	131.444	-70.5524	446.626	453.996	-255.111	-234.69	-209.788	131.589	29.8213	-70.931	446.614	448.808	453.97	9.65263	8	0	54.154	54.1901	-26.1342	445.649	-2.84989	75.8435	417.976	
9476	3103	674.46	5323.51	663.186	-99999	110.211	-0.439847	1	1	-186.445	-145.949	133.133	-170.777	-629.188	-48.2383	-152.057	-131.085	-111.386	133.556	-22.9458	-170.923	-630.046	-332.287	-47.9624	10.2796	9	0	58.5563	110.247	-31.2144	-317.723	110.247	-31.2144	-317.723	
9476	116711	185.805	396.479	184.404	-99999	65.967	-0.952461	1	1	-133.87	-82.6373	129.581	-45.5159	297.715	324.504	-113.39	-87.6805	-61.7689	130.311	42.0961	-46.12	297.604	311.3	324.567	4.23263	6	0	48.3527	65.9869	-41.9589	321.68	65.9869	-41.9589	321.68	
9476	9260	143.707	726.018	142.053	-99999	70.288	-0.851475	1	1	-252.649	-303.875	130.947	9.78757	-651.183	-597.761	-252.551	-278.164	-304.401	131.364	69.5399	8.90866	-651.336	-625.259	-597.128	4.12784	12	0	394.678	70.3287	-26.2918	-581.954	70.3287	-26.2918	-581.954	
9476	62847	298.83	747.057	293.321	-99999	42.227	-0.948695	1	1	-167.802	-216.566	125.672	-163.004	497.088	482.872	-153.667	-178.436	-203.36	130.576	-16.3279	-163.361	495.837	491.319	482.894	4.43851	6	0	55.9274	42.2463	-14.2386	485.46	42.2463	-14.2386	485.46	
9476	62847	99.5023	536.272	90.4281	-99999	42.227	-0.895201	1	1	-168.074	-196.906	131.277	69.4836	498.203	478.93	-161.487	-171.413	-190.429	131.277	87.1214	69.3016	498.203	500.286	478.7	11.4618	25	0	44.3394	42.2463	-14.2386	485.46	42.2463	-14.2386	485.46	
9476	6524	353.586	172662	353.367	-15.9656	-22.448	-0.73165	1	1	-298.679	-182.327	132.751	-158.816	699.319	538.862	-298.679	-241.703	-182.285	132.751	-10.1527	-158.987	699.319	612.444	538.753	5.76686	13	0	77.7749	-22.4207	-25.0078	610.759	-22.4207	-25.0078	610.759	
9476	143745	83.3456	191.499	83.2673	-99999	-44.629	-0.762669	1	0	-308.519	-320.092	131.273	62.4715	-609.108	-566.526	-308.45	-318.64	-320.022	131.273	97.2461	62.4715	-609.108	-587.775	-566.526	4.16621	9	0	44.6276	-44.5933	57.5725	-582.338	-44.5933	57.5725	-582.338	
9476	68110	329.444	779.584	329.033	-99999	38.357	-0.757759	1	1	-358.638	-240.03	133.387	-144.214	473.402	597.135	-358.698	-289.736	-239.917	133.387	2.35355	-144.579	473.402	545.174	597.158	5.29832	8	0	76.1323	38.389	-24.0181	551.786	38.389	-24.0181	551.786	
9476	32469	327.948	760.195	327.893	45.2151	37.97	-0.903591	1	1	-319.359	-147.473	130.497	-142.879	217.518	244.853	-319.376	-231.219	-147.473	130.538	-5.52423	-142.879	217.51	240.742	244.853	6.56674	22	0	106.594	37.9993	-21.6697	240.283	37.9993	-21.6697	240.283	
9476	145649	118.359	1270.88	116.048	-99999	-4.522	-0.853509	1	1	-242.683	-294.51	129.036	26.404	8.77252	24.1976	-242.173	-267.908	-295.077	129.851	77.1667	25.1933	8.65411	16.4952	24.2991	44.0142	8	0	965.442	-4.49521	-18.8195	24.3374	-4.49521	-18.8195	24.3374	
9476	60903	168.242	391.88	166.214	127.324	101.08	-0.992097	1	1	-204.063	-219.431	129.835	-33.5342	-512.673	-494.976	-204.042	-205.439	-219.533	130.319	46.6298	-35.0488	-512.727	-505.045	-495.029	8.07276	9	0	100.831	101.106	-2.88413	-506.402	101.106	-2.88413	-506.402	
9476	14705	116.304	270.2	115.592	-99999	-24.291	-0.923564	1	1	-151.485	-165.84	132.945	29.2847	-31.2747	-79.3795	-159.093	-163.908	-173.567	133.121	80.7747	28.8162	-31.2047	-55.959	-79.5764	4.25487	14	0	77.7188	-24.2664	5.16555	-62.4368	-24.2664	5.16555	-62.4368	
9476	56734	115.841	470.696	115.839	-99999	81.962	-0.786947	0	0	-248.981	-309.102	132.225	43.4712	559.229	602.741	-249.109	-279.065	-309.231	132.225	87.1465	43.4712	559.229	579.667	602.741	18.4513	8	0	92.3123	-999999	-999999	-999999	-999999	-999999	-999999	
9476	11188	232.028	491.276	231.434	60.0245	49.577	-0.902834	1	1	-282.074	-129.72	131.224	-36.5668	295.667	264.602	-282.312	-213.83	-129.72	131.745	39.1749	-36.5668	295.714	285.118	264.602	6.7891	9	0	65.0681	49.6038	-15.8859	274.619	49.6038	-15.8859	274.619	
9476	61455	175.631	393.476	175.627	-99999	55.772	-0.938531	1	1	-249.181	-277.551	131.041	-32.6366	-435.865	-382.441	-249.268	-259.085	-277.638	131.041	49.975	-32.6366	-435.865	-403.756	-382.441	5.29481	10	0	71.1714	51.3877	-23.1251	-418.385	51.3877	-23.1251	-418.385	
9476	40988	229.412	1392.4	228.927	-18.0526	-25.396	-0.893989	1	1	-305.523	-184.195	131.345	-34.3466	-828.604	-730.686	-305.523	-249.362	-183.853	131.345	44.446	-34.6135	-828.604	-780.43	-730.485	6.08501	7	0	76.6029	-25.3554	12.8192	-745.471	-25.3554	12.8192	-745.471	
9476	124904	97.1315	257.217	97.0525	-99999	53.458	-0.781325	1	1	-179.925	-219.934	131.607	55.6536	-228.635	-273.888	-171.502	-191.594	-211.545	131.607	93.6038	55.5936	-228.635	-251.217	-273.925	4.79527	13	0	59.5867	53.4897	-31.369	-325.066	85.3397	21.7734	-258.399	
9476	19378	133.858	296.481	133.656	-99999	55.77	-0.83142	1	1	-153.604	-79.4718	131.58	20.3894	-364.757	-362.839	-136.23	-99.1679	-61.9843	131.746	76.0225	20.3894	-364.761	-364.109	-362.839	4.47397	6	0	48.0289	55.79	17.869	-367.022	55.79	17.869	-367.022	
9476	15549	271.571	673.912	271.337	-99999	89.941	-0.863296	1	1	-348.899	-266.595	113.189	-109.316	2.15173	131.073	-349.098	-299.394	-266.732	113.38	6.42545	-109.326	2.06065	69.0692	131.077	5.98491	11	0	73.2586	89.9625	13.7744	55.8351	89.9625	13.7744	55.8351	
9476	141768	292.22	606.269	286.808	53.6846	53.806	-0.628153	1	1	-61.9495	-277.164	128.361	-53.5569	-643.442	-693.278	-61.9359	-172.842	-279.522	128.372	36.9864	-58.1666	-643.439	-669.797	-693.699	8.1451	9	0	59.3311	53.8019	-27.4775	-669.393	53.8019	-27.4775	-669.393	
9476	14079	71.171	181.652	67.8209	-99999	15.572	-0.967593	1	0	-189.265	-190.118	132.192	67.587	-145.954	-153.891	-184.35	-187.838	-185.237	132.65	99.4639	66.4201	-145.85	-148.724	-153.61	7.22639	13	0	73.006	15.6029	8.17025	-168.071	45.7229	11.7377	-124.336	
9476	51415	371.914	1265.8	370.737	78.001	70.039	-0.849082	1	1	-120.18	-279.361	133.061	-169.961	-260.069	-121.265	-120.118	-193.922	-279.632	133.21	-22.0026	-170.894	-260.135	-189.618	-121.037	7.01518	11	0	83.3231	66.9016	28.6361	-413.707	35.1716	-12.8297	-244.706	
9476	52414	263.895	605.22	263.45	72.0031	65.102	-0.871326	1	1	-140.19	-278.81	133.477	-77.3788	191.724	262.004	-140.19	-201.417	-278.967	133.477	20.9066	-77.7535	191.724	222.481	262.156	4.971	12	0	76.601	65.1365	-22.533	240.997	65.1365	-22.533	240.997	
9476	148597	72.0408	165.733	62.3031	-99999	-6.985	-0.271902	1	0	-73.715	-116.753	129.179	109.522	832.168	872.69	-75.4707	-100.368	-125.252	129.343	117.945	106.969	831.753	855.146	878.75	4.82645	6	0	51.5102	-6.95304	43.961	808.038	-6.95304	43.961	808.038	
9476	64530	40.1384	117.987	39.8848	-99999	83.382	-0.652423	0	0	-105.955	-133.589	130.408	106.372	456.892	442.326	-79.8097	-94.3374	-107.549	130.408	117.705	106.246	456.892	451.549	442.141	5.33801	15	0	72.5756	104.778	23.7418	-522.376	5.89795	-40.1154	335.095	
9476	55436	245.531	604.809	244.994	-99999	58.136	-0.509621	1	1	-226.334	-80.5177	132.935	2.72924	704.983	852.613	-208.104	-134.933	-61.9849	132.935	67.7461	2.4484	704.983	778.89	852.95	5.32015	6	0	59.0898	58.1646	10.7806	790.467	58.1646	10.7806	790.467	
9476	93671	325.355	752.924	325.349	93.823	86.559	-0.924052	1	1	-158.495	-302.093	132.628	-157.953	-359.628	-370.817	-158.495	-223.029	-302.093	132.628	-16.4881	-157.953	-359.628	-367.103	-370.817	9.42671	12	0	87.9018	86.5958	-40.5704	-369.102	86.5958	-40.5704	-369.102	
9476	19033	291.538	636.966	291.52	-99999	-27.325	-0.619086	1	1	-236.978	-301.882	131.374	-46.2119	-378.449	-158.799	-236.936	-275.356	-301.839	131.374	40.4416	-46.2119	-378.449	-271.379	-158.799	8.96548	10	0	68.3948	-27.2895	-10.1659	-230.291	-27.2895	-10.1659	-230.291	
9476	952	65.0964	158.76	58.9589	-99999	-3.702	-0.919822	0	0	-110.752	-87.5673	132.249	78.3634	-44.8871	-47.9482	-112.421	-99.6159	-86.759	133.447	103.574	73.961	-44.9661	-44.5406	-48.1908	4.8722	7	0	64.3849	-23.3201	7.17617	-808.181	-23.3201	7.17617	-808.181	
9476	113585	200.45	10327.6	198.231	36.8873	31.235	-0.956552	1	1	-192.399	-252.888	131.825	-56.6487	-849.766	-843.39	-192.142	-222.918	-253.336	132.688	37.3773	-57.8432	-849.8	-847.98	-843.102	4.01001	18	0	672.074	31.2706	-32.8375	-778.658	31.2706	-32.8375	-778.658	
9476	2464	192.498	472.224	192.21	-99999	33.902	-0.757281	1	1	-187.252	-72.7477	133.245	-21.1127	-561.872	-561.252	-176.621	-119.034	-61.9506	133.245	56.1435	-21.3467	-561.872	-561.395	-561.255	5.06384	7	0	52.4576	33.9232	-12.1334	-566.581	33.9232	-12.1334	-566.581	
9476	2491	30.9364	103.207	30.708	-99999	67.278	-0.745282	0	0	-255.856	-260.659	128.2	106.206	-631.867	-612.276	-255.961	-257.175	-260.923	128.2	117.636	106.121	-631.867	-620.723	-612.228	10.4129	12	0	78.3744	64.8079	-29.9536	-5.42306	39.7279	41.8947	-616.609	
9476	125200	42.791	103.536	42.5899	-99999	70.063	-0.199687	1	1	-187.504	-222.114	132.028	123.953	-499.644	-523.082	-176.465	-193.732	-211.235	132.028	128.181	123.905	-499.644	-511.668	-523.194	4.17781	8	0	59.1227	70.05	62.3	-600.261	70.05	62.3	-600.261	
9476	121772	250.081	578.473	250.072	-99999	71.772	-0.871627	1	1	-180.791	-86.0083	132.586	-95.4825	530.181	524.838	-158.286	-99.4681	-63.5032	132.586	22.3908	-95.4825	530.181	534.779	524.838	9.41184	10	0	68.6994	71.7948	-46.3531	526.7	71.7948	-46.3531	526.7	
9476	6723	813.618	1662.36	782.407	-99999	29.553	-0.407476	1	1	-167.69	-100.105	131.243	-62.4722	-230.403	516.793	-158.492	-128.466	-90.8377	131.65	-0.411365	-62.4722	-231.285	152.045	516.793	10.0189	12	0	106.368	29.6072	-38.1877	249.588	-14.8528	-12.2073	186.108	
9476	24607	252.434	2582.69	252.207	-470.112	72.136	-0.829859	0	0	-159.901	-248.817	133.095	-71.7094	693.336	807.402	-159.901	-205.981	-248.778	133.095	29.8537	-71.9008	693.336	749.258	807.503	8.53221	14	0	71.3682	99.9506	-43.3101	-511.216	99.9506	-43.3101	-511.216	
9476	147381	334.518	851.043	334.251	-99999	105.131	-0.499245	1	1	-192.251	-342.068	127.649	-17.7322	-346.708	-85.7652	-208.815	-283.36	-358.754	127.649	52.9086	-17.8448	-346.708	-217.028	-85.5573	4.86375	15	0	67.9575	105.124	-5.77914	-157.228	105.124	-5.77914	-157.228	
9476	148191	119.481	263.635	117.059	-99999	-1.49	-0.927145	1	1	-343.449	-329.615	129.318	21.9328	-71.6412	-28.3707	-343.336	-335.858	-329.569	131.384	75.4363	21.7729	-72.4614	-53.312	-28.2788	5.42619	12	0	57.7943	-1.47771	30.9873	-41.8616	-1.47771	30.9873	-41.8616	
9476	148488	91.9705	234.821	90.4348	-99999	34.482	-0.743635	1	1	-358.455	-316.573	-29.0182	-94.5537	585.332	631.112	-359.168	-337.909	-316.565	-28.0308	-61.9298	-94.6931	584.721	607.293	631.241	4.58019	16	0	81.6747	34.4862	-32.7082	585.877	34.4862	-32.7082	585.877	
9476	103812	309.988	645.065	302.045	59.6821	51.527	-0.961735	1	1	-222.705	-198.58	131.16	-156.033	-580.617	-670.157	-222.705	-211.139	-196.79	131.16	-16.3879	-163.588	-580.617	-626.308	-668.982	4.31001	11	0	34.9888	51.5567	-21.1225	-621.049	51.5567	-21.1225	-621.049	
9476	42797	110.546	274.136	109.398	-99999	97.08	-0.990535	1	1	-103.016	-92.732	129.388	20.9163	127.626	132.341	-72.7078	-67.1806	-62.2912	130.505	75.6584	20.9163	127.546	131.536	132.341	4.87468	14	0	61.9032	97.0861	-20.3628	140.233	97.0861	-20.3628	140.233	
9476	44186	372.89	826.123	370.245	-99999	-0.276	-0.55051	1	1	-173.102	-113.992	131.681	-96.2295	-674.884	-391.315	-173.544	-151.096	-113.801	132.764	19.2912	-96.5531	-676.506	-530.364	-390.815	4.11644	8	0	69.2348	-0.23999	-19.7394	-499.283	-0.23999	-19.7394	-499.283	
9476	37196	85.4901	239.277	85.489	-99999	116.26	-0.612732	1	1	-171.888	-229.884	132.997	80.5068	692.476	658.022	-153.569	-182.314	-211.565	132.997	106.679	80.5068	692.476	674.94	658.022	6.7754	11	0	51.0551	116.302	-21.1761	607.77	116.302	-21.1761	607.77	
9476	126917	416.017	1093.04	416.01	-99999	108.494	-0.680142	1	1	-254.192	-297.066	131.528	-154.518	-474.994	-177.285	-254.362	-275.556	-297.236	131.528	-11.6925	-154.518	-474.994	-326.15	-177.285	4.39674	16	0	191.549	111.552	-22.9212	732.586	-33.7982	-79.4448	-206.413	
9476	67062	287.781	743.685	287.779	-99999	-9.669	-0.772204	1	1	-356.954	-219.839	79.4686	-145.817	238.792	353.915	-356.939	-287.826	-219.824	79.4686	-32.7853	-145.817	238.792	296.451	353.915	6.37343	11	0	94.7361	-9.63414	-4.89805	293.66	-9.63414	-4.89805	293.66	
9476	5973	42.7341	94.3262	41.0497	-99999	46.728	-0.7114	1	1	-105.323	-76.5007	132.914	105.463	-98.6286	-108.611	-91.8048	-76.9106	-61.8484	134.118	119.628	105.463	-98.3111	-103.247	-108.611	7.38747	8	0	53.8438	46.7372	-74.6299	714.062	64.1672	28.4574	630.753	
9476	6135	68.3577	191.671	67.7102	-99999	35.929	-0.920765	1	0	-358.631	-336.949	-63.8518	-127.044	231.16	240.464	-358.823	-348.009	-336.938	-63.464	-95.0598	-127.257	231.066	238.329	240.468	7.13828	9	0	79.5129	35.9679	-71.1379	233.25	35.9679	-71.1379	233.25	
9476	63933	297.957	639.724	296.363	-99999	64.601	-0.995416	1	1	-153.338	-163.221	131.129	-163.841	-687.471	-698.764	-133.057	-138.291	-142.673	131.424	-17.1393	-165.014	-687.488	-693.188	-698.751	4.86104	9	0	73.8602	64.6148	-19.4292	-690.294	64.6148	-19.4292	-690.294	
9476	14248	280.306	713.995	279.961	-99999	46.133	-0.67765	1	1	-69.1279	-218.79	106.089	-86.9344	826.46	689.714	-61.6712	-136.824	-211.521	106.32	9.44569	-86.9344	826.633	758.745	689.714	6.28462	11	0	53.4609	46.1699	1.67127	736.819	46.1699	1.67127	736.819	
9476	9897	185.588	508.179	178.1	92.4983	86.713	-0.929821	1	1	-274.183	-203.87	125.047	-6.87308	234.658	141.025	-275.107	-249.614	-203.66	131.341	59.2479	-7.25986	237.565	185.762	140.872	4.76769	12	0	97.0468	86.7456	4.02549	176.488	86.7456	4.02549	176.488	
9476	10005	613.411	1514.76	613.263	-99999	88.627	-0.31349	1	1	-180.791	-90.093	130.306	-63.5365	134.484	708.907	-153.024	-108.249	-62.3027	130.351	32.9287	-63.5365	134.35	421.699	708.907	6.47272	11	0	75.5162	88.6667	-51.1066	628.856	88.6667	-51.1066	628.856	
9476	54203	111.228	279.957	110.739	-99999	29.403	-0.786203	1	1	-284.929	-264.5	129.68	50.1455	149.148	222.357	-284.991	-275.055	-264.466	129.796	86.6897	49.9509	149.057	182.64	222.622	5.63564	17	0	89.4628	29.4384	25.7217	202.647	29.4384	25.7217	202.647	
9476	54230	226.461	459.853	225.222	-99999	45.725	-0.925551	1	1	-285.074	-332.261	130.047	-82.5046	603.273	654.203	-284.925	-315.314	-332.302	130.615	24.7776	-83.0589	603.188	629.202	654.368	8.40028	10	0	38.4679	45.7583	-17.2216	636.929	45.7583	-17.2216	636.929	
9476	107969	155.854	351.48	154.431	-99999	-31.86	-0.943805	1	1	-95.5913	-82.7388	132.659	-17.6539	-141.195	-118.69	-105.741	-92.3643	-92.9676	133.313	58.5253	-18.3229	-141.368	-124.436	-118.714	5.13112	6	0	80.1716	-31.8483	-0.78266	-132.827	-31.8483	-0.78266	-132.827	
9476	148214	188.021	416.908	188.019	-99999	80.038	-0.828325	1	1	-244.288	-196.666	129.271	-30.0542	195.453	282.992	-256.899	-233.958	-209.277	129.271	49.3319	-30.0542	195.453	239.115	282.992	4.79348	14	0	40.2279	80.0794	-34.7408	293.873	80.0794	-34.7408	293.873	
9476	19560	60.7254	3253.38	60.7253	-99999	-4.498	-0.590591	1	1	-357.601	-331.523	3.51686	-31.5039	278.326	320.525	-357.594	-344.429	-331.516	3.51686	-13.972	-31.5039	278.326	299.364	320.525	52.6649	13	0	3066.24	-4.47476	-50.1988	353.414	-4.47476	-50.1988	353.414	
9476	55704	266.231	602.007	265.498	-99999	106.067	-0.895859	1	1	-272.032	-310.673	130.101	-109.588	722.433	822.017	-272.071	-296.503	-310.814	130.521	12.2126	-109.816	722.265	777.951	822.019	6.95521	9	0	83.3115	106.089	-21.2191	774.028	106.089	-21.2191	774.028	
9476	56514	97.7908	246.182	97.7894	-99999	56.02	-0.801851	1	1	-176.672	-225.882	133.296	58.3725	243.863	204.83	-159.106	-183.56	-208.316	133.296	95.645	58.3725	243.863	224.516	204.83	5.46851	12	0	63.1199	56.0498	-27.5853	157.867	56.0498	-27.5853	157.867	
9476	5056	259.401	538.878	258.951	-99999	33.528	-0.983876	1	1	-236.054	-250.241	130.47	-125.928	-681.425	-658.373	-236.051	-239.472	-250.294	130.887	1.89965	-125.928	-681.47	-671.414	-658.373	4.49879	7	0	68.9668	33.5582	-25.8259	-655.955	33.5582	-25.8259	-655.955	
9476	65364	293.987	693.975	293.356	-42.6514	-48.584	-0.882858	1	1	-180.018	-283.39	131.514	-132.14	-452.657	-379.716	-179.796	-237.506	-283.39	132.066	3.04464	-132.14	-452.851	-412.767	-379.716	4.65973	9	0	114.946	-48.5551	-32.6952	-401.296	-48.5551	-32.6952	-401.296	
9476	41704	320.805	868.742	320.64	-99999	102.636	-0.958406	1	1	-159.846	-232.793	132.666	-171.757	84.6859	15.406	-127.663	-164.05	-200.657	132.666	-19.6889	-171.91	84.6859	50.2019	15.3819	7.89238	9	0	106.794	102.665	-33.8118	44.1576	102.665	-33.8118	44.1576	
9476	126766	303.278	669.167	300.358	-99999	34.392	-0.981055	1	1	-266.414	-287.344	131.107	-164.535	23.5552	20.749	-266.278	-263.394	-288.167	131.881	-19.1967	-166.456	23.5521	21.9323	20.7495	4.44853	9	0	81.0349	34.4133	-27.0056	12.9173	34.4133	-27.0056	12.9173	
9476	149672	277.483	708.566	277.216	-99999	116.289	-0.701792	1	1	-124.142	-229.603	133.436	-51.6868	757.294	579.969	-105.819	-158.622	-211.381	133.436	40.408	-51.8541	757.294	668.955	579.788	4.61525	13	0	55.8204	116.326	-24.9223	597.487	116.326	-24.9223	597.487	
9476	45524	213.171	483.088	211.762	-99999	-38.857	-0.970605	1	1	-134.351	-188.706	132.898	-68.4565	-543.124	-533.422	-146.35	-177.332	-200.923	133.671	32.6051	-69.0431	-543.152	-530.138	-533.573	5.85458	12	0	79.614	-38.8381	-6.11955	-533.461	-38.8381	-6.11955	-533.461	
9476	153079	368.69	2055.05	362.525	-99999	97.601	-0.764663	1	1	-155.801	-92.4921	127.497	-140.157	4.81677	236.61	-125.869	-94.0734	-61.4705	130.059	-7.12241	-141.09	2.7666	119.52	238.39	10.9359	7	0	94.8167	97.6226	-27.6532	141.094	97.6226	-27.6532	141.094	
9476	5569	257.197	715.906	255.373	118.414	109.1	-0.892742	1	1	-325.432	-179.686	130.899	-76.6961	-117.819	-126.358	-325.763	-250.862	-179.261	131.58	27.2496	-77.6572	-117.804	-121.567	-126.229	18.9526	6	0	199.312	109.134	-13.8387	-128.97	109.134	-13.8387	-128.97	
9476	2484	210.187	441.073	209.823	-99999	-11.235	-0.999395	1	1	-189.069	-220.928	131.243	-66.8639	-470.56	-429.312	-189.07	-197.372	-220.928	131.425	27.4184	-66.8639	-470.556	-463.466	-429.312	7.92388	22	0	81.6695	-11.2223	-14.9603	-446.681	-11.2223	-14.9603	-446.681	
9476	50147	79.578	176.276	71.192	-99999	7.303	-0.984544	1	1	-358.61	-344.412	-101.169	-170.133	81.7991	72.9071	-358.669	-351.313	-340.872	-100.616	-139.312	-176.907	81.8315	76.5344	72.3088	7.70441	7	0	53.189	7.3161	-72.1916	74.0754	7.3161	-72.1916	74.0754	
9476	133065	281.367	638.659	278.808	-99999	-39.85	-0.970542	1	1	-116.758	-140.094	128.646	-146.785	640.124	672.449	-129.144	-142.899	-152.578	130.419	-8.65195	-147.49	639.706	654.618	672.423	6.69391	6	0	80.1804	-39.8239	-25.5545	650.654	-39.8239	-25.5545	650.654	
9476	47224	304.333	690.274	303.777	-99999	-46.157	-0.906085	1	1	-279.616	-229.808	131.768	-132.175	-337.886	-197.689	-279.544	-255.22	-229.695	131.768	-0.172902	-132.63	-337.886	-267.116	-197.388	6.62874	19	0	71.1298	-42.1728	-60.2026	-47.1687	56.7972	-40.6373	-222.045	
9476	99096	25.9279	63.7602	25.7123	-99999	-13.547	-0.547809	0	0	-217.906	-233.651	131.814	117.009	49.669	63.4976	-217.825	-226.164	-233.707	131.853	124.393	116.933	49.6435	56.1364	63.5796	6.62614	14	0	53.2989	25.4587	-52.6871	-764.106	96.8087	43.7591	-249.26	
9476	150293	184.33	421.497	182.734	-99999	-15.42	-0.928512	1	1	-148.575	-133	130.187	-34.8529	-97.8519	-173.232	-153.481	-146.803	-137.85	131.413	46.1768	-35.0851	-97.3803	-131.471	-173.376	5.6009	10	0	50.0084	-15.3932	-14.5302	-104.633	-15.3932	-14.5302	-104.633	
9476	66951	321.24	951.432	310.7	-99999	2.041	-0.943713	1	1	-249.602	-295.754	131.851	-170.94	694.617	745.385	-249.606	-275.017	-295.182	131.851	-24.6053	-178.552	694.617	720.216	751.977	13.6426	9	0	291.394	2.07244	-47.5687	722.344	2.07244	-47.5687	722.344	
9476	15820	25.0509	89.0566	24.7909	-256.373	25.872	-0.00972751	1	0	-147.669	-166.322	129.666	118.281	276.373	266.652	-143.633	-153.455	-162.419	129.666	125.243	118.173	276.373	271.515	266.562	4.391	15	0	64.1157	25.8524	71.1344	-16.7085	25.8524	71.1344	-16.7085	
9476	16009	171.309	416.028	171.309	-99999	13.079	-0.676315	1	1	-358.48	-271.663	-65.754	-169.365	-517.905	-412.78	-358.501	-314.949	-271.684	-65.754	-117.051	-169.365	-517.905	-464.958	-412.78	14.928	12	0	60.7869	13.1014	-74.234	-487.567	13.1014	-74.234	-487.567	
9476	148389	261.555	631.384	260.669	52.7189	44.394	-0.76007	1	1	-258.305	-176.142	127.898	-45.4967	320.119	144.741	-258.428	-222.849	-176.142	128.563	38.9711	-45.4967	320.678	232.698	144.741	5.29045	13	0	79.4398	44.4293	-8.4739	222.572	44.4293	-8.4739	222.572	
9476	43027	307.94	692.321	307.447	-99999	-43.408	-0.950475	1	1	-242.899	-266.942	131.668	-154.593	152.007	254.657	-242.832	-252.125	-266.914	131.668	-15.6532	-154.949	152.007	191.934	254.778	5.79966	8	0	61.6828	-43.3753	-31.1429	206.524	-43.3753	-31.1429	206.524	
9476	55792	454.296	241323	454.213	-99999	87.401	-0.753758	1	1	-158.663	-224.165	134.053	-162.571	-97.0706	-429.737	-144.89	-179.528	-210.394	134.107	-12.4106	-162.571	-97.0288	-267.031	-429.737	8.37705	14	0	203.049	87.4459	-53.5087	-360.819	114.786	44.6619	-253.154	
9476	17218	270.641	604.72	268.398	-99999	-32.425	-0.992659	1	1	-156.136	-176.733	132.377	-126.138	-531.48	-587.563	-166.243	-184.992	-186.708	132.963	0.628482	-127.655	-531.463	-551.005	-588.071	5.18708	15	0	80.7265	-32.3876	-20.5764	-556.058	-32.3876	-20.5764	-556.058	
9476	57794	395.229	831.714	394.851	-99999	71.798	-0.584413	1	1	-211.529	-225.422	130.907	-106.799	-32.642	280.766	-211.551	-227.122	-225.534	131.112	11.3548	-106.799	-32.9177	123.206	280.766	5.27693	15	0	78.2446	71.8353	-21.5828	149.358	71.8353	-21.5828	149.358	
9476	122813	137.246	4099.12	137.243	-99999	105.229	-0.496414	1	1	-183.703	-227.518	132.871	68.3436	-453.486	-566.228	-167.123	-189.33	-210.937	132.871	100.018	68.3436	-453.486	-509.471	-566.228	362.837	17	0	3424.26	105.27	-13.892	-648.864	-24.2699	-19.3999	-543.913	
9476	126740	318.166	1262.07	316.685	-99999	41.857	-0.929591	1	1	-296.799	-334.741	131.123	-168.813	462.539	371.103	-296.581	-316.521	-335.012	131.756	-19.0736	-169.475	462.636	416.74	371.332	9.06962	20	0	544.981	41.881	-45.5737	391.327	41.881	-45.5737	391.327	
9476	60799	313.544	951.221	299.784	-99999	7.914	-0.978241	1	1	-239.607	-226.136	130.773	-163.599	-717.81	-766.924	-239.619	-233.991	-226.957	130.773	-23.2636	-177.178	-717.81	-744.938	-767.407	50.9305	7	0	337.471	7.95529	-22.2117	-722.672	7.95529	-22.2117	-722.672	
9476	58676	154.763	373.689	153.403	-99999	-34.581	-0.959138	1	1	-170.073	-130.632	131.814	-15.1737	-484.337	-484.968	-181.031	-159.565	-141.408	132.183	58.0514	-16.1287	-484.376	-480.128	-484.896	4.55506	12	0	79.8015	-34.5536	1.56459	-480.845	-34.5536	1.56459	-480.845	
9476	132409	262.748	1236.02	261.108	59.9513	53.838	-0.91469	1	1	-308.849	-194.158	129.439	-78.3304	-111.332	-214.499	-309.043	-264.072	-194.158	130.935	21.2475	-78.3304	-110.71	-166.141	-214.499	4.61241	10	0	74.623	53.8693	-9.54275	-172.341	53.8693	-9.54275	-172.341	
9476	53090	176.169	524.975	175.027	-99999	36.956	-0.801246	1	1	-312.068	-304.547	129.536	-6.93073	-656.403	-549.783	-312.027	-301.408	-304.636	130.38	61.3921	-6.99266	-657.035	-603.612	-549.746	16.887	12	0	177.428	36.9946	18.8483	-586.052	36.9946	18.8483	-586.052	
9476	109396	20.7407	124.914	19.7219	-99999	-13.382	-0.970023	0	0	-282.264	-279.701	131.074	112.329	606.982	612.328	-282.243	-281.503	-279.37	131.074	121.128	111.393	606.982	609.727	612.487	5.43227	12	0	124.914	43.344	-37.2281	559.184	43.344	-37.2281	559.184	
9476	109423	123.76	300.956	123.399	-99999	-8.091	-0.843418	0	0	-280.645	-218.134	126.955	21.5868	-128.554	-127.108	-280.822	-246.754	-218.122	127.255	75.8977	21.5868	-128.523	-131.886	-127.108	4.71673	6	0	72.8036	40.3988	-15.7487	268.472	40.3988	-15.7487	268.472	
9476	151555	406.14	1112.37	402.171	-99999	36.354	-0.774081	1	1	-292.723	-302.98	131.713	-171.562	-741.312	-489.295	-292.56	-302.662	-302.563	132.158	-19.0962	-174.81	-741.638	-608.024	-489.517	4.00054	9	0	288.902	36.3721	-26.6388	-603.087	36.3721	-26.6388	-603.087	
9476	54810	307.523	609.417	307.321	-99999	89.191	-0.831048	1	1	-283.094	-260.651	131.042	-122.621	-660.398	-492.267	-283.234	-276.18	-260.791	131.042	6.55664	-122.621	-660.398	-571.937	-492.267	4.26172	12	0	38.0278	89.2058	-16.3482	-559.022	89.2058	-16.3482	-559.022	
9476	120625	368.962	865.608	366.606	-99999	-2.633	-0.66422	1	1	-72.8509	-151.96	133.648	-102.697	-235.461	31.4415	-73.6766	-115.222	-152.796	133.648	9.52241	-103.976	-235.461	-105.612	33.4007	6.44637	7	0	112.887	-2.60405	-18.5784	-94.0452	-2.60405	-18.5784	-94.0452	
9476	131953	189.013	398.463	152.858	-99999	41.571	-0.593837	1	1	-203.425	-221.988	131.893	41.9356	663.904	542.379	-209.975	-222.425	-227.852	131.893	74.49	45.2738	663.904	590.03	507.239	5.5577	8	0	92.2181	41.6193	-31.9042	442.124	41.6193	-31.9042	442.124	
9476	132169	303.327	720.286	301.304	-99999	108.061	-0.988035	1	1	-284.284	-193.552	129.499	-157.597	164.087	156.945	-301.381	-256.859	-210.068	130.03	-14.776	-158.983	164.121	160.119	156.836	4.62067	7	0	48.31	108.093	-18.3264	163.419	108.093	-18.3264	163.419	
9476	46070	81.2035	390.395	67.5323	-99999	56.043	-0.809909	0	0	-93.9364	-94.483	-105.411	-164.776	-890.078	-868.268	-76.392	-75.9395	-77.0386	-104.537	-138.586	-165.951	-890.853	-878.013	-860.306	4.80767	11	0	115.964	56.067	-65.7029	-841.168	56.067	-65.7029	-841.168	
9476	44181	133.02	357.38	126.735	-99999	20.587	-0.996404	1	0	-94.8552	-102.711	132.901	7.61064	-331.434	-319.837	-88.3938	-92.26	-96.3631	133.436	67.3882	2.06015	-331.478	-324.857	-321.185	4.82709	22	0	148.03	20.6029	9.72627	-326.196	20.6029	9.72627	-326.196	
9476	15184	140.822	284.162	136.393	-474.354	101.202	-0.900011	0	0	-240.133	-188.081	125.94	8.54951	539.648	496.571	-240.9	-217.925	-187.972	129.781	66.864	8.43648	541.25	520.072	496.495	4.54209	10	0	64.3546	105.846	74.3782	-791.745	30.3364	18.2796	630.964	
9476	148338	201.998	507.423	200.773	101.076	93.518	-0.756438	1	1	-245.884	-174.939	130.423	-4.03894	-752.293	-881.864	-246.054	-215.838	-174.889	131.218	63.2956	-4.10839	-751.624	-819.683	-881.998	5.66056	17	0	81.7574	93.5546	10.1798	-775.113	93.5546	10.1798	-775.113	
9476	72588	212.392	389.108	212.31	-99999	114.109	-0.926867	1	1	-219.767	-242.256	130.399	-55.9363	-467.259	-389.787	-219.921	-241.161	-242.435	130.465	30.3047	-55.9363	-467.271	-440.327	-389.787	4.22896	21	0	77.3941	114.153	-14.3705	-415.993	88.553	25.4078	-479.829	
9476	97204	195.416	437.436	195.3	91.4053	84.693	-0.577734	1	1	-79.6353	-236.512	133.362	21.1339	707.725	724.007	-79.5468	-160.332	-236.512	133.423	78.5548	21.1339	707.731	707.928	724.007	4.06877	12	0	72.8621	84.7246	16.023	709.891	84.7246	16.023	709.891	
9476	27741	47.7535	114.445	47.753	-99999	67.41	-0.625124	0	0	-118.307	-82.9533	134.153	102.092	-689.457	-690.448	-97.1697	-79.3532	-61.8159	134.153	118.272	102.092	-689.457	-689.77	-690.448	5.22694	11	0	58.5324	67.4319	45.5846	-671.012	67.4319	45.5846	-671.012	
9476	27822	383.825	7602.15	383.754	-99999	-11.655	-0.796131	1	1	-152.165	-164.423	130.498	-163.548	305.759	60.1426	-155.819	-162.273	-168.077	130.53	-16.4177	-163.548	305.783	182.606	60.1426	81.1501	14	0	6035.29	-11.617	-46.5075	120.052	-11.617	-46.5075	120.052	
9476	65939	198.139	506.614	198.088	-99999	103.653	-0.937116	1	0	-351.854	-315.891	129.63	-63.389	836.058	853.271	-352.016	-332.597	-316.054	129.63	34.0247	-63.4326	836.058	851.044	853.276	5.31314	10	0	75.1365	103.663	14.8915	825.931	103.663	14.8915	825.931	
9476	14023	36.7692	116.442	36.7689	-99999	39.751	-0.330618	1	1	-198.391	-217.332	132.356	118.758	-265.661	-294.067	-192.128	-201.409	-211.069	132.356	125.843	118.758	-265.661	-280.126	-294.067	16.3048	12	0	82.2659	39.8077	17.1049	-419.283	39.8077	17.1049	-419.283	
9476	81394	316.145	727.777	312.479	-99999	72.137	-0.91264	1	1	-275.173	-320.297	129.666	-148.151	-355.399	-221.399	-275.161	-295.943	-321.007	130.273	-12.2099	-150.442	-355.643	-290.92	-219.57	6.09248	17	0	82.7817	72.1559	-32.3824	-276.103	72.1559	-32.3824	-276.103	
9476	90592	141.73	309.969	141.006	-99999	33.821	-0.940618	0	0	-284.208	-314.273	131.015	-5.97267	73.0278	83.8241	-284.199	-301.699	-314.431	131.174	62.6502	-6.51123	73.0265	76.0875	83.8443	4.56817	6	0	72.53	33.8093	48.2011	72.3245	33.8093	48.2011	72.3245	
9476	14577	283.912	689.592	283.282	-99999	91.549	-0.846379	1	1	-238.015	-90.4671	127.885	-112.424	-104.73	-131.554	-209.309	-135.827	-61.4639	127.885	7.22342	-112.975	-104.73	-118.517	-131.61	6.42002	9	0	58.8625	91.5714	-61.8437	-140.467	91.5714	-61.8437	-140.467	
9476	92536	61.6007	136.413	61.5023	-99999	27.927	-0.476771	1	1	-197.808	-215.375	122.798	93.6132	885.395	834.19	-193.408	-202.294	-211.004	122.798	108.138	93.568	885.395	859.806	834.107	5.74735	14	0	44.7475	27.9761	-57.1251	557.236	78.3361	-60.1124	816.882	
9476	140268	130.756	305.105	129.601	-99999	-19.04	-0.875475	1	1	-237.19	-221.437	130.996	18.4035	325.985	387.292	-237.16	-232.417	-221.58	130.996	74.9362	17.3768	325.985	359.096	387.769	6.15813	11	0	68.7415	-18.9925	-10.7371	199.186	-18.9925	-10.7371	199.186	
9476	62124	175.042	416.958	175.039	-99999	20.063	-0.837967	1	1	-304.583	-215.645	127.358	-8.45015	640.193	702.073	-304.615	-256.68	-215.676	127.358	62.7037	-8.45015	640.193	674.109	702.073	9.05735	12	0	90.718	20.0843	11.0503	669.137	20.0843	11.0503	669.137	
9476	480	490.888	1098.83	489.856	-3.7881	-10.273	-0.65257	1	1	-114.221	-244.086	133.938	-164.552	-398.583	-33.2929	-114.171	-182.256	-244.325	134.107	-14.582	-165.041	-398.776	-215.984	-32.7557	7.34952	12	0	113.416	-10.2285	-19.9199	-225.945	-10.2285	-19.9199	-225.945	
9476	55485	95.4536	276.304	92.0048	-99999	-23.324	-0.0436903	1	1	-354.487	-279.764	-42.758	-58.9071	331.331	382.426	-354.839	-316.03	-277.367	-42.7458	-50.3693	-59.5371	331.014	357.64	384.072	4.002	9	0	84.0792	-23.3111	-58.3716	419.924	-23.3111	-58.3716	419.924	
9476	56241	330.455	716.443	329.674	-99999	19.294	-0.933037	1	1	-285.857	-320.786	130.615	-157.527	198.099	333.289	-285.8	-305.869	-320.817	130.944	-22.0277	-157.631	198.006	256.858	333.435	14.8676	9	0	19.2103	19.3188	-49.6676	-105.651	105.909	10.8572	171.618	
9476	108640	388.773	902.502	388.696	26.2452	18.848	-0.570735	1	1	-278.193	-149.899	126.652	-143.616	290.419	533.809	-278.193	-203.14	-149.894	126.652	-6.84366	-143.657	290.419	409.785	533.861	6.3397	8	0	81.6845	18.8784	-27.5033	417.692	18.8784	-27.5033	417.692	
9476	98896	116.535	282.851	114.247	72.1714	62.796	-0.882433	1	1	-252.426	-197.112	129.62	33.2809	388.38	362.417	-252.468	-224.782	-196.186	129.713	80.5999	31.3665	388.407	374.06	361.948	6.24221	11	0	74.506	62.8234	14.0992	369.607	62.8234	14.0992	369.607	
9476	48015	265.896	630.701	264.303	91.5551	83.847	-0.93423	1	1	-170.211	-233.112	130.756	-120.244	25.7198	75.712	-170.177	-198.402	-233.737	130.858	2.90044	-121.559	25.6992	47.5316	75.9252	4.19692	11	0	76.6116	83.8651	-25.4875	48.1198	83.8651	-25.4875	48.1198	
9476	117986	199.42	537.195	197.01	-99999	74.405	-0.54867	1	1	-95.3346	-230.1	133.595	26.3648	-359.676	-455.298	-71.6365	-139.583	-208.151	133.901	79.4295	25.4318	-359.393	-407.947	-456.105	8.28051	12	0	134.107	74.4561	-29.0026	-490.084	74.4561	-29.0026	-490.084	
9476	105290	291.161	633.26	290.285	-99999	-8.242	-0.887135	1	1	-337.25	-218.018	131.287	-103.474	-388.003	-269.133	-337.402	-271.255	-218.006	132.064	16.1706	-103.474	-388.36	-331.07	-269.133	5.96768	17	0	72.8855	-8.20996	1.72861	-325.8	-8.20996	1.72861	-325.8	
9476	100732	194.361	489.528	194.153	-99999	93.69	-0.915611	1	1	-167.01	-91.3315	129.862	-47.6606	493.59	514.71	-137.709	-99.4087	-61.9536	130.051	41.4438	-47.6606	493.564	504.746	514.71	4.693	7	0	56.7743	93.7054	-48.3545	510.111	69.5454	-5.79793	495.738	
9476	101218	213.205	498.018	212.846	-99999	103.521	-0.784341	1	1	-337.245	-250.304	130.574	-34.4958	234.428	332.914	-337.443	-301.183	-250.431	130.799	47.8275	-34.5543	234.254	290.209	332.925	5.96271	7	0	85.0016	103.555	3.29077	299.194	103.555	3.29077	299.194	
9476	65215	388.735	822.312	387.31	30.7627	22.223	-0.631212	1	1	-316.708	-136.493	131.071	-100.163	-367.788	-618.916	-317.061	-230.026	-136.492	131.948	21.7068	-100.164	-366.773	-500.611	-618.917	4.56333	12	0	80.3067	22.2633	-10.7344	-504.29	22.2633	-10.7344	-504.29	
9476	177	135.01	328.756	134.073	-99999	44.49	-0.939256	1	1	-210.405	-253.277	130.875	7.33475	-231.091	-205.459	-210.475	-227.176	-253.737	130.875	67.732	6.49164	-231.091	-214.6	-205.371	5.86719	8	0	78.7571	44.5121	-0.465306	-216.543	44.5121	-0.465306	-216.543	
9476	123263	147.066	336.169	145.782	-99999	16.564	-0.648823	1	1	-323.031	-275.95	127.889	7.87111	575.286	639.707	-323.152	-304.601	-275.678	128.379	69.2204	7.52312	574.65	613.592	639.821	5.75732	9	0	65.8451	16.6047	24.0079	621.008	16.6047	24.0079	621.008	
9476	121563	326.505	717.376	322.715	-24.3522	-32.857	-0.801748	1	1	-308.362	-204.064	128.87	-73.2411	452.804	227.282	-308.672	-266.701	-203.779	131.222	20.2568	-73.3338	454.558	342.783	226.521	5.81002	15	0	89.011	-32.8212	-1.41277	347.483	-32.8212	-1.41277	347.483	
9476	24514	332.018	809.7	316.109	-99999	86.288	-0.939941	1	1	-188.237	-147.809	133.367	-165.816	22.3085	-70.4781	-161.181	-140.296	-115.672	133.367	-23.5564	-180.82	22.3085	-27.0608	-70.9708	9.35516	13	0	137.254	86.2964	-45.0769	-36.9481	86.2964	-45.0769	-36.9481	
9476	40238	108.081	243.889	107.856	-99999	38.52	-0.848522	1	1	-155.603	-217.585	132.924	44.8099	107.968	112.956	-149.533	-180.49	-211.647	132.924	88.6968	44.6295	107.968	110.232	112.965	5.55723	6	0	51.8285	38.5537	-36.8492	115.428	38.5537	-36.8492	115.428	
9476	54294	355.877	781.484	354.552	-99999	-29.63	-0.748357	1	1	-282.069	-346.866	131.604	-155.567	-717.981	-522.687	-281.81	-316.17	-347.063	132.014	-7.46511	-156.243	-718.287	-613.524	-522.431	6.50424	11	0	74.2005	-29.5979	-27.2676	-602.521	-29.5979	-27.2676	-602.521	
9476	34928	124.667	296.247	124.524	-99999	12.108	-0.935467	1	1	-358.542	-314.663	-41.791	-155.961	-540.065	-519.165	-358.561	-337.475	-314.611	-41.791	-99.4751	-156.083	-540.065	-529.588	-519.149	6.2161	8	0	72.9304	12.1288	-51.7594	-535.788	12.1288	-51.7594	-535.788	
9476	24666	178.393	394.575	178.326	-99999	-43.046	-0.936802	1	1	-268.596	-293.63	131.55	-36.4555	-68.3813	-15.9144	-268.523	-278.586	-293.576	131.569	46.6679	-36.492	-68.3853	-43.4623	-15.9043	7.09531	8	0	73.0573	-43.0234	-4.01492	-33.8628	-43.0234	-4.01492	-33.8628	
9476	25503	255.778	1469.96	249.789	-99999	72.289	-0.881592	1	1	-214.42	-291.348	128.877	-66.9378	-661.327	-791.314	-213.476	-252.782	-292.36	131.196	22.7087	-69.1452	-660.672	-715.029	-793.664	4.89665	7	0	71.2866	72.3257	-4.23829	-560.385	72.3257	-4.23829	-560.385	
9476	60947	265.346	660.569	263.293	-23.957	-34.229	-0.788326	1	1	-216.936	-144.486	129.414	-40.0587	581.19	395.398	-217.189	-182.776	-144.486	130.988	41.528	-40.0587	582.39	491.799	395.398	5.4188	13	0	87.348	-34.1827	-14.4624	452.744	-34.1827	-14.4624	452.744	
9476	24213	240.367	518.784	236.302	-99999	71.885	-0.963554	1	1	-103.148	-85.9217	129.01	-99.2195	629.305	662.339	-80.7177	-70.9439	-63.0834	130.32	12.5128	-100.482	628.94	649.585	662.233	7.67012	9	0	76.9422	71.8906	-43.3324	636.378	71.8906	-43.3324	636.378	
9476	113581	168.54	386.735	167.587	-99999	103.816	-0.888841	1	1	-279.991	-345.634	130.359	-21.1166	-82.517	-57.6485	-279.83	-313.212	-345.857	130.982	54.6959	-21.3423	-82.6125	-70.113	-57.5912	5.98228	10	0	71.9469	103.837	8.26606	-64.3472	103.837	8.26606	-64.3472	
9476	155165	104.806	271.826	102.614	-99999	93.262	-0.901803	1	1	-120.788	-145.061	133.401	38.9563	-102.201	-74.4164	-91.2781	-105.283	-115.994	134.554	88.0882	38.0618	-102.677	-82.9909	-74.4187	4.85399	8	0	76.8646	93.2857	16.1663	-78.0051	93.2857	16.1663	-78.0051	
9476	134031	308.124	1109.37	307.001	-99999	13.529	-0.981245	0	0	-185.108	-154.413	133.885	-171.393	-544.188	-550.533	-180.866	-164.689	-150.103	133.885	-19.2665	-172.479	-544.188	-547.409	-550.653	8.20687	10	0	44.5917	7.89068	-62.0406	160.808	7.89068	-62.0406	160.808	
9476	9176	253.058	557.234	252.432	23.675	12.166	-0.899569	1	1	-284.683	-106.483	130.476	-39.6483	-465.088	-499.1	-284.93	-206.49	-106.483	131.022	33.7184	-39.6483	-465.025	-478.201	-499.1	4.25626	6	0	77.7798	12.1992	-11.4612	-480.468	12.1992	-11.4612	-480.468	
9476	24126	329.919	1070.08	258.265	-99999	74.576	-0.926328	1	1	-254.358	-335.855	131.685	-111.703	363.738	391.845	-254.413	-306.263	-358.741	131.831	-23.6511	-179.257	363.727	382.168	391.608	16.8657	8	0	385.873	74.5971	-66.0386	380.547	74.5971	-66.0386	380.547	
9476	74898	343.965	1096.32	343.755	-99999	53.306	-0.71135	1	1	-226.21	-78.601	130.457	-115.464	644.179	454.847	-209.495	-137.975	-61.7961	130.457	6.64594	-115.609	644.179	548.673	454.727	4.42864	14	0	42.492	53.3311	-42.7286	518.634	53.3311	-42.7286	518.634	
9476	142587	304.51	1692.25	301.377	-99999	-24.88	-0.999823	1	1	-347.921	-314.524	128.872	-170.529	821.952	827.94	-347.85	-332.572	-314.48	131.952	-19.439	-170.568	821.905	825.293	827.941	46.2302	7	0	584.507	-24.8726	-27.8249	803.176	47.5574	-38.888	813.085	
9476	153968	96.9615	255.442	95.762	-99999	85.982	-0.973229	1	1	-213.2	-218.479	130.148	41.9499	-637.271	-634.797	-213.334	-217.058	-218.614	130.148	82.5166	41.9499	-637.271	-637.166	-634.797	9.67436	12	0	51.5397	86.0162	13.0211	-501.259	86.0162	13.0211	-501.259	
9476	49016	308.471	674.349	306.68	39.0101	30.127	-0.943238	1	1	-242.475	-124.636	130.8	-142.388	287.879	340.091	-242.475	-182.761	-123.803	130.8	-4.50778	-143.932	287.879	330.06	339.81	5.6481	8	0	77.9251	38.9918	42.6455	772.772	38.9918	42.6455	772.772	
9476	152502	43.0738	145.186	42.9725	-99999	94.411	-0.988272	0	0	-230.769	-231.649	132.564	90.2995	-596.417	-603.904	-201.165	-201.143	-202.043	132.564	111.433	90.2024	-596.417	-600.517	-603.924	5.36971	13	0	84.4437	94.4401	38.7627	-570.43	94.4401	38.7627	-570.43	
9476	114340	78.5358	209.687	76.2997	-99999	6.083	-0.9785	0	0	-261.966	-265.598	130.556	55.5728	-206.637	-211.074	-261.967	-264.283	-265.478	130.604	92.1642	54.4983	-206.63	-209.128	-210.79	5.20149	9	0	83.0055	-999999	-999999	-999999	-999999	-999999	-999999	
9476	60754	187.343	396.71	166.262	-99999	65.716	-0.847741	1	1	-230.514	-224.562	128.561	-11.7753	-454.858	-543.338	-209.914	-204.587	-202.707	128.797	50.6933	-28.2691	-454.712	-505.982	-555.356	10.5095	17	0	113.206	65.7549	-4.67165	-513.156	65.7549	-4.67165	-513.156	
9476	107778	212.832	484.812	212.095	-99999	-16.022	-0.682662	1	1	-355.019	-279.132	-3.9229	-167.55	593.053	704.451	-355.289	-317.16	-279.106	-3.4341	-84.6638	-167.55	592.591	649.731	704.451	4.21777	13	0	60.2063	-15.989	-40.7392	631.065	-15.989	-40.7392	631.065	
9476	48714	328.753	726.171	327.511	-99999	29.131	-0.94761	1	1	-137.831	-190.297	132.925	-170.503	-366.478	-476.38	-128.639	-156.995	-181.179	133.385	-20.5824	-171.199	-366.342	-415.916	-476.671	6.23241	15	0	79.154	29.158	-21.1514	-418.42	29.158	-21.1514	-418.42	
9476	8416	220.31	512.637	220.096	119.934	111.246	-0.97561	1	1	-216.367	-173.362	130.228	-75.4585	-71.7344	-133.597	-216.367	-200	-173.323	130.228	25.3621	-75.6473	-71.7344	-100.022	-133.628	4.49941	9	0	76.8572	111.278	-27.9074	-112.528	111.278	-27.9074	-112.528	
9476	62858	102.342	256.588	102.311	-99999	104.386	-0.623397	1	1	-358.352	-298.502	51.5776	-9.18712	263.447	318.737	-358.533	-327.758	-298.666	51.5949	19.8542	-9.18712	263.434	289.121	318.737	5.81733	13	0	75.8088	104.397	1.6624	301.512	104.397	1.6624	301.512	
9476	48152	145.861	339.944	144.457	-99999	69.22	-0.953044	1	1	-251.513	-222.492	129.856	-3.37711	836.19	882.417	-251.578	-241.852	-222.6	131.19	62.5913	-3.37711	835.768	858.287	882.417	6.49303	10	0	79.5997	69.2534	13.8811	801.827	69.2534	13.8811	801.827	
9476	130469	43.7723	120.636	43.4057	-99999	87.251	-0.801319	1	1	-208.443	-224.781	132.11	98.7331	-160.805	-183.054	-194.695	-202.997	-211.144	132.11	114.875	98.5135	-160.805	-171.434	-183.324	5.25095	16	0	66.7373	87.281	-44.9413	-278.373	24.571	43.014	-262.067	
9476	4258	158.029	406.644	157.507	-99999	80.034	-0.645637	1	1	-272.095	-239.815	127.017	0.894733	444.585	531.808	-272.233	-261.329	-239.838	127.104	62.329	0.666876	444.429	487.973	532.039	6.09184	14	0	82.1028	80.0586	1.35444	497.723	80.0586	1.35444	497.723	
9476	5176	259.826	942.851	258.928	-99999	-11.328	-0.866785	1	1	-189.18	-231.198	129.4	-96.7472	282.199	397.85	-189.058	-205.178	-231.198	130.127	18.9386	-96.7472	281.799	346.89	397.85	5.38955	12	0	72.0769	-11.2901	-25.8372	359.772	-11.2901	-25.8372	359.772	
9476	138620	153.571	390.499	153.558	-99999	14.356	-0.947936	1	1	-262.37	-281.441	130.168	-17.5844	-261.058	-230.517	-262.392	-280.065	-281.463	130.168	56.8235	-17.5844	-261.058	-246.899	-230.517	5.62898	11	0	105.769	14.3834	-0.161447	-236.356	14.3834	-0.161447	-236.356	
9476	138836	198.463	445.278	198.448	-99999	-25.632	-0.936607	1	1	-336.683	-318.447	129.122	-51.4678	-273.585	-200.637	-336.643	-337.72	-318.407	129.122	36.7431	-51.4678	-273.585	-237.994	-200.637	4.46542	9	0	70.0105	-25.6177	-2.17396	-225.358	-25.6177	-2.17396	-225.358	
9476	140022	221.339	560.056	220.229	-99999	91.357	-0.935927	1	0	-161.295	-90.2844	130.915	-77.3936	-835.647	-828.4	-133.054	-98.5133	-61.6377	131.938	26.8613	-77.3949	-835.761	-832.556	-828.4	4.27485	7	0	43.8237	91.3923	-38.9584	-730.85	91.3923	-38.9584	-730.85	
9476	116932	146.416	340.757	145.65	-99999	43.625	-0.875849	1	1	-143.41	-75.7124	129.892	1.2847	253.21	262.692	-130.087	-95.7348	-62.0249	130.545	66.0723	1.26818	253.148	257.879	262.693	4.56985	6	0	57.1264	43.6459	3.53537	253.368	43.6459	3.53537	253.368	
9476	29647	251.694	635.449	251.463	-99999	59.073	-0.836602	1	1	-358.454	-237.842	38.4234	-171.37	680.361	748.662	-358.547	-298.08	-237.825	38.4234	-66.4298	-171.557	680.361	714.78	748.73	15.2771	11	0	70.2276	59.0867	-17.7817	698.996	59.0867	-17.7817	698.996	
9476	46208	206.559	497.498	206.486	-99999	33.344	-0.957619	1	1	-342.107	-332.79	128.109	-62.0066	156.464	223.098	-342.159	-349.386	-332.823	128.109	30.7294	-62.0345	156.464	187.97	223.113	71.7436	13	0	102.421	33.3668	10.6137	195.017	33.3668	10.6137	195.017	
9476	69962	59.5258	41.9997	22.0523	-99999	39.287	-0.997882	1	1	-154.144	-154.956	128.06	112.858	134.917	144.296	-141.825	-141.904	-143.423	128.06	105.517	92.9244	134.917	143.965	131.536	6.68241	7	0	37.5271	39.3013	-27.8879	124.493	39.3013	-27.8879	124.493	
9476	109514	290.079	637.2	289.176	21.8737	15.644	-0.966049	1	1	-253.67	-148.015	129.78	-133.645	666.854	619.422	-253.767	-210.811	-147.988	130.58	-4.95713	-133.706	667.049	640.443	619.408	4.6719	10	0	76.8275	15.6728	-32.3563	633.423	15.6728	-32.3563	633.423	
9476	109730	331.72	752.139	330.643	91.2681	84.447	-0.973237	1	1	-309.291	-174.785	131.241	-162.598	797.966	738.146	-309.406	-242.827	-174.754	131.944	-16.8204	-162.941	798.03	768.396	738.103	4.928	12	0	88.724	84.4826	-12.2864	752.425	84.4826	-12.2864	752.425	
9476	25024	61.8505	180.064	59.2566	-99999	-0.145	-0.952172	0	0	-273.313	-287.304	128.477	72.3989	-636.574	-623.59	-273.294	-280.677	-288.141	128.543	99.1985	70.0599	-636.586	-630.228	-623.156	6.5105	8	0	77.0638	-999999	-999999	-999999	-999999	-999999	-999999	
9476	70826	149.687	344.01	147.687	-99999	-40.246	-0.956684	1	1	-75.9511	-102.349	127.553	-15.5704	578.839	593.371	-88.1786	-103.024	-114.968	129.456	57.9216	-15.5704	578.41	594.319	593.371	7.99022	9	0	61.5739	-40.2224	21.4245	595.505	-40.2224	21.4245	595.505	
9476	71096	103.935	283.457	103.618	-99999	55.828	-0.595771	1	1	-133.043	-219.837	126.627	70.2563	115.382	110.801	-124.246	-167.768	-211.306	126.627	98.3901	70.0866	115.382	112.586	110.806	4.01688	7	0	44.948	55.8648	2.50325	110.728	55.8648	2.50325	110.728	
9476	58513	321.854	768.898	318.896	47.1594	39.197	-0.962428	1	1	-248.11	-156.412	129.585	-170.866	-738.906	-780.214	-248.346	-193.495	-156.284	131.228	-16.6118	-172.099	-738.514	-769.73	-780.107	4.44313	7	0	84.2061	39.201	-23.1737	-740.822	39.201	-23.1737	-740.822	
9476	58999	148.74	517.478	147.525	-99999	-11.465	-0.742505	1	1	-356.555	-262.491	-57.9291	-169.621	-713.256	-695.244	-356.654	-307.965	-261.943	-57.7967	-113.51	-170.369	-713.272	-705.788	-694.768	6.08858	17	0	182.713	-11.4519	-65.7753	-692.72	-11.4519	-65.7753	-692.72	
9476	65217	256.398	1142.9	254.823	271.101	-42.991	-0.805613	0	0	-235.707	-153.064	130.667	-80.0543	432.564	321.914	-235.726	-202.835	-152.327	130.832	26.4828	-81.0779	432.687	366.203	321.655	5.70735	10	0	78.4116	-16.1947	-37.4838	-308.199	-16.1947	-37.4838	-308.199	
9476	5554	168.229	374.973	168.026	-99999	10.329	-0.729273	1	1	-278.231	-239.661	131.489	28.6097	424.601	549.391	-278.255	-265.634	-239.677	131.636	80.7969	28.6097	424.464	489.957	549.391	6.56477	14	0	76.7478	10.3716	13.9433	497.506	10.3716	13.9433	497.506	
9476	142109	72.1363	182.252	70.8388	-99999	23.86	-0.837822	0	0	-241.144	-276.603	131.899	73.6427	816.872	834.081	-241.118	-258.422	-277.351	131.983	100.964	72.7792	816.866	822.361	834.482	4.04172	10	0	74.8248	23.8761	36.2963	789.867	23.8761	36.2963	789.867	
9476	65951	195.76	1079.44	192.796	-99999	-12.449	-0.842658	1	1	-190.299	-170.791	131.416	-40.4347	-522.86	-441.081	-194.471	-178.636	-174.556	132.361	47.7353	-41.3508	-523.412	-477.116	-441.018	6.41505	6	0	31.6809	-12.4153	-10.3341	-468.976	-12.4153	-10.3341	-468.976	
9476	115355	353.003	799.453	351.885	-99999	50.635	-0.850741	1	1	-82.132	-112.359	134.811	-161.033	-3.06416	-188.66	-66.2593	-73.1096	-96.6588	134.932	-14.0785	-161.907	-2.98869	-95.9916	-189.009	7.09214	11	0	86.3016	50.6475	-26.2799	-105.264	50.6475	-26.2799	-105.264	
9476	5700	347.02	764.771	347.006	-3.69637	-10.369	-0.890161	1	1	-94.476	-255.309	133.883	-165.224	72.3517	142.87	-94.476	-175.337	-255.309	133.883	-15.421	-165.224	72.3517	107.98	142.87	4.4607	10	0	50.6222	-10.3442	-25.8295	114.293	-10.3442	-25.8295	114.293	
9476	117620	297.975	667.577	296.041	39.9196	34.376	-0.941214	1	1	-305.998	-191.881	131.201	-135.586	696.542	644.529	-306.271	-243.469	-191.726	132.1	0.971374	-136.545	696.711	665.105	644.475	4.22253	11	0	79.3956	34.4115	-18.0788	663.545	34.4115	-18.0788	663.545	
9476	9383	311.782	789.714	311.299	38.7252	29.046	-0.824417	1	1	-242.879	-131.36	130.42	-85.6963	-205.782	-396.621	-242.968	-180.172	-131.36	130.756	18.5376	-85.6963	-205.57	-292.399	-396.621	4.84544	16	0	80.4913	29.0719	-19.4723	-355.957	29.0719	-19.4723	-355.957	
9476	60280	29.7979	75.1227	21.7119	-99999	75.577	-0.72272	1	1	-214.999	-220.823	131.794	116.333	207.276	221.348	-203.091	-207.035	-210.604	131.794	121.011	111.298	207.276	216.768	227.425	5.46734	7	0	72.0811	75.612	-46.7878	369.894	-44.468	-31.5104	215.446	
9476	126059	38.7691	84.6856	37.9359	-99999	49.172	-0.813758	0	0	-99.8109	-77.3819	129.739	99.1525	151.096	151.544	-84.879	-73.6342	-61.9633	130.415	114.626	99.1525	151.09	151.241	151.544	8.61832	6	0	48.1263	49.1828	60.6506	168.844	49.1828	60.6506	168.844	
9476	135710	357.61	865.748	344.783	-99999	3.513	-0.757505	1	1	-117.609	-344.846	130.115	-128.636	766.052	777.091	-117.258	-234.086	-352.707	130.523	-4.36255	-138.009	766.025	772.059	777.728	5.93016	6	0	135.732	3.53451	-54.0884	744.932	3.53451	-54.0884	744.932	
9476	148919	85.5501	213.741	83.1327	-99999	96.184	-0.771658	1	0	-135.275	-92.2045	129.239	63.9825	329.669	357.879	-105.908	-83.6842	-61.5997	130.411	97.049	63.2471	329.116	344.035	358.139	4.41605	7	0	56.1118	96.2058	47.4191	359.571	96.2058	47.4191	359.571	
9476	43778	163.41	378.732	158.14	-99999	-16.973	-0.720496	0	0	-216.574	-255.172	131.764	17.312	644.417	746.093	-216.547	-236.104	-256.606	131.764	71.3908	14.1878	644.417	695.789	750.073	4.57392	14	0	67.4596	94.6491	-35.3251	413.762	94.6491	-35.3251	413.762	
9476	146106	25.7737	145.569	25.7542	-99999	84.755	-0.603982	0	0	-297.937	-287.252	131.307	117.029	-738.052	-720.33	-298.069	-291.807	-287.385	131.307	123.622	117.029	-738.052	-729.857	-720.33	11.4196	22	0	124.822	-17.8595	43.8269	-163.138	-17.8595	43.8269	-163.138	
9476	113340	109.794	268.894	109.325	-99999	32.321	-0.392398	1	1	-117.098	-72.567	130.382	86.2605	421.985	511.55	-106.963	-84.6767	-62.2416	130.382	108.142	86.0809	421.985	466.955	511.938	4.48231	7	0	56.6463	32.3586	46.7361	484.725	32.3586	46.7361	484.725	
9476	134873	319.722	719.244	317.693	-14.8585	-24.882	-0.924896	1	1	-221.551	-120.75	130.848	-152.452	400.055	490.686	-221.551	-171.147	-120.316	130.848	-7.25051	-154.375	400.055	461.646	490.879	4.94964	7	0	71.5156	-24.8467	-39.4181	457.337	-24.8467	-39.4181	457.337	
9476	35067	64.2693	415.19	64.1163	-99999	114.797	-0.823585	1	1	-213.945	-229.28	130.239	77.3932	639.976	607.196	-195.824	-204.028	-211.193	130.365	103.751	77.3932	640.055	624.024	607.196	9.09806	16	0	318.151	114.83	-40.5499	526.396	114.83	-40.5499	526.396	
9476	150611	599.577	1433.01	599.219	-99999	13.456	-0.552713	1	1	-245.918	-312.314	131.874	-166.747	40.7197	-472.764	-245.939	-282.651	-312.321	131.874	-25.2204	-166.845	40.7197	-211.232	-473.084	4.37085	7	0	88.2001	13.4997	-34.9445	-231.764	13.4997	-34.9445	-231.764	
