11782	13171	255.371	903.239	255.369	58.2212	57.807	-0.763823	1	1	1	1	1	-198.489	-319.244	131.428	-64.2523	-547.747	-438.27	-198.489	-255.529	-319.244	131.428	33.1258	-64.2523	-547.747	-489.676	-438.27	5.5183	10	0	86.889	60.427	-6.11794	650.774	60.427	-6.11794	650.774	
11786	14299	347.426	846.844	342.069	-99999	10.014	-0.881787	1	1	1	1	1	-248.639	-269.129	133.351	-169.63	726.828	884.209	-248.65	-258.673	-269.534	133.351	-20.7079	-174.5	726.828	806.411	886.385	5.16992	14	0	49.6652	10.0445	-20.3636	769.334	10.0445	-20.3636	769.334	
11772	7001	275.031	671.263	274.859	-99999	99.937	-0.911366	1	1	1	1	1	-189.458	-196.275	130.947	-136.154	-477.179	-522.67	-158.163	-158.096	-164.998	130.947	-3.39205	-136.188	-477.179	-501.447	-522.673	4.10427	7	0	72.6083	99.9566	-24.8914	-508.037	99.9566	-24.8914	-508.037	
11786	25116	80.5898	216.446	79.3755	-99999	99.493	-0.805172	1	1	0	0	0	-140.489	-92.589	131.537	68.4663	-75.654	-70.5925	-110.051	-85.8713	-61.4333	132.515	100.353	68.4663	-75.6886	-73.5712	-70.5925	18.8131	7	0	80.3224	99.7155	29.1137	-76.9365	99.7155	29.1137	-76.9365	
11795	5767	63.8664	389.11	63.1538	-99999	97.955	-0.843426	1	1	1	0	0	-118.297	-148.161	93.4355	39.9031	893.486	878.432	-87.2714	-102.869	-117.487	94.0363	67.1147	39.9031	893.638	886.453	878.432	14.105	12	0	194.193	97.9704	-39.0439	810.928	97.9704	-39.0439	810.928	
11786	28251	321.054	1056.22	308.13	-99999	62.982	-0.981044	1	1	1	1	1	-343.868	-279.066	133.866	-166.976	61.2698	75.8714	-343.94	-310.278	-275.749	133.866	-22.8731	-179.319	61.2698	69.081	76.8174	7.26118	11	0	291.652	62.9981	-18.9944	65.5212	62.9981	-18.9944	65.5212	
11780	9011	166.125	389.518	166.118	-99999	-31.604	-0.969345	1	1	1	1	1	-281.71	-321.577	133.624	-11.7877	-158.743	-97.4703	-281.673	-292.906	-321.54	133.624	55.244	-11.7877	-158.743	-134.152	-97.4703	4.63753	15	0	74.6046	-31.581	6.63065	-122.929	-31.581	6.63065	-122.929	
11780	11081	162.307	425.876	162.205	383.487	-23.88	-0.800274	0	0	0	0	0	-155.169	-252.653	132.97	9.94753	372.01	411.08	-155.124	-203.886	-252.653	133.041	72.5957	9.94753	371.981	395.025	411.08	7.13584	7	0	90.9019	-999999	-999999	-999999	-999999	-999999	-999999	
11774	3047	60.8858	248.311	55.5188	-99999	63.542	-0.731352	1	1	0	0	0	-92.2542	-81.953	-38.1434	-77.3691	-894.321	-856.64	-72.6261	-66.5628	-60.4995	-37.156	-58.1829	-78.402	-895.192	-874.207	-853.553	8.19194	14	0	154.441	63.5475	-60.2803	-790.829	63.5475	-60.2803	-790.829	
11775	6831	328.447	836.882	328.411	-99999	35.846	-0.925041	1	1	1	1	1	-111.216	-72.6016	133.71	-167.24	20.3231	-104.996	-99.9911	-81.7334	-61.3767	133.71	-16.5497	-167.24	20.3231	-43.0015	-104.996	5.91232	13	0	68.7045	35.8749	-21.603	-48.8242	35.8749	-21.603	-48.8242	
11797	21897	202.318	561.286	200.35	-99999	-24.048	-0.995196	0	0	0	0	0	-172.156	-197.148	134.329	-61.3628	-50.4596	-51.3403	-179.651	-183.037	-205.435	134.889	34.0421	-62.4306	-50.409	-49.6234	-51.5556	6.79677	8	0	122.108	-23.1817	-16.2356	321.417	-23.1817	-16.2356	321.417	
11780	616	210.826	525.36	206.096	68.8969	69.275	-0.961628	1	1	1	1	0	-192.846	-221.518	125.855	-73.28	832.233	873.761	-192.493	-208.018	-221.518	130.397	28.2804	-73.28	830.981	850.942	873.761	8.88632	9	0	84.0437	69.2994	-9.56241	795.13	69.2994	-9.56241	795.13	
11797	58714	86.2218	295.875	86.1296	-99999	60.719	-0.48911	1	1	0	0	0	-186.484	-154.579	129.977	81.7381	316.866	380.149	-167.51	-150.188	-135.565	130.021	105.741	81.7381	316.799	347.803	380.149	4.85882	6	0	131.161	60.7588	30.3957	369.817	60.7588	30.3957	369.817	
11782	6264	583.007	1543.69	580.246	-99999	8.547	-0.542857	1	1	1	1	1	-285.516	-293.092	133.03	-163.583	-251.501	-743.086	-285.358	-288.152	-293.123	133.873	-14.8646	-163.646	-250.224	-495.085	-743.981	4.02712	19	0	112.158	8.59968	-27.508	-505.161	8.59968	-27.508	-505.161	
11786	29316	155.186	404.885	153.914	-99999	61.377	-0.772869	1	1	1	0	0	-180.322	-80.6609	128.642	11.5538	-763.059	-768.871	-161.852	-110.921	-61.3903	129.557	71.0952	11.4904	-762.946	-765.363	-768.872	5.94369	6	0	62.5952	61.3947	15.2215	-763.479	61.3947	15.2215	-763.479	
11786	28597	178.456	489.344	177.788	-99999	62.158	-0.990328	1	1	1	1	1	-236.903	-258.855	132.058	-44.112	246.674	253.616	-236.904	-248.111	-258.945	132.595	44.1238	-44.2318	246.663	248.824	253.619	5.25428	8	0	77.4744	62.1847	-6.36171	253.733	62.1847	-6.36171	253.733	
11797	10151	280.905	670.195	280.901	-99999	111.712	-0.734922	0	0	0	0	0	-323.121	-263.332	130.944	-91.5199	-561.19	-404.368	-323.249	-300.15	-263.459	130.944	22.3183	-91.5205	-561.19	-475.325	-404.368	6.38179	10	0	85.4663	6.94605	-35.4708	666.939	6.94605	-35.4708	666.939	
11797	11141	270.997	636.43	270.303	-99999	91.812	-0.820733	1	1	1	1	1	-238.551	-90.2171	126.812	-97.5165	-333.258	-359.577	-210.042	-135.587	-61.3198	127.155	14.4754	-97.7424	-333.236	-343.922	-359.623	4.14639	11	0	49.3792	91.8409	-41.6478	-349.132	91.8409	-41.6478	-349.132	
11797	13391	130.571	317.783	129.586	-99999	79.334	-0.960291	1	1	1	1	1	-328.965	-298.783	132.76	9.38978	-516.848	-496.408	-329.311	-310.742	-298.874	133.686	71.463	9.38978	-516.909	-510.26	-496.408	8.5758	9	0	51.4914	79.3587	17.2219	-503.827	79.3587	17.2219	-503.827	
11797	87292	217.144	453.829	217.115	-99999	-4.498	-0.567652	1	1	1	1	1	-347.072	-334.083	130.425	20.545	-513.733	-327.779	-347.066	-337.471	-334.078	130.425	74.3343	20.545	-513.733	-421.461	-327.779	4.32576	19	0	50.802	-4.46179	34.4213	-365.484	-4.46179	34.4213	-365.484	
11795	20568	225.301	543.264	224.966	-99999	35.176	-0.958176	1	1	1	1	1	-300.469	-346.668	132.575	-79.3335	498.361	553.412	-300.51	-318.257	-346.766	132.575	25.0624	-79.6543	498.361	526.688	553.363	4.46454	6	0	78.7574	35.1943	-35.9088	544.8	35.1943	-35.9088	544.8	
11780	10889	50.8556	136.302	50.2489	-99999	76.034	-0.928182	1	1	0	0	0	-103.744	-85.1405	130.009	83.3669	159.275	157.503	-80.1631	-70.7814	-61.3309	130.569	106.95	83.3669	159.302	158.489	157.503	4.48263	9	0	51.6979	76.0569	57.3255	162.277	76.0569	57.3255	162.277	
11780	10979	172.726	443.452	171.25	-99999	64.963	-0.660213	1	1	1	1	1	-357.875	-249.174	68.1025	-37.8103	504.43	582.783	-358.829	-304.99	-249.248	69.0766	14.9024	-37.8103	503.76	543.951	582.783	7.38926	11	0	85.9397	64.9693	-8.50796	552.287	64.9693	-8.50796	552.287	
11780	6703	301.894	762.137	301.516	-99999	42.949	-0.975758	1	1	1	1	1	-271.77	-319.007	133.673	-163.409	13.4474	14.5299	-271.706	-291.264	-319.057	134.001	-15.5639	-163.417	13.4468	16.4469	14.528	11.1973	7	0	110.72	50.0823	-24.1065	-672.524	50.0823	-24.1065	-672.524	
11780	15330	57.3399	140.752	57.3047	-99999	37.319	-0.927948	1	1	1	0	0	-77.4704	-72.9888	134.085	81.1989	-87.2494	-108.387	-65.7842	-63.4925	-61.3026	134.085	107.551	81.1989	-87.2494	-97.8433	-108.387	4.24695	19	0	42.643	37.3294	9.67456	-133.666	37.3294	9.67456	-133.666	
11789	9144	28.3734	108.097	27.401	-99999	27.514	-0.945876	0	0	0	0	0	-191.869	-186.185	130.016	104.025	133.819	139.505	-183.277	-181.199	-177.276	130.191	116.784	103.303	133.764	137.888	139.555	4.85375	6	0	78.1331	27.5496	30.393	140.129	27.5496	30.393	140.129	
11789	9594	272.708	2066.31	272.463	214.244	64.435	-0.824216	1	1	1	1	1	-167.895	-261.333	132.936	-78.6052	120.175	261.62	-167.895	-216.885	-261.366	132.936	21.8658	-78.7851	120.175	182.178	261.776	5.67477	15	0	64.0619	64.4507	-16.7504	137.525	64.4507	-16.7504	137.525	
11786	32651	171.748	463.629	169.558	-99999	93.885	-0.759655	1	1	1	1	0	-336.891	-261.504	133.186	-9.32318	-354.639	-306.063	-337.081	-292.196	-260.986	133.305	64.7218	-11.2224	-354.698	-329.836	-305.708	8.42884	8	0	94.2263	100.706	17.847	-214.676	100.706	17.847	-214.676	
11780	11403	127.725	341.018	125.444	-99999	84.606	-0.725685	1	1	1	1	1	-185.196	-223.674	130.656	35.6846	437.018	365.706	-171.298	-191.157	-210.426	132.109	84.7273	35.421	438.266	400.338	365.687	6.08381	9	0	45.3564	84.6382	-34.2878	282.035	84.6382	-34.2878	282.035	
11761	113	266	678.169	264.708	26.911	27.116	-0.898842	1	1	1	1	1	-179.159	-263.744	132.054	-105.656	106.841	178.055	-179.144	-230.429	-263.97	132.088	12.5443	-106.808	106.835	133.91	178.461	6.05298	11	0	86.6305	27.1483	-20.266	151.658	27.1483	-20.266	151.658	
11795	15302	88.4106	243.005	86.3932	-99999	94.663	-0.931202	1	1	1	0	0	-311.437	-332.944	134.131	53.3126	514.514	533.513	-311.545	-324.095	-333.24	134.131	92.2598	51.3731	514.514	520.35	534.021	4.2435	15	0	86.7288	88.6423	-21.0186	-378.518	11.7723	-70.2685	793.495	
11795	16652	296.78	744.222	293.329	-99999	29.334	-0.904544	1	1	1	1	1	-235.772	-320.611	131.899	-138.204	-608.845	-538.743	-235.666	-281.88	-321.205	132.291	-1.42588	-141.077	-608.97	-564.343	-539.437	7.03031	8	0	83.0686	29.3666	-37.1845	-561.112	29.3666	-37.1845	-561.112	
11772	3661	339.308	6807.51	339.299	-15.5417	-15.934	-0.754136	1	1	1	1	1	-107.831	-311.39	134.294	-105.092	-894.922	-770.274	-107.831	-210.612	-311.39	134.294	16.4515	-105.092	-894.922	-829.463	-770.274	4.858	8	0	70.4394	-15.8999	-17.638	-774.895	-15.8999	-17.638	-774.895	
11761	2572	112.992	297.358	112.802	-99999	9.29	-0.575021	1	1	0	0	0	-282.547	-307.234	133.731	62.6435	-297.489	-213.912	-282.508	-292.155	-307.245	133.835	98.6337	62.6435	-297.639	-254.56	-213.912	4.45173	14	0	64.1357	9.32767	36.1299	-230.91	9.32767	36.1299	-230.91	
11795	3556	279.565	666.48	278.428	-99999	34.28	-0.963601	0	0	0	0	0	-198.144	-154.037	130.03	-141.472	14.3878	38.2787	-187.45	-169.693	-142.899	130.304	-5.96704	-142.214	14.3253	39.3483	38.2246	7.20883	7	0	70.8615	-999999	-999999	-999999	-999999	-999999	-999999	
11759	877	163.296	1280.38	162.839	89.9883	90.624	-0.800212	1	1	1	1	1	-168.918	-254.995	132.625	14.2816	112.557	46.3117	-168.918	-209.261	-255.337	132.625	67.6239	14.1519	112.557	84.0725	46.0548	8.55702	6	0	85.5745	96.7335	-55.0987	671.679	96.7335	-55.0987	671.679	
11797	2185	31.3125	98.0571	30.153	-99999	36.551	-0.793687	1	1	1	1	1	-198.211	-216.144	131.435	107.556	-484.127	-487.922	-192.059	-201.564	-210.58	132.001	119.8	107.144	-484.004	-486.421	-487.946	5.4965	10	0	71.6773	36.5763	-61.2957	-520.088	36.5763	-61.2957	-520.088	
11797	80358	213.361	1036.39	213.253	-19.3601	51.279	-0.630998	0	0	0	0	0	-114.525	-260.236	132.695	-11.4292	-280.432	-226.122	-114.525	-186.334	-260.304	132.695	60.9128	-11.4997	-280.432	-248.036	-226.119	4.98546	6	0	84.2318	69.6909	-7.50653	-751.436	-10.7691	-53.6987	139.599	
11782	865	136.594	1375.85	136.406	-99999	63.162	-0.756239	1	1	1	1	1	-222.44	-301.784	131.514	32.1071	290.244	339.172	-222.419	-262.119	-301.867	131.643	81.4396	32.0959	290.191	314.013	339.182	249.956	14	0	1015.46	63.1789	-29.7098	363.079	63.1789	-29.7098	363.079	
11782	3295	51.1356	178.085	50.5152	-99999	86.189	-0.667948	0	0	0	0	0	-118.297	-88.228	77.9389	111.271	-894.559	-871.402	-61.0125	-76.2235	-91.4497	111.528	94.5918	77.7809	-871.23	-882.87	-894.665	4.12213	123	0	178.085	86.1652	41.7302	-828.001	86.1652	41.7302	-828.001	
11795	5380	470.237	1198.78	469.626	-99999	100.116	-0.462592	1	1	1	1	1	-231.514	-92.5485	133.305	-87.3533	159.022	-231.316	-200.22	-133.138	-61.0322	133.352	21.2983	-87.5956	159.094	-36.2678	-231.726	16.4415	17	0	65.9331	100.154	-27.8059	-97.8101	-8.46613	19.6067	-41.2277	
11795	8530	103.888	349.232	103.662	-99999	-48.789	-0.871355	1	1	1	1	1	-262.337	-217.371	132.617	43.6475	-840.566	-812.186	-254.768	-232.307	-209.704	132.808	88.2867	43.6475	-840.634	-826.113	-812.186	4.79141	10	0	105.989	-48.7634	-31.7553	-754.685	-48.7634	-31.7553	-754.685	
11776	4918	297.829	694.281	289.804	16.2246	16.706	-0.913814	1	1	1	1	1	-218.932	-161.525	130.713	-144.621	-770.323	-837.192	-219.454	-189.664	-161.567	133.182	-8.12753	-149.413	-769.356	-804.917	-839.474	6.1523	6	0	73.2662	16.7259	-26.5453	-772.891	16.7259	-26.5453	-772.891	
11780	19873	35.9105	132.669	28.5207	-99999	60.655	-0.934501	1	1	1	1	1	-236.162	-237.259	129.113	104.908	-673.93	-687.101	-236.231	-238.727	-235.253	129.113	112.944	98.4556	-673.93	-680.772	-685.744	4.94857	14	0	108.869	60.6562	-24.5595	-597.185	60.6562	-24.5595	-597.185	
11797	99142	229.476	577.583	229.406	110.973	111.134	-0.802735	0	0	0	0	0	-181.745	-299.561	132.752	-42.8702	208.29	291.995	-181.745	-245.385	-299.57	132.752	43.9125	-42.9306	208.29	242.888	292.021	7.76284	12	0	82.9873	-999999	-999999	-999999	-999999	-999999	-999999	
11782	8059	63.0326	191.541	63.0313	-99999	1.854	-0.884849	0	0	0	0	0	-250.982	-273.313	133.748	77.3998	594.784	612.024	-250.984	-262.063	-273.315	133.748	105.473	77.3998	594.784	603.167	612.024	5.33123	11	0	46.5666	-999999	-999999	-999999	-999999	-999999	-999999	
11786	22387	328.865	800.796	328.859	-99999	-27.068	-0.795315	1	1	1	1	1	-242.568	-322.456	132.886	-142.582	-601.79	-448.289	-242.537	-277.122	-322.425	132.886	0.13953	-142.582	-601.79	-511.402	-448.289	5.98917	9	0	88.9896	-27.0306	-38.0107	-496.105	-27.0306	-38.0107	-496.105	
11772	5575	218.888	488.696	201.035	93.229	92.765	-0.924971	1	1	1	1	1	-235.897	-154.922	131.961	-50.6141	-493.676	-487.714	-236.172	-192.22	-144.24	132.653	32.9816	-63.9367	-493.621	-495.233	-488.139	5.47119	7	0	80.4033	92.7972	-21.5799	-490.31	92.7972	-21.5799	-490.31	
11772	8815	92.6879	256.522	91.5671	-99999	1.59	-0.774295	1	1	0	0	0	-286.427	-225.921	133	65.1517	-212.555	-203.495	-287.13	-256.127	-225.922	133.87	99.5475	65.1517	-212.608	-209.898	-203.495	6.66674	10	0	81.7306	10.037	-0.411705	163.642	10.037	-0.411705	163.642	
11795	22885	377.574	864.262	377.007	38.7482	37.791	-0.763386	1	1	1	1	1	-73.5936	-303.774	133.415	-161.314	744.845	784.012	-73.5936	-190.132	-303.995	133.415	-14.2765	-161.8	744.845	758.713	784.182	5.30003	14	0	81.7206	37.8258	-19.2596	748.099	37.8258	-19.2596	748.099	
11797	31869	202.31	1183.99	202.261	-99999	103.848	-0.781226	0	0	0	0	0	-309.537	-343.669	133.482	-27.8997	-265.254	-148.245	-309.656	-327.006	-343.796	133.482	53.1138	-27.9385	-265.254	-206.344	-148.22	2106.49	11	0	756.346	-43.8644	-44.0042	409.576	-43.8644	-44.0042	409.576	
11797	35289	237.362	970.285	236.841	29.1937	27.283	-0.883398	1	1	1	1	1	-131.559	-245.786	133.277	-73.4052	646.844	643.597	-131.559	-192.817	-246.01	133.277	31.7624	-73.8711	646.844	644.365	643.619	12.1063	6	0	481.89	27.3163	-13.1687	640.534	27.3163	-13.1687	640.534	
11795	11234	317.351	811.482	314.34	-99999	72.493	-0.953671	1	1	1	1	1	-164.26	-223.648	130.02	-170.221	-288.887	-227.845	-141.036	-172.548	-200.947	132.882	-16.4167	-170.221	-289.644	-246.663	-227.845	9.37028	12	0	92.251	72.5278	-21.51	-247.407	72.5278	-21.51	-247.407	
11759	1051	266.092	874.974	252.023	-48.5381	-48.128	-0.357473	1	1	1	1	1	-125.716	-297.836	133.362	34.9752	-771.724	-617.959	-121.085	-208.252	-300.455	136.361	86.3198	31.2303	-776.641	-689.641	-613.122	5.92316	10	0	68.6067	-48.0973	26.2864	-680.893	-48.0973	26.2864	-680.893	
11797	85073	180.358	427.733	179.938	-99999	24.289	-0.92742	1	1	1	1	0	-291.675	-304.822	131.91	-42.3114	-689.196	-653.29	-291.702	-295.508	-304.86	131.91	43.9931	-42.6849	-689.196	-671.33	-653.396	4.85145	8	0	80.5732	24.3109	-1.87071	-657.121	24.3109	-1.87071	-657.121	
11797	44818	107.029	328.231	105.467	-99999	52.625	-0.744841	1	1	1	1	1	-140.735	-218.49	133.586	62.5923	-281.32	-275.825	-131.822	-170.824	-210.65	134.327	97.8347	62.214	-281.419	-278.656	-275.783	13.1175	9	0	100.995	52.6644	-89.6672	-238.406	52.6644	-89.6672	-238.406	
11780	17236	128.967	331.409	127.064	-99999	110.146	-0.777969	0	0	0	0	0	-296.421	-337.15	133.667	34.6576	231.445	298.453	-296.547	-311.735	-338.135	133.667	81.8089	33.2631	231.445	266.347	299.418	9.50974	11	0	77.5439	-999999	-999999	-999999	-999999	-999999	-999999	
11789	19715	110.497	284.872	109.59	-47.5779	-47.268	-0.598564	1	1	1	0	0	-190.173	-221.154	133.315	66.5666	654.017	734.111	-190.173	-207.121	-221.591	133.315	99.8668	66.3882	654.017	694.563	734.87	11.3311	14	0	92.191	-47.227	20.0433	700.003	-47.227	20.0433	700.003	
11789	21695	312.913	742.752	311.564	-99999	73.312	-0.999238	1	1	1	1	1	-265.689	-271.27	132.489	-171.831	-234.041	-230.997	-265.766	-257.864	-271.354	132.61	-23.0193	-171.831	-234.042	-239.697	-230.997	5.31717	9	0	132.752	73.3447	-30.5577	-238.526	73.3447	-30.5577	-238.526	
11797	67169	308.801	1335.62	307.079	-99999	74.057	-0.908612	1	1	1	1	1	-196.833	-84.9022	129.94	-146.453	10.8831	82.6352	-173.823	-118.104	-61.2449	130.419	-8.86294	-147.383	10.7577	47.2651	82.8261	5.18826	10	0	166.599	74.0866	-59.8311	58.5001	74.0866	-59.8311	58.5001	
11797	59165	288.025	1014.68	286.855	-99999	27.762	-0.930823	1	1	1	1	1	-249.088	-240.065	132.372	-119.657	341.357	438.434	-249.165	-238.232	-240.097	133.177	11.1026	-119.657	341.048	404.254	438.434	6.50437	10	0	77.608	27.7884	-20.0268	398.031	27.7884	-20.0268	398.031	
11797	59525	401.124	984.978	399.236	111.236	113.188	-0.690791	0	0	0	0	0	-345.689	-204.968	133.455	-152.407	-151.475	-386.297	-346.042	-272.666	-204.603	134.201	-3.50851	-153.092	-150.783	-276.394	-386.49	5.81356	9	0	116.666	3.16941	-89.9251	-414.426	3.16941	-89.9251	-414.426	
11789	23649	307.666	755.508	307.381	-99999	4.369	-0.958218	1	1	1	1	1	-262.285	-163.152	132.414	-154.856	834.193	854.541	-262.343	-224.045	-163.152	132.675	-14.4935	-154.856	834.145	856.036	854.541	7.70158	13	0	82.4629	4.39909	-21.4815	797.358	4.39909	-21.4815	797.358	
11786	29567	293.16	722.378	292.433	81.3333	81.045	-0.928335	1	1	1	1	1	-152.47	-239.197	132.618	-141.019	-212.373	-259.271	-152.47	-202.121	-239.109	132.618	-1.88063	-141.722	-212.373	-242.565	-259.257	6.69163	11	0	71.6034	81.0701	-19.5291	-238.598	81.0701	-19.5291	-238.598	
11786	3095	245.632	609.952	244.723	-99999	116.925	-0.948559	0	0	0	0	0	-167.463	-97.9075	130.177	-103.139	62.5066	87.2488	-130.938	-95.8433	-61.1422	130.449	13.4223	-103.737	62.4747	74.9539	87.2963	5.24329	7	0	52.2913	-13.945	-73.6702	-76.4648	-13.945	-73.6702	-76.4648	
11797	53239	43.8557	115.936	35.1639	-99999	-37.699	-0.869401	1	1	0	0	0	-355.043	-342.037	62.9962	30.5812	-59.0594	-56.0657	-359.144	-349.246	-341.994	70.6027	51.1762	30.5812	-59.7494	-57.5312	-56.0657	5.02119	8	0	78.7544	-37.6727	39.1025	-54.1138	-37.6727	39.1025	-54.1138	
11797	63887	357.323	628.627	356.57	-99999	111.939	-0.82294	0	0	0	0	0	-297.439	-291.107	133.364	-157.378	72.494	275.562	-297.51	-293.803	-291.235	133.971	-10.36	-157.378	72.0773	176.084	275.562	6.13421	14	0	111.687	66.3137	-59.9193	-244.536	66.3137	-59.9193	-244.536	
11797	58530	56.2058	109.559	51.7982	-99999	47.264	-0.625683	1	1	0	0	0	-82.4253	-76.0095	133.754	99.8564	-692.244	-653.845	-67.6265	-64.1648	-60.5185	133.759	114.85	99.3257	-692.25	-671.776	-649.677	4.63569	9	0	45.5084	47.2863	77.4853	-624.393	47.2863	77.4853	-624.393	
11786	24224	303.124	821.404	288.662	39.5276	42.516	-0.707863	1	1	1	1	1	-61.7598	-252.482	57.1402	-151.536	319.354	261.31	-60.3364	-160.717	-260.37	58.6688	-50.6387	-160.625	319.934	289.243	258.915	4.69371	6	0	94.5175	42.5542	-23.8598	290.197	42.5542	-23.8598	290.197	
11786	25574	175.129	479.902	173.573	-99999	72.64	-0.595263	1	1	1	1	0	-164.539	-84.827	129.698	26.413	250.473	364.923	-142.057	-101.847	-61.7445	130.042	78.0995	25.7776	250.09	307.99	365.585	4.62026	6	0	53.9486	72.6761	19.0381	329.4	72.6761	19.0381	329.4	
11782	13510	111.79	327.68	111.345	-99999	111.386	-0.710129	0	0	0	0	0	-292.808	-315.895	128.669	46.3158	19.1207	89.1632	-292.935	-307.551	-316.043	128.669	87.5729	45.9641	19.1207	53.3992	89.4257	4.19748	13	0	73.1672	-999999	-999999	-999999	-999999	-999999	-999999	
11782	9080	359.89	1745.52	359.233	-99999	74.06	-0.773677	1	1	1	1	1	-127.786	-223.155	133.188	-138.843	408.444	194.187	-116.148	-163.778	-211.663	133.188	-3.67795	-139.319	408.444	301.825	193.764	8.07792	15	0	95.3764	74.0933	-8.50807	304.748	74.0933	-8.50807	304.748	
11782	11240	327.762	1018.39	327.706	-99999	-5.059	-0.72232	1	1	1	1	1	-108.739	-315.5	132.642	-97.9586	-514.152	-407.317	-108.708	-212.305	-315.5	132.68	17.5403	-97.9586	-514.169	-460.759	-407.317	4.84738	7	0	50.012	-5.03219	-53.489	-424.935	-5.03219	-53.489	-424.935	
11795	5923	238.595	598.627	238.139	57.0353	54.484	-0.912117	1	1	1	1	1	-230.117	-127.73	131.262	-82.2233	-387.224	-408.628	-230.296	-179.643	-127.73	131.676	24.4839	-82.2233	-387.174	-400.032	-408.628	5.59145	6	0	72.8068	54.5108	-25.3753	-403.475	54.5108	-25.3753	-403.475	
11772	9156	36.5504	114.503	34.8512	-99999	35.179	-0.764262	0	0	0	0	0	-147.525	-125.525	132.279	105.559	-270.583	-273.036	-137.61	-126.81	-114.509	133.561	118.888	105.559	-270.431	-271.725	-273.036	6.84817	6	0	78.6004	33.8636	44.5261	-366.598	33.8636	44.5261	-366.598	
11761	872	324.296	749.671	319.086	-99999	25.328	-0.972542	1	1	1	1	1	-91.7923	-142.559	130.537	-168.297	522.045	455.663	-83.3987	-125.735	-134.067	133.552	-20.5421	-169.535	522.579	495.817	454.874	5.71493	11	0	82.7486	25.3512	-23.9273	490.75	25.3512	-23.9273	490.75	
11795	27206	294	741.287	293.573	-99999	39.481	-0.971181	1	1	1	0	0	-335.805	-287.748	132.03	-154.016	-865.968	-826.339	-335.928	-310.579	-287.794	132.436	-10.8682	-154.016	-866.036	-846.24	-826.339	5.42414	9	0	82.6144	39.4999	-14.8019	-813.687	39.4999	-14.8019	-813.687	
11795	28646	61.292	184.583	54.0981	-99999	110.81	-0.984939	0	0	0	0	0	-167.098	-170.003	128.741	75.2566	709.467	705.386	-132.399	-133.62	-138.796	128.741	98.4484	69.3898	709.467	707.851	704.148	5.75471	12	0	85.7963	44.956	20.0261	204.507	-36.824	45.1428	666.214	
11795	30806	305.748	818.552	304.809	-99999	64.872	-0.949577	1	1	1	1	1	-134.604	-230.248	133.343	-130.238	786.454	673.596	-114.29	-151.325	-210.079	133.343	-5.4366	-131.121	786.454	734.767	673.326	7.27106	11	0	110.516	64.9044	-11.5151	718.474	64.9044	-11.5151	718.474	
11797	88621	85.5553	987.659	85.3733	-99999	74.109	-0.714685	0	0	0	0	0	-103.81	-157.829	130.173	68.2288	782.562	802.275	-80.5592	-106.091	-134.695	130.229	99.513	68.1592	782.529	797.569	802.272	4.16787	6	0	71.8752	76.2745	-34.422	377.17	55.2945	15.8474	530.559	
11780	19064	142.256	361.268	141.177	92.2665	92.341	-0.959926	1	1	1	1	1	-246.372	-196.578	132.599	2.7774	-281.566	-304.235	-246.626	-221.323	-196.578	133.628	68.6084	2.7774	-281.437	-294.701	-304.235	4.51298	9	0	79.7984	92.3735	2.22099	-301.882	92.3735	2.22099	-301.882	
11782	7097	91.2674	295.922	90.535	-99999	-45.995	-0.613941	1	1	1	0	0	-125.965	-194.847	130.413	73.3951	-55.3268	-56.5743	-139.944	-174.772	-209.355	130.751	101.724	73.2672	-55.2358	-59.8642	-56.5468	10.8064	6	0	146.769	-45.9594	26.3084	-58.9819	-45.9594	26.3084	-58.9819	
11797	36185	229.955	599.527	228.625	-99999	87.714	-0.893554	1	1	1	1	1	-231.158	-277.423	131.905	-64.9521	-831.902	-726.612	-231.24	-249.366	-277.949	132.043	32.2302	-65.9822	-831.966	-777.976	-726.246	5.25917	12	0	82.0712	87.7498	-17.0896	-735.174	87.7498	-17.0896	-735.174	
11776	3486	27.4069	14.9146	6.47963	-99999	100.325	-0.935768	1	1	1	1	1	-96.6205	-98.5978	130.402	124.339	-586.117	-584.972	-65.2044	-68.0756	-69.8501	130.402	118.013	105.523	-586.117	-588.344	-593.342	7.28008	7	0	14.9146	100.343	27.9624	-611.078	100.343	27.9624	-611.078	
11786	966	198.613	488.852	197.774	-99999	0.019	-0.974272	1	1	1	1	1	-264.833	-233.048	132.761	-60.4586	261.874	285.289	-264.883	-246.697	-232.87	133.016	36.3531	-60.9982	261.847	275.127	285.331	5.60384	10	0	84.5075	0.0460435	-9.9885	278.945	0.0460435	-9.9885	278.945	
11797	49245	282.557	695.125	282.15	75.7685	75.86	-0.979916	1	1	1	1	1	-172.251	-239.993	132.735	-138.678	60.1667	93.4026	-172.245	-203.101	-240.056	132.778	-4.45987	-139.027	60.1632	72.5751	93.4204	6.1726	8	0	53.2077	75.8961	-20.1335	57.5458	75.8961	-20.1335	57.5458	
11797	78519	51.1846	133.393	50.8516	-99999	105.151	-0.635052	0	0	0	0	0	-239.9	-270.98	133.164	98.6402	-364.206	-343.543	-239.801	-255.595	-271.101	133.374	116.147	98.6402	-364.341	-353.931	-343.543	6.10897	11	0	55.2713	76.6007	-40.151	698.066	40.6807	60.6406	-793.865	
11797	64327	263.357	635.037	263.127	-99999	32.891	-0.917923	1	1	1	1	1	-71.6599	-171.093	99.3861	-142.887	189.879	200.49	-61.2707	-116.183	-160.794	99.5938	-19.5764	-142.887	189.875	200.119	200.49	6.09192	11	0	82.3055	32.9054	11.4439	192.188	32.9054	11.4439	192.188	
11786	5148	294.44	694.3	291.279	-33.8869	-36.627	-0.912806	1	1	1	1	1	-268.97	-168.971	132.669	-132.743	-148.678	-210.474	-269.323	-218.368	-168.569	133.759	-0.587444	-134.653	-148.346	-179.234	-210.572	6.50518	9	0	76.6523	-36.615	-25.9662	-182.054	-36.615	-25.9662	-182.054	
11772	1614	20.1803	88.2925	19.6983	-99999	62.15	-0.983747	0	0	0	0	0	-226.841	-230.535	132.256	113.201	782.63	785.812	-226.912	-228.671	-230.681	132.256	122.408	112.736	782.63	783.863	785.9	6.209	9	0	86.6592	66.7631	-80.1739	-128.966	66.7631	-80.1739	-128.966	
11797	35070	56.6128	208.999	55.4854	-99999	-18.661	-0.993943	1	0	0	0	0	-215.399	-221.067	131.732	77.1367	752.505	754.46	-215.377	-219.057	-221.142	131.732	103.743	76.4171	752.505	751.77	754.803	5.44395	22	0	120.08	-18.6236	22.479	744.523	-18.6236	22.479	744.523	
11776	827	27.8607	99.5117	25.63	-99999	103.538	-0.726028	0	0	0	0	0	-295.315	-310.215	132.883	112.251	-592.831	-593.934	-294.87	-303.587	-310.967	133.469	122.76	111.005	-592.727	-594.398	-593.818	5.31444	9	0	84.8747	103.578	59.6722	-591.657	103.578	59.6722	-591.657	
11782	10422	453.4	1093.09	452.889	109.967	109.251	-0.618155	0	0	0	0	0	-272.165	-172.246	132.593	-141.52	-153.928	-499.157	-272.258	-220.515	-172.246	132.903	-1.63119	-141.52	-153.544	-328.387	-499.157	4.99763	15	0	82.7716	-24.2122	-49.4478	-431.684	-24.2122	-49.4478	-431.684	
11782	12042	96.6981	289.323	96.3825	-16.326	-18.432	-0.906738	1	1	1	0	0	-238.61	-199.33	132.562	46.3683	-242.284	-232.479	-238.712	-220.976	-199.33	132.847	89.2114	46.3683	-242.363	-231.645	-232.479	10.0066	7	0	110.411	-15.5165	-37.3292	791.331	-15.5165	-37.3292	791.331	
11789	23857	100.795	257.19	99.3502	-99999	50.983	-0.939453	1	1	1	1	0	-108.368	-77.3622	132.524	38.4835	-56.9628	-49.0103	-92.7373	-77.0082	-61.2588	133.452	85.8012	38.0514	-57.0482	-52.3894	-48.9946	4.03873	8	0	50.0364	51.8179	28.9818	-212.29	17.2679	-16.431	-21.3911	
11761	204	46.3423	119.476	45.7393	-99999	71.753	-0.898406	1	0	0	0	0	-99.3067	-83.9082	129.997	88.7179	856.241	868.461	-76.9675	-69.066	-61.3702	130.348	109.57	88.5198	856.133	862.669	868.495	4.79544	6	0	61.9728	71.7796	38.5419	848.769	71.7796	38.5419	848.769	
11759	2825	145.441	344.853	145.058	-99999	55.995	-0.976663	0	0	0	0	0	-282.771	-280.79	132.39	-6.24617	428.463	464.655	-282.896	-277.663	-280.854	132.711	63.3972	-6.24617	428.426	446.348	464.655	12.3362	6	0	68.5521	56.7806	9.7579	442.927	56.7806	9.7579	442.927	
11786	30003	314.018	757.284	312.868	-99999	-32.923	-0.857208	1	1	1	1	1	-175.061	-81.1215	133.189	-161.448	641.67	629.26	-185.456	-126.348	-91.2455	133.339	-10.3409	-162.398	641.7	619.926	629.285	4.05532	8	0	69.7976	-32.8976	-39.1497	626.268	-32.8976	-39.1497	626.268	
11797	49120	284.924	698.191	283.061	-99999	8.274	-0.94824	1	1	1	1	1	-243.276	-146.714	132.932	-122.954	179.497	246.298	-243.344	-201.424	-146.258	133.251	2.05534	-124.278	179.421	213.015	246.444	5.10333	7	0	77.8032	8.30748	-27.8908	222.595	8.30748	-27.8908	222.595	
11789	6324	53.6069	192.963	53.02	-99999	3.629	-0.285797	0	0	0	0	0	-300.274	-323.779	133.758	117.669	12.0074	55.0748	-300.278	-311.838	-323.952	133.758	124.998	117.984	12.0074	34.3913	55.4557	4.60422	6	0	105.443	85.3062	-26.3193	215.245	85.3062	-26.3193	215.245	
11797	31660	265.609	683.559	259.99	99.6798	99.017	-0.975206	1	1	1	1	1	-155.263	-247.315	132.696	-108.696	331.022	351.919	-155.172	-197.148	-250.679	133.21	7.64078	-112.505	330.996	340.247	352.048	4.93089	7	0	88.5788	99.033	-22.5888	343.848	99.033	-22.5888	343.848	
11797	3283	77.4976	214.308	76.1464	80.7199	81.843	-0.675685	1	1	0	0	0	-227.109	-174.488	132.255	86.1006	-667.815	-694.891	-227.898	-200.417	-174.377	133.039	107.175	86.0113	-667.502	-676.172	-695.018	4.58693	14	0	76.7021	81.8717	28.7527	-676.71	81.8717	28.7527	-676.71	
11772	8804	229.442	495.984	227.809	-99999	-46.698	-0.991259	1	1	1	1	1	-102.489	-76.7038	129.518	-94.3477	389.303	400.484	-117.192	-110.056	-91.2673	130.36	16.5029	-95.0846	389.399	388.162	400.542	7.96075	7	0	74.2579	-46.6778	-19.0017	392.658	-46.6778	-19.0017	392.658	
11786	23726	304.995	755.602	296.866	30.247	29.598	-0.949977	1	1	1	1	1	-273.626	-203.614	132.219	-154.268	628.568	634.802	-274.051	-224.418	-201.31	133.544	-10.4597	-160.179	628.555	633.616	636.967	5.16403	7	0	95.5419	38.4337	-43.2926	-480.142	94.2537	-43.0625	509.392	
11786	24086	305.316	692.856	304.712	-99999	48.352	-0.95634	1	1	1	1	1	-351.558	-338.948	133.464	-154.179	-752.017	-659.903	-351.629	-338.292	-339.062	133.802	-9.8244	-154.401	-752.117	-702.82	-659.879	7.51996	7	0	76.3211	48.3786	-28.3077	-687.781	48.3786	-28.3077	-687.781	
11789	20576	255.144	671.271	253.773	81.2799	83.382	-0.834406	1	1	1	1	1	-270.564	-157.426	131.719	-67.432	-441.103	-546.943	-270.971	-219.374	-157.405	132.783	28.1953	-67.4861	-440.528	-491.766	-546.984	6.73799	11	0	80.8774	92.1889	-27.0499	-481.917	92.1889	-27.0499	-481.917	
11797	67648	44.2333	162.341	35.7817	-99999	-16.407	-0.633002	0	0	0	0	0	-169.204	-145.906	133.931	109.45	-768.25	-778.017	-174.342	-159.365	-153.056	133.931	118.693	104.481	-768.25	-773.67	-784.105	10.0918	8	0	112.009	-2.20556	-3.52376	-645.123	-2.20556	-3.52376	-645.123	
11797	71518	242.704	601.778	241.183	81.6042	81.027	-0.896914	1	1	1	1	1	-218.294	-94.9481	132.58	-73.188	-186.09	-179.207	-218.294	-154.862	-94.241	132.58	29.8243	-74.5186	-186.09	-175.317	-179.339	5.4923	6	0	102.136	81.0618	-23.3689	-177.524	81.0618	-23.3689	-177.524	
11797	17705	183.319	462.753	182.872	-99999	17.418	-0.97233	1	1	1	1	1	-288.849	-258.044	132.185	-45.4093	-355.601	-330.749	-288.886	-280.286	-258.023	132.434	42.6503	-45.593	-355.658	-339.558	-330.74	5.30233	7	0	77.9849	17.4426	-2.40411	-336.034	17.4426	-2.40411	-336.034	
11797	79421	182.781	952.304	175.773	-99999	5.531	-0.656911	1	1	1	1	1	-63.2473	-195.487	-55.8292	-169.029	-540.687	-516.885	-61.2307	-130.207	-198.229	-55.577	-114.268	-173.898	-540.735	-528.539	-516.565	101.955	7	0	520.619	5.5506	-76.3705	-541.691	5.5506	-76.3705	-541.691	
11797	7030	56.5288	207.107	56.3683	-99999	65.79	-0.740849	0	0	0	0	0	-345.423	-312.685	133.665	88.8586	369.96	378.933	-345.568	-328.292	-312.761	133.762	111.808	88.8586	369.937	373.906	378.933	12.8093	7	0	110.417	65.8228	63.606	384.857	65.8228	63.606	384.857	
11795	22631	59.1358	158.076	50.589	-99999	-12.77	-0.736269	1	1	1	1	1	-342.204	-319.973	125.702	84.7447	-638.948	-633.878	-340.168	-333.588	-319.959	130.816	106.575	84.7447	-643.443	-639.479	-633.878	32.3706	11	0	93.6018	-12.7444	9.88541	-618.145	-12.7444	9.88541	-618.145	
11781	1429	265.213	615.351	264.016	-99999	-1.808	-0.80041	1	1	1	1	1	-99.1988	-255.225	133.206	-70.4206	-119.318	-60.0884	-98.867	-178.792	-255.59	133.674	30.8176	-70.9049	-119.425	-94.957	-60.0673	4.81497	7	0	74.5319	-1.77584	-9.81328	-85.7338	-1.77584	-9.81328	-85.7338	
11772	5251	221.111	555.339	219.718	-99999	82.288	-0.894767	1	1	1	1	1	-179.435	-87.0367	132.385	-66.1708	-50.6719	-33.1586	-153.912	-107.273	-60.9712	132.883	33.0727	-66.947	-50.7369	-41.5586	-33.1223	6.00874	7	0	75.9332	82.3141	-25.6182	-43.3436	82.3141	-25.6182	-43.3436	
11772	7861	243.465	782.898	243.081	-99999	62.432	-0.782203	1	1	1	1	1	-357.496	-251.64	70.3334	-115.155	15.9233	130.281	-357.754	-302.091	-251.711	70.6301	-21.1509	-115.155	15.7753	72.9355	130.281	4.84702	12	0	258.211	62.445	27.7411	51.5779	62.445	27.7411	51.5779	
11786	15721	93.5633	267.328	92.1843	-99999	82.611	-0.920305	1	1	0	0	0	-223.498	-252.089	131.66	45.6488	-487.396	-474.417	-223.507	-241.257	-252.421	131.869	88.7995	44.5383	-487.42	-483.18	-474.242	5.75644	10	0	96.0947	82.6456	18.8821	-471.982	82.6456	18.8821	-471.982	
11776	4046	24.1839	44.9959	13.6589	376.731	-39.081	-0.733883	0	0	0	0	0	-233.709	-226.028	127.469	120.041	718.201	725.556	-243.69	-239.088	-232.124	133.601	126.571	120.041	710.706	719.183	725.556	4.21898	6	0	44.9959	-25.0012	68.7295	428.63	25.4288	-91.4739	539.271	
11795	30638	333.892	814.977	333.161	-99999	84.492	-0.692645	1	1	1	1	1	-304.133	-249.921	133.663	-89.1018	-791.249	-550.686	-304.396	-270.811	-250.018	134.168	22.7671	-89.1018	-791.732	-672.166	-550.686	7.52317	9	0	140.733	84.5134	-7.30956	-647.189	84.5134	-7.30956	-647.189	
11797	7036	122.751	347.712	122.723	-99999	-2.213	-0.805005	0	0	0	0	0	-163.052	-185.476	130.367	37.1144	522.828	447.25	-163.745	-172.478	-186.176	130.367	84.2478	37.0934	522.828	483.371	447.238	6.95082	14	0	85.6826	-20.6645	-50.6444	574.236	-20.6645	-50.6444	574.236	
11797	87402	308.647	828.449	308.083	-99999	76.018	-0.945682	1	1	1	1	1	-173.468	-85.3329	132.334	-161.355	-284.109	-254.484	-149.842	-105.258	-61.5283	132.861	-14.0762	-161.355	-284.159	-268.851	-254.484	4.35156	10	0	70.3033	76.037	-43.3936	-264.916	76.037	-43.3936	-264.916	
11786	19650	206.617	1407.36	206.008	-13.0035	-13.895	-0.704185	1	1	1	1	1	-136.59	-266.34	133.438	2.47675	729.29	819.083	-136.494	-198.665	-266.568	133.566	63.9604	2.16547	729.206	773.209	819.251	4.54675	11	0	85.6932	-13.8625	12.934	766.629	-13.8625	12.934	766.629	
11786	21720	185.075	383.074	184.926	-99999	1.432	-0.972332	0	0	0	0	0	-354.536	-333.434	133.315	-43.9892	459.364	506.586	-354.537	-344.574	-333.426	133.315	44.165	-44.1163	459.364	481.761	506.637	4.45599	12	0	65.5817	-999999	-999999	-999999	-999999	-999999	-999999	
11797	54616	308.002	695.169	304.349	50.7473	52.412	-0.717152	1	1	1	1	1	-105.248	-326.283	133.336	-73.4609	-199.447	-217.786	-104.093	-214.561	-327.246	134.546	27.4665	-75.1487	-199.424	-203.431	-217.51	5.43757	9	0	68.5264	52.451	-16.916	-206.947	52.451	-16.916	-206.947	
11797	93579	224.986	530.489	224.722	-99999	75.572	-0.813677	1	1	1	1	1	-88.3159	-191.984	134.953	-62.6405	-271.987	-256.522	-64.4974	-119.519	-168.319	135.162	37.6469	-62.6405	-272.004	-261.974	-256.522	6.12081	6	0	69.108	77.7216	27.7995	-78.512	77.7216	27.7995	-78.512	
11786	13697	98.4157	261.233	94.3698	-99999	13.02	-0.626862	1	1	1	1	1	-244.914	-308.618	132.31	72.4552	448.126	483.684	-244.478	-277.75	-310.897	132.719	101.635	70.293	447.882	466.537	484.983	4.10355	10	0	45.965	13.0143	15.9008	486.985	13.0143	15.9008	486.985	
11782	1554	360.377	1026.57	360.201	-99999	77.043	-0.588936	1	1	1	1	1	-233.914	-85.3872	127.237	-92.409	258.838	15.0541	-209.86	-135.65	-61.2617	127.34	17.8454	-92.409	258.96	136.611	15.0541	8.8475	14	0	68.9331	77.0752	-36.5333	90.6001	77.0752	-36.5333	90.6001	
11786	8247	369.801	1014.27	366.674	-99999	-16.84	-0.8004	1	1	1	1	1	-162.417	-143.643	132.116	-167.322	-190.138	-400.842	-167.772	-159.3	-148.624	133.008	-18.0254	-168.857	-189.462	-295.725	-402.08	9.91467	9	0	97.7884	-16.8064	-23.2209	-299.183	-16.8064	-23.2209	-299.183	
11780	6947	259.897	608.094	258.696	58.2134	56.887	-0.91115	1	1	1	1	1	-159.48	-276.9	132.624	-90.5873	515.524	562.058	-159.322	-219.395	-277.131	132.994	18.6062	-91.1413	515.49	528.549	562.574	6.12238	9	0	71.3325	56.1035	-57.6487	496.202	56.1035	-57.6487	496.202	
11797	17911	212.401	512.149	211.929	-99999	3.093	-0.853062	1	1	1	1	1	-154.632	-267.929	130	-42.4975	579.803	624.219	-154.409	-205.068	-267.929	130.396	40.4357	-42.4975	579.701	604.363	624.219	7.29031	8	0	84.7459	3.12959	-5.37588	612.367	3.12959	-5.37588	612.367	
11772	2391	258.653	621.596	256.312	-99999	60.199	-0.964598	1	1	1	0	0	-298.66	-245.318	131.518	-113.843	858.966	877.764	-298.813	-262.767	-245.546	131.867	7.91608	-115.782	859.019	855.976	877.807	14.0852	9	0	78.9016	60.2161	-6.62376	804.439	60.2161	-6.62376	804.439	
11797	87935	48.7926	196.909	48.5322	-99999	103.628	-0.950738	0	0	0	0	0	-101.913	-93.703	133.631	87.3356	-56.8471	-44.9315	-69.511	-65.3391	-61.2526	133.874	110.678	87.3356	-56.9108	-50.6204	-44.9315	4.25076	7	0	128.278	29.8832	-10.6592	-681.125	29.8832	-10.6592	-681.125	
11797	93462	74.8105	163.062	63.4815	-99999	84.5	-0.68773	1	0	0	0	0	-113.662	-116.461	133.558	95.2505	-5.42245	-49.0841	-87.2013	-85.2896	-94.4963	133.558	107.459	97.8091	-5.42245	-30.0669	-58.2021	4.25519	8	0	66.6676	84.5348	65.0936	-28.027	84.5348	65.0936	-28.027	
11797	63716	281.877	634.733	281.339	-247.63	47.291	-0.974317	0	0	0	0	0	-186.091	-218.184	132.226	-143.051	-557.637	-595.02	-186.059	-200.41	-218.184	132.733	-4.18993	-143.051	-557.531	-587.041	-595.02	4.29453	6	0	72.5115	1.44021	-26.9188	10.6712	100.66	-128.455	-823.582	
11797	64526	153.485	374.768	153.362	-99999	-17.188	-0.6742	1	1	1	1	0	-355.498	-251.633	12.419	-93.8987	322.55	359.459	-355.561	-302.123	-251.613	12.4995	-38.789	-93.8987	322.519	342.498	359.459	5.73819	9	0	79.9864	-17.1792	-3.66865	336.932	-17.1792	-3.66865	336.932	
11797	64616	180.844	469.937	177.729	358.733	-20.094	-0.553229	0	0	0	0	0	-148.849	-216.265	132.123	33.3215	37.2693	166.966	-148.745	-177.089	-217.099	132.367	84.1037	31.7598	36.9225	107.915	168.956	5.34979	17	0	91.2005	11.5196	64.2094	-193.897	42.9096	-85.8134	265.51	
11797	83440	246.268	635.128	245.935	-99999	109.001	-0.986937	0	0	0	0	0	-212.39	-232.283	133.063	-108.084	317.412	287.862	-178.257	-195.829	-198.029	133.063	12.1386	-108.386	317.412	303.035	287.868	20.0523	6	0	87.2737	38.7395	-80.3677	453.525	38.7395	-80.3677	453.525	
11761	954	469.364	960.799	468.385	-351.372	-11.095	-0.743233	0	0	0	0	0	-131.233	-224.372	133.765	-163.704	-615.691	-272.201	-131.184	-190.792	-224.344	134.053	-21.1052	-163.743	-615.945	-450.538	-271.987	8.09632	15	0	93.1419	71.3262	65.0885	-822.077	71.3262	65.0885	-822.077	
11775	3364	305.92	758.193	304.801	41.5633	40.3	-0.904777	1	1	1	1	1	-265.506	-114.132	132.785	-126.563	-260.855	-303.855	-265.774	-193.697	-113.861	133.387	-0.527942	-126.898	-260.786	-274.785	-303.971	4.70841	10	0	88.4626	40.3263	-34.1696	-283.885	40.3263	-34.1696	-283.885	
11775	4059	223.609	833.303	222.094	-99999	27.69	-0.949173	1	1	1	1	1	-239.012	-319.01	131.218	-66.7581	-402.987	-361.723	-238.999	-275.162	-319.251	131.355	25.908	-67.9081	-402.988	-397.398	-361.019	12.409	26	0	372.526	27.7188	-23.6255	-376.051	27.7188	-23.6255	-376.051	
11797	98670	125.123	294.027	124.891	-99999	72.734	-0.815532	1	1	1	0	0	-151.367	-84.0732	130.476	25.4574	151.007	156.795	-128.694	-94.4796	-61.2711	130.618	78.3276	25.4073	151	153.93	156.8	10.5632	6	0	61.1098	72.7656	23.1323	150.947	72.7656	23.1323	150.947	
11786	16956	277.361	645.348	274.858	-99.7528	-16.331	-0.916081	1	1	1	1	1	-172.826	-266.351	132.32	-123.6	-729.244	-739.498	-172.599	-229.436	-266.341	132.847	6.54136	-125.438	-729.239	-734.901	-738.961	5.04139	14	0	67.565	-16.3096	-44.525	-645.95	-16.3096	-44.525	-645.95	
11781	270	266.506	673.122	263.647	-99999	-26.697	-0.99536	1	1	1	1	1	-185.05	-186.918	131.792	-130.308	-626.217	-619.237	-193.519	-187.157	-195.668	132.668	-0.0112385	-132.202	-626.234	-618.836	-619.45	5.27814	12	0	85.6691	-26.6635	-20.576	-615.592	-26.6635	-20.576	-615.592	
11775	2532	181.77	584.091	179.918	62.4144	62.5	-0.878177	1	1	1	1	1	-214.138	-159.348	131.742	-20.3483	-760.765	-838.264	-214.303	-190.461	-159.106	132.502	54.2528	-21.2463	-760.392	-799.9	-838.587	5.01626	14	0	77.7796	62.5342	3.2751	-780.008	62.5342	3.2751	-780.008	
11797	13172	138.207	423.886	138.205	-99999	112.583	-0.971293	0	0	0	0	0	-227.47	-192.441	132.821	0.571283	709.967	729.421	-245.162	-227.666	-210.133	132.821	66.7186	0.571283	709.967	719.879	729.421	13.698	9	0	54.7443	47.0681	-47.8815	-674.465	47.0681	-47.8815	-674.465	
11773	329	157.809	933.193	154.818	-99999	8.358	-0.648789	1	1	1	1	1	-237.33	-344.253	133.24	32.3696	363.336	411.84	-237.339	-291.61	-346.273	133.24	81.5716	30.3728	363.336	388.021	412.787	117.612	8	0	596.618	8.38991	14.5531	413.802	8.38991	14.5531	413.802	
11797	27580	102.854	275.587	102.389	-99999	31.528	-0.645131	1	0	0	0	0	-317.572	-283.696	132.908	67.272	-464.975	-394.484	-317.608	-297.469	-283.618	132.908	99.879	66.9358	-464.975	-431.107	-394.186	6.07962	15	0	78.1537	31.5647	45.6204	-409.799	31.5647	45.6204	-409.799	
11797	93032	369.607	5273.37	369.602	-99999	0.106	-0.314064	1	1	1	1	1	-61.9355	-262.776	3.43062	-120.869	182.859	467.026	-61.9355	-163.015	-262.776	3.43062	-58.2938	-120.869	182.859	324.716	467.026	14.3767	13	0	4000.99	0.0826284	-54.2068	402.688	0.0826284	-54.2068	402.688	
11797	93122	280.25	699.72	279.426	108.287	110.89	-0.695014	0	0	0	0	0	-144.314	-326.084	132.596	-76.94	66.8149	65.1057	-144.314	-241.598	-326.472	132.596	32.4308	-77.6603	66.8149	56.5622	65.1205	5.31809	7	0	77.3823	18.8072	25.9527	235.163	18.8072	25.9527	235.163	
11795	2774	191.532	460.975	191.073	-99999	35.472	-0.622449	1	1	1	1	1	-66.9084	-216.213	86.3571	-32.6834	-450.594	-449.011	-61.0492	-137.663	-210.703	86.5881	29.1556	-32.7439	-450.589	-450.148	-449.012	7.51371	7	0	54.2199	35.503	-13.9874	-445.117	35.503	-13.9874	-445.117	
11797	51201	92.0936	222.517	91.6045	-99999	34.134	-0.521101	1	1	1	0	0	-105.375	-72.3677	130.233	84.1739	7.68751	79.6485	-94.8087	-78.216	-61.6235	130.402	106.859	84.1024	7.43808	43.3627	79.784	4.96542	7	0	47.958	34.167	42.7721	68.4601	34.167	42.7721	68.4601	
11797	74833	192.126	500.919	191.677	-17.252	-9.216	-0.626604	1	1	1	1	1	-82.91	-215.59	133.709	25.4642	-629.717	-543.934	-82.6813	-149.591	-215.59	133.935	79.4652	25.4642	-629.872	-587.675	-543.934	9.25254	10	0	91.7353	-9.17329	-26.9337	-517.073	64.4667	-9.32599	-538.645	
11797	76846	372.001	3540.96	370.963	-99999	-3.655	-0.668668	1	1	1	1	1	-62.6402	-308.637	97.272	-115.966	283.53	450.945	-61.9978	-183.272	-308.637	97.9453	-24.1232	-115.966	283.17	353.453	450.945	9.25863	11	0	49.9263	-3.61395	-29.5845	356.35	-3.61395	-29.5845	356.35	
11781	2060	194.155	529.149	191.297	-99999	106.441	-0.778266	0	0	0	0	0	-286.058	-337.862	132.606	-11.7209	-222.619	-109.325	-286.179	-312.558	-338.395	132.606	57.1794	-13.341	-222.619	-167.603	-107.009	5.11994	16	0	80.5063	-999999	-999999	-999999	-999999	-999999	-999999	
11797	60045	96.3121	1126.3	95.9646	-99999	49.67	-0.459214	1	1	1	1	0	-148.62	-78.3866	133.941	81.9705	88.6196	49.5185	-133.348	-97.9454	-62.8328	134.097	107.814	81.9705	88.7287	69.5069	49.5185	4.46384	12	0	956.074	49.6962	57.0435	39.9377	49.6962	57.0435	39.9377	
11797	6664	60.9479	140.447	57.9336	-99999	83.82	-0.871877	1	1	0	0	0	-116.67	-88.6561	130.106	79.6063	684.727	689.314	-90.5384	-75.8072	-61.0996	130.316	103.766	77.1681	684.706	687.296	689.482	10.7063	7	0	59.0372	83.8373	34.695	672.773	83.8373	34.695	672.773	
11797	70925	87.7071	283.124	86.3197	102.829	103.54	-0.952472	0	0	0	0	0	-197.749	-234.107	131.86	54.9219	25.8688	16.4691	-197.749	-213.474	-234.983	131.86	91.1581	53.8509	25.8688	22.5151	16.4247	6.01003	8	0	105.482	59.8707	54.9083	-411.926	59.8707	54.9083	-411.926	
11797	11482	185.522	454.507	183.956	-99999	64.982	-0.947177	1	1	1	1	1	-129.406	-81.2432	132.218	-42.7295	-331.675	-301.555	-109.486	-85.125	-60.8673	133.572	45.3961	-42.8589	-331.852	-316.515	-301.545	8.22298	7	0	84.0853	65.0026	-7.2193	-313.384	65.0026	-7.2193	-313.384	
11797	13012	54.1916	172.238	53.9136	-99999	-30.943	-0.842471	0	0	0	0	0	-299.052	-270.841	132.668	87.0248	804.21	808.01	-299.016	-284.817	-270.658	132.668	109.694	86.7948	804.21	806.231	807.996	5.2987	7	0	76.2747	-28.5553	-33.2271	-591.772	35.0147	-80.201	857.42	
11795	14761	307.673	774.417	307.33	-99999	98.225	-0.968594	1	1	1	1	1	-203.513	-144.505	130.663	-168.065	216.743	210.027	-172.754	-136.312	-113.746	130.663	-18.3621	-168.065	216.743	207.214	210.027	8.29693	8	0	111.016	98.2516	-37.1475	204.757	98.2516	-37.1475	204.757	
11786	244	140.478	350.301	137.672	-99999	10.075	-0.915978	1	1	1	1	1	-192.717	-144.596	130.1	2.92239	275.948	280.489	-189.687	-161.57	-140.871	130.399	66.6046	0.594861	275.906	284.353	279.878	4.47273	16	0	79.8764	10.1049	5.84841	275.294	10.1049	5.84841	275.294	
11786	3574	180.285	372.317	179.61	-99999	-24.151	-0.975422	1	1	1	1	1	-271.332	-256.473	131.762	-42.5979	571.377	606.676	-271.326	-266.605	-256.404	132.111	43.5706	-42.8223	571.299	586.387	606.811	4.07175	14	0	67.2982	-24.1274	-6.56519	599.67	-24.1274	-6.56519	599.67	
11797	28248	35.9968	137.558	35.5849	-99999	55.347	-0.933484	0	0	0	0	0	-249.396	-257.402	132.781	98.739	-667.284	-662.908	-249.443	-254.246	-257.581	132.828	115.837	98.5171	-667.293	-663.845	-663.012	6.18419	13	0	91.7739	55.3798	32.0512	-645.101	55.3798	32.0512	-645.101	
11786	31806	340.981	786.884	340.866	17.3796	17.792	-0.878884	1	1	1	1	1	-154.012	-339.434	133.045	-146.012	-301.341	-328.6	-153.973	-236.61	-339.434	133.138	-11.344	-146.012	-301.311	-336.801	-328.6	5.01549	10	0	75.4127	17.8146	-43.0925	-330.391	17.8146	-43.0925	-330.391	
11797	17325	218.707	5481.04	215.958	105.164	107.005	-0.843766	0	0	0	0	0	-267.289	-194.332	133.033	-41.0287	573.306	471.098	-267.289	-229.788	-193.054	133.033	45.0971	-43.3314	573.306	520.336	470.888	4.1833	10	0	74.2674	36.8165	-4.5056	206.457	-0.533469	-39.5324	405.778	
11797	64670	43.5625	142.015	42.7114	-99999	36.452	-0.956806	1	1	1	0	0	-82.5103	-72.8037	133.733	92.2482	-642.667	-640.076	-71.0956	-65.7716	-61.2374	133.733	112.666	91.4314	-642.667	-641.409	-640.13	9.26772	9	0	55.1229	36.4471	59.8063	-634.226	36.4471	59.8063	-634.226	
11786	7782	280.988	1066.21	275.76	-99999	107.627	-0.847447	0	0	0	0	0	-242.154	-94.9828	129.799	-92.8001	627.591	558.319	-210.057	-135.145	-60.3456	132.723	19.3172	-94.2052	628.44	593.027	557.752	4.17692	11	0	48.6909	96.6702	-47.0035	-495.199	-5.96977	-24.678	566.005	
11795	24012	565.662	1288.38	558.979	-99999	82.017	-0.528956	1	1	1	1	1	-223.149	-139.315	126.028	-165.238	-676.107	-214.669	-210.26	-156.549	-126.428	126.028	-24.2493	-165.271	-676.107	-442.725	-214.588	10.1245	8	0	92.1734	82.0545	-33.9972	-411.746	82.0545	-33.9972	-411.746	
11797	82465	133.678	427.651	132.544	55.8587	54.265	-0.956894	1	1	1	1	1	-224.214	-182.272	132	8.64137	195.324	176.755	-224.373	-203.554	-182.079	132.582	69.2252	8.17515	195.388	191.52	176.626	6.81209	10	0	147.294	54.2988	6.18659	181.036	54.2988	6.18659	181.036	
11782	7616	66.1766	233.385	64.617	-99999	53.967	-0.958045	1	1	0	0	0	-131.653	-127.266	133.593	71.1415	-694.149	-706.445	-114.754	-111.869	-110.405	133.594	101.366	70.2137	-694.148	-700.136	-707.149	11.9443	9	0	107.316	53.9764	34.5033	-700.372	53.9764	34.5033	-700.372	
11774	5400	98.3721	279.568	97.4232	-99999	35.502	-0.713865	1	1	1	1	1	-150.932	-215.863	131.724	59.2342	195.707	191.653	-145.353	-177.991	-210.878	131.724	95.0156	58.4964	195.707	193.379	191.614	14.3154	8	0	74.8751	35.5415	-25.3349	185.271	35.5415	-25.3349	185.271	
11795	27067	233.806	706.809	233.175	-99999	81.073	-0.668368	1	1	1	1	1	-293.266	-197.569	131.475	-59.6277	664.116	756.921	-306.006	-257.896	-210.033	131.475	35.9919	-60.1323	664.116	710.986	757.169	5.8749	13	0	116.057	81.1138	-25.4795	721.942	81.1138	-25.4795	721.942	
11772	7560	96.3621	441.219	95.8899	-99999	75.23	-0.872209	1	1	1	1	0	-124.764	-85.5848	133.37	48.7508	-279.471	-301.797	-101.249	-81.6745	-61.8792	133.453	90.866	48.4175	-279.448	-290.599	-301.887	27.4197	9	0	71.6925	75.2561	21.1221	-308.457	75.2561	21.1221	-308.457	
11786	27216	354.765	1833.95	354.756	-99999	-6.971	-0.668036	1	1	1	1	1	-79.2172	-291.864	133.303	-102.406	-338.38	-180.54	-79.2172	-185.113	-291.864	133.303	14.9972	-102.406	-338.38	-259.314	-180.54	47.295	11	0	731.85	-6.92588	-60.351	-196.097	-6.92588	-60.351	-196.097	
11786	31266	79.659	205.826	77.0199	-99999	16.651	-0.953063	1	1	1	1	1	-107.845	-112.696	133.54	61.6363	-63.3863	-87.092	-102.67	-100.959	-108.49	133.687	95.5846	59.706	-63.3403	-73.1721	-87.6875	4.4491	14	0	76.9818	16.6842	-34.3467	-36.5962	16.6842	-34.3467	-36.5962	
11759	1521	219.085	657.82	218.506	-99999	44.024	-0.897392	1	1	1	1	1	-133.307	-223.583	134.136	-63.0147	-717.108	-690.339	-119.521	-165.043	-210.057	134.136	35.3815	-63.5253	-717.108	-703.965	-690.271	4.22667	6	0	115.058	44.0565	-31.1059	-570.988	-5.77353	41.9545	-663.516	
11797	71041	457.865	704.095	380.192	-99999	23.693	-0.569747	1	1	1	1	1	-187.181	-133.326	131.651	-107.237	-230.189	58.7234	-179.775	-134.809	-128.53	131.683	-10.1864	-166.317	-230.236	-56.4518	63.8609	4.74035	8	0	23.0047	23.7357	-26.0343	-45.9641	23.7357	-26.0343	-45.9641	
11761	6602	169.823	949.922	161.053	-99999	23.309	-0.701905	1	1	1	1	1	-70.5102	-78.5528	126.289	-6.93039	466.332	554.555	-63.2111	-67.6783	-72.5727	126.289	55.952	-13.2976	466.332	512.929	559.921	4.31052	12	0	780.417	28.4296	-47.256	-122.447	28.4296	-47.256	-122.447	
11761	7412	61.8184	193.727	60.7261	-99999	-4.978	-0.994318	0	0	0	0	0	-306.029	-314.007	132.336	72.3927	433.774	437.954	-305.957	-308.693	-314.135	132.752	102.031	71.7416	433.764	435.559	437.923	6.50621	6	0	92.4155	-4.95171	54.9835	423.677	-4.95171	54.9835	423.677	
11780	7123	425.793	1105.94	425.728	108.632	108.079	-0.708181	0	0	0	0	0	-170.28	-347.927	132.436	-168.767	-873.458	-634.043	-170.258	-255.965	-347.927	132.479	-22.6261	-168.767	-873.495	-755.885	-634.043	4.86564	12	0	88.7849	73.2409	31.4122	740.727	-25.8391	-30.8994	-660.577	
11797	53034	55.4748	175.14	54.7868	-99999	95.886	-0.850825	1	1	1	1	1	-245.332	-225.378	133.084	87.8038	-666.187	-643.084	-230.47	-220.925	-210.342	133.38	110.423	87.5896	-666.337	-654.367	-642.987	6.21046	11	0	69.7869	95.9254	-51.7165	60.9119	95.9254	-51.7165	60.9119	
11797	22564	318.38	779.402	317.267	-99999	4.402	-0.774481	1	1	1	1	1	-211.378	-322.172	128.95	-131.756	-842.007	-702.91	-211.383	-264.63	-322.325	128.95	1.73185	-132.771	-842.007	-762.619	-702.492	4.60589	16	0	93.7191	4.41407	-34.5974	-718.41	4.41407	-34.5974	-718.41	
11789	13901	212.204	498.852	211.073	-99999	25.08	-0.973145	1	1	1	0	0	-352.331	-298.687	132.498	-71.0698	-795.027	-787.851	-352.615	-325.797	-298.716	133.596	31.0619	-71.0698	-794.995	-794.174	-787.851	4.26287	14	0	82.3772	25.0758	14.8528	-780.303	25.0758	14.8528	-780.303	
11797	69709	198.006	481.212	197.542	-99999	45.835	-0.932899	1	1	1	1	0	-110.983	-167.233	132.565	-54.5708	-275.965	-248.306	-96.4826	-127.052	-152.88	132.993	39.935	-54.5708	-276.042	-261.932	-248.306	5.98654	7	0	76.917	45.8592	-0.199598	-259.612	45.8592	-0.199598	-259.612	
11795	3099	214.554	551.5	213.207	-99999	-31.472	-0.907712	1	1	1	1	1	-309.774	-219.258	132.997	-55.2188	-806.852	-766.046	-309.985	-265.591	-218.921	133.597	38.5668	-55.832	-806.972	-784.75	-766.069	4.29277	7	0	113.395	-31.438	6.83434	-759.882	-31.438	6.83434	-759.882	
11797	77522	225.092	573.225	224.479	-99999	-20.33	-0.880249	1	1	1	1	1	-223.698	-308.576	131.59	-66.3639	-733.701	-675.916	-223.649	-261.124	-308.791	131.661	32.7548	-66.8386	-733.727	-695.332	-675.89	4.4607	8	0	73.0748	-20.3062	-22.1844	-675.21	-20.3062	-22.1844	-675.21	
11789	15782	490.572	1188.93	487.095	-99999	8.805	-0.648779	1	1	1	1	1	-309.608	-75.1783	133.515	-151.054	-97.0153	219.742	-309.773	-190.27	-73.9812	133.771	-11.6948	-152.71	-97.2575	59.4459	222.015	4.13816	6	0	62.0956	8.84044	-41.6214	103.304	8.84044	-41.6214	103.304	
11789	16682	178.305	414.805	177.208	-99999	-48.915	-0.862074	1	1	1	0	0	-339.514	-300.717	133.183	-0.159455	695.568	795.53	-339.617	-314.185	-300.749	133.762	58.5833	-0.42058	695.272	735.805	795.751	7.27522	16	0	76.1456	-48.8886	13.8294	749.086	-48.8886	13.8294	749.086	
11789	4080	190.933	693.01	190.93	-99999	42.847	-0.504032	1	1	1	1	1	-68.013	-218.229	23.5216	-74.2777	630.176	564.495	-61.2798	-136.546	-211.495	23.5216	-25.1	-74.2777	630.176	597.306	564.495	5.5456	8	0	64.1319	42.8921	-39.7943	576.506	42.8921	-39.7943	576.506	
11772	117	42.7153	106.622	39.5775	-99999	59.867	-0.130854	0	0	0	0	0	-110.283	-81.3043	129.582	123.555	-881.547	-855.279	-91.5405	-75.9054	-60.234	129.583	126.489	123.208	-881.551	-867.338	-853.21	10.8417	7	0	54.7748	59.887	57.0915	-812.997	59.887	57.0915	-812.997	
11786	15616	291.455	1031.9	290.079	45.3527	45.901	-0.690681	1	1	1	1	1	-181.759	-341.866	131.036	-74.904	-796.733	-674.674	-180.999	-266.997	-341.882	131.949	33.9499	-74.9562	-797.3	-732.647	-674.664	13.2902	8	0	79.6894	45.9277	-39.6795	-684.821	45.9277	-39.6795	-684.821	
11780	22686	237.22	623.862	236.926	113.032	111.815	-0.763357	0	0	0	0	0	-153.51	-287.375	132.264	-58.2842	-675.666	-645.401	-153.375	-224.907	-287.404	132.43	40.8949	-58.3468	-675.705	-652.243	-645.397	6.48054	11	0	85.3647	-999999	-999999	-999999	-999999	-999999	-999999	
11786	1994	124.703	312.459	124.38	-99999	39.425	-0.919751	1	1	1	0	0	-216.663	-173.745	127.072	15.0378	-498.197	-528.938	-210.504	-192.714	-167.492	127.165	69.6861	14.8348	-498.18	-514.193	-528.997	4.5753	12	0	65.2449	39.4586	6.78779	-526.985	39.4586	6.78779	-526.985	
11786	4791	31.5194	118.621	30.2665	-99999	106.455	-0.982927	0	0	0	0	0	-156.251	-161.525	129.193	99.7616	592.03	587.707	-122.729	-125.91	-128.208	130.291	115.005	99.6331	592.099	590.036	587.738	5.66123	12	0	89.8343	-36.1157	-42.1545	36.4771	-36.1157	-42.1545	36.4771	
11797	56057	322.153	953.209	320.201	-99999	36.718	-0.854236	1	1	1	1	1	-160.802	-81.3798	133.297	-102.555	-499.237	-308.268	-149.304	-116.43	-69.3047	133.297	2.07133	-103.263	-499.237	-411.953	-306.556	5.19885	11	0	69.3679	36.7497	-44.3237	-388.264	36.7497	-44.3237	-388.264	
11797	2855	279.678	700.947	278.884	-99999	5.276	-0.996225	1	1	1	1	1	-263.481	-278.221	130.923	-146.452	-277.589	-277.18	-263.427	-270.042	-278.251	131.554	-7.7648	-146.586	-277.569	-277.212	-277.174	5.61933	9	0	51.402	5.30029	-30.6676	-272.591	5.30029	-30.6676	-272.591	
11772	3353	284.701	669.163	280.532	-39.7802	-40.459	-0.745959	1	1	1	1	1	-313.61	-132.684	133.009	-78.0518	-402.918	-405.596	-314.501	-218.993	-131.483	134.073	29.6536	-80.5032	-403.222	-390.123	-405.773	4.09426	7	0	60.965	-40.4369	-6.64076	-385.071	-40.4369	-6.64076	-385.071	
11782	673	364.719	905.069	364.676	-99999	27.31	-0.785223	1	1	1	1	1	-212.429	-291.751	131.163	-166.267	537.535	714.202	-212.46	-273.818	-291.782	131.163	-20.6282	-166.267	537.535	616.774	714.202	7.81032	14	0	92.3893	27.3536	-37.8051	635.195	27.3536	-37.8051	635.195	
11775	7581	313.907	693.391	312.943	-99999	68.432	-0.972133	1	1	1	1	1	-97.1501	-147.316	133.206	-169.484	-39.6558	-39.2247	-75.6461	-114.044	-125.887	133.581	-18.5175	-169.484	-39.6148	-42.1107	-39.2247	6.52751	9	0	71.788	68.4536	-16.73	-38.7193	68.4536	-16.73	-38.7193	
11797	27736	324.226	1073.56	314.955	92.1336	91.701	-0.98466	1	1	1	1	1	-250.725	-201.523	133.203	-171.517	-465.949	-403.66	-250.768	-225.452	-200.361	133.497	-23.3821	-180.36	-465.963	-434.114	-402.868	5.10826	6	0	235.339	91.7392	-27.8545	-427.192	91.7392	-27.8545	-427.192	
11797	90963	227.236	578.513	227.135	-99999	69.564	-0.987047	1	1	1	1	1	-216.21	-255.072	132.419	-89.2659	674.488	698.469	-216.289	-231.52	-255.171	132.419	21.0582	-89.3566	674.488	689.833	698.468	6.13177	6	0	75.4744	69.5951	-21.0605	688.364	69.5951	-21.0605	688.364	
11772	8102	479.646	1059.77	478.698	-99999	82.641	-0.465114	1	1	1	1	1	-115.348	-97.5546	133.8	-50.4475	-665.593	-230.837	-89.4692	-67.7988	-71.4884	133.8	33.4334	-50.5901	-665.593	-449.175	-230.042	7.65906	10	0	59.9914	82.6604	13.4063	-440.103	82.6604	13.4063	-440.103	
11797	83589	243.403	710.503	242.092	21.3764	21.214	-0.948118	1	1	1	1	1	-202.191	-257.293	131.788	-92.7963	-213.21	-282.648	-202.163	-226.097	-257.344	132.02	17.5497	-93.8517	-213.136	-246.642	-282.69	122.503	11	0	181.417	21.2442	-24.6657	-253.247	21.2442	-24.6657	-253.247	
11780	14352	298.344	741.261	298.34	-99999	91.529	-0.87219	1	1	1	1	1	-218.51	-294.492	133.184	-139.578	-258.201	-170.142	-218.615	-265.057	-294.596	133.184	-1.38218	-139.578	-258.201	-214.155	-170.142	4.39035	9	0	64.2293	91.5608	-35.486	-201.591	91.5608	-35.486	-201.591	
11782	5717	157.221	399.111	156.752	-99999	45.729	-0.900182	1	1	1	1	1	-150.173	-224.338	133.487	-4.43908	-130.32	-123.784	-135.808	-173.143	-210.172	133.58	64.4819	-4.76892	-130.323	-127.121	-123.766	4.24479	6	0	53.9799	45.7691	-25.9328	-127.565	45.7691	-25.9328	-127.565	
11774	501	191.131	563.62	190.93	293.376	32.971	-0.537873	0	0	0	0	0	-177.478	-220.596	132.071	32.5176	16.5475	172.723	-177.457	-198.921	-220.596	132.177	82.4626	32.5176	16.383	94.9998	172.723	6.42989	15	0	89.2487	-999999	-999999	-999999	-999999	-999999	-999999	
11786	28969	257.038	6595.73	257.031	-99999	88.586	-0.553634	1	1	1	1	1	-140.533	-236.751	133.096	-9.20236	-592.869	-782.954	-112.793	-160.597	-209.011	133.096	64.3816	-9.20236	-592.869	-690.38	-782.954	6.09747	13	0	340.328	88.6395	-7.08322	-729.858	88.6395	-7.08322	-729.858	
11786	16186	215.155	519.341	215.009	-99999	-15.172	-0.394599	1	1	1	1	1	-325.304	-188.988	134.097	62.2979	477.087	626.911	-325.383	-258.004	-188.988	134.155	98.2956	62.2979	476.982	552.767	626.911	18.0872	7	0	55.9911	-15.1552	4.80819	687.077	-15.1552	4.80819	687.077	
11797	42999	126.938	310.597	126.93	-99999	69.657	-0.976321	1	1	1	0	0	-144.979	-144.544	133.899	10.7535	-97.9397	-127.359	-123.167	-120.751	-122.731	133.899	72.2464	10.7535	-97.9397	-112.602	-127.359	5.30105	9	0	72.5384	69.6846	16.5999	-121.613	69.6846	16.5999	-121.613	
11773	3961	211.443	514.166	209.284	-99999	107.757	-0.731573	1	1	1	0	0	-241.722	-96.4726	133.056	-17.5323	837.447	833.099	-207.979	-134.428	-61.2019	133.056	57.164	-19.0527	837.447	834.959	833.023	8.02826	6	0	70.4905	107.788	-18.2152	818.508	107.788	-18.2152	818.508	
11781	1707	106.987	254.279	106.986	-99999	84.282	-0.896843	1	1	0	0	0	-126.099	-87.7004	133.633	36.001	-798.898	-819.798	-99.7066	-80.7424	-61.308	133.633	84.8051	36.001	-798.898	-809.722	-819.798	4.63476	11	0	43.87	84.3015	38.5302	-815.422	84.3015	38.5302	-815.422	
11797	13340	213.106	525.39	212.513	-99999	1.379	-0.937523	1	1	1	1	1	-304.609	-334.79	133.455	-65.8492	-53.1212	12.1909	-304.464	-318.953	-334.792	133.98	32.2886	-65.8492	-53.2698	-25.0907	12.1909	6.13529	15	0	89.4722	1.38154	-7.4942	-7.11319	1.38154	-7.4942	-7.11319	
11786	4176	44.9208	139.997	44.9189	-99999	21.092	-0.0982358	0	0	0	0	0	-356.776	-329.948	106.22	103.843	511.747	547.402	-356.8	-343.542	-329.972	106.22	103.83	103.843	511.747	529.687	547.402	5.17442	15	0	78.0814	28.5718	-16.223	341.327	28.5718	-16.223	341.327	
11761	2545	63.7058	210.105	61.9682	-99999	-10.363	-0.915344	1	0	0	0	0	-260.741	-267.748	130.652	71.2834	-365.214	-366.112	-260.324	-268.815	-267.76	131.625	101.254	70.7244	-365.064	-369.029	-365.865	7.1565	10	0	95.6725	-10.3343	33.0592	-368.676	-10.3343	33.0592	-368.676	
11797	19883	97.1118	364.347	96.6227	-99999	70.008	-0.401374	1	1	0	0	0	-113.807	-82.9781	133.935	89.78	-670.472	-750.601	-91.9594	-75.796	-60.9665	134.001	111.739	89.6094	-670.343	-710.298	-750.862	6.47973	15	0	174.02	69.9791	72.017	-767.016	69.9791	72.017	-767.016	
11782	2472	193.437	507.558	192.781	-42.6678	-43.302	-0.943891	1	1	1	1	1	-200.446	-231.747	133.051	-40.5026	361.581	434.81	-200.443	-219.284	-231.623	133.098	44.7994	-40.8903	361.566	395.592	435.106	4.60289	6	0	85.5857	-43.285	-7.93585	404.256	-43.285	-7.93585	404.256	
11797	27357	269.489	912.899	268.486	-99999	116.916	-0.487867	0	0	0	0	0	-310.064	-337.345	133.315	2.34296	-744.646	-512.487	-310.079	-322.655	-337.479	133.797	65.2598	2.34296	-745.508	-630.463	-512.487	20.1138	15	0	356.29	17.7887	47.2642	-747.201	17.7887	47.2642	-747.201	
11797	29427	164.222	460.135	164.148	-99999	27.527	-0.415629	1	1	1	1	0	-254.501	-283.364	133.477	61.5767	-634.904	-490.735	-254.507	-266.003	-283.396	133.504	96.4257	61.5767	-634.962	-562.768	-490.735	6.04231	14	0	97.0576	27.571	30.6717	-545.288	27.571	30.6717	-545.288	
11780	5870	293.7	758.412	291.018	-99999	104.604	-0.946352	0	0	0	0	0	-283.66	-270.972	132.717	-123.223	164.069	295.098	-283.963	-266.023	-271.318	134.337	1.13936	-124.079	163.556	222.128	295.461	5.83475	12	0	89.5929	91.594	51.7235	-600.434	-26.506	-3.44477	318.084	
11797	62296	201.346	471.95	196.765	-99999	-41.057	-0.58041	1	1	1	1	1	-97.4646	-73.1115	131.516	1.07446	-618.132	-473.462	-110.779	-100.368	-85.7185	133.41	68.5676	0.344004	-620.773	-544.608	-472.431	5.28135	12	0	105.395	-41.0275	26.5433	-525.574	-41.0275	26.5433	-525.574	
11797	41014	91.2772	256.262	89.0109	87.4489	86.379	-0.908158	1	1	1	1	1	-242.002	-203.718	132.472	52.5894	572.948	570.471	-242.106	-220.232	-203.271	132.712	92.7035	50.6398	572.964	571.866	570.414	5.51203	10	0	83.9636	86.4094	18.022	577.326	86.4094	18.022	577.326	
11786	6413	87.5893	245.841	86.8774	-99999	60.466	-0.696218	1	1	1	0	0	-273.548	-326.763	130.671	69.763	526.706	557.982	-273.177	-300.851	-326.832	131.163	100.704	69.763	526.456	541.405	557.982	10.3166	10	0	79.1079	60.4942	45.7103	567.662	60.4942	45.7103	567.662	
11786	6593	287.954	681.459	284.486	-99999	-27.9	-0.932543	1	1	1	1	1	-70.1664	-131.238	127.079	-143.613	592.39	648.01	-78.5392	-103.061	-139.975	130.302	-6.45491	-143.613	591.191	628.011	648.01	4.8275	8	0	76.7078	-27.876	-8.54138	619.353	-27.876	-8.54138	619.353	
11775	4501	75.8847	205.334	75.0526	-99999	115.839	-0.99143	1	1	0	0	0	-355.132	-328.852	134.033	64.292	-498.554	-497.328	-355.3	-344.105	-328.897	134.498	98.4566	63.9869	-498.59	-496.935	-497.256	5.49453	10	0	73.0013	115.87	34.3803	-496.66	115.87	34.3803	-496.66	
11775	7021	253.518	647.79	252.711	-99999	49.026	-0.839739	1	1	1	1	0	-199.599	-76.7969	129.952	-86.5442	784.534	828.177	-184.508	-122.513	-61.2965	130.374	21.8491	-86.799	784.446	805.537	828.235	5.31938	6	0	67.9192	49.049	-28.5072	801.225	49.049	-28.5072	801.225	
11774	3408	51.0843	238.12	48.2685	-99999	109.648	-0.711315	1	1	0	0	0	-108.958	-95.3009	133.654	100.888	-505.384	-473.318	-74.6362	-67.6708	-60.2663	133.686	115.396	99.7578	-505.413	-489.015	-471.027	5.63927	8	0	176.188	109.676	45.7444	-443.355	109.676	45.7444	-443.355	
11774	4308	173.029	431.663	173.013	-99999	-8.737	-0.917982	1	1	1	1	1	-260.761	-227.313	133.919	-30.3465	118.612	151.101	-260.751	-243.546	-227.303	133.919	53.1219	-30.3465	118.612	144.06	151.101	8.89267	6	0	91.0192	-8.70617	2.87103	151.859	-8.70617	2.87103	151.859	
11797	73511	83.7105	1485.72	81.7968	-99999	61.725	-0.87992	1	1	1	1	1	-189.55	-219.91	127.956	54.5138	-63.7813	-82.9608	-179.563	-195.07	-210.551	128.557	91.1938	53.3479	-63.6086	-74.3338	-83.1102	4.10716	9	0	78.0955	61.7472	-35.2698	-109.572	61.7472	-35.2698	-109.572	
11772	125	242.611	620.312	241.531	-99999	-15.181	-0.93045	1	1	1	1	1	-302.169	-223.999	132.797	-77.5874	723.918	809.595	-302.383	-269.565	-223.88	133.58	23.185	-77.7939	723.73	761.404	809.649	6.41236	11	0	75.4735	-15.1646	-2.69926	754.891	-15.1646	-2.69926	754.891	
11772	2645	62.1407	180.809	60.4662	-99999	75.73	-0.876891	1	0	0	0	0	-335.207	-306.343	133.061	83.9394	763.073	782.042	-335.663	-321.082	-306.181	133.811	107.585	83.3469	762.914	770.882	782.542	5.02782	21	0	83.059	75.753	59.0754	777.462	75.753	59.0754	777.462	
11759	113	353.263	2246.01	347.88	56.908	55.638	-0.81632	1	1	1	1	1	-104.933	-262.117	126.708	-148.582	337.074	478.395	-103.157	-178.048	-262.368	130.361	-12.7623	-149.474	335.267	406.317	478.457	17.3952	10	0	82.9905	61.7845	-47.1718	523.256	61.7845	-47.1718	523.256	
11797	62893	205.46	749.907	204.692	-313.788	-0.453	-0.626342	0	0	0	0	0	-161.537	-311.64	132.937	13.1603	236.228	305.064	-161.41	-239.852	-311.964	133.051	73.7863	12.7564	236.173	265.727	305.337	4.84267	14	0	65.1283	-999999	-999999	-999999	-999999	-999999	-999999	
11782	9913	98.526	167.948	97.7223	-1215.55	61.699	-0.935088	1	1	1	1	1	-199.91	-221.104	131.289	40.4468	78.7648	107.802	-199.836	-210.6	-221.179	131.7	85.6886	40.1095	78.6341	92.5303	107.916	4.53481	11	0	33.8036	61.7187	-44.593	-134.964	61.7187	-44.593	-134.964	
11797	33595	39.0843	132.67	37.6807	-99999	44.664	-0.88302	0	0	0	0	0	-251.271	-263.206	120.095	87.5893	-886.895	-874.968	-251.237	-256.305	-263.448	120.328	102.645	86.7032	-886.996	-880.453	-874.502	6.15816	10	0	91.0179	44.7012	73.2943	-196.723	44.7012	73.2943	-196.723	
11795	81	405.203	986.199	404.994	-99999	-42.949	-0.520109	1	1	1	1	1	-228.054	-306.891	129.624	-58.9201	62.9687	410.96	-228.005	-261.642	-306.948	129.624	27.2743	-58.9955	62.9687	234.485	411.117	11.1317	12	0	93.7088	-42.8903	-17.4009	298.973	-42.8903	-17.4009	298.973	
11797	76885	57.1061	142.335	57.1056	-99999	34.756	-0.904514	1	1	1	1	1	-195.126	-220.679	132.631	81.6114	208.094	206.005	-184.242	-197.181	-209.795	132.631	107.209	81.6114	208.094	206.921	206.005	4.4562	7	0	57.1236	34.7845	-41.4962	194.826	34.7845	-41.4962	194.826	
11797	79495	322.563	752.14	314.753	108.317	109.442	-0.899743	0	0	0	0	0	-242.155	-188.523	126.09	-152.844	608.172	475.697	-243.398	-209.421	-188.529	132.285	-13.5401	-153.601	610.953	551.176	475.217	7.50253	16	0	72.2121	12.2328	-8.16281	565.346	12.2328	-8.16281	565.346	
11797	80665	301.49	715.345	298.742	29.6333	30.203	-0.703091	1	1	1	1	1	-301.751	-186.043	132.58	-61.175	770.958	577.533	-301.94	-241.52	-185.582	132.914	28.7544	-62.6825	771.235	680.675	575.956	6.95921	13	0	84.2517	30.2495	-1.87828	668.354	30.2495	-1.87828	668.354	
11776	6188	115.765	311	115.697	-99999	-6.708	-0.936445	1	1	1	0	0	-246.99	-256.338	132.488	24.119	446.953	478.095	-246.982	-247.323	-256.331	132.488	78.9165	24.119	446.953	466.408	478.095	29.2875	6	0	114.647	-6.67904	10.7399	463.032	-6.67904	10.7399	463.032	
11797	54579	282.415	986.873	282.014	-39.8025	-38.266	-0.707058	1	1	1	1	1	-106.98	-239.274	133.044	-72.5779	-30.3534	105.512	-106.795	-179.189	-239.274	133.319	29.7902	-72.5779	-30.5564	31.888	105.512	8.76776	12	0	104.615	-38.227	-2.88303	37.6885	-38.227	-2.88303	37.6885	
11797	57502	210.26	498.674	209.597	-99999	-1.801	-0.930324	1	1	1	1	1	-239.119	-282.335	132.468	-59.7931	499.994	569.694	-239.116	-263.373	-282.352	132.473	35.4447	-60.4271	499.992	532.302	569.806	5.66776	12	0	72.3524	-1.77346	-20.2205	549.906	-1.77346	-20.2205	549.906	
11795	9056	284.562	1013.19	277.315	-99999	92.232	-0.964432	1	1	1	1	1	-170.976	-237.793	133.66	-126.386	376.11	306.916	-142.094	-176.391	-208.618	133.66	0.0758456	-132.914	376.11	341.231	303.903	18.7676	9	0	297.304	92.2701	-28.4242	332.137	92.2701	-28.4242	332.137	
11795	9686	173.431	404.315	167.639	-99999	21.075	-0.830362	1	1	1	1	1	-163.153	-77.1034	132.183	-9.04996	-569.665	-542.38	-157.089	-112.706	-67.9923	132.973	59.8045	-13.0321	-569.757	-555.834	-541.362	9.46149	6	0	121.964	21.1062	-17.3013	-549.303	21.1062	-17.3013	-549.303	
11797	85267	189.936	489.545	188.525	34.4815	34.177	-0.979558	1	1	1	1	1	-249.479	-197.024	132.158	-48.4638	541.598	539.629	-249.527	-225.657	-196.616	132.395	40.5324	-49.5504	541.604	539.372	539.541	7.17293	10	0	78.7537	34.2178	-12.4357	542.203	34.2178	-12.4357	542.203	
11786	29064	324.101	727.484	321.264	-99999	96.757	-0.97124	1	1	1	1	1	-108.188	-201.652	132.856	-170.868	-817.324	-795.288	-77.4882	-125.05	-171.545	134.631	-18.8067	-171.818	-817.432	-797.47	-795.54	4.39175	10	0	58.1121	96.7722	-1.43469	-785.06	96.7722	-1.43469	-785.06	
11786	31123	207.273	590.64	205.653	73.2115	73.129	-0.929244	1	1	1	1	1	-267.321	-204.73	132.061	-60.6876	-195.803	-226.802	-267.575	-232.477	-204.45	132.77	37.1411	-61.4817	-195.687	-214.501	-226.943	5.01397	11	0	82.4333	73.1598	-4.37556	-213.017	73.1598	-4.37556	-213.017	
11789	22384	177.848	373.444	177.273	-99999	110.763	-0.78576	0	0	0	0	0	-261.26	-246.332	126.881	4.65097	-428.349	-316.325	-261.386	-254.542	-246.266	126.881	63.9811	4.53061	-428.349	-366.825	-316.159	11.7367	10	0	55.7174	-999999	-999999	-999999	-999999	-999999	-999999	
11797	71918	143.427	392.561	141.548	-99999	106.087	-0.845644	0	0	0	0	0	-242.602	-265.844	133.007	2.38306	517.62	563.046	-242.658	-255.33	-265.935	133.359	68.9789	1.10928	517.4	545.98	563.388	7.21749	13	0	99.7269	-31.991	34.5278	-725.81	-31.991	34.5278	-725.81	
11797	41326	267.359	910.44	266.642	-99999	12.362	-0.794901	1	1	1	1	1	-252.55	-342.158	133.015	-88.3946	307.55	424.998	-252.564	-298.344	-342.411	133.015	23.8528	-89.0096	307.55	369.282	425.262	5.43913	13	0	62.9556	12.3895	-39.9831	394.891	12.3895	-39.9831	394.891	
11789	13654	39.9602	138.13	39.3376	-99999	102.523	-0.545338	0	0	0	0	0	-298.522	-324.794	132.581	110.681	-323.221	-303.793	-298.367	-311.769	-325.057	132.8	121.752	110.559	-323.419	-313.546	-303.681	5.55702	11	0	79.6404	41.5303	21.4641	-317.132	41.5303	21.4641	-317.132	
11789	17514	233.997	523.526	231.571	22.3723	21.656	-0.912191	1	1	1	1	1	-143.111	-224.906	132.575	-75.9903	-39.4443	17.1239	-142.777	-184.302	-225.425	133.471	28.5471	-77.3233	-39.6603	-8.97025	17.111	6.83325	9	0	85.8009	21.6897	-6.87804	-10.5399	21.6897	-6.87804	-10.5399	
11797	96425	326.713	974.957	326.128	-99999	115.492	-0.609002	0	0	0	0	0	-235.944	-97.2551	133.167	-64.0962	226.947	7.56175	-199.779	-130.026	-60.9694	133.167	34.0315	-64.5175	226.947	117.458	7.1773	11.0431	15	0	83.9893	-999999	-999999	-999999	-999999	-999999	-999999	
11780	20460	165.05	456.646	164.799	-99999	-20.052	-0.788606	1	1	1	0	0	-88.3618	-113.598	133.173	9.37634	-234.557	-339.103	-94.641	-103.458	-119.937	133.173	71.8398	9.16103	-234.557	-288.934	-339.212	4.06543	11	0	153.004	-20.0251	22.011	-306.436	-20.0251	22.011	-306.436	
11773	4776	293.696	701.106	293.682	-46.035	-46.178	-0.991861	1	1	1	1	1	-225.351	-182.372	132.646	-155.621	495.08	496.052	-225.351	-213.686	-182.372	132.646	-13.5807	-155.621	495.08	491.513	496.052	6.91323	8	0	88.2476	-46.1535	-29.586	485.441	-46.1535	-29.586	485.441	
11780	2739	198.494	530.841	198.492	-99999	84.623	-0.632551	1	1	1	1	1	-323.555	-237.566	133.242	4.35664	576.65	699.069	-323.651	-277.348	-237.663	133.242	67.2587	4.35664	576.65	634.461	699.069	5.40055	14	0	85.3912	84.6521	19.1108	645.795	84.6521	19.1108	645.795	
11780	2919	230.642	567.692	230.62	-99999	-5.762	-0.600368	1	1	1	1	1	-231.315	-334.96	132.704	-8.86425	-638.239	-490.52	-231.309	-288.682	-334.96	132.704	60.5476	-8.87484	-638.239	-569.109	-490.504	4.0559	15	0	72.0068	-5.72465	5.28872	-602.269	-5.72465	5.28872	-602.269	
11797	13885	139.727	378.138	139.719	-99999	77.033	-0.961729	1	1	1	1	1	-290.863	-269.681	133.618	3.16866	-599.132	-555.018	-290.951	-282.171	-269.769	133.618	68.1409	3.16866	-599.132	-576.744	-555.018	6.5158	12	0	97.8069	77.0562	20.7809	-572.243	77.0562	20.7809	-572.243	
11797	60816	189.293	461.313	189.073	-99999	51.966	-0.563314	1	1	1	1	1	-145.002	-77.3866	130.247	24.5608	393.929	535.359	-128.812	-94.9505	-61.1138	130.371	77.7781	24.5608	393.769	464.796	535.359	4.71955	6	0	50.7917	52.192	27.6236	520.998	52.192	27.6236	520.998	
11795	12458	315.007	735.304	314.106	-99999	53.962	-0.973249	1	1	1	1	1	-88.8439	-149.49	133.172	-163.541	-450.799	-370.433	-71.9225	-97.6177	-132.708	133.754	-17.33	-163.812	-450.93	-415.132	-370.416	30.4833	7	0	110.776	53.9903	-12.6774	-408.797	53.9903	-12.6774	-408.797	
11797	52161	198.371	464.959	197.038	-99999	61.455	-0.893797	1	1	1	1	1	-168.197	-80.8835	132.012	-44.5631	-456.763	-453.282	-149.555	-105.591	-61.6392	133.198	44.3306	-44.5631	-456.798	-454.944	-453.282	4.44492	6	0	43.724	61.4728	-15.3065	-456.227	61.4728	-15.3065	-456.227	
11776	2203	106.884	226.165	92.7889	-99999	73.036	-0.615797	1	1	0	0	0	-210.167	-140.181	129.559	68.9895	-878.203	-884.728	-191.397	-150.984	-110.685	132.785	98.0352	63.1128	-877.802	-881.588	-884.846	5.51693	6	0	56.9014	73.0649	25.3163	-849.782	73.0649	25.3163	-849.782	
11781	567	89.7403	250.259	88.197	-99999	43.709	-0.931647	0	0	0	0	0	-247.796	-254.235	132.495	53.2592	-836.03	-802.967	-247.846	-250.449	-254.396	132.495	93.9818	52.8259	-836.03	-818.266	-802.872	6.9089	12	0	85.3387	43.7448	30.5865	-776.049	43.7448	30.5865	-776.049	
11780	6832	37.7266	105.645	36.8574	-99999	18.183	-0.907327	1	1	1	1	1	-349.089	-344.018	131.481	99.1503	701.232	717.752	-349.145	-347.22	-344.01	132.179	115.244	99.0772	700.927	708.846	717.806	4.2039	15	0	66.4793	18.2175	-15.4551	-76.9269	18.2175	-15.4551	-76.9269	
11781	1949	224.102	532.748	221.946	-48.2268	-48.635	-0.892304	1	1	1	1	1	-239.001	-153.97	132.687	-67.261	353.096	311.926	-239.001	-197.697	-152.878	132.687	31.6921	-69.0883	353.096	328.241	311.632	5.58658	8	0	69.927	-48.5951	-21.7512	324.64	-48.5951	-21.7512	324.64	
11797	46972	309.443	719.451	301.224	-99999	64.415	-0.998589	1	1	1	1	1	-211.431	-229.388	130.195	-168.944	740.416	717.41	-191.252	-200.456	-209.319	130.303	-23.6625	-176.341	740.419	730.698	714.222	4.18118	11	0	52.5936	64.4412	-27.0951	714.09	64.4412	-27.0951	714.09	
11797	51944	284.473	638.119	283.031	-24.3643	-26.515	-0.866898	1	1	1	1	1	-346.955	-189.915	132.681	-100.115	-558.759	-531.656	-346.955	-267.228	-189.154	132.681	17.1314	-101.329	-558.759	-536.624	-531.604	4.18304	6	0	61.4331	-26.4818	-0.407823	-542.657	-26.4818	-0.407823	-542.657	
11797	72913	70.9255	196.472	69.3731	-99999	72.63	-0.933355	0	0	0	0	0	-208.028	-227.678	131.722	66.7514	-502.995	-513.65	-184.765	-194.95	-204.934	133.164	99.3899	66.7514	-502.778	-506.087	-513.65	5.68	15	0	72.9953	72.6602	26.7208	-519.411	72.6602	26.7208	-519.411	
11789	21225	333.195	1.90822e+07	331.283	-99999	44.835	-0.936772	1	1	1	1	1	-214.285	-193.708	130.394	-171.281	208.576	80.909	-200.283	-189.846	-179.869	130.831	-24.3209	-172.568	208.735	149.147	80.4445	106.313	17	0	1.86343e+07	44.8577	-49.9878	102.33	44.8577	-49.9878	102.33	
11797	75887	361.507	975.86	361.499	-99999	-39.97	-0.774127	1	1	1	1	1	-274.805	-317.064	133.959	-152.04	-679.293	-464.626	-274.759	-299.214	-317.018	133.959	-6.93635	-152.04	-679.293	-568.943	-464.626	5.54866	14	0	79.5843	-39.939	-28.6337	-551.505	-39.939	-28.6337	-551.505	
11797	34728	229.992	613.752	228.637	24.8732	25.861	-0.990901	1	1	1	1	1	-204.631	-238.09	131.671	-92.3879	-117.983	-98.0135	-204.579	-220.99	-238.174	132.571	19.3531	-92.8031	-118.087	-108.265	-97.907	5.33229	9	0	71.8584	25.8912	-21.2861	-108.449	25.8912	-21.2861	-108.449	
11786	17259	144.466	377.195	141.94	-99999	80.66	-0.912857	1	1	1	1	0	-119.504	-86.7257	129.563	-1.26021	363.498	407.66	-94.4611	-77.8161	-61.2173	130.379	63.8815	-2.82216	363.202	385.969	408.049	4.44213	8	0	60.2875	80.6624	-6.51063	412.144	80.6624	-6.51063	412.144	
11786	1431	207.019	685.33	207.017	-99999	108.925	-0.851149	0	0	0	0	0	-358.129	-338.703	15.486	-162.617	481.969	585.633	-358.253	-348.884	-338.828	15.486	-73.3219	-162.617	481.969	534.298	585.633	16.9994	14	0	187.948	-999999	-999999	-999999	-999999	-999999	-999999	
11780	16454	31.2313	112.663	30.8588	-99999	73.53	-0.663087	0	0	0	0	0	-280.207	-260.332	130.941	108.027	511.871	516.934	-268.867	-258.186	-248.749	131.063	120.16	107.885	511.844	515.042	516.954	5.18954	8	0	80.5134	73.5604	36.3521	525.547	73.5604	36.3521	525.547	
11782	8095	207.893	512.049	207.472	-99999	44.132	-0.994561	1	1	1	1	1	-325.617	-340.848	133.336	-60.6564	171.412	229.003	-325.665	-321.39	-340.899	133.693	34.5762	-60.6564	171.384	200.503	229.003	6.05115	10	0	82.5963	44.1605	2.15848	208.895	44.1605	2.15848	208.895	
11780	12630	187.385	520.852	186.468	-99999	67.527	-0.924114	1	1	1	1	1	-316.143	-278.208	134.253	-36.9865	52.4832	115.121	-316.22	-298.911	-278.104	134.253	47.1074	-37.817	52.4832	82.0783	115.46	6.62151	14	0	85.4663	67.5636	-36.4706	564.179	67.5636	-36.4706	564.179	
11797	77268	265.183	635.522	263.529	-99999	26.921	-0.980298	1	1	1	1	1	-107.586	-133.786	132.523	-127.179	-485.917	-456.153	-99.0738	-115.185	-125.458	133.463	3.8653	-127.843	-486.085	-463.623	-456.122	7.47569	7	0	83.6115	26.95	-22.53	-466.059	26.95	-22.53	-466.059	
11780	22429	270.354	704.099	269.323	-99999	92.775	-0.996375	1	1	1	1	1	-237.716	-196.884	131.667	-133.419	-213.058	-219.537	-208.756	-190.76	-167.832	132.683	-1.19078	-133.419	-213.034	-214.412	-219.537	6.1553	10	0	82.9501	92.8031	-27.1544	-212.819	92.8031	-27.1544	-212.819	
11797	65252	233.311	620.185	232.75	19.418	20.35	-0.933184	1	1	1	1	1	-172.472	-265.158	132.83	-77.3487	-262.661	-229.745	-172.452	-219.154	-265.372	132.882	26.4952	-77.7903	-262.664	-253.17	-229.658	12.1847	7	0	130.625	20.3841	-21.2518	-241.25	20.3841	-21.2518	-241.25	
11782	1895	83.0318	375.169	82.5825	-51.9204	1.723	-0.611625	0	0	0	0	0	-199.066	-240.868	132.063	85.5043	-580.353	-526.732	-198.905	-218.493	-240.932	132.274	107.693	85.4582	-580.573	-553.468	-526.664	6.14944	13	0	207.01	59.6306	-77.8649	-439.879	59.6306	-77.8649	-439.879	
11773	6203	407.989	1134.93	330.333	-99999	28.431	-0.744636	1	1	1	1	1	-238.21	-251.86	131.516	-119.072	-220.499	-394.101	-238.092	-248.913	-252.16	132.458	-22.7472	-177.786	-219.665	-351.153	-378.734	58.8684	6	0	342.741	28.4764	-30.0402	-354.88	28.4764	-30.0402	-354.88	
11797	93468	332.269	759.449	330.69	-99999	-42.071	-0.919486	1	1	1	1	1	-343.629	-220.512	133.152	-171.771	486.105	512.46	-344.007	-278.371	-220.322	134.19	-18.1416	-172.165	486.012	493.649	512.614	6.89402	9	0	88.0483	-42.0432	-24.2498	494.235	-42.0432	-24.2498	494.235	
11797	69524	573.152	1410.61	571.499	-99999	-34.261	-0.481903	1	1	1	1	1	-111.651	-174.281	129.858	-159.894	-798.976	-312.097	-122.329	-151.289	-185.07	130.257	-26.9525	-160.138	-799.702	-561.964	-311.325	9.25074	11	0	124.665	-34.2329	-16.3708	-563.632	-34.2329	-16.3708	-563.632	
11797	54286	96.734	258.65	95.8964	-99999	-24.172	-0.949123	1	1	0	0	0	-331.639	-315.081	133.465	45.2913	-134.621	-102.258	-331.611	-326.733	-314.932	133.465	87.4467	44.5497	-134.621	-120.641	-101.895	4.14946	14	0	68.4834	-24.1677	32.05	-115.585	-24.1677	32.05	-115.585	
11773	1889	219.296	646.468	218.077	-99999	70.096	-0.413116	1	1	1	1	0	-162.525	-83.1301	120.874	31.7493	-885.839	-703.372	-140.803	-100.981	-60.9749	121.137	75.8914	31.6018	-886.376	-794.782	-702.852	15.06	11	0	72.1101	70.1126	31.8784	-724.945	70.1126	31.8784	-724.945	
11789	10194	365.24	918.673	364.323	85.2362	86.834	-0.381023	1	1	1	1	1	-61.811	-311.422	83.6663	-80.9077	-365.206	-157.319	-61.1778	-186.942	-311.422	84.0045	3.98199	-80.9077	-365.747	-260.304	-157.319	5.35772	11	0	47.4154	86.8122	8.69766	-277.702	86.8122	8.69766	-277.702	
11759	1516	117.056	309.477	117.052	-99999	-32.841	-0.990638	1	1	1	1	0	-218.801	-219.616	132.694	15.9825	630.332	629.671	-218.763	-221.743	-219.579	132.694	74.309	15.9825	630.332	631.164	629.671	4.80082	9	0	78.3078	-32.806	6.55716	633.767	-32.806	6.55716	633.767	
11759	3856	69.9023	190.198	69.1946	-99999	83.598	-0.491607	0	0	0	0	0	-123.504	-87.5517	-163.738	-131.273	-888.753	-839.363	-61.1977	-79.3223	-97.5061	-131.102	-147.961	-163.902	-839.111	-863.781	-889.012	5.20416	197	0	190.198	83.5745	-121.304	-820.982	83.5745	-121.304	-820.982	
11797	41478	170.711	373.607	170.575	-99999	84.285	-0.907279	1	1	1	1	1	-229.668	-196.391	131.541	-21.4522	627.113	561.867	-203.275	-181.398	-169.973	131.541	56.7132	-21.5703	627.113	592.485	561.854	8.86531	8	0	79.4923	84.3201	1.66758	577.081	84.3201	1.66758	577.081	
11797	42648	61.6089	184.277	60.1121	-99999	95.423	-0.649794	1	1	1	1	1	-281.799	-301.828	133.584	94.9469	126.136	167.399	-281.909	-291.214	-302.385	133.584	112.75	94.0671	126.136	146.813	168.522	5.42578	16	0	80.6431	95.448	-14.3568	-190.855	95.448	-14.3568	-190.855	
11797	42918	284.903	641.537	283.741	-99999	3.906	-0.950176	1	1	1	1	1	-153.42	-73.7942	129.236	-141.018	74.1747	102.647	-152.535	-117.587	-72.5531	130.29	-6.44698	-141.057	74.062	92.7521	102.648	5.15256	7	0	65.7963	3.93091	-39.1706	84.1735	3.93091	-39.1706	84.1735	
11797	41155	307.235	934.658	273.976	-99999	77.762	-0.856198	1	1	1	1	1	-337.236	-222.042	133.406	-94.2868	460.752	361.043	-337.325	-272.577	-212.339	133.406	5.85285	-124.788	460.752	404.773	359.194	9.73568	6	0	227.386	77.796	-25.2979	382.386	77.796	-25.2979	382.386	
11797	49651	396.298	2382.13	395.862	-99999	-42.875	-0.423901	1	1	1	1	1	-83.5124	-196.31	130.159	-38.543	107.67	447.26	-96.8191	-154.578	-209.736	130.338	45.9869	-38.543	107.304	277.041	447.26	17.6448	14	0	821.005	-42.8072	-27.4512	426.635	-42.8072	-27.4512	426.635	
11797	52621	109.562	356.995	108.404	-99999	19.432	-0.701315	1	1	1	0	0	-280.94	-298.998	133.525	57.3364	248.66	322.28	-280.962	-291.262	-299.848	133.525	94.2022	57.0811	248.66	285.301	322.915	10.1204	20	0	108.406	19.4632	29.1174	305.654	19.4632	29.1174	305.654	
11797	52711	254.007	574.014	253.482	-99999	-36.834	-0.986375	1	1	1	1	1	-346.292	-318.915	133.09	-108.551	-558.909	-512.161	-346.225	-348.597	-318.786	133.22	10.2146	-108.728	-558.928	-537.652	-512.166	8.8368	7	0	78.8913	-36.817	-13.0054	-529.509	-36.817	-13.0054	-529.509	
11780	9557	184.752	532.414	184.336	-99999	49.951	-0.634029	1	1	1	1	1	-224.559	-311.013	131.798	6.47056	255.662	359.51	-224.409	-268.583	-311.07	132.058	70.0208	6.47056	255.413	307.672	359.51	4.21511	13	0	53.8665	49.9881	-23.5381	374.494	49.9881	-23.5381	374.494	
11780	11357	178.895	422.728	178.661	-99999	93.982	-0.990135	1	1	1	1	0	-112.343	-90.6551	130.142	-46.5043	340.145	355.302	-82.9302	-72.1686	-61.2101	130.242	41.8127	-46.6315	340.153	348.095	355.303	11.7934	8	0	61.0629	93.9945	-42.4511	357.194	93.9945	-42.4511	357.194	
11780	11897	269.727	639.148	261.787	-99999	60.276	-0.872102	1	1	1	1	1	-207.434	-83.5428	129.878	-98.4199	263.541	296.078	-188.874	-125.346	-61.1537	130.447	12.6672	-104.737	263.465	280.176	296.948	6.22503	9	0	58.6053	60.3135	-43.0506	271.952	60.3135	-43.0506	271.952	
11786	5930	278.715	1474.16	278.532	15.9361	14.799	-0.775225	1	1	1	1	1	-316.542	-166.61	133.162	-74.7031	-392.273	-498.503	-316.542	-243.811	-166.61	133.162	26.841	-74.7031	-392.273	-445.263	-498.503	4.08162	7	0	69.0271	14.8283	-2.56355	-442.519	14.8283	-2.56355	-442.519	
11786	7640	414.927	2039.11	406.642	78.9221	78.484	-0.724306	1	1	1	1	1	-329.283	-109.19	129.09	-168.986	825.584	664.765	-331.963	-221.698	-106.508	132.675	-20.325	-170.567	827.698	742.499	663.619	5.07654	9	0	81.5917	78.5105	-13.5325	731.94	78.5105	-13.5325	731.94	
11773	9081	175.315	623.736	175.314	-732.726	-43.148	-0.635261	0	0	0	0	0	-168.179	-297.303	133.25	29.4023	-763.301	-706.373	-168.179	-233.77	-297.303	133.25	81.8384	29.4023	-763.301	-736.268	-706.373	4.26244	9	0	39.3459	-999999	-999999	-999999	-999999	-999999	-999999	
11774	4659	34.7088	186.22	34.6199	-99999	24.638	-0.484013	0	0	0	0	0	-142.473	-118.668	133.393	112.454	-156.285	-143.509	-134.758	-121.993	-110.913	133.393	122.737	112.43	-156.285	-151.619	-143.47	4.20782	7	0	125.51	24.6672	47.4538	-161.5	24.6672	47.4538	-161.5	
11797	25099	180.807	425.208	176.987	-168.039	-38.235	-0.923057	0	0	0	0	0	-230.188	-157.107	132.38	-27.4362	-45.6676	-59.9662	-230.415	-191.503	-156.638	132.927	51.4787	-30.5112	-45.6636	-49.2611	-60.7973	6.31697	14	0	84.6451	88.0609	73.6119	-775.062	88.0609	73.6119	-775.062	
11775	5646	120.069	305.732	119.035	-99999	70.954	-0.803764	1	0	0	0	0	-346.885	-283.898	133.043	39.1382	831.319	867.642	-347.521	-314.496	-283.979	133.873	86.2716	39.1382	831.057	846.654	867.642	4.58637	11	0	78.2337	70.9538	45.2794	812.936	70.9538	45.2794	812.936	
11789	21572	169.69	529.998	169.689	-99999	97.506	-0.587658	1	1	1	1	1	-266.038	-194.365	132.253	22.2096	210.008	317.416	-281.36	-245.337	-209.687	132.253	77.2684	22.2096	210.008	263.632	317.416	6.62312	16	0	80.1258	97.3444	-28.967	526.97	97.3444	-28.967	526.97	
11780	23153	375.436	960.937	375.423	-99999	-30.565	-0.752473	1	1	1	1	1	-185.533	-145.727	132.655	-170.316	108.287	-109.563	-195.104	-173.074	-155.298	132.655	-18.5508	-170.316	108.287	-0.617719	-109.563	16.3472	14	0	57.7644	-30.5333	-32.7539	-20.95	-30.5333	-32.7539	-20.95	
11786	20179	281.296	723.781	278.091	-99999	60.811	-0.824357	1	1	1	1	1	-150.342	-226.615	132.881	-93.66	-485.038	-623.636	-131.224	-159.101	-208.104	133.375	17.6584	-96.2067	-484.717	-559.331	-623.792	12.0988	9	0	136.087	60.8382	-12.7228	-564.934	60.8382	-12.7228	-564.934	
11782	11500	93.8816	278.989	92.4167	-99999	-14.493	-0.747116	1	1	1	1	1	-62.0992	-109.422	31.2771	101.243	259.751	297.241	-114.586	-90.5718	-66.4705	102.085	66.4952	31.0279	297.684	278.716	259.623	8.90559	224	0	278.989	-14.4681	-26.0019	251.113	-14.4681	-26.0019	251.113	
11795	1973	157.574	369.06	157.571	-99999	63.267	-0.860295	1	1	1	1	0	-162.388	-98.7962	133.347	-9.51563	-571.207	-558.346	-142.576	-107.056	-78.9846	133.347	63.4442	-9.51563	-571.207	-564.218	-558.346	5.78353	6	0	70.8261	63.2876	14.819	-564.08	63.2876	14.819	-564.08	
11797	41622	292.824	708.343	292.394	-99999	5.387	-0.997668	1	1	1	1	1	-105.614	-98.5118	132.907	-157.162	-722.014	-706.476	-103.951	-100.433	-96.8249	133.274	-12.7558	-157.162	-722.027	-718.3	-706.476	15.6328	9	0	99.9963	5.41243	-27.3205	-717.08	5.41243	-27.3205	-717.08	
11797	79774	51.3791	157.722	49.8616	-99999	33.979	-0.788096	1	0	0	0	0	-291.251	-312.302	133.855	89.6371	-187.19	-179.347	-291.29	-304.002	-312.843	133.855	112.029	88.2095	-187.19	-182.769	-179.277	5.03461	9	0	88.61	32.85	-19.0684	124.389	32.85	-19.0684	124.389	
11797	53865	189.685	448.574	188.263	-99999	104.26	-0.918281	0	0	0	0	0	-267.315	-340.676	132.566	-34.498	-845.313	-801.893	-267.243	-304.084	-341.204	133.036	47.7252	-35.2817	-845.383	-828.028	-801.69	4.23309	11	0	84.089	48.1315	-89.3109	-615.751	48.1315	-89.3109	-615.751	
11780	23471	89.5627	346.667	89.5624	-99999	33.476	-0.599466	1	1	1	1	1	-239.617	-286.746	132.548	76.781	-339.272	-287.423	-239.655	-263.152	-286.784	132.548	104.876	76.781	-339.272	-313.055	-287.423	6.82968	13	0	96.5807	33.5102	10.21	-251.071	33.5102	10.21	-251.071	
11797	48284	326.092	881.626	325.562	-99999	92.067	-0.570282	1	1	1	1	1	-234.062	-90.246	132.443	-46.443	-231.644	-462.513	-205.476	-133.74	-61.4158	132.744	43.2783	-46.443	-231.284	-347.179	-462.513	8.10895	14	0	112.744	92.1036	-23.8274	-408.987	92.1036	-23.8274	-408.987	
11773	9034	317.677	775.931	316.165	86.3161	87.026	-0.934515	1	1	1	1	1	-188.529	-312.558	132.578	-153.688	242.59	272.815	-188.5	-249.679	-313.016	132.659	-13.858	-154.997	242.59	244.785	273.118	4.24807	11	0	78.4671	87.0417	-39.071	254.324	87.0417	-39.071	254.324	
11797	93076	359.163	852.992	354.355	38.8804	40.835	-0.880499	1	1	1	1	1	-102.601	-281.65	133.285	-167.426	-503.15	-452.887	-102.601	-190.138	-284.319	133.285	-20.3748	-171.315	-503.15	-472.428	-451.997	8.6432	9	0	78.6013	42.9114	-48.4876	224.703	90.1013	55.3154	-836.649	
11786	24066	338.446	824.103	336.798	-99999	59.461	-0.81483	1	1	1	1	1	-351.314	-278.961	132.746	-156.08	551.759	706.301	-351.382	-317.057	-279.28	132.746	-11.2236	-157.523	551.759	633.536	707.038	5.67092	17	0	94.7637	59.4872	-2.99084	631.964	59.4872	-2.99084	631.964	
11776	155	178.044	449.823	178.042	-99999	-31.202	-0.836353	1	1	1	1	1	-286.427	-216.81	132.873	-15.448	-448.597	-380.401	-286.392	-249.651	-216.774	132.873	61.0364	-15.448	-448.597	-411.162	-380.401	5.33691	14	0	83.9707	-31.1668	6.42659	-398.741	-31.1668	6.42659	-398.741	
11776	515	263.668	690.102	263.124	30.2661	29.841	-0.313028	1	1	1	1	1	-156.008	-313.68	60.2943	-24.8421	-894.822	-705.355	-155.835	-228.441	-313.854	60.3866	19.5871	-24.9182	-895.047	-792.911	-705.223	4.32473	13	0	72.8559	32.8789	23.0895	256.743	32.8789	23.0895	256.743	
11797	28679	349.265	886.561	340.899	55.3523	55.989	-0.634225	1	1	1	1	1	-314.116	-203.4	109.756	-123.868	892.842	678.659	-314.283	-241.064	-201.918	109.97	0.055172	-130.469	893.035	779.734	674.403	5.72848	16	0	115.754	56.0204	-9.71481	752.646	56.0204	-9.71481	752.646	
11782	1690	101.812	263.264	99.6057	-99999	108.726	-0.965386	0	0	0	0	0	-264.107	-246.354	132.415	41.8816	-445.209	-408.424	-264.285	-255.841	-246.227	133.008	85.9901	40.4135	-445.356	-428.111	-407.872	6.70025	13	0	79.9112	23.0941	-51.1611	14.7758	23.0941	-51.1611	14.7758	
11795	4239	58.8181	217.223	58.0296	-99999	1.102	-0.861194	0	0	0	0	0	-233.53	-247.384	129.056	74.6238	-280.906	-271.511	-233.532	-237.967	-247.452	129.056	100.817	74.148	-280.906	-275.55	-271.803	4.22201	14	0	98.9735	50.6631	13.5392	-793.227	91.0031	-92.7344	-421.169	
11795	25623	355.978	881.196	355.474	84.2988	83.769	-0.688717	1	1	1	1	1	-84.8917	-230.627	133.381	-82.7671	-411.085	-170.765	-84.7696	-155.647	-230.717	133.615	17.4414	-82.86	-411.295	-296.713	-170.669	6.56637	11	0	84.9923	83.803	2.51492	-248.885	83.803	2.51492	-248.885	
11797	74730	145.894	875.045	145.89	49.1238	49.31	-0.852658	1	1	1	1	1	-184.289	-237.642	131.322	8.41895	-414.13	-359.012	-184.289	-206.08	-237.642	131.322	70.3476	8.41895	-414.13	-380.568	-359.012	7.30584	9	0	80.1512	49.3426	9.35569	-374.276	49.3426	9.35569	-374.276	
11797	7036	122.751	347.712	122.723	-99999	-2.213	-0.805005	0	0	0	0	0	-163.052	-185.476	130.367	37.1144	522.828	447.25	-163.745	-172.478	-186.176	130.367	84.2478	37.0934	522.828	483.371	447.238	6.95082	14	0	85.6826	-20.6645	-50.6444	574.236	-20.6645	-50.6444	574.236	
11797	18327	203.31	487.392	202.038	39.7564	41.836	-0.977472	1	1	1	1	1	-183.309	-226.809	131.614	-64.7088	-240.242	-230.483	-183.23	-202.037	-226.825	131.983	32.2573	-65.5698	-240.253	-236.21	-230.268	6.73125	13	0	74.9742	41.8654	-12.1232	-235.64	41.8654	-12.1232	-235.64	
11797	25596	220.672	792.192	218.128	-99999	17.608	-0.954128	1	1	1	1	1	-176.263	-199.074	131.399	-79.5014	-122.241	-73.7975	-170.501	-182.8	-193.551	133.033	27.5885	-80.3239	-122.693	-92.8841	-73.7383	7.62411	10	0	326.732	17.6337	-16.943	-94.0149	17.6337	-16.943	-94.0149	
11773	6241	185.069	461.225	183.733	-99999	-26.881	-0.84639	1	1	1	1	1	-225.405	-318.67	131.529	-16.7212	-769.13	-716.575	-224.906	-275.893	-318.85	132.308	58.5128	-17.0261	-769.286	-747.633	-716.396	5.98959	12	0	76.8116	-26.8437	5.00652	-724.182	-26.8437	5.00652	-724.182	
11761	2699	207.183	523.862	205.978	-99999	1.591	-0.828134	1	1	1	1	1	-301.006	-225.191	133.19	-38.3696	-810.87	-726.967	-301.296	-262.873	-225.102	133.889	46.5589	-38.7138	-811.237	-771.02	-726.914	5.08885	10	0	83.941	1.62692	11.5109	-747.933	1.62692	11.5109	-747.933	
11780	15953	119.082	318.149	119.02	-99999	46.773	-0.938128	1	1	1	0	0	-174.912	-164.605	131.097	20.1654	-532.654	-572.703	-160.268	-158.376	-149.958	131.146	75.1031	20.1654	-532.636	-552.314	-572.703	4.98295	11	0	86.5679	46.7969	18.4854	-562.713	46.7969	18.4854	-562.713	
11789	10742	263.995	1741.19	263.992	101.875	102.016	-0.764503	0	0	0	0	0	-129.611	-282.338	133.403	-40.6463	-519.789	-397.254	-129.611	-198.763	-282.338	133.403	37.0652	-40.6463	-519.789	-462.341	-397.254	5.71862	14	0	78.9501	-999999	-999999	-999999	-999999	-999999	-999999	
11789	12092	308.202	734.408	305.372	-99999	86.944	-0.933639	1	1	1	1	1	-235.905	-141.169	129.23	-159.284	-229.227	-213.944	-208.781	-163.856	-113.004	129.522	-17.2212	-161.556	-229.274	-216.679	-214.462	5.73071	10	0	84.6291	86.9726	-42.808	-211.107	86.9726	-42.808	-211.107	
11797	40422	278.345	663.846	278.237	-99999	40.02	-0.921137	1	1	1	1	1	-260.052	-277.867	133.012	-119.99	288.375	392.299	-260.089	-271.929	-277.913	133.068	3.20939	-119.99	288.352	336.274	392.299	9.85883	10	0	63.2316	40.0481	-28.6004	352.263	40.0481	-28.6004	352.263	
11773	6256	60.7692	162.288	60.6023	-99999	93.608	-0.815414	1	1	1	1	1	-343.324	-338.084	132.424	89.6797	727.482	769.136	-343.431	-340.571	-338.16	132.424	108.851	89.6129	727.482	746.396	769.245	5.42758	15	0	71.3734	93.6383	0.0303672	428.441	93.6383	0.0303672	428.441	
11797	40166	369.974	932.685	369.544	94.0999	93.292	-0.728033	1	1	1	1	1	-310.421	-198.24	133.121	-118.334	-390.897	-145.216	-310.439	-256.689	-198.157	133.188	3.4965	-118.522	-390.956	-270.579	-144.96	7.47617	6	0	79.7397	93.3278	-8.83403	-269.736	93.3278	-8.83403	-269.736	
11789	5619	358.325	828.908	355.427	-22.0144	-19.256	-0.617536	1	1	1	1	1	-103.722	-232.837	132.953	-83.3808	-704.036	-454.229	-103.548	-171.115	-233.75	133.33	27.8843	-84.7427	-704.476	-576.618	-452.673	5.147	12	0	88.4324	-19.2247	-0.177229	-568.858	-19.2247	-0.177229	-568.858	
11797	54245	92.1464	234.504	87.5929	-99999	-37.238	-0.960506	1	1	0	0	0	-139.443	-163.424	131.771	50.3064	-269.445	-290.2	-151.104	-165.374	-176.67	131.771	89.6055	46.0831	-269.445	-281.121	-289.873	4.69039	15	0	83.4121	-37.2012	21.6653	-274.903	-37.2012	21.6653	-274.903	
11780	14514	246.604	601.758	246.597	18.0142	18.159	-0.89338	1	1	1	1	1	-299.699	-197.155	134.314	-84.5862	668.246	624.538	-299.699	-240.296	-197.155	134.314	28.3189	-84.5862	668.246	647.651	624.538	5.40385	12	0	90.8258	18.1667	-8.30379	641.912	18.1667	-8.30379	641.912	
11780	16044	221.294	7037.86	220.037	-46.8494	-47.596	-0.812939	1	1	1	1	1	-162.449	-240.727	132.508	-45.9158	217.31	317.511	-162.324	-204.322	-240.883	132.814	45.1702	-46.7445	217.141	269.886	317.753	6.61068	10	0	97.7795	-46.5809	-39.0253	251.391	-46.5809	-39.0253	251.391	
11797	72097	126.743	316.124	126.52	-99999	6.093	-0.540066	1	1	1	0	0	-327.901	-272.996	133.606	50.7474	-447.535	-370.795	-327.99	-300.471	-273.003	133.726	96.8766	50.7474	-447.702	-404.278	-370.795	5.82147	14	0	83.9565	6.11821	35.7015	-386.776	6.11821	35.7015	-386.776	
11797	5624	337.164	775.983	336.862	-16.1967	-13.843	-0.796017	1	1	1	1	1	-287.758	-72.6197	133.395	-115.164	855.898	795.241	-287.916	-179.586	-72.6059	133.616	7.18303	-115.173	855.939	829.923	795.233	5.00062	9	0	63.2146	-13.8296	-45.2483	792.649	-13.8296	-45.2483	792.649	
11781	3555	325.029	732.52	322.686	28.3469	28.131	-0.873558	1	1	1	1	1	-99.2148	-262.376	132.862	-141.392	-65.0945	-30.3926	-98.7405	-182.978	-262.754	133.764	-2.91199	-142.61	-65.2435	-40.4072	-30.1061	5.81209	11	0	77.578	28.1575	-17.6995	-42.1951	28.1575	-17.6995	-42.1951	
11786	17203	169.983	409.982	169.823	-99999	33.024	-0.966029	1	1	1	1	1	-303.794	-277.31	133.76	-24.6514	636.36	688.375	-303.853	-291.597	-277.348	133.908	52.2137	-24.6514	636.33	656.053	688.375	6.28433	13	0	76.4833	33.0486	5.29202	666.576	33.0486	5.29202	666.576	
11786	10686	175.53	455.344	174.691	-99999	-16.126	-0.705254	1	1	1	1	1	-147.849	-77.5888	130.105	18.0493	449.801	560.201	-152.898	-122.915	-82.202	130.105	65.5151	17.6736	449.801	500.82	560.801	6.83757	6	0	84.3277	-16.1	17.7582	517.746	-16.1	17.7582	517.746	
11786	12126	27.1934	93.0941	26.6907	-99999	97.074	-0.940397	1	1	1	0	0	-96.6481	-91.6576	133.732	108.271	-234.243	-239.926	-66.3633	-63.6208	-61.2545	134.132	121.059	108.238	-234.083	-236.467	-239.944	4.98391	15	0	66.065	97.0966	36.7507	-244.221	97.0966	36.7507	-244.221	
11797	12824	347.976	800.412	346.698	10.4957	7.677	-0.84069	1	1	1	1	1	-272.378	-106.007	132.51	-162.254	303.243	235.784	-272.67	-183.987	-105.771	132.991	-10.6337	-162.646	303.337	265.488	235.712	4.8541	9	0	77.5919	7.71209	-37.6017	258.856	7.71209	-37.6017	258.856	
11782	13009	627.257	1491.12	625.407	45.1389	45.156	-0.383004	1	1	1	1	1	-69.7884	-246.224	133.63	-67.3447	-708.612	-147.018	-69.7322	-174.151	-246.4	133.709	26.7585	-67.562	-708.793	-433.326	-145.401	5.14596	17	0	129.661	45.1726	2.02417	-418.832	45.1726	2.02417	-418.832	
11786	5692	319.438	9297.65	319.371	-99999	37.96	-0.955444	1	1	1	1	1	-204.955	-201.578	132.666	-164.355	-66.7726	-178.623	-193.068	-191.102	-189.691	132.666	-17.3846	-164.355	-66.7726	-119.655	-178.623	4.21869	12	0	119.347	37.9908	-48.6857	-145.245	37.9908	-48.6857	-145.245	
11786	7132	257.374	635.041	255.592	66.8618	65.877	-0.909795	1	1	1	1	1	-177.415	-246.736	132.497	-87.534	543.17	650.521	-177.414	-219.834	-247.101	132.5	20.4602	-89.1634	543.169	589.89	651.112	6.672	14	0	86.4987	65.893	-21.0909	607.606	65.893	-21.0909	607.606	
11780	12556	79.767	271.634	79.6542	-99999	-4.93	-0.869483	1	1	1	0	0	-357.644	-321.434	-59.2399	-126.388	116.722	138.911	-357.671	-339.088	-321.407	-59.1793	-93.0526	-126.423	116.711	126.258	138.92	13.9661	10	0	129.795	-4.91433	-58.3535	135.631	-4.91433	-58.3535	135.631	
11797	66773	327.552	7214.15	326.907	-99999	34.356	-0.631556	1	1	1	1	1	-66.8181	-215.616	70.2989	-142.435	474.59	280.482	-61.1396	-136.611	-210.217	70.68	-32.8896	-142.435	474.978	373.01	280.482	10.5918	11	0	191.898	34.3957	-34.2132	336.403	34.3957	-34.2132	336.403	
11786	7241	307.262	687.38	306.51	-99999	73.083	-0.930709	1	1	1	1	1	-330.82	-258.491	133.31	-144.663	-877.406	-783.089	-331.106	-278.891	-258.575	133.98	-5.02569	-144.663	-877.567	-838.403	-783.089	8.06347	12	0	63.63	73.1066	-11.4763	-792.982	2.68657	-24.0727	-807.544	
11797	9033	329.439	785.802	328.106	13.7089	11.96	-0.838446	1	1	1	1	1	-328.96	-143.428	133.767	-131.465	219.205	180.388	-329.616	-241.156	-143.367	134.793	-3.86218	-131.541	219.339	213.529	180.38	5.26593	7	0	85.5216	11.9963	-11.3587	207.991	11.9963	-11.3587	207.991	
11786	2121	313.955	788.874	312.622	63.4601	63.138	-0.945048	1	1	1	1	1	-274.946	-154.448	132.635	-151.828	-138.4	-157.82	-275.337	-225.606	-154.448	133.892	-14.9004	-151.828	-138.252	-139.984	-157.82	7.89353	8	0	78.0917	63.1685	-25.8195	-145.25	63.1685	-25.8195	-145.25	
11775	5053	37.6496	102.334	36.2406	-99999	97.232	-0.45294	0	0	0	0	0	-109.131	-91.8619	130.214	114.033	844.99	872.435	-78.9309	-69.9505	-60.9677	130.449	121.986	113.662	844.602	858.818	873.112	5.58136	8	0	52.0575	97.2619	56.0273	821.738	97.2619	56.0273	821.738	
11797	67939	76.8846	210.489	74.8847	-99999	10.425	-0.990046	1	1	1	0	0	-266.85	-245.683	132.35	62.8287	598.383	609.994	-265.257	-257.596	-243.414	132.661	95.1329	61.61	598.377	600.686	609.131	5.6337	18	0	83.3018	10.4506	27.5817	606.333	10.4506	27.5817	606.333	
11795	23243	22.1363	124.739	21.7532	-99999	-43.303	-0.864173	0	0	0	0	0	-212.255	-222.275	133.451	114.834	-320.135	-315.046	-212.039	-217.151	-222.226	133.781	124.32	114.833	-320.229	-317.618	-315.046	8.05549	11	0	119.499	-7.40938	-5.96551	-112.339	-7.40938	-5.96551	-112.339	
11797	74734	99.3382	250.648	98.8121	-99999	104.616	-0.93645	0	0	0	0	0	-155.329	-108.344	129.862	44.1715	546.008	552.78	-122.754	-102.581	-75.5842	130.351	85.0543	44.1715	546.009	547.579	552.78	7.93614	6	0	73.6208	81.3706	-8.30068	-129.106	43.8806	-23.9643	-26.5392	
11797	75994	290.934	831.8	290.548	-99999	-40.632	-0.985281	1	1	1	1	1	-275.933	-279.545	130.101	-157.96	186.157	211.325	-275.887	-269.424	-279.542	130.101	-14.1309	-158.314	186.157	200.573	211.331	6.94957	7	0	177.406	-40.6074	-22.916	205.824	-40.6074	-22.916	205.824	
11795	3747	94.0005	256.019	93.3152	-99999	28.566	-0.797689	1	1	1	0	0	-263.278	-306.229	132.393	51.2284	-91.8321	-77.053	-263.292	-287.505	-306.449	132.418	92.9282	50.6094	-91.837	-84.0698	-76.9664	5.44396	10	0	75.6277	28.5944	27.5811	-78.1382	28.5944	27.5811	-78.1382	
11797	56662	20.1528	113.266	20.0085	-99999	23.547	-0.51118	0	0	0	0	0	-234.158	-249.86	133.209	122.732	120.176	126.8	-234.071	-242.024	-249.887	133.283	128.131	122.732	120.127	123.555	126.8	7.72292	10	0	112.029	28.0647	-62.6312	-335.391	28.0647	-62.6312	-335.391	
11797	58462	401.863	985.071	400.896	-42.63	-42.919	-0.711488	1	1	1	1	1	-259.545	-146.89	132.827	-128.141	410.467	689.878	-259.715	-194.02	-146.889	133.308	0.705786	-128.288	410.026	545.537	690.123	8.1917	8	0	84.7923	-42.8825	-28.1312	565.127	-42.8825	-28.1312	565.127	
11797	37370	53.4313	115.29	47.8853	-99999	-41.324	-0.815289	0	0	0	0	0	-112.129	-109.943	131.549	122.996	-616.299	-572.5	-125.096	-122.468	-123.154	134.069	129.329	122.35	-617.864	-594.753	-571.445	5.22515	8	0	75.0918	-28.1491	-76.4587	338.479	-28.1491	-76.4587	338.479	
11797	38360	214.466	564.046	212.818	-99999	53.353	-0.647564	1	1	1	1	1	-146.026	-121.739	129.399	3.16521	4.87435	173.911	-129.635	-113.051	-104.974	130.231	68.0464	2.93025	3.95658	89.5181	174.158	23.7067	7	0	133.167	53.389	14.1032	110.265	53.389	14.1032	110.265	
11797	10555	180.051	422.709	179.91	-99999	24.468	-0.578761	1	1	1	1	0	-356.314	-323.25	134.5	23.5004	-710.204	-574.47	-356.363	-344.017	-323.278	134.583	84.4108	23.5004	-710.312	-636.67	-574.47	4.20392	12	0	64.4571	24.4738	48.2322	-609.37	24.4738	48.2322	-609.37	
11797	12985	30.1115	108.815	29.013	-99999	15.829	-0.717694	1	1	1	1	1	-304.302	-303.924	133.297	108.114	794.952	808.478	-304.319	-304.451	-303.678	133.299	119.946	107.196	794.949	801.232	808.635	6.25419	12	0	85.759	15.8363	-15.786	641.012	15.8363	-15.786	641.012	
11797	26938	126.043	322.177	116.399	-99999	-15.252	-0.656765	1	1	1	1	1	-355.687	-268.303	-61.7666	-138.397	163.332	169.525	-355.741	-308.392	-261.301	-61.7028	-103.138	-144.9	163.325	166.807	169.632	7.8477	6	0	83.2336	-15.251	-56.6811	167.499	-15.251	-56.6811	167.499	
11797	60176	44.3531	171.649	29.9029	69.5317	50.721	-0.653352	0	0	0	0	0	-166.328	-172.768	103.205	94.6855	889.43	864.297	-153.499	-160.174	-164.855	112.337	97.8612	94.6855	898.922	884.126	864.297	5.6302	6	0	114.832	70.1576	-18.0486	146.461	70.1576	-18.0486	146.461	
11797	22553	262.82	640.709	260.616	-99999	-2.831	-0.638681	1	1	1	1	1	-227.126	-339.749	132.622	-28.9508	-622.982	-453.026	-227.122	-286.018	-340.511	132.622	49.026	-30.3283	-622.982	-540.533	-451.488	5.59475	11	0	75.2422	-2.04104	-26.2927	381.294	-2.04104	-26.2927	381.294	
11797	26783	255.28	634.792	253.205	23.661	22.04	-0.841509	1	1	1	1	1	-282.595	-150.957	132.49	-77.3408	-569.696	-616.38	-283.408	-212.695	-150.871	133.902	31.7416	-77.7242	-569.314	-598.159	-616.404	8.37747	6	0	93.4593	22.0708	-9.24634	-595.714	22.0708	-9.24634	-595.714	
11786	28299	84.026	236.372	83.3774	-99999	75.668	-0.818387	1	0	0	0	0	-297.436	-251.065	133.287	71.4933	-754.948	-725.369	-297.665	-273.774	-251.047	133.508	101.207	71.1504	-755.02	-743.276	-725.279	5.60524	11	0	96.5003	75.6979	34.3706	-733.145	75.6979	34.3706	-733.145	
11786	1442	299.926	707.07	299.523	43.8113	41.672	-0.959919	1	1	1	1	1	-222.75	-155.352	132.3	-154.019	-345.766	-363.791	-222.843	-171.656	-155.352	132.658	-7.22038	-154.019	-345.725	-361	-363.791	6.13798	6	0	81.9368	41.7042	-33.9687	-360.666	41.7042	-33.9687	-360.666	
11782	151	297.04	837.47	292.933	-99999	-21.046	-0.968971	1	1	1	1	1	-241.009	-268.037	130.796	-145.084	-131.536	-44.4443	-240.724	-258.003	-268.087	132.79	-10.2653	-146.688	-131.979	-96.8391	-43.2101	15.6928	10	0	137.705	-21.0312	-31.1072	-88.8637	-21.0312	-31.1072	-88.8637	
11780	1275	178.292	336.781	177.088	-99999	26.593	-0.8029	1	1	1	1	1	-282.023	-297.898	127.071	-22.5168	-383.283	-291.108	-282.053	-285.129	-298.135	127.071	52.6741	-23.5642	-383.283	-334.531	-290.57	4.64894	17	0	76.3972	26.6162	3.74095	-320.257	26.6162	3.74095	-320.257	
11797	33262	157.635	1459.7	156.376	-15.2241	-16.607	-0.577272	1	1	1	1	0	-175.462	-285.922	133.343	39.0565	-816.462	-765.634	-174.762	-235.984	-286.005	133.937	91.888	38.8424	-816.907	-790.864	-765.596	6.37661	8	0	84.8835	-16.5658	26.486	-748.201	-16.5658	26.486	-748.201	
11797	33982	256.319	6251.32	253.101	-99999	-43.401	-0.840451	1	1	1	1	1	-358.628	-281.318	116.682	-95.4909	-360.07	-472.41	-359.082	-320.143	-280.545	118.096	12.6019	-96.8085	-359.308	-420.697	-472.669	4.37258	6	0	81.2921	-43.3794	8.03239	-410.286	-43.3794	8.03239	-410.286	
11797	35422	256.849	732.772	256.65	29.6908	28.733	-0.99362	1	1	1	1	1	-204.842	-276.9	133.86	-110.881	808.814	786.883	-204.842	-239.336	-276.962	133.86	10.6086	-111.06	808.814	800.198	786.876	11.1622	8	0	130.455	28.7625	-25.7421	769.208	28.7625	-25.7421	769.208	
11773	3453	23.3837	96.7473	21.4956	-99999	38.413	-0.851399	0	0	0	0	0	-170.14	-170.427	130.063	110.011	768.26	775.531	-158.12	-157.666	-158.564	130.163	119.513	108.408	768.183	772.704	775.313	5.81498	9	0	73.8442	38.4383	49.0797	767.431	38.4383	49.0797	767.431	
11780	11383	169.639	446.137	168.77	-99999	93.084	-0.989051	1	1	1	0	0	-132.777	-110.87	133.775	-32.5638	-786.748	-790.928	-103.733	-96.2114	-81.5626	134.184	49.8787	-32.9707	-786.739	-787.396	-790.893	48.7914	6	0	127.277	93.1099	8.8243	-783.539	93.1099	8.8243	-783.539	
11797	23871	315.65	792.19	315.14	-46.2221	-47.139	-0.849647	1	1	1	1	1	-172.589	-301.83	132.791	-133.936	-695.158	-589.281	-172.406	-237.364	-301.83	133.221	0.401588	-133.936	-695.344	-640.266	-589.281	5.09131	11	0	80.44	-47.1054	-36.1519	-621.857	-47.1054	-36.1519	-621.857	
11789	24836	287.901	624.531	287.019	-99999	96.932	-0.990397	0	0	0	0	0	-341.341	-320.675	131.403	-152.47	361.217	392.762	-341.56	-328.738	-320.786	132.267	-10.2218	-152.47	361.167	376.233	392.762	4.32436	6	0	79.074	88.4638	29.8608	689.489	-3.31622	-32.7957	453.809	
11786	13688	345.494	837.432	343.214	113.905	111.863	-0.846716	0	0	0	0	0	-350.738	-175.196	133.142	-160.389	-405.519	-422.412	-351.236	-262.863	-174.418	133.958	-14.1631	-161.388	-405.447	-413.086	-422.771	4.54749	10	0	87.8211	70.8066	-115.626	-164.781	70.8066	-115.626	-164.781	
11789	17868	197.466	497.826	196.1	67.2616	64.274	-0.911399	1	1	1	1	1	-223.211	-159.047	131.374	-44.8631	-397.51	-452.357	-223.419	-191.68	-158.783	131.997	42.48	-45.4697	-397.328	-424.098	-452.493	5.72023	9	0	78.9203	64.3083	-10.5294	-433.606	64.3083	-10.5294	-433.606	
11780	17635	326.207	729.53	320.015	-48.8903	-48.53	-0.960875	1	1	1	1	1	-212.679	-153.406	131.039	-171.381	394.669	312.845	-212.871	-190.356	-151.285	132.208	-21.8149	-175.821	394.929	346.719	312.771	4.30213	9	0	69.3649	-40.0841	-37.2612	389.797	-40.0841	-37.2612	389.797	
11789	9378	176.113	962.473	176.008	38.3833	31.629	-0.539502	1	1	1	1	0	-165.625	-305.645	133.151	40.0441	808.829	860.043	-165.625	-235.375	-305.645	133.151	85.6475	40.0441	808.829	833.617	860.043	5.37363	11	0	44.7519	31.6677	20.9469	832.003	31.6677	20.9469	832.003	
11774	3206	118.933	335.82	117.061	-99999	67.016	-0.932712	0	0	0	0	0	-165.643	-229.683	133.191	36.021	633.398	634.85	-144.57	-173.624	-209.817	133.425	81.8072	34.855	633.407	632.379	634.908	10.3883	6	0	89.3642	67.0333	25.0752	803.811	67.0333	25.0752	803.811	
11795	11293	305.366	794.988	302.532	23.9271	22.959	-0.959288	1	1	1	1	1	-122.097	-227.396	132.903	-148.461	406.736	418.47	-121.83	-169.38	-228.074	133.819	-11.1744	-150.202	406.774	403.549	418.401	6.7079	8	0	87.0777	22.9821	-14.3704	401.918	22.9821	-14.3704	401.918	
11759	2938	148.054	369.212	147.277	-99999	99.233	-0.801508	1	1	0	0	0	-346.667	-310.223	133.614	26.8485	706.519	799.703	-346.889	-330.811	-310.337	134.24	77.1601	26.8485	706.075	750.316	799.703	6.06491	14	0	74.7852	99.2618	37.3565	764.829	99.2618	37.3565	764.829	
11786	22607	511.076	3262.05	510.488	-14.5726	-15.966	-0.387041	1	1	1	1	1	-68.2336	-332.104	132.882	-83.0006	68.6345	448.182	-67.9696	-200.736	-332.104	133.11	23.0872	-83.0006	68.1685	256.713	448.182	36.7467	6	0	125.397	-15.908	-47.5456	389.79	-15.908	-47.5456	389.79	
11786	26027	49.0349	146.632	47.959	-99999	16.472	-0.914183	0	0	0	0	0	-205.174	-191.181	129.772	84.6987	168.68	174.189	-200.235	-193.161	-185.911	130.304	107.502	84.2466	168.552	174.047	174.176	6.17215	8	0	78.2898	16.503	26.8658	172.586	16.503	26.8658	172.586	
11795	12354	312.849	869.757	311.038	-99999	-4.176	-0.841729	1	1	1	1	1	-160.995	-268.525	128.836	-126.803	335.047	473.63	-160.358	-208.679	-268.525	130.344	-2.71103	-126.803	334.313	400.569	473.63	11.4645	10	0	84.503	-4.14566	-30.3232	416.251	-4.14566	-30.3232	416.251	
11780	12481	229.053	594.166	228.221	-99999	109.589	-0.980959	0	0	0	0	0	-340.72	-294.755	133.526	-87.2295	-540.008	-516.428	-340.928	-320.993	-294.788	134.066	23.4165	-87.4901	-540.068	-518.902	-516.407	14.7784	11	0	105.091	34.0981	-36.0442	-372.689	34.0981	-36.0442	-372.689	
11797	79644	238.504	765.171	238.501	-99999	110.269	-0.822912	0	0	0	0	0	-181.006	-95.5734	-159.789	38.1578	-890.596	-788.656	-61.0434	-104.273	-146.476	38.1578	-60.2135	-159.789	-788.656	-840.367	-890.596	4.32139	624	0	765.171	93.104	-88.3752	-545.598	93.104	-88.3752	-545.598	
11772	1244	209.784	573.02	209.692	-99999	86.387	-0.88502	0	0	0	0	0	-168.793	-233.24	132.995	-63.7603	308.949	307.352	-141.702	-187.36	-206.188	133.073	38.8886	-63.7603	308.948	305.396	307.352	7.80399	6	0	89.8933	86.7945	-82.7097	541.646	86.7945	-82.7097	541.646	
11772	1244	63.9582	190.763	63.9322	-99999	45.976	-0.932184	1	1	1	1	1	-235.608	-217.564	132.773	75.0853	-197.842	-177.096	-228.439	-219.495	-210.391	132.787	103.85	75.0853	-197.846	-187.636	-177.096	4.52743	15	0	61.9756	46.0145	-28.9315	-138.611	46.0145	-28.9315	-138.611	
11786	28580	362.174	994.419	361.492	-41.7882	-39.743	-0.578239	1	1	1	1	1	-61.9063	-305.668	108.187	-99.4647	-58.2017	106.711	-61.5102	-184.081	-305.668	108.521	3.82374	-99.4647	-58.4561	23.9607	106.711	5.03391	15	0	83.7848	-39.7013	-24.6859	53.9928	-39.7013	-24.6859	53.9928	
11797	18936	131.053	13653.9	130.357	-99999	-41.276	-0.760722	1	1	1	1	1	-324.78	-256.802	133.369	35.3942	692.812	743.769	-325.085	-290.1	-256.755	133.897	85.6145	35.3942	692.535	719.694	743.769	434.616	6	0	13298.2	-41.2479	-17.3825	737.634	-41.2479	-17.3825	737.634	
11786	16804	115.54	303.951	113.625	-99999	-31.028	-0.869738	1	1	1	1	1	-212.592	-265.696	130.734	31.365	-532.203	-519.585	-212.37	-240.712	-266.308	131.077	81.3438	29.9897	-532.236	-524.759	-519.596	5.69443	7	0	76.1683	-31.001	15.2858	-524.906	-31.001	15.2858	-524.906	
11797	34662	305.982	1631.43	305.114	-99999	11.34	-0.830192	1	1	1	1	1	-166.238	-267.627	130.199	-102.704	591.149	756.014	-166.189	-210.253	-267.85	130.319	5.87074	-103.114	591.081	667.71	756.445	5.44979	14	0	80.3057	11.372	-23.8599	679.299	11.372	-23.8599	679.299	
11776	3341	389.832	1105.07	389.415	35.2401	35.201	-0.641375	1	1	1	1	1	-151.153	-290.685	133.029	-80.1579	-812.248	-521.717	-151.054	-221.12	-290.685	133.295	19.3063	-80.1579	-812.544	-671.233	-521.717	17.5587	13	0	163.475	35.2268	-20.6874	-626.154	35.2268	-20.6874	-626.154	
11780	5765	286.078	682.688	282.085	-99999	56.038	-0.923539	1	1	1	1	1	-146.824	-107.275	129.152	-133.776	259.491	349.262	-129.561	-106.028	-89.3074	130.466	-2.00542	-136.249	259.024	307.305	349.724	4.39236	6	0	75.7673	56.0611	-36.5931	317.021	56.0611	-36.5931	317.021	
11780	22184	271.229	664.549	265.37	43.9991	44.729	-0.862432	1	1	1	1	1	-338.142	-201.39	129.659	-87.7507	732.934	668.866	-339.905	-276.04	-200.615	133.053	17.7894	-89.4696	733.872	701.994	668.532	4.84431	10	0	81.6406	44.755	-2.47162	699.684	44.755	-2.47162	699.684	
11761	750	201.536	445.956	201.096	-99999	104.899	-0.95258	1	1	1	1	1	-149.561	-94.2517	129.98	-62.0294	41.8753	59.4595	-116.843	-87.9041	-61.4032	130.396	34.1282	-62.0294	41.8538	46.7133	59.4595	7.33859	6	0	54.6388	104.925	-66.7309	35.277	104.925	-66.7309	35.277	
11789	16296	247.07	614.892	246.86	-99999	31.118	-0.902153	1	1	1	1	1	-231.417	-312.039	132.96	-86.8224	38.0277	114.472	-231.452	-268.425	-312.144	132.96	20.5186	-87.0035	38.0277	73.0741	114.545	4.85479	12	0	74.582	31.1478	-15.8702	83.1217	31.1478	-15.8702	83.1217	
11797	87251	112.772	446.146	112.771	-99999	40.463	-0.917018	1	1	1	1	1	-188.954	-217.8	130.685	24.9354	250.304	223.882	-182.595	-196.888	-211.442	130.685	77.809	24.9354	250.304	236.978	223.882	5.54193	10	0	184.438	40.4885	-25.8821	211.849	40.4885	-25.8821	211.849	
11797	82348	41.144	27.6242	35.55	-99999	-11.543	-0.874426	1	1	1	1	1	-185.883	-183.18	134.093	104.364	-838.368	-823.841	-189.498	-182.639	-186.795	134.093	115.355	104.364	-838.368	-834.38	-823.841	4.12721	6	0	17.0442	-11.5091	-27.2773	-754.74	-11.5091	-27.2773	-754.74	
11797	25210	247.773	1329.17	246.601	-41.7884	-39.075	-0.782323	1	1	1	1	1	-88.2477	-225.279	132.979	-52.593	225.147	308.981	-88.0091	-157.791	-225.733	133.355	38.8806	-53.0015	224.99	264.085	309.117	4.77081	8	0	86.1688	-39.0383	2.70278	264.705	-39.0383	2.70278	264.705	
11772	2891	307.263	866.606	303.292	-99999	70.469	-0.985838	1	1	1	1	1	-249.142	-227.243	131.461	-166.761	-171.886	-219.721	-249.367	-238.259	-227.385	133.079	-18.0033	-169.042	-171.656	-196.269	-220.063	4.74465	9	0	71.2633	70.4606	-27.0778	-199.755	70.4606	-27.0778	-199.755	
11772	3431	125.539	1.67428e+07	125.282	-99999	-26.829	-0.826532	1	1	1	1	1	-304.175	-300.051	133.615	25.6127	807.238	745.772	-304.145	-304.386	-300.029	133.615	79.5134	25.3911	807.238	776.238	745.763	4.37462	15	0	1.67354e+07	-26.8162	-23.7335	710.332	-26.8162	-23.7335	710.332	
11775	14	185.039	489.133	184.155	-99999	33.75	-0.954942	1	1	1	1	1	-233.746	-290.603	126.409	-46.0254	-296.41	-271.562	-233.782	-259.888	-290.924	126.417	38.227	-46.8256	-296.41	-288.065	-271.364	10.4937	11	0	84.6096	33.7637	-13.1897	-278.368	33.7637	-13.1897	-278.368	
11775	4208	77.3217	312.38	77.1493	41.917	43.222	-0.972132	1	0	0	0	0	-227.77	-203.56	132.943	59.9922	883.413	883.758	-227.805	-215.997	-203.56	133.102	96.3714	59.9922	883.418	881.399	883.758	27.5838	6	0	156.178	43.2514	20.4381	799.228	43.2514	20.4381	799.228	
11789	22629	157.88	402.504	155.607	-99999	-37.033	-0.942447	1	1	1	1	1	-161.729	-120.862	129.646	-19.1066	666.031	682.346	-173.557	-154.084	-132.088	130.384	55.0189	-20.5487	665.92	678.578	682.309	4.03313	11	0	81.3298	-37.0041	-4.42248	671.337	-37.0041	-4.42248	671.337	
11782	10192	82.4729	300.028	80.8985	-99999	-0.393	-0.543873	0	0	0	0	0	-268.662	-239.303	133.299	98.1049	-229.223	-163.274	-269.06	-254.419	-239.28	134.122	112.332	98.0917	-230.431	-198.694	-163.221	6.78351	14	0	123.067	-999999	-999999	-999999	-999999	-999999	-999999	
11797	63954	148.953	376.187	148.054	-99999	111.762	-0.963051	0	0	0	0	0	-331.781	-287.959	132.685	-7.54223	729.382	744.097	-332.133	-313.326	-288.087	133.551	61.7617	-7.54223	729.33	735.129	744.097	5.04329	8	0	78.1837	-12.7927	-24.3391	662.971	-12.7927	-24.3391	662.971	
11797	37582	500.484	1255.28	498.218	88.5131	87.979	-0.578049	1	1	1	1	1	-196.09	-238.554	131.585	-164.856	-734.081	-338.089	-196.09	-219.822	-239.26	131.589	-12.1242	-166.419	-734.085	-530.787	-336.68	9.6712	12	0	89.0619	88.008	-25.1281	-510.641	88.008	-25.1281	-510.641	
11780	5750	162.702	513.808	162.579	-99999	-9.727	-0.596361	1	1	1	1	1	-349.118	-232.539	34.7654	-64.025	-308.866	-257.555	-349.191	-289.18	-232.528	34.8346	-12.2963	-64.025	-308.904	-280.716	-257.555	4.82615	7	0	145.039	-9.70525	-24.6482	-270.04	-9.70525	-24.6482	-270.04	
11797	77967	110.837	306.205	109.502	-99999	88.276	-0.993622	1	1	1	0	0	-277.153	-258.574	132.567	25.2507	585.491	593.573	-277.32	-268.223	-258.607	133.122	78.5393	24.4901	585.493	586.937	593.665	5.07378	11	0	87.4413	88.3063	34.4308	76.9388	88.3063	34.4308	76.9388	
11780	1589	185.73	443.488	184.332	-99999	26.479	-0.973796	1	1	1	1	0	-312.798	-342.909	132.113	-40.101	-506.442	-450.611	-312.624	-325.675	-342.995	133.126	44.0648	-40.443	-506.569	-484.409	-450.55	16.4961	8	0	95.7613	26.5011	-12.8052	-455.78	26.5011	-12.8052	-455.78	
11774	8045	235.37	600.298	235.134	-99999	69.076	-0.941483	1	1	1	1	0	-211.957	-321.639	131.835	-73.239	-48.6289	-29.6789	-211.967	-263.907	-321.718	132.054	27.0686	-73.239	-48.64	-39.1994	-29.6789	5.26766	9	0	78.5664	69.1103	-24.4836	-33.2621	69.1103	-24.4836	-33.2621	
11795	22112	331.304	999.655	326.597	-99999	94.151	-0.925932	1	1	1	1	1	-325.786	-196.579	132.926	-166.706	-675.489	-688.585	-340.864	-274.726	-210.212	133.631	-18.09	-170.471	-675.476	-682.098	-688.451	21.4062	8	0	217.136	94.1764	-15.862	-665.355	94.1764	-15.862	-665.355	
11797	86291	203.605	531.25	201.595	111.384	112.342	-0.911309	0	0	0	0	0	-207.175	-276.494	130.483	-27.0527	-303.622	-200.871	-206.862	-236.794	-276.588	132.058	49.538	-27.2137	-304.256	-253.397	-200.799	5.77962	12	0	95.7226	-999999	-999999	-999999	-999999	-999999	-999999	
11759	109	55.3082	182.376	55.2635	-99999	78.397	-0.609289	1	0	0	0	0	-357.938	-324.725	106.202	71.4858	310.754	337.749	-358.028	-340.076	-324.793	106.202	89.2949	71.4586	310.754	323.238	337.776	6.57223	13	0	100.816	78.4069	45.6877	344.656	78.4069	45.6877	344.656	
11797	96176	219.297	637.292	218.866	-99999	44.012	-0.780537	1	1	1	1	1	-106.085	-217.872	133.21	-35.6287	-329.099	-412.109	-99.1688	-155.164	-211.186	133.21	48.6547	-35.957	-329.099	-370.769	-412.264	4.25587	11	0	51.2146	44.0348	-25.7299	-409.235	44.0348	-25.7299	-409.235	
11797	62523	153.629	363.443	152.426	-99999	-29.421	-0.916675	1	1	1	1	0	-333.974	-280.138	133.366	-4.13288	-128.543	-93.2727	-334.29	-311.375	-280.104	134.47	63.9882	-4.13288	-128.859	-108.886	-93.2727	4.85668	9	0	75.2615	-29.3969	13.1987	-104.741	-29.3969	13.1987	-104.741	
11773	431	333.111	833.711	327.374	-99999	111.83	-0.924502	1	1	1	1	1	-204.034	-140.671	129.459	-171.165	784.176	688.902	-170.432	-128.271	-105.207	133.286	-24.1167	-172.241	784.861	751.497	687.826	7.52141	15	0	78.6291	111.841	-34.584	725.848	111.841	-34.584	725.848	
11795	2895	69.5676	212.287	67.4977	-99999	57.25	-0.940783	1	0	0	0	0	-100.606	-103.202	130.081	64.687	501.215	488.69	-82.6896	-83.1336	-85.1276	130.281	97.004	63.3499	501.273	492.904	488.87	9.29302	12	0	91.262	57.252	35.6679	483.102	57.252	35.6679	483.102	
11797	52462	211.825	502.673	207.892	-99999	-22.009	-0.877933	1	1	1	1	1	-135.359	-199.702	128.757	-62.2644	598.627	647.335	-141.411	-173.846	-206.841	130.801	33.9491	-63.841	597.889	625.579	647.369	4.09257	13	0	78.8469	-21.9861	-4.89365	623.764	-21.9861	-4.89365	623.764	
11789	11269	80.6291	239.219	79.0895	-39.5199	-40.685	-0.843053	1	1	0	0	0	-225.674	-190.818	131.908	66.786	562.302	534.477	-225.828	-208.936	-190.283	132.209	98.8518	65.7648	562.419	547.447	534.253	4.43217	11	0	85.5226	-40.653	20.5884	549.062	-40.653	20.5884	549.062	
11795	4915	137.23	350.299	136.115	-22.5789	-25.213	-0.841593	1	1	1	1	1	-277.611	-202.775	133.107	22.9926	-64.5834	-38.3779	-277.867	-240.65	-202.472	133.552	78.0683	22.5024	-64.6997	-49.2278	-38.387	4.10792	9	0	80.4802	-25.1809	14.7631	-43.4391	-25.1809	14.7631	-43.4391	
11795	6805	212.597	1092.13	208.118	365.745	101.152	-0.852734	0	0	0	0	0	-198.873	-230.807	126.936	-51.6916	488.568	589.377	-198.54	-211.852	-230.807	130.754	37.7665	-51.6916	486.261	535.615	589.377	6.25297	14	0	98.0548	-34.5949	-13.973	469.258	-34.5949	-13.973	469.258	
11786	26186	236.766	588.524	236.765	-99999	46.662	-0.677815	1	1	1	1	1	-223.526	-75.8786	132.222	-27.8614	536.724	443.912	-208.914	-135.823	-61.2666	132.222	51.3907	-27.8614	536.724	490.517	443.912	5.58933	12	0	54.8283	46.6916	-11.3012	455.569	46.6916	-11.3012	455.569	
11797	87732	160.032	5629.87	159.762	26.1392	28.825	-0.644807	1	1	1	1	1	-166.104	-278.862	133.496	28.0542	-96.3868	-64.3114	-165.96	-225.881	-278.891	133.637	86.8313	28.0182	-96.4667	-72.0904	-64.3025	8.03632	9	0	101.794	28.8656	16.386	-65.1786	28.8656	16.386	-65.1786	
11797	20537	297.32	753.8	296.169	96.8371	95.981	-0.581039	1	1	1	1	1	-155.079	-217.51	130.468	-118.548	200.559	58.7008	-155.079	-192.158	-217.924	130.468	8.76796	-119.604	200.559	124.382	58.7494	4.29199	8	0	93.0298	96.0162	-14.9732	115.382	96.0162	-14.9732	115.382	
11782	4686	248.79	998.617	248.521	-125.43	18.739	-0.618119	0	0	0	0	0	-118.901	-295.382	133.665	-13.2801	665.536	754.875	-118.901	-212.075	-295.5	133.665	59.007	-13.4321	665.536	700.151	755.056	4.14544	17	0	79.5573	-999999	-999999	-999999	-999999	-999999	-999999	
11789	17567	344.998	1818.03	344.997	-99999	70.226	-0.507611	1	1	1	1	1	-98.8083	-221.797	133.143	-55.4447	296.534	35.1853	-87.7728	-148.679	-210.761	133.143	38.2741	-55.4447	296.534	166.015	35.1853	5.74715	14	0	58.7127	70.2583	-17.8011	80.4434	-49.0717	-2.81353	102.888	
11773	3716	46.2086	120.419	44.8373	-99999	107.793	-0.886469	1	1	0	0	0	-114.821	-95.1232	129.637	89.8932	331.01	337.54	-81.368	-71.2276	-61.0512	130.232	109.738	89.2775	330.929	334.24	337.636	5.80865	6	0	59.298	107.808	43.0713	349.818	107.808	43.0713	349.818	
11795	24816	197.385	482.144	197.326	-99999	-13.198	-0.212028	1	1	1	1	1	-66.9023	-204.533	-15.402	30.5972	366.041	499.729	-208.666	-139.94	-70.9947	30.5972	7.50752	-15.4158	499.729	432.792	366.002	4.03883	460	0	482.144	-13.19	9.99379	486.778	-13.19	9.99379	486.778	
11774	2480	197.794	2102.85	197.12	-99999	68.379	-0.689444	1	1	1	1	1	-247.62	-339.753	131.882	-9.94214	-554.547	-453.762	-247.372	-293.652	-339.831	132.34	62.1301	-9.94214	-554.914	-502.887	-453.762	20.1019	20	0	1264.4	68.4152	-23.3824	-441.66	68.4152	-23.3824	-441.66	
11774	4460	170.17	440.66	169.696	16.814	16.422	-0.933816	1	1	1	1	1	-166.334	-232.024	133.252	-22.3941	706.535	718.147	-166.334	-200.192	-232.296	133.252	55.4184	-22.7743	706.535	711.738	718.196	5.63281	9	0	75.7832	16.4529	1.27051	550.52	16.4529	1.27051	550.52	
11780	12515	252.264	631.755	250.682	-99999	115.445	-0.864967	0	0	0	0	0	-341.855	-279.201	131.699	-78.7181	9.44244	120.65	-342.182	-300.517	-279.597	132.227	22.8501	-79.5334	9.21071	56.0558	121.083	4.4494	15	0	76.3184	86.607	81.0672	-609.409	32.547	-11.0442	-602.015	
11789	21578	163.299	405.053	163.009	-99999	29.286	-0.258712	1	1	1	1	1	-356.131	-229.05	-87.0331	-137.243	-127.54	-40.707	-356.261	-289.329	-228.975	-87.0054	-108.605	-137.265	-127.582	-86.8616	-40.5725	6.58811	13	0	86.2246	29.2909	-75.1777	-114.027	29.2909	-75.1777	-114.027	
11786	13482	205.312	487.595	203.455	-99999	69.734	-0.942649	1	1	1	1	0	-135.66	-83.1726	129.075	-63.9253	251.243	286.646	-114.164	-88.938	-61.1644	130.323	33.485	-64.4263	250.957	273.76	286.666	4.3877	8	0	47.2435	69.7612	-45.2996	30.6697	69.7612	-45.2996	30.6697	
11795	23418	140.035	348.777	139.29	-99999	75.497	-0.839144	1	1	1	1	1	-159.932	-85.0733	132.459	15.2808	-449.61	-441.527	-136.562	-99.0411	-61.2979	132.873	73.924	15.0711	-449.641	-445.238	-441.52	4.39306	7	0	47.6403	75.5266	21.1622	-437.339	75.5266	21.1622	-437.339	
11789	12597	254.052	943.04	253.404	-99999	105.855	-0.879587	0	0	0	0	0	-107.443	-226.949	133.24	-85.66	688.856	732.884	-90.6924	-151.293	-210.444	133.477	24.1818	-86.0107	688.811	711.524	732.92	13.3372	9	0	276.286	30.9458	-43.2168	232.859	30.9458	-43.2168	232.859	
11795	26140	79.0948	231.945	78.0836	-99999	-33.236	-0.528397	0	0	0	0	0	-296.216	-344.27	132.89	101.87	-873.547	-821.532	-295.76	-320.984	-344.268	133.239	116.113	101.661	-873.928	-848.954	-821.337	4.52955	38	0	106.308	-33.2214	68.6361	-810.229	-33.2214	68.6361	-810.229	
11786	31991	439.628	959.057	439.106	-99999	28.752	-0.657419	1	1	1	1	1	-310.721	-325.686	134.138	-36.8832	-870.48	-509.009	-310.754	-323.993	-325.719	134.138	28.1093	-36.8832	-870.48	-679.781	-509.009	4.76395	13	0	73.4821	28.7748	2.25933	-655.452	28.7748	2.25933	-655.452	
11797	23293	461.982	1150.79	461.745	-99999	-21.311	-0.585762	1	1	1	1	1	-264.92	-324.451	132.883	-149.921	308.239	666.49	-264.846	-298.009	-324.427	133.016	-3.94115	-149.921	308.064	490.867	666.49	5.71072	13	0	75.8693	-21.2757	-33.5134	513.048	-21.2757	-33.5134	513.048	
11797	10169	280.532	697.213	278.21	100.176	101.956	-0.714356	0	0	0	0	0	-142.408	-320.814	132.965	-75.2179	684.162	725.361	-142.398	-238.622	-322.037	132.976	32.9948	-77.1273	684.16	704.021	725.742	4.09216	8	0	69.023	58.2147	-27.4937	445.572	44.7747	-37.5357	736.335	
11797	5103	173.554	411.64	172.093	-99999	76.824	-0.841321	0	0	0	0	0	-87.577	-151.69	132.87	-21.3693	-525.036	-490.835	-63.2929	-98.2191	-128.18	133.334	57.7097	-22.0051	-525.225	-501.319	-491.165	5.3567	12	0	78.9807	78.4402	66.6225	-11.1934	-27.7598	38.7386	-462.807	
11789	1951	381.281	1085.58	380.443	-99999	87.565	-0.788355	1	1	1	1	1	-233.549	-192.737	132.539	-171.265	-138.582	-361.645	-206.138	-188.563	-165.255	132.569	-16.953	-171.967	-138.56	-255.193	-362.001	4.44826	16	0	179.959	87.5875	-30.2417	-267.684	87.5875	-30.2417	-267.684	
11789	4111	207.962	1352.76	203.841	-99999	9.992	-0.978672	1	1	1	1	1	-134.601	-164.935	132.375	-63.567	-298.677	-265.335	-131.329	-153.776	-161.937	133.323	32.5963	-65.7878	-298.806	-286.348	-264.954	7.21596	7	0	987.304	10.0204	-9.8904	-283.599	10.0204	-9.8904	-283.599	
11797	74606	424.519	1020.03	420.616	-99999	90.976	-0.667727	1	1	1	1	1	-178.313	-89.7183	133.069	-165.893	-763.876	-481.658	-150.255	-104.836	-60.7671	133.92	-16.5581	-167.532	-764.777	-622.175	-479.715	4.15958	6	0	47.0275	91.0051	-31.3652	-602.528	91.0051	-31.3652	-602.528	
11797	54451	252.354	627.445	252.319	-99999	30.627	-0.463144	1	1	1	1	1	-284.014	-262.445	116.634	-0.758143	-888.885	-668.757	-284.049	-276.77	-262.481	116.634	56.8439	-0.758143	-888.885	-778.216	-668.757	4.54835	20	0	106.336	30.6522	-51.0786	-775.036	49.6022	12.186	-725.728	
11797	3194	157.275	363.337	154.822	-99999	14.754	-0.897006	1	1	1	1	1	-355.698	-298.882	134.76	0.598763	576.26	625.918	-356.339	-331.806	-298.704	136.471	65.155	0.170619	575.696	597.853	626.186	5.54164	14	0	71.9961	14.7793	29.3902	610.945	14.7793	29.3902	610.945	
11797	24438	313.246	724.391	312.829	-99999	94.586	-0.906543	1	1	1	1	1	-177.969	-91.7639	132.894	-163.348	-116.315	-146.916	-148.349	-94.3408	-62.178	132.894	-11.7482	-163.691	-116.315	-142.283	-146.928	6.46884	11	0	74.9584	94.618	-39.1575	-146.57	94.618	-39.1575	-146.57	
11795	25918	577.473	1407.52	576.015	-99999	-46.708	-0.485936	1	1	1	1	1	-243.4	-243.251	133.405	-37.6399	-96.667	392.465	-243.347	-219.584	-243.197	133.405	28.0106	-37.6399	-96.667	167.786	392.465	75.7999	12	0	170.544	-46.6495	-6.00192	191.561	-46.6495	-6.00192	191.561	
11797	93379	246.299	6993.35	246.106	-99999	-31.977	-0.984018	1	1	1	1	1	-151.992	-113.436	132.356	-106.199	-232.507	-277.18	-162.006	-142.03	-123.45	132.356	13.225	-106.199	-232.507	-256.366	-277.18	20.8864	7	0	3080.18	-31.9432	-53.8986	-273.681	-31.9432	-53.8986	-273.681	
11782	1906	109.088	292.293	108.225	-99999	80.875	-0.829669	1	1	0	0	0	-145.024	-87.0349	125.479	36.803	-543.102	-564.468	-119.868	-89.6595	-61.4024	125.758	81.8235	36.3907	-543.032	-554.363	-564.583	4.73617	9	0	86.4511	80.8941	49.1468	-559.487	80.8941	49.1468	-559.487	
11782	3796	86.368	387.021	85.2846	-99999	83.278	-0.879813	1	1	0	0	0	-338.631	-300.845	133.323	58.0496	-625.042	-614.79	-339.205	-318.045	-300.94	134.277	97.4989	58.0496	-625.213	-617.325	-614.79	7.95296	10	0	230.704	83.3001	49.1152	-611.961	83.3001	49.1152	-611.961	
11795	11976	36.0902	2890.04	36.0902	-99999	55.294	-0.000137329	1	1	1	1	1	-220.796	-216.837	130.621	100.022	106.617	116.153	-203.481	-201.227	-199.522	130.621	115.369	100.022	106.617	115.995	116.153	5.22701	20	0	168.826	55.3229	-29.6216	182.921	-30.3671	33.6084	192.327	
11795	13236	313.224	730.645	312.189	-99999	91.388	-0.968457	1	1	1	1	1	-90.0226	-104.718	133.318	-168.961	-152.366	-103.203	-61.3826	-74.6969	-76.1007	133.489	-17.4689	-168.961	-152.403	-113.279	-103.203	4.66511	6	0	80.0603	91.4103	-21.1917	-128.13	91.4103	-21.1917	-128.13	
11797	48924	63.8089	197.916	63.7761	-99999	108.075	-0.955207	0	0	0	0	0	-243.344	-238.047	127.476	67.3682	-174.247	-194.4	-209.501	-207.559	-204.195	127.476	97.0124	67.3418	-174.247	-183.51	-194.41	4.59146	11	0	78.8483	-999999	-999999	-999999	-999999	-999999	-999999	
11797	9101	196.031	490.94	195.77	-43.674	-43.093	-0.95817	1	1	1	1	1	-169.825	-236.163	133.776	-46.8511	372.246	405.224	-169.825	-201.384	-236.227	133.776	42.7879	-47.0974	372.246	390.119	405.243	6.21432	6	0	94.0685	-43.0666	-7.92992	428.959	-43.0666	-7.92992	428.959	
11780	206	113.744	289.48	112.476	-251.726	22.997	-0.876674	0	0	0	0	0	-222.575	-174.373	131.919	31.2537	-255.266	-263.411	-222.736	-196.533	-174.215	132.215	81.9735	30.3546	-255.266	-258.185	-263.272	6.81889	6	0	75.15	-999999	-999999	-999999	-999999	-999999	-999999	
11797	19335	50.4814	172.984	49.1128	-99999	-3.626	-0.780686	0	0	0	0	0	-188.821	-198.375	131.074	101.556	-469.721	-434.385	-189.334	-192.301	-199.072	131.881	113.027	101.429	-470.352	-453.917	-434.254	4.99006	7	0	94.6693	-3.58934	33.6985	-442.217	-3.58934	33.6985	-442.217	
11797	19875	204.204	497.695	201.636	-99999	61.417	-0.949865	1	1	1	1	1	-130.778	-157.458	128.49	-70.9149	142.249	148.793	-111.168	-126.993	-138.25	130.793	30.1325	-71.0221	141.535	142.346	148.79	4.55812	8	0	80.9671	61.4394	-10.1619	144.663	61.4394	-10.1619	144.663	
11780	15011	288.55	1068.34	288.121	-99999	63.491	-0.908831	1	1	1	1	1	-328.672	-264.945	133.286	-125.614	357.488	465.493	-328.836	-292.101	-265.017	133.674	5.19324	-125.614	357.339	411.66	465.493	9.79446	12	0	421.672	63.5187	-9.27984	418.059	63.5187	-9.27984	418.059	
11780	17981	219.104	524.076	218.315	-99999	-25.935	-0.863235	1	1	1	1	1	-346.035	-294.492	134.051	-41.2664	18.6383	135.86	-346.006	-328.917	-294.277	134.051	41.8578	-41.9286	18.6383	75.2045	136.237	4.66726	16	0	73.353	-25.9176	19.1731	83.8378	-25.9176	19.1731	83.8378	
11797	71406	159.223	941.474	159.075	-99999	94.606	-0.93291	1	1	1	1	1	-137.567	-91.1414	133.218	-16.9492	-377.028	-352.652	-107.992	-84.3625	-61.5161	133.352	58.3479	-16.9492	-377.049	-364.685	-352.652	8.40589	6	0	52.0642	94.6313	8.58338	-366.775	94.6313	8.58338	-366.775	
11773	6746	83.7405	233.529	81.3581	-99999	5.236	-0.944698	1	1	0	0	0	-178.546	-153.34	129.437	52.4317	171.678	166.011	-177.252	-164.579	-151.293	130.581	91.0143	51.3349	171.873	167.025	165.985	6.10213	8	0	82.205	5.27291	21.2295	166.444	5.27291	21.2295	166.444	
11773	8996	179.3	465.956	177.94	-99999	58.27	-0.979798	1	1	1	1	1	-302.228	-276.893	132.94	-39.032	-566.855	-532.863	-302.321	-293.843	-276.934	133.469	45.0793	-39.7882	-566.962	-555.031	-532.573	5.97409	14	0	88.4853	58.2927	4.12473	-550.339	58.2927	4.12473	-550.339	
11797	5205	136.952	516.487	136.734	-99999	72.506	-0.95215	1	1	1	1	1	-117.148	-84.0138	133.31	2.11782	-91.028	-71.4804	-94.447	-77.6334	-61.2558	133.322	67.7096	1.92488	-91.0296	-80.9992	-71.4684	4.34559	8	0	52.681	72.7208	4.25823	52.9784	72.7208	4.25823	52.9784	
11786	23370	27.3639	95.1996	26.7748	-99999	110.191	-0.80487	0	0	0	0	0	-311.196	-305.51	133.381	113.265	-757.308	-743.589	-311.322	-309.816	-305.608	133.381	122.09	113.194	-757.308	-751.104	-743.543	6.05482	14	0	76.9569	-999999	-999999	-999999	-999999	-999999	-999999	
11797	87577	149.596	311.575	148.993	-99999	96.204	-0.755868	1	1	1	1	1	-231.33	-218.338	130.815	17.3722	167.484	72.8236	-201.204	-198.412	-188.109	130.815	74.3763	16.8936	167.484	118.796	72.4873	5.8142	13	0	104.183	96.2341	4.98952	90.9406	96.2341	4.98952	90.9406	
11797	88657	229.588	523.317	229.087	-99999	16.256	-0.982103	1	1	1	0	0	-284.712	-269.244	129.11	-95.1275	-881.63	-843.289	-284.732	-276.471	-269.237	129.12	16.4109	-95.5376	-881.631	-864.028	-843.244	7.09867	13	0	112.666	16.2844	-17.6252	-803.904	16.2844	-17.6252	-803.904	
11776	3286	164.481	522.211	163.155	-99999	100.484	-0.796223	1	1	1	1	1	-243.688	-193.859	132.216	-0.1812	-793.006	-711.876	-259.554	-234.42	-209.329	132.426	66.0429	-1.0641	-793.148	-751.626	-711.388	4.08298	14	0	92.3026	100.514	-26.8164	-677.345	100.514	-26.8164	-677.345	
11797	91275	284.656	701.539	282.975	-99999	8.888	-0.972643	1	1	1	1	1	-328.778	-250.998	132.617	-138.621	732.688	746.096	-329.036	-291.379	-250.903	133.765	-3.20998	-139.105	732.795	736.764	746.134	8.86	9	0	86.4446	8.91814	-12.6242	733.667	8.91814	-12.6242	733.667	
11786	25741	92.7345	259.824	92.3178	-99999	-0.029	-0.787724	1	1	0	0	0	-287.492	-228.709	132.784	62.2155	-384.53	-379.772	-287.628	-256.623	-228.607	132.96	98.6253	62.0546	-384.522	-383.909	-379.781	5.39777	6	0	84.7937	0.0016338	30.436	-377.222	0.0016338	30.436	-377.222	
11759	2263	150.302	380.912	148.293	-99999	93.33	-0.986688	1	1	1	1	0	-287.388	-306.225	132.089	-12.2221	-756.705	-731.212	-287.492	-294.57	-306.619	132.138	58.3948	-14.1429	-756.712	-744.54	-731.173	4.51884	11	0	80.5442	93.3507	12.8035	-734.507	93.3507	12.8035	-734.507	
11797	94769	82.0227	270.33	81.4908	-99999	35.071	-0.927024	1	1	1	1	1	-188.791	-216.349	130.244	54.1741	547.254	537.588	-183.083	-197.023	-210.838	130.734	92.4596	54.1741	547.298	542.564	537.588	6.28337	8	0	57.2841	34.9995	-2.64318	644.076	34.9995	-2.64318	644.076	
11797	97469	126.933	339.441	126.157	-99999	-36.795	-0.716229	1	1	1	1	0	-213.324	-233.283	132.438	47.5434	-624.18	-534.519	-213.282	-223.395	-233.245	132.438	88.1657	47.3502	-624.18	-579.87	-533.806	7.18803	14	0	63.858	-36.7529	15.3193	-554.698	-36.7529	15.3193	-554.698	
11786	29357	444.002	2453.63	443.994	-99999	107.357	-0.724721	0	0	0	0	0	-151.572	-200.29	133.854	-125.726	-359.09	-711.571	-117.954	-135.969	-166.672	133.854	-7.57532	-125.726	-359.09	-529.18	-711.571	5.28764	14	0	123.989	38.1004	-14.1636	-322.377	38.1004	-14.1636	-322.377	
11797	44315	71.1125	156.252	71.1124	-99999	69.276	-0.522898	1	0	0	0	0	-128.869	-82.9551	76.3998	113.007	-894.382	-854.278	-61.2618	-84.2385	-107.175	113.007	94.7635	76.3998	-854.278	-874.362	-894.382	4.05905	177	0	156.252	69.2545	45.1964	-825.111	69.2545	45.1964	-825.111	
11795	2624	302.386	744.754	301.334	-99999	-35.302	-0.982418	1	1	1	1	1	-259.538	-259.965	131.736	-162.457	715.763	774.273	-259.508	-255.213	-259.925	132.701	-15.5209	-162.457	715.581	744.666	774.273	6.79773	8	0	129.463	-35.2717	-28.2276	732.963	-35.2717	-28.2276	732.963	
11797	30618	118.045	268.133	117.32	-99999	-29.471	-0.978249	1	1	1	0	0	-265.206	-273.286	132.725	24.8671	115.695	159.219	-265.145	-266.613	-273.278	133.118	78.3823	24.5967	115.607	136.202	159.346	8.87335	15	0	77.7843	-29.4472	17.3696	151.684	-29.4472	17.3696	151.684	
11789	10110	143.957	219.968	123.167	-99999	85.914	-0.979399	1	1	1	1	0	-120.801	-109.833	133.339	13.955	-66.7004	-40.9009	-93.949	-85.378	-86.8443	133.691	63.2695	-3.95906	-66.7488	-55.0668	-33.3748	4.78347	8	0	23.4661	85.9262	8.16214	-47.4398	85.9262	8.16214	-47.4398	
11789	6837	174.068	586.776	174.066	-99999	34.838	-0.898156	1	1	1	0	0	-312.427	-246.781	132.629	-19.7845	832.003	880.634	-312.466	-281.614	-246.821	132.629	54.0978	-19.7845	832.003	853.288	880.634	5.47148	14	0	87.3404	34.8614	15.7331	803.801	34.8614	15.7331	803.801	
11786	31326	413.264	1030.95	412.376	-42.8006	-43.824	-0.754373	1	1	1	1	1	-125.137	-299.921	132.548	-166.496	-837.982	-616.101	-124.762	-217.289	-299.921	133.215	-16.2886	-166.496	-838.415	-730.073	-616.101	4.3074	14	0	70.046	-43.7845	-28.5105	-698.856	-43.7845	-28.5105	-698.856	
11797	91589	37.9855	134.692	37.8418	-28.3314	-28.685	-0.947309	0	0	0	0	0	-214.368	-200.825	132.471	97.2883	458.109	460.801	-214.368	-207.8	-200.766	132.471	114.779	97.1595	458.109	460.193	460.799	4.95647	6	0	76.1069	-28.6496	28.3556	453.833	-28.6496	28.3556	453.833	
11775	3761	342.5	892.399	342.445	-99999	53.123	-0.876282	1	1	1	1	1	-224.679	-77.8363	132.774	-159.812	547.149	446.97	-208.044	-137.086	-61.1781	132.774	-14.6571	-159.857	547.149	496.687	446.956	6.89852	10	0	46.6195	53.1486	-45.0693	480.644	53.1486	-45.0693	480.644	
11795	19292	99.9066	287.911	99.8704	-99999	106.027	-0.723473	0	0	0	0	0	-224.362	-226.572	17.4732	86.1709	-893.088	-826.62	-193.37	-191.685	-191.16	86.1709	54.8553	17.4732	-826.62	-865.366	-893.088	7.8658	302	0	287.911	88.5234	-69.422	-509.077	88.5234	-69.422	-509.077	
11789	2827	275.62	659.878	274.508	-99999	-22.528	-0.956374	1	1	0	0	0	-216.544	-285.266	132.164	-132.216	-388.138	-367.744	-216.511	-250.206	-285.444	132.188	-1.08696	-133.277	-388.138	-379.907	-367.802	6.02228	7	0	79.4085	-22.5178	35.0021	-373.428	10.8722	-33.4879	-373.498	
11795	3821	245.328	683.665	244.941	-99999	4.243	-0.959942	1	1	1	1	1	-337.205	-298.979	133.201	-94.0798	-278.849	-199.425	-337.21	-320.362	-299.004	133.201	16.7561	-94.4295	-278.849	-244.359	-199.282	44.624	15	0	147.258	4.27224	-15.763	-231.555	4.27224	-15.763	-231.555	
11797	52340	187.845	488.673	184.4	79.1792	79.926	-0.878026	1	1	1	1	1	-257.775	-183.191	129.286	-18.6304	789.08	711.725	-258.869	-221.996	-183.191	132.283	53.1185	-18.6304	790.341	755.93	711.725	10.1353	7	0	88.6963	79.9716	1.0229	730.949	79.9716	1.0229	730.949	
11797	58679	299.831	722.726	299.202	-99999	57.85	-0.662722	1	1	1	1	1	-97.7901	-200.917	133.304	-44.5427	-325.331	-110.723	-79.4423	-140.618	-182.802	133.723	40.8272	-44.5427	-325.731	-225.499	-110.723	4.47784	7	0	80.3311	57.8943	3.49027	-207.075	57.8943	3.49027	-207.075	
11795	2215	239.415	627.078	237.43	-99999	48.558	-0.97876	1	1	1	1	1	-168.286	-218.255	132.156	-98.5426	-139.905	-165.116	-160.296	-185.676	-210.655	133.953	17.4844	-98.6841	-139.823	-150.69	-165.138	5.04427	8	0	96.171	48.589	-30.1577	-160.228	48.589	-30.1577	-160.228	
11795	2575	111.25	291.418	105.548	-99999	56.428	-0.774454	0	0	0	0	0	-253.22	-262.326	133.774	51.8221	204.179	267.984	-253.229	-256.229	-263.688	134.21	90.0057	48.6617	203.812	237.21	271.785	8.62136	13	0	56.6897	32.4108	-58.0129	778.452	-13.8092	-27.676	429.447	
11797	28162	263.671	653.38	263.663	78.2525	77.19	-0.890208	1	1	1	1	1	-94.8959	-243.982	133.13	-82.3527	40.5047	37.7699	-94.8959	-163.167	-243.982	133.13	20.8769	-82.3527	40.5047	30.5531	37.7699	10.2969	6	0	81.154	77.2254	-2.68552	27.0523	77.2254	-2.68552	27.0523	
11797	50915	356.941	1008.71	356.477	20.1836	20.858	-0.695892	1	1	1	1	1	-108.874	-310.336	132.853	-106.93	-510.561	-343.696	-108.609	-209.635	-310.336	133.166	14.3354	-106.93	-510.759	-424.478	-343.696	5.25596	6	0	67.4198	17.5207	-23.554	297.117	17.5207	-23.554	297.117	
11797	52895	425.178	973.672	421.663	78.391	79.339	-0.591305	1	1	1	1	1	-282.925	-146.865	115.707	-144.109	-889.436	-592.703	-283.151	-205.021	-146.855	116.087	-6.42926	-144.582	-889.904	-734.932	-591.323	4.25276	8	0	32.2711	79.3736	-29.4705	-692.827	79.3736	-29.4705	-692.827	
11775	6184	151.539	375.099	149.928	-99999	40.689	-0.881847	1	1	1	1	1	-230.586	-258.071	133.16	3.74123	-792.407	-723.279	-230.632	-239.768	-258.792	133.16	66.0921	2.37945	-792.407	-758.392	-722.753	6.67838	10	0	79.7893	40.704	9.5628	-730.776	40.704	9.5628	-730.776	
11780	21481	262.337	716.418	261.693	-99999	7.405	-0.466693	1	1	1	1	1	-114.562	-318.644	130.226	7.65436	-85.6216	22.7651	-114.068	-215.905	-318.644	130.523	68.628	7.65436	-85.8891	-31.2508	22.7651	5.05448	10	0	92.6056	7.4423	-0.423938	5.62982	7.4423	-0.423938	5.62982	
11797	47822	300.644	772.503	300.211	-99999	67.884	-0.781804	1	1	1	1	1	-229.583	-116.847	129.926	-103.192	535.004	395.105	-208.326	-134.495	-95.4591	129.926	10.4392	-103.376	535.004	481.9	394.768	8.30407	11	0	192.642	67.9243	-36.8331	451.561	67.9243	-36.8331	451.561	
11786	11242	289.479	802.134	288.681	-99999	89.935	-0.491154	1	1	1	1	1	-75.3425	-224.698	126.244	-12.8425	363.697	159.799	-60.8678	-134.9	-210.593	126.591	57.0989	-12.8646	364.212	261.091	159.727	6.88783	17	0	141.511	89.9822	-30.3635	115.962	-25.9078	68.22	425.997	
11797	16346	241.227	604.832	239.794	60.5178	59.986	-0.806838	1	1	1	1	1	-265.314	-129.261	132.632	-42.3874	-492.32	-577.052	-265.921	-200.419	-129.25	133.608	39.5614	-42.4818	-491.965	-529.141	-577.141	8.53361	6	0	43.372	60.0128	-13.3871	-548.557	60.0128	-13.3871	-548.557	
11797	24052	285.294	3354.45	284.398	-99999	91.878	-0.709635	1	1	1	1	1	-272.92	-234.17	131.253	-81.7682	-782.29	-600.516	-258.587	-236.969	-219.78	131.253	26.6707	-82.3866	-782.29	-687.747	-599.899	9.21881	13	0	1670.36	91.917	-36.7314	-604.728	91.917	-36.7314	-604.728	
11797	25222	258.07	561.127	240.519	-99999	86.302	-0.961317	1	1	1	1	1	-150.851	-202.552	128.138	-105.881	827.139	831.974	-123.398	-145.371	-178.327	130.407	3.59764	-120.425	826.648	834.344	828.717	8.29584	7	0	56.1325	86.3306	-11.8199	790.296	86.3306	-11.8199	790.296	
11761	1474	115.636	264.732	113.816	-99999	-14.195	-0.400697	1	1	1	1	1	-356.186	-347.581	-73.4673	-116.554	-362.939	-258.418	-356.17	-350.206	-347.849	-73.4673	-95.0981	-117.362	-362.939	-309.679	-256.817	5.49086	14	0	71.6027	-14.1594	-37.9296	-410.175	-14.1594	-37.9296	-410.175	
11761	2014	382.788	978.313	381.813	-99999	63.652	-0.363267	1	1	1	1	1	-144.101	-227.234	130.253	-133.544	286.026	28.9701	-124.169	-181.517	-207.153	130.253	-6.31319	-134.038	286.026	166.306	28.1663	4.25527	19	0	105.323	63.6974	-14.4265	151.402	63.6974	-14.4265	151.402	
11780	22799	35.4302	134.742	35.0861	-99999	49.845	-0.9661	0	0	0	0	0	-211.37	-216.968	133.083	98.7306	-356.068	-356.331	-211.417	-214.653	-217.037	133.121	115.822	98.4335	-356.075	-354.347	-356.363	4.72027	8	0	88.1203	-999999	-999999	-999999	-999999	-999999	-999999	
11797	60530	248.138	654.294	246.853	87.1997	86.42	-0.923776	1	1	1	1	1	-231.314	-160.027	131.94	-96.8996	562.649	521.787	-231.481	-185.136	-160.096	132.356	17.8217	-97.7087	562.694	552.399	521.707	5.48305	16	0	105.541	86.4575	-27.9605	541.373	86.4575	-27.9605	541.373	
11797	52400	337.133	901.791	337.097	-99999	32.177	-0.689307	1	1	1	1	1	-285.748	-318.722	131.144	-137.842	-675.636	-481.863	-285.785	-305.448	-318.759	131.144	0.798796	-137.842	-675.636	-570.895	-481.863	7.28727	9	0	102.662	32.2153	-25.1348	-551.073	32.2153	-25.1348	-551.073	
11789	4052	84.6484	246.192	84.2823	-99999	106.743	-0.671433	0	0	0	0	0	-231.466	-286.952	132.764	76.9718	221.701	250.903	-231.588	-259.76	-287.264	132.764	104.202	76.8701	221.701	235.173	251.188	5.05726	14	0	95.8828	89.6249	45.6779	169.309	89.6249	45.6779	169.309	
11774	8996	153.722	566.266	149.268	-99999	2.612	-0.630604	1	1	1	1	1	-186.694	-286.739	128.52	35.5704	173.14	233.353	-186.522	-238.195	-289.485	128.679	81.1749	32.8961	173.047	204.324	235.071	8.7628	8	0	74.9322	2.64243	-1.75234	245.739	2.64243	-1.75234	245.739	
11797	76547	100.651	403.885	95.9602	-99999	-7.329	-0.889696	0	0	0	0	0	-215.496	-228.234	129.023	37.5761	125.681	147.106	-216.654	-219.301	-228.647	129.935	82.3912	34.3233	125.324	140.566	147.2	100.443	12	0	201.725	-12.3821	31.6754	-110.125	-12.3821	31.6754	-110.125	
11797	77807	56.5447	148.041	52.3897	-99999	-20.123	-0.537128	1	1	1	0	0	-212.18	-247.634	132.594	108.8	796.683	826.989	-212.157	-231.218	-250.454	132.594	119.43	107.226	796.683	812.853	829.574	4.96422	10	0	52.7499	-20.0699	30.8259	818.779	-20.0699	30.8259	818.779	
11780	8779	272.992	641.717	267.693	-37.5052	-40.448	-0.652006	1	1	1	1	1	-223.351	-74.6748	132.166	-30.0764	-357.121	-505.357	-223.816	-138.873	-73.4318	132.674	49.8915	-33.0445	-356.763	-424.119	-508.525	4.96857	16	0	79.9041	-40.423	4.35952	-434.997	-40.423	4.35952	-434.997	
11786	10259	309.802	758.864	309.8	-99999	73.945	-0.864346	1	1	1	1	1	-230.83	-84.4298	133.165	-129.452	867.676	793.135	-207.675	-135.226	-61.2744	133.165	1.68495	-129.452	867.676	829.536	793.135	7.13539	9	0	52.1413	73.9684	-62.6547	792.5	73.9684	-62.6547	792.5	
11797	57089	309.004	792.683	307.475	-99999	14.633	-0.981902	1	1	1	1	0	-329.054	-336.889	133.425	-166.243	389.673	435.26	-329.042	-340.882	-336.898	133.688	-17.7127	-166.271	389.626	417.111	435.256	5.51577	6	0	84.3187	14.6637	-24.8248	416.639	14.6637	-24.8248	416.639	
11786	23450	234.225	883.238	234.22	-15.9459	-13.807	-0.768128	1	1	1	1	1	-178.246	-254.996	132.886	-52.0092	-553.541	-433.191	-178.246	-214.32	-254.996	132.886	41.3963	-52.0092	-553.541	-490.37	-433.191	7.01474	13	0	82.0933	-13.7631	-12.8173	-467.253	-13.7631	-12.8173	-467.253	
11789	524	348.846	780.982	345.512	42.6956	40.655	-0.519796	1	1	1	1	1	-62.7328	-235.271	124.918	-76.7931	-132.291	86.545	-60.9871	-154.83	-235.278	126.633	26.9304	-76.8007	-134.511	-26.6511	86.5563	4.83482	15	0	81.918	40.7026	0.567086	-28.6455	40.7026	0.567086	-28.6455	
11789	3134	184.819	429.6	183.853	-99999	50.677	-0.945746	1	1	1	1	1	-140.776	-80.732	129.93	-42.0849	526.917	545.561	-124.958	-95.9238	-64.669	130.077	42.415	-42.8582	526.913	529.173	545.682	4.07825	6	0	76.6448	50.6952	-0.27432	533.663	50.6952	-0.27432	533.663	
11780	9443	325.666	790.855	323.732	-99999	108	-0.684153	0	0	0	0	0	-161.572	-234.068	130.713	-94.8601	188.594	-29.158	-127.195	-172.528	-200.249	132.03	19.4771	-94.8601	189.883	81.6143	-29.158	5.38084	12	0	84.3933	-999999	-999999	-999999	-999999	-999999	-999999	
11780	11423	72.8725	1098.8	72.8325	-99999	-38.485	-0.596292	1	1	1	1	1	-210.413	-220.249	133.205	71.8951	700.993	666.134	-210.368	-217.594	-220.205	133.205	102.899	71.8951	700.993	683.58	666.134	41.6998	7	0	115.197	-38.4621	-37.6765	454.992	-38.4621	-37.6765	454.992	
11786	29148	277.597	705.55	275.175	-34.821	-34.414	-0.410336	1	1	1	1	1	-344.772	-149.234	132.186	-5.27942	811.991	681.185	-346.353	-249.446	-149.234	133.177	72.3026	-5.27942	813.522	735.322	681.185	6.34419	10	0	73.3489	-34.3891	18.7846	709.573	-34.3891	18.7846	709.573	
11795	14405	48.1753	180.724	46.8769	-99999	-14.666	-0.875999	1	0	0	0	0	-254.743	-274.817	132.847	92.1563	-675.732	-680.814	-254.652	-262.928	-275.726	132.985	111.042	91.7634	-675.697	-681.015	-680.62	4.63859	22	0	106.602	-14.637	32.0263	-664.737	-14.637	32.0263	-664.737	
11797	64306	321.126	720.76	318.16	-99999	52.564	-0.929915	1	1	1	1	1	-323.345	-272.619	132.467	-161.109	383.854	276.174	-323.47	-301.037	-272.806	133.734	-11.5118	-162.668	384.335	320.261	275.842	12.4437	6	0	90.9107	46.1991	-31.1804	38.6499	46.1991	-31.1804	38.6499	
11797	46383	113.924	615.017	112.827	105.302	103.904	-0.417937	0	0	0	0	0	-253.766	-168.078	133.602	94.528	170.122	108.144	-254.101	-210.842	-167.681	133.805	113.685	94.2354	170.389	139.302	107.774	9.43103	10	0	346.851	27.0784	-62.2383	603.689	5.67839	-65.6344	89.8669	
11797	75255	152.378	559.846	152.313	-99999	113.171	-0.682916	0	0	0	0	0	-140.97	-228.499	132.971	26.5091	90.2329	25.4296	-123.186	-167.027	-210.75	132.971	79.8091	26.464	90.2329	57.7554	25.402	7.29331	12	0	61.9523	-35.8561	-87.2178	448.938	-35.8561	-87.2178	448.938	
11789	9541	341.623	1280	333.722	50.6861	49.283	-0.872868	1	1	1	1	1	-231.726	-198.918	125.594	-162.732	758.196	593.46	-232.246	-216.033	-198.918	132.516	-15.4454	-162.732	761.927	678.188	593.46	8.66342	13	0	85.6732	43.5925	-0.640135	401.986	43.5925	-0.640135	401.986	
11797	38619	203.614	588.689	203.508	-99999	80.653	-0.849565	1	1	1	1	1	-223.146	-310.634	131.737	-43.5967	-137.645	-84.3661	-223.189	-271.237	-310.727	131.824	45.5117	-43.5967	-137.671	-113.139	-84.3661	12.6317	11	0	132.059	80.6745	-13.9551	-98.9471	80.6745	-13.9551	-98.9471	
11774	5173	231.93	2233.14	231.24	-34.8289	-35.46	-0.883295	1	1	1	1	1	-223.139	-169.08	132.154	-62.8619	662.545	551.562	-223.139	-198.217	-169.038	132.154	35.0945	-63.5229	662.545	604.353	551.394	5.30598	16	0	91.3428	-35.4326	-18.9113	581.621	-35.4326	-18.9113	581.621	
11789	10468	353.222	11027.6	349.732	42.7669	45.522	-0.60414	1	1	1	1	1	-70.4087	-275.911	132.36	-44.7944	-639.894	-419.388	-68.5614	-172.876	-275.911	134.43	44.1584	-44.7944	-642.003	-531.777	-419.388	1235.38	10	0	9900.43	45.5025	-41.8621	-406.357	45.5025	-41.8621	-406.357	
11773	4987	218.48	560.965	217.003	-99999	78.859	-0.566651	1	1	1	1	0	-227.994	-85.9774	131.273	-21.077	795.188	734.524	-204.325	-133.035	-61.2517	132.058	55.3167	-21.1121	795.792	765.109	734.51	4.32874	9	0	38.1869	78.8762	0.964084	743.604	78.8762	0.964084	743.604	
11797	83984	258.645	4280.42	257.093	61.4696	111.516	-0.548233	0	0	0	0	0	-69.1588	-215.974	-15.919	-155.452	218.347	67.2336	-69.1588	-151.056	-216.067	-15.919	-85.264	-155.74	218.347	146.184	65.8912	5.78086	16	0	167.307	-999999	-999999	-999999	-999999	-999999	-999999	
11780	5312	217.759	569.777	217.614	95.7841	96.695	-0.621055	1	1	1	1	1	-268.953	-167.673	132.914	-5.86015	693.821	824.882	-269.03	-209.546	-167.673	133.002	65.8304	-5.86015	693.743	755.28	824.882	4.0048	10	0	90.9643	96.725	8.15075	747.035	96.725	8.15075	747.035	
11786	11118	296.004	682.668	295.15	-99999	33.417	-0.9619	1	1	1	1	1	-87.5578	-162.689	129.627	-152.914	769.669	791.892	-76.8944	-116.549	-152.28	130.34	-11.6274	-153.002	769.619	780.479	791.877	4.91525	9	0	76.9726	33.4508	-24.029	37.4822	33.4508	-24.029	37.4822	
11786	12828	334.314	794.367	333.734	-99999	-25.497	-0.927804	1	1	1	1	1	-340.446	-249.914	133.477	-171.003	75.8187	176.215	-340.559	-299.829	-249.884	134.012	-19.6499	-171.003	75.6576	127.139	176.215	4.21594	8	0	71.0313	-25.4741	-13.2392	130.938	-25.4741	-13.2392	130.938	
11761	1668	117.258	319.759	117.151	-99999	73.246	-0.658288	1	1	1	0	0	-93.4817	-84.0707	-37.2052	35.05	-887.319	-795.66	-61.1288	-65.607	-70.5452	35.1207	-1.6565	-37.2052	-795.58	-840.997	-887.319	5.61595	385	0	319.759	73.2648	23.8718	-789.188	73.2648	23.8718	-789.188	
11797	54231	272.78	692.737	272.217	116.463	116.544	-0.924863	0	0	0	0	0	-220.347	-177.152	132.458	-113.737	-269.578	-375.183	-220.412	-193.437	-177.152	132.973	10.4781	-113.737	-269.381	-322.721	-375.183	7.43624	10	0	80.0287	-15.3756	49.6596	836.159	-15.3756	49.6596	836.159	
11797	54951	67.9382	165.855	67.8514	-99999	3.079	-0.45324	1	1	1	1	1	-349.412	-308.147	-94.3274	-125.806	62.4242	106.12	-349.415	-328.734	-308.098	-94.3274	-110.001	-125.85	62.4242	84.3442	106.174	8.37358	13	0	61.6605	3.09292	-69.9311	92.0185	3.09292	-69.9311	92.0185	
11797	89180	214.859	503.961	214.857	-99999	88.657	-0.679269	1	1	1	1	1	-234.637	-89.0906	132.892	-17.2864	328.013	278.968	-206.875	-133.997	-61.3282	132.892	58.0112	-17.2864	328.013	303.18	278.968	7.27139	8	0	44.0243	88.6797	-1.63616	281.044	88.6797	-1.63616	281.044	
11797	55639	253.922	598.943	252.961	-30.4258	-31.583	-0.902981	1	1	1	1	1	-197.564	-226.137	130.031	-97.8589	601.67	702.887	-197.506	-206.3	-226.173	130.742	12.5525	-97.9388	601.332	646.231	702.964	9.99043	10	0	70.6734	-28.8211	-54.8578	739.705	-46.2811	-93.5352	642.742	
11776	1106	308.059	8738.77	307.512	-99999	-1.87	-0.661691	1	1	1	1	1	-62.6694	-262.75	57.9805	-142.865	646.517	765.526	-62.3152	-163.467	-262.75	58.3393	-41.6404	-142.865	646.314	705.427	765.526	8.77288	10	0	69.6767	-1.83684	-8.66133	680.494	-1.83684	-8.66133	680.494	
11776	1736	98.5779	267.807	98.4771	-99999	47.38	-0.751395	1	1	1	1	1	-159.043	-218.519	132.927	59.9541	192.931	164.072	-151.543	-181.16	-211.073	133.003	96.446	59.9541	192.965	178.311	164.072	4.50144	11	0	53.2712	47.4195	-25.4536	129.931	47.4195	-25.4536	129.931	
11776	3446	42.8298	161.103	42.6517	-99999	94.524	-0.988385	0	0	0	0	0	-251.786	-251.106	130.63	88.1911	-707.261	-703.347	-251.894	-251.435	-251.221	130.63	109.354	88.0185	-707.261	-705.075	-703.328	7.56867	9	0	91.2173	94.5578	29.281	-693.541	94.5578	29.281	-693.541	
11759	3245	42.3929	118.124	42.2804	-99999	34.721	-0.793079	0	0	0	0	0	-217.877	-204.19	132.041	97.8673	212.538	233.255	-223.333	-215.917	-209.618	132.041	115.269	97.7743	212.538	223.156	233.311	4.22192	15	0	53.7712	43.3306	-29.3365	-754.405	43.3306	-29.3365	-754.405	
11761	7825	199.999	501.42	195.66	81.8582	82.851	-0.847836	1	1	1	1	1	-299.3	-190.173	131.28	-30.0006	643.576	643.481	-301.62	-244.229	-190.149	134.876	53.3029	-30.0493	643.585	650.214	643.476	5.028	9	0	84.6138	84.7027	-53.4486	733.041	84.7027	-53.4486	733.041	
11795	9231	422.096	1178.31	420.975	-47.9323	-48.27	-0.656166	1	1	1	1	1	-109.059	-338.882	132.848	-152.28	-545.864	-752.108	-109.059	-227.017	-339.477	132.848	-9.09417	-152.958	-545.864	-648.064	-752.765	8.07297	8	0	78.5762	-48.2454	-23.9834	-651.236	-48.2454	-23.9834	-651.236	
11795	9681	318.53	873.267	315.984	-99999	35.556	-0.955991	1	1	1	1	1	-143.318	-218.586	130.849	-166.82	809.885	737.984	-131.587	-168.132	-207.452	133.284	-17.3437	-166.82	810.282	774.338	737.984	8.02628	12	0	136.455	35.5806	-18.6943	752.38	35.5806	-18.6943	752.38	
11772	7107	108.929	313.188	108.925	-99999	40.326	-0.809142	1	1	1	1	1	-222.781	-168.067	126.349	34.0777	-568.264	-582.667	-210.153	-179.64	-155.439	126.349	81.8374	34.0777	-568.264	-575.444	-582.667	6.97699	12	0	88.1891	40.351	22.208	-576.327	40.351	22.208	-576.327	
11797	48269	268.951	692.869	268.696	-99999	3.325	-0.81943	1	1	1	1	1	-354.197	-289.622	133.949	-74.8841	267.141	421.258	-354.271	-319.015	-289.626	134.157	24.1107	-74.8841	267.014	335.664	421.258	6.1077	14	0	84.909	3.35275	-10.2091	362.465	3.35275	-10.2091	362.465	
11797	6086	293.369	742.493	291.697	44.5969	43.329	-0.922595	1	1	1	1	1	-177.007	-282.909	132.326	-130.113	-727.083	-662.179	-176.711	-225.211	-283.328	133.236	-1.4244	-130.637	-727.303	-696.347	-662.121	4.93485	7	0	76.6462	43.3414	-33.5409	-672.673	43.3414	-33.5409	-672.673	
11780	12994	87.5984	201.951	86.4489	-99999	77.651	-0.953403	1	1	1	0	0	-104.663	-85.6492	133.457	50.5169	-616.847	-601.647	-80.5296	-70.5847	-61.2335	134.072	92.103	50.0311	-616.934	-609.35	-601.581	4.4447	6	0	56.306	77.666	23.3835	-590.75	77.666	23.3835	-590.75	
11786	20383	156.451	366.167	156.225	-99999	39.153	-0.954019	1	1	1	1	0	-178.727	-165.726	129.846	-22.1981	-641.715	-666.695	-166.482	-158.306	-153.465	129.978	54.7409	-22.1981	-641.676	-660.622	-666.695	6.06934	6	0	93.6805	39.1804	5.14059	-665.123	39.1804	5.14059	-665.123	
11795	11153	468.674	1121.48	466.535	-28.6817	-28.616	-0.639897	1	1	1	1	1	-145.099	-311.207	132.799	-148.728	12.803	343.418	-145.023	-232.019	-311.859	132.964	-6.86994	-149.488	12.6188	179.245	345.002	4.65319	13	0	81.9753	-28.5836	-33.3084	215.196	-28.5836	-33.3084	215.196	
11761	6091	204.343	404.3	201.747	-99999	-15.77	-0.941732	1	1	1	1	1	-73.6535	-86.5603	129.008	-59.7672	-0.179372	67.1546	-78.633	-84.9012	-91.6053	129.601	36.0726	-61.4975	-0.380654	39.102	67.5818	8.56469	7	0	80.6008	-15.7435	5.82525	35.5579	-15.7435	5.82525	35.5579	
11761	6541	344.479	764.028	343.825	-99999	115.663	-0.863198	1	1	1	1	1	-253.013	-228.455	127.816	-167.44	-247.831	-75.1924	-253.179	-233.192	-228.588	128.338	-19.0442	-167.44	-248.133	-161.507	-75.1924	7.59249	13	0	71.2698	115.693	-24.3709	-157.136	115.693	-24.3709	-157.136	
11776	4440	109.182	200.724	75.1118	-99999	-21.579	-0.655556	1	1	1	1	1	-342.679	-347.084	130.847	69.1482	-688.924	-654.991	-342.654	-345.903	-348.638	130.847	83.1337	39.0352	-688.924	-670.267	-654.135	6.41719	16	0	69.6464	-21.5685	-29.6167	-582.862	33.2415	39.7502	-654.579	
11780	9679	202.203	474.591	202.2	-99999	67.847	-0.954854	1	1	1	0	0	-134.495	-82.6738	133.382	-61.9542	-149.569	-144.715	-113.249	-86.766	-61.4279	133.382	35.8971	-61.9542	-149.569	-145.695	-144.715	5.2376	11	0	47.326	67.8734	-34.8296	-154.102	67.8734	-34.8296	-154.102	
11780	12199	275.456	2166.29	268.822	-99999	-1.904	-0.682441	1	1	1	1	1	-62.8655	-223.433	97.9955	-83.6383	-289.114	-173.046	-62.5268	-144.657	-226.927	98.3867	4.93573	-87.7908	-289.36	-230.283	-170.356	103.897	11	0	653.822	-1.86223	-49.1878	-169.809	-1.86223	-49.1878	-169.809	
11789	22977	74.5268	209.404	73.7821	-99999	78.073	-0.961391	1	0	0	0	0	-299.478	-274.068	132.582	64.1799	-872.379	-866.551	-299.768	-288.135	-274.157	133.297	97.9152	64.1799	-872.37	-872.833	-866.551	5.06259	13	0	78.2432	78.0883	40.0318	-809.582	78.0883	40.0318	-809.582	
11789	25497	293.392	653.469	292.045	-99999	82.432	-0.964856	1	1	1	1	1	-137.615	-87.0024	133.364	-151.81	-371.92	-334.788	-111.808	-84.7827	-60.976	133.387	-9.65857	-153.106	-371.923	-353.947	-334.639	4.25316	7	0	47.3084	82.4578	-25.0532	-360.259	82.4578	-25.0532	-360.259	
11795	6028	199.147	508.785	199.136	-20.9026	-21.38	-0.862509	1	1	1	1	1	-163.07	-272.615	132.777	-31.9263	419.964	424.37	-163.07	-218.791	-272.615	132.777	50.3833	-31.9263	419.964	423.138	424.37	4.99339	10	0	78.1307	-21.3497	-5.75372	420.799	-21.3497	-5.75372	420.799	
11797	38415	317.067	749.525	315.144	-99999	108.348	-0.936954	0	0	0	0	0	-343.159	-308.993	131.873	-171.015	416.539	494.516	-343.417	-327.363	-309.117	133.666	-19.7492	-171.015	415.886	451.685	494.516	7.23259	13	0	86.3342	-999999	-999999	-999999	-999999	-999999	-999999	
11797	13317	117.885	285.76	117.322	-99999	-46.774	-0.770735	1	1	1	0	0	-288.987	-310.916	132.376	38.7424	113.456	179.617	-288.832	-297.554	-310.863	132.807	87.7656	38.7424	113.112	150.082	179.617	6.3899	12	0	79.8997	-46.7624	32.5939	166.691	-46.7624	32.5939	166.691	
11795	5809	228.858	614.322	227.435	41.3796	40.247	-0.989873	1	1	1	1	1	-212.825	-180.336	131.123	-90.1628	-467.494	-434.543	-212.825	-199.997	-179.896	131.123	19.1527	-91.4904	-467.494	-448.678	-434.611	4.71594	7	0	92.2836	40.2681	-18.1643	-443.799	40.2681	-18.1643	-443.799	
11795	7069	141.273	10619.4	107.121	-99999	83.338	-0.475151	1	1	1	1	1	-132.606	-105.199	129.963	53.1587	411.282	449.214	-106.509	-88.7136	-66.8525	129.963	77.4924	33.1172	411.282	442.789	462.052	7.7328	15	0	1010.51	83.3631	5.28771	459.172	83.3631	5.28771	459.172	
11795	7429	218.006	529.785	217.264	-99999	75.746	-0.693067	1	1	1	1	1	-145.697	-233.316	132.962	-20.3247	-561.756	-688.147	-121.732	-167.023	-209.596	133.474	58.2639	-20.3247	-561.282	-625.841	-688.147	5.71267	16	0	89.3526	75.7899	-15.5494	-674.915	75.7899	-15.5494	-674.915	
11786	15752	236.507	561.018	230.308	90.9007	89.124	-0.863811	1	1	1	1	1	-168.876	-260.577	128.582	-67.9127	-673.849	-600.783	-166.37	-219.308	-260.641	133.595	32.8588	-68.2543	-675.413	-643.468	-600.658	4.27308	13	0	71.5223	89.1401	-14.5667	-623.79	89.1401	-14.5667	-623.79	
11786	17912	168.224	427.602	167.855	-40.3204	-41.147	-0.970393	1	1	1	1	0	-197.631	-244.852	133.109	-26.6811	872.547	854.597	-197.631	-221.313	-244.997	133.109	53.0556	-27.0167	872.547	862.487	854.61	4.96976	6	0	79.2672	-41.1178	-0.551958	803.164	-41.1178	-0.551958	803.164	
11789	2555	62.3093	175.997	60.67	-450.981	99.992	-0.930044	0	0	0	0	0	-187.409	-217.146	133.002	80.937	834.268	840.843	-187.409	-201.275	-218.061	133.002	105.227	79.607	834.268	835.732	841.097	4.91729	8	0	91.4797	55.0582	-31.7245	-22.2243	-25.5818	-51.447	61.4117	
11797	77663	154.204	367.578	151.533	-99999	103.069	-0.957104	0	0	0	0	0	-144.06	-186.281	127.778	-16.9266	817.001	819.387	-111.232	-128.744	-154.005	130.327	55.5968	-16.9266	816.461	821.828	819.387	4.41312	9	0	80.4742	-999999	-999999	-999999	-999999	-999999	-999999	
11797	79103	281.29	885.479	280.662	-99999	92.477	-0.961712	1	1	1	1	1	-177.6	-225.009	132.56	-135.062	-183.949	-252.526	-162.979	-186.985	-210.477	133.159	-1.07365	-135.062	-183.808	-218.189	-252.526	8.65254	6	0	73.9642	92.5095	-19.3692	-219.936	92.5095	-19.3692	-219.936	
11789	8176	333.906	591785	333.293	-99999	62.478	-0.969991	1	1	1	1	1	-248.693	-347.471	132.717	-171.251	466.403	553.535	-248.629	-298.346	-347.543	133.299	-20.8964	-171.251	466.387	506.211	553.535	6.7923	17	0	590479	62.5083	-61.1791	530.472	62.5083	-61.1791	530.472	
11795	29511	319.239	796.81	283.427	-99999	32.746	-0.99308	1	1	1	1	1	-319.805	-341.246	132.201	-149.754	-646.054	-632.472	-319.654	-331.69	-344.822	133.644	-25.3921	-181.702	-646.052	-640.522	-628.342	4.09837	8	0	91.8349	32.7738	-42.4359	-642.509	32.7738	-42.4359	-642.509	
11786	16124	324.885	830.582	324.491	69.3618	70.251	-0.712361	1	1	1	1	1	-97.5036	-242.003	131.909	-143.716	-588.885	-667.901	-97.5036	-173.534	-242.098	131.909	0.280426	-144.089	-588.885	-645.717	-667.903	4.66492	8	0	87.5296	70.2856	0.663208	-630.077	70.2856	0.663208	-630.077	
11786	26576	57.6087	5663.09	57.6087	-99999	-28.48	-0.902186	1	1	1	1	1	-330.748	-347.307	134.345	81.9719	-436.456	-419.112	-330.716	-339.103	-347.274	134.345	108.152	81.9719	-436.456	-427.915	-419.112	3012.88	11	0	5473.22	-28.4541	47.2333	-406.994	-28.4541	47.2333	-406.994	
11789	21792	74.8987	231.055	74.4391	-99999	28.707	-0.987082	1	1	1	1	1	-209.434	-215.447	130.83	65.9806	-417.845	-446.672	-204.904	-208.033	-210.936	131.236	95.5681	65.9806	-417.794	-428.58	-446.672	4.25612	6	0	86.5726	28.7406	-26.6572	-467.795	28.7406	-26.6572	-467.795	
11795	19998	247.783	567.449	240.839	101.47	104.336	-0.851443	0	0	0	0	0	-115.499	-254.708	133.01	-54.795	-197.636	-150.239	-115.157	-179.836	-258.916	133.635	31.2353	-59.2626	-197.808	-171.903	-150.978	4.46275	6	0	68.4903	36.805	-26.4904	7.88073	36.805	-26.4904	7.88073	
11780	14637	66.2821	248.219	65.5879	-99999	42.633	-0.538154	1	1	1	0	0	-271.386	-317.915	81.0055	46.054	-894.816	-864.588	-270.942	-294.593	-317.964	81.3774	63.8206	46.054	-895.131	-879.946	-864.588	5.61127	10	0	106.867	42.6176	13.811	-826.656	42.6176	13.811	-826.656	
11786	15027	89.1032	232.701	87.8546	-99999	27.552	-0.937319	1	1	1	0	0	-69.6847	-82.3276	-49.4324	-135.152	-284.888	-271.398	-60.9418	-67.079	-73.783	-49.1258	-92.5031	-136.047	-284.95	-277.74	-271.263	6.38863	7	0	79.5461	27.5654	-64.5521	-278.03	27.5654	-64.5521	-278.03	
11797	62489	74.3541	202.949	73.4992	-99999	101.501	-0.833845	0	0	0	0	0	-93.9149	-126.078	130.422	65.2798	-876.478	-872.602	-62.1305	-81.769	-94.4702	130.422	98.9408	64.4486	-876.478	-874.578	-872.626	4.54856	8	0	78.0058	35.663	-6.1173	149.586	35.663	-6.1173	149.586	
11782	7295	257.338	620.675	255.1	99.3065	99.347	-0.896887	1	1	1	1	1	-197.938	-276.371	132.261	-98.8796	-806.606	-739.116	-197.797	-245.514	-276.561	132.668	20.9862	-100.634	-806.737	-764.441	-739.284	4.37115	11	0	104.975	99.3729	-17.009	-736.092	99.3729	-17.009	-736.092	
11780	5782	58.6351	134.999	58.0143	-797.166	92.218	-0.914441	0	0	0	0	0	-216.269	-196.042	132.385	78.6929	-752.653	-746.922	-216.424	-206.376	-196.001	132.83	105.914	78.5676	-752.767	-747.061	-746.924	4.74785	7	0	62.1697	75.9778	-38.5876	-3.15795	75.9778	-38.5876	-3.15795	
11780	5872	487.649	1177.1	484.963	92.7167	93.742	-0.559317	1	1	1	1	1	-111.624	-227.73	133.081	-106.713	479.346	879.739	-111.582	-155.678	-228.058	133.287	-5.3455	-107.589	479.022	674.611	881.832	5.9309	18	0	99.8759	93.7819	-10.5863	651.827	93.7819	-10.5863	651.827	
11780	19524	112.986	273.769	112.094	-99999	112.906	-0.940532	0	0	0	0	0	-211.236	-176.686	129.817	27.1543	695.203	723.335	-175.982	-158.405	-141.166	130.195	78.0474	26.702	695.117	707.754	723.418	4.02668	6	0	64.4091	40.2638	-32.0556	848.611	-40.1362	-33.77	590.797	
11797	94861	346.717	1654.94	345.726	86.6115	85.942	-0.87055	1	1	1	1	1	-341.872	-185.365	133.318	-163.155	-34.8089	-118.665	-342.031	-263.426	-185.159	133.661	-14.8455	-163.683	-34.701	-77.3261	-118.709	34.0487	14	0	795.513	84.3759	-63.6609	-434.346	-45.2741	-25.2181	51.1036	
11780	15343	230.789	556.957	230.541	-99999	97.819	-0.944758	1	1	1	1	0	-358.457	-292.14	114.36	-101.634	-176.693	-135.532	-358.641	-328.948	-292.252	114.591	5.02203	-101.634	-176.729	-157.674	-135.532	6.52134	10	0	84.6383	97.8351	7.8857	-159.673	97.8351	7.8857	-159.673	
11780	17593	171.19	466.483	169.807	94.8446	95.462	-0.343196	1	1	1	1	0	-260.104	-160.964	133.235	68.5346	319.98	439.828	-260.104	-203.511	-160.633	133.235	103.631	67.9407	319.98	376.882	441.028	5.09055	11	0	88.0363	95.4814	23.375	394.073	95.4814	23.375	394.073	
11797	11633	337.405	944.409	336.99	-16.626	-17.793	-0.920855	1	1	1	1	1	-267.916	-172.093	132.822	-165.37	541.948	417.931	-267.983	-220.38	-172.093	133.202	-15.8812	-165.37	542.082	479.151	417.931	10.8461	11	0	83.5409	-20.11	-36.1479	378.665	-20.11	-36.1479	378.665	
11773	7355	278.446	519.255	278.105	-99999	103.896	-0.920998	1	1	1	1	1	-350.226	-325.623	130.674	-120.075	-260.206	-145.308	-350.342	-345.53	-325.742	130.955	5.5972	-120.075	-260.325	-200.612	-145.308	5.04164	12	0	75.9988	103.91	-10.1288	-188.205	103.91	-10.1288	-188.205	
11759	400	162.326	411.673	161.001	64.9233	-18.218	-0.730688	0	0	0	0	0	-183.257	-234.411	131.726	17.4971	-593.886	-694.072	-183.022	-208.219	-234.481	132.428	73.5555	17.283	-593.281	-642.947	-694.359	5.08185	8	0	76.9249	72.2371	-34.4829	144.297	72.2371	-34.4829	144.297	
11759	850	136.16	476.469	135.855	-99999	-26.042	-0.925549	1	1	1	1	0	-136.88	-181.329	132.049	5.03418	-402.271	-386.104	-144.939	-168.575	-189.484	132.322	69.4183	5.03418	-402.328	-391.764	-386.104	149.472	9	0	211.904	-26.0264	9.12202	-392.092	-26.0264	9.12202	-392.092	
11775	5048	152.739	483.481	150.528	-99999	35.062	-0.980706	1	1	1	1	0	-300.728	-304.924	131.272	-17.7713	-106.015	-87.5331	-300.518	-305.584	-304.968	133.31	57.6001	-17.8882	-106.339	-98.1395	-87.5156	8.23621	9	0	161.701	35.0843	4.80665	-92.9265	35.0843	4.80665	-92.9265	
11773	3730	285.503	696.165	284.194	69.0074	67.103	-0.902512	1	1	1	1	1	-277.173	-169.498	131.799	-113.754	-401.467	-491.382	-277.442	-231.913	-169.45	132.723	4.69298	-114.008	-401.113	-444.366	-491.483	4.00273	12	0	77.5949	67.141	-21.2541	-444.727	67.141	-21.2541	-444.727	
11773	3910	315.073	748.399	314.367	53.1216	54.608	-0.835507	1	1	1	1	1	-311.524	-140.011	133.209	-125.048	127.175	79.2955	-311.698	-221.413	-139.796	133.495	6.66735	-125.291	127.242	103.769	79.2623	4.47393	7	0	65.1413	54.6469	-25.9114	90.4675	54.6469	-25.9114	90.4675	
11797	23047	170.724	10302.2	168.337	-99999	55.431	-0.952719	1	1	1	1	1	-353.39	-313.49	127.373	-33.3626	-860.489	-832.604	-354.147	-332.515	-313.554	129.642	47.9209	-33.3626	-860.709	-848.919	-832.604	11.9659	7	0	144.684	55.4552	-28.8887	-799.511	55.4552	-28.8887	-799.511	
11759	3671	287.41	655.302	286.1	-99999	56.937	-0.948991	1	1	1	1	1	-190.775	-227.311	131.736	-143.99	333.786	397.181	-172.841	-193.618	-209.634	132.485	-4.36666	-144.479	333.554	372.002	397.231	4.00322	6	0	49.1129	56.9722	-23.7751	373.757	56.9722	-23.7751	373.757	
11797	81571	276.9	2392.84	275.671	71.5083	72.329	-0.65102	1	1	1	1	1	-62.0428	-252.386	20.518	-152.961	-667.347	-570.944	-61.2164	-153.395	-252.386	21.3113	-69.6234	-152.961	-667.761	-618.96	-570.944	4.13005	7	0	66.6118	72.3595	-9.55856	-643.49	72.3595	-9.55856	-643.49	
11797	85441	434.582	1041.6	433.842	-99999	22.831	-0.478661	1	1	1	1	1	-331.869	-298.235	133.281	-76.6895	502.179	878.426	-331.906	-308.513	-298.254	133.607	26.7424	-76.6986	501.578	688.397	878.441	6.04029	14	0	97.0003	22.876	3.15163	701.242	22.876	3.15163	701.242	
11797	98257	209.906	4264.75	209.665	35.9476	35.699	-0.752373	1	1	1	1	1	-276.848	-184.468	133.398	-28.3476	-51.5249	-145.087	-276.848	-225.485	-184.376	133.398	56.1466	-28.5295	-51.5249	-100.51	-145.16	6.37414	8	0	93.1627	35.7377	-0.373812	-111.968	35.7377	-0.373812	-111.968	
11797	9410	146.829	401.851	146.092	-99999	88.519	-0.931945	1	1	1	1	0	-310.231	-257.148	133.13	-0.55304	-118.325	-94.6813	-310.584	-283.498	-257.25	133.816	66.3564	-0.55304	-118.389	-108.622	-94.6813	5.43911	10	0	90.6772	88.5468	12.4114	-103.983	88.5468	12.4114	-103.983	
11786	28090	184.897	716.799	182.441	101.403	101.902	-0.919039	0	0	0	0	0	-191.88	-218.297	129.22	-27.2473	345.431	432.998	-191.726	-200.17	-218.317	131.397	48.5808	-27.3138	344.512	384.614	433.025	18.0994	10	0	265.666	11.8844	-26.0122	-118.573	11.8844	-26.0122	-118.573	
11795	26105	30.6579	192.125	30.5881	-99999	40.541	-0.941356	1	1	1	1	1	-208.19	-216.739	130.654	101.806	382.462	387.953	-201.808	-206.123	-210.375	130.693	116.267	101.779	382.455	385.326	387.957	8.49557	6	0	92.3197	40.569	-27.0375	407.917	40.569	-27.0375	407.917	
11773	2021	129.517	341.798	127.997	70.2665	71.017	-0.943382	1	1	1	0	0	-215.886	-189.58	131.213	7.33436	-717.556	-732.494	-216.172	-200.964	-189.541	132.406	70.4946	7.07906	-717.279	-727.862	-732.497	4.92315	6	0	87.3357	71.0422	8.42324	-718.463	71.0422	8.42324	-718.463	
11795	15995	104.912	247.383	103.392	-99999	78.865	-0.829812	1	1	1	1	1	-257.64	-198.399	132.651	48.1685	577.641	573.051	-270.141	-239.592	-210.144	132.814	90.3427	47.032	577.654	573.895	573.237	4.38928	11	0	48.4683	78.8967	-53.7476	578.823	78.8967	-53.7476	578.823	
11773	598	291.515	691.116	290.711	31.3761	31.831	-0.942695	1	1	1	1	1	-148.795	-223.274	132.049	-142.637	-34.4959	18.2626	-148.738	-186.962	-223.392	132.245	-5.07192	-143.201	-34.5359	-4.427	18.1909	8.47674	6	0	93.7624	31.8698	-18.9451	-7.98548	31.8698	-18.9451	-7.98548	
11789	697	213.373	579.792	211.362	77.1784	76.909	-0.898016	1	1	1	1	1	-234.006	-187.477	131.885	-61.5302	449.674	390.811	-234.316	-202.938	-187.557	133.043	38.7325	-62.1882	450.142	411.528	390.655	6.60456	10	0	157.082	76.9416	-14.0572	401.692	76.9416	-14.0572	401.692	
11795	20152	57.1079	161.737	55.846	-99999	-17.322	-0.952631	1	1	0	0	0	-308.248	-303.388	132.141	78.4272	3.40832	12.7623	-308.244	-307.654	-303.318	132.627	105.726	78.2405	3.21805	9.34501	12.8019	5.39824	9	0	74.0399	-17.3125	57.8701	11.2553	-17.3125	57.8701	11.2553	
11772	5738	296.509	1215.89	290.043	-99999	-4.091	-0.877642	1	1	1	1	1	-154.635	-112.473	127.336	-127.308	361.644	480.78	-156.549	-125.753	-113.928	130.349	3.51189	-129.826	360.13	430.205	480.569	7.49126	8	0	119.977	-4.06407	-32.579	436.712	-4.06407	-32.579	436.712	
11774	4726	203.683	408.983	203.175	-99999	-14.434	-0.579026	1	1	1	1	0	-334.627	-320.165	133.614	2.45236	-533.665	-381.187	-334.634	-326.35	-320.149	133.894	73.6374	2.45236	-534.052	-452.517	-381.187	5.6842	15	0	70.7788	-14.4073	24.9051	-423.124	-14.4073	24.9051	-423.124	
11797	87568	237.643	626.807	235.613	-99999	-4.13	-0.943334	0	0	0	0	0	-223.154	-300.72	131.847	-89.131	796.761	816.701	-223.047	-264.429	-301.219	132.175	21.1526	-90.7328	796.714	804.657	816.672	5.30771	7	0	88.896	0.994656	3.48526	531.262	28.4247	-17.7425	784.608	
11795	24888	300.1	654.916	293.272	-99999	101.036	-0.983445	0	0	0	0	0	-323.536	-254.663	132.756	-149.493	-700.201	-674.468	-323.652	-292.369	-254.73	132.756	-13.4357	-155.456	-700.201	-688.372	-671.17	6.03609	12	0	47.131	4.40128	-26.6395	312.829	4.40128	-26.6395	312.829	
11797	3003	259.533	634.189	259.531	-99999	-12.576	-0.651467	1	1	1	1	1	-350.974	-236.315	133.855	-37.4844	39.1046	195.468	-350.96	-290.564	-236.3	133.855	51.5136	-37.4844	39.1046	119.011	195.468	6.26026	13	0	78.6033	-12.5459	9.64973	130.678	-12.5459	9.64973	130.678	
11797	95527	392.917	3591.07	392.127	-99999	37.385	-0.76888	1	1	1	1	1	-160.838	-73.1785	132.455	-162.61	479.367	236.579	-149.201	-105.024	-61.4422	132.693	-15.0364	-163.016	479.552	357.838	236.33	546.016	16	0	2190.55	37.4138	-34.4665	335.2	37.4138	-34.4665	335.2	
11772	8773	255.116	565.408	251.984	-99999	25.19	-0.906494	1	1	1	1	1	-262.396	-307.372	133.669	-98.0469	231.356	316.391	-262.425	-291.096	-307.086	133.669	16.4722	-100.308	231.356	272.56	318.517	14.4773	9	0	64.4091	25.2163	-30.9299	295.186	25.2163	-30.9299	295.186	
11795	25039	216.377	559.513	215.594	-99999	111.824	-0.653816	0	0	0	0	0	-244.528	-97.6209	128.008	-21.0734	-163.945	-215.53	-210.068	-135.865	-62.6039	128.518	54.3308	-21.0734	-163.74	-190.05	-215.53	5.22524	9	0	65.3274	43.0818	-82.1759	214.776	43.0818	-82.1759	214.776	
11786	29031	292.109	746.809	291.232	-99999	102.766	-0.880574	0	0	0	0	0	-235.811	-93.5269	132.501	-120.501	845.426	868.178	-203.913	-133.691	-61.1971	133.032	5.37806	-120.725	845.421	855.309	868.221	4.14563	9	0	65.5739	92.4177	4.32079	-169.652	92.4177	4.32079	-169.652	
11780	2870	26.1683	82.0761	23.8605	-99999	88.069	-0.907285	0	0	0	0	0	-102.474	-92.6218	134.616	113.08	-716.271	-713.571	-74.896	-69.7475	-64.0936	134.616	122.736	110.987	-716.271	-714.445	-713.375	4.82187	7	0	73.1171	88.0916	50.7036	-715.356	88.0916	50.7036	-715.356	
11789	5412	153.293	387.682	140.458	-99999	45.182	-0.635654	1	1	1	1	1	-207.832	-100.568	131.991	44.3188	-380.124	-403.223	-193.887	-135.517	-77.0068	132.161	84.1682	36.1332	-380.084	-392.874	-404.7	4.97389	7	0	68.6505	45.2067	21.3016	-406.228	45.2067	21.3016	-406.228	
11797	24398	205.182	505.478	203.84	-99999	-44.597	-0.683575	1	1	1	1	1	-131.581	-195.665	132.605	6.38791	-342.346	-195.915	-145.384	-176.02	-209.805	133.109	67.2109	6.01493	-342.857	-270.547	-195.473	4.04675	7	0	53.7656	-48.1082	-7.14177	-351.801	57.0218	-0.677116	-194.638	
11789	17559	206.34	605.712	205.992	-99999	52.289	-0.680425	1	1	1	1	1	-69.6479	-219.365	68.081	-73.3574	187.225	188.575	-61.1789	-136.489	-211.148	68.3146	-2.1904	-73.3574	187.221	187.541	188.575	5.17055	6	0	67.7701	59.3566	57.8039	-340.909	59.3566	57.8039	-340.909	
11781	3858	141.461	416.763	141.447	-99999	39.552	-0.734297	1	1	1	0	0	-291.694	-271.163	133.491	12.1608	-235.003	-172.268	-291.739	-293.017	-271.208	133.491	73.2609	12.1608	-235.003	-199.335	-172.268	6.20199	15	0	83.6636	39.5747	20.2012	-190.792	39.5747	20.2012	-190.792	
11797	87275	22.5142	80.9595	22.5128	-99999	92.981	-0.932362	1	1	1	1	1	-108.525	-102.22	133.699	112.529	-326.122	-330.442	-79.4081	-76.1756	-73.1032	133.699	123.133	112.529	-326.122	-328.265	-330.442	5.74855	13	0	68.5225	93.0161	-14.9295	-733.25	93.0161	-14.9295	-733.25	
11797	27403	266.418	927.568	264.361	96.0245	96.699	-0.813151	1	1	1	1	1	-331.107	-201.957	133.509	-70.3347	-728.95	-828.122	-331.783	-255.039	-201.686	134.585	34.0865	-70.883	-728.602	-769.942	-828.506	8.95772	8	0	85.3824	96.7202	6.64735	-753.289	96.7202	6.64735	-753.289	
11797	29833	165.022	429.096	162.856	67.9552	69.809	-0.666006	1	1	1	1	1	-165.679	-234.704	132.197	28.6534	-351.562	-247.751	-165.446	-195.6	-235.483	132.69	76.5509	27.9054	-352.059	-299.838	-246.834	7.9017	11	0	81.2143	69.8367	10.4878	-280.511	69.8367	10.4878	-280.511	
11795	16071	21.3116	64.1536	21.299	0.782511	-0.987	-0.842918	1	1	1	1	1	-348.94	-339.255	133.037	115.531	-536.688	-543.029	-349.094	-344.772	-339.409	133.037	124.309	115.531	-536.688	-540.667	-543.029	8.01955	8	0	60.545	-0.963709	-2.42403	-591.379	-0.963709	-2.42403	-591.379	
11789	19021	290.096	667.265	288.584	-99999	96.149	-0.970385	1	1	1	1	1	-349.967	-265.002	132.852	-140.024	278.302	304.977	-350.427	-314.703	-265.112	134.317	-6.17874	-140.024	278.34	281.729	304.977	6.49702	10	0	79.0317	96.1728	-18.3866	289.398	96.1728	-18.3866	289.398	
11786	28230	185.128	1058.14	184.461	23.553	25.922	-0.860934	1	1	1	1	1	-165.903	-225.197	132.402	-15.8862	433.377	523.308	-165.722	-197.941	-225.2	132.899	59.7719	-15.967	433.161	478.96	523.348	10.9816	15	0	148.299	25.9629	0.327076	489.438	25.9629	0.327076	489.438	
11797	38029	336.4	866.449	335.745	68.5829	70.299	-0.891255	1	1	1	1	1	-121.244	-254.096	132.971	-164.102	-519.47	-443.097	-121.17	-196.768	-254.313	133.138	-13.4461	-164.499	-519.508	-486.767	-443.023	22.0479	10	0	101.352	70.3295	-22.1014	-484.553	70.3295	-22.1014	-484.553	
11772	1949	62.9233	115.785	19.4672	-99999	49.418	-0.123675	1	1	1	1	1	-160.475	-154.192	128.777	118.537	409.558	424.385	-147.259	-138.377	-133.639	130.005	117.538	111.91	400.195	425.011	454.445	5.74728	9	0	115.785	49.4438	3.47159	-729.787	110.494	-22.9795	-160.563	
11797	63615	340.131	834.946	339.318	33.2572	36.353	-0.797988	1	1	1	1	1	-131.247	-327.885	131.309	-133.18	6.06178	81.0133	-130.8	-232.256	-327.885	131.956	-0.427629	-133.18	5.88416	38.5685	81.0133	4.40883	12	0	92.2625	36.3868	-28.6197	40.7992	36.3868	-28.6197	40.7992	
11797	64335	266.784	639.295	266.275	83.2676	82.203	-0.640704	1	1	1	1	1	-288.927	-163.336	132.66	-29.9136	-492.639	-661.202	-289.022	-230.486	-163.201	132.809	50.5537	-30.045	-492.491	-579.602	-661.401	5.61307	12	0	77.9519	82.2353	1.18826	-596.215	82.2353	1.18826	-596.215	
11797	36040	274.301	652.082	274.294	-20.6077	-21.377	-0.80837	1	1	1	1	1	-311.411	-161.383	132.941	-91.7021	-438.199	-403.683	-311.411	-232.991	-161.383	132.941	22.0769	-91.7021	-438.199	-420.024	-403.683	6.6456	9	0	89.8316	-21.3425	-10.901	-410.475	-21.3425	-10.901	-410.475	
11797	4449	186.894	526.525	185.43	-23.5467	-23.012	-0.919868	1	1	1	1	1	-207.281	-249.589	130.711	-39.2779	-489.774	-431.584	-207.101	-229.664	-249.697	131.465	45.068	-39.8421	-490.037	-462.633	-431.3	6.53434	13	0	102.969	-22.9829	-10.4491	-443.548	-22.9829	-10.4491	-443.548	
11797	45187	184.801	432.55	182.675	-99999	78.836	-0.439981	1	1	1	1	0	-201.042	-86.1946	132.09	40.7688	-585.433	-476.649	-177.321	-119.256	-61.0389	132.697	86.5642	40.4473	-586.257	-531.164	-476.213	10.9149	9	0	67.3591	78.8585	29.1493	-480.085	78.8585	29.1493	-480.085	
11797	23554	196.417	490.302	193.888	-99999	87.602	-0.809645	1	1	1	1	1	-220.802	-134.399	131.313	-39.2214	-642.618	-635.441	-193.77	-139.85	-106.795	131.859	50.0948	-41.0598	-642.653	-642.522	-635.405	30.9248	11	0	91.7312	87.623	2.74582	-639.681	87.623	2.74582	-639.681	
11786	23607	193.097	456.539	193.015	-99999	8.051	-0.945444	1	1	1	1	1	-277.013	-291.094	131.224	-54.6819	595.214	642.028	-277.011	-283.733	-291.103	131.287	38.2246	-54.6819	595.194	619.612	642.028	8.28854	8	0	91.2257	8.0791	-8.23031	701.199	8.0791	-8.23031	701.199	
11795	25204	191.615	524.154	191.611	-99999	42.933	-0.42559	1	1	1	1	0	-273.954	-334.66	133.57	36.3507	369.47	522.113	-274.004	-306.542	-334.709	133.57	86.6956	36.3507	369.47	446.319	522.113	15.2594	16	0	95.7448	42.9792	-19.1916	102.911	42.9792	-19.1916	102.911	
11782	8856	220.226	663.995	218.784	77.3304	77.2	-0.905421	1	1	1	1	1	-171.566	-233.966	131.779	-71.9083	-427.223	-386.69	-171.015	-214.266	-233.966	133.076	33.5925	-71.9083	-427.47	-409.506	-386.69	19.5109	11	0	155.384	77.2364	-15.9806	-399.146	77.2364	-15.9806	-399.146	
11797	44221	273.503	605.429	270.646	-99999	71.149	-0.939858	1	1	1	1	1	-150.408	-120.522	131.69	-128.35	-12.53	50.2779	-128.442	-109.284	-98.0195	133.277	4.49646	-129.439	-13.0168	28.12	50.4239	4.86637	6	0	83.9194	71.1744	-26.8807	25.5601	71.1744	-26.8807	25.5601	
11782	2173	145.806	390.004	143.896	-99999	59.644	-0.716658	1	1	1	0	0	-267.985	-229.838	132.624	28.5657	-862.548	-772.833	-268.25	-248.238	-229.577	133.305	82.6416	27.6861	-863.18	-814.767	-772.891	6.85061	6	0	95.2965	59.6609	20.0902	-765.099	59.6609	20.0902	-765.099	
11780	16609	36.2603	147.551	36.0348	-99999	57.822	-0.551085	1	1	0	0	0	-319.608	-345.036	133.377	113.804	-375.002	-358.623	-319.529	-332.326	-345.115	133.491	123.515	113.794	-375.095	-367.008	-358.614	9.08794	10	0	78.9517	57.8671	58.4502	-376.211	57.8671	58.4502	-376.211	
11774	7601	247.514	620.186	246.38	112.542	113.233	-0.899536	1	1	1	1	1	-148.767	-237.16	132.274	-82.3679	624.668	704.643	-148.542	-187.391	-237.323	132.969	23.4957	-82.6756	624.417	666.684	704.709	6.33269	9	0	79.4401	113.262	-12.2953	666.625	113.262	-12.2953	666.625	
11782	11120	365.17	1691.64	364.316	6.3082	5	-0.842286	1	1	1	1	1	-272.044	-168.288	131.992	-170.908	-142.317	-314.192	-272.155	-227.859	-168.243	132.582	-23.5197	-171.023	-141.949	-225.301	-314.256	6.35973	10	0	80.4169	5.03325	-22.038	-225.518	5.03325	-22.038	-225.518	
11782	11300	106.93	285.324	106.893	-99999	92.01	-0.798793	1	1	1	0	0	-290.521	-245.196	134.447	51.6395	-754.978	-706.376	-290.643	-264.262	-245.301	134.474	93.0017	51.6395	-754.99	-734.218	-706.376	4.7	14	0	82.5844	92.042	27.8826	-717.51	92.042	27.8826	-717.51	
11782	14667	328.255	784.629	327.03	-99999	12.658	-0.942585	1	1	1	1	1	-174.185	-132.296	133.265	-171.569	-408.614	-512.293	-170.221	-157.469	-128.362	133.265	-21.0172	-172.755	-408.614	-462.285	-512.456	5.32941	12	0	94.7605	12.6893	-31.9362	-468.14	12.6893	-31.9362	-468.14	
11772	2048	112.623	297.671	112.01	-99999	58.578	-0.29515	1	1	0	0	0	-170.546	-156.936	133.538	101.955	-812.516	-707.856	-152.202	-140.54	-138.795	133.538	117.281	101.82	-812.516	-759.946	-707.55	7.28842	13	0	85.4434	58.6007	39.5671	-738.274	58.6007	39.5671	-738.274	
11795	31194	128.668	322.328	127.224	-99999	12.279	-0.954416	1	1	1	0	0	-288.964	-242.352	132.385	21.1866	-807.493	-775.479	-289.38	-273.401	-242.366	133.759	72.8839	21.1866	-807.644	-795.159	-775.479	4.48138	8	0	70.2238	12.3123	24.7149	-763.197	12.3123	24.7149	-763.197	
11797	9426	192.864	495.145	192.704	-99999	15.61	-0.763816	1	1	1	1	1	-290.918	-218.607	129.783	-14.128	-881.331	-777.815	-290.936	-251.145	-218.585	129.783	56.7892	-14.2714	-881.331	-832.58	-777.764	5.70186	12	0	84.1368	15.6472	8.7518	-776.716	15.6472	8.7518	-776.716	
11797	62707	191.153	507.429	188.37	95.8643	95.675	-0.536792	1	1	1	1	1	-231.986	-130.097	130.757	11.2775	573.34	472.207	-233.485	-176.443	-130.097	132.253	79.9853	11.2775	575.138	519.186	472.207	4.72609	13	0	81.2507	95.7067	8.64425	501.559	95.7067	8.64425	501.559	
11795	17339	25.1284	61.0632	24.9372	-99999	34.492	-0.708584	1	1	1	1	0	-218.175	-204.527	131.577	114.703	762.723	774.99	-223.69	-217.019	-209.947	131.714	123.023	114.703	762.63	768.776	774.99	5.85328	12	0	49.8306	34.522	10.493	793.957	34.522	10.493	793.957	
11797	77633	283.431	680.672	281.492	-99999	-19.411	-0.974741	1	1	1	1	1	-323.724	-277.116	132.533	-139.599	-651.934	-603.96	-324.077	-296.618	-277.104	134.326	-3.38484	-139.688	-652.09	-633.906	-603.948	7.62426	11	0	92.9144	-19.3945	-16.9485	-623.986	-19.3945	-16.9485	-623.986	
11797	77813	278.894	655.93	278.82	-99999	103.982	-0.925578	0	0	0	0	0	-275.789	-234.679	133.201	-119.154	50.7178	160.76	-275.912	-255.38	-234.798	133.262	6.17998	-119.154	50.6928	104.114	160.76	4.0715	12	0	49.5476	-19.2532	72.4791	368.201	-19.2532	72.4791	368.201	
11775	5	217.328	521.983	215.709	29.6771	31.222	-0.709397	1	1	1	1	1	-330.928	-183.738	133.248	-19.4156	686.941	652.733	-331.716	-254.895	-183.42	134.055	58.6439	-19.6744	687.039	673.288	652.496	4.56042	13	0	79.7314	31.2364	6.03795	665.342	31.2364	6.03795	665.342	
11780	22852	356.799	956.026	355.636	-99999	0.125	-0.599396	1	1	1	1	1	-62.8759	-345.817	91.6684	-105.607	101.591	187.407	-61.9852	-202.737	-345.817	92.3636	-9.22603	-105.607	101.334	142.303	187.407	6.56394	8	0	63.5517	0.166543	-30.5517	148.207	0.166543	-30.5517	148.207	
11775	4922	62.4183	167.239	60.9409	-322.525	40.41	-0.867188	0	0	0	0	0	-202.986	-219.917	132.619	75.396	-836.48	-826.475	-202.771	-213.25	-220.285	133.019	104.362	74.4571	-836.553	-831.388	-826.401	5.93015	9	0	70.2052	96.6676	-9.68724	-559.43	96.6676	-9.68724	-559.43	
11789	23004	308.798	795.171	308.018	8.98747	8.127	-0.992064	1	1	1	1	1	-245.753	-192.394	132.811	-169.34	-335.938	-348.079	-245.821	-223.766	-192.371	133.447	-19.1685	-169.464	-335.908	-339.182	-348.088	8.14759	11	0	100.838	8.16475	-27.1441	-340.421	8.16475	-27.1441	-340.421	
11797	51463	208.804	736.291	208.459	-99999	-41.378	-0.952915	1	1	1	1	1	-136.288	-205.059	132.628	-63.1583	-362.943	-343.708	-142.765	-176.283	-211.636	132.714	34.2322	-63.3946	-362.951	-354.212	-343.658	4.16028	6	0	50.9085	-41.3385	-22.6998	-348.903	-41.3385	-22.6998	-348.903	
11797	52183	186.1	456.166	184.28	-99999	59.315	-0.699726	1	1	1	1	1	-283.816	-323.471	133.3	-11.1791	-467.278	-360.278	-283.884	-303.974	-324.263	133.3	60.4323	-12.1865	-467.278	-413.317	-359.034	4.25575	17	0	49.5182	59.3343	-35.3114	-343.026	59.3343	-35.3114	-343.026	
11782	11525	294.468	1093.15	292.036	-451.542	-26.83	-0.875286	0	0	0	0	0	-223.834	-162.202	129.819	-103.687	386.72	226.159	-224.191	-195.145	-162.202	131.942	9.01667	-103.687	387.836	312.6	226.159	4.85657	13	0	63.1357	-999999	-999999	-999999	-999999	-999999	-999999	
11797	60648	268.965	1085.9	268.938	-47.5309	-48.174	-0.616019	1	1	1	1	1	-94.7148	-298.456	132.794	-36.8506	775.872	789.456	-94.7148	-194.335	-298.456	132.794	42.7483	-36.8506	775.872	772.299	789.456	5.10034	11	0	77.0063	-48.1331	4.07414	761.656	-48.1331	4.07414	761.656	
11797	61188	140.882	359.896	139.226	-99999	97.026	-0.791653	1	1	1	0	0	-332.051	-256.787	133.471	26.1997	222.099	266.066	-332.892	-295.943	-256.727	134.562	78.0707	26.064	221.689	241.699	266.234	5.63528	13	0	83.878	97.0523	30.5052	244.885	97.0523	30.5052	244.885	
11795	1942	342.894	822.387	342.885	-99999	44.596	-0.891289	1	1	1	1	1	-238.625	-339.499	132.615	-170.103	281.466	397.331	-238.676	-296.318	-339.55	132.615	-20.8579	-170.103	281.466	331.36	397.331	5.71119	11	0	65.0489	44.6298	-47.3738	344.299	44.6298	-47.3738	344.299	
11795	12711	38.8704	118.167	38.3622	-99999	109.461	-0.606065	0	0	0	0	0	-323.843	-343.381	133.458	108.91	723.275	745.317	-323.952	-333.995	-343.728	133.476	121.123	108.59	723.26	734.394	745.591	13.841	18	0	72.4613	-999999	-999999	-999999	-999999	-999999	-999999	
11795	22778	153.876	420.823	153.714	-99999	-24.491	-0.591799	1	1	1	1	0	-259.673	-278.487	132.933	36.1668	-178.409	-60.8861	-259.611	-271.728	-278.459	133.025	86.7202	36.1668	-178.53	-118.335	-60.8861	5.68336	13	0	79.22	-24.4513	21.215	-91.856	-24.4513	21.215	-91.856	
11797	2466	198.794	504.762	197.57	-99999	-29.447	-0.967732	1	1	1	1	0	-317.483	-268.635	132.894	-58.2154	-357.73	-350.729	-317.644	-293.253	-268.514	133.681	37.4304	-58.6136	-357.739	-354.595	-350.712	14.3379	8	0	108.45	-29.429	-1.43598	-352.401	-29.429	-1.43598	-352.401	
11797	2736	113.104	263.987	112.838	-596.193	87.068	-0.585092	1	1	1	1	1	-207.377	-217.528	130.387	65.2301	381.479	472.345	-207.306	-214.875	-217.528	130.539	97.0892	65.2301	381.28	426.06	472.345	9.41174	16	0	68.7927	87.0835	8.68237	40.9941	87.0835	8.68237	40.9941	
11772	4560	372.574	969.507	359.597	67.6872	66.278	-0.720211	1	1	1	1	1	-288.578	-89.8814	133.619	-108.835	-119.59	55.219	-288.869	-186.041	-83.1214	134.084	8.04491	-117.533	-119.913	-29.2151	60.3372	4.07735	9	0	33.3021	66.3118	-55.0391	21.5917	66.3118	-55.0391	21.5917	
11782	9753	144.991	389.452	144.988	-99999	19.706	-0.683698	1	1	1	0	0	-279.779	-328.391	133.708	38.0333	-819.749	-723.646	-279.802	-301.45	-328.413	133.708	82.4766	38.0333	-819.749	-773.329	-723.646	5.17305	12	0	74.7601	19.7382	-1.38231	234.654	19.7382	-1.38231	234.654	
11782	12453	370.387	1266.94	365.755	-14.785	-15.486	-0.647471	1	1	1	1	1	-354.616	-190.224	133.883	-134.998	353.464	170.788	-356.842	-275.622	-190.104	136.712	3.5492	-135.166	355.921	256.327	170.625	5.28552	12	0	81.7749	-15.4568	-5.90845	262.403	-15.4568	-5.90845	262.403	
11786	9699	82.2442	184.645	77.3025	-99999	75.294	-0.664844	1	1	0	0	0	-90.8134	-84.7278	129.493	80.6771	722.383	781.206	-67.338	-64.1818	-60.9201	130.27	102.769	78.8633	721.492	751.807	783.803	6.39867	9	0	53.4549	75.3268	52.3616	794.754	75.3268	52.3616	794.754	
11786	10509	128.073	353.305	127.121	-99999	89.755	-0.911073	1	1	1	1	0	-302.479	-328.515	133.098	15.2003	-263.097	-225.037	-302.52	-318.841	-328.768	133.299	75.0073	14.5064	-263.163	-242.529	-224.872	8.12001	7	0	100.262	89.7845	26.1678	-228.979	89.7845	26.1678	-228.979	
11774	3880	217.084	508.548	215.526	-99999	52.297	-0.997345	1	1	1	1	0	-106.405	-119.561	127.897	-78.2219	797.69	777.42	-90.0068	-92.7173	-103.332	128.288	21.3303	-78.962	797.71	805.675	776.789	7.39962	7	0	84.4795	52.3201	5.0658	787.1	52.3201	5.0658	787.1	
11797	65071	321.265	808.947	319.707	63.1442	61.261	-0.640217	1	1	1	1	1	-260.438	-105.804	132.991	-66.5986	-84.9759	103.393	-261.108	-167.733	-105.766	133.86	32.9294	-66.68	-85.7619	-2.95725	103.562	4.75146	10	0	77.446	61.2849	-24.3901	26.1839	61.2849	-24.3901	26.1839	
11797	27387	69.0712	207.781	59.8282	-99999	-21.095	-0.988446	0	0	0	0	0	-345.048	-343.57	131.846	74.094	805.597	798.477	-345.114	-343.606	-343.582	133.239	101.203	71.8224	805.616	804.153	798.796	10.0542	17	0	68.6247	-11.9809	-16.1602	81.3966	-11.9809	-16.1602	81.3966	
11797	69834	272.667	678.692	272.15	371.596	-19.704	-0.906455	1	1	1	1	1	-274.266	-178.6	132.524	-109.16	414.925	338.36	-274.446	-219.584	-178.6	132.981	12.5855	-109.16	415.032	382.493	338.36	5.53485	11	0	84.3764	-19.6772	-42.3102	588.689	-9.2172	-27.2961	403.549	
11797	70374	272.055	642.62	271.991	111.433	110.995	-0.843993	0	0	0	0	0	-308.115	-195.208	133.315	-106.895	686.22	638.015	-308.115	-244.858	-195.2	133.315	17.2471	-106.952	686.22	654.965	638.02	7.1514	6	0	85.0297	93.7487	-79.5803	-93.138	-18.5513	-28.5175	255.029	
11797	95926	274.172	634.676	273.501	-38.7098	-39.421	-0.812605	1	1	1	1	1	-344.552	-167.42	133.305	-74.001	-549.343	-554.664	-344.937	-261.122	-167.42	133.847	25.4949	-74.001	-549.346	-549.364	-554.664	5.3608	8	0	79.723	-39.3977	0.452664	-552.467	-39.3977	0.452664	-552.467	
11797	96646	303.747	682.456	302.953	-99999	18.977	-0.977658	1	1	1	1	0	-349.999	-319.219	133.473	-162.082	-222.269	-264.705	-350.013	-341.907	-319.072	133.748	-13.9452	-162.482	-222.215	-254.505	-264.635	4.9334	11	0	69.0447	14.7906	-3.99015	139.589	14.7906	-3.99015	139.589	
11797	97456	249.322	745.811	244.595	35.7234	36.423	-0.713523	1	1	1	1	1	-223.589	-150.719	120.749	-47.0455	886.352	725.976	-223.659	-181.824	-149.096	120.906	30.4896	-49.8716	886.494	811.713	722.872	6.58451	14	0	180.476	36.4595	-17.9931	749.87	36.4595	-17.9931	749.87	
11789	18321	375.307	947.509	374.841	-99999	15.119	-0.779814	1	1	1	1	1	-252.676	-302.895	132.566	-171.2	670.394	884.074	-252.684	-278.385	-302.963	132.602	-18.584	-171.542	670.366	778.452	884.303	6.89565	16	0	58.0885	15.1077	-22.5679	132.655	15.1077	-22.5679	132.655	
11797	37395	257.46	626.87	256.142	-27.4529	-27.7	-0.841486	1	1	1	1	1	-342.852	-196.904	133.446	-71.0422	92.9509	50.0882	-343.291	-270.004	-196.748	134.158	30.0824	-71.4791	93.0407	75.1622	50.0301	8.81668	9	0	115.433	-27.6674	-1.71658	68.818	-27.6674	-1.71658	68.818	
11797	49927	290.886	582.687	289.767	-762.086	30.402	-0.829778	0	0	0	0	0	-291.061	-133.489	133.103	-105.398	340.694	381.045	-291.444	-210.102	-133.335	133.77	16.3309	-105.657	340.471	366.191	381.104	10.3691	6	0	71.6467	-999999	-999999	-999999	-999999	-999999	-999999	
11780	10658	66.105	187.228	65.3427	-99999	43.98	-0.764066	1	1	1	1	1	-227.077	-203.152	131.994	84.1478	692.091	729.594	-234.228	-222.393	-210.062	132.577	108.117	84.1454	691.669	710.476	729.596	5.56347	12	0	63.2882	44.015	-26.4363	766.309	44.015	-26.4363	766.309	
11797	89800	221.281	746.749	220.304	-99999	28.249	-0.761361	1	1	1	1	1	-273.319	-331.875	132.624	-35.0643	-373.637	-243.439	-273.34	-302.653	-332.169	132.652	48.0556	-35.7384	-373.659	-308.678	-242.842	10.9923	15	0	102.189	28.2817	-61.2099	-225.229	28.2817	-61.2099	-225.229	
11797	69903	62.9252	784.903	62.1779	-99999	-10.711	-0.893145	1	1	1	1	1	-223.349	-233.569	132.229	77.8346	321.955	295.469	-223.337	-228.771	-233.386	132.229	104.214	77.5671	321.955	308.714	294.815	253.697	7	0	665.123	-10.6853	-31.2178	234.83	-10.6853	-31.2178	234.83	
11795	31554	237.457	607.119	237.455	-99999	67.619	-0.912369	1	1	1	1	1	-169.04	-82.339	132.89	-88.0563	-403.821	-406.949	-147.865	-102.311	-61.1645	132.89	23.2938	-88.0563	-403.821	-406.583	-406.949	4.66977	8	0	60.84	67.6449	-48.4224	-411.763	67.6449	-48.4224	-411.763	
11780	2884	351.798	947.537	351.788	-99999	41.818	-0.52373	1	1	1	1	1	-147.565	-74.3116	134.15	-63.1669	-865.748	-583.933	-134.47	-97.7738	-61.216	134.15	35.4117	-63.1683	-865.748	-724.924	-583.931	8.06447	7	0	48.396	41.8288	0.452283	-722.936	41.8288	0.452283	-722.936	
11773	3110	84.4954	230.311	84.387	-99999	-35.606	-0.867255	1	1	1	0	0	-358.659	-322.917	13.2136	-60.0461	781.391	802.847	-358.618	-340.145	-322.831	13.2136	-23.4152	-60.1405	781.391	791.269	802.869	4.53312	11	0	84.1579	-35.584	-16.5612	783.559	-35.584	-16.5612	783.559	
11780	22537	348.937	1138.21	345.22	-48.8421	-47.885	-0.788633	1	1	1	1	1	-358.537	-180.207	106.489	-153.211	818.587	683.45	-359.301	-268.077	-179.762	107.653	-30.1647	-155.216	819.085	763.689	682.592	5.57527	18	0	86.827	-47.8652	9.92635	766.837	-47.8652	9.92635	766.837	
11795	20472	384.227	15077.7	384.223	-99999	88.378	-0.751186	1	1	1	1	1	-217.531	-297.389	132.815	-163.226	148.641	379.858	-217.632	-257.514	-297.49	132.815	-14.3427	-163.226	148.641	265.5	379.858	1853.05	14	0	13623.6	88.4141	-57.5656	337.121	88.4141	-57.5656	337.121	
11797	20280	207.327	548.974	206.652	-99999	-27.24	-0.620343	1	1	1	1	1	-225.281	-288.714	131.606	-16.4427	563.353	690.694	-225.103	-258.125	-288.773	131.898	62.9954	-16.6055	563.014	632.718	690.765	4.79729	11	0	79.8646	-27.1968	2.8863	654.697	-27.1968	2.8863	654.697	
11759	369	100.292	278.74	98.8927	-99999	71.271	-0.821423	1	1	0	0	0	-298.211	-259.147	133.077	49.9325	-834.403	-798.428	-298.561	-276.767	-259.006	133.571	91.9537	49.2314	-834.609	-817.232	-798.117	5.81606	13	0	92.227	71.3027	37.6464	-785.608	71.3027	37.6464	-785.608	
11797	15397	264.834	592.928	264.659	-99999	75.997	-0.968069	1	1	1	1	1	-260.423	-278.648	133.089	-124.876	-640.414	-590.099	-260.51	-273.252	-278.737	133.089	4.34213	-124.967	-640.414	-615.123	-590.091	9.87373	6	0	84.1687	76.0017	-25.5992	-608.394	76.0017	-25.5992	-608.394	
11761	1763	217.522	547.966	215.086	-99999	6.678	-0.858945	1	1	1	1	1	-255.411	-322.783	132.076	-59.0226	649.322	718.686	-255.404	-296.469	-323.21	132.107	37.2913	-61.3152	649.31	682.771	719.233	5.20224	12	0	104.266	6.71129	-24.5534	703.961	6.71129	-24.5534	703.961	
11761	4373	467.637	1090.87	467.127	-44.304	-44.121	-0.621309	1	1	1	1	1	-295.903	-90.9266	132.74	-122.647	284.766	-46.1363	-296.082	-200.286	-90.9266	133.053	-2.53527	-122.647	285.118	120.861	-46.1363	4.43253	14	0	73.9357	-44.0849	-39.5905	71.1376	-44.0849	-39.5905	71.1376	
11761	7883	125.941	322.142	125.471	-99999	-5.001	-0.950517	1	1	1	1	1	-127.023	-159.076	129.482	10.0011	71.9223	87.3863	-128.589	-144.488	-160.773	129.482	69.4526	9.56029	71.9223	82.2122	87.3128	5.06161	11	0	79.5106	4.91945	-49.3932	-278.863	4.91945	-49.3932	-278.863	
11789	11953	192.043	412.607	192.037	-99999	-25.486	-0.658793	1	1	1	1	1	-268.735	-296.331	133.21	-4.43016	592.379	721.068	-268.706	-286.15	-296.302	133.21	69.1493	-4.43016	592.379	661.608	721.068	5.22556	9	0	34.2428	-25.4482	15.3392	682.549	-25.4482	15.3392	682.549	
11759	1841	77.4736	211.864	75.6243	-99999	55.723	-0.958569	1	0	0	0	0	-93.631	-106.568	132.605	60.2663	-248.164	-233.395	-76.0443	-80.7207	-89.3987	133.737	96.4235	59.7545	-248.484	-239.546	-233.243	4.50631	8	0	77.7906	55.751	61.403	-226.242	55.751	61.403	-226.242	
11797	70410	302.279	757.158	300.72	-99999	72.431	-0.98556	1	1	1	1	1	-314.563	-277.295	132.77	-161.746	242.796	284.831	-314.722	-294.335	-277.175	133.289	-15.4542	-162.725	242.754	258.446	284.997	7.52731	11	0	89.6473	72.4559	-19.9525	264.005	72.4559	-19.9525	264.005	
11782	5070	255.488	657.271	254.822	-99999	74.998	-0.867778	1	1	1	1	1	-238.342	-319.163	133.324	-99.5406	494.045	555.533	-238.428	-285.828	-319.217	133.324	18.3169	-100.15	494.045	522.792	555.784	6.22448	12	0	141.201	75.0268	-37.8995	540.762	75.0268	-37.8995	540.762	
11795	19525	342.043	812.723	339.392	13.2563	12.223	-0.903588	1	1	1	1	1	-294.687	-136.598	133.104	-164.693	255.813	237.382	-294.937	-211.685	-135.701	133.65	-15.4633	-166.449	255.829	249.056	237.385	5.63531	6	0	79.8726	12.2563	-23.5855	247.601	12.2563	-23.5855	247.601	
11795	22135	186.308	531.423	185.768	-99999	114.307	-0.990917	0	0	0	0	0	-264.75	-249.819	132.597	-50.3665	-563.446	-536.758	-264.897	-256.343	-249.935	132.903	41.3479	-50.5802	-563.477	-549.339	-536.767	12.8102	6	0	145.155	-999999	-999999	-999999	-999999	-999999	-999999	
11797	36561	125.955	310.035	125.534	-99999	64.158	-0.953251	1	1	1	0	0	-352.593	-307.17	132.556	20.1275	282.951	309.254	-352.751	-336.788	-307.192	132.871	73.7111	20.0561	282.904	297.285	309.268	5.67207	7	0	68.481	64.1797	20.7968	310.187	64.1797	20.7968	310.187	
11773	8963	92.0201	257.26	91.0044	-99999	-12.746	-0.683594	1	1	0	0	0	-296.274	-248.994	133.141	67.9414	62.619	103.454	-296.259	-269.218	-248.749	133.141	102.221	67.0756	62.619	83.1986	103.907	6.608	16	0	84.8777	-12.723	27.0384	87.1407	-12.723	27.0384	87.1407	
11797	37297	29.2812	113.447	29.2803	-99999	103.546	-0.699297	0	0	0	0	0	-195.667	-178.233	130.563	111.053	700.492	687.662	-163.242	-155.494	-145.808	130.563	120.404	111.053	700.492	693.369	687.662	5.3944	10	0	87.691	18.4608	-28.3363	502.718	18.4608	-28.3363	502.718	
11797	83954	52.4325	152.592	52.4314	-99999	-9.59	-0.60746	1	0	0	0	0	-356.995	-346.568	121.377	88.5399	-591.687	-552.432	-356.984	-351.981	-346.557	121.377	105.79	88.5399	-591.687	-571.216	-552.432	9.18974	8	0	78.4705	-9.56314	73.8191	-575.3	-9.56314	73.8191	-575.3	
11789	4575	143.643	349.762	142.386	-99999	-7.615	-0.779972	1	1	1	1	1	-140.64	-215.569	128.173	9.93317	242.886	256.488	-139.927	-184.299	-215.583	129.085	73.3472	9.85735	242.766	251.185	256.513	6.1544	11	0	76.8616	-0.639654	-30.0757	813.916	50.6603	-19.4156	608.481	
11786	22213	192.018	459.39	191.528	-99999	56.49	-0.893143	1	1	1	1	0	-342.572	-306.763	133.607	-33.7111	78.5851	162.973	-342.685	-327.488	-306.827	134.041	48.165	-33.7111	78.3721	118.436	162.973	5.00111	13	0	76.9697	56.516	10.0001	134.751	56.516	10.0001	134.751	
11797	6684	243.093	588.41	243.041	98.6139	98.994	-0.819814	1	1	1	1	1	-93.7035	-226.582	133.218	-64.8123	222.491	261.661	-93.6806	-164.242	-226.582	133.256	35.1764	-64.8123	222.485	235.277	261.661	6.05745	12	0	79.9987	99.0255	-2.75065	236.603	99.0255	-2.75065	236.603	
11797	95517	291.045	730.294	290.206	112.831	112.562	-0.905045	0	0	0	0	0	-251.676	-166.402	132.168	-130.932	377.161	298.1	-251.872	-200.49	-166.306	132.689	-0.0215361	-131.148	377.306	347.504	298.006	5.5388	10	0	99.5667	69.7788	-76.6026	-313.901	69.7788	-76.6026	-313.901	
11797	97587	223.327	569.092	222.884	109.087	108.596	-0.64191	0	0	0	0	0	-251.204	-122.757	132.935	-20.6721	675.893	583.544	-251.418	-190.112	-122.757	133.214	59.7801	-20.6721	676.153	618.673	583.544	4.13316	6	0	72.8458	87.4427	-39.1982	-321.053	87.4427	-39.1982	-321.053	
11797	18427	64.0407	266.842	62.1105	-99999	60.467	-0.765871	1	1	0	0	0	-186.762	-171.878	131.474	76.8075	-321.17	-296.609	-168.032	-159.949	-152.757	131.825	103.79	75.6219	-321.402	-308.796	-296.658	9.3338	7	0	104.39	60.5005	30.4412	-298.616	60.5005	30.4412	-298.616	
11797	18607	164.812	392.306	164.42	-99999	-11.326	-0.704708	1	1	1	1	1	-356.484	-321.169	33.6582	-84.543	-525.19	-416.631	-356.555	-338.129	-321.156	33.9147	-24.7914	-84.543	-525.435	-470.636	-416.631	5.02876	10	0	52.5453	-11.3034	-12.398	-475.947	-11.3034	-12.398	-475.947	
11797	18826	173.75	409.646	172.582	-99999	-15.653	-0.978394	1	1	1	1	1	-258.598	-275.93	131.869	-31.8225	-788.051	-740.235	-258.481	-268.285	-275.912	132.988	49.1235	-31.8225	-788.272	-768.019	-740.235	8.54881	9	0	86.6177	-15.6176	1.91892	-741.636	-15.6176	1.91892	-741.636	
11797	18916	350.172	4182.44	349.672	34.7399	35.197	-0.814042	1	1	1	1	1	-313.827	-103.239	133.07	-145.086	-361.249	-382.46	-314.094	-208.983	-103.239	133.449	-6.0443	-145.086	-361.217	-371.244	-382.46	444.327	6	0	3404.83	35.231	-64.465	-370.278	35.231	-64.465	-370.278	
11789	22625	276.03	467.92	272.291	-99999	111.39	-0.985501	0	0	0	0	0	-287.266	-272.598	133.868	-124.97	-141.05	-72.5571	-287.44	-269.679	-272.725	134.413	0.0309167	-124.97	-141.135	-115.813	-72.5571	5.71895	10	0	53.8206	63.3586	-122.187	-771.085	-34.8014	-119.424	376.255	
11786	6802	170.421	445.069	170.276	-99999	107.286	-0.979789	0	0	0	0	0	-198.559	-174.29	132.659	-34.1578	-792.889	-778.951	-164.963	-151.894	-140.694	132.659	48.5464	-34.1578	-792.889	-790.707	-778.951	5.73992	7	0	73.6864	98.0456	-37.0914	-713.896	16.3456	-44.0447	-814.965	
11780	11568	389.189	840.478	389.078	-99999	-26.286	-0.739604	1	1	1	1	1	-311.389	-341.948	133.284	-150.007	-311.916	-48.8293	-311.345	-329.171	-341.918	133.356	-15.997	-150.007	-311.981	-188.802	-48.8293	8.83423	14	0	103.21	-26.2477	-35.1822	-163.484	-26.2477	-35.1822	-163.484	
11797	96971	372.864	968.072	372.047	-99999	-3.862	-0.747243	1	1	1	1	1	-184.902	-149.684	130.342	-169.464	731.444	515.514	-186.236	-167.878	-150.905	130.896	-20.5934	-169.503	731.94	624.964	515.474	7.20388	16	0	87.176	-3.81863	-33.2871	607.56	-3.81863	-33.2871	607.56	
11773	3625	300.569	824.69	300.273	-99999	72.621	-0.508804	1	1	1	1	1	-176.123	-230.166	132.168	-26.1424	-449.375	-697.873	-153.34	-180.459	-207.424	132.3	56.542	-26.1687	-449.156	-576.056	-697.892	10.0893	15	0	75.8681	72.5926	-16.234	-654.327	72.5926	-16.234	-654.327	
11773	3985	157.338	396.374	156.639	-99999	87.507	-0.694059	1	1	1	1	1	-217.851	-127.344	130.239	6.71763	76.287	92.9968	-190.947	-137.951	-99.9419	130.712	73.7526	6.71763	76.2278	86.5992	92.9968	7.7546	7	0	68.8936	87.5478	13.8519	-542.411	-22.6022	5.19213	165.175	
11797	18218	214.942	523.276	211.88	27.8861	27.77	-0.931358	1	1	1	1	1	-237.764	-155.895	131.847	-59.1899	-763.017	-797.192	-238.282	-203.449	-155.309	133.418	33.3145	-60.4286	-762.693	-780.032	-797.131	7.0751	7	0	84.3513	25.6604	-2.47029	-3.20713	25.6604	-2.47029	-3.20713	
11797	21818	275.939	717.68	275.428	-99999	27.826	-0.8693	1	1	1	1	1	-285.944	-221.529	133.036	-91.5838	-717.131	-580.74	-286.096	-255.669	-221.56	133.472	11.2274	-91.5838	-717.348	-661.355	-580.74	7.0836	14	0	89.7452	27.8586	-14.4348	-643.672	27.8586	-14.4348	-643.672	
11797	28241	106.833	300.567	106.733	-99999	34.714	-0.637902	1	1	1	1	0	-265.625	-347.816	133.005	65.3779	212.955	220.682	-265.59	-306.694	-347.856	133.068	99.1615	65.3779	212.951	216.658	220.682	10.3963	6	0	75.3042	34.7461	56.5018	223.435	34.7461	56.5018	223.435	
11774	6000	109.651	2919.07	108.907	-99999	-6.744	-0.963621	1	1	1	0	0	-286.108	-251.6	132.454	30.3831	-157.657	-146.326	-286.179	-271.882	-251.426	132.796	80.1073	30.0416	-157.709	-152.851	-146.283	5.71181	11	0	83.1728	-8.87144	-10.2691	-152.16	-8.87144	-10.2691	-152.16	
11797	15008	101.83	329.379	101.004	-21.1579	-21.816	-0.907944	1	1	1	0	0	-206.875	-237.932	130.728	42.4172	268.064	305.278	-206.823	-222.269	-238.182	130.879	85.9379	41.8212	268.018	286.119	305.386	10.542	10	0	134	-19.4052	-43.0234	-741.585	-19.4052	-43.0234	-741.585	
11797	73548	190.59	447.327	190.477	-99999	99.652	-0.68876	1	1	1	1	1	-87.046	-226.405	133.753	4.64084	-48.4039	-61.5971	-71.3072	-141.166	-210.746	133.829	69.3406	4.64084	-48.3949	-54.7923	-61.5971	5.40737	7	0	57.6816	99.6876	-26.7705	-59.2458	99.6876	-26.7705	-59.2458	
11797	15211	335.504	718.503	294.756	46.8022	46.666	-0.954589	1	1	1	1	1	-245.513	-135.205	131.307	-140.564	-679.184	-686.58	-245.513	-192.664	-116.166	131.307	-27.4164	-176.328	-679.184	-686.208	-690.722	4.23192	9	0	63.9428	44.4835	20.9477	-53.6195	44.4835	20.9477	-53.6195	
11780	20236	290.722	738.389	289.546	67.3594	67.402	-0.813812	1	1	1	1	1	-259.271	-177.006	132.735	-69.592	442.05	630.486	-259.43	-220.379	-176.933	133.419	24.0056	-69.8179	441.591	528.706	630.718	4.45801	6	0	74.9521	67.4426	-13.5624	547.662	67.4426	-13.5624	547.662	
11797	73610	34.8352	129.449	34.4981	-99999	108.326	-0.514922	0	0	0	0	0	-263.224	-285.423	132.971	114.133	115.405	133.651	-263.211	-274.089	-285.653	133.076	123.647	114.076	115.293	125.084	133.699	5.38346	10	0	93.2836	99.497	-39.4409	244.716	99.497	-39.4409	244.716	
11797	75950	107.769	381.914	107.371	-99999	49.421	-0.901104	1	1	1	0	0	-123.958	-76.4929	130.199	33.905	699.218	700.266	-108.56	-84.7578	-60.9199	130.369	82.0408	33.7207	699.215	699.952	700.265	10.1608	9	0	51.2699	49.4342	26.702	700.582	49.4342	26.702	700.582	
11795	27353	248.015	617.214	245.472	28.6757	27.821	-0.879739	1	1	1	1	1	-219.653	-140.845	131.38	-79.028	220.463	124.068	-220.037	-184.881	-140.227	132.658	25.4786	-79.8771	221.035	169.638	123.798	4.96472	9	0	78.3999	27.8483	-22.9496	161.659	27.8483	-22.9496	161.659	
11795	8096	111.174	306.129	109.851	46.9226	46.889	-0.983101	1	1	1	1	1	-179.594	-218.616	131.52	32.5087	-46.8545	-37.9756	-179.449	-190.514	-218.921	132.318	78.1646	32.1492	-46.8921	-49.6582	-37.8187	4.37653	9	0	79.8482	46.9215	11.7842	-42.812	46.9215	11.7842	-42.812	
11780	8091	49.516	509.359	49.1935	72.9395	72.403	-0.621863	0	0	0	0	0	-231.216	-202.121	132.375	100.001	-813.179	-835.924	-231.403	-216.3	-202.121	132.578	117.068	100.001	-813.015	-825.007	-835.924	8.08777	9	0	294.07	72.4269	32.7976	-788.153	72.4269	32.7976	-788.153	
11786	8004	121.954	379.471	121.378	-99999	17.988	-0.922391	1	1	0	0	0	-346.358	-319.14	133.435	22.6779	763.603	804.325	-346.531	-331.653	-319.161	133.963	78.5723	22.6779	763.445	784.044	804.325	4.03003	10	0	145.768	18.0082	47.8738	785.292	18.0082	47.8738	785.292	
11761	8258	543.009	1185.36	528.997	-696.635	50.113	-0.185549	1	1	0	0	0	-117.456	-302.024	130.163	-10.6627	-557.173	-82.0238	-117.456	-213.037	-300.842	130.163	59.3772	-9.59925	-557.173	-313.28	-68.6071	4.20388	12	0	50.3189	50.0886	18.1203	827.987	6.49863	-0.48392	-752.912	
11797	66479	274.069	678.514	272.457	16.0521	16.745	-0.837313	1	1	1	1	1	-251.609	-95.5488	132.47	-88.4476	-582.578	-586.381	-251.643	-169.98	-95.5124	132.524	22.5892	-89.9861	-582.579	-584.661	-586.364	12.1231	14	0	90.1252	16.7804	-28.1352	-582.402	16.7804	-28.1352	-582.402	
11776	241	455.265	805.911	452.973	-99999	29.894	-0.51929	1	1	1	1	1	-156.493	-184.085	130.541	-166.692	655.373	320.408	-147.132	-166.49	-174.23	130.541	-10.4445	-168.385	655.373	477.899	319.142	8.80586	15	0	59.9038	29.936	-20.8334	473.104	29.936	-20.8334	473.104	
11780	20287	93.5773	1.38955e+06	81.8394	-99999	25.3	-0.0798415	1	1	1	1	1	-69.7444	-96.141	37.3058	73.3725	103.098	162.457	-88.2184	-70.3663	-59.9436	73.3725	54.0422	36.3089	162.457	128.11	95.6942	129.612	1254	0	1.38955e+06	25.3369	16.6083	110.978	25.3369	16.6083	110.978	
11797	28351	233.541	619.711	233.529	-99999	-17.99	-0.915459	1	1	1	1	1	-212.661	-261.002	133.423	-89.0558	378.293	424.133	-212.64	-238.494	-260.982	133.423	23.1789	-89.0558	378.293	406.054	424.133	9.06218	9	0	97.3465	-17.9642	-21.3801	408.974	-17.9642	-21.3801	408.974	
11797	28531	253.159	457.686	252.699	-99999	11.602	-0.709663	1	1	1	1	1	-69.9959	-243.938	-71.7075	98.9985	318.41	385.003	-243.938	-157.605	-69.6812	98.9985	12.8497	-72.0146	385.003	351.272	318.289	4.19672	321	0	457.686	11.6249	-45.4441	337.398	11.6249	-45.4441	337.398	
11773	2221	224.489	570.033	217.935	-31.4619	-30.311	-0.80554	1	1	1	1	1	-222.486	-100.899	131.986	-46.8302	486.901	464.246	-222.92	-158.012	-98.308	132.605	42.0542	-51.9958	486.99	475.418	464.495	4.03902	6	0	61.0044	-30.2847	-25.6012	458.957	-30.2847	-25.6012	458.957	
11797	8670	88.6016	241.262	88.0942	-99999	105.09	-0.941597	0	0	0	0	0	-228.966	-193.567	132.558	51.9057	-588.398	-588.33	-245.558	-227.663	-209.977	132.788	92.2761	51.6639	-588.399	-588.58	-588.32	7.86253	9	0	75.1135	98.2474	-16.8541	41.7162	87.7874	-1.10543	-365.521	
11786	22735	366.63	992.494	366.362	93.0395	92.264	-0.778893	1	1	1	1	1	-270.937	-167.967	132.849	-148.301	-647.794	-857.47	-270.993	-211.354	-167.955	133.013	-5.94806	-148.34	-647.673	-750.985	-857.494	13.265	14	0	114.653	92.3044	-20.5701	-732.97	92.3044	-20.5701	-732.97	
11795	12626	29.8191	105.796	29.6294	-99999	114.313	-0.387006	0	0	0	0	0	-325.229	-307.069	133.454	124.075	-188.979	-167.592	-325.36	-316.154	-307.088	133.454	128.092	124.029	-188.979	-178.555	-167.446	6.9368	13	0	80.7965	13.6548	76.5067	-412.26	13.6548	76.5067	-412.26	
11773	8386	142.698	381.505	140.617	45.6827	45.635	-0.764208	1	1	1	0	0	-236.653	-155.375	132.424	18.718	-834.454	-825.055	-237.12	-193.166	-154.849	133.018	77.5082	17.5247	-834.601	-826.572	-824.948	5.0905	7	0	90.8006	45.6718	18.1413	-786.877	45.6718	18.1413	-786.877	
11775	6281	187.425	580.061	183.412	-99999	75.667	-0.785093	1	1	1	1	1	-210.534	-215.832	128.42	-35.9966	-834.044	-754.808	-210.621	-213.288	-216.193	128.42	44.0352	-39.5535	-834.044	-794.241	-753.015	13.8497	15	0	120.534	75.7004	-3.7838	-754.993	75.7004	-3.7838	-754.993	
11786	16010	185.444	440.939	185.22	-99999	-10.721	-0.900333	1	1	1	1	1	-308.375	-267.188	133.812	-18.9533	-654.472	-563.996	-308.363	-288.339	-267.124	133.812	51.1733	-19.0684	-654.472	-617.697	-563.817	5.13844	15	0	78.6664	-10.689	9.10395	-601.53	-10.689	9.10395	-601.53	
11775	636	477.625	1389.95	476.809	-99999	39.883	-0.638839	1	1	1	1	1	-254.559	-233.036	125.63	-165.543	55.0741	-321.31	-254.601	-243.442	-233.051	125.942	-20.4364	-165.658	55.4471	-132.789	-321.559	9.21298	14	0	204.629	39.9075	-25.6677	-151.426	39.9075	-25.6677	-151.426	
11797	33501	150.112	424.955	148.72	-99999	54.533	-0.864595	1	1	1	1	1	-209.914	-226.665	133.435	5.0244	-634.34	-707.313	-192.836	-201.037	-209.656	133.467	68.0206	3.92285	-634.321	-670.075	-708.088	5.64722	15	0	89.492	54.564	-26.6167	-706.974	54.564	-26.6167	-706.974	
11797	34581	357.851	35201.7	357.843	11.6313	11.155	-0.868002	1	1	1	1	1	-333.046	-143.757	134.071	-163.783	661.288	603.115	-333.046	-239.023	-143.757	134.071	-15.5399	-163.783	661.288	633.237	603.115	50.9021	25	0	33169.4	11.1879	-52.8087	613.107	11.1879	-52.8087	613.107	
11795	1991	361.581	996.181	352.34	103.147	100.133	-0.444726	1	1	1	1	1	-68.7383	-303.913	-11.3299	-168.781	-116.876	92.8763	-62.3391	-183.262	-303.913	-7.25843	-88.1583	-168.781	-122.143	-14.8497	92.8763	7.24539	13	0	105.59	100.181	-38.2591	-45.4198	100.181	-38.2591	-45.4198	
11795	2981	282.724	681.118	282.041	29.5385	30.423	-0.805055	1	1	1	1	1	-79.0404	-241.937	133.149	-94.8581	-857.843	-869.799	-78.9197	-158.77	-242.24	133.321	17.7762	-95.197	-857.818	-872.689	-869.696	11.0819	8	0	76.8714	30.4502	4.14358	-810.622	30.4502	4.14358	-810.622	
11782	12215	228.111	509.234	226.924	-99999	-2.065	-0.935336	1	1	1	1	1	-326.003	-323.754	133.253	-79.2258	514.663	593.662	-325.975	-322.695	-323.694	133.911	27.0932	-79.6797	514.414	554.115	593.796	4.6966	9	0	84.5236	3.54805	-31.1054	-728.851	-10.6719	-45.7987	610.454	
11782	14780	302.451	837.572	302.363	-99999	33.742	-0.993095	1	1	1	1	1	-239.63	-240.696	132.634	-165.904	-192.671	-151.28	-239.667	-233.284	-240.735	132.696	-16.6828	-165.904	-192.678	-171.849	-151.28	4.07361	15	0	83.4974	33.78	-26.3028	-171.24	33.78	-26.3028	-171.24	
11786	5732	131.361	355.068	130.504	-99999	102.861	-0.934784	0	0	0	0	0	-220.74	-195.358	131.831	8.46961	-541.178	-507.774	-188.755	-175.177	-163.148	132.621	70.8922	8.46961	-541.388	-523.592	-507.774	8.75277	6	0	79.0409	90.1182	-73.84	-834.508	15.5382	-44.9949	-811.337	
11773	6934	333.015	970.115	316.937	-99999	95.233	-0.940411	1	1	1	1	1	-100.701	-195.385	133.803	-156.99	415.626	332.823	-70.8789	-120.222	-176.314	133.803	-19.1033	-168.73	415.626	371.996	333.676	10.4072	13	0	122.866	95.2475	-12.8821	371.344	95.2475	-12.8821	371.344	
11782	3779	342.308	1100.93	330.638	-99999	-27.566	-0.874579	1	1	1	1	1	-113.646	-159.259	133.107	-117.359	-684.775	-498.066	-122.227	-161.153	-167.785	133.491	-8.2359	-117.678	-684.978	-597.658	-494.928	10.1311	10	0	82.1856	-27.546	-16.3977	-584.696	-27.546	-16.3977	-584.696	
11786	18698	165.692	398.64	165.059	-99999	83.762	-0.591826	1	1	1	0	0	-184.887	-87.4843	131.934	32.5139	-134.409	-223.129	-159.035	-110.084	-61.2548	132.304	82.5267	32.5139	-134.062	-178.663	-223.129	4.49704	11	0	47.0118	83.789	34.0756	-207.488	83.789	34.0756	-207.488	
11789	14399	246.257	604.898	245.553	64.2724	65.062	-0.741967	1	1	1	1	1	-332.912	-186.636	132.942	-59.2402	870.978	831.3	-333.25	-255.917	-186.552	133.337	40.1014	-59.3855	871.088	849.349	831.282	5.2982	7	0	75.0842	65.0843	6.95248	800.783	65.0843	6.95248	800.783	
11795	29898	86.5809	232.835	85.861	-99999	91.418	-0.783817	1	1	0	0	0	-322.317	-271.795	133.368	70.3081	-605.802	-577.562	-322.815	-298.681	-271.9	133.936	100.604	70.3081	-605.997	-592.633	-577.562	5.54136	10	0	77.7349	91.438	46.9123	-587.107	91.438	46.9123	-587.107	
11795	31158	53.3782	156.373	52.3554	-99999	23.787	-0.946278	0	0	0	0	0	-318.101	-308.833	131.211	80.9626	381.184	390.459	-318.156	-314.703	-308.634	131.524	106.109	80.3131	381.082	388.112	390.488	4.60824	9	0	75.0437	98.3596	34.3906	390.767	98.3596	34.3906	390.767	
11797	37737	88.6866	247.684	88.349	-30.089	-30.931	-0.876429	1	1	0	0	0	-198.023	-244.291	132.788	61.9978	350.14	327.412	-197.902	-217.234	-244.291	133.082	95.1945	61.9978	350.236	337.781	327.412	4.23441	6	0	83.6721	-39.2681	-35.6672	569.838	-39.2681	-35.6672	569.838	
11786	17911	68.9298	190.484	68.5741	-99999	111.666	-0.904865	0	0	0	0	0	-196.545	-176.801	133.139	70.3007	-593.098	-610.912	-161.578	-150.726	-141.805	133.139	101.315	69.9794	-593.098	-600.582	-611.054	4.55419	13	0	70.5927	1.20552	-28.8479	-596.781	1.20552	-28.8479	-596.781	
11797	98042	226.21	546.333	226.142	13.4353	12.327	-0.745646	1	1	1	1	1	-145.845	-290.216	132.871	-29.3333	629.465	634.706	-145.845	-221.586	-290.225	132.871	50.8195	-29.3524	629.465	613.189	634.745	7.31995	38	0	89.2756	12.3621	-5.25613	619.449	12.3621	-5.25613	619.449	
11797	44100	474.833	1187.88	474.611	72.9162	73.036	-0.63359	1	1	1	1	1	-157.442	-216.842	133.487	-105.347	-301.852	102.065	-157.442	-183.368	-216.864	133.487	3.72649	-105.412	-301.852	-104.962	102.259	8.30237	15	0	87.7319	73.0826	-15.33	-91.6756	73.0826	-15.33	-91.6756	
11761	3052	196.612	562.931	196.203	-99999	75.664	-0.859758	1	1	1	1	1	-289.915	-222.214	133.441	-25.0073	-25.6215	63.6006	-290.118	-255.096	-222.301	133.758	51.8308	-25.0073	-25.7646	15.2449	63.6006	5.2895	12	0	106.463	75.6952	-16.207	50.7342	75.6952	-16.207	50.7342	
11774	3962	220.646	582.322	219.234	62.9176	62.496	-0.984399	1	1	1	1	1	-235.453	-185.503	132.3	-80.0535	-99.9977	-83.2483	-235.667	-213.438	-185.498	133.664	25.7511	-80.0679	-100.095	-95.435	-83.247	10.5971	6	0	81.5774	61.7376	-33.4353	366.473	61.7376	-33.4353	366.473	
11795	7002	63.1029	212.474	62.9439	-99999	41.452	-0.911401	0	0	0	0	0	-308.108	-302.455	133.335	91.0355	-861.411	-819.828	-308.156	-303.742	-302.502	133.335	112.831	91.0355	-861.411	-838.825	-819.828	6.94179	10	0	93.5999	41.4883	57.1062	-799.116	41.4883	57.1062	-799.116	
11789	8600	244.145	599.053	244.047	-99999	57.916	-0.875656	1	1	1	1	1	-90.2038	-220.603	133.627	-72.3093	163.486	175.208	-81.0562	-146.118	-211.502	133.71	30.5762	-72.3093	163.481	168.931	175.208	4.31724	6	0	54.2684	57.9517	-14.1566	173.627	57.9517	-14.1566	173.627	
11780	4628	171.768	464.959	169.619	-99999	80.582	-0.68916	1	1	1	1	1	-228.095	-334.489	132.85	11.4714	513.054	565.133	-228.187	-282.255	-335.915	132.85	71.5756	9.93803	513.054	539.436	565.826	6.1055	9	0	48.1962	80.6104	-12.9832	570.741	80.6104	-12.9832	570.741	
11772	5007	143.633	247.069	104.786	-99999	-4.831	-0.397579	1	1	1	1	1	-260.328	-263.177	130.603	67.364	-456.785	-384.588	-260.321	-258.713	-265.58	130.613	89.2636	38.8	-456.875	-409.204	-365.205	5.79295	14	0	74.192	-4.80153	-20.767	-743.667	86.2885	-39.015	-204.554	
11773	4219	212.816	520.512	212.094	-99999	60.923	-0.93184	1	1	1	1	1	-260.042	-330.978	132.67	-66.2521	-596.012	-580.745	-260.112	-296.196	-331.251	132.67	32.7825	-66.9392	-596.012	-590.639	-580.8	7.27801	6	0	79.411	60.9432	-9.03697	-585.876	60.9432	-9.03697	-585.876	
11774	1233	101.845	277.859	101.777	-99999	10.282	-0.981997	1	1	1	0	0	-304.306	-288.635	133.12	34.0614	341.028	357.677	-304.323	-296.615	-288.647	133.183	83.3754	34.0614	341.018	348.147	357.677	18.0633	11	0	91.731	10.3062	26.3593	362.576	10.3062	26.3593	362.576	
11797	38376	166.21	441.977	165.507	-99999	79.342	-0.553441	1	1	1	0	0	-174.82	-109.798	106.838	21.0311	-894.631	-770.067	-150.055	-111.524	-84.8857	106.93	63.0597	20.7322	-894.744	-835.645	-769.63	4.9802	6	0	103.657	79.3655	24.5939	-788.955	79.3655	24.5939	-788.955	
11786	30108	224.817	604.701	224.49	-99999	80.592	-0.959837	1	1	1	1	1	-142.782	-86.5391	128.197	-87.4721	542.93	569.68	-117.63	-89.1483	-61.3022	128.508	20.5955	-87.4721	542.898	556.258	569.68	5.13593	6	0	55.3717	80.609	-51.3149	563.116	80.609	-51.3149	563.116	
11776	5091	196.518	570.079	195.942	-99999	60.475	-0.957607	1	1	1	1	1	-168.064	-220.659	132.803	-49.8053	-343.309	-390.964	-158.489	-184.746	-211.191	133.223	41.593	-49.9326	-343.215	-367.002	-391.004	4.95003	14	0	114.941	60.501	-26.0665	-383.521	60.501	-26.0665	-383.521	
11797	37357	102.935	269.756	102.524	-99999	-48.126	-0.875468	1	1	0	0	0	-319.462	-289.27	133.649	44.5385	200.779	239.956	-319.407	-300.545	-289.213	133.649	90.1463	44.1577	200.779	220.704	240.103	6.69639	13	0	80.2395	-48.1033	38.2349	230.183	-48.1033	38.2349	230.183	
11797	37537	139.749	376.784	137.299	-99999	102.708	-0.781394	0	0	0	0	0	-153.259	-240.322	133.154	28.6599	-855.85	-869.95	-120.702	-165.786	-209.27	133.659	80.3527	27.2711	-855.817	-857.822	-870.263	5.51459	7	0	81.826	-999999	-999999	-999999	-999999	-999999	-999999	
11797	21486	68.7534	153.719	67.6824	-99999	67.941	-0.695758	1	1	0	0	0	-107.244	-82.4925	133.143	85.7774	-620.374	-578.998	-86.1521	-73.5373	-61.0309	133.453	109.023	85.4803	-620.642	-600.011	-578.508	4.61693	8	0	32.0296	67.9702	73.1705	-573.27	67.9702	73.1705	-573.27	
11789	13687	359.823	619.847	359.786	-99999	-16.09	-0.905256	0	0	0	0	0	-295.528	-277.926	132.318	-166.117	611.038	809.615	-295.51	-284.707	-277.907	132.318	-17.8587	-166.117	611.038	709.291	809.615	4.74462	14	0	59.7475	-25.4326	-49.7827	-481.517	69.1173	29.9866	835.459	
11797	98521	233.58	594.822	232.879	-99999	-16.574	-0.914051	1	1	1	1	1	-233.09	-286.715	133.2	-80.0567	532.973	605.926	-233.072	-259.666	-286.803	133.2	27.2819	-80.7392	532.973	574.187	605.846	6.80233	7	0	101.041	-16.5452	-23.9603	588.365	-16.5452	-23.9603	588.365	
11797	39966	110.697	276.242	110.692	-99999	-28.828	-0.955375	1	1	0	0	0	-331.582	-315.686	132.873	29.0679	-262.611	-229.431	-331.549	-323.829	-315.653	132.873	80.0794	29.0679	-262.611	-248.15	-229.431	4.43176	13	0	69.0364	-28.8008	34.3964	-235.224	-28.8008	34.3964	-235.224	
11797	63988	149.965	373.671	149.538	-31.563	-31.756	-0.980895	1	1	1	1	1	-207.695	-238.559	130.467	-14.9987	204.86	204.336	-207.66	-219.277	-238.667	130.664	56.6945	-15.1886	204.882	201.49	204.368	4.89658	9	0	75.8066	-31.7277	1.52247	202.953	-31.7277	1.52247	202.953	
11780	23516	172.902	517.649	164.79	-99999	54.439	-0.950818	1	1	1	1	1	-166.387	-145.343	130.979	27.8894	758.98	872.846	-148.816	-141.16	-128.319	132.196	81.3504	27.8529	759.106	809.073	872.943	19.0986	7	0	82.6363	54.4762	22.9636	780.538	54.4762	22.9636	780.538	
11782	13052	84.4218	248.444	84.1641	51.011	57.52	-0.949008	1	0	0	0	0	-222.326	-199.909	133.145	54.0651	699.613	686.13	-222.331	-206.947	-199.892	133.16	94.4617	53.9695	699.613	694.352	686.102	7.1855	11	0	94.0627	57.5518	17.6501	684.299	57.5518	17.6501	684.299	
11797	39795	213.298	572.968	212.909	-99999	114.235	-0.715788	0	0	0	0	0	-235.084	-97.268	133.648	-20.037	-781.186	-833.241	-199.312	-129.973	-61.2445	133.648	56.8765	-20.3176	-781.186	-807.055	-833.326	4.32754	9	0	41.6968	-8.7968	-55.2916	527.227	-8.7968	-55.2916	527.227	
11780	13442	286.702	687.094	286.389	56.7867	53.884	-0.789456	1	1	1	1	1	-253.672	-77.1276	132.067	-83.532	-128.255	-178.967	-253.672	-166.445	-76.9835	132.067	18.7472	-83.7814	-128.255	-136.575	-179.072	4.81042	12	0	79.8777	53.9157	-28.7546	-157.704	53.9157	-28.7546	-157.704	
11795	433	302.495	713.337	289.671	-99999	14.772	-0.891815	1	1	1	1	1	-357.614	-228.061	90.5283	-167.556	-729.336	-750.055	-358.977	-290.498	-223.664	93.2111	-40.9593	-176.314	-729.125	-742.662	-749.769	8.85745	7	0	58.9154	14.7979	-10.9294	-728.328	14.7979	-10.9294	-728.328	
11797	72037	185.678	547.028	176.877	88.2246	86.677	-0.869879	1	1	1	1	1	-222.878	-204.297	131.391	-25.353	-372.339	-445.595	-223.038	-209.665	-203.902	132.684	53.6563	-26.7663	-371.618	-418.242	-445.555	5.38339	7	0	94.5975	86.7081	-4.06652	-422.152	86.7081	-4.06652	-422.152	
11797	4917	294.273	896.17	293.961	-99999	86.583	-0.74851	1	1	1	1	1	-230.558	-88.3688	132.973	-85.8593	602.415	467.153	-203.445	-132.471	-61.1075	132.973	23.5101	-86.0731	602.415	534.385	466.984	4.83412	15	0	86.7083	86.6241	-62.1838	479.497	86.6241	-62.1838	479.497	
11782	7077	302.085	795.658	302.051	-99999	10.991	-0.983996	1	1	1	1	1	-217.386	-265.385	132.47	-165.036	633.751	632.727	-217.394	-238.851	-265.397	132.491	-16.8791	-165.036	633.752	628.464	632.727	5.73792	10	0	93.314	11.0147	-33.1033	631.833	11.0147	-33.1033	631.833	
11797	15094	79.1966	153.704	79.1964	-99999	53.216	-0.707766	1	1	0	0	0	-121.709	-77.808	134.017	77.0077	318.006	284.944	-105.045	-83.0328	-61.1438	134.017	105.622	77.0077	318.006	301.378	284.944	4.39132	11	0	34.4241	59.2989	49.266	-769.795	41.8689	39.3207	293.821	
11774	4642	184.737	461.322	183.263	98.0628	96.785	-0.970571	1	1	1	1	1	-223.444	-178.175	132.909	-40.4079	-6.88959	24.8062	-223.548	-199.402	-178.034	133.432	47.1107	-41.3033	-6.95543	14.1193	24.9075	5.40891	7	0	90.637	96.8169	-10.0613	11.9968	96.8169	-10.0613	11.9968	
11786	931	304.458	820.754	302.938	-99999	110.249	-0.449057	0	0	0	0	0	-227.046	-95.722	128.611	-19.8789	-274.532	-45.5697	-210.204	-144.148	-78.2684	128.969	54.1796	-20.1004	-275.159	-160.207	-44.9434	5.91216	13	0	47.6278	-999999	-999999	-999999	-999999	-999999	-999999	
11797	10005	379.774	962.466	377.462	-99999	64.465	-0.578529	1	1	1	1	1	-183.424	-81.4372	106.142	-118.3	-894.281	-608.48	-163.446	-112.518	-60.732	106.601	-6.62101	-119.123	-894.897	-751.225	-607.319	4.21938	7	0	55.8407	64.4879	-59.8801	-649.41	-32.5921	-12.7681	-784.365	
11797	39668	284.69	702.805	283.992	25.85	22.843	-0.438475	1	1	1	1	1	-98.4374	-276.805	132.679	20.281	-804.458	-615.42	-98.1215	-185.696	-276.883	132.921	69.2215	20.2507	-804.844	-712.516	-615.308	6.66526	13	0	98.5126	22.8826	21.3907	-625.154	22.8826	21.3907	-625.154	
11775	5127	49.3275	675.107	45.433	-99999	56.766	-0.885754	1	1	0	0	0	-134.447	-133.84	130.112	89.3906	847.904	867.557	-116.671	-116.362	-116.029	130.112	108.456	85.9988	847.904	859.505	868.079	32.0829	11	0	580.249	56.7854	21.9795	812.243	56.7854	21.9795	812.243	
11797	91282	113.621	266.141	112.118	-99999	62.571	-0.490915	1	1	1	0	0	-125.068	-82.2849	132.736	73.1634	-530.353	-445.56	-106.138	-84.2537	-62.6912	133.461	103.326	73.1634	-531.487	-488.599	-445.56	11.0692	6	0	60.2596	67.27	34.1106	-525.514	67.27	34.1106	-525.514	
11797	73884	22.9681	79.609	8.15557	-7.59551	-7.842	-0.713566	1	1	1	1	1	-296.415	-294.81	126.801	120.29	-209.78	-205.296	-298.415	-295.873	-292.823	128.6	119.786	113.476	-211.425	-204.82	-196.136	5.08914	16	0	79.609	-7.81659	-11.4876	-111.397	-7.81659	-11.4876	-111.397	
11789	18361	79.3313	221.47	78.4091	-99999	99.997	-0.857283	1	0	0	0	0	-129.361	-92.8194	129.39	62.4774	847.908	866.186	-98.394	-80.1052	-61.4177	130.035	96.0473	62.3381	847.735	856.886	866.225	6.11754	6	0	67.2932	100.019	35.1515	845.311	100.019	35.1515	845.311	
11797	82155	255.734	1036.55	253.809	-49.2627	-46.393	-0.523937	1	1	1	1	1	-87.8855	-285.781	133.611	13.5924	-674.562	-773.1	-86.6579	-186.646	-285.903	134.555	74.2733	13.5991	-673.69	-725.072	-773.148	5.90637	9	0	71.8625	-46.3651	-11.404	-378.295	-46.3651	-11.404	-378.295	
11797	82335	221.334	605.104	220.594	66.826	67.257	-0.944545	1	1	1	1	1	-177.593	-232.84	131.983	-75.2327	-126.579	-76.8991	-177.546	-201.063	-233.002	132.26	27.4933	-75.6239	-126.662	-100.045	-76.7747	8.37802	11	0	116.276	59.8367	-19.0716	-404.917	59.8367	-19.0716	-404.917	
11795	4351	220.982	458.144	216.705	-530.721	-4.689	-0.87942	1	1	1	1	1	-261.679	-164.818	132.553	-51.9154	353.018	294.555	-262.046	-213.239	-162.729	133.418	39.2281	-54.396	353.29	322.586	293.973	4.1111	6	0	63.0864	-4.65284	-33.7198	662.569	-4.65284	-33.7198	662.569	
11795	5071	361.33	887.871	359.072	17.359	17.109	-0.812196	1	1	1	1	1	-260.463	-173.493	132.126	-127.41	-15.8119	-246.539	-260.687	-220.279	-173.315	133.37	-1.85174	-127.927	-14.9553	-127.544	-247.014	5.06333	15	0	82.9058	17.1458	-22.2584	-142.918	17.1458	-22.2584	-142.918	
11795	5431	114.987	312.952	114.256	-99999	31.045	-0.953542	1	1	1	0	0	-254.567	-232.043	133.058	23.6743	-662.711	-641.435	-254.611	-240.781	-232.201	133.101	78.9892	23.0102	-662.722	-649.151	-641.342	5.89883	11	0	83.6791	31.0795	15.8019	-634.442	31.0795	15.8019	-634.442	
11797	89646	148.283	389.051	146.811	-99999	81.616	-0.99957	1	1	1	1	1	-256.333	-262.32	128.722	-16.9935	-629.059	-614.235	-256.425	-258.191	-262.76	128.81	55.0124	-18.316	-629.06	-622.51	-614.093	5.64835	10	0	81.7218	81.6401	3.76887	-614.557	81.6401	3.76887	-614.557	
11797	24820	329.162	875.469	327.776	-99999	-38.51	-0.885118	1	1	1	1	1	-285.268	-336.845	130.067	-154.279	89.2538	242.467	-285.169	-309.809	-336.832	130.473	-12.2478	-154.886	89.0479	167.007	243.158	9.43392	9	0	140.422	-38.4978	-43.3147	186.09	-38.4978	-43.3147	186.09	
11780	4083	73.628	3054.08	72.003	-99999	-32.337	-0.191589	1	1	1	1	1	-88.4223	-83.9197	133.643	75.6216	-411.511	-378.325	-98.5484	-92.3229	-94.3105	133.643	105.612	75.3996	-411.511	-394.68	-378.378	311.325	10	0	3041.57	-32.3174	-29.2167	-308.155	-9.4574	22.7274	-501.647	
11786	10861	297.474	724.016	297.262	-99999	-22.89	-0.947542	1	1	1	1	1	-193.01	-141.07	131.759	-154.604	-419.678	-368.324	-200.219	-176.456	-148.238	131.95	-10.5084	-154.604	-419.725	-386.122	-368.324	6.06456	6	0	111.996	-22.8734	-31.4118	-383.844	-22.8734	-31.4118	-383.844	
11780	5455	282.186	567.115	275.126	-99999	22.281	-0.955128	1	1	1	1	1	-124.266	-100.792	125.365	-145.695	575.101	597.185	-117.473	-110.409	-92.847	128.175	-10.4063	-149.363	574.261	594.406	596.392	4.10275	15	0	80.2986	22.3062	-27.2448	594.225	22.3062	-27.2448	594.225	
11782	7259	311.962	719.263	307.293	24.2099	24.192	-0.866803	1	1	1	1	1	-224.848	-181.145	129.537	-124.53	-437.046	-602.496	-225.139	-210.602	-180.832	132.848	3.43607	-125.14	-435.141	-520.82	-602.898	5.21768	14	0	79.0997	24.2302	-28.5713	-534.336	24.2302	-28.5713	-534.336	
11797	25870	187.995	492.964	186.72	-99999	106.121	-0.951008	0	0	0	0	0	-135.374	-94.5862	129.449	-49.3805	552.728	587.507	-102.354	-81.1964	-61.2796	130.305	40.5546	-49.7433	552.545	570.767	587.546	4.31845	8	0	46.4788	70.8184	-41.0608	-598.16	70.8184	-41.0608	-598.16	
11797	25960	329.229	762.404	321.458	-99999	93.348	-0.880931	1	1	1	1	1	-236.724	-100.304	132.508	-154.953	793.155	818.983	-207.769	-130.939	-70.1617	132.995	-12.1833	-161.988	793.144	802.536	820.237	4.23232	7	0	76.8376	93.3652	-50.3022	808.731	93.3652	-50.3022	808.731	
11782	13754	70.5706	201.517	70.5672	-99999	-9.922	-0.886857	1	1	1	0	0	-237.113	-278.103	132.73	76.131	481.303	484.18	-237.101	-254.367	-278.091	132.73	102.094	76.131	481.303	482.759	484.18	4.99248	6	0	74.22	-10.9287	-7.77464	660.112	-10.9287	-7.77464	660.112	
11759	287	288.549	708.982	287.173	-17.8489	-19.162	-0.931396	1	1	1	1	1	-284.979	-176.862	133.083	-131.995	194.197	197.011	-285.054	-230.277	-176.399	133.275	0.202271	-133.051	194.193	203.544	196.855	6.95489	6	0	79.8535	-19.1314	-17.7521	204.025	-19.1314	-17.7521	204.025	
11759	2537	127.128	340.75	126.793	-99999	112.968	-0.946781	1	1	1	0	0	-213.379	-228.504	132.943	16.6341	-77.6638	-32.6928	-213.489	-215.951	-228.643	133.228	74.3221	16.6148	-77.7584	-54.3919	-32.6895	6.64417	8	0	86.5442	112.995	10.1807	-41.6666	112.995	10.1807	-41.6666	
11782	12052	152.382	501.799	152.378	-99999	74.282	-0.877795	0	0	0	0	0	-277.033	-227.754	133.26	-4.47382	-352.038	-310.486	-277.118	-255.882	-227.839	133.26	63.5024	-4.47382	-352.038	-330.305	-310.486	18.2226	12	0	163.313	-41.4478	-10.1236	-802.304	-41.4478	-10.1236	-802.304	
11795	18056	96.712	333.597	93.4731	-99999	64.704	-0.94859	1	1	1	1	1	-96.4289	-81.6359	133.555	45.7852	-10.4946	14.3962	-76.1673	-68.5452	-61.2355	133.555	88.2501	45.1937	-10.4946	3.70714	14.5861	9.7993	6	0	163.205	64.7183	4.90765	25.0293	64.7183	4.90765	25.0293	
11795	26170	330.527	817.777	329.719	-99999	-41.525	-0.928208	1	1	1	1	1	-342.009	-218.749	133.127	-171.302	-137.592	-155.375	-342.21	-278.904	-218.676	133.775	-18.3666	-171.402	-137.527	-149.013	-155.378	6.37688	7	0	108.919	-41.5031	-14.7931	-150.599	-41.5031	-14.7931	-150.599	
11797	46504	414.544	998.217	414.53	68.7432	67.678	-0.701175	1	1	1	1	1	-349.111	-154.355	133.213	-140.736	-291.622	-59.7145	-349.111	-239.449	-154.355	133.213	-8.49184	-140.736	-291.622	-187.75	-59.7145	6.14765	11	0	95.2208	67.7106	-9.98849	-76.4618	67.7106	-9.98849	-76.4618	
11786	7231	235.746	1085.07	235.215	-99999	115.361	-0.965883	0	0	0	0	0	-214.624	-229.33	131.438	24.5799	-390.98	-253.736	-214.756	-229.691	-229.563	131.438	20.8271	24.1975	-390.98	-369.751	-253.409	14.9625	12	0	808.751	37.991	29.2162	-371.635	37.991	29.2162	-371.635	
11795	25967	38.155	128.836	36.9839	-99999	32.076	-0.888228	1	0	0	0	0	-266.197	-280.049	133.541	100.212	340.038	348.006	-266.155	-273.362	-280.393	133.7	116.591	99.2782	340.004	344.365	348.122	5.47002	10	0	81.5682	32.1025	42.4511	358.602	32.1025	42.4511	358.602	
11761	2412	164.714	384.805	161.88	-99999	93.537	-0.760014	1	1	1	1	1	-233.844	-331.684	132.755	5.52494	626.635	627.049	-233.951	-281.857	-333.53	132.755	66.2723	3.29632	626.635	619.703	626.933	4.12981	6	0	62.2387	83.6644	-32.0286	533.981	83.6644	-32.0286	533.981	
11797	97628	158.902	400.408	154.776	-99999	67.635	-0.940606	1	1	1	0	0	-129.046	-119.501	132.404	-15.8361	-480.013	-439.173	-108.091	-97.6564	-98.0311	133.417	57.8996	-18.7303	-480.311	-458.207	-438.334	15.9849	8	0	102.838	67.6464	12.2212	-450.682	67.6464	12.2212	-450.682	
11797	97628	74.5316	259.56	73.3496	-99999	-8.779	-0.810163	1	1	1	1	1	-277.949	-316.843	-118.379	-58.6577	-894.922	-877.593	-317.225	-297.45	-277.701	-58.0509	-88.3457	-118.726	-877.391	-886.323	-895.014	7.83284	70	0	259.56	-8.56358	65.9608	-178.748	67.6464	12.2212	-450.682	
11786	23808	239.141	566.538	237.93	-301.99	84.414	-0.874856	0	0	0	0	0	-253.553	-192.268	131.725	-70.2104	-518.602	-625.449	-253.717	-214.882	-192.116	132.291	29.9381	-70.6471	-518.337	-566.294	-625.758	5.55047	13	0	74.0881	87.1594	-59.9081	296.221	87.1594	-59.9081	296.221	
11797	48391	127.322	329.093	126.63	-99999	78.081	-0.85959	1	1	1	0	0	-329.269	-304.933	133.73	27.9484	37.8556	101.798	-329.363	-320.885	-304.9	133.928	79.2707	27.5247	37.74	68.8912	101.92	5.89121	12	0	82.3349	72.3248	-4.2811	-136.832	72.3248	-4.2811	-136.832	
11797	48571	158.585	551.475	156.192	-978.442	105.029	-0.875846	0	0	0	0	0	-163.692	-222.178	132.25	5.32019	-716.984	-648.374	-163.063	-193.633	-222.178	134.347	70.931	5.32019	-717.93	-681.729	-648.374	5.36859	6	0	55.6735	82.9955	-22.5672	792.388	82.9955	-22.5672	792.388	
11780	15671	203.532	486.604	203.509	-99999	100.094	-0.949053	1	1	1	1	1	-270.714	-245.583	133.047	-56.8309	-278.777	-212.473	-270.829	-256.163	-245.697	133.047	38.8051	-56.8309	-278.777	-244.076	-212.473	6.79102	10	0	85.3242	100.128	-9.45804	-233.355	100.128	-9.45804	-233.355	
11789	24134	178.068	484.099	176.802	-99999	108.353	-0.962204	0	0	0	0	0	-309.435	-337.175	133.294	-33.7851	-10.6183	38.3098	-309.482	-319.289	-337.509	133.841	49.2094	-34.4204	-10.7437	14.6029	38.4633	6.23628	10	0	81.0484	-999999	-999999	-999999	-999999	-999999	-999999	
11797	72836	143.942	411.488	143.406	88.0246	87.664	-0.823274	1	1	1	0	0	-191.569	-228.982	133.167	30.0089	524.644	436.139	-191.569	-209.317	-229.045	133.167	75.8749	29.9566	524.644	484.972	435.668	5.33635	11	0	121.497	87.7004	9.36326	466.306	87.7004	9.36326	466.306	
11797	75806	253.527	1038.63	252.347	16.0725	17.592	-0.769566	1	1	1	1	1	-115.346	-236.058	133.828	-70.6963	-865.854	-782.992	-115.182	-178.203	-236.406	134.119	34.0652	-71.3769	-866.028	-821.225	-782.778	7.01483	9	0	76.0157	17.6294	-1.03933	-779.911	17.6294	-1.03933	-779.911	
11795	31478	327.219	873.798	325.672	-40.9429	-42.402	-0.840039	1	1	1	1	1	-283.54	-93.6202	130.324	-131.955	155.717	188.424	-283.657	-188.954	-93.0098	130.549	-1.64305	-132.812	155.682	173.331	188.544	4.41512	14	0	44.8997	-42.379	-54.4224	185.633	-42.379	-54.4224	185.633	
11795	4339	731.172	2184.77	730.863	55.6423	54.095	-0.371187	1	1	1	1	1	-209.459	-235.359	128.301	-164.762	368.084	-298.694	-209.454	-222.821	-235.359	128.388	-21.6457	-164.761	368.293	35.8069	-298.706	4.18063	11	0	61.6729	54.1588	-25.0617	13.5383	54.1588	-25.0617	13.5383	
11795	16945	220.288	569.87	219.787	71.7528	70.585	-0.943382	1	1	1	1	1	-241.278	-162.481	132.13	-71.6982	-143.991	-139.886	-241.433	-201.711	-162.481	132.602	30.3755	-71.6982	-144.03	-134.558	-139.886	9.03546	8	0	108.69	66.1147	-21.5623	146.038	66.1147	-21.5623	146.038	
11761	8856	209.591	532.755	208.755	-99999	70.145	-0.974516	1	1	1	1	1	-199.975	-221.448	132.7	-71.3113	392.309	353.818	-188.952	-199.894	-210.421	132.7	30.2217	-72.111	392.309	373.396	353.594	4.94121	11	0	53.4157	70.1797	-25.6685	361.105	70.1797	-25.6685	361.105	
11797	78582	246.53	576.518	246.464	-99999	-34.315	-0.933239	1	1	1	1	1	-335.968	-271.885	128.936	-106.105	199.099	229.432	-335.929	-299.981	-271.833	128.936	13.183	-106.16	199.099	221.194	229.455	4.8643	15	0	93.3811	-34.2893	-3.51146	221.834	-34.2893	-3.51146	221.834	
11795	9790	322.816	791.293	322.57	25.5133	24.308	-0.306822	1	1	1	1	1	-184.772	-293.52	132.486	25.4262	453.949	736.272	-184.705	-243	-293.52	132.561	78.9286	25.4262	453.731	594.114	736.272	11.4433	11	0	83.0043	24.3766	13.2865	652.274	24.3766	13.2865	652.274	
11782	12196	305.83	848.979	305.621	113.008	114.793	-0.994819	0	0	0	0	0	-181.115	-238.472	132.572	-165.182	-217.061	-197.22	-181.115	-199.052	-238.518	132.572	-18.6673	-165.374	-217.061	-205.267	-197.195	58.2491	10	0	161.627	32.8151	43.1457	565.395	32.8151	43.1457	565.395	
11786	4707	298.754	1211.54	297.979	-99999	104.135	-0.926994	0	0	0	0	0	-133.465	-242.499	117.39	-158.801	888.407	863.571	-100.855	-155.564	-210.185	117.39	-21.0091	-159.514	888.407	875.579	863.535	5.50427	6	0	209.281	24.8444	-23.9184	608.207	24.8444	-23.9184	608.207	
11786	4707	239.261	549.214	234.174	-99999	24.821	-0.951233	1	1	1	1	1	-148.471	-99.1329	129.886	-96.468	589.641	617.386	-140.729	-107.622	-90.9683	129.987	16.0381	-101.274	589.629	604.486	618.591	5.56862	13	0	87.1459	24.8444	-23.9184	608.207	24.8444	-23.9184	608.207	
11786	4977	102.527	266.979	102.452	-99999	104.425	-0.659669	0	0	0	0	0	-309.636	-337.406	133.901	58.6785	-556.339	-492.776	-309.756	-323.837	-337.547	133.901	96.9882	58.6236	-556.339	-523.743	-492.733	4.07321	15	0	71.888	44.459	-73.9545	824.11	44.459	-73.9545	824.11	
11775	5819	70.4847	202.442	65.5622	-99999	44.289	-0.956308	0	0	0	0	0	-85.3704	-90.4545	132.414	69.6409	-720.537	-710.552	-71.4254	-75.4206	-76.5114	133.232	101.367	68.8323	-720.8	-713.381	-710.781	12.3529	9	0	96.3107	44.3087	21.5198	-508.741	44.3087	21.5198	-508.741	
11780	18661	335.063	814.368	334.836	-99999	71.78	-0.85923	1	1	1	1	1	-128.494	-221.599	133.02	-144.926	736.045	578.81	-117.183	-158.424	-210.319	133.212	-11.5614	-144.926	736.152	663.103	578.81	8.04571	8	0	90.6591	71.8075	-20.3672	653.953	85.1975	-5.55737	657.658	
11780	19021	186.534	476.732	184.737	73.6914	73.987	-0.948068	1	1	1	1	1	-222.823	-176.216	131.305	-35.6745	448.217	388.248	-223.055	-194.635	-176.182	132.381	47.6476	-36.2569	448.485	422.538	387.975	9.79087	14	0	81.9405	74.0024	-9.93231	408.039	74.0024	-9.93231	408.039	
11797	68901	219.558	595.214	218.367	-99999	85.075	-0.699983	1	1	1	1	1	-74.7455	-223.555	127.886	-31.7401	196.257	192.212	-61.3055	-137.527	-210.741	127.955	48.9952	-32.6688	196.256	194.682	192.092	5.56248	6	0	87.2975	85.1162	-12.9356	192.582	85.1162	-12.9356	192.582	
11797	76090	229.263	861.481	227.967	-99999	114.44	-0.789164	0	0	0	0	0	-162.497	-228.656	132.75	-33.9116	-265.455	-405.935	-144.349	-180.191	-210.811	133.168	50.3716	-34.5757	-265.188	-335.839	-406.301	27.1753	15	0	150.26	94.7357	59.5662	798.543	-43.3843	49.7565	-810.182	
11797	94599	89.6628	242.584	89.5247	-99999	40.338	-0.704343	1	1	1	0	0	-278.526	-269.302	133.183	68.1901	232.682	292.43	-278.572	-271.833	-269.348	133.183	100.803	68.1901	232.682	262.679	292.43	7.56669	14	0	81.1311	40.3734	24.7383	278.594	40.3734	24.7383	278.594	
11797	10060	286.637	722.495	283.811	-99999	57.764	-0.693359	1	1	1	1	1	-241.209	-297.106	132.712	-62.3151	-219.431	-22.1365	-241.242	-271.829	-297.792	132.793	31.3585	-64.2241	-219.509	-123.033	-20.3217	4.47375	14	0	73.2387	57.774	-14.0094	-88.9414	57.774	-14.0094	-88.9414	
11797	95454	198.699	495.746	197.849	-99999	79.702	-0.959263	1	1	1	1	1	-230.92	-226.812	132.121	-56.5528	49.3029	104.081	-205.98	-206.429	-201.797	132.349	36.9723	-56.769	49.2367	76.7536	104.104	6.72545	6	0	88.3502	79.7205	-8.70818	72.2701	79.7205	-8.70818	72.2701	
11797	97974	91.0548	223.065	89.5996	-99999	51.773	-0.764961	1	1	1	1	1	-159.117	-218.206	132.626	66.3047	-521.152	-509.607	-150.26	-180.293	-210.233	133.516	99.8717	66.0606	-521.318	-515.151	-509.58	4.38516	9	0	55.498	50.664	-18.8645	-523.193	50.664	-18.8645	-523.193	
11795	15143	318.95	773.581	311.487	49.7288	49.544	-0.475997	1	1	1	1	1	-196.486	-273.424	126.317	-116.482	369.447	547.003	-194.672	-235.699	-273.388	130.323	10.0139	-116.689	363.872	459.552	547.217	13.2528	18	0	90.5998	49.581	-32.4308	484.286	49.581	-32.4308	484.286	
11772	34	305.93	718.604	305.728	59.1472	57.16	-0.922288	1	1	1	1	1	-304.26	-173.65	133.662	-135.613	-39.1036	-89.5218	-304.321	-244.681	-173.65	133.843	-5.62544	-135.613	-39.0609	-58.0976	-89.5218	4.50284	11	0	74.1984	63.4469	23.8789	-268.242	-23.2031	-14.1228	54.2206	
11774	3988	208.807	511.341	208.146	-99999	90.692	-0.447917	1	1	1	1	0	-113.015	-89.4375	130.188	44.1028	619.843	807.793	-84.6431	-72.686	-60.9899	130.304	86.4308	43.9839	619.615	713.576	808.172	8.86631	9	0	47.49	90.7409	36.733	788.422	90.7409	36.733	788.422	
11772	28	215.756	571.744	213.986	-99999	-26.05	-0.879948	1	1	1	1	1	-302.306	-346.662	132.408	-49.82	508.631	609.21	-302.276	-320.794	-347.105	132.408	37.4522	-50.8209	508.631	556.152	610.584	9.88569	22	0	147.503	-20.1405	-38.4823	-589.309	-39.7705	-32.9084	432.067	
11772	1153	236.052	571.384	234.325	-18.5011	-19.725	-0.743973	1	1	1	1	1	-206.606	-343.589	129.63	-38.3392	232.875	315.239	-205.554	-277.688	-343.589	130.906	42.7814	-38.3392	232.426	261.453	315.239	4.6415	8	0	75.393	-19.6914	-10.4105	289.158	-19.6914	-10.4105	289.158	
11789	24812	45.3168	113.369	44.8798	-99999	6.874	-0.376925	1	1	0	0	0	-265.279	-303.603	133.478	116.33	-785.76	-769.918	-265.287	-284.617	-303.987	133.478	124.654	116.173	-785.76	-777.897	-769.761	5.73066	8	0	56.3185	6.91421	57.9758	-762.199	6.91421	57.9758	-762.199	
11786	23614	337.653	794.679	335.864	-99999	48.34	-0.8878	1	1	1	1	1	-262.467	-334.489	133.539	-166.436	-789.913	-661.265	-262.522	-291.83	-335.116	133.539	-19.0005	-168.102	-789.913	-723.89	-660.978	4.05881	12	0	80.8548	48.3508	-33.9052	-698.18	48.3508	-33.9052	-698.18	
11797	68903	296.055	3961.8	294.445	35.0904	33.547	-0.818842	1	1	1	1	1	-347.696	-187.746	133.588	-89.9564	406.383	303.874	-347.912	-270.396	-187.161	133.959	17.5183	-90.9178	406.506	358.474	303.611	5.35706	9	0	114.503	33.5658	8.0694	361.696	33.5658	8.0694	361.696	
11797	40732	254.381	683.938	251.427	-24.8473	-24.843	-0.939864	1	1	1	1	1	-213.214	-178.182	130.877	-111.488	439.603	486.016	-213.401	-187.653	-177.938	131.428	9.2046	-113.476	439.536	462.178	486.293	4.61532	9	0	126.989	-24.8073	-26.1141	456.992	-24.8073	-26.1141	456.992	
11797	41452	264.464	772.968	262.866	-99999	44.895	-0.980957	1	1	1	1	1	-129.021	-162.931	128.816	-123.269	563.205	504.998	-114.849	-127.567	-148.922	130.247	0.467013	-123.382	563.456	541.902	504.948	4.64388	13	0	187.83	44.9227	-14.5518	535.779	44.9227	-14.5518	535.779	
11786	4272	360.876	965.393	356.823	91.0862	92.486	-0.816777	1	1	1	1	1	-140.952	-328.945	132.852	-151.173	71.6993	177.81	-140.944	-236.028	-330.971	132.867	-10.5559	-154.455	71.6938	125.841	178.974	4.369	8	0	121.007	92.5121	-53.4039	150.338	92.5121	-53.4039	150.338	
11797	86933	51.3221	35.3907	47.0487	-99999	-3.897	-0.900531	1	1	1	1	1	-149.01	-142.862	132.158	89.5981	702.704	721.757	-150.231	-146.973	-142.979	132.158	108.925	85.6879	702.704	713.087	722.938	5.55684	7	0	28.4887	-3.87699	-28.2476	760.135	-3.87699	-28.2476	760.135	
11775	6928	314.106	750.075	313.588	-99999	44.198	-0.728828	1	1	1	1	1	-322.135	-232.791	131.978	-95.4898	-268.419	-72.9324	-322.292	-276.004	-232.842	132.35	18.3509	-95.4898	-268.76	-171.497	-72.9324	5.54748	15	0	85.2026	44.2272	-3.04977	-162.58	44.2272	-3.04977	-162.58	
11797	65340	185.142	450.615	184.123	-99999	16.624	-0.841616	1	1	1	1	1	-124.446	-204.334	129.678	-34.2015	638.466	643.059	-118.69	-166.967	-199.128	130.53	51.8077	-34.2015	638.42	644.199	643.059	4.21706	11	0	90.4354	16.647	2.54423	635.398	16.647	2.54423	635.398	
11797	68716	56.5201	170.296	51.4861	-99999	70.676	-0.705265	1	1	1	0	0	-100.415	-84.5355	129.976	94.1021	326.91	360.236	-78.4502	-69.7094	-60.8969	130.341	110.382	91.16	326.584	344.578	363.312	6.36735	6	0	84.5749	70.698	39.5119	28.5896	70.698	39.5119	28.5896	
11797	65190	33.4102	145.633	31.2935	-99999	113.01	-0.729087	0	0	0	0	0	-167.964	-163.217	133.75	106.183	-856.443	-843.952	-132.576	-127.572	-127.955	133.75	119.886	104.488	-856.443	-849.062	-843.313	15.9999	14	0	117.2	-999999	-999999	-999999	-999999	-999999	-999999	
11797	89024	147.697	498.802	147.228	-99999	59.871	-0.668932	1	1	1	1	1	-160.332	-219.972	130.262	33.3992	-419.281	-512.734	-150.745	-180.917	-210.564	130.577	81.8283	33.3992	-418.984	-465.528	-512.734	6.40042	14	0	69.162	59.9062	-29.1118	-564.905	59.9062	-29.1118	-564.905	
11782	12531	124.357	202.913	122.365	-99999	64.408	-0.964364	1	1	0	0	0	-336.617	-334.275	132.935	25.2994	758.255	808.37	-336.701	-332.199	-334.349	133.48	79.488	25.2994	758.109	780.919	808.37	6.5197	11	0	70.1797	64.4271	46.6289	786.832	64.4271	46.6289	786.832	
11789	499	135.414	318.876	129.409	-99999	71.079	-0.897124	1	1	1	0	0	-276.914	-306.464	133.742	18.2813	125.5	170.577	-276.995	-285.076	-310.466	133.742	71.1404	13.8319	125.5	149.802	171.488	5.45704	6	0	54.6954	71.1063	18.6746	166.458	71.1063	18.6746	166.458	
11780	18473	407.627	1005.7	407.229	-33.3108	-33.356	-0.382951	1	1	1	1	1	-148.63	-260.419	130.428	-159.533	507.881	246.718	-148.63	-210.793	-260.501	130.428	-10.9171	-159.749	507.881	375.499	246.411	4.99017	8	0	87.2539	-33.3156	-17.3834	178.959	-33.3156	-17.3834	178.959	
11786	9065	293.006	752.854	291.663	-99999	-2.911	-0.965102	1	1	1	1	1	-231.049	-151.768	131.682	-148.302	506.772	516.013	-231.373	-194.45	-151.747	132.883	-8.76818	-148.389	506.762	509.62	515.997	11.7654	10	0	101.614	-2.87637	-36.53	513.519	-2.87637	-36.53	513.519	
11789	10178	170.063	479.922	168.839	-99999	108.664	-0.999194	0	0	0	0	0	-285.733	-272.727	132.752	-35.3494	-104.788	-107.744	-285.852	-281.023	-272.681	133.012	48.2111	-36.2879	-104.78	-107.815	-107.762	6.21342	8	0	106.179	68.0683	-19.8281	-402.776	68.0683	-19.8281	-402.776	
11780	17985	283.606	742.578	272.733	81.4889	81.971	-0.963417	1	1	1	1	1	-232.177	-169.669	131.767	-128.349	800.601	842.43	-232.188	-203.173	-169.303	131.845	-3.73382	-138.897	800.583	829.741	843.753	8.5742	23	0	107.951	82.0033	-25.3689	784.621	82.0033	-25.3689	784.621	
11780	18435	217.521	533.685	216.118	-99999	29.523	-0.992392	1	1	1	1	1	-298.623	-314.79	131.135	-36.9137	-549.459	-491.338	-298.597	-308.503	-314.907	131.599	23.4568	-37.2789	-549.452	-554.563	-490.863	5.37291	8	0	39.1875	29.5445	-26.6346	-564.679	29.5445	-26.6346	-564.679	
11780	19335	187.977	819.295	187.974	-99999	34.24	-0.51402	1	1	1	1	1	-66.6996	-216.376	96.6377	3.44885	-329.734	-394.705	-61.319	-136.405	-210.995	96.6377	50.7602	3.44885	-329.734	-362.697	-394.705	4.60168	12	0	277.458	34.2847	-23.9528	-288.064	34.2847	-23.9528	-288.064	
11797	12079	330.155	746.095	329.155	-99999	-24.64	-0.866931	1	1	1	1	1	-253.084	-289.529	131.578	-145.255	-706.152	-532.553	-252.991	-268.312	-289.501	132.448	-7.82138	-145.255	-706.631	-621.155	-532.553	4.53459	12	0	81.7364	-24.6096	-27.913	-606.233	-24.6096	-27.913	-606.233	
11797	56186	207.658	547.168	197.408	-99999	-17.849	-0.697703	1	1	1	1	1	-222.239	-333.174	127.917	-5.3609	-433.307	-339.001	-222.218	-280.613	-339.222	127.917	57.8041	-11.3432	-433.307	-383.771	-333.313	11.4554	10	0	114.237	-17.8293	-16.089	-341.456	-17.8293	-16.089	-341.456	
11797	27017	363.174	1182.62	357.769	-27.2041	-26.393	-0.711916	1	1	1	1	1	-97.4564	-346.553	133.322	-115.782	-715.17	-653.01	-97.4439	-224.323	-350.164	133.336	7.48465	-119.665	-715.174	-683.195	-652.123	27.6055	14	0	265.539	-26.3648	-56.6944	-662.198	-26.3648	-56.6944	-662.198	
11797	29267	159.859	450.333	158.666	-30.3362	-27.712	-0.950633	1	1	1	1	1	-247.431	-193.724	132.189	-14.3738	-301.948	-308.412	-247.707	-218.801	-193.626	133.064	58.653	-14.5871	-301.909	-299.675	-308.544	6.1739	13	0	83.3973	-27.6847	-1.03174	-298.42	-27.6847	-1.03174	-298.42	
11797	81133	350.918	805.724	348.807	-99999	71.656	-0.999565	1	1	1	1	1	-328.96	-328.502	133.067	-168.609	560.349	718.627	-329.042	-321.644	-328.826	133.067	-21.0027	-170.219	560.349	637.438	719.801	5.89377	18	0	91.4324	71.6853	-22.1749	639.411	71.6853	-22.1749	639.411	
11782	4341	77.7864	214.904	77.6905	-99999	40.904	-0.694777	0	0	0	0	0	-95.8246	-74.0993	-167.492	-113.482	-886.634	-835.189	-61.2905	-72.1716	-83.0375	-113.482	-140.455	-167.56	-835.189	-861.01	-886.698	4.03794	238	0	214.904	40.9388	-101.003	-813.882	40.9388	-101.003	-813.882	
11759	2242	236.2	687.44	236.179	-99999	-21.608	-0.948581	1	1	1	1	1	-260.95	-247.581	132.821	-94.8685	-180.983	-122.75	-260.925	-247.537	-247.556	132.821	19.3848	-94.8685	-180.983	-151.839	-122.75	20.8386	10	0	192.825	-21.5778	-17.6623	-149.081	-21.5778	-17.6623	-149.081	
11759	1455	69.9954	4378.3	68.2754	-99999	-33.833	-0.969033	1	0	0	0	0	-76.6851	-81.3721	133.631	68.7022	-410.314	-413.649	-87.3364	-84.7848	-92.2213	133.962	99.5475	68.2604	-410.24	-414.32	-413.985	9.80436	19	0	4272.82	-41.3992	-10.611	253.163	67.2608	48.3918	-765.883	
11782	5590	25.8982	114.164	25.4087	-99999	49.534	-0.857709	0	0	0	0	0	-213.499	-225.601	132.047	109.93	-248.921	-246.024	-197.745	-204.268	-210.09	132.467	121.415	109.93	-248.982	-247.255	-246.024	4.01612	9	0	96.7738	49.5686	27.3641	-234.195	49.5686	27.3641	-234.195	
11775	6271	38.182	142.178	31.0436	-99999	93.379	-0.979786	1	0	0	0	0	-316.404	-316.58	132.779	103.949	-736.67	-728.65	-316.425	-315.537	-318.011	134.127	116.751	99.8213	-736.35	-732.12	-726.309	7.51054	8	0	106.018	93.4129	52.9243	-740.291	93.4129	52.9243	-740.291	
11797	31629	148.792	399.733	148.001	-33.3389	-32.895	-0.841982	1	1	1	1	1	-245.504	-196.648	132.723	-3.56052	434.334	456.388	-245.588	-213.77	-196.47	132.873	67.6272	-4.13855	434.289	449.883	456.355	5.53057	8	0	82.9115	-32.8602	0.0995303	445.166	-32.8602	0.0995303	445.166	
11789	18383	312.577	850.892	310.296	-33.4009	-34.028	-0.958657	1	1	1	1	1	-201.712	-285.292	128.067	-168.226	746.223	720.615	-201.063	-249.713	-285.292	130.243	-17.3666	-168.226	746.221	731.19	720.615	5.66893	8	0	81.3646	-37.035	-46.963	495.68	71.915	-91.5099	827.106	
11786	18227	110.131	286.208	109.978	-99999	-33.557	-0.708443	1	1	0	0	0	-289.073	-236.405	133.089	58.3542	87.6192	146.942	-289.079	-259.323	-236.349	133.151	94.422	58.3164	87.575	112.96	146.989	7.17935	16	0	78.8586	-30.4192	7.49719	139.595	-40.7692	16.3963	122.373	
11795	3658	110.986	403.578	101.679	-99999	-28.988	-0.99043	1	1	0	0	0	-262.959	-253.65	132.458	53.1674	70.97	92.9254	-262.926	-264.617	-251.506	132.458	81.6707	52.9733	70.97	69.6568	96.0579	9.09179	15	0	56.3895	-28.9699	25.7752	72.3023	-28.9699	25.7752	72.3023	
11782	7450	369.877	944.097	368.944	-99999	44.732	-0.785101	1	1	1	1	1	-83.9219	-158.327	133.668	-162.278	-177.072	-381.094	-69.7632	-115.378	-144.308	134.256	-11.3072	-162.435	-176.635	-281.116	-381.183	9.2385	11	0	90.6283	44.7607	-6.70253	-281.159	44.7607	-6.70253	-281.159	
11795	11157	201.634	483.607	200.136	-99999	45.078	-0.926171	1	1	1	0	0	-109.777	-169.06	132.058	-51.5249	-853.966	-802.282	-95.3048	-121.418	-154.944	133.443	40.5559	-51.5249	-854.395	-825.381	-802.282	5.55424	6	0	75.5625	45.1066	11.4464	-796.768	45.1066	11.4464	-796.768	
11795	15984	45.4187	170.881	45.2227	-99999	-23.641	-0.982906	1	0	0	0	0	-145.034	-150.999	130.339	85.8931	268.604	268.868	-152.437	-156.16	-158.402	130.339	108.072	85.8931	268.604	268.852	268.868	6.40956	11	0	95.6526	-23.6161	31.5959	254.401	-23.6161	31.5959	254.401	
11795	14665	241.86	642.281	241.84	63.5388	63.918	-0.987313	1	1	1	1	1	-216.922	-189.737	133.138	-105.012	62.1396	38.5396	-216.922	-197.405	-189.737	133.138	14.6441	-105.012	62.1396	48.3793	38.5396	8.84706	8	0	96.2241	63.94	-21.542	41.5116	63.94	-21.542	41.5116	
11795	14665	192.244	689.157	192.218	-99999	9.076	-0.657221	1	1	1	0	0	-318.364	-338.026	134.194	18.0952	-859.923	-710.853	-318.374	-333.246	-338.036	134.194	77.09	18.0952	-859.923	-784.133	-710.853	339.154	16	0	295.465	9.10004	42.952	-751.147	9.10004	42.952	-751.147	
11795	17995	139.329	434.876	138.328	-99999	14.016	-0.975728	1	1	1	0	0	-83.3445	-88.8102	132.375	0.400293	-567.68	-533.152	-79.0147	-78.8338	-84.4212	133.289	66.5885	0.400293	-567.873	-548.091	-533.152	27.6372	6	0	165.077	14.0422	33.2826	-541.862	14.0422	33.2826	-541.862	
11789	2259	225.624	511.579	225.356	-99999	16.499	-0.974085	1	1	1	1	1	-229.545	-225.658	129.504	-86.0729	777.321	838.109	-229.564	-230.875	-225.638	129.504	21.7385	-86.319	777.321	807.643	838.132	8.62566	9	0	93.2948	16.5355	-9.7921	774.827	16.5355	-9.7921	774.827	
11797	48516	489.722	1204.61	488.883	-99999	6.639	-0.536222	1	1	1	1	1	-245.098	-94.6422	133.174	-45.9247	-255.576	168.794	-245.196	-182.416	-94.582	133.467	24.2862	-45.9145	-256.018	-47.2691	168.955	4.90092	12	0	76.955	6.69403	-18.6273	27.0606	6.69403	-18.6273	27.0606	
11795	23996	270.757	753.148	270.569	-99999	49.643	-0.98561	1	1	1	1	1	-227.391	-283.242	132.118	-130.683	-876.552	-862.346	-227.415	-248.958	-283.299	132.298	-0.474577	-130.683	-876.567	-862.227	-862.346	12.5109	6	0	116.101	52.0795	-6.15165	481.063	52.0795	-6.15165	481.063	
11797	68951	111.102	326.199	109.563	-99999	79.505	-0.950142	1	1	1	0	0	-261.727	-215.662	132.779	34.3032	184.686	178.605	-262.113	-240.437	-215.527	133.792	83.3019	33.8899	184.816	177.351	178.591	8.26743	6	0	81.7372	79.5449	15.6444	196.076	79.5449	15.6444	196.076	
11797	50644	60.0273	159.692	59.8888	-99999	114.667	-0.434022	0	0	0	0	0	-317.002	-348.272	134.018	107.68	-705.304	-661.553	-317.133	-332.896	-348.474	134.018	120.87	107.617	-705.304	-683.414	-661.452	5.81119	15	0	55.6387	-7.02756	6.86836	-95.2498	-7.02756	6.86836	-95.2498	
11797	52174	201.076	503.758	199.545	41.7053	41.257	-0.877029	1	1	1	1	1	-177.457	-248.289	132.073	-48.0842	-702.399	-657.484	-177.073	-219.268	-248.382	132.851	44.0383	-48.692	-702.575	-682.009	-657.302	6.66021	10	0	81.8819	41.2941	-6.73766	-664.666	41.2941	-6.73766	-664.666	
11795	16187	100.048	232.871	99.8245	-99999	-19.192	-0.981817	1	1	1	1	0	-266.12	-254.718	132.882	37.5674	-639.58	-615.63	-266.098	-257.848	-254.717	132.882	84.4959	37.3809	-639.58	-630.27	-615.574	4.32526	13	0	31.1221	-23.1038	-19.7704	235.717	-23.1038	-19.7704	235.717	
11789	13613	300.868	7038.27	300.1	-99999	13.053	-0.585939	1	1	1	1	1	-63.5551	-287.844	55.2023	-119.13	432.648	528.441	-63.0239	-173.881	-287.844	55.6012	-32.8704	-119.13	432.455	482.44	528.441	8.90325	8	0	53.7722	13.0324	-25.7211	482.521	13.0324	-25.7211	482.521	
11786	24359	297.5	769.701	296.892	-99999	29.801	-0.976188	1	1	1	1	1	-259.018	-297.996	132.449	-150.112	423.58	494.24	-258.929	-281.301	-298.03	133.025	-12.669	-150.112	423.515	442.474	494.24	4.33239	13	0	96.2285	29.8372	-33.9263	451.367	29.8372	-33.9263	451.367	
11780	4207	198.014	500.705	197.334	-99999	66.848	-0.946544	1	1	1	1	1	-162.202	-228.936	134.09	-46.7667	618.682	595.083	-141.269	-179.496	-208.306	134.09	42.8386	-47.2583	618.682	620.664	594.736	7.41611	12	0	87.6998	66.8801	-2.89881	610.139	66.8801	-2.89881	610.139	
11789	24554	157.694	366.343	157.197	-99999	75.162	-0.817607	1	1	1	1	0	-268.78	-240.778	132.451	8.75607	-789.138	-697.195	-268.866	-251.719	-240.785	132.451	68.6619	8.39185	-789.138	-746.17	-696.896	5.6178	13	0	66.607	75.1898	12.1233	-711.626	75.1898	12.1233	-711.626	
11797	78967	230.011	520.326	229.458	-99999	91.045	-0.969177	1	1	1	1	1	-244.172	-272.59	132.683	-85.7009	-806.812	-750.943	-244.276	-259.285	-272.815	132.683	21.2202	-86.0796	-806.812	-783.267	-750.585	6.19045	10	0	78.4484	91.0742	-13.2587	-754.211	91.0742	-13.2587	-754.211	
11786	27203	355.099	829.578	353.813	113.838	112.378	-0.708185	0	0	0	0	0	-274.151	-113.725	133.051	-101.108	-304.634	-513.079	-274.261	-187.854	-113.583	133.257	18.6603	-101.874	-304.465	-408.698	-513.685	5.0159	17	0	79.9945	-35.3246	-21.6075	556.01	-35.3246	-21.6075	556.01	
11776	3274	183.105	534.301	164.321	105.724	104.242	-0.634096	1	1	1	1	1	-177.174	-304.441	132.657	29.895	-814.801	-799.348	-177.116	-247.674	-319.874	132.706	75.0603	19.8061	-814.809	-805.942	-796.547	12.8483	7	0	144.89	104.279	-10.2317	-778.026	104.279	-10.2317	-778.026	
11782	11212	89.7221	230.072	88.7784	-99999	-47.969	-0.897201	1	1	0	0	0	-134.972	-101.584	133.348	52.4203	539.632	553.833	-150.168	-134.006	-116.375	133.679	92.615	51.9061	539.596	547.473	553.885	5.69416	6	0	78.9767	-47.936	30.6799	548.156	-47.936	30.6799	548.156	
11789	13879	67.7664	219.847	67.6735	-99999	111.698	-0.544759	0	0	0	0	0	-231.022	-279.091	121.621	85.5985	-886.083	-854.952	-231.085	-255.122	-279.219	121.672	103.384	85.5985	-886.126	-870.77	-854.952	6.92623	10	0	70.6031	91.8414	63.6861	797.374	-44.5886	-32.3102	-624.676	
11789	1760	140.562	346.266	139.985	-99999	31.557	-0.943704	1	1	1	1	0	-286.357	-264.592	133.069	3.04386	-764.3	-718.219	-286.427	-274.189	-264.572	133.352	68.138	2.7829	-764.384	-741.559	-718.188	4.85471	9	0	77.9476	31.5878	12.5466	-720.619	31.5878	12.5466	-720.619	
11786	32340	295.042	776.422	295.04	-99999	101.172	-0.841437	0	0	0	0	0	-236.328	-93.2043	132.971	-115.695	607.886	539.321	-204.647	-133.541	-61.5229	132.971	8.80619	-115.695	607.886	572.022	539.321	5.03083	7	0	65.49	86.9671	-33.4778	-651.934	16.4471	-63.4962	-297.677	
11780	15910	323.894	1239.87	313.98	75.6776	76.748	-0.817922	1	1	1	1	1	-112.508	-289.47	133.483	-110.727	-456.819	-369.793	-112.508	-204.141	-294.848	133.483	7.82322	-118.985	-456.819	-411.746	-370.022	18.1694	12	0	377.132	76.7782	-34.3867	-206.13	-2.01183	-12.3062	-249.141	
11795	7221	242.077	711.992	240.823	48.9291	3.669	-0.859829	1	1	1	1	1	-257.902	-146.49	132.237	-75.8353	-609.858	-570.925	-258.148	-193.192	-146.303	132.661	32.3448	-76.5569	-609.893	-591.294	-570.82	5.98377	6	0	93.3119	3.68999	-66.9286	-640.947	49.62	-14.4483	-581.481	
11797	92646	252.242	740.377	251.838	80.422	80.554	-0.993433	1	1	1	1	1	-181.803	-247.799	132.156	-108.525	-305.461	-297	-181.783	-207.958	-247.864	132.407	9.36718	-108.652	-305.446	-312.316	-296.97	11.7897	10	0	154.893	80.5602	-27.7215	-309.053	80.5602	-27.7215	-309.053	
11773	2929	121.626	306.817	116.438	-99999	97.192	-0.803057	0	0	0	0	0	-225.586	-282.308	130.176	35.4943	218.617	253.325	-225.697	-254.056	-286.081	130.176	81.4585	32.0313	218.617	241.157	254.534	5.62186	9	0	74.35	72.4347	17.4077	249.792	72.4347	17.4077	249.792	
11797	34410	208.527	534.045	205.829	-99999	-37.334	-0.860956	1	1	1	1	1	-314.062	-225.665	131.375	-28.4295	499.758	592.702	-314.97	-269.324	-225.622	133.698	49.6731	-28.4295	498.782	540.189	592.702	4.81419	13	0	92.0883	-37.2918	1.27544	554.774	-37.2918	1.27544	554.774	
11797	1096	201.18	506.526	200.462	-99999	38.271	-0.900762	1	1	1	1	0	-257.386	-301.874	117.724	-66.6601	-888.398	-826.309	-257.43	-284.586	-301.91	117.724	26.8085	-67.3345	-888.398	-855.191	-826.079	5.95554	13	0	79.7486	38.2914	-16.7253	-803.141	38.2914	-16.7253	-803.141	
11786	31588	160.504	497.483	160.206	-99999	3.743	-0.79546	1	1	1	0	0	-121.117	-180.516	-3.06673	121.865	-894.676	-814.055	-179.344	-149.188	-119.832	121.865	58.6831	-3.2934	-814.055	-853.157	-894.825	4.30135	436	0	497.483	3.77491	13.253	-805.271	3.77491	13.253	-805.271	
11781	3076	298.11	681.65	297.649	-344.648	60.265	-0.335421	0	0	0	0	0	-62.2549	-279.887	17.963	-78.7317	-335.304	-158.23	-61.937	-171.294	-279.887	18.1097	-31.5709	-78.7317	-335.57	-247.319	-158.23	5.37599	9	0	47.1686	63.6927	25.955	-37.5644	-21.6573	68.8545	-424.399	
11797	51818	128.327	285.106	128.32	-99999	-46.727	-0.980509	1	1	1	1	1	-351.223	-320.718	4.13008	-119.471	457.896	469.819	-351.17	-340.124	-320.665	4.13008	-58.6577	-119.471	457.896	465.014	469.819	4.00111	10	0	72.5903	-46.6874	-35.2908	-0.377023	47.1926	12.0517	843.805	
11775	2383	314.268	795.216	314.203	-99999	-25.775	-0.664647	1	1	1	1	1	-269.912	-279.705	130.872	-96.2766	-654.986	-448.939	-269.883	-286.76	-279.675	130.872	12.973	-96.2798	-654.986	-552.645	-448.934	7.0522	7	0	78.1975	-25.7335	-18.97	-533.886	-25.7335	-18.97	-533.886	
11797	14147	86.427	231.769	85.6107	-99999	5.279	-0.947784	1	1	1	0	0	-86.2292	-106.784	131.666	49.764	483.191	496.423	-84.5029	-95.0806	-105.242	132.026	91.0455	49.34	483.112	491.737	496.447	5.26847	7	0	75.6023	5.31222	28.3684	487.109	5.31222	28.3684	487.109	
11789	11466	172.877	418.896	171.25	-99999	4.226	-0.945919	1	1	1	0	0	-346.388	-286.182	132.628	-19.0204	-851.394	-810.428	-346.784	-323.803	-286.035	133.932	52.1042	-19.1641	-851.608	-835.935	-810.299	4.62434	12	0	78.5328	4.23895	23.8762	-804.57	4.23895	23.8762	-804.57	
11759	1594	65.5566	156.825	58.8647	-99999	-21.343	-0.975079	0	0	0	0	0	-102.198	-88.6193	130.195	73.6882	-133.292	-126.121	-109.302	-104.24	-93.9377	132.717	100.536	69.9808	-133.686	-130.244	-125.02	4.05658	6	0	66.1725	-999999	-999999	-999999	-999999	-999999	-999999	
11797	24152	95.2995	203.282	94.505	-99999	-22.403	-0.898048	1	1	1	0	0	-225.944	-246.889	133.293	47.5141	289.945	320.236	-225.859	-232.958	-247.144	133.524	90.6211	47.1196	289.849	309.25	320.306	6.13802	9	0	82.3405	-22.3691	14.3334	322.854	-22.3691	14.3334	322.854	
11776	679	129.289	312.913	129.16	-99999	38.007	-0.582764	1	1	1	1	0	-106.057	-73.0905	130.52	55.255	120.788	220.433	-94.1554	-77.2742	-61.1576	130.52	92.9308	55.1808	120.788	170.596	220.534	4.05707	6	0	52.1107	38.0458	44.9561	211.818	38.0458	44.9561	211.818	
11797	65580	156.316	398.935	156.313	-99999	-47.109	-0.899751	1	1	1	1	1	-218.233	-269.45	132.697	-12.9384	-389.175	-368.217	-218.179	-247.012	-269.396	132.697	60.5435	-12.9384	-389.175	-381.536	-368.217	5.31209	10	0	74.5294	-47.0761	2.42252	-369.347	-47.0761	2.42252	-369.347	
11797	75780	54.5125	174.239	53.6696	-99999	-28.777	-0.904318	0	0	0	0	0	-251.228	-231.554	132.16	84.3436	480.267	494.265	-251.489	-241.775	-231.521	132.922	108.433	84.3436	480.071	486.986	494.265	5.82641	10	0	87.3559	-28.7398	29.4419	487.317	-28.7398	29.4419	487.317	
11797	50339	151.925	468.716	151.056	-99999	-6.584	-0.714901	0	0	0	0	0	-211.459	-304.161	132.662	23.9084	547.172	596.03	-210.921	-257.454	-304.156	133.277	78.538	23.9061	546.88	571.496	596.031	7.93585	11	0	51.5175	-2.24505	-40.4038	-129.984	-2.24505	-40.4038	-129.984	
11786	19481	234.171	586.555	232.564	-99999	-36.828	-0.955053	1	1	1	1	1	-152.572	-196.061	131.506	-79.8797	-308.313	-226.877	-164.006	-177.915	-207.614	132.68	25.4037	-80.242	-308.656	-264.233	-226.804	6.59846	9	0	81.7598	-36.7989	-12.6435	-260.597	-36.7989	-12.6435	-260.597	
11786	20381	78.1431	782.664	69.4338	-99999	86.73	-0.816664	1	1	1	1	1	-229.104	-239.45	133.002	73.1028	146.49	113.754	-229.204	-235.437	-240.575	133.002	99.5694	66.1469	146.49	127.339	110.419	7.83583	17	0	659.486	86.7588	-25.9214	54.5112	86.7588	-25.9214	54.5112	
11795	28938	98.5208	265.53	98.4587	-99999	97.76	-0.775852	1	1	0	0	0	-146.278	-91.8641	130.158	52.4782	825.004	798.581	-115.701	-88.3586	-61.2512	130.205	91.4023	52.4782	825.021	811.866	798.581	4.40988	9	0	44.2643	97.7862	53.3146	792.064	97.7862	53.3146	792.064	
11797	95807	253.68	634.128	253.642	-99999	48.077	-0.630561	1	1	1	1	1	-251.968	-271.536	130.556	-26.9928	-808.469	-611.189	-252.022	-261.191	-271.591	130.571	53.691	-26.9928	-808.487	-708.108	-611.189	6.00452	15	0	80.0116	48.1062	-0.0522314	-667.992	48.1062	-0.0522314	-667.992	
11761	7068	376.109	909.153	376.094	-17.0902	-16.681	-0.746554	1	1	1	1	1	-132.379	-321.813	133.443	-90.2124	-421.32	-194.817	-132.379	-210.55	-321.813	133.443	6.73522	-90.2124	-421.32	-306.777	-194.817	4.7026	10	0	69.797	-16.6444	-23.8801	-278.568	-16.6444	-23.8801	-278.568	
11795	24585	204.262	474.892	200.39	-99999	-23.929	-0.913373	1	1	1	1	1	-127.919	-104.476	127.136	-60.5172	183.445	247.163	-135.555	-128.874	-111.846	130.272	34.9243	-60.9245	182.05	217.846	247.212	4.61657	7	0	71.5306	-23.8995	-11.8179	220.891	-23.8995	-11.8179	220.891	
11780	9016	267.293	856.811	265.99	-99999	55.364	-0.581617	1	1	1	1	1	-116.963	-78.6602	130.26	-0.841478	175.383	403.484	-99.6636	-79.6305	-61.2106	130.352	63.4121	-1.26019	175.265	289.132	404.542	4.4635	11	0	80.3875	55.4118	-2.0211	361.123	55.4118	-2.0211	361.123	
11789	18153	551.48	1452.9	550.489	-99999	51.933	-0.412606	1	1	1	1	1	-156.649	-190.249	130.288	-135.686	372.073	846.24	-140.387	-162.645	-174.01	130.288	-8.51202	-135.835	372.073	609.076	846.613	6.76618	10	0	49.5617	51.9831	-13.8479	233.259	8.74308	-68.5197	409.602	
11789	20673	336.07	851.082	332.018	65.7957	65.332	-0.891495	1	1	1	1	1	-172.406	-259.834	132.79	-140.299	37.8796	199.873	-172.406	-209.664	-261.034	132.79	-14.4269	-142.378	37.8796	109.713	203.124	7.29898	14	0	84.0525	65.3676	-26.5983	122.531	65.3676	-26.5983	122.531	
11797	73926	324.227	2814.16	320.946	84.8345	84.249	-0.779972	1	1	1	1	1	-331.847	-173.222	134.009	-110.503	452.274	319.563	-331.847	-247.054	-172.281	134.009	13.9691	-112.864	452.274	383.951	317.509	6.61737	14	0	88.0551	89.6575	26.3221	-862.124	-2.01254	-29.2037	572.743	
11797	75006	344.933	933.926	343.577	57.9061	58.427	-0.811723	1	1	1	1	1	-170.199	-321.694	131.61	-141.299	-428.666	-286.697	-169.935	-245.107	-322.021	132.106	-6.29357	-141.952	-428.904	-358.868	-286.57	8.43293	8	0	85.0595	58.46	-38.3493	-336.662	58.46	-38.3493	-336.662	
11797	59040	246.041	681.411	245.763	-99999	98.425	-0.933844	1	1	1	1	1	-311.293	-239.05	133.784	-92.8406	317.403	377.093	-311.405	-275.064	-239.11	133.784	20.9057	-93.1092	317.403	349.822	377.119	4.46989	16	0	118.381	98.4585	-11.3515	358.651	98.4585	-11.3515	358.651	
11797	91015	96.0532	1621.89	85.3734	-99999	3.063	-0.99123	1	1	0	0	0	-211.768	-220.374	126.289	45.0515	366.775	361.051	-211.179	-215.921	-221.078	126.876	81.5827	40.2443	366.683	357.434	368.302	7.7014	10	0	253.316	3.09506	14.1425	355.33	3.09506	14.1425	355.33	
11797	32463	173.399	398.547	172.635	-99999	53.133	-0.84794	1	1	1	1	1	-124.085	-218.809	133.113	-10.9936	-230.29	-236.428	-115.338	-163.929	-210.459	133.762	62.0388	-10.9936	-230.27	-233.261	-236.428	4.1274	8	0	46.1613	53.1637	-27.6338	-241.641	53.1637	-27.6338	-241.641	
11795	19527	323.226	775.403	322.122	-25.6129	-26.256	-0.900083	1	1	1	1	1	-256.051	-130.203	132.421	-141.836	114.316	5.8998	-256.162	-199.021	-129.891	132.72	-10.2095	-142.459	114.411	65.3942	5.59828	6.81652	11	0	77.9783	-26.2145	-41.0527	87.3063	-26.2145	-41.0527	87.3063	
11797	11961	334.449	9615.75	334.444	21.1146	21.456	-0.756669	1	1	1	1	1	-260.496	-91.7096	132.928	-120.794	766.082	631.758	-260.496	-168.488	-91.7096	132.928	11.5276	-120.794	766.082	697.321	631.758	4.46799	8	0	71.7418	21.4892	-42.9844	666.836	21.4892	-42.9844	666.836	
11797	12095	216.052	488.185	216.02	-99999	-8.775	-0.819735	1	1	1	1	1	-336.503	-298.286	132.331	-45.36	-258.844	-145.013	-336.492	-321.642	-298.276	132.331	45.4806	-45.36	-258.844	-196.603	-145.013	4.59963	11	0	71.413	-8.74892	10.0155	-589.558	-8.74892	10.0155	-589.558	
11789	11964	912.562	2081.14	907.878	-99999	50.802	-0.43166	1	1	1	1	1	-283.673	-311.012	131.988	-76.1186	-413.087	399.337	-283.669	-316.232	-310.953	132.274	-6.92966	-76.037	-413.687	19.0713	399.761	8.5324	12	0	120.8	50.8524	-14.8022	98.4512	12.1624	18.8059	66.4766	
11773	2898	81.6425	295.215	80.6264	-99999	-37.423	-0.762438	0	0	0	0	0	-282.544	-238.868	133.276	66.3044	-813.07	-807.367	-283.141	-258.264	-238.825	134.059	102.029	66.3044	-813.141	-808.901	-807.367	22.3683	7	0	144.342	11.5431	-13.7879	425.075	11.5431	-13.7879	425.075	
11789	3899	408.35	904.491	405.132	-25.0445	-25.034	-0.663235	1	1	1	1	1	-344.018	-180.694	133.007	-163.886	839.162	623.015	-344.412	-251.223	-180.217	133.581	-4.75899	-166.055	839.675	722.009	622.28	4.31489	12	0	62.2475	-24.996	-0.440311	725.073	-24.996	-0.440311	725.073	
11786	16655	229.088	567.48	228.998	-99999	46.909	-0.751685	1	1	1	1	1	-223.046	-76.031	127.709	-47.1345	472.466	456.756	-208.357	-134.904	-61.2835	127.709	40.2145	-47.1981	472.466	464.243	456.743	4.24103	10	0	51.8069	46.9225	-31.6319	447.044	46.9225	-31.6319	447.044	
11797	27049	261.366	639.427	260.733	-99999	63.616	-0.457355	1	1	1	1	1	-228.071	-339.206	132.093	-0.498684	-486.856	-292.255	-227.838	-282.438	-339.279	132.378	65.9412	-0.498684	-487.331	-389.101	-292.255	5.9377	15	0	84.088	63.6507	14.8962	-345.912	63.6507	14.8962	-345.912	
11797	22987	326.061	972.889	325.998	-99999	103.483	-0.914152	0	0	0	0	0	-153.391	-139.791	128.862	-169.863	159.557	29.9277	-120.988	-114.772	-107.386	128.908	-20.6641	-169.863	159.577	95.1568	29.9277	4.37593	10	0	133.235	36.134	-32.6037	278.198	36.134	-32.6037	278.198	
11797	6686	62.4981	175.941	61.8208	-99999	-0.433	-0.907587	1	0	0	0	0	-351.809	-333.386	133.369	77.2487	560.024	577.328	-352.004	-341.384	-333.384	133.979	106.413	77.2431	559.867	569.971	577.329	5.58824	9	0	77.9268	-0.407531	68.9752	581.717	-0.407531	68.9752	581.717	
11786	10330	23.0205	86.702	19.1521	-466.893	10.634	-0.0234226	0	0	0	0	0	-240.271	-237.565	83.0192	71.5873	891.405	881.187	-237.957	-238.175	-235.893	83.0703	80.484	71.295	893.481	882.781	881.192	4.23484	16	0	86.702	-34.6139	48.805	-203.142	-34.6139	48.805	-203.142	
11782	939	215.113	519.714	214.428	-99999	37.631	-0.954127	1	1	1	1	1	-326.493	-295.14	133.163	-65.33	-536.672	-464.214	-326.539	-315.329	-295.131	133.27	34.1597	-65.8847	-536.706	-497.036	-464.103	4.56053	11	0	83.3673	37.6469	-9.9809	-486.658	37.6469	-9.9809	-486.658	
11782	1299	187.75	514.412	178.038	-99999	35.094	-0.112609	1	1	1	1	1	-182.121	-215.934	131.064	78.6845	269.062	435.82	-176.615	-192.549	-210.445	130.382	106.175	78.6502	259.903	348.013	435.954	4.32877	11	0	111.326	35.0734	-10.1555	601.03	35.0734	-10.1555	601.03	
11795	11122	20.9627	82.8169	20.6753	96.1874	91.156	-0.80939	1	1	1	1	1	-138.144	-147.783	134.545	122.902	-78.3199	-66.3273	-123.859	-129.863	-133.572	134.583	127.02	122.852	-78.3165	-74.8755	-66.2204	4.77494	14	0	76.9257	91.1927	-23.3538	32.7706	91.1927	-23.3538	32.7706	
11773	3541	212.714	555.684	211.788	68.4093	68.599	-0.715749	1	1	1	1	1	-294.496	-167.491	133.445	-2.20641	-380.749	-480.284	-294.581	-234.391	-166.949	133.567	63.3293	-2.68817	-380.667	-433.083	-480.48	5.55938	9	0	82.718	68.6291	9.45716	-440.231	68.6291	9.45716	-440.231	
11776	1025	259.477	588.139	258.153	-31.9094	-31.067	-0.919501	1	1	1	1	1	-301.712	-196.738	133.719	-98.5771	835.342	874.546	-301.712	-245.946	-196.173	133.719	18.4599	-99.7576	835.342	855.739	874.706	4.1	6	0	69.2152	-31.0369	0.044316	797.497	-31.0369	0.044316	797.497	
11797	82581	271.107	684.589	270.506	86.3948	87.134	-0.980088	1	1	1	1	1	-180.58	-233.488	132.057	-129.791	-105.251	-67.7795	-180.562	-212.178	-233.475	132.151	1.14213	-130.284	-105.254	-92.0835	-67.7311	7.08105	13	0	84.1223	87.1621	-25.5213	-87.9336	87.1621	-25.5213	-87.9336	
11780	2067	365.401	3880.32	316.057	-99999	68.73	-0.846841	1	1	1	1	1	-174.877	-118.196	129.721	-133.361	-669.801	-553.808	-154.445	-119.489	-91.955	132.379	-11.2684	-145.866	-671.292	-617.544	-547.125	9.58622	15	0	226.57	68.7598	-27.8019	-593.859	68.7598	-27.8019	-593.859	
11795	157	198.538	495.585	198.53	310.306	-18.596	-0.170021	0	0	0	0	0	-240.73	-108.92	133.333	96.0955	-422.288	-564.508	-240.73	-177.421	-108.92	133.333	113.282	96.0955	-422.288	-495.982	-564.508	4.98705	8	0	75.989	-999999	-999999	-999999	-999999	-999999	-999999	
11786	23811	306.44	819.726	306.44	-99999	34.677	-0.725419	1	1	1	1	1	-66.8712	-216.737	107.234	-117.439	223.931	79.1545	-61.4219	-136.537	-211.288	107.234	-5.25598	-117.439	223.931	151.963	79.1545	5.45355	12	0	96.4982	34.718	-18.7064	113.41	34.718	-18.7064	113.41	
11795	13506	492.879	1150.75	491.985	51.0629	52.279	-0.713941	1	1	1	1	1	-81.3609	-325.43	132.969	-154.312	-574.653	-272.792	-81.0185	-183.052	-325.43	133.606	-37.581	-154.312	-575.17	-430.368	-272.792	5.46304	11	0	89.0496	52.3267	-20.0583	-432.908	52.3267	-20.0583	-432.908	
11772	8960	282.357	4833.4	275.26	56.3274	59.333	-0.853356	1	1	1	1	1	-163.335	-218.244	132.236	-98.7535	-608.033	-470.374	-163.194	-189.289	-218.472	132.951	14.1997	-104.611	-608.446	-536.713	-470.678	4.01783	9	0	103.077	59.3595	-26.2151	-508.106	59.3595	-26.2151	-508.106	
11795	14112	189.948	968.235	189.33	-99999	116.919	-0.371256	0	0	0	0	0	-123.355	-132.236	127.674	-26.0123	570.031	605.243	-86.7427	-97.586	-95.6234	127.674	54.3577	-26.0123	570.031	582.567	605.243	4.84905	19	0	520.945	92.0522	-86.2683	570.259	92.0522	-86.2683	570.259	
11795	15732	306.999	749.566	306.466	-99999	66.52	-0.993485	1	1	1	1	1	-165.135	-141.954	133.172	-170.016	-730.735	-722.108	-144.372	-141.323	-121.123	133.559	-19.4683	-170.016	-730.739	-727.676	-722.108	24.5023	7	0	90.484	70.7634	-34.9598	88.783	70.7634	-34.9598	88.783	
11782	14727	209.489	551.849	209.482	113.395	112.724	-0.611332	0	0	0	0	0	-241.953	-122.66	133.092	15.0116	129.211	6.02919	-241.953	-184.913	-122.66	133.092	68.7388	15.0116	129.211	69.8022	6.02919	5.13794	11	0	80.4686	-999999	-999999	-999999	-999999	-999999	-999999	
11775	1007	155.655	417.514	152.317	-99999	57.48	-0.792629	1	1	1	1	1	-239.277	-268.754	132.436	-0.378105	-435.65	-369.907	-239.162	-255.349	-268.58	132.947	68.0489	-2.75783	-436.012	-396.421	-368.695	9.20992	14	0	113.916	57.5092	5.62108	-377.345	57.5092	5.62108	-377.345	
11782	6026	214.854	478.107	214.648	162.833	88.521	-0.729501	0	0	0	0	0	-140.311	-232.021	133.004	-24.0606	-658.123	-545.298	-140.285	-185.04	-232.065	133.068	56.0514	-24.142	-658.177	-598.552	-545.252	5.63325	13	0	77.7599	-999999	-999999	-999999	-999999	-999999	-999999	
11797	98226	54.2234	132.757	54.06	-99999	75.545	-0.884651	1	1	0	0	0	-106.425	-85.0902	133.211	84.5027	-263.467	-253.748	-82.8438	-72.0854	-61.4337	133.352	108.963	84.5027	-263.496	-258.566	-253.748	4.10528	6	0	49.3051	75.569	52.4161	-241.83	75.569	52.4161	-241.83	
11759	3825	313.312	769.869	311.188	-27.5666	-28.708	-0.782904	1	1	1	1	1	-257.702	-134.025	131.963	-121.809	-133.006	-255.738	-258.145	-182.823	-133.842	132.712	7.7013	-122.948	-132.615	-189.256	-255.889	6.49265	12	0	78.5988	-28.6699	-28.4396	-208.781	-28.6699	-28.4396	-208.781	
11780	4868	113.34	1546.74	108.545	-315.983	9.049	-0.625675	0	0	0	0	0	-180.806	-241.99	132.567	60.2281	-270.533	-219.184	-180.806	-215.076	-243.603	132.567	94.8145	57.8387	-270.533	-245.933	-215.36	5.64651	14	0	96.5914	-7.0471	-19.5019	-100.899	-7.0471	-19.5019	-100.899	
11797	41370	273.813	603.711	269.79	-99999	30.76	-0.891647	1	1	1	1	1	-278.208	-255.734	117.964	-125.601	-888.107	-774.825	-278.248	-264.904	-254.835	118.001	-5.05332	-129.1	-888.125	-829.912	-773.198	4.15249	14	0	56.2853	30.7948	-21.7712	-778.539	30.7948	-21.7712	-778.539	
11797	43080	198.859	479.858	198.381	-99999	65.774	-0.925888	1	1	1	1	1	-148.107	-81.9014	133.434	-53.5464	-13.9931	-11.9506	-127.515	-94.6355	-61.1576	133.445	39.6238	-53.9853	-13.9928	-12.9538	-11.9764	4.78949	9	0	58.2478	65.8009	-13.4153	-20.1828	65.8009	-13.4153	-20.1828	
11775	2971	297.179	801.13	297.154	-99999	-7.821	-0.661439	1	1	1	1	1	-62.7708	-278.305	114.635	-83.3676	505.913	556.355	-62.7708	-170.19	-278.305	114.635	15.1813	-83.3676	505.913	531.157	556.355	5.68779	9	0	58.6499	-7.78705	-39.5521	544.288	-7.78705	-39.5521	544.288	
11797	7753	262.117	649.75	257.85	-24.9421	-25.948	-0.961314	1	1	1	1	1	-222.566	-127.896	132.145	-106.413	-108.548	-120.713	-223.091	-181.886	-127.191	134.131	10.0378	-108.489	-108.412	-116.312	-120.485	7.70411	6	0	86.1129	-25.9125	-35.2661	-127.634	-25.9125	-35.2661	-127.634	
11786	2327	193.321	471.732	192.875	-99999	33.666	-0.812389	1	1	1	1	1	-223.974	-316.897	132.348	-23.6467	648.372	712.508	-224.013	-270.986	-317.189	132.348	53.7757	-23.9786	648.372	679.313	712.659	4.75796	11	0	81.3314	33.7049	-5.18732	692.912	33.7049	-5.18732	692.912	
11776	2896	135.377	309.861	133.332	-99999	23.373	-0.94254	1	1	1	1	1	-267.073	-276.006	128.502	9.61537	87.3083	146.381	-267.064	-269.305	-276.28	128.861	68.6308	8.12719	87.1877	117.695	147.074	5.71525	14	0	92.1464	23.3841	12.9391	128.956	23.3841	12.9391	128.956	
11776	3976	201.509	362.878	200.618	-99999	92.291	-0.657779	1	1	1	1	1	-258.284	-288.661	128.819	-29.3233	579.305	693.459	-258.39	-261.345	-289.227	128.819	47.3807	-29.8844	579.305	638.015	693.931	5.16806	13	0	93.2564	92.3272	-4.46436	659.12	92.3272	-4.46436	659.12	
11780	15977	36.0377	110.229	35.4009	-99999	40.065	-0.790125	1	0	0	0	0	-94.0355	-73.8098	130.414	102.341	479.812	472.36	-81.8635	-71.6121	-61.2636	130.914	116.532	102.341	479.936	476.366	472.36	4.53883	10	0	73.6588	40.0852	51.8375	445.392	40.0852	51.8375	445.392	
11797	72113	430.582	953.263	423.166	115.84	114.047	-0.580257	0	0	0	0	0	-279.708	-110.199	133.301	-156.856	92.9275	-150.373	-279.836	-184.661	-109.384	133.499	3.24282	-163.097	93.1733	-49.1755	-153.453	7.71349	12	0	56.7403	-26.3332	-1.72157	-577.069	-26.3332	-1.72157	-577.069	
11789	10842	305.923	713.032	302.803	98.8226	98.344	-0.935405	1	1	1	1	1	-241.892	-169.186	130.115	-160.902	-742.475	-753.064	-242.551	-191.376	-169.304	131.885	-12.0452	-162.072	-742.358	-749.265	-753.212	8.05091	11	0	68.8965	99.0632	-5.62507	82.4374	99.0632	-5.62507	82.4374	
11782	2288	379.345	860.83	377.42	39.522	38.058	-0.805907	1	1	1	1	1	-339.678	-106.557	133.48	-162.14	295.538	286.366	-340.162	-222.89	-105.983	134.158	-14.5866	-163.053	295.627	287.497	286.331	4.10326	8	0	72.2678	38.0943	-24.519	287.553	38.0943	-24.519	287.553	
11782	3458	185.798	547.762	185.61	-99999	110.549	-0.976	0	0	0	0	0	-214.373	-244.676	132.632	-47.1595	624.609	590.129	-179.743	-195.544	-210.058	132.813	42.7763	-47.1595	624.645	608.182	590.129	4.40891	7	0	58.9507	62.6154	41.8566	-783.234	-6.87459	35.8451	357.583	
11782	3458	97.6084	299.564	97.4341	-99999	-6.897	-0.700598	1	1	0	0	0	-278.523	-293.979	131.797	58.0673	311.143	367.219	-278.503	-290.382	-293.971	131.826	94.8521	58.0673	311.117	340.55	367.219	8.09138	10	0	81.2158	-6.87459	35.8451	357.583	-6.87459	35.8451	357.583	
11782	10091	258.421	641.437	256.813	29.9709	29.839	-0.639517	1	1	1	1	1	-283.614	-193.584	131.836	-51.296	371.549	216.804	-284.098	-243.843	-193.567	132.828	41.1847	-51.3186	372.665	291.058	216.79	5.40986	12	0	77.4697	29.8842	-4.65169	277.247	29.8842	-4.65169	277.247	
11797	46364	319.782	770.441	319.168	-99999	-43.016	-0.945772	1	1	1	1	1	-72.2628	-185.992	133.343	-162.098	159.212	124.251	-85.5979	-146.058	-199.55	133.737	-13.2473	-162.266	159.238	143.879	124.231	6.23963	8	0	76.9837	-42.9897	-10.2365	142.579	-42.9897	-10.2365	142.579	
11780	13927	252.372	625.591	248.546	-99999	101.251	-0.957805	0	0	0	0	0	-160.388	-92.7178	127.115	-111.454	690.052	705.157	-129.658	-94.8223	-60.9159	130.393	9.27908	-111.845	690.025	695.474	705.177	5.75295	7	0	55.1507	-999999	-999999	-999999	-999999	-999999	-999999	
11780	17077	359.04	916.568	356.555	247.756	43.275	-0.887692	0	0	0	0	0	-106.526	-241.366	133.22	-140.418	-676.63	-856.932	-106.297	-183.884	-241.844	133.805	-4.82412	-141.737	-676.474	-759.65	-858.102	11.5738	7	0	97.4308	58.3306	37.68	54.5467	58.3306	37.68	54.5467	
11776	4330	270.75	742.647	269.596	-99999	-9.506	-0.944668	1	1	1	1	1	-157.87	-250.815	129.658	-118.63	635.596	648.207	-157.634	-202.439	-250.96	130.43	2.86256	-118.837	635.67	630.268	648.346	10.8654	12	0	154.791	-9.47906	-24.859	629.691	-9.47906	-24.859	629.691	
11786	17440	197.151	466.008	196.218	-99999	-42.942	-0.799582	1	1	1	1	1	-237.362	-332.6	132.88	-11.1899	608.751	698.366	-237.213	-292.331	-332.729	133.031	61.8912	-11.6701	608.694	648.606	698.9	6.61488	16	0	85.783	-42.9106	9.86057	674.361	-42.9106	9.86057	674.361	
11797	94762	303.037	788.253	301.383	-99999	97.468	-0.988282	1	1	1	1	1	-229.907	-230.964	132.976	-162.775	682.833	722.227	-199.385	-204.2	-200.44	132.976	-16.739	-164.127	682.833	704.51	721.915	5.20618	6	0	52.2533	97.4992	-29.7614	694.794	97.4992	-29.7614	694.794	
11797	97012	435.242	6619.88	420.777	55.1529	56.138	-0.737676	1	1	1	1	1	-116.498	-220.602	133.083	-170.935	-518.753	-789.916	-116.03	-169.576	-223.671	134.855	-24.0984	-177.553	-517.199	-655.818	-799.474	42.7059	16	0	4779.93	56.184	-25.1803	-661.896	56.184	-25.1803	-661.896	
11797	97822	21.9148	97.4258	21.6032	-99999	-4.972	-0.0411904	0	0	0	0	0	-110.043	-112.753	119.432	110.363	-887.377	-868.635	-111.6	-112.515	-114.336	119.431	115.797	110.297	-887.382	-877.474	-868.554	6.11175	7	0	95.0378	-4.18796	-23.3056	753.897	-4.18796	-23.3056	753.897	
11789	10726	131.17	342.745	129.856	-99999	80.892	-0.986112	1	1	1	0	0	-127.711	-109.747	132.887	4.55095	-519.908	-514.074	-102.403	-94.182	-84.2583	133.021	68.0101	3.39591	-519.915	-517.787	-513.943	5.12693	6	0	73.937	80.9174	23.1392	-518.981	80.9174	23.1392	-518.981	
11789	10996	273.583	682.724	273.242	33.6173	33.34	-0.972681	1	1	1	1	1	-216.053	-180.721	131.791	-134.726	532.263	538.107	-216.124	-184.603	-180.721	132.103	-0.739573	-134.726	532.28	527.657	538.107	6.90323	6	0	83.4138	33.3721	-30.9892	530.796	33.3721	-30.9892	530.796	
11795	29701	186.18	448.125	185.036	-99999	-5.316	-0.936954	1	1	1	1	1	-218.847	-283.69	131.866	-40.7167	641.36	641.428	-218.779	-248.829	-284.043	132.036	44.0613	-41.6018	641.372	639.914	641.354	4.29608	7	0	72.7858	-5.29049	-12.2133	645.667	-5.29049	-12.2133	645.667	
11795	529	248.801	670.007	248.7	-99999	-36.181	-0.927518	1	1	1	1	1	-104.459	-198.749	132.358	-97.5349	-742.873	-732.601	-115.789	-163.233	-210.116	132.358	17.4823	-97.627	-742.873	-737.757	-732.596	4.2993	6	0	64.5852	-36.1472	-12.4173	-723.401	-36.1472	-12.4173	-723.401	
11773	5921	73.0896	197.729	70.9408	-99999	-1.609	-0.774425	1	0	0	0	0	-355.073	-324.572	134.145	75.7253	-317.298	-291.829	-355.439	-338.08	-323.818	134.65	105.079	74.6091	-317.435	-304.959	-291.214	4.04035	16	0	81.184	-1.5905	36.5573	-297.098	-1.5905	36.5573	-297.098	
11795	10301	288.728	838.574	287.296	-99999	63.083	-0.950939	1	1	1	0	0	-263.106	-329.626	130.895	-142.742	825.666	833.984	-262.856	-299.66	-329.732	131.978	-5.43897	-142.983	825.532	849.03	833.94	55.7535	6	0	224.239	63.1024	-35.1177	813.735	63.1024	-35.1177	813.735	
11797	11982	262.88	629.207	260.502	16.8942	14.562	-0.901839	1	1	1	1	1	-295.76	-198.468	132.453	-95.2886	262.393	186.744	-296.119	-244.462	-198.245	133.42	15.8882	-96.4067	262.689	235.002	186.135	5.58564	18	0	81.7761	14.5942	-7.53928	225.642	14.5942	-7.53928	225.642	
11773	1953	112.821	332.979	112.82	-99999	4.273	-0.854763	0	0	0	0	0	-270.397	-226.594	126.863	34.6053	-858.381	-811.417	-270.402	-250.641	-226.599	126.863	80.0044	34.6053	-858.381	-834.327	-811.417	5.08914	13	0	87.2455	-24.6829	-21.994	-777.554	-24.6829	-21.994	-777.554	
11761	2219	47.9881	174.304	46.2973	-99999	57.346	-0.961866	0	0	0	0	0	-349.445	-342.098	132.745	87.6928	490.191	485.925	-349.765	-344.056	-342.067	133.831	110.731	87.536	490.369	487.409	485.834	6.378	10	0	104.736	57.3743	37.4254	448.926	57.3743	37.4254	448.926	
11772	2209	391.114	674.509	389.178	-99999	80.173	-0.911759	1	1	1	1	1	-257.651	-265.098	134.85	-166.654	101.634	340.368	-257.747	-247.342	-265.561	134.886	-17.2169	-167.899	101.618	221.443	341.663	7.3533	13	0	75.4421	80.1933	-28.1465	235.64	80.1933	-28.1465	235.64	
11782	12626	33.9396	119.879	33.2811	-99999	87.056	-0.780294	0	0	0	0	0	-209.366	-220.191	132.096	106.019	-445.138	-462.22	-195.76	-201.841	-206.715	132.171	118.569	105.67	-445.087	-453.103	-462.641	6.70925	17	0	85.4695	87.0864	29.2227	-443.093	87.0864	29.2227	-443.093	
11786	16823	114.339	2333.5	112.469	-99999	24.625	-0.774215	1	1	1	1	1	-134.006	-139.008	132.036	36.6236	-491.979	-433.664	-126.295	-129.896	-130.492	132.036	83.714	35.1177	-491.979	-461.727	-433.606	128.888	22	0	2291.14	28.4295	29.0821	-391.977	28.4295	29.0821	-391.977	
11786	17093	197.835	494.002	197.643	-99999	12.264	-0.910492	1	1	1	1	0	-65.171	-130.201	122.197	-61.9632	-162.328	-143.16	-61.2619	-95.3335	-126.361	122.368	31.1801	-61.9632	-162.364	-145.052	-143.16	4.63735	7	0	106.457	12.2935	9.64496	-145.81	12.2935	9.64496	-145.81	
11797	66644	175.236	454.78	174.271	59.8894	58.473	-0.883901	1	1	1	1	1	-291.778	-196.071	132.891	-7.76169	-517.841	-546.074	-292.201	-245.947	-196.071	133.74	59.9187	-7.76169	-517.718	-525.723	-546.074	4.79083	11	0	83.042	58.5096	6.94614	-533.659	58.5096	6.94614	-533.659	
11797	93655	279.996	705.511	277.981	-99999	9.008	-0.896305	1	1	1	1	1	-196.233	-269.804	126.841	-116.698	429.209	532.73	-195.996	-228.036	-269.804	127.679	3.03537	-116.698	428.873	477.069	532.73	7.38394	29	0	110.511	9.03604	-35.329	494.905	9.03604	-35.329	494.905	
11797	7462	42.789	198.022	23.029	-99999	66.86	-0.544325	1	1	1	1	1	-256.757	-255.132	129.382	118.939	808.092	787.932	-257.041	-254.512	-257.733	130.711	120.758	129.275	810.053	791.582	775.544	5.5794	7	0	176.468	66.8889	9.55284	-716.196	-47.2611	-24.1538	-90.3506	
11797	87334	272.713	681.462	272.502	30.8891	29.53	-0.984235	1	1	1	1	1	-157.237	-221.52	134.026	-126.277	370.237	386.687	-157.223	-185.4	-221.564	134.117	0.896067	-126.374	370.232	373.196	386.713	5.74868	10	0	89.5367	29.5606	-23.7523	370.728	29.5606	-23.7523	370.728	
11797	87874	55.2547	171.018	54.888	-99999	38.368	-0.815386	1	1	1	1	1	-187.358	-216.73	133	89.1086	-58.721	-73.4835	-181.155	-196.063	-210.7	133.301	111.327	89.1086	-58.6074	-66.2034	-73.4835	4.96602	12	0	56.8904	38.392	-49.6169	-17.9392	38.392	-49.6169	-17.9392	
11797	73618	252.259	649.04	252.225	-99999	-0.361	-0.768148	1	1	1	1	1	-351.561	-233.347	132.953	-51.5371	157.759	272.958	-351.578	-290.28	-233.347	132.977	30.8765	-51.5371	157.748	199.127	272.958	5.87042	15	0	80.0663	5.77181	-55.8084	-651.837	64.4618	-76.9104	-495.894	
11797	76318	301.3	795.286	300.358	-99999	83.797	-0.977096	1	1	1	1	1	-334.482	-268.095	132.83	-158.755	58.8311	73.9922	-334.637	-301.227	-267.962	133.109	-13.6796	-159.361	58.8366	61.0389	73.9745	5.38505	6	0	150.355	83.8166	-12.37	58.8498	83.8166	-12.37	58.8498	
11774	4970	295.157	12883.6	293.545	-99999	116.813	-0.930858	0	0	0	0	0	-237.871	-246.479	132.237	-131.363	680.04	551.448	-201.292	-205.847	-209.765	132.237	-0.83991	-132.791	680.04	616.475	550.736	4.47597	14	0	8430.54	-999999	-999999	-999999	-999999	-999999	-999999	
11782	6678	319.682	773.334	316.873	52.1869	52.604	-0.859912	1	1	1	1	1	-74.8131	-239.263	133.17	-123.53	-725.228	-648.113	-73.7072	-155.19	-239.598	135.141	0.719694	-123.827	-725.598	-696.934	-647.868	5.71495	10	0	80.2664	46.3169	-32.2984	-481.994	-44.6831	-26.829	-769.217	
11795	15493	163.042	414.319	162.425	-99999	81.915	-0.66584	1	1	1	1	1	-210.848	-297.088	126.598	15.7241	-169.527	-89.8113	-210.941	-258.893	-297.62	126.598	73.0916	15.3837	-169.527	-131.107	-89.5484	7.29384	9	0	75.7646	81.9537	12.0889	-111.61	81.9537	12.0889	-111.61	
11797	50037	182.456	453.213	181.565	-99999	52.879	-0.628607	1	1	1	1	1	-102.92	-78.0611	133.559	6.4064	-753.319	-626.22	-86.5029	-73.7252	-61.4621	133.908	69.8075	6.21676	-753.734	-690.164	-625.956	4.94098	8	0	56.3028	52.9127	-29.5695	-605.729	52.9127	-29.5695	-605.729	
11782	6915	220.367	502.3	219.04	-99999	26.634	-0.980694	1	1	1	1	1	-257.953	-272.447	127.52	-89.1396	412.191	431.681	-257.884	-267.033	-272.437	128.253	18.8704	-89.6719	412.07	419.733	431.752	4.62446	9	0	58.1833	26.6564	-18.2058	416.81	26.6564	-18.2058	416.81	
11797	19798	275.712	679.459	275.691	-99999	47.254	-0.941398	1	1	1	1	1	-130.347	-224.853	133.291	-122.395	-600.825	-559.74	-115.55	-163.121	-210.061	133.291	5.65145	-122.409	-600.825	-579.716	-559.739	5.77727	7	0	51.1732	47.2689	-11.7565	-576.77	47.2689	-11.7565	-576.77	
11797	21778	186.761	470.053	184.701	-99999	36.605	-0.696419	1	1	1	1	1	-234.841	-309.362	131.694	-11.2587	292.035	376.549	-234.401	-271.411	-310.092	132.455	64.6727	-11.9191	291.405	343.849	376.626	5.82367	7	0	83.8871	36.6323	3.30035	359.029	36.6323	3.30035	359.029	
11797	47206	79.3501	310.344	78.9656	-99999	38.725	-0.890548	1	1	0	0	0	-286.73	-278.426	132.962	73.187	-522.631	-476.592	-286.779	-281.775	-278.436	132.986	98.281	73.0493	-522.643	-504.846	-476.46	5.41866	6	0	160.536	38.7658	32.5319	-491.358	38.7658	32.5319	-491.358	
11776	4097	305.662	1005.93	300.246	-99999	106.587	-0.89928	1	1	1	1	1	-140.265	-137.196	127.058	-171.513	-339.561	-351.321	-106.921	-105.827	-103.826	131.752	-19.8357	-171.715	-341.578	-344.454	-351.359	4.9291	9	0	66.4991	106.615	-13.6348	-347.413	106.615	-13.6348	-347.413	
11786	25562	245.227	584.335	241.45	-99999	24.229	-0.946395	1	1	1	1	1	-200.829	-140.788	131.357	-101.652	-210.717	-205.333	-193.518	-158.98	-132.408	132.176	14.7193	-104.443	-210.749	-205.624	-205.401	4.29388	11	0	75.7579	24.2624	-28.3948	-203.084	24.2624	-28.3948	-203.084	
11789	605	308.68	946.906	308.599	-99999	51.333	-0.995551	1	1	1	1	1	-224.304	-193.764	131.188	-169.564	-563.945	-616.216	-208.229	-192.993	-177.689	131.188	-19.7	-169.564	-563.945	-587.93	-616.216	6.66857	15	0	55.1878	51.3591	-23.7113	-584.539	51.3591	-23.7113	-584.539	
11786	30136	82.0852	182.515	81.6201	-99999	83.157	-0.838024	1	1	1	1	1	-175.871	-223.682	132.684	66.5563	-86.921	-85.7644	-162.71	-186.552	-210.784	132.828	99.4273	66.3185	-86.9223	-86.6719	-85.7515	4.4156	7	0	52.0322	83.1924	-45.0603	-78.6783	83.1924	-45.0603	-78.6783	
11795	28526	208.198	433.771	206.6	-462.904	-41.304	-0.822976	0	0	0	0	0	-112.09	-234.393	133.908	-26.7851	-138.138	-109.374	-112	-175.417	-235.433	134.06	51.7884	-27.5855	-138.164	-133.919	-108.851	4.92117	8	0	59.6119	-999999	-999999	-999999	-999999	-999999	-999999	
11786	10343	179.396	435.97	177.19	-99999	5.662	-0.958495	1	1	1	0	0	-63.8074	-110.286	91.4529	-78.3819	455.443	458.394	-61.9098	-87.1548	-108.756	91.9139	6.31062	-80.0446	455.498	449.669	458.04	4.88005	11	0	92.4164	5.67935	-11.1482	443.754	5.67935	-11.1482	443.754	
11786	13403	88.2417	207.022	87.5793	-99999	-1.395	-0.283363	1	1	1	1	1	-355.169	-293.917	-8.86126	21.3279	-815.361	-760.742	-293.915	-325.069	-355.627	21.3279	6.65121	-9.0046	-760.742	-788.289	-815.69	4.30103	114	0	207.022	-1.35498	1.17694	-744.243	-1.35498	1.17694	-744.243	
11786	6631	65.5125	257.329	64.3893	-99999	15.374	-0.906425	1	1	1	1	1	-293.473	-292.733	133.106	78.0867	805.521	777.025	-293.49	-293.622	-292.75	133.106	104.241	78.0867	805.521	790.729	777.025	14.4582	14	0	75.2098	15.4007	-0.587779	736.661	15.4007	-0.587779	736.661	
11797	3067	363.824	915.465	363.822	-99999	51.502	-0.646605	1	1	1	1	1	-131.445	-181.205	130.204	-169.806	204.675	5.47995	-115.318	-138.999	-165.078	130.204	-19.0489	-169.806	204.675	103.832	5.47995	7.54196	15	0	62.1718	51.5262	-19.4732	98.66	51.5262	-19.4732	98.66	
11797	3247	65.7576	232.192	65.7567	-99999	107.202	-0.516726	0	0	0	0	0	-196.508	-243.19	133.271	101.491	218.634	185.024	-162.938	-186.273	-209.621	133.271	117.348	101.491	218.634	201.85	185.024	6.3919	9	0	56.9519	97.6749	-26.1851	-391.817	75.0849	56.4972	745.051	
11797	4057	345.605	1001.56	345.602	-99999	45.641	-0.853737	1	1	1	1	1	-343.379	-228.616	132.675	-158.219	38.9467	186.011	-343.431	-285.058	-228.669	132.675	-12.5956	-158.219	38.9467	112.064	186.011	5.55258	13	0	189.666	41.8618	-27.4179	267.746	41.8618	-27.4179	267.746	
11786	1962	79.5514	219.944	78.8819	-99999	-8.03	-0.983553	1	1	0	0	0	-300.885	-302.81	133.498	55.9577	180.5	193.993	-300.876	-302.023	-302.867	133.498	94.3481	55.3002	180.5	187.034	194.052	4.01639	7	0	67.3146	-8.00304	43.4041	195.084	-8.00304	43.4041	195.084	
11797	61686	292.43	762.658	291.828	-99999	49.586	-0.863165	1	1	1	1	1	-142.402	-225.247	130.95	-124.058	456.393	341.443	-126.874	-166.474	-209.917	130.95	3.26096	-124.581	456.393	397.273	341.224	5.2098	11	0	76.5701	49.6161	-18.5536	387.317	49.6161	-18.5536	387.317	
11795	12167	330.138	805.001	328.835	-99999	-23.575	-0.897419	1	1	1	1	1	-266.585	-345.621	132.622	-153.55	-620.969	-482.435	-266.552	-305.312	-345.929	132.643	-15.8193	-154.758	-620.977	-560.257	-482.264	5.88651	10	0	101.271	-23.5472	-34.0997	-543.104	-23.5472	-34.0997	-543.104	
11795	9662	281.164	686.351	279.356	51.0764	49.724	-0.804169	1	1	1	1	1	-189.812	-324.632	129.929	-93.9702	602.649	689.918	-189.292	-270.098	-325.03	130.722	20.2917	-94.5531	602.371	633.986	690.32	5.54951	11	0	75.8018	49.751	-34.2959	657.834	49.751	-34.2959	657.834	
11795	11192	272.749	687.281	271.51	-99999	71.776	-0.917157	1	1	1	1	1	-227.252	-259.15	132.507	-126.943	20.0179	91.4651	-227.334	-241.69	-259.494	132.507	2.08973	-128.114	20.0179	56.0412	91.733	7.76151	7	0	92.7987	71.805	-18.3878	54.0934	71.805	-18.3878	54.0934	
11795	11822	71.4433	239.208	68.984	-99999	58.514	-0.917587	0	0	0	0	0	-205.89	-182.492	129.745	66.811	348.542	350.566	-187.755	-173.547	-164.127	130.177	97.6006	65.4214	348.496	351.816	349.984	7.1132	23	0	109.241	34.2503	31.1673	466.224	99.0203	24.2855	353.699	
11797	83333	49.5674	160.831	48.8617	-99999	29.944	-0.853449	0	0	0	0	0	-230.536	-245.193	133.631	92.8535	-761.7	-740.095	-230.57	-238.697	-245.423	133.631	113.065	92.213	-761.7	-750.796	-739.914	6.41744	10	0	88.7591	29.9766	35.1587	-709.266	29.9766	35.1587	-709.266	
11759	4074	365.548	3528.17	365.408	-99999	6.713	-0.739582	1	1	1	1	1	-80.9283	-271.833	130.231	-138.325	45.276	200.494	-80.8612	-172.704	-271.833	130.33	-3.31299	-138.325	45.2151	129.34	200.494	5.7077	9	0	85.2354	6.7443	-15.6038	127.118	6.7443	-15.6038	127.118	
11795	25339	296.284	2455.12	296.073	32.5926	33.116	-0.71918	1	1	1	1	1	-177.123	-270.754	131.511	-93.7112	117.828	-46.0572	-177.123	-230.991	-270.844	131.511	17.6874	-93.7835	117.828	40.232	-46.2165	6.07374	7	0	77.444	33.1535	-24.4864	16.495	33.1535	-24.4864	16.495	
11795	26779	210.256	8174.56	210.123	99.748	99.093	-0.816696	1	1	1	1	1	-157.808	-244.15	133.786	-27.0988	753.449	856.218	-157.77	-198.22	-244.15	133.892	50.5848	-27.0988	753.387	803.051	856.218	5.16109	14	0	80.7562	99.1329	6.56341	772.432	99.1329	6.56341	772.432	
11773	2705	209.552	796.79	208.744	16.8088	12.886	-0.573825	1	1	1	1	1	-89.8273	-258.043	133.454	18.198	798.032	842.528	-89.1981	-173.432	-258.043	133.926	75.8659	18.198	797.87	820.453	842.528	30.9972	20	0	228.225	12.918	-20.604	818.113	12.918	-20.604	818.113	
11775	3738	178.956	625.688	177.188	-99999	46.497	-0.609608	1	1	1	1	1	-175.114	-217.69	130.629	7.89859	314.024	193.574	-167.807	-189.311	-210.69	130.629	68.8287	6.66239	314.024	253.039	192.35	57.448	12	0	196.541	46.5386	-25.9841	149.908	46.5386	-25.9841	149.908	
11772	431	255.521	601.755	254.23	97.7762	97.247	-0.927917	1	1	1	1	1	-247.888	-140.516	131.912	-94.522	-445.544	-483.567	-248.087	-199.262	-140.24	132.46	16.0118	-95.1198	-445.459	-463.813	-483.744	4.48582	10	0	63.1464	97.2857	-29.9136	-469.323	97.2857	-29.9136	-469.323	
11772	2259	304.796	753.75	303.118	114.107	111.476	-0.917166	1	1	1	1	1	-83.2806	-218.828	133.148	-136.847	610.582	606.676	-83.1993	-149.219	-219.247	133.344	-3.90253	-138.217	610.589	606.695	606.943	4.6805	12	0	90.8807	111.503	-1.00195	604.754	111.503	-1.00195	604.754	
11797	13908	407.698	775.2	397.526	-99999	104.766	-0.618466	0	0	0	0	0	-310.66	-300.602	132.468	-79.3796	-873.494	-579.154	-310.816	-297.377	-300.721	132.659	12.8259	-79.3977	-873.738	-714.526	-579.061	5.00771	15	0	74.1682	-26.7638	-112.357	620.734	-26.7638	-112.357	620.734	
11797	71024	320.619	796.385	319.644	-19.2522	-19.525	-0.774181	1	1	1	1	1	-280.013	-158.968	132.099	-91.9241	344.557	154.027	-280.294	-227.678	-158.968	132.848	11.8424	-91.9241	345.103	254.184	154.027	4.61274	15	0	74.1989	-19.4852	-19.8378	231.506	-19.4852	-19.8378	231.506	
11797	9813	154.928	378.747	154.717	-30.511	-30.068	-0.906175	1	1	1	1	1	-202.685	-261.684	132.189	-6.97829	-248.33	-277.901	-202.685	-232.799	-261.785	132.189	62.8213	-7.153	-248.33	-265.002	-277.892	4.26297	6	0	70.561	-30.0422	1.46199	-265.049	-30.0422	1.46199	-265.049	
11797	11073	272.568	729.174	272.444	-99999	22.208	-0.962988	0	0	0	0	0	-242.727	-261.853	133.75	-129.234	669.664	722.623	-242.752	-253.937	-261.878	133.75	-0.387744	-129.234	669.664	689.972	722.623	6.09202	15	0	96.0433	-999999	-999999	-999999	-999999	-999999	-999999	
11795	23232	281.775	614.756	278.364	-99999	-43.422	-0.891041	1	1	1	1	1	-230.345	-295.59	132.865	-121.902	-455.315	-385.278	-230.295	-274.935	-295.503	132.865	4.17377	-122.133	-455.315	-419.496	-385.285	5.36078	6	0	71.7596	-43.7772	-20.4079	-0.197938	-43.7772	-20.4079	-0.197938	
11797	15016	159.369	415.942	159.329	-99999	111.531	-0.94748	0	0	0	0	0	-206.004	-233.056	132.355	-20.6838	196.701	166.972	-171.079	-186.916	-198.13	132.355	55.9204	-20.6838	196.701	181.807	166.972	4.64055	8	0	70.5016	90.1043	-36.7846	-351.81	90.1043	-36.7846	-351.81	
11774	8168	296.158	744.185	294.835	-99999	108.24	-0.732914	1	1	1	1	1	-185.23	-95.3287	133.826	-96.5159	-853.217	-692.739	-151.335	-106.175	-61.0022	133.826	18.699	-97.3663	-853.217	-771.825	-691.836	4.99179	7	0	58.7191	108.267	-53.0988	-739.937	108.267	-53.0988	-739.937	
11776	803	297.69	796.389	297.313	-99999	81.752	-0.894197	1	1	1	1	1	-308.472	-240.411	133.46	-126.552	581.492	706.193	-308.566	-280.4	-240.462	133.46	4.22016	-126.92	581.492	649.585	706.221	4.30718	13	0	86.1689	81.7875	-11.7982	653.281	81.7875	-11.7982	653.281	
11776	4403	341.783	821.094	341.78	-99999	24.472	-0.830292	1	1	1	1	1	-316.084	-215.667	132.97	-134.967	296.773	481.414	-316.112	-264.812	-215.695	132.97	-6.44296	-134.967	296.773	381.153	481.414	5.75132	12	0	80.3094	24.4951	-17.5689	390.443	24.4951	-17.5689	390.443	
11782	9791	171.118	398.047	169.965	-99999	77.432	-0.933601	1	1	1	1	1	-225.659	-215.96	131.827	-24.4489	-233.318	-170.437	-225.732	-221.378	-216.049	132.806	52.0725	-24.4489	-233.691	-206.125	-170.437	6.27597	12	0	67.1532	77.4643	-4.14764	-197.181	77.4643	-4.14764	-197.181	
11797	3839	287.282	693.06	286.825	-99999	31.447	-0.894299	1	1	1	1	1	-98.1865	-215.365	133.22	-117.143	-518.449	-594.922	-93.184	-151.866	-210.537	133.372	8.10931	-117.396	-518.404	-557.073	-594.986	9.01824	11	0	62.2596	31.4762	-13.6401	-563.26	31.4762	-13.6401	-563.26	
11795	24584	153.122	743.443	139.953	-99999	41.006	-0.760235	1	1	1	1	1	-308.066	-276.9	132.532	24.0098	800.47	883.076	-308.113	-291.297	-271.711	132.532	73.157	15.0691	800.47	845.752	891.19	9.75561	15	0	217.897	41.0432	29.0877	808.431	41.0432	29.0877	808.431	
11781	610	73.8507	190.995	69.6864	-99999	7.882	-0.917456	1	1	1	0	0	-145.09	-135.441	129.049	62.0532	-83.2242	-70.7036	-143.291	-138.189	-132.985	132.842	97.2703	62.0103	-84.5475	-76.4639	-70.7152	7.18584	13	0	76.5159	7.90568	27.2671	-77.8144	7.90568	27.2671	-77.8144	
11797	1201	237.922	691.544	237.337	-99999	102.946	-0.970653	0	0	0	0	0	-154.783	-226.317	132.942	-93.2403	826.041	832.47	-138.606	-174.265	-210.261	132.942	19.5139	-93.8075	826.041	829.433	832.519	4.4929	9	0	74.5267	-18.8059	-20.9142	-664.805	-18.8059	-20.9142	-664.805	
11797	4746	219.96	515.538	215.322	15.1465	12.763	-0.849897	1	1	1	1	1	-314.018	-200.828	133.501	-45.7331	106.05	130.472	-314.024	-252.073	-199.246	133.51	44.133	-49.7905	106.049	121.988	131.43	4.22598	7	0	71.0659	12.7872	0.198519	209.389	12.7872	0.198519	209.389	
11797	98882	71.9526	193.482	71.9526	-99999	53.138	-0.633161	1	1	1	1	1	-285.328	-338.639	131.072	86.5352	-560.813	-542.08	-285.389	-311.913	-338.7	131.072	108.695	86.5352	-560.813	-551.329	-542.08	4.41724	8	0	64.3757	53.1749	36.1574	-526.145	53.1749	36.1574	-526.145	
11795	14660	248.889	629.387	248.702	-99999	82.172	-0.982073	1	1	1	1	1	-294.152	-319.313	133.297	-106.75	-233.165	-178.066	-294.236	-305.406	-319.443	133.363	12.5976	-106.845	-233.175	-205.921	-178.027	4.95135	12	0	90.768	82.1988	-26.3162	-199.193	82.1988	-26.3162	-199.193	
11759	4670	207.248	614.93	206.513	-99999	107.109	-0.980304	0	0	0	0	0	-108.002	-129.773	128.424	-74.1469	242.739	275.343	-74.3982	-84.8948	-96.2323	129.137	27.4834	-74.1469	242.61	259.737	275.343	7.12293	8	0	72.5241	-999999	-999999	-999999	-999999	-999999	-999999	
11781	213	257.629	657.615	257.533	-99999	23.888	-0.682492	1	1	1	1	1	-263.449	-261.584	130.612	-83.9529	269.541	394.025	-263.477	-267.405	-261.61	130.612	23.4055	-83.9602	269.541	333.53	394.028	12.384	15	0	113.035	23.9124	-14.5541	356.635	23.9124	-14.5541	356.635	
11775	5718	291.939	665.116	291.558	-99999	78.089	-0.960524	1	1	1	1	1	-321.972	-279.02	132.731	-151.068	-279.046	-237.12	-322.062	-293.773	-279.127	132.731	-8.58764	-151.359	-279.046	-256.16	-237.09	5.4855	11	0	90.5717	78.1169	-25.7577	-250.113	78.1169	-25.7577	-250.113	
11775	6348	125.43	306.694	123.522	-99999	76.914	-0.778949	1	1	1	1	0	-159.722	-85.4809	132.238	33.5536	-84.7734	-82.2298	-136.388	-98.5885	-60.9792	133.157	83.1385	32.9677	-84.7772	-83.363	-82.2231	6.06071	6	0	62.2065	77.1278	-3.76918	-439.862	77.1278	-3.76918	-439.862	
11797	21967	355.811	845.477	354.103	79.9336	79.483	-0.748936	1	1	1	1	1	-236.667	-113.003	132.184	-126.271	319.638	115.981	-237.022	-186.033	-112.882	133.26	1.35612	-126.457	320.51	212.785	115.829	4.83323	13	0	78.6055	79.522	-32.5962	191.018	79.522	-32.5962	191.018	
11789	17441	287.619	778.194	283.722	-99999	80.277	-0.714774	1	1	1	1	1	-226.225	-86.3584	130.314	-84.1012	542.59	420.401	-203.017	-131.668	-60.9551	132.719	24.3053	-84.4941	543.936	482.063	420.166	5.34081	13	0	41.5027	80.3116	-33.3825	479.33	80.3116	-33.3825	479.33	
11797	45730	288.667	786.311	284.554	-99999	113.842	-0.9569	0	0	0	0	0	-240.448	-180.948	131.752	-137.128	-431.988	-490.613	-204.896	-187.618	-143.667	132.296	-5.80127	-140.266	-431.851	-469.912	-490.506	4.92605	7	0	73.5987	-46.7896	1.5104	390.216	-46.7896	1.5104	390.216	
11797	46000	293.265	749.237	292.405	111.396	111.898	-0.932393	0	0	0	0	0	-181.381	-245.141	131.96	-140.27	-765.534	-683.889	-181.21	-218.074	-245.141	132.718	-3.53114	-140.27	-765.767	-726.299	-683.889	9.76539	12	0	83.6045	96.8064	-32.0796	392.834	20.3564	-85.8304	-845.292	
11797	47710	62.354	191.942	61.9295	-99999	91.965	-0.648781	0	0	0	0	0	-352.482	-348.059	133.9	89.4901	310.27	346.673	-352.588	-353.685	-348.164	133.9	112.871	89.4901	310.27	331.451	346.673	5.13423	15	0	83.2566	91.9927	62.0778	362.102	91.9927	62.0778	362.102	
11797	15158	69.1342	1448.06	69.028	-99999	-41.039	-0.686217	1	1	1	1	1	-71.0154	-76.6457	125.819	67.3255	456.916	492.772	-83.8665	-86.6635	-89.4968	125.819	96.9842	67.3255	456.916	475.612	492.772	302.767	8	0	761.807	-41.0019	-32.0086	558.801	-41.0019	-32.0086	558.801	
11775	916	378.81	882.325	378.764	-25.9208	-26.553	-0.894224	1	1	1	1	1	-113.059	-323.536	132.97	-171.545	649.22	717.136	-113.044	-204.199	-323.536	133.002	-29.1526	-171.545	649.214	684.087	717.136	5.21132	9	0	72.1835	-26.5233	-26.5186	677.486	-26.5233	-26.5186	677.486	
11759	651	247.812	613.668	247.324	31.0114	30.474	-0.862394	1	1	1	1	1	-159.724	-294.902	132.646	-66.3921	-731.139	-681.777	-159.504	-223.83	-294.902	133.068	29.4704	-66.3921	-731.227	-710.075	-681.777	13.4503	8	0	107.336	30.5029	-24.3515	-687.127	30.5029	-24.3515	-687.127	
11797	82418	106.583	272.015	106.581	-99999	2.038	-0.646026	1	1	1	1	1	-62.2357	-144.809	5.5949	-60.6754	199.79	187.725	-61.5975	-102.896	-144.171	5.5949	-27.5696	-60.6754	199.79	193.954	187.725	6.6315	8	0	62.1215	2.05484	-39.1559	190.265	2.05484	-39.1559	190.265	
11776	5617	181.693	424.98	180.805	-99999	88.591	-0.793339	1	1	1	1	1	-233.414	-160.058	132.466	-17.1283	61.6941	-5.95485	-205.78	-172.064	-132.049	132.699	58.787	-17.6225	61.8389	21.4334	-6.11459	4.13862	12	0	71.6571	88.6204	-0.236105	3.82333	22.3804	60.701	-15.354	
11782	9888	56.8634	177.291	55.572	-99999	-14.942	-0.915794	1	1	0	0	0	-266.188	-282.866	132.165	80.1575	-318.799	-328.141	-265.95	-274.825	-283.021	132.809	106.571	79.5953	-318.626	-324.991	-328.131	4.8532	9	0	83.24	-14.9158	31.2981	-332.565	-14.9158	31.2981	-332.565	
11780	14229	37.0368	87.6083	36.4705	-99999	46.412	-0.438752	1	0	0	0	0	-87.7178	-75.5813	130.227	113.403	395.043	425.036	-73.2585	-67.0701	-60.9244	130.317	121.866	113.242	394.868	410.138	425.329	4.68381	8	0	48.2146	46.4495	66.0488	426.66	46.4495	66.0488	426.66	
11780	17919	123.652	293.489	122.212	-99999	6.838	-0.921279	1	1	1	0	0	-344.048	-324.854	132.114	26.327	548.325	605.679	-344.168	-335.185	-324.854	133.423	79.7238	26.3073	547.798	576.837	605.688	5.76217	11	0	76.2637	6.86003	49.2161	593.553	6.86003	49.2161	593.553	
11797	17177	219.25	642.878	218.75	-99999	56.992	-0.537231	1	1	1	1	1	-160.359	-148.115	130.38	14.6134	124.028	307.575	-142.515	-136.779	-130.268	130.4	73.9787	14.4251	123.996	217.773	307.855	8.56808	7	0	212.786	57.0313	18.8169	242.351	57.0313	18.8169	242.351	
11780	18489	317.688	793.476	315.224	31.1906	35.397	-0.963398	1	1	1	1	1	-155.852	-265.951	132.395	-159.142	-89.6488	-119.516	-155.437	-201.795	-266.27	133.913	-17.7847	-159.948	-89.5817	-95.7618	-119.639	7.39972	6	0	92.069	35.4238	-26.4485	-104.069	35.4238	-26.4485	-104.069	
11797	79117	207.243	29147.1	187.379	-99999	2.564	-0.646307	1	1	1	1	1	-358.552	-270.007	-33.9522	-124.112	705.425	569.654	-358.555	-307.286	-257.781	-33.9522	-87.2901	-116.143	705.425	633.343	556.949	16.8977	18	0	297.474	2.57814	-59.0645	640.884	2.57814	-59.0645	640.884	
11789	608	229.861	652.43	229.746	-99999	67.777	-0.288971	1	1	1	1	1	-202.516	-82.4781	133.839	71.8155	421.54	235.802	-181.292	-121.711	-61.1923	133.839	102.373	71.7917	421.54	328.501	235.71	8.10294	14	0	42.2539	67.8034	51.147	272.123	67.8034	51.147	272.123	
11795	13838	227.557	533.395	225.098	38.6426	38.387	-0.832431	1	1	1	1	1	-112.831	-234.293	133.803	-47.0912	852.884	807.478	-112.646	-176.924	-234.909	134.18	46.3152	-48.9727	853.019	821.632	807.131	5.29245	6	0	73.4747	38.4225	5.53603	783.266	0.812469	51.3036	802.918	
11782	13873	313.363	683.148	312.421	-99999	96.763	-0.941556	1	1	1	1	1	-287.429	-328.333	132.202	-161.337	521.649	614.345	-287.473	-298.233	-328.454	133.041	-14.244	-161.364	521.351	573.26	614.352	6.50153	9	0	81.103	96.7946	-46.4862	586.349	96.7946	-46.4862	586.349	
11781	1016	319.949	761.928	318.375	44.7958	44.408	-0.76912	1	1	1	1	1	-319.43	-112.251	132.721	-96.7618	871.708	808.068	-319.696	-220.506	-111.624	133.097	13.6558	-97.4688	871.872	835.023	807.554	5.09271	11	0	74.6774	44.4193	-20.7888	792.459	44.4193	-20.7888	792.459	
11797	71319	232.416	664.811	231.856	-99999	83.523	-0.948784	1	1	1	1	1	-289.734	-260.944	131.353	-92.1886	756.492	804.379	-289.868	-277.45	-261.039	131.864	20.5314	-92.1886	756.326	786.643	804.379	12.3647	10	0	122.127	83.5492	-5.81096	771.076	83.5492	-5.81096	771.076	
11795	10159	434.525	1049.16	434.197	-25.905	-25.974	-0.517457	1	1	1	1	1	-158.622	-270.996	130.969	-128.976	368.45	42.1565	-158.599	-222.151	-271.146	131.003	-5.56663	-129.073	368.506	212.068	41.9809	5.28408	8	0	85.6615	-25.9321	-24.5004	178.084	-25.9321	-24.5004	178.084	
11795	10969	80.6113	103943	80.6105	-99999	116.458	-0.475824	0	0	0	0	0	-198.495	-245.224	132.604	94.2936	218.318	165.006	-162.027	-185.274	-208.756	132.604	113.343	94.2936	218.318	191.62	165.006	1534.21	13	0	103787	78.6224	-22.2985	42.9529	2.61238	-41.0212	237.669	
11797	42089	189.088	640.941	189.033	-99999	75.908	-0.644283	1	1	1	1	1	-139.035	-223.182	130.699	-3.72456	124.579	21.796	-127.106	-169.328	-211.278	130.699	63.5191	-3.76193	124.579	73.2515	21.7645	7.39287	13	0	53.6772	75.9519	-25.0046	7.0774	75.9519	-25.0046	7.0774	
11789	9045	288.275	667.82	286.847	-99999	36.951	-0.953224	0	0	0	0	0	-342.678	-265.107	131.829	-133.778	-877.02	-810.672	-343.05	-312.113	-265.149	133.183	-4.53076	-133.778	-877.296	-848.435	-810.672	6.33687	13	0	89.6295	36.978	72.7512	-809.615	36.978	72.7512	-809.615	
11789	10935	192.713	626.797	190.766	97.4846	97.133	-0.684327	1	1	1	1	1	-227.057	-158.24	132.19	4.07262	437.988	317.344	-227.333	-185.829	-158.185	132.689	69.739	3.2364	438.433	378.611	316.468	16.5148	19	0	211.426	97.1661	6.57583	354.136	97.1661	6.57583	354.136	
11789	13005	187.359	478.134	186.74	111.58	109.848	-0.827904	0	0	0	0	0	-146.579	-246.967	129.379	-26.6439	650.18	670.299	-146.433	-196.984	-247.124	129.595	51.5591	-26.9519	650.141	661.128	670.368	17.422	9	0	88.5603	-999999	-999999	-999999	-999999	-999999	-999999	
11797	92923	357.578	815.06	346.758	33.5243	29.402	-0.573145	1	1	1	1	1	-352.221	-73.1294	48.6127	-149.352	340.767	294.508	-360.258	-213.373	-72.2967	54.2265	-47.0518	-149.744	341.226	330.513	294.125	4.66578	10	0	69.0978	29.413	-21.7175	329.062	29.413	-21.7175	329.062	
11786	23659	308.804	821.669	308.786	-99999	49.008	-0.974807	1	1	1	1	1	-119.11	-76.7768	133.63	-168.957	36.4518	80.8864	-103.766	-82.212	-61.4302	133.639	-17.6305	-168.957	36.4509	58.5244	80.8864	8.90377	9	0	52.8974	49.0259	-41.0087	48.0173	49.0259	-41.0087	48.0173	
11797	95826	299.938	820.433	299.928	349.471	-18.147	-0.796996	0	0	0	0	0	-307.11	-141.592	133.33	-108.125	118.454	96.4951	-307.11	-209.185	-141.592	133.33	20.2864	-108.125	118.454	108.753	96.4951	5.83442	11	0	99.6466	-21.0772	-30.6317	-23.6181	-21.0772	-30.6317	-23.6181	
11797	91076	252.225	545.372	252.219	-349.064	-17.374	-0.292399	0	0	0	0	0	-357.671	-158.624	97.7054	19.0898	-590.257	-722.54	-357.671	-258.276	-158.624	97.7054	55.9196	19.0898	-590.257	-655.49	-722.54	4.7681	7	0	63.1226	-46.5044	61.4112	815.578	72.1056	-81.6568	746.392	
11761	2456	346.517	868.193	341.065	100.233	99.872	-0.902738	1	1	1	1	1	-157.467	-303.067	129.766	-170.708	815.186	884.63	-155.985	-229.798	-303.721	133.176	-19.642	-172.188	814.474	849.293	885.012	8.15731	10	0	66.6665	99.9117	-24.5015	791.91	99.9117	-24.5015	791.91	
11761	4526	308.904	728.237	308.643	-11.6256	-13.659	-0.981417	1	1	1	1	1	-221.542	-153.056	130.485	-169.506	-334.123	-344.297	-221.588	-189.985	-153.05	130.715	-20.361	-169.519	-334.127	-334.316	-344.298	14.8195	7	0	87.8832	-13.6256	-32.9001	-338.758	-13.6256	-32.9001	-338.758	
11797	45981	313.418	815.355	313.131	-99999	-34.194	-0.765621	1	1	1	1	1	-211.909	-303.588	126.435	-108.977	502.854	685.914	-211.781	-266.552	-303.549	126.656	8.59206	-108.977	502.699	589.88	685.914	4.25344	14	0	75.3611	-34.1621	-32.4895	621.252	-34.1621	-32.4895	621.252	
11786	20005	190.079	440.884	190.004	-99999	2.34	-0.834248	1	1	1	0	0	-358.682	-254.765	-18.1986	-163.947	269.606	330.424	-358.723	-310.608	-254.768	-18.1383	-95.685	-163.947	269.593	295.519	330.424	6.55907	12	0	81.4772	2.34567	-50.5208	288.909	2.34567	-50.5208	288.909	
11797	27458	145.857	399.292	145.527	-99999	59.968	-0.792506	1	1	1	1	1	-88.365	-184.762	133.482	26.8405	-81.0195	-76.9861	-69.3893	-114.73	-165.983	133.74	77.1218	26.8405	-81.0448	-73.7534	-76.9861	5.03039	13	0	121.023	59.992	19.7735	-73.7961	59.992	19.7735	-73.7961	
11797	31418	366.531	2020.2	359.901	108.119	112.091	-0.509189	0	0	0	0	0	-62.0885	-334.711	65.1788	-143.093	-535.281	-426.739	-60.2087	-200.281	-337.982	66.3152	-38.4478	-145.67	-535.747	-481.244	-425.394	5.52116	9	0	97.7303	-0.821062	-19.8858	732.2	-0.821062	-19.8858	732.2	
11797	1841	147.862	365.819	147.859	-99999	65.12	-0.766112	1	1	1	1	0	-348.159	-264.922	131.666	23.0114	-558.031	-507.343	-348.233	-309.244	-264.996	131.666	77.5523	23.0114	-558.031	-526.291	-507.343	7.54944	7	0	81.4358	65.1352	28.9739	-527.739	65.1352	28.9739	-527.739	
11780	21825	149.87	408.763	149.858	-99999	-13.176	-0.831502	0	0	0	0	0	-259.214	-274.524	133.69	-1.37742	433.949	494.148	-259.199	-269.384	-274.509	133.69	68.1418	-1.37742	433.949	468.591	494.148	4.93806	10	0	77.1745	-999999	-999999	-999999	-999999	-999999	-999999	
11795	5168	286.644	694.553	286.639	-99999	-29.471	-0.669961	1	1	1	1	1	-306.877	-235.817	132.985	-82.2058	-824.192	-651.034	-306.844	-270.856	-235.783	132.985	31.4235	-82.2058	-824.192	-729.803	-651.034	5.23853	12	0	87.6283	-29.4349	0.472244	-711.034	-29.4349	0.472244	-711.034	
11786	16408	306.104	617.428	305.924	-562.211	51.204	-0.817383	0	0	0	0	0	-124.485	-287.87	133.175	-117.513	439.223	497.75	-124.485	-209.626	-287.928	133.175	10.4579	-117.676	439.223	472.427	497.762	5.1545	13	0	79.2997	25.2754	53.0213	797.427	25.2754	53.0213	797.427	
11786	17308	39.1262	123.823	37.8774	-99999	55.908	-0.950629	1	1	1	1	1	-219.365	-227.426	132.334	96.6454	-802.198	-811.986	-201.794	-205.878	-210.118	132.702	114.234	95.8355	-802.101	-807.091	-812.206	5.17623	12	0	82.2159	55.9357	-21.2979	-784.117	55.9357	-21.2979	-784.117	
11789	9947	292.942	753.172	292.639	39.9389	40.955	-0.89072	1	1	1	1	1	-187.711	-275.971	133.441	-121.011	101.488	211.259	-187.711	-240.861	-275.971	133.441	6.56492	-121.266	101.488	151.61	211.407	5.67501	12	0	95.4757	34.7453	-25.6742	-104.503	47.1953	-83.558	201.743	
11776	5325	226.237	542.915	224.797	51.8061	55.787	-0.97382	1	1	1	1	1	-200.036	-276.819	133.475	-77.0834	699.444	703.608	-200.036	-234.77	-277.665	133.475	25.9958	-78.2415	699.444	702.459	703.606	5.82638	7	0	68.7915	55.8166	-29.0454	702.475	55.8166	-29.0454	702.475	
11786	732	192.953	504.974	191.552	91.6072	46.834	-0.869504	0	0	0	0	0	-168.279	-256.593	132.97	-35.7733	775.867	786.063	-168.279	-213.655	-257.007	132.97	48.0782	-37.0976	775.867	774.807	786.152	7.29747	10	0	95.6011	25.8108	-38.5011	336.323	91.7208	-19.3086	649.729	
11780	19692	212.337	534.455	212.058	-99999	99.93	-0.737604	1	1	1	1	1	-123.103	-225.832	130.959	-27.8047	-769.68	-862.326	-107.399	-152.117	-210.245	130.959	45.1611	-28.0093	-769.68	-813.149	-862.47	6.55983	14	0	71.2433	99.964	17.1942	-782.431	99.964	17.1942	-782.431	
11786	18028	67.7297	249.994	65.9056	-99999	-21.636	-0.934399	1	0	0	0	0	-221.741	-225.936	132.118	70.233	556.196	577.497	-221.717	-224.761	-226.109	132.118	100.625	68.732	556.196	568.201	577.389	7.84002	13	0	107.481	-21.6104	23.0279	581.392	-21.6104	23.0279	581.392	
11786	9890	143.154	316.192	137.936	-99999	98.906	-0.935651	1	1	1	1	1	-358.65	-317.97	47.6923	-79.592	-423.549	-390.615	-358.838	-336.515	-318.043	47.9296	-18.189	-83.8586	-423.594	-407.947	-388.11	4.19677	10	0	60.3804	98.932	19.2644	-411.389	98.932	19.2644	-411.389	
11797	91650	334.45	882.286	323.58	5.11689	4.404	-0.95444	1	1	1	1	1	-248.591	-170.889	131.962	-170.856	-800.306	-882.233	-248.756	-209.788	-167.764	132.922	-24.3136	-179.941	-800.062	-840.818	-883.937	4.38421	9	0	70.3169	4.42634	-16.7497	-785.012	4.42634	-16.7497	-785.012	
11797	32583	39.2823	96.9161	38.9639	-99999	98.8	-0.727944	1	0	0	0	0	-115.562	-92.1628	130.319	100.817	488.545	478.624	-84.6913	-72.8525	-61.1203	130.391	115.627	100.655	488.572	483.343	478.578	6.70006	10	0	52.9328	98.8122	44.765	458.119	98.8122	44.765	458.119	
11782	7295	257.338	620.675	255.1	99.3065	99.347	-0.896887	1	1	1	1	1	-197.938	-276.371	132.261	-98.8796	-806.606	-739.116	-197.797	-245.514	-276.561	132.668	20.9862	-100.634	-806.737	-764.441	-739.284	4.37115	11	0	104.975	99.3729	-17.009	-736.092	99.3729	-17.009	-736.092	
11772	2609	414.17	1017.6	412.813	31.2937	30.015	-0.583962	1	1	1	1	1	-239.188	-138.199	133.462	-93.3288	65.743	-260.878	-239.288	-198.919	-138.094	133.896	27.1182	-93.6955	66.3291	-106.243	-261.354	11.5792	17	0	115.732	30.0617	-22.485	-151.59	30.0617	-22.485	-151.59	
11795	12415	287.708	923.545	287.682	-99999	-4.414	-0.26548	1	1	1	1	1	-358.383	-153.61	-21.6997	77.0746	79.2815	255.044	-153.61	-255.799	-358.383	77.0746	28.4451	-21.6997	255.044	166.478	79.2815	9.20787	543	0	923.545	-4.43315	2.37997	162.054	-4.43315	2.37997	162.054	
11797	48945	182.365	138.08	182.122	-99999	-27.128	-0.88085	1	1	1	0	0	-66.6575	-79.1785	104.206	-32.9902	-175.993	-287.834	-75.1525	-72.3942	-87.7914	104.206	30.6312	-33.1283	-175.993	-225.24	-287.987	4.96516	23	0	37.6379	-27.118	28.5549	-209.063	-27.118	28.5549	-209.063	
11797	49215	115.512	323.543	108.319	-99999	62.615	-0.524917	1	1	1	1	1	-170.591	-218.241	132.846	76.1144	634.114	713.028	-160.752	-186.138	-210.465	132.846	102.158	74.3972	634.114	675.906	719.639	5.46095	8	0	77.5861	62.6582	-13.9764	769.856	62.6582	-13.9764	769.856	
11761	898	61.8404	183.926	60.676	-99999	83.173	-0.71748	1	0	0	0	0	-259.934	-274.227	106.081	55.4602	-894.924	-865.615	-260.029	-269.153	-274.308	106.081	81.192	54.3706	-894.924	-879.349	-865.244	5.06183	16	0	84.253	83.2089	25.9485	-812.41	83.2089	25.9485	-812.41	
11786	19075	112.056	281.658	111.711	-99999	77.053	-0.918464	1	1	1	0	0	-102.087	-144.898	133.011	30.7066	-173.913	-162.735	-77.884	-99.6312	-120.83	133.197	81.857	30.5805	-173.94	-168.823	-162.727	5.0179	6	0	71.9832	77.2704	58.8616	-165.514	77.2704	58.8616	-165.514	
11786	21325	64.8407	186.146	64.4971	-99999	-11.004	-0.833079	0	0	0	0	0	-195.371	-159.979	130.26	77.3283	674.423	684.679	-199.001	-181.276	-163.425	130.546	103.881	77.3283	674.379	679.451	684.679	4.00668	6	0	66.9921	-11.7779	-40.3085	646.214	-11.7779	-40.3085	646.214	
11797	41706	302.645	661.037	295.276	-21.0915	-17.219	-0.605689	1	1	1	1	1	-62.0812	-277.825	117.831	-76.0979	-733.798	-682.13	-61.6296	-175.474	-282.088	118.191	22.3444	-81.2334	-733.904	-707.056	-681.039	4.71414	6	0	90.1677	-17.1754	-4.42266	-697.697	-17.1754	-4.42266	-697.697	
11786	10508	78.9526	428.811	77.0492	-99999	90.304	-0.966591	1	1	0	0	0	-100.575	-89.4911	133.768	59.658	-832.002	-838.148	-72.2967	-66.4276	-61.2129	133.768	96.6102	59.658	-832.002	-835.003	-838.148	7.80918	19	0	94.2404	90.3271	22.1167	-830.16	90.3271	22.1167	-830.16	
11776	469	244.6	610.368	242.245	93.8778	93.128	-0.964331	1	1	1	1	1	-209.412	-251.438	126.469	-103.812	624.338	685.129	-209.3	-227.678	-251.886	127.639	9.9652	-104.837	624.041	651.366	685.322	6.33867	9	0	84.1158	93.148	-27.2797	659.398	93.148	-27.2797	659.398	
11797	63725	271.706	15945	271.687	114.743	116.211	-0.559506	0	0	0	0	0	-63.8154	-272.745	-14.2631	-166.648	-497.842	-414.832	-63.8154	-168.399	-272.745	-14.2631	-90.3419	-166.648	-497.842	-456.258	-414.832	4.78245	10	0	51.9951	20.2741	-86.6988	-726.424	20.2741	-86.6988	-726.424	
11797	36071	303.475	809.286	303.087	-99999	-4.317	-0.244317	1	1	1	1	1	-61.9624	-261.638	-75.4192	-11.6832	-651.691	-432.921	-261.877	-161.825	-61.9624	-11.5846	-43.7209	-75.4192	-432.635	-541.938	-651.691	4.88277	679	0	809.286	-4.29956	-24.5015	-481.882	-4.29956	-24.5015	-481.882	
11780	22583	282.539	954.451	282.536	-99999	71.208	-0.94253	1	1	1	1	1	-190.108	-231.975	132.815	-129.927	549.588	455.026	-167.809	-188.867	-209.677	132.815	1.80808	-129.927	549.588	501.132	455.026	4.04752	11	0	71.3384	71.2416	-25.481	488.903	71.2416	-25.481	488.903	
11797	27594	175.809	398.847	174.121	-18.869	-18.542	-0.924625	1	1	1	1	1	-180.325	-243.482	132.94	-23.1148	31.1811	-7.0179	-180.325	-212.642	-244.166	132.94	55.1254	-24.57	31.1811	6.39421	-7.2591	8.2573	8	0	102.431	-18.5105	-3.50701	2.7667	-18.5105	-3.50701	2.7667	
11797	30834	93.906	231.363	88.5569	-99999	106.672	-0.55071	0	0	0	0	0	-350.97	-287.672	31.2548	-23.0533	492.856	522.017	-351.287	-316.66	-284.287	31.3968	3.83962	-26.2216	492.765	508.246	523.896	6.17623	11	0	81.6285	-19.1582	-7.9469	299.727	-19.1582	-7.9469	299.727	
11786	24100	311.514	753.785	311.509	-99999	97.736	-0.419329	1	1	1	1	1	-238.345	-123.46	131.271	30.3741	-835.236	-565.106	-207.74	-154.232	-92.8545	131.271	73.9224	30.3741	-835.236	-700.92	-565.106	5.35452	8	0	67.8867	97.7663	24.9708	-641.921	97.7663	24.9708	-641.921	
11786	24100	144.426	335.325	144.343	-40.2824	-41.378	-0.928827	1	1	1	1	1	-189.352	-254.881	132.661	12.6916	347.64	387.809	-189.352	-218.673	-254.917	132.661	67.8996	12.6318	347.64	359.695	387.846	5.07343	13	0	66.6067	-41.3537	5.09045	377.832	-41.3537	5.09045	377.832	
11780	13462	328.337	816.87	326.666	61.5897	63.792	-0.827304	1	1	1	1	1	-195.475	-320.396	131.262	-142.615	-412.895	-290.805	-195.239	-257.468	-320.919	131.857	-4.20723	-143.395	-413.218	-345.991	-290.672	8.86905	8	0	109.481	61.4439	-38.2849	152.431	61.4439	-38.2849	152.431	
11761	4090	303.997	779.608	299.727	-99999	1.83	-0.479137	1	1	1	1	1	-134.979	-153.927	129.467	-20.6808	330.059	581.955	-134.101	-148.1	-153.376	131.268	47.1361	-20.8598	326.777	452.467	582.259	6.48688	8	0	121.685	1.87195	-21.8792	514.679	1.87195	-21.8792	514.679	
11797	57455	24.3736	59.1449	21.1621	-99999	69.259	-0.945102	1	1	0	0	0	-87.4555	-82.9171	128.257	108.17	698.891	703.734	-66.2445	-63.7254	-60.9635	130.329	118.728	107.233	698.354	701.101	703.998	5.71494	7	0	54.8421	69.2805	21.6477	728.59	69.2805	21.6477	728.59	
11797	11939	268.008	692.391	267.245	-99999	12.809	-0.995995	1	1	1	1	1	-174.479	-165.666	130.739	-135.207	-260.748	-237.394	-170.484	-166.968	-161.685	131.177	-2.24325	-135.505	-260.789	-249.017	-237.363	10.9256	6	0	143.609	12.8307	-29.2086	-244.618	12.8307	-29.2086	-244.618	
11795	26574	233.061	1285.08	232.58	32.1057	30.661	-0.683538	1	1	1	1	1	-91.6976	-243.033	134.339	-23.9921	-771.384	-694.793	-91.6053	-168.302	-243.202	134.438	56.1556	-24.2771	-771.438	-731.845	-694.768	29.371	7	0	130.093	30.7015	-42.0054	-675.388	30.7015	-42.0054	-675.388	
11795	30249	388.176	2480.08	386.336	-99999	99.426	-0.623773	1	1	1	1	1	-173.714	-226.371	130.729	-170.656	661.978	426.432	-157.969	-183.137	-210.747	131.85	-18.3153	-170.656	663.425	543.404	426.432	6.32652	17	0	102.983	99.4557	-24.6462	530.389	99.4557	-24.6462	530.389	
11795	8645	86.6844	279.411	80.6674	-99999	60.391	-0.633199	0	0	0	0	0	-257.525	-261.861	130.256	79.2416	686.067	741.005	-257.663	-257.212	-263.216	130.542	102.788	76.5068	685.714	716.368	743.849	4.5374	13	0	146.23	-12.4888	-15.963	581.893	-12.4888	-15.963	581.893	
11786	14861	221.849	575.466	221.845	-99999	109.032	-0.840225	0	0	0	0	0	-214.563	-295.59	133.124	-62.1609	-727.263	-666.93	-214.688	-254.848	-295.714	133.124	37.1052	-62.1609	-727.263	-689.076	-666.93	4.32076	9	0	96.7038	-999999	-999999	-999999	-999999	-999999	-999999	
11797	80355	189.653	412.031	189.278	-99999	48.053	-0.905767	1	1	1	1	0	-337.147	-321.323	133.474	-32.3782	232.047	317.678	-337.231	-323.435	-321.378	133.73	47.637	-32.3782	231.932	269.113	317.678	6.48902	8	0	72.5512	48.0778	9.89199	285.279	48.0778	9.89199	285.279	
11759	552	316.879	758.649	316.309	-99999	81.122	-0.851535	1	1	1	1	1	-235.276	-108.253	128.188	-155.214	-10.2112	-63.7589	-209.873	-137.822	-82.7431	128.188	-9.94658	-155.77	-10.2112	-38.863	-63.7871	4.51684	6	0	70.0263	81.1514	-44.8995	-47.1125	81.1514	-44.8995	-47.1125	
11759	1542	151.667	393.952	151.517	74.9291	71.886	-0.800136	1	1	1	1	0	-286.425	-188.491	133.074	19.5086	-180.9	-177.375	-286.5	-239.625	-188.482	133.175	74.5492	19.4968	-180.906	-170.759	-177.379	7.34146	8	0	83.7541	71.9143	14.7991	-178.571	71.9143	14.7991	-178.571	
11797	55962	328.416	913.169	323.634	-99999	83.959	-0.604722	1	1	1	1	1	-209.634	-88.6789	130.788	-67.985	-365.386	-140.5	-183.478	-121.847	-60.569	131.003	30.9989	-70.5093	-365.634	-250.916	-137.354	4.57578	7	0	57.2408	83.9902	-56.583	-207.692	83.9902	-56.583	-207.692	
11797	56052	309.493	707.471	309.074	-99999	4.686	-0.948807	1	1	1	1	1	-74.485	-108.548	132.946	-168.773	606.187	566.839	-73.0176	-87.5199	-107.188	132.946	-16.3217	-169.174	606.187	568.699	566.843	5.00222	8	0	75.363	4.70256	-14.6503	574.447	4.70256	-14.6503	574.447	
11797	57672	245.648	649.856	243.099	-99999	93.843	-0.755509	1	1	1	1	1	-322.384	-252.444	130.235	-69.3153	19.3035	134.773	-323.421	-276.818	-252.532	132.035	37.1744	-69.4579	18.0302	80.3323	134.827	4.2608	14	0	84.6384	98.4643	-10.4522	758.538	65.9143	-18.5415	106.061	
11786	19818	314.27	728.686	312.768	-99999	81.258	-0.749804	1	1	1	1	1	-230.216	-217.841	130.362	-114.221	144.076	-46.4865	-204.973	-195.466	-192.395	131.457	10.6094	-114.221	145.028	45.7747	-46.4865	5.88956	13	0	73.0881	87.3448	-17.9097	86.6167	87.3448	-17.9097	86.6167	
11795	30970	239.533	626.294	237.447	123.766	70.91	-0.815576	1	1	1	1	1	-328.925	-201.17	133.318	-60.1689	55.9954	11.1938	-329.483	-257.881	-200.902	134.173	40.1697	-61.1477	56.196	36.9339	10.967	5.94526	13	0	88.7346	70.9304	-31.9666	-191.38	70.9304	-31.9666	-191.38	
11797	28765	246.612	645.802	245.12	-99999	63.485	-0.715876	1	1	1	1	1	-71.3067	-220.225	1.69082	-171.685	821.32	732.752	-61.3304	-135.97	-211.129	1.69082	-85.7217	-172.751	821.32	776.689	732.191	4.57866	12	0	85.3366	55.9922	-35.9092	329.219	45.2922	14.5854	702.877	
11797	22209	313.53	789.962	313.371	-26.9136	-26.83	-0.972311	1	1	1	1	1	-180.389	-221.651	132.423	-163.639	-871.846	-781.624	-180.36	-202.83	-221.651	132.561	-17.2264	-163.639	-871.857	-832.281	-781.624	15.4284	6	0	81.8837	-26.8123	-23.0329	-778.441	-26.8123	-23.0329	-778.441	
11761	8059	266.851	684.884	264.347	-99999	-37.986	-0.999528	1	1	1	1	1	-297.179	-309.638	129.527	-130.777	-673.705	-637.402	-297.079	-299.413	-309.595	131.612	0.0366855	-131.151	-673.724	-653.981	-637.267	21.4852	9	0	128.173	-37.9786	-28.2022	-643.276	-37.9786	-28.2022	-643.276	
11789	20277	233.317	592.538	229.599	-99999	-26.294	-0.773292	1	1	1	1	1	-232.648	-257.941	132.395	-54.7057	-197.353	-67.5393	-232.617	-243.427	-258.232	132.395	38.1299	-57.8931	-197.353	-129.533	-65.6628	15.2444	11	0	114.132	-26.263	-12.975	-106.644	-26.263	-12.975	-106.644	
11797	67317	296.391	726.746	296.379	55.7259	-38.709	-0.370895	0	0	0	0	0	-84.1704	-324.291	133.721	92.2086	129.307	293.709	-84.1704	-210.89	-324.292	133.721	110.664	92.2083	129.307	201.656	293.71	6.23929	11	0	88.377	-45.497	-118.637	377.937	55.173	32.3221	226.554	
11795	16342	68.8131	181.458	67.7971	-99999	49.773	-0.379807	1	0	0	0	0	-117.959	-77.054	133.008	104.351	-227.893	-182.064	-103.029	-82.0841	-61.4679	133.39	119.108	104.351	-228.568	-205.314	-182.064	8.70821	6	0	82.7435	49.798	72.7945	-181.066	49.798	72.7945	-181.066	
11786	6015	329.516	718.321	329.489	-99999	-25.313	-0.578042	1	1	1	1	1	-354.423	-248.192	86.2559	-105.068	-189	54.328	-354.394	-287.848	-248.154	86.2559	-11.6601	-105.072	-189	-74.4377	54.3405	6.13955	12	0	79.7926	-25.2959	22.9403	-119.089	-25.2959	22.9403	-119.089	
11786	6915	177.978	484.948	177.039	-99999	86.444	-0.965854	1	1	1	1	1	-238.858	-277.301	129.567	-40.405	-572.019	-546.692	-238.883	-251.578	-277.531	130.122	43.1056	-40.7299	-572.156	-559.033	-546.617	5.56222	10	0	104.461	86.4725	-9.10775	-558.666	86.4725	-9.10775	-558.666	
11795	27996	261.095	589.517	259.237	-99999	16.148	-0.9817	1	1	1	0	0	-325.129	-328.785	132.264	-118.368	-824.598	-782.793	-325.147	-328.851	-328.375	132.264	5.22196	-119.973	-824.598	-804.884	-782.556	5.13524	7	0	66.3495	16.1688	-5.82593	-791.305	16.1688	-5.82593	-791.305	
11780	11365	231.984	577.076	231.095	56.5057	55.157	-0.886471	1	1	1	1	1	-136.669	-225.42	132.186	-78.0142	567.757	592.663	-136.669	-188.355	-225.558	132.186	29.3956	-78.8582	567.757	581.694	592.681	5.9194	7	0	86.8725	55.1921	-8.90489	584.224	55.1921	-8.90489	584.224	
11774	6061	179.284	416.269	178.792	-99999	-18.352	-0.582779	1	1	1	1	1	-92.0882	-191.543	64.5246	-23.6237	-894.389	-777.141	-97.6102	-141.666	-197.29	64.8081	12.0127	-23.6237	-894.715	-837.346	-777.141	4.85686	6	0	69.8018	-18.3386	3.50681	-801.788	-18.3386	3.50681	-801.788	
11774	8491	497.124	724.313	488.311	-99999	57.234	-0.987944	1	1	1	1	0	-307.665	-285.634	126.876	-167.197	-412.188	-364.244	-308.016	-304.299	-285.699	133.494	-62.2966	-167.197	-413.182	-447.068	-364.244	6.227	6	0	88.3724	57.2483	-25.6029	-633.43	-31.5717	-23.7254	-391.669	
11759	1403	101.848	220.583	92.1106	-99999	-30.57	-0.827596	1	1	0	0	0	-133.331	-122.844	101.415	25.9389	-892.557	-841.243	-143.498	-137.432	-131.856	105.934	63.3198	22.5487	-895.517	-868.344	-838.679	4.2048	7	0	81.2081	-30.5404	28.2625	-505.299	-30.5404	28.2625	-505.299	
11786	29485	98.2568	271.346	97.9786	-99999	91.101	-0.783665	1	1	1	0	0	-292.56	-251.715	133.144	57.2334	243.227	288.464	-292.713	-270.717	-251.755	133.246	97.8941	57.1054	243.165	269.148	288.497	7.10427	11	0	88.7649	91.1369	27.1466	272.784	91.1369	27.1466	272.784	
11761	5831	40.586	649.648	37.9906	65.7353	66.292	-0.901296	1	1	1	1	1	-304.619	-279.741	133.104	107.514	-847.299	-857.308	-295.255	-284.005	-269.399	135.219	120.352	107.514	-846.993	-853.031	-857.308	5.26986	30	0	239.654	66.3055	23.7707	-795.716	66.3055	23.7707	-795.716	
11781	682	291.86	754.796	289.102	-99999	0.694	-0.961903	1	1	1	1	1	-271.345	-220.67	132.065	-140.733	448.206	507.11	-271.478	-236.336	-220.969	132.617	-6.89175	-142.62	448.122	472.086	507.925	5.04142	17	0	92.4252	0.719776	-19.3505	479.476	0.719776	-19.3505	479.476	
11797	85056	35.8969	121.491	33.679	-99999	42.286	-0.929811	1	1	0	0	0	-84.6573	-74.5108	129.313	97.7286	569.786	575.38	-71.7581	-66.2325	-61.0006	130.318	113.59	96.6282	569.582	573.017	575.325	7.58796	6	0	90.74	42.2877	76.9585	573.739	42.2877	76.9585	573.739	
11797	75218	257.555	646.335	257.194	-99999	70.282	-0.481375	1	1	1	1	1	-183.155	-83.1496	-153.027	-28.6659	-894.923	-693.244	-60.9993	-111.86	-161.147	-28.4921	-90.8046	-153.027	-692.961	-793.526	-894.923	5.79967	787	0	646.335	70.3362	-59.5702	-747.077	70.3362	-59.5702	-747.077	
11795	24107	132.452	334.865	132.451	-99999	90.825	-0.843364	1	1	1	1	1	-196.874	-225.025	130.364	17.2659	139.687	76.7746	-182.601	-196.594	-210.752	130.364	73.7879	17.2659	139.687	108.239	76.7746	4.84494	13	0	56.1569	90.8649	-28.344	45.5011	90.8649	-28.344	45.5011	
11797	24449	222.81	507.381	219.154	-99999	-43.738	-0.899172	1	1	1	1	1	-218.466	-277.589	132.334	-69.9235	-139.371	-84.5891	-218.416	-253.701	-277.706	132.334	30.8272	-73.4549	-139.371	-110.156	-83.7259	5.0684	11	0	50.5592	-43.7193	-20.7655	-105.192	-43.7193	-20.7655	-105.192	
11795	8744	296.962	732.632	296.532	-34.5872	-34.868	-0.477832	1	1	1	1	1	-203.5	-229.333	132.662	20.0905	-224.514	-496.4	-203.489	-221.455	-229.333	132.863	70.8702	20.0905	-224.153	-357.74	-496.4	4.39193	11	0	76.434	-34.8053	6.00096	-388.18	-34.8053	6.00096	-388.18	
11781	3878	78.435	309.759	77.4702	-99999	109.927	-0.909535	0	0	0	0	0	-132.824	-103.475	132.818	62.253	-581.956	-590.633	-98.5953	-84.462	-68.8823	133.228	96.7056	61.8073	-581.968	-583.062	-590.811	14.6543	12	0	179.233	80.2766	-38.5627	473.887	40.2166	-21.1968	-201.741	
11782	3844	180.616	1154.75	179.884	-99999	103.222	-0.457795	0	0	0	0	0	-353.714	-226.556	61.7664	-23.4238	-248.874	-154.8	-354.204	-290.104	-226.525	62.0004	19.6542	-23.5473	-249.138	-201.966	-154.708	14.5781	10	0	754.884	19.4094	-24.2792	262.871	19.4094	-24.2792	262.871	
11795	21680	205.691	510.685	205.137	-99999	37.707	-0.835062	1	1	1	1	1	-306.446	-223.53	133.552	-28.9452	-374.142	-282.301	-306.707	-261.71	-223.573	134.017	54.7643	-28.9452	-374.341	-326.986	-282.301	5.37122	9	0	84.5524	37.7463	6.37794	-317.107	37.7463	6.37794	-317.107	
11795	22015	118.553	320.878	111.331	-99999	-22.688	-0.870193	0	0	0	0	0	-198.995	-149.61	133.704	41.0832	-508.02	-476.544	-206.099	-184.712	-150.933	133.704	82.3453	36.8314	-508.02	-487.672	-475.827	4.02284	6	0	75.9843	-24.0907	-44.6635	789.673	81.0093	-36.4102	-623.129	
11795	22195	45.0687	100.259	43.8321	-99999	110.657	-0.65592	0	0	0	0	0	-128.497	-96.1082	129.916	100.401	630.746	629.778	-94.7858	-78.0835	-61.4566	130.718	115.599	100.401	630.775	630.334	629.778	4.24195	8	0	46.6102	-999999	-999999	-999999	-999999	-999999	-999999	
11797	70695	271.03	4436.75	270.653	73.4308	73.466	-0.668946	1	1	1	1	1	-331.455	-154.676	133.572	-38.8888	634.587	526.232	-331.455	-243.505	-154.403	133.572	45.1592	-39.1139	634.587	581.645	526.118	5.03056	9	0	74.5673	73.4861	8.93759	575.571	73.4861	8.93759	575.571	
11797	70695	145.684	223.046	122.758	-99999	29.317	-0.924901	1	1	1	1	1	-154.763	-147.551	132.896	21.8909	-738.877	-692.508	-145.766	-138.848	-144.111	133.73	65.1808	13.9582	-739.187	-715.664	-673.246	4.86773	10	0	56.0065	27.0061	-31.2342	240.483	27.0061	-31.2342	240.483	
11786	19912	177.871	425.441	177.67	-99999	-41.395	-0.490756	1	1	1	1	0	-311.654	-279.161	132.305	19.6265	-380.311	-247.549	-311.612	-295.225	-279.103	132.323	77.0007	19.5396	-380.34	-312.873	-247.413	4.41315	15	0	78.7073	-41.3593	19.4134	-295.702	-41.3593	19.4134	-295.702	
11780	4986	122.85	318.459	122.152	-99999	-32.041	-0.881765	1	1	0	0	0	-339.624	-286.301	133.315	24.9211	-152.8	-137.705	-339.587	-313.362	-286.049	133.315	78.7888	24.261	-152.8	-142.271	-137.696	4.47925	9	0	85.9881	-32.0101	29.0487	-146.03	-32.0101	29.0487	-146.03	
11780	7416	122.826	329.481	122.319	-99999	0.832	-0.925093	1	1	1	0	0	-162.046	-183.016	129.663	17.6621	-682.585	-725.585	-161.72	-169.863	-182.831	129.986	73.0643	17.5329	-682.467	-703.932	-725.618	7.14818	9	0	93.4357	0.868999	14.5173	-704.951	0.868999	14.5173	-704.951	
11797	77423	156.208	391.149	155.695	-99999	39.533	-0.941667	1	1	1	0	0	-123.324	-73.768	132.445	-14.4141	-519.154	-504.507	-111.103	-86.6924	-61.3754	132.89	59.0671	-14.4501	-519.174	-511.843	-504.504	4.44146	7	0	50.5377	39.5554	-3.12339	-517.469	39.5554	-3.12339	-517.469	
11774	4003	173.367	946.904	173.361	-99999	74.674	-0.554825	1	1	1	1	1	-212.322	-340.569	134.887	32.4243	-511.083	-564.487	-212.407	-276.082	-340.654	134.887	81.8853	32.4243	-511.083	-536.385	-564.487	4.19071	7	0	112.967	74.7068	27.937	-553.952	74.7068	27.937	-553.952	
11797	78894	142.874	675.239	142.684	-99999	0.057	-0.76413	1	1	1	1	1	-260.327	-335.297	132.813	24.6052	-341.078	-286.161	-260.226	-297.655	-335.297	132.958	78.5944	24.6052	-341.147	-313.824	-286.161	42.0333	23	0	352.724	0.0400506	4.29266	-276.179	0.0400506	4.29266	-276.179	
11797	83488	254.315	606.71	253.65	-99999	4.313	-0.960942	1	1	1	0	0	-312.21	-248.211	109.793	-133.771	-892.763	-869.556	-312.215	-283.343	-247.97	109.793	-13.4324	-134.376	-892.763	-881.844	-869.646	8.1664	6	0	83.1656	4.34372	-17.6401	-814.195	4.34372	-17.6401	-814.195	
11797	31529	33.522	105.444	33.2559	-99999	61.286	-0.98979	0	0	0	0	0	-256.886	-256.816	132.959	99.9529	-407.007	-403.176	-256.956	-257.406	-256.891	132.959	116.325	99.6943	-407.007	-405.048	-403.117	4.26583	12	0	68.2537	61.3214	46.9673	-402.382	61.3214	46.9673	-402.382	
11782	12056	167.427	420.481	167.019	-99999	48.234	-0.839814	1	1	1	1	1	-318.417	-247.946	133.217	-5.65902	-490.078	-431.082	-318.472	-282.113	-247.78	133.217	62.692	-5.99551	-490.078	-463.449	-431.038	5.06279	9	0	71.5153	48.2666	12.0223	-444.914	48.2666	12.0223	-444.914	
11797	8511	291.866	679.238	291.778	-99999	73.84	-0.69683	1	1	1	1	1	-227.223	-84.495	130.441	-73.3594	464.119	311.792	-204.142	-132.877	-61.3725	130.501	29.4332	-73.3594	464.165	386.702	311.792	6.72542	15	0	52.2512	73.859	-40.8075	347.301	73.859	-40.8075	347.301	
11775	3258	121.418	260.097	119.027	-99999	113.244	-0.974846	1	1	1	0	0	-107.685	-99.2863	133.878	15.5513	730.945	734.431	-72.337	-68.6306	-63.6193	134.057	73.9817	13.8765	730.889	733.109	734.61	4.91889	13	0	70.0252	113.269	29.5572	733.55	113.269	29.5572	733.55	
11782	13609	90.5859	301.895	89.9934	-99999	36.357	-0.808119	1	1	1	1	1	-244.256	-203.682	132.785	61.3984	-713.869	-677.086	-250.17	-229.92	-209.342	133.158	96.9979	61.2918	-714.05	-695.783	-677.03	4.39055	13	0	125.37	36.392	-36.0502	-615.539	36.392	-36.0502	-615.539	
11797	31909	331.241	805.344	330.984	77.4898	75.837	-0.907896	1	1	1	1	1	-122.742	-278.238	133.336	-153.029	548.641	542.84	-122.655	-197.16	-278.238	133.564	-12.5986	-153.029	548.68	526.704	542.84	5.37612	9	0	69.9292	75.8597	-25.2088	534.008	75.8597	-25.2088	534.008	
11774	3126	238	570.761	236.373	-40.8189	-41.007	-0.946579	1	1	1	1	1	-236.679	-185.131	131.892	-90.0982	138.612	77.9642	-236.823	-211.236	-185.025	132.821	20.0696	-90.696	138.882	111.056	77.7585	6.61674	13	0	98.4596	-40.9776	-21.2767	101.735	-40.9776	-21.2767	101.735	
11780	22436	117.661	662.467	117.558	-99999	111.789	-0.641224	0	0	0	0	0	-168.161	-239.844	132.716	62.4503	549.688	489.027	-133.097	-168.728	-204.838	132.781	95.9017	62.4503	549.74	520.917	489.027	33.2498	12	0	315.516	73.4581	58.7061	243.601	73.4581	58.7061	243.601	
11797	23875	120.589	316.995	119.432	44.3655	44.151	-0.855991	1	1	1	1	0	-180.392	-222.245	131.958	24.0204	-44.3565	-17.0909	-180.054	-202.972	-222.362	132.662	79.8093	23.7118	-44.6117	-26.957	-17.0537	5.9375	8	0	79.5758	44.1873	8.14102	-20.0669	44.1873	8.14102	-20.0669	
11786	16570	246.218	510.546	232.383	-564.709	-29.101	-0.881599	0	0	0	0	0	-240.279	-157.318	131.804	-73.1758	710.459	653.268	-240.759	-186.827	-156.254	132.824	25.1923	-84.4951	710.698	685.816	648.334	4.82001	14	0	71.7877	-999999	-999999	-999999	-999999	-999999	-999999	
11795	21947	550.868	1423.5	550.498	-99999	79.86	-0.309952	1	1	1	1	1	-223.13	-73.4169	127.415	-80.7498	-174.54	312.433	-210.581	-134.469	-60.7518	127.415	27.6835	-80.9435	-174.54	70.6255	312.721	4.85493	6	0	63.5759	79.916	-53.7957	228.917	79.916	-53.7957	228.917	
11795	421	128.925	393.512	128.435	103.702	104.311	-0.557823	0	0	0	0	0	-229.983	-134.057	132.594	48.5993	446.911	443.03	-230.379	-179.312	-134.057	132.863	93.8641	48.5993	446.97	442.649	443.03	19.9468	7	0	135.398	45.3422	-16.5563	-545.034	45.3422	-16.5563	-545.034	
11789	8191	686.819	1862.51	686.807	-99999	70.639	-0.355189	1	1	1	1	1	-197.979	-83.3217	132.641	-134.256	-730.546	-109.288	-175.859	-116.256	-61.2016	132.641	9.34004	-134.256	-730.546	-415.654	-109.288	5.62278	6	0	42.6845	70.6716	-30.1915	-190.692	70.6716	-30.1915	-190.692	
11782	9510	149.852	399.019	149.198	-99999	72.006	-0.902179	1	1	1	1	1	-227.13	-248.613	133.03	2.61364	78.3292	145.399	-227.212	-235.157	-248.886	133.03	64.0671	2.08546	78.3292	106.28	145.726	5.75245	12	0	90.7635	72.0381	6.48041	126.954	72.0381	6.48041	126.954	
11774	3902	24.6994	103.624	23.2349	-99999	54.473	-0.939324	1	1	1	1	1	-250.176	-241.349	131.554	110.464	-687.104	-691.147	-250.522	-246.259	-241.241	132.511	121.147	110.054	-686.921	-689.152	-691.214	5.16097	6	0	88.3917	54.5093	-31.7794	-654.129	54.5093	-31.7794	-654.129	
11774	3992	311.796	816.729	310.861	-99999	-22.292	-0.874864	1	1	1	1	1	-234.234	-340.763	130.73	-135.982	27.1276	144.155	-234.207	-293.142	-341.074	130.735	-1.26666	-136.816	27.1257	85.2621	144.372	4.90374	11	0	69.7853	-24.6993	-33.8332	176.868	-24.6993	-33.8332	176.868	
11774	1064	213.445	539.029	212.554	-99999	101.675	-0.900985	1	1	1	1	1	-173.393	-215.55	129.456	-66.2771	46.2216	115.036	-141.399	-163.972	-183.711	130.249	33.7041	-66.2771	45.8728	85.194	115.036	12.9704	7	0	88.9704	101.706	-39.2718	-67.2549	101.706	-39.2718	-67.2549	
11797	79100	249.631	577.821	249.252	-99999	-14.474	-0.870614	1	1	1	1	1	-314.559	-274.859	132.566	-91.0046	-777.226	-675.967	-314.634	-288.626	-274.843	132.892	22.6617	-91.0046	-777.39	-725.061	-675.967	4.13556	18	0	75.6769	-14.4444	-7.76393	-704.647	-14.4444	-7.76393	-704.647	
11797	80180	333.382	631.368	332.476	-99999	-6.604	-0.850765	1	1	1	1	1	-120.208	-86.105	132.317	-165.988	578.211	438.832	-122.276	-105.514	-87.9824	132.317	-14.8597	-166.854	578.211	502.02	438.694	4.18956	12	0	76.3427	-6.58022	-32.6418	490.733	-6.58022	-32.6418	490.733	
11795	31257	279.916	1720.48	279.299	78.5237	76.719	-0.762202	1	1	1	1	1	-180.196	-347.687	132.421	-74.4238	345.564	429.856	-179.858	-264.107	-347.687	132.89	29.5999	-74.4238	345.37	387.933	429.856	5.4737	13	0	854.413	76.7528	-45.2933	420.158	76.7528	-45.2933	420.158	
11795	15627	111.544	303.229	109.916	-99999	82.752	-0.466852	0	0	0	0	0	-215.772	-281.29	132.321	82.1002	601.462	528.901	-215.273	-248.37	-281.767	132.782	107.201	81.7947	602.115	565.232	528.501	4.77992	6	0	54.5423	-999999	-999999	-999999	-999999	-999999	-999999	
11795	6007	135.472	342.188	132.584	-99999	-10.24	-0.991897	1	1	0	0	0	-173.019	-187.706	130.723	-0.503491	-875.636	-871.395	-175.967	-184.466	-190.913	133.571	66.7127	-0.503491	-875.898	-869.644	-871.395	5.75007	8	0	72.6114	-10.2077	9.56096	-803.808	-10.2077	9.56096	-803.808	
11786	16911	111.085	272.406	111.084	-99999	39.145	-0.580793	1	1	1	1	1	-151.26	-216.616	132.608	66.3779	105.644	45.038	-145.109	-178.204	-210.464	132.608	99.8688	66.3779	105.644	75.3561	45.038	8.59632	6	0	46.9731	39.189	-42.0977	-29.686	39.189	-42.0977	-29.686	
11797	12391	183.247	440.641	179.914	-99999	110.635	-0.92968	0	0	0	0	0	-279.94	-252.415	132.771	-38.5166	-396.8	-351.163	-280.116	-267.545	-251.443	133.475	46.2294	-40.7865	-397.073	-372.564	-350.671	4.74471	9	0	66.6493	-27.3305	-16.9757	-313.909	-27.3305	-16.9757	-313.909	
11774	1519	31.7178	170.713	30.6063	-99999	61.669	-0.977621	1	1	1	1	1	-212.321	-219.903	132.584	102.95	-234.861	-235.674	-202.63	-206.479	-210.448	132.584	117.209	101.864	-234.861	-235.317	-235.651	6.78687	10	0	144.673	61.6989	-30.0742	-234.587	61.6989	-30.0742	-234.587	
11761	7760	148.303	362.415	148.245	-99999	66.924	-0.960257	1	1	1	1	0	-329.423	-290.231	133.169	-6.92958	-535.231	-510.797	-329.513	-309.454	-290.307	133.22	62.4032	-6.92958	-535.234	-527.535	-510.797	5.28669	13	0	80.0671	66.9423	14.436	-527.149	66.9423	14.436	-527.149	
11795	23161	391.509	994.997	390.8	56.4481	58.549	-0.812959	1	1	1	1	1	-101.998	-337.382	133.7	-162.34	-432.624	-523.656	-101.982	-217.016	-337.642	133.726	-16.6302	-162.94	-432.617	-481.678	-523.623	4.74596	10	0	75.973	58.5813	-28.9371	-478.677	58.5813	-28.9371	-478.677	
11795	16147	26.285	104.453	25.0225	-99999	-23.004	-0.716669	0	0	0	0	0	-292.644	-282.544	133.054	112.961	-161.822	-151.952	-293.076	-286.671	-282.505	133.85	124.408	112.811	-162.413	-155.96	-151.902	4.90527	12	0	90.2307	-22.9797	44.9932	-197.686	-22.9797	44.9932	-197.686	
11782	5534	311.053	748.855	309.287	-28.007	-26.835	-0.923276	1	1	1	1	1	-124.04	-241.157	132.673	-152.643	-521.838	-528.503	-123.632	-186.373	-241.242	133.69	-8.43857	-153.291	-521.779	-526.264	-528.46	7.07169	10	0	80.2006	-26.8037	-14.0504	-526.678	-26.8037	-14.0504	-526.678	
11782	6884	207.289	1198.99	207.286	-39.7628	-38.087	-0.678652	1	1	1	1	1	-150.735	-287.851	133.727	3.37832	-163.822	-81.9069	-150.735	-217.838	-287.851	133.727	66.0756	3.37832	-163.822	-123.208	-81.9069	5.15454	7	0	79.2795	-38.0519	7.23565	-106.553	-38.0519	7.23565	-106.553	
11786	11912	412.862	1077.75	412.859	-99999	46.28	-0.422578	1	1	1	1	1	-353.855	-261.024	134.502	-35.3029	-549.413	-185.973	-353.908	-305.763	-261.077	134.502	49.9385	-35.3029	-549.413	-367.561	-185.973	6.69008	15	0	87.015	46.317	15.1034	-335.859	46.317	15.1034	-335.859	
11797	9309	318.07	832.222	316.943	-99999	47.451	-0.832103	1	1	1	1	1	-232.44	-269.532	132.939	-124.018	204.949	385.779	-232.494	-253.603	-269.914	132.939	5.77233	-124.769	204.949	297.976	386.542	5.15821	13	0	94.025	47.4822	-28.8315	321.74	47.4822	-28.8315	321.74	
11797	9489	216.775	620.535	216.425	-99999	97.826	-0.873819	1	1	1	1	1	-213.353	-194.471	132.069	-56.3917	-637.67	-533.097	-228.731	-219.197	-209.844	132.371	38.7181	-56.3917	-637.838	-584.173	-533.097	6.05782	13	0	66.9795	97.8627	-22.3431	-550.06	97.8627	-22.3431	-550.06	
11797	9579	151.902	354.288	145.744	-99999	-39.047	-0.886668	1	1	1	1	1	-126.589	-193.924	132.646	5.87546	-136.843	-111.675	-138.381	-173.177	-208.568	133.595	67.4098	1.45567	-137.065	-123.796	-110.952	5.80397	7	0	63.244	-39.0074	-32.1958	-107.418	-39.0074	-32.1958	-107.418	
11797	85382	218.532	525.386	217.499	-99999	97.227	-0.753366	1	1	1	1	1	-238.463	-91.7116	129.145	-22.4661	373.379	321.784	-208.234	-136.244	-60.8025	129.407	50.7884	-22.9473	373.445	349.854	321.635	6.61453	9	0	58.3643	97.2413	-2.71998	344.016	97.2413	-2.71998	344.016	
11789	25441	185.729	492.694	184.834	-99999	-3.59	-0.769997	1	1	1	1	1	-149.687	-264.235	130.079	-11.7399	403.759	434.116	-149.138	-206.491	-264.235	130.767	59.4107	-11.7399	403.606	419.173	434.116	8.27013	8	0	64.1866	-3.56162	-44.6914	438.321	-3.56162	-44.6914	438.321	
11786	18998	239.732	576.404	239.164	-99999	43.898	-0.778001	1	1	1	1	1	-337.761	-247.865	133.001	-55.7227	-528.518	-417.53	-338.012	-283.761	-247.915	133.44	44.1757	-55.7227	-528.807	-470.181	-417.53	5.79353	13	0	75.5751	43.9203	-2.5899	-453.505	43.9203	-2.5899	-453.505	
11786	19538	370.305	968.631	370.3	75.5332	75.16	-0.547899	1	1	1	1	1	-98.618	-257.442	50.6993	-95.0397	-894.282	-603.156	-98.618	-182.798	-257.442	50.6993	-48.0011	-95.0397	-894.282	-762.291	-603.156	9.95419	7	0	179.533	83.8564	-29.5265	791.655	64.2964	-16.2591	-157.029	
11786	20618	113.73	294.488	109.072	65.0563	61.328	-0.722164	1	1	1	1	0	-265.29	-189.79	130.332	52.196	-17.3067	-24.6473	-268.43	-229.268	-189.79	133.681	92.9388	52.196	-16.5428	-22.4201	-24.6473	5.45697	6	0	80.8232	61.3624	18.4911	-17.611	61.3624	18.4911	-17.611	
11797	79319	217.643	598.577	217.312	-99999	-0.496	-0.720107	1	1	1	1	1	-212.152	-300.252	129.082	-28.5205	-445.233	-329.679	-211.987	-261.299	-300.251	129.319	47.7736	-28.5205	-445.391	-393.197	-329.679	15.2411	12	0	88.073	-0.464713	-5.56838	-365.706	-0.464713	-5.56838	-365.706	
11797	96757	251.548	526.308	251.534	-808.902	-31.372	-0.947646	0	0	0	0	0	-199.511	-274.606	132.027	-100.825	606.426	550.092	-199.511	-235.702	-274.606	132.027	15.5342	-100.825	606.426	576.377	550.092	5.24201	7	0	60.1001	-14.365	-47.5142	-637.178	-14.365	-47.5142	-637.178	
11797	97477	58.9298	137.601	58.3419	-99999	-30.05	-0.906041	0	0	0	0	0	-294.172	-289.366	126.604	69.7826	865.898	875.126	-294.138	-292.068	-289.35	126.604	97.8989	69.268	865.898	870.762	875.346	6.77626	9	0	64.9278	-30.0175	41.0096	824.684	-30.0175	41.0096	824.684	
11786	20287	174.507	1248.69	164.337	-99999	90.673	-0.382457	1	1	1	1	1	-358.698	-224.688	87.5309	22.8799	-458.502	-528.162	-359.666	-288.531	-217.399	87.9374	53.1132	19.6857	-458.028	-494.554	-532.397	4.32473	20	0	783.59	90.69	-18.3579	-559.637	90.69	-18.3579	-559.637	
11789	13573	276.907	659.905	276.3	23.9857	22.989	-0.900218	1	1	1	1	1	-176.938	-270.138	131.138	-126.146	-454.905	-469.641	-176.938	-234.919	-270.179	131.138	6.09877	-126.742	-454.905	-465.799	-469.608	5.11211	7	0	80.2901	23.0177	-32.7519	-463.757	23.0177	-32.7519	-463.757	
11789	14833	322.44	37134.8	321.907	115.062	112.714	-0.818259	0	0	0	0	0	-307.678	-136.67	131.392	-137.519	237.038	192.77	-307.967	-222.41	-136.67	131.801	-2.96033	-137.519	237.116	214.542	192.77	123.18	10	0	36311.3	-999999	-999999	-999999	-999999	-999999	-999999	
11797	1263	269.16	634.192	268.01	-99999	21.827	-0.922779	1	1	1	1	1	-234.928	-316.886	131.342	-117.183	-766.328	-716.576	-234.718	-281.839	-317.065	131.922	6.9919	-117.669	-766.41	-750.808	-716.541	7.18606	7	0	70.5247	21.8539	-26.6311	-722.859	21.8539	-26.6311	-722.859	
11797	54174	90.1109	227.54	89.21	-99999	30.787	-0.895359	1	1	1	1	1	-246.236	-204.86	132.25	53.8252	-575.374	-565.866	-251.282	-230.461	-209.544	132.694	93.0766	53.4486	-575.425	-570.262	-565.866	5.90303	6	0	59.4959	30.8219	-41.0935	-548.356	30.8219	-41.0935	-548.356	
11797	20405	308.977	814.666	307.597	110.133	110.147	-0.912545	0	0	0	0	0	-161.99	-240.117	131.724	-144.961	-824.915	-720.64	-161.635	-205.715	-240.116	132.902	-8.314	-145.01	-825.301	-782.159	-720.6	10.4986	12	0	90.5718	72.6642	-81.5699	455.091	72.6642	-81.5699	455.091	
11780	8728	81.1724	206.118	80.9934	-99999	60.462	-0.751126	1	0	0	0	0	-108.598	-80.0496	62.3114	122.221	-894.572	-848.155	-61.1163	-75.6661	-89.7268	122.221	92.119	62.1822	-848.155	-871.159	-894.679	4.24805	234	0	206.118	60.4934	44.5857	-833.406	60.4934	44.5857	-833.406	
11780	10371	217.696	784.758	217.527	-99999	40.034	-0.955485	1	1	1	1	1	-177.465	-217.56	130.536	-77.4582	209.488	160.108	-171.152	-191.373	-211.279	130.647	26.6674	-77.5037	209.515	184.57	160.099	4.57489	9	0	45.742	40.0626	-12.0155	176.492	40.0626	-12.0155	176.492	
11795	31586	261.083	2280.28	261.078	-99999	13.837	-0.769477	1	1	1	1	1	-234.593	-308.772	109.972	-90.7596	-892.66	-743.331	-234.609	-271.488	-308.788	109.972	9.85352	-90.7596	-892.66	-817.458	-743.331	70.4448	13	0	1592.5	13.8627	-39.6324	-656.149	13.8627	-39.6324	-656.149	
11795	29518	218.838	527.986	218.198	-99999	-26.22	-0.920191	1	1	1	1	1	-330.873	-258.926	133.201	-60.5659	-194.943	-125.713	-330.993	-294.48	-258.896	133.79	36.329	-60.5659	-195.139	-161.503	-125.713	4.30838	14	0	95.9201	-26.192	3.15383	-158.775	-26.192	3.15383	-158.775	
11797	26448	405.47	1030.73	404.968	35.7044	35.964	-0.702027	1	1	1	1	1	-339.186	-149.241	133.702	-142.358	-505.636	-729.987	-339.349	-243.154	-149.161	133.944	-6.74406	-142.436	-505.46	-615.021	-730.097	6.67498	13	0	82.3996	36.0022	-12.9385	-611.422	36.0022	-12.9385	-611.422	
11786	31228	225.944	1279.27	209.16	-99999	8.251	-0.932126	1	1	1	1	1	-243.394	-195.177	130.417	-45.247	789.093	876.082	-243.394	-217.315	-194.415	130.417	25.0179	-47.4937	789.093	820.071	892.446	20.3527	10	0	875.13	8.2744	-8.08178	782.085	8.2744	-8.08178	782.085	
11786	16822	199.857	458.235	196.86	-99999	32.602	-0.945166	1	1	1	1	1	-123.987	-100.08	128.085	-66.3298	293.911	302.61	-114.139	-102.287	-89.7295	130.375	31.631	-66.8381	293.195	301.057	302.45	5.16027	9	0	67.3928	32.6345	-21.5834	295.669	32.6345	-21.5834	295.669	
11780	5046	188.099	472.401	186.3	-99999	-2.056	-0.959879	1	1	1	1	1	-269.219	-305.784	130.904	-50.803	-683.847	-670.507	-269.153	-286.082	-306.179	131.207	39.0547	-52.2138	-683.914	-676.677	-670.674	5.62853	8	0	77.0406	-2.03049	-9.86501	-660.544	-2.03049	-9.86501	-660.544	
11797	96163	268.747	665.291	267.018	-99999	21.034	-0.947673	1	1	1	1	1	-229.248	-305.542	132.432	-121.897	695.182	715.01	-229.253	-271.147	-305.95	132.483	5.03394	-123.515	695.186	699.476	715.175	5.59827	9	0	92.5792	21.06	-34.8719	706.636	21.06	-34.8719	706.636	
11797	68224	80.0929	183.971	79.9663	-99999	45.407	-0.57475	1	1	1	1	0	-147.258	-91.1287	132.856	85.3471	-808.883	-840.003	-133.114	-105.054	-76.9098	132.918	108.92	85.3471	-808.838	-824.289	-840.003	6.05803	9	0	41.5065	45.4204	51.5751	-808.32	45.4204	51.5751	-808.32	
11797	71644	235.843	639.485	234.625	57.6818	59.171	-0.947627	1	1	1	1	1	-201.56	-275.711	131.504	-86.6697	-431.695	-435.355	-201.269	-242.01	-275.759	132.53	24.0473	-86.7893	-431.526	-452.93	-435.325	9.65587	12	0	126.818	59.1983	-26.0681	-437.932	59.1983	-26.0681	-437.932	
11797	71644	34.451	99.9368	33.9778	-99999	90.641	-0.952913	1	0	0	0	0	-100.073	-89.7271	133.194	100.96	-378.432	-375.572	-71.7777	-66.7406	-61.2912	133.497	117.091	100.813	-378.46	-376.984	-375.561	13.1233	7	0	57.1957	90.6583	69.6572	-374.082	90.6583	69.6572	-374.082	
11797	12502	188.113	782.53	187.726	-99999	22.996	-0.524982	1	1	1	1	1	-214.211	-273.408	125.306	26.5884	203.235	351.376	-210.502	-239.651	-269.821	125.507	75.1997	26.5884	202.931	276.862	351.376	5.44777	23	0	290.64	23.042	-45.2258	451.877	23.042	-45.2258	451.877	
11797	41661	101.998	274.507	100.308	-20.7353	-21.142	-0.952577	1	1	0	0	0	-188.284	-222.586	132.331	38.3938	620.496	621.973	-188.262	-205.99	-223.283	132.421	84.6853	36.9622	620.504	618.574	622.009	4.7043	8	0	77.2792	-21.1125	11.4874	621.006	-21.1125	11.4874	621.006	
11797	95750	44.2152	130.213	44.2151	-99999	38.089	-0.893493	1	1	0	0	0	-82.4912	-73.3091	130.382	91.0644	462.186	444.187	-70.5639	-65.9036	-61.3817	130.382	110.62	91.0644	462.186	453.441	444.187	4.66358	13	0	65.8476	38.1065	54.9031	512.662	38.1065	54.9031	512.662	
11797	98990	5857.14	763.607	1081.87	71.2943	71.82	-0.9607	1	1	1	1	1	-219.472	-196.217	132.098	-96.8303	742.627	673.392	-219.394	-222.755	-195.59	132.658	16.3579	-98.7452	742.776	746.626	672.726	5.6735	13	0	102.287	71.8559	-18.1668	698.1	71.8559	-18.1668	698.1	
11761	3110	244.245	572.122	242.461	-99999	43.939	-0.748463	1	1	1	1	1	-342.583	-203.092	133.641	-49.1182	207.267	280.364	-350.256	-277.598	-209.695	134.662	41.6382	-49.3963	206.783	237.464	280.419	5.46592	6	0	67.0679	43.9551	13.1593	241.983	43.9551	13.1593	241.983	
11759	1299	59.5922	491.047	59.1606	-99999	25.085	-0.903321	1	1	1	1	1	-277.805	-274.561	132.752	82.4438	749.405	719.315	-277.833	-275.197	-274.643	132.752	107.599	82.2727	749.405	733.932	719.257	4.77354	10	0	328.075	25.1126	-26.5182	651.884	-20.8974	31.3296	789.681	
11761	5149	87.6876	456.98	87.6872	-99999	83.439	-0.445966	1	1	1	1	1	-223.331	-272.142	130.952	92.7923	-361.624	-299.626	-223.427	-248.058	-272.237	130.952	111.565	92.7923	-361.624	-330.978	-299.626	8.42281	17	0	149.577	83.49	20.3334	-250.116	83.49	20.3334	-250.116	
11772	1528	326.539	798.887	325.842	-99999	107.485	-0.970239	1	1	1	1	1	-103.484	-225.205	132.759	-167.344	756.933	737.78	-69.7878	-128.148	-191.842	132.945	-19.3324	-167.739	756.936	752.059	737.692	4.68854	9	0	81.6214	106.839	-16.182	706.929	106.839	-16.182	706.929	
11772	3598	31.1191	106.662	27.3999	-99999	96.889	-0.903064	1	1	1	1	1	-206.443	-194.714	132.121	107.632	-800.398	-803.82	-221.848	-214.894	-209.256	132.523	118.699	104.557	-800.35	-801.952	-804.685	12.6762	6	0	88.297	96.9135	-44.4065	-789.812	96.9135	-44.4065	-789.812	
11795	62	414.636	931.743	414.467	-99999	21.084	-0.482698	1	1	1	1	1	-70.8576	-112.326	133.07	-42.3184	-297.939	73.0513	-64.2497	-79.4857	-105.724	133.144	39.2779	-42.3184	-298.076	-113.978	73.0513	6.9591	10	0	73.9048	21.129	17.035	-96.5886	21.129	17.035	-96.5886	
11797	2534	337.618	776.173	336.991	-47.6565	-47.984	-0.530784	1	1	1	1	1	-231.899	-184.845	132.553	-37.0105	-646.367	-360.884	-231.899	-201.255	-184.851	132.553	49.5428	-37.0431	-646.367	-502.766	-360.82	7.7962	10	0	89.1895	-47.9275	-2.93277	-474.191	-47.9275	-2.93277	-474.191	
11789	8788	259.907	642.347	259.795	-99999	115.085	-0.981441	0	0	0	0	0	-311.367	-243.278	133.621	-111.792	-182.011	-134.346	-311.499	-280.534	-243.361	133.621	9.37999	-111.886	-182.011	-160.277	-134.328	8.03045	8	0	83.9098	-999999	-999999	-999999	-999999	-999999	-999999	
11795	30455	64.1253	258.687	62.249	-99999	55.648	-0.389216	1	1	1	1	0	-86.0081	-78.6672	133.392	95.8385	-658.074	-610.291	-68.5822	-63.8951	-61.0448	133.392	114.566	95.2661	-658.074	-633.705	-609.151	4.25395	10	0	43.22	55.6663	46.096	-561.903	55.6663	46.096	-561.903	
11782	2057	224.137	516.668	224.135	-99999	102.993	-0.579308	0	0	0	0	0	-242.374	-93.6155	127.584	-4.02624	846.906	743.109	-210.122	-135.086	-61.3639	127.584	62.2594	-4.02624	846.906	795.337	743.109	14.7759	11	0	45.1572	-7.49788	-69.5628	681.318	-7.49788	-69.5628	681.318	
11774	9040	248.681	604.486	246.676	-99999	6.607	-0.977944	1	1	1	1	1	-73.764	-112.452	130.804	-109.002	-7.71554	21.4066	-71.6764	-99.9733	-110.575	130.896	10.8585	-110.481	-7.72002	5.03959	21.5582	4.04369	9	0	182.455	6.62595	-8.92356	40.3609	6.62595	-8.92356	40.3609	
11789	12750	112.93	291.507	111.612	-99999	0.47	-0.954053	1	1	1	0	0	-118.052	-143.373	132.72	24.7207	-378.105	-385.021	-117.547	-134.47	-143.238	133.894	80.054	24.6336	-378.065	-379.409	-385.018	8.69023	6	0	81.7783	0.491169	24.8918	-383.442	0.491169	24.8918	-383.442	
11795	19281	219.874	550.012	218.081	108.923	106.921	-0.829982	0	0	0	0	0	-174.508	-276.417	133.671	-44.2995	-696.123	-625.08	-174.508	-221.228	-277.506	133.671	41.8903	-45.7009	-696.123	-657.901	-624.853	6.11656	6	0	81.8904	84.4629	-66.0424	-819.021	84.4629	-66.0424	-819.021	
11789	4073	167.016	336.354	147.84	-99999	-34.61	-0.939305	1	1	1	1	1	-311.094	-294.767	132.449	-3.081	-645.94	-593.52	-311.132	-297.138	-294.623	132.925	54.1718	-8.18717	-646.095	-622.146	-589.552	7.48158	18	0	87.6582	-34.5814	13.4686	-608.573	-34.5814	13.4686	-608.573	
11773	2571	93.0416	214.661	66.8195	-99999	-14.466	-0.896774	1	0	0	0	0	-343.405	-329.617	133.612	75.2094	512.102	539.878	-343.388	-334.324	-326.261	133.612	91.6198	52.3468	512.102	529.663	550.725	9.97759	20	0	76.9503	-12.5935	71.8082	575.372	-12.5935	71.8082	575.372	
11786	24007	162.525	400.495	162.522	-99999	50.176	-0.77084	1	1	1	1	1	-112.719	-218.92	133.141	11.186	-490.132	-506.15	-104.834	-157.85	-211.035	133.141	72.0635	11.186	-490.132	-497.951	-506.15	4.17734	7	0	40.5763	50.2188	-33.0445	-513.472	50.2188	-33.0445	-513.472	
11786	26257	315.488	835.89	314.483	45.7793	48.057	-0.941063	1	1	1	1	1	-205.441	-308.773	132.285	-142.28	93.6568	199.81	-205.441	-250.827	-309.034	132.285	-10.8705	-142.981	93.6568	141.238	200.465	4.22431	19	0	80.2815	48.0835	-38.6614	158.214	48.0835	-38.6614	158.214	
11786	5779	116.906	314.169	112.581	95.4551	94.938	-0.985154	1	1	1	0	0	-215.212	-186.478	131.697	23.2511	-826.788	-822.303	-215.558	-203.983	-186.153	134.642	77.4698	21.9615	-827.167	-825.65	-822.274	4.63142	9	0	78.2133	94.9686	16.9768	-784.439	94.9686	16.9768	-784.439	
11797	37158	103.678	383.529	102.876	-99999	11.725	-0.955098	0	0	0	0	0	-275.244	-290.631	133.11	39.6621	-256.967	-224.32	-275.165	-283.403	-290.672	133.519	83.7033	39.4107	-257.062	-245.389	-224.116	5.16122	6	0	106.912	11.7385	63.2165	0.931635	11.7385	63.2165	0.931635	
11797	71863	233.148	601.59	232.31	-99999	93.437	-0.992416	1	1	1	0	0	-249.839	-216.379	132.646	-95.6499	-867.118	-876.792	-249.963	-235.171	-216.338	133.174	18.3607	-95.9099	-867.055	-879.676	-876.776	5.4938	7	0	90.065	93.4677	-14.6516	-802.938	93.4677	-14.6516	-802.938	
11780	15328	215.801	551.519	215.207	-99999	108.349	-0.908545	0	0	0	0	0	-357.784	-262.291	134.508	-49.7688	-283.592	-250.853	-358.029	-316.449	-262.36	134.79	35.6436	-49.893	-283.616	-274.877	-250.618	20.5414	23	0	89.5287	44.3269	66.9339	632.515	29.7169	-50.7631	-182.002	
11780	16408	145.247	337.52	142.881	-99999	108.007	-0.98472	0	0	0	0	0	-317.87	-302.182	133.414	-6.83035	-665.062	-658.288	-318.096	-310.536	-302.356	133.984	61.9413	-8.42151	-665.057	-665.196	-657.587	13.0595	7	0	56.3329	-999999	-999999	-999999	-999999	-999999	-999999	
11797	26877	157.221	400.893	156.773	-99999	12.646	-0.96064	1	1	1	1	1	-206.686	-154.266	131.987	-14.6558	-119.471	-110.793	-202.786	-181.297	-150.216	132.204	56.9167	-14.8531	-119.487	-112.671	-110.818	5.2459	9	0	82.6049	7.28598	-15.6916	-365.607	7.28598	-15.6916	-365.607	
11797	78620	299.436	817.744	299.089	108.456	108.954	-0.685787	0	0	0	0	0	-145.888	-286.959	133.042	-42.4319	507.395	319.06	-145.888	-216.861	-287.08	133.042	30.6106	-42.5062	507.395	424.608	318.752	4.4906	12	0	84.5185	-999999	-999999	-999999	-999999	-999999	-999999	
11786	22199	171.377	379.241	169.846	-99999	-40.044	-0.968436	1	1	1	1	0	-303.791	-322.5	133.57	-29.9761	-674.79	-640.308	-303.644	-309.363	-322.618	134.043	49.405	-30.9248	-674.879	-665.121	-639.967	4.63939	13	0	80.5729	-40.0205	-0.15503	-646.522	-40.0205	-0.15503	-646.522	
11797	87580	473.933	941.546	473.353	-99999	-17.812	-0.586283	1	1	1	1	1	-291.128	-288.017	128.081	-163.412	443.099	782.667	-291.108	-287.098	-287.97	128.081	-25.669	-163.621	443.099	618.681	782.91	5.43912	15	0	77.1703	-17.7716	-28.3149	608.457	-17.7716	-28.3149	608.457	
11776	1167	295.911	702.258	295.753	-99999	-22.084	-0.912822	1	1	1	1	1	-321.154	-237.678	133.289	-128.645	4.08434	102.937	-321.156	-269.585	-237.638	133.367	2.01317	-128.687	4.06248	48.0875	102.985	6.42768	11	0	87.3133	-22.0624	-6.0579	44.0072	-22.0624	-6.0579	44.0072	
11776	3417	300.531	357.228	292.99	-99999	-14.91	-0.78455	1	1	1	1	1	-304.655	-283.647	132.799	-87.976	-467.325	-279.74	-304.646	-300.309	-283.431	133.102	19.7623	-91.4583	-467.559	-371.276	-274.078	7.84422	13	0	83.0805	-14.8755	-12.6418	-346.932	-14.8755	-12.6418	-346.932	
11797	16678	142.612	382.468	138.81	-99999	87.494	-0.677768	1	1	1	1	1	-242.563	-343.747	133.215	38.3959	184.384	190.304	-242.663	-294.686	-346.867	133.215	84.5565	36.1845	184.384	187.551	190.683	6.1084	8	0	74.5108	87.5256	8.0511	54.581	87.5256	8.0511	54.581	
11797	12910	324.856	794.502	323.708	-99999	34.906	-0.557026	1	1	1	1	1	-92.5248	-215.584	132.93	-42.9501	628.841	871.067	-86.76	-150.375	-210.219	133.383	45.3546	-43.1495	628.234	749.001	871.312	4.93416	6	0	61.158	34.3518	10.8815	477.727	51.2818	-100.479	789.584	
11797	93437	213.53	493.21	213.447	-99999	86.251	-0.963514	1	1	1	1	0	-131.533	-88.3052	133.687	-74.404	-684.46	-665.43	-104.546	-83.4643	-61.2962	133.763	29.5998	-74.404	-684.465	-674.49	-665.43	5.50306	9	0	59.615	86.2753	-46.8627	-672.839	86.2753	-46.8627	-672.839	
11795	12172	316.277	760.868	316.092	32.4308	31.669	-0.940131	1	1	1	1	1	-215.002	-134.372	131.883	-159.662	-511.6	-596	-215.04	-183.651	-134.372	132.052	-16.8534	-159.662	-511.552	-553.681	-596	5.11321	10	0	69.1213	31.6898	-37.4354	-561.829	31.6898	-37.4354	-561.829	
11775	6439	181.759	591.064	179.538	-41.8548	-43.551	-0.893027	1	1	1	1	1	-242.84	-176.002	132.324	-22.8044	-87.2633	-147.061	-242.976	-208.535	-175.152	132.691	53.8059	-24.3872	-87.1414	-116.114	-147.219	16.2394	8	0	201.711	-43.5158	-4.90244	-132.663	-43.5158	-4.90244	-132.663	
11775	2581	238.91	593.686	235.873	-99999	84.154	-0.862731	1	1	1	1	1	-347.956	-298.502	133.467	-72.2352	291.852	393.29	-348.052	-320.294	-298.885	133.467	28.0758	-74.3799	291.852	340.594	395.325	7.5518	10	0	109.801	84.1742	-10.8204	359.089	84.1742	-10.8204	359.089	
11797	82880	159.998	487.759	158.268	-99999	93.808	-0.843678	1	1	1	1	1	-277.632	-338.385	131.138	2.3898	280.375	349.478	-277.573	-307.745	-338.992	131.51	66.1513	1.31436	280.212	315.079	349.987	4.93108	12	0	112.815	93.8331	-15.2314	356.733	93.8331	-15.2314	356.733	
11786	3078	219.818	419.055	193.673	-99999	46.535	-0.878136	1	1	1	1	1	-183.973	-153.409	35.3307	-136.47	-894.535	-810.964	-169.529	-152.249	-138.021	36.0491	-61.5943	-155.628	-894.908	-847.537	-801.225	6.26777	6	0	124.4	46.5658	-58.4189	-780.697	46.5658	-58.4189	-780.697	
11795	3206	152.377	512.84	151.308	-99999	-17.313	-0.982916	0	0	0	0	0	-258.196	-260.848	130.453	-17.9904	678.105	657.76	-258.114	-261.147	-260.812	131.043	56.5258	-18.3637	678.199	665.994	657.767	10.395	18	0	153.145	-17.2879	0.398049	840.016	1.47213	35.2064	811.64	
11780	691	178.564	479.429	177.155	115.34	115.326	-0.864618	0	0	0	0	0	-221.764	-124.145	131.328	-3.22722	-605.695	-659.661	-222.136	-179.963	-123.91	132.27	59.3024	-3.43161	-605.302	-633.65	-659.65	6.53972	7	0	75.7716	-999999	-999999	-999999	-999999	-999999	-999999	
11797	81859	366.765	1542.52	365.618	-11.12	-11.291	-0.838119	1	1	1	1	1	-321.537	-204.531	133.438	-169.986	465.657	306.055	-321.69	-269.161	-204.352	133.925	-13.8849	-170.382	465.93	371.118	305.709	5.21607	15	0	90.605	-11.2797	-12.6862	379.071	-11.2797	-12.6862	379.071	
11797	83611	242.698	1034.44	240.815	97.7681	97.254	-0.601734	1	1	1	1	1	-197.483	-297.26	119.889	-24.3401	886.308	721.462	-197.483	-247.519	-297.96	119.889	46.6992	-25.4406	886.308	803.631	720.121	48.0204	6	0	432.712	97.2942	-38.6672	673.773	97.2942	-38.6672	673.773	
11795	8189	57.0637	209.013	54.7188	-99999	49.28	-0.963912	1	0	0	0	0	-319.913	-326.901	133.197	82.1013	-261.472	-244.451	-319.969	-322.668	-326.481	133.197	106.347	80.212	-261.472	-252.395	-244.609	4.69972	18	0	115.619	49.3029	55.8058	-233.843	49.3029	55.8058	-233.843	
11797	2355	133.383	724.711	130.509	-99999	66.822	-0.789294	1	1	1	1	0	-138.587	-193.644	133.386	24.2885	-608.077	-568.964	-117.574	-142.465	-174.211	133.566	78.8975	22.1301	-608.183	-579.447	-568.65	4.99401	6	0	79.4982	56.9486	-34.6355	600.376	56.9486	-34.6355	600.376	
11795	367	597.154	1865.09	596.69	-99999	-19.669	-0.494623	1	1	1	1	1	-111.941	-113.478	130.424	-163.46	298.967	815.176	-118.101	-118.734	-119.665	130.424	-13.5174	-163.593	298.967	558.982	815.41	4.46924	7	0	49.8946	-19.6195	-13.9044	219.11	-19.6195	-13.9044	219.11	
11772	897	208.117	501.266	207.975	-99999	18.052	-0.576545	1	1	1	1	1	-343.582	-249.259	133.428	22.4682	-226.92	-80.5026	-343.638	-303.394	-249.249	133.481	72.2323	22.4545	-226.988	-153.197	-80.4694	6.48626	12	0	78.1029	18.0794	30.6905	-144.1	18.0794	30.6905	-144.1	
11797	65624	163.983	389.179	163.718	-99999	-15.973	-0.965579	1	1	0	0	0	-75.5647	-101.552	107.047	-53.5533	-894.179	-877.271	-80.5229	-92.8155	-106.555	107.284	26.9227	-53.5681	-894.226	-883.915	-877.27	4.17223	10	0	80.2153	-15.957	-0.645611	-840.056	-15.957	-0.645611	-840.056	
11786	568	42.6506	156.328	42.1243	-99999	62.262	-0.811047	1	0	0	0	0	-104.347	-80.799	129.958	96.1109	291.573	283.89	-85.0171	-73.019	-61.2021	130.201	112.983	95.9644	291.61	287.862	283.836	10.7119	9	0	109.305	62.2794	38.582	261.837	62.2794	38.582	261.837	
11786	6737	92.648	245.16	92.2019	-99999	-7.828	-0.571984	1	1	1	1	1	-270.232	-322.55	131.066	76.9335	506.68	559.891	-269.969	-296.591	-322.541	131.322	104.558	76.9335	506.418	533.264	559.891	7.20504	12	0	56.8408	-17.5118	-18.7505	-238.583	-17.5118	-18.7505	-238.583	
11786	14904	212.075	470.086	207.44	-603.262	84.853	-0.938612	0	0	0	0	0	-153.096	-224.849	132.839	-57.5336	-760.008	-782.256	-153.029	-190.788	-225.064	133.093	36.7201	-61.7062	-759.953	-782.573	-781.107	19.6384	22	0	114.229	42.5314	32.2125	834.202	42.5314	32.2125	834.202	
11775	2295	320.441	805.611	320.127	66.5891	67.252	-0.903097	1	1	1	1	1	-196.731	-335.045	132.165	-144.555	198.389	277.007	-196.682	-261.456	-335.111	132.281	-10.2807	-144.711	198.365	231.699	277.068	10.2831	11	0	111.16	67.2761	-42.6783	248.185	67.2761	-42.6783	248.185	
11786	10460	181.286	475.714	178.971	-99999	-0.075	-0.838483	1	1	1	1	1	-355.837	-304.551	48.3069	-96.8323	1.94573	90.8675	-355.837	-328.488	-304.341	48.3069	-23.0762	-98.4763	1.94573	50.4678	92.4721	6.03861	26	0	128.442	-0.0502916	25.4931	12.1495	-0.0502916	25.4931	12.1495	
11774	6364	394.629	12159.1	392.997	96.0946	97.49	-0.736818	1	1	1	1	1	-124.937	-322.263	131.832	-159.757	-61.5774	108.729	-124.378	-223.998	-322.263	132.605	-13.6978	-159.757	-62.0216	24.9958	108.729	5.78779	8	0	107.534	97.5255	-54.5537	251.36	97.5255	-54.5537	251.36	
11773	5053	318.612	3155.44	317.928	-13.3883	-11.272	-0.915292	1	1	1	1	1	-125.483	-223.97	132.302	-159.854	-744.879	-669.98	-125.282	-177.493	-223.97	132.889	-12.6883	-159.854	-745.038	-706.857	-669.98	7.25153	7	0	150.201	-11.2435	-37.1765	-668.268	-11.2435	-37.1765	-668.268	
11797	20619	138.219	399.995	137.674	289.866	81.394	-0.966094	1	1	1	1	1	-189.444	-216.123	131.969	-1.76007	384.53	392.064	-189.325	-207.917	-216.123	132.487	66.5124	-1.76007	384.465	392.684	392.064	7.98729	7	0	92.8102	81.4246	-12.6743	-341.856	-33.3254	-54.2726	165.501	
11780	21843	129.078	367.217	128.468	22.7513	23.238	-0.897862	1	1	1	0	0	-161.966	-224.638	132.49	22.1346	680.15	698.504	-161.757	-194.046	-224.638	133.052	78.1889	22.1346	680.057	690.168	698.504	7.4293	11	0	126.974	23.2702	12.6695	682.618	23.2702	12.6695	682.618	
11797	87136	123.591	284.775	123.565	-99999	-24.826	-0.801456	0	0	0	0	0	-278.437	-265.08	131.937	48.9406	-466.126	-385.134	-278.408	-277.822	-265.052	131.937	81.5361	48.9406	-466.126	-433.731	-385.134	11.9947	6	0	64.6496	-999999	-999999	-999999	-999999	-999999	-999999	
11797	38555	69.5191	158.634	68.951	-99999	-34.021	-0.66544	1	1	1	1	1	-130.446	-127.897	132.74	76.7482	-85.4376	-48.4437	-141.099	-139.905	-138.524	132.74	103.202	76.4949	-85.4376	-67.7713	-47.9439	90.1259	6	0	146.612	-33.9875	-25.6651	11.1679	-33.9875	-25.6651	11.1679	
11797	52945	66.5646	211.703	66.0578	-99999	-0.792	-0.678579	1	1	1	0	0	-249.146	-298.67	133.246	90.9521	-205.207	-194.637	-249.145	-273.773	-299.013	133.246	111.58	90.6354	-205.207	-199.879	-194.588	13.1357	9	0	100.569	-0.811017	40.7071	-186.173	-0.811017	40.7071	-186.173	
11780	17830	297.937	761.395	294.572	-99999	79.063	-0.992339	1	1	1	1	1	-101.35	-86.0897	130.484	-162.998	494.579	480.157	-76.8976	-69.416	-61.3316	133.795	-14.6134	-162.998	494.86	487.615	480.157	6.29886	16	0	72.2044	79.0895	-44.9697	466.092	79.0895	-44.9697	466.092	
11773	6189	61.2875	238.445	59.0014	-99999	-8.779	-0.684683	1	0	0	0	0	-193.881	-231.95	132.109	94.5586	-184.142	-162.097	-193.591	-214.973	-232.909	132.398	112.808	93.6907	-184.238	-174.857	-163.075	8.66337	18	0	116.462	-8.73754	32.5866	-167.168	-8.73754	32.5866	-167.168	
11797	24687	282.797	8457.95	282.751	-99999	101.29	-0.939001	0	0	0	0	0	-323.417	-311.738	132.596	-138.008	-723.518	-644.207	-323.533	-317.566	-311.854	132.596	-3.59275	-138.008	-723.518	-686.326	-644.207	11.121	11	0	118.17	-999999	-999999	-999999	-999999	-999999	-999999	
11797	24777	269.181	647.183	267.377	-99999	-38.516	-0.944349	1	1	1	1	1	-237.655	-289.541	132.81	-125.236	607.345	635.939	-237.611	-270.791	-290.056	132.81	4.16991	-126.936	607.345	628.541	636.049	5.60605	7	0	75.0443	-38.4929	-32.2412	635.161	-38.4929	-32.2412	635.161	
11786	12893	249.362	587.295	246.842	-99999	-48.965	-0.970285	1	1	1	1	1	-185.431	-137.823	131.148	-102.456	-225.934	-167.034	-200.854	-182.552	-152.46	131.974	12.4427	-103.958	-226.119	-196.172	-166.913	7.09077	8	0	80.7298	-48.938	-23.1462	-188.205	-48.938	-23.1462	-188.205	
11786	12983	209.835	526.497	209.737	-99999	86.042	-0.913231	1	1	1	1	1	-225.233	-255.423	132.662	-56.4628	-355.614	-273.767	-225.331	-245.261	-255.523	132.662	36.2741	-56.497	-355.614	-319.481	-273.748	5.37239	10	0	69.8514	86.0749	-15.8613	-301.778	86.0749	-15.8613	-301.778	
11797	11595	81.3796	228.198	81.375	-23.8153	-24.616	-0.916118	1	0	0	0	0	-178.115	-216.311	133.146	62.5455	846.472	858.443	-178.115	-197.325	-216.311	133.146	97.4946	62.5455	846.472	850.085	858.443	6.82737	9	0	72.6005	-22.2662	-12.4183	573.871	-22.2662	-12.4183	573.871	
11786	15655	121.939	378.41	121.414	-99999	-6.443	-0.7227	1	1	1	1	0	-229.534	-221.539	127.502	45.3222	788.122	876.484	-229.573	-224.946	-221.531	127.877	85.0559	45.3222	787.772	830.907	876.484	5.51507	15	0	71.9166	-6.92779	-32.398	-140.543	-34.4278	-15.9929	451.749	
11797	98062	372.811	1631.77	368.618	-99999	26.236	-0.728584	1	1	1	1	1	-157.971	-82.8057	129.534	-170.26	430.845	232.431	-151.259	-112.794	-74.5901	132.571	-17.4677	-170.26	433.262	329.856	232.431	17.3908	23	0	289.104	26.2694	-50.9317	291.411	26.2694	-50.9317	291.411	
11780	1201	137.547	340.775	128.912	-99999	18.642	-0.831654	1	1	1	1	0	-221.612	-280.997	131.493	22.9156	-376.918	-345.567	-221.387	-256.419	-285.902	131.875	74.0488	17.8141	-376.991	-364.691	-341.459	4.99161	11	0	87.9507	18.6784	13.9587	-350.57	18.6784	13.9587	-350.57	
11797	36538	303.432	712.366	303.029	-19.1992	-18.141	-0.839207	1	1	1	1	1	-274.709	-100.024	132.701	-103.438	-612.051	-668.674	-274.922	-191.267	-100.024	133.038	7.15685	-103.438	-612.022	-624.712	-668.674	5.3755	12	0	76.4309	-18.1093	-32.8352	-640.803	-18.1093	-32.8352	-640.803	
11797	8370	185.439	411.876	185.406	-99999	79.149	-0.634863	1	1	1	1	1	-299.705	-308.871	132.824	-2.22867	464.424	589.219	-299.795	-306.743	-308.961	132.824	67.1562	-2.22867	464.424	529.242	589.219	8.27714	15	0	77.6181	79.1872	6.27578	561.505	79.1872	6.27578	561.505	
11795	1710	106.539	306.68	106.182	-99999	95.864	-0.944864	1	1	0	0	0	-234.791	-231.706	133.23	40.492	575.545	623.766	-219.836	-212.83	-216.797	133.23	84.5983	40.2201	575.545	595.997	623.976	5.52732	16	0	85.9013	95.9006	16.5874	611.678	95.9006	16.5874	611.678	
11795	2430	176.537	12825.3	170.229	-99999	-35.401	-0.937374	1	1	1	1	1	-329.232	-279.101	133.614	-22.8737	-122.797	-79.2	-329.27	-303.039	-278.328	133.933	52.5185	-28.68	-122.883	-101.121	-80.0211	42.2008	8	0	810.649	-35.3792	-31.608	-74.5026	-35.3792	-31.608	-74.5026	
11797	95211	306.1	1032.64	305.472	-99999	59.489	-0.882448	1	1	1	1	1	-327.975	-234.946	133.425	-118.582	587.814	729.681	-328.147	-291.699	-235.014	133.972	1.92646	-118.582	587.534	655.535	729.681	6.77294	12	0	106.097	59.5176	-5.2671	630.438	59.5176	-5.2671	630.438	
11797	95481	303.774	785.071	301.908	-99999	99.126	-0.988347	1	1	1	1	1	-288.681	-277.233	131.999	-164.145	264.782	214.396	-288.833	-280.612	-277.511	133.29	-16.085	-164.652	264.975	239.334	214.408	15.8931	7	0	125.265	99.1563	-25.0007	240.741	99.1563	-25.0007	240.741	
11782	6834	209.387	531.202	207.258	-155.003	27.344	-0.610363	0	0	0	0	0	-182.728	-299.093	131.147	4.53588	244.512	359.902	-181.642	-240.273	-299.146	132.383	67.0138	4.4826	243.326	300.239	359.964	4.33483	13	0	89.5764	-5.83985	3.43295	116.867	-5.83985	3.43295	116.867	
11797	45812	292.836	700.124	291.748	28.7095	32.108	-0.937661	1	1	1	1	1	-192.53	-309.447	132.549	-130.651	306.146	275.516	-192.53	-246.885	-309.762	132.549	-1.20627	-131.647	306.146	282.439	275.371	5.13689	7	0	86.1715	32.1421	-40.7637	283.225	32.1421	-40.7637	283.225	
11797	57260	203.481	1438.21	203.289	83.6712	84.366	-0.59658	1	1	1	1	1	-156.34	-281.146	132.528	4.82957	73.0396	-21.1925	-156.224	-221.618	-281.146	132.637	68.0453	4.82957	73.1325	29.8419	-21.1925	4.20434	7	0	71.984	84.4142	6.70345	13.1576	84.4142	6.70345	13.1576	
11795	5316	275.756	764.861	274.63	65.2476	60.75	-0.798939	1	1	1	1	1	-238.921	-96.7914	132.542	-78.2487	-336.33	-438.198	-239.454	-162.16	-96.7914	133.441	30.6966	-78.2487	-335.929	-385.485	-438.198	5.05883	12	0	81.4715	60.7863	-26.2552	-410.439	60.7863	-26.2552	-410.439	
11773	7471	345.609	903.026	345.304	-99999	39.596	-0.853788	1	1	1	1	1	-216.901	-73.7876	131.092	-167.661	276.355	179.11	-204.586	-131.269	-61.3474	131.255	-17.8756	-167.757	276.411	229.077	179.076	4.2144	11	0	44.6285	39.6312	-43.385	220.497	39.6312	-43.385	220.497	
11776	4794	330.108	2439.22	313.992	-99999	77.94	-0.937334	1	1	1	1	1	-246.222	-346.14	132.988	-164.225	353.728	368.93	-246.311	-298.737	-351.953	132.988	-23.2563	-178.885	353.728	362.638	367.296	6.3599	9	0	667.762	77.9708	-58.072	355.952	77.9708	-58.072	355.952	
11776	6234	267.107	624.792	264.813	-99999	2.269	-0.983925	1	1	1	1	1	-246.704	-281.145	130.674	-126.817	-336.155	-290.939	-246.517	-256.394	-281.387	132.411	1.25336	-127.274	-336.395	-313.514	-290.841	4.11746	10	0	75.2129	2.29834	-32.2454	-304.366	2.29834	-32.2454	-304.366	
11797	40482	159.404	320.936	153.615	-99999	28.645	-0.816697	1	1	1	1	1	-255.144	-243.021	132.44	4.14478	210.9	293.354	-255.207	-245.304	-243.202	133.375	67.5522	0.669359	210.235	253.997	295.657	4.50048	13	0	54.7863	28.6885	4.3015	271.52	28.6885	4.3015	271.52	
11780	3511	325.868	774.121	324.984	28.4138	26.615	-0.914519	1	1	1	1	1	-237.788	-104.451	131.749	-159.269	-244.56	-281.517	-238.063	-176.873	-104.422	132.478	-16.0034	-159.332	-244.403	-270.98	-281.553	4.10935	13	0	83.5913	26.6455	-40.5565	-268.942	26.6455	-40.5565	-268.942	
11780	4231	55.954	229.491	47.7135	-99999	75.144	-0.90188	1	1	1	0	0	-323.998	-334.602	132.495	89.7034	-378.656	-360.742	-323.912	-329.973	-335.698	133.158	108.003	83.5472	-378.91	-368.298	-356.737	4.66292	19	0	169.952	75.1662	20.029	-359.343	75.1662	20.029	-359.343	
11797	34683	266.638	632.712	264.806	43.188	42.625	-0.894897	1	1	1	1	1	-128.887	-260.552	132.996	-93.1592	762.787	796.026	-128.837	-197.687	-260.917	133.109	20.7984	-94.8042	762.771	781.912	796.272	5.02676	13	0	73.7438	42.6582	-9.77276	761.576	42.6582	-9.77276	761.576	
11780	7157	199.449	536.99	199.096	-99999	55.28	-0.793508	1	1	1	1	1	-167.598	-219.386	132.467	-21.5117	-36.9768	-152.01	-158.88	-184.644	-210.752	132.588	55.1494	-21.6536	-36.8902	-94.1843	-152.139	5.66857	15	0	83.5867	55.3892	-21.0181	470.98	55.3892	-21.0181	470.98	
11774	778	34.1882	620.314	32.368	-99999	-32.434	-0.769626	1	1	1	0	0	-119.509	-99.8491	129.906	104.255	306.262	306.272	-130.094	-119.163	-109.404	130.424	117.293	103.28	306.295	305.891	306.306	13.5375	6	0	213.405	-32.3989	32.4109	305.896	-32.3989	32.4109	305.896	
11797	87633	245.822	605.385	245.217	-99999	107.352	-0.991585	0	0	0	0	0	-313.03	-343.384	133.183	-108.697	-692.674	-686.366	-313.123	-326.557	-343.66	133.4	11.3482	-109.037	-692.667	-696.881	-686.311	6.27981	6	0	88.1341	1.37656	65.2047	631.516	1.37656	65.2047	631.516	
11797	14110	393.297	947.987	393.278	-397.25	44.532	-0.744223	0	0	0	0	0	-89.098	-345.404	132.838	-157.205	545.492	612.661	-89.0913	-218.238	-345.404	132.846	-11.2196	-157.205	545.49	580.452	612.661	4.1919	6	0	77.4962	-999999	-999999	-999999	-999999	-999999	-999999	
11789	16675	256.545	662.096	255.394	-99999	93.744	-0.995049	1	1	1	1	1	-204.586	-221.191	128.095	-124.008	-729.585	-699.016	-175.209	-182.212	-191.819	128.974	2.07922	-124.206	-729.67	-715.22	-698.978	8.22977	6	0	97.2904	93.7546	-18.9678	-712.768	93.7546	-18.9678	-712.768	
11780	7272	257.893	616.378	257.654	-99999	-7.182	-0.680497	1	1	1	1	1	-236.741	-254.696	132.588	-45.2836	-454.445	-276.552	-236.718	-248.052	-254.707	132.687	43.3201	-45.324	-454.55	-362.506	-276.503	4.06706	16	0	63.458	-7.13975	-10.266	-335.648	-7.13975	-10.266	-335.648	
11797	2656	134.528	320.248	132.691	-99999	-15.839	-0.905728	1	1	1	0	0	-136.131	-97.8813	129.564	6.18718	755.048	780.499	-141.27	-120.455	-102.566	130.057	68.9994	4.93167	754.901	773.851	780.479	9.42025	8	0	73.8552	-8.54023	-18.1478	119.968	-8.54023	-18.1478	119.968	
11761	9380	329.646	1212.95	328.875	-26.6344	-24.047	-0.480492	1	1	1	1	1	-61.9534	-345.258	125.402	-13.1736	-413.213	-331.303	-61.2984	-202.816	-345.258	125.77	47.3529	-13.1736	-413.353	-381.952	-331.303	5.55399	12	0	48.8995	-24.0163	-9.00693	-360.109	-24.0163	-9.00693	-360.109	
11789	1201	126.87	341.203	126.575	-99999	-28.427	-0.659538	1	1	0	0	0	-211.927	-245.212	131.055	47.6585	278.879	366.862	-211.856	-223.076	-245.18	131.247	87.2621	47.6585	278.663	322.899	366.862	6.16964	13	0	82.9594	-28.3931	13.0861	348.316	-28.3931	13.0861	348.316	
11795	8897	302.202	760.69	301.341	-99999	48.574	-0.996056	1	1	1	1	0	-337.792	-339.184	134.043	-166.49	-760.38	-745.351	-337.847	-339.712	-339.334	134.054	-16.7013	-167.295	-760.381	-753.481	-745.307	5.55053	9	0	113.625	48.5848	-2.13256	-750.821	48.5848	-2.13256	-750.821	
11795	18130	223.016	578.098	221.952	-99999	55.758	-0.833726	1	1	1	1	1	-200.35	-78.9188	131.592	-53.5328	-535.724	-520.323	-183.079	-121.854	-61.1221	131.882	39.0311	-54.1581	-535.749	-527.857	-520.254	4.98041	7	0	56.5508	55.7817	-53.0781	-545.17	55.7817	-53.0781	-545.17	
11782	663	125.03	307.289	121.219	-36.2811	-35.124	-0.894252	1	1	1	1	0	-227.209	-183.412	132.137	22.8145	485.871	511.966	-227.628	-203.39	-182.958	133.156	77.8089	20.2422	485.589	500.942	512.477	4.1002	7	0	86.2894	-35.095	5.57087	502.884	-35.095	5.57087	502.884	
11797	77489	149.603	339.87	149.076	-555.973	82.84	-0.878415	1	1	0	0	0	-214.06	-165.994	132.432	-1.27394	-430.607	-472.632	-214.114	-186.013	-165.921	132.655	68.0412	-1.51205	-430.504	-455.292	-472.696	4.35344	7	0	60.0449	83.0535	59.657	-147.721	83.0535	59.657	-147.721	
11797	77579	464.746	1192.23	406.07	-99999	-36.398	-0.588099	1	1	1	1	1	-279.021	-322.962	133.433	-139.956	54.2567	351.154	-278.979	-304.156	-329.038	133.433	-22.5556	-179.983	54.2567	224.537	393.598	17.9481	15	0	152.155	-36.3591	-36.3132	251.264	-36.3591	-36.3132	251.264	
11797	9216	271.005	740.921	270.994	93.0302	90.814	-0.692923	1	1	1	1	1	-286.143	-151.857	132.866	-65.2875	-244.072	-366.392	-286.143	-215.669	-151.857	132.866	39.7622	-65.2875	-244.072	-312.489	-366.392	4.61909	13	0	68.2694	90.8505	-11.4757	-322.762	90.8505	-11.4757	-322.762	
11795	9115	264.189	564.633	263.401	-890.586	4.984	-0.847877	0	0	0	0	0	-164.587	-272.577	132.894	-74.3628	-853.878	-736.561	-164.353	-218.348	-272.598	133.431	23.8565	-74.4848	-854.109	-804.236	-736.473	4.54168	16	0	53.7947	89.5329	63.7471	192.573	89.5329	63.7471	192.573	
11795	9835	178.112	463.184	177.643	-99999	111.902	-0.506423	0	0	0	0	0	-128.301	-158.794	134.685	36.73	-213.977	-69.6439	-93.1538	-111.246	-123.747	134.865	84.1852	36.6836	-214.293	-143.559	-69.5763	4.23506	7	0	89.1899	47.8569	-60.5611	660.821	47.8569	-60.5611	660.821	
11797	85502	74.738	211.505	73.9511	-13.2229	-9.464	-0.712617	0	0	0	0	0	-217.582	-167.512	132.445	79.7623	-842.017	-841.571	-217.959	-191.279	-167.401	132.847	107.204	79.5873	-842.105	-837.29	-841.636	4.0034	10	0	79.3524	-9.45086	30.6134	-795.558	-9.45086	30.6134	-795.558	
11795	1016	251.94	612.086	249.859	-99999	2.283	-0.949884	1	1	1	1	1	-315.046	-238.539	132.766	-103.513	447.132	456.207	-315.369	-276.529	-238.052	133.758	14.0517	-104.41	447.19	443.446	456.315	5.65728	9	0	77.9416	2.29871	-9.14855	441.072	2.29871	-9.14855	441.072	
11795	10651	102.962	261.344	102.929	-99999	-22.397	-0.395928	1	1	1	1	1	-63.8473	-156.096	-68.2863	-111.384	277.496	262.591	-70.8317	-117.372	-163.109	-68.2738	-88.9034	-111.384	277.501	269.854	262.591	6.84679	6	0	75.0164	-22.3658	-79.2095	245.372	-22.3658	-79.2095	245.372	
11795	12991	214.888	549.171	214.883	-99999	101.445	-0.981785	0	0	0	0	0	-128.029	-93.2198	130.135	-81.7807	843.324	848.902	-96.2622	-78.1553	-61.453	130.135	24.286	-81.7807	843.324	846.668	848.902	7.90448	9	0	92.7717	17.6167	-61.4862	796.942	17.6167	-61.4862	796.942	
11795	10209	81.7142	233.823	80.8841	-99999	70.151	-0.8104	1	1	0	0	0	-283.189	-238.743	133.215	66.6912	196.91	207.812	-283.745	-260.028	-238.823	133.887	100.922	66.6912	196.815	201.088	207.812	4.48061	9	0	84.9927	70.1864	32.1807	206.874	-41.2536	60.5581	232.071	
11797	30624	245.165	566.214	242.171	-99999	35.307	-0.936499	1	1	1	1	1	-93.2975	-111.328	127.559	-111.731	600.144	626.966	-81.9646	-95.3886	-100.272	130.317	9.22461	-111.731	599.159	609.997	626.966	4.04089	6	0	81.5565	35.3278	-11.4704	611.684	35.3278	-11.4704	611.684	
11795	23285	72.0038	216.384	72.0021	-99999	58.522	-0.526734	0	0	0	0	0	-232.052	-264.103	130.824	96.5791	-838.985	-784.622	-232.119	-248.595	-264.17	130.824	112.347	96.5791	-838.985	-812.86	-784.622	6.62478	13	0	82.7839	58.548	38.9566	-770.147	58.548	38.9566	-770.147	
11795	16864	291.342	827.584	289.204	-99999	111.965	-0.983361	0	0	0	0	0	-130.983	-160.222	131.882	-152.912	-428.102	-394.448	-95.8097	-111.304	-125.151	133.61	-8.98263	-153.279	-428.398	-403.315	-394.421	15.1962	7	0	136.154	-999999	-999999	-999999	-999999	-999999	-999999	
11797	95856	226.494	560.306	226.487	-99999	25.712	-0.865831	1	1	1	1	1	-333.075	-222.157	132.483	-61.4501	-354.981	-323.891	-333.105	-276.176	-222.186	132.483	35.1251	-61.4501	-354.981	-346.281	-323.891	12.7286	6	0	87.5001	25.736	2.62301	-341.182	25.736	2.62301	-341.182	
11786	9229	133.7	325.89	133.24	-99999	30.307	-0.820976	1	1	1	0	0	-335.725	-255.605	133.403	29.7588	32.3894	52.4724	-336.012	-299.541	-255.64	133.776	78.4298	29.7588	32.3155	40.6637	52.4724	5.32392	9	0	71.7844	30.3399	33.7369	39.3025	30.3399	33.7369	39.3025	
11781	2800	29.6326	62.9085	29.2598	-99999	114.665	-0.826074	0	0	0	0	0	-101.398	-97.1828	129.749	104.029	601.027	587.791	-65.5472	-63.2711	-61.2761	130.056	117.087	104.029	601.229	594.494	587.791	5.3525	15	0	43.9153	94.0627	-8.76846	250.392	29.5827	71.997	368.282	
11772	4895	280.426	692.89	279.376	62.8505	62.417	-0.835941	1	1	1	1	1	-258.602	-131.836	133.44	-104.995	-593.437	-663.782	-258.602	-194.625	-131.36	133.44	13.6131	-105.89	-593.437	-627.447	-664.036	6.02376	10	0	77.8325	62.4451	-23.7369	-632.071	62.4451	-23.7369	-632.071	
11775	6824	299.746	680.921	299.336	-99999	3.633	-0.954974	1	1	1	1	1	-225.236	-229.045	130.717	-162.19	-149.743	-98.7717	-225.24	-225.638	-229.077	130.717	-16.2986	-162.509	-149.743	-123.628	-98.7413	4.91294	9	0	58.6379	3.66302	-27.5644	-123.496	3.66302	-27.5644	-123.496	
11786	10804	308.689	1237.82	307.87	334.701	40.008	-0.510257	1	1	1	0	0	-61.9204	-302.846	28.6086	-111.379	-177.548	-50.0686	-61.2715	-181.449	-302.846	29.015	-46.8007	-111.379	-177.815	-118.488	-50.0686	4.88481	9	0	82.704	39.9882	27.4829	160.812	39.9882	27.4829	160.812	
11797	87647	44.6985	120.475	44.2697	-99999	-35.583	-0.836121	1	0	0	0	0	-332.044	-308.583	133.405	98.6414	99.6917	113.258	-332.181	-321.741	-308.542	133.762	115.307	98.6414	99.5402	106.485	113.258	4.00559	11	0	65.4057	-35.5597	42.218	89.8889	-35.5597	42.218	89.8889	
11773	6541	398.875	1023.17	395.944	43.5687	42.629	-0.328508	1	1	1	1	1	-97.0677	-341.672	132.566	-11.3052	717.825	442.093	-95.4636	-218.762	-341.846	133.406	59.519	-11.4166	719.648	581.433	441.889	4.08883	6	0	55.6087	42.5975	-14.361	494.673	42.5975	-14.361	494.673	
11797	49642	242.71	4124.55	237.103	55.6186	55.713	-0.988235	1	1	1	1	1	-208.096	-228.777	131.892	-95.2106	-243.417	-289.321	-208.086	-217.542	-229.821	132.009	15.3736	-100.281	-243.404	-275.31	-287.833	11.14	22	0	586.117	55.7483	-44.3428	-300.128	55.7483	-44.3428	-300.128	
11797	52792	282.615	744.585	282.389	-99999	49.438	-0.96591	1	1	1	1	1	-142.919	-223.056	134.28	-130.32	-660.077	-707.139	-127.396	-175.463	-207.574	134.496	3.1606	-130.32	-660.058	-679.719	-707.139	9.8339	11	0	146.266	49.4635	-10.9772	-671.941	49.4635	-10.9772	-671.941	
11789	20303	163.2	381.911	161.695	-99999	5.117	-0.859366	1	1	1	1	1	-176.989	-243.386	130.325	-10.6595	234.66	276.707	-176.989	-210.54	-243.841	130.325	59.0132	-12.0848	234.66	255.46	276.704	6.06534	11	0	80.9832	5.15681	0.307653	268.713	5.15681	0.307653	268.713	
11789	21653	348.642	1070.75	331.84	48.8199	47.203	-0.90854	1	1	1	1	1	-236.554	-102.138	132.289	-166.559	-166.329	-114.452	-236.607	-166.461	-96.665	132.418	-24.822	-181.69	-166.351	-139.125	-112.925	4.00188	7	0	340.626	47.2301	-46.4694	-131.351	47.2301	-46.4694	-131.351	
11786	29487	193.378	458.869	193.08	-99999	84.075	-0.737981	1	1	1	1	1	-347.8	-265.531	133.513	6.04972	-654.843	-536.322	-347.986	-310.041	-265.625	133.729	66.3092	6.04815	-655.019	-597.178	-536.32	5.75379	11	0	81.3702	84.1018	33.0868	-587.29	84.1018	33.0868	-587.29	
11797	20022	264.077	597.524	263.777	-99999	-35.554	-0.819976	1	1	1	1	1	-230.586	-343.779	132.734	-91.151	-186.968	-118.679	-230.41	-280.952	-343.738	132.971	19.4544	-91.151	-187.085	-142.705	-118.679	4.5496	8	0	66.4488	-35.5217	-42.2448	-126.776	-35.5217	-42.2448	-126.776	
11761	4640	422.868	1106.21	415.286	-298.052	74.761	-0.450176	0	0	0	0	0	-120.399	-340.722	132.959	-48.4085	106.516	-194.938	-120.399	-232.197	-345.022	132.959	40.191	-51.0161	106.516	-46.9852	-200.521	4.68122	6	0	74.0304	36.4738	-18.2828	-181.111	36.4738	-18.2828	-181.111	
11789	24550	229.742	2551.41	229.472	-99999	17.063	-0.607554	1	1	1	1	1	-267.595	-347.291	132.726	-10.0364	-175.494	-14.8228	-267.513	-307.38	-347.31	132.887	62.4181	-10.0364	-175.682	-94.1977	-14.8228	7.37757	15	0	1208.34	17.085	-23.9972	2.7597	54.935	-49.4488	-144.175	
11780	19928	334.238	1291.47	241.206	-99999	16.429	-0.938393	1	1	1	1	1	-146.598	-99.2736	133.095	-95.2561	-683.631	-622.243	-141.483	-108.74	-76.8534	133.21	-24.9375	-180.414	-683.662	-640.746	-598.616	25.6866	8	0	708.942	16.4623	-60.2249	-431.538	79.1123	-19.3007	-476.116	
11797	86215	278.647	418.962	262.215	-99999	25.969	-0.718325	0	0	0	0	0	-240.512	-248.206	131.87	-66.3516	-395.647	-558.274	-240.349	-248.468	-248.024	132.963	26.9039	-68.1712	-394.602	-481.317	-558.255	8.85275	11	0	56.1184	42.7561	-12.6482	-516.575	42.7561	-12.6482	-516.575	
11797	36452	219.145	540.685	214.009	-99999	43.156	-0.893682	1	1	1	1	0	-327.938	-308.07	132.57	-50.6583	761.741	865.745	-327.994	-308.513	-308.474	132.604	38.7077	-54.1639	761.725	814.595	869.293	7.97455	7	0	85.4883	43.1832	18.7862	798.353	43.1832	18.7862	798.353	
11797	38702	285.137	583.515	285.055	-99999	44.762	-0.85328	1	1	1	1	1	-307.718	-329.769	133.422	-100.02	314.191	473.842	-307.769	-321.896	-329.816	133.422	12.4508	-100.081	314.191	388.053	473.883	5.67289	14	0	80.4104	44.7884	-26.0207	414.017	44.7884	-26.0207	414.017	
11797	51127	227.758	633.847	196.685	-99999	96.891	-0.835731	1	1	1	1	1	-311.124	-235.253	133.438	-26.2534	-525.06	-438.992	-311.235	-267.734	-216.085	133.438	40.5445	-47.5751	-525.06	-475.635	-427.551	5.20574	13	0	92.9915	96.9245	-25.8864	-433.474	96.9245	-25.8864	-433.474	
11780	4857	238.043	1278.32	237.054	115.899	115.667	-0.808459	0	0	0	0	0	-175.769	-278.512	131.561	-58.185	-582.205	-490.155	-175.562	-219.814	-278.642	132.092	34.9327	-58.4717	-582.53	-530.388	-490.078	4.75102	11	0	82.8379	92.218	10.8888	270.304	67.708	-46.5381	-209.647	
11780	6927	271.386	2210.43	270.88	14.6739	14.714	-0.510069	1	1	1	1	1	-229.776	-104.099	132.034	-10.838	582.812	390.068	-229.991	-167.01	-104.099	132.29	61.2256	-10.838	583.186	486.28	390.068	169.396	14	0	1176.21	14.7525	-38.8765	362.168	14.7525	-38.8765	362.168	
11782	2448	59.4513	174.354	58.3638	-99999	96.998	-0.306213	1	1	1	1	1	-191.635	-225.771	132.941	114.895	-368.433	-324.712	-176.393	-193.366	-211.21	132.941	123.658	114.578	-368.433	-345.896	-323.928	6.64733	9	0	62.8287	96.9848	27.5814	-193.418	96.9848	27.5814	-193.418	
11780	19688	213.006	544.241	211.938	-99999	3.454	-0.862248	1	1	1	1	1	-265.445	-328.272	133.55	-44.9906	102.243	195.768	-265.449	-300.412	-328.474	133.55	44.0368	-45.5382	102.243	147.908	196.628	12.7262	26	0	112.888	3.4832	-4.57794	172.225	3.4832	-4.57794	172.225	
11759	257	223.163	581.857	221.944	71.2057	70.799	-0.970373	1	1	1	1	1	-228.109	-204.769	132.048	-69.5415	662.589	577.532	-228.117	-215.991	-204.895	132.539	26.63	-70.0551	662.708	630.43	577.087	4.85771	17	0	77.8884	70.8235	-13.3769	616.842	70.8235	-13.3769	616.842	
11797	77236	80.4924	341.349	80.4888	-99999	50.833	-0.643355	1	1	1	1	1	-199.666	-225.843	132.465	82.0253	-203.936	-260.93	-183.747	-196.792	-209.925	132.467	107.179	82.0253	-203.933	-232.391	-260.93	14.2539	15	0	186.49	50.873	-40.7433	-394.045	50.873	-40.7433	-394.045	
11797	56852	341.029	780.34	340.634	-99999	97.544	-0.908876	1	1	1	1	1	-210.365	-296.356	125.178	-141.043	-583.939	-427.931	-210.391	-259.871	-296.467	125.42	-28.9628	-141.043	-584.005	-531.914	-427.931	9.42317	10	0	29.5702	97.5748	-38.7294	-510.686	97.5748	-38.7294	-510.686	
11789	23926	273.68	1677.59	273.146	155.423	97.635	-0.746066	0	0	0	0	0	-296.529	-147.008	133.044	-63.9917	432.82	319.013	-296.628	-218.101	-146.944	133.189	38.4854	-64.2896	432.899	373.259	318.876	4.07257	15	0	171.913	100.184	-32.1952	-684.865	-49.0359	-62.3443	-10.0762	
11786	1949	268.963	598.069	267.164	-99999	-48.549	-0.586	1	1	1	1	1	-212.237	-259.416	130.827	-1.32997	591.243	816.482	-212.182	-246.8	-259.345	130.827	60.6642	-2.25999	591.243	700.476	817.978	5.47822	16	0	56.4317	-48.5095	7.14553	721.381	-48.5095	7.14553	721.381	
11797	2345	287.402	917.767	285.388	63.4065	63.867	-0.761012	1	1	1	1	1	-226.242	-90.854	130.814	-90.082	489.31	371.743	-226.469	-161.602	-90.3506	131.19	16.3917	-91.3658	489.546	432.646	371.124	5.04068	15	0	82.5347	63.8749	-29.4221	406.301	63.8749	-29.4221	406.301	
11797	3605	168.311	397.114	167.09	-99999	6.349	-0.802551	1	1	1	1	1	-254.517	-346.882	129.52	-4.07605	-412.375	-375.057	-254.524	-298.614	-347.504	129.52	60.4152	-5.11299	-412.375	-393.845	-374.88	5.42149	9	0	73.6098	6.38077	10.0901	-380.711	6.38077	10.0901	-380.711	
11797	29417	269.938	651.5	268.54	71.8551	72.872	-0.99365	1	1	1	1	1	-167.263	-225.401	133.125	-120.072	-689.744	-646.494	-167.298	-180.229	-225.859	133.304	-0.369428	-120.968	-689.758	-676.994	-645.833	5.76343	12	0	80.4819	72.8967	-19.9412	-667.164	72.8967	-19.9412	-667.164	
11795	22906	221.423	563.418	221.422	-99999	116.822	-0.68947	0	0	0	0	0	-246.559	-97.9453	126.35	-28.3185	-284.804	-339.693	-209.976	-135.665	-61.3632	126.35	49.1401	-28.3185	-284.804	-312.587	-339.693	8.75147	9	0	52.0549	97.6853	-8.77745	548.416	97.6853	-8.77745	548.416	
11797	5941	594.586	1327.62	594.511	-99999	-5.844	-0.490291	1	1	1	1	1	-269.556	-246.724	133.303	-99.1595	-873.144	-337.584	-269.549	-266.937	-246.717	133.303	5.11919	-99.1595	-873.144	-612.195	-337.584	11.7764	19	0	131.809	-12.8097	-24.774	-545.059	-12.8097	-24.774	-545.059	
11797	85518	264.975	644.471	263.962	64.9126	63.489	-0.847676	1	1	1	1	1	-299.642	-189.365	133.296	-94.7538	-152.058	-222.848	-299.781	-238.484	-189.144	133.554	22.3651	-95.4032	-151.981	-189.536	-222.99	5.37395	11	0	82.2809	63.5254	-10.4413	-194.471	63.5254	-10.4413	-194.471	
11780	14429	147.774	385.676	145.926	-99999	84.465	-0.960392	1	1	1	1	1	-236.085	-267.78	132.254	-9.8473	678.688	685.92	-236.135	-252.83	-268.358	132.397	60.4924	-11.4645	678.674	681.116	685.801	6.89702	6	0	80.3643	81.3957	6.59619	588.802	81.3957	6.59619	588.802	
11772	2279	104.041	273.716	101.822	-99999	76.447	-0.727882	1	1	1	1	1	-98.3286	-85.052	133.681	60.8771	-118.695	-49.5884	-74.3897	-67.425	-60.8317	133.681	95.5686	60.9767	-118.695	-84.0283	-47.5433	6.41998	7	0	70.399	76.471	-9.14578	-5.55447	76.471	-9.14578	-5.55447	
11782	14856	33.0724	138.429	13.9216	-99999	-15.536	-0.608242	0	0	0	0	0	-183.544	-189.197	133.462	122.079	-835.655	-839.911	-186.876	-193.406	-202.478	134.76	122.982	115.316	-832.694	-839.513	-849.224	6.05425	10	0	138.429	-999999	-999999	-999999	-999999	-999999	-999999	
11780	1380	176.935	453.256	175.007	85.0899	85.423	-0.967779	1	1	1	1	1	-194.464	-234.766	131.604	-36.73	-694.999	-707.46	-194.174	-215.188	-234.825	133.219	47.6219	-36.9715	-695.312	-692.172	-707.492	4.45852	6	0	72.7819	83.9562	-20.6448	-397.427	83.9562	-20.6448	-397.427	
11780	4350	160.355	416.888	158.078	323.019	-35.658	-0.685615	1	1	0	0	0	-128.948	-239.164	132.923	21.3896	-824.442	-834.896	-128.942	-186.569	-240.678	132.928	77.4188	19.7875	-824.441	-829.115	-834.418	5.51508	8	0	72.6909	-35.481	18.9769	265.597	-35.481	18.9769	265.597	
11780	3344	268.506	696.958	268.506	-99999	48.683	-0.744781	1	1	1	1	1	-71.1156	-218.084	27.4131	-165.874	-685.628	-800.192	-63.4654	-137.135	-210.434	27.4131	-69.0366	-165.874	-685.628	-743.008	-800.192	4.64342	8	0	44.8106	48.7018	7.92743	-692.237	48.7018	7.92743	-692.237	
11780	491	100.578	228.357	100.318	-99999	67.213	-0.847458	1	1	1	0	0	-135.18	-82.3124	133.274	48.1634	-148.51	-143.653	-114.165	-87.7301	-61.1611	133.323	90.6159	47.991	-148.514	-146.036	-143.646	5.23396	6	0	50.2301	67.4192	57.2462	-160.194	67.4192	57.2462	-160.194	
11797	53316	165.652	397.513	164.654	-99999	43.416	-0.854668	1	1	1	1	1	-350.027	-292.757	132.642	-5.57725	-551.168	-482.829	-350.133	-321.775	-292.525	132.788	62.7864	-6.29606	-551.235	-517.275	-482.553	4.3327	13	0	73.0677	43.4387	16.9829	-513.85	43.4387	16.9829	-513.85	
11797	58528	235.925	561.03	232.109	-14.6334	-15.471	-0.807002	1	1	1	1	1	-168.969	-291.592	132.36	-53.5105	-571.476	-509.692	-168.736	-232.763	-293.201	132.708	39.1526	-56.4793	-571.575	-539.22	-509.74	4.98415	9	0	66.6482	-15.4646	-16.5078	-495.084	-15.4646	-16.5078	-495.084	
11780	10394	315.509	678.63	314.799	-99999	45.281	-0.924824	1	1	1	1	1	-163.627	-126.619	133.831	-163.818	-729.817	-647.68	-149.448	-122.922	-112.439	133.831	-14.4673	-163.818	-729.817	-683.567	-647.68	14.0163	7	0	66.4458	45.2958	-36.1039	-676.479	45.2958	-36.1039	-676.479	
11797	51749	226.65	561.324	225.311	-44.7548	-45.72	-0.760158	1	1	1	1	1	-291.822	-172.737	133.249	-43.8852	-33.9915	29.3113	-292.554	-224.124	-172.73	134.186	50.2393	-43.9857	-34.293	-1.39142	29.3255	12.561	6	0	95.0605	-45.6956	0.553952	7.50783	-45.6956	0.553952	7.50783	
11782	9457	180.952	459.718	179.909	106.894	107.891	-0.902383	0	0	0	0	0	-169.647	-220.693	131.403	-33.7348	-252.67	-205.487	-169.647	-196.212	-221.023	131.403	48.486	-34.6853	-252.67	-228.293	-205.258	4.97017	11	0	84.2699	-999999	-999999	-999999	-999999	-999999	-999999	
11795	13777	284.578	650.158	282.338	-44.7083	-42.846	-0.622203	1	1	1	1	1	-92.4419	-287.908	133.363	-62.6209	-650.001	-612.877	-92.4074	-202.121	-289.453	133.392	44.9735	-64.1541	-650.008	-631.072	-612.744	4.80162	6	0	67.452	-42.8078	-6.66611	-619.568	-42.8078	-6.66611	-619.568	
11774	9072	251.327	599.807	249.621	-99999	-39.041	-0.974818	1	1	1	1	1	-309.23	-241.002	133.049	-102.392	209.765	250.531	-309.361	-270.067	-240.883	133.976	16.0338	-103.095	209.694	227.021	250.788	6.29447	11	0	82.2445	-39.0609	-8.39318	234.042	-39.0609	-8.39318	234.042	
11759	2337	239.369	632.102	238.743	-99999	48.772	-0.622016	1	1	1	1	1	-231.302	-253.013	132.003	-30.2297	-435.081	-263.95	-231.297	-243.646	-253.069	132.315	55.6728	-30.2297	-435.47	-344.466	-263.95	12.0559	15	0	167.607	48.8144	-3.58677	-318.159	48.8144	-3.58677	-318.159	
11759	4497	57.0979	124.441	56.0974	-99999	72.955	-0.986842	1	1	1	0	0	-90.3584	-84.4042	133.244	77.6876	-347.705	-350.921	-67.635	-64.2778	-61.5526	134.06	105.726	77.5241	-347.62	-348.329	-350.958	5.04733	9	0	48.4969	72.9855	-13.7144	-353.341	72.9855	-13.7144	-353.341	
11780	2999	406.377	1088.3	405.322	-28.0867	-24.71	-0.654202	1	1	1	1	1	-62.2295	-283.973	96.3364	-168.222	7.23441	219.603	-61.6555	-173.745	-283.973	97.026	-35.5028	-168.222	6.68506	112.308	219.603	4.032	11	0	127.309	-24.6618	-2.80866	96.6117	-24.6618	-2.80866	96.6117	
11786	22879	223.499	620.626	223.359	-99999	99.495	-0.679457	1	1	1	1	1	-120.157	-226.219	133.175	-13.5079	-70.2567	-201.091	-104.463	-157.686	-210.584	133.271	59.9309	-13.5079	-70.1734	-135.556	-201.091	6.66659	13	0	58.0007	99.5352	-29.8057	-223.121	99.5352	-29.8057	-223.121	
11786	24229	232.146	500.952	231.334	-99999	94.527	-0.773246	1	1	1	1	1	-270.748	-319.135	132.464	-44.78	-56.1636	80.191	-270.73	-305.838	-319.32	132.741	41.094	-45.0835	-56.357	5.33039	80.5007	4.41898	15	0	56.257	94.5575	-0.267297	27.7894	94.5575	-0.267297	27.7894	
11786	6985	105.168	302.433	104.489	-99999	6.268	-0.937714	1	1	1	0	0	-131.89	-97.8943	132.059	33.6559	-27.6737	-21.2855	-130.162	-112.459	-95.9315	132.692	83.3743	33.6559	-27.7118	-23.3946	-21.2855	13.0564	8	0	94.422	6.28671	33.8367	-25.1399	6.28671	33.8367	-25.1399	
11797	45242	296.7	743.911	296.401	-99999	51.426	-0.559447	1	1	1	1	1	-193.673	-77.6975	130.325	-30.6388	40.5572	260.695	-177.616	-117.401	-61.5263	130.387	49.8539	-30.7338	40.477	149.538	260.839	6.56769	7	0	47.541	51.4547	-11.1409	185.852	51.4547	-11.1409	185.852	
11797	48932	146.156	360.955	145.946	-99999	71.073	-0.690985	1	1	1	1	1	-356.817	-289.711	134.48	37.033	564.219	648.388	-356.992	-326.575	-289.792	134.624	82.9187	37.033	564.098	605.817	648.388	4.05352	14	0	71.714	71.0942	42.644	620.103	71.0942	42.644	620.103	
11797	49292	222.54	527.131	222.497	64.0617	62.152	-0.677238	1	1	1	1	1	-86.5235	-247.788	133.435	-18.1957	-782.047	-765.036	-86.4998	-168.353	-247.788	133.457	58.5205	-18.1957	-782.048	-776.053	-765.036	4.21242	7	0	73.866	62.1928	16.7409	-755.125	62.1928	16.7409	-755.125	
11772	1206	199.116	527.513	198.29	-99999	35.384	-0.577431	1	1	1	1	1	-66.8802	-216.025	128.208	17.1627	105.865	37.2485	-60.9506	-136.392	-210.687	128.492	72.8783	16.9914	106.019	72.4685	37.0698	4.61883	14	0	54.5297	35.3598	-22.3204	15.4914	35.3598	-22.3204	15.4914	
11772	3726	143.892	338.706	143.153	-99999	80.537	-0.932744	1	1	1	0	0	-126.763	-86.6211	132.772	-2.22339	-822.133	-796.545	-101.775	-81.647	-61.4014	133.46	65.6709	-2.22339	-822.267	-809.04	-796.545	6.58958	7	0	56.7582	80.5681	6.04693	-789.129	80.5681	6.04693	-789.129	
11774	8454	119.228	2990.06	119.226	-99999	47.767	-0.823435	1	1	1	1	1	-282.943	-348.457	133.137	34.0944	-215.393	-205.129	-282.997	-315.395	-348.512	133.137	83.331	34.0944	-215.393	-210.565	-205.129	63.4948	9	0	2621.03	47.787	11.8487	-203.639	47.787	11.8487	-203.639	
11786	28745	126.222	337.257	125.976	-99999	-42.552	-0.917395	1	1	1	1	1	-240.538	-216.036	134.028	26.1229	-700.347	-640.29	-233.867	-221.785	-209.349	134.262	79.8964	26.1229	-700.419	-670.806	-640.29	4.62501	14	0	49.109	-42.5176	-29.6761	-598.264	-42.5176	-29.6761	-598.264	
11797	34410	208.527	534.045	205.829	-99999	-37.334	-0.860956	1	1	1	1	1	-314.062	-225.665	131.375	-28.4295	499.758	592.702	-314.97	-269.324	-225.622	133.698	49.6731	-28.4295	498.782	540.189	592.702	4.81419	13	0	92.0883	-37.2918	1.27544	554.774	-37.2918	1.27544	554.774	
11797	59603	125.795	334.372	125.794	-99999	70.028	-0.711267	1	1	0	0	0	-311.606	-341.755	132.654	39.8599	-461.895	-383.326	-311.686	-324.726	-341.835	132.654	85.1791	39.8599	-461.895	-422.792	-383.326	4.81616	12	0	82.6567	70.0553	52.265	-404.982	70.0553	52.265	-404.982	
11797	60143	168.594	431.649	167.02	-99999	-5.53	-0.907201	1	1	1	1	1	-322.605	-283.852	133.702	-14.8695	-519.235	-455.572	-322.675	-298.973	-283.911	134.024	60.3884	-15.9974	-519.347	-485.957	-455.129	24.3163	11	0	72.9687	-5.49683	5.34305	-473.348	-5.49683	5.34305	-473.348	
11795	23723	180.591	495.811	180.35	-99999	115.583	-0.974993	0	0	0	0	0	-211.431	-240.626	128.304	-47.8032	860.571	862.377	-211.555	-224.136	-240.816	128.363	39.4623	-47.9649	860.581	852.795	862.419	6.62045	8	0	84.6851	5.49081	-33.0701	-450.726	5.49081	-33.0701	-450.726	
11795	6346	263.705	691.16	261.388	-99999	90.34	-0.999581	1	1	1	1	1	-229.217	-218.459	130.123	-123.657	-463.366	-418.561	-229.423	-221.356	-218.561	131.463	1.11967	-123.748	-463.462	-453.201	-418.535	15.9846	10	0	118.404	90.3663	-24.32	-443.023	90.3663	-24.32	-443.023	
11781	3337	277.097	978.786	275.846	-99999	48.185	-0.9381	0	0	0	0	0	-218.734	-309.336	132.561	-127.499	-155.407	-140.258	-218.768	-263.829	-309.794	132.619	1.81463	-128.59	-155.409	-148.208	-140.022	7.48214	10	0	170.716	-999999	-999999	-999999	-999999	-999999	-999999	
11789	9524	182.801	469.244	182.35	14.0622	17.045	-0.861771	1	1	1	1	1	-255.255	-192.688	133.242	-20.0015	730.435	659.63	-255.353	-216.786	-192.676	133.444	56.1271	-20.13	730.502	701.072	659.572	4.58584	10	0	79.3991	13.1609	-21.8141	-459.786	34.4709	-27.0616	-225.763	
11795	12935	298.794	685.702	296.531	-132.569	16.352	-0.878379	0	0	0	0	0	-268.218	-121.183	133.602	-122.316	673.429	657.361	-268.338	-189.86	-120.78	133.827	7.3254	-124.258	673.446	661.99	657.566	4.99714	10	0	75.783	-999999	-999999	-999999	-999999	-999999	-999999	
11795	12993	92.0313	246.241	90.5369	-99999	-40.175	-0.964572	1	1	1	0	0	-137.916	-114.125	129.352	43.969	336.085	353.068	-150.728	-141.478	-126.522	130.34	86.0264	43.5424	335.96	344.104	353.128	4.59949	6	0	79.0418	-40.1497	23.0643	350.11	-40.1497	23.0643	350.11	
11773	209	110.331	279.946	110.329	-99999	-46.712	-0.808943	1	1	1	1	0	-351.25	-336.052	107.413	12.0791	557.421	610.603	-351.197	-342.434	-335.999	107.413	60.1755	12.0791	557.421	584.432	610.603	5.65357	12	0	84.6598	-46.6866	41.9842	594.235	-46.6866	41.9842	594.235	
11795	25222	205.389	727.404	204.707	102.97	102.489	-0.867594	0	0	0	0	0	-214.619	-129.389	131.577	-42.3958	-538.271	-587.182	-214.834	-173.125	-129.389	132.167	47.7644	-42.3958	-538.025	-578.903	-587.182	6.53552	6	0	80.4293	-999999	-999999	-999999	-999999	-999999	-999999	
11786	17932	262.96	633.399	261.378	115.771	115.132	-0.90999	0	0	0	0	0	-270.132	-192.578	131.766	-106.509	-805.681	-876.2	-270.42	-236.085	-192.438	132.893	12.038	-106.807	-805.256	-843.57	-876.265	4.87747	10	0	73.3234	31.5199	-14.8797	403.947	31.5199	-14.8797	403.947	
11761	9017	322.843	838.939	320.098	-17.3289	-18.76	-0.877694	1	1	1	1	1	-246.835	-175.179	130.41	-150.531	-192.429	-324.27	-247.309	-220.182	-175.108	132.615	-9.60592	-150.728	-191.321	-262.092	-324.312	7.81594	10	0	113.999	-18.7251	-26.0017	-265.349	-18.7251	-26.0017	-265.349	
11795	1553	307.19	738.622	306.225	-99999	-10.502	-0.966739	1	1	1	1	1	-95.1676	-177.632	133.136	-155.403	-154.76	-101.067	-98.3603	-144.991	-181.076	133.729	-9.31341	-155.715	-154.871	-125.051	-101.049	7.7185	7	0	95.1428	-10.4766	-18.1748	-128.821	-10.4766	-18.1748	-128.821	
11776	1521	161.645	395.691	161.29	-99999	38.516	-0.925076	1	1	1	1	1	-294.954	-332.513	133.283	-12.7951	-33.5932	21.8827	-294.919	-310.746	-332.559	133.591	59.5087	-12.8052	-33.6988	-5.86251	21.8851	4.71299	11	0	66.7292	37.6067	-5.43043	-405.856	68.6667	-13.9917	56.4514	
11761	1901	214.976	609.274	214.186	-99999	-9.27	-0.555054	1	1	1	1	1	-156.65	-313.808	129.294	18.3959	572.044	665.927	-156.089	-235.094	-313.808	129.729	73.6933	18.3959	571.726	618.071	665.927	8.87781	10	0	130.255	-9.23471	-4.99014	679.458	-9.23471	-4.99014	679.458	
11786	32260	290.013	690.649	288.591	-99999	-17.329	-0.689951	1	1	1	1	1	-355.698	-228.35	10.0578	-171.688	503.394	685.952	-356.066	-288.729	-227.999	10.6084	-85.1537	-172.098	502.921	588.185	686.232	4.90374	11	0	74.6989	-17.306	-38.1946	559.954	-17.306	-38.1946	559.954	
11759	2680	238.603	555.266	237.83	-99999	-11.397	-0.654858	1	1	1	1	0	-74.6783	-153.588	116.527	-14.7645	-888.104	-708.648	-77.9712	-122.685	-157.157	117.033	43.708	-14.7645	-888.614	-805.896	-708.648	4.37473	11	0	77.4218	-11.3879	16.9255	-773.86	-11.3879	16.9255	-773.86	
11797	42140	281.211	683.026	277.352	75.0545	75.878	-0.897512	1	1	1	1	1	-215.089	-96.6135	131.609	-111.619	616.065	558.66	-215.232	-153.601	-96.1883	131.953	8.92892	-114.874	616.149	587.888	557.542	7.0706	15	0	79.246	75.9053	-38.6627	573.261	75.9053	-38.6627	573.261	
11781	3873	199.64	503.793	198.058	-99999	3.419	-0.76677	1	1	1	1	1	-200.763	-233.311	129.591	-1.55424	416.843	556.981	-200.642	-220.387	-233.297	130.256	55.7239	-2.05272	416.298	479.432	557.434	10.3637	13	0	96.6534	3.45657	-7.16701	511.412	3.45657	-7.16701	511.412	
11797	47196	32.8161	107.334	30.9703	-99999	16.61	-0.478743	1	0	0	0	0	-304.461	-327.389	133.531	117.212	-783.99	-771.116	-303.068	-315.268	-327.408	134.409	126.154	117.212	-784.79	-777.571	-771.116	6.23379	10	0	85.7715	16.6463	64.1288	-764.399	16.6463	64.1288	-764.399	
11782	11374	84.9394	237.153	84.937	-99999	71.276	-0.997158	1	1	0	0	0	-294.29	-282.039	132.281	48.9462	9.65891	18.4823	-294.372	-290.797	-282.12	132.281	90.2034	48.9462	9.65891	13.972	18.4823	4.74861	10	0	77.9535	71.3022	37.2559	11.6792	71.3022	37.2559	11.6792	
11795	27849	469.127	1113.77	466.772	63.0198	63.713	-0.592634	1	1	1	1	1	-139.862	-341.693	132.305	-160.333	-46.9072	253.152	-139.849	-237.692	-343.356	132.325	-17.8222	-161.363	-46.9316	104.208	254.377	4.73188	13	0	78.8434	63.7187	-40.8012	133.019	63.7187	-40.8012	133.019	
11797	22831	191.811	544.545	191.501	-99999	101.536	-0.541157	0	0	0	0	0	-197.638	-241.762	132.489	25.701	-28.9139	-181.607	-165.843	-187.911	-210.052	132.489	79.0728	25.5185	-28.9139	-105.442	-181.84	4.40794	13	0	108.39	-999999	-999999	-999999	-999999	-999999	-999999	
11797	89399	325.316	826.834	324.763	69.0695	69.502	-0.809072	1	1	1	1	1	-329.592	-153.612	134.091	-125.257	650.774	570.095	-329.704	-240.5	-153.553	134.275	6.2714	-125.57	650.838	605.371	570.104	10.5146	7	0	121.327	69.5272	-14.3884	606.457	69.5272	-14.3884	606.457	
11795	10348	108.459	268.319	108.459	-99999	54.226	-0.83029	1	1	1	1	1	-176.364	-219.705	133.201	47.4427	462.548	412.283	-167.842	-189.224	-211.183	133.201	90.1213	47.4427	462.548	437.516	412.283	5.8074	9	0	44.7181	54.2557	-36.0436	359.935	-41.1543	-13.8538	412.681	
11786	6277	339.103	811.83	338.101	-99999	78.667	-0.691405	1	1	1	1	1	-152.263	-86.0215	129.947	-100.08	70.6071	309.303	-127.725	-95.5506	-61.3022	130.316	14.6991	-100.365	70.2373	189.982	309.664	4.62671	6	0	49.5371	78.7067	-46.0827	228.034	78.7067	-46.0827	228.034	
11786	28983	137.632	367.518	135.435	-99999	8.821	-0.825215	1	1	1	1	1	-88.3402	-166.023	-156.575	-45.882	-891.523	-884.663	-164.756	-125.381	-85.9535	-45.7217	-102.024	-158.284	-884.654	-888.073	-891.74	4.05011	235	0	367.518	8.84781	-27.9348	-807.909	8.84781	-27.9348	-807.909	
11786	30693	162.248	417.441	161.025	68.906	69.066	-0.894995	1	1	1	1	1	-211.282	-198.796	127.177	-15.9068	817.601	745.248	-211.456	-205.779	-198.796	128.239	56.1618	-15.9068	818.091	781.627	745.248	12.705	10	0	65.5272	69.09	-0.682496	745.463	69.09	-0.682496	745.463	
11797	35802	105.054	294.407	103.438	-99999	-3.7	-0.775965	1	1	1	1	0	-248.227	-177.435	132.791	58.7089	48.3436	61.1426	-249.083	-214.274	-177.317	133.914	95.5554	58.5752	48.0934	56.5644	61.148	4.96008	6	0	100.71	4.77897	-50.2958	30.0124	4.77897	-50.2958	30.0124	
11797	49616	343.339	1096.61	337.939	-99999	89.777	-0.91042	1	1	1	0	0	-344.006	-323.547	132.618	-163.877	857.938	777.03	-344.094	-343.5	-323.616	133.228	-4.96792	-164.03	858.212	787.068	777.078	5.12494	11	0	84.6408	89.7998	-17.0764	780.177	89.7998	-17.0764	780.177	
11797	50426	308.948	750.811	308.207	-99999	87.95	-0.662107	1	1	1	1	1	-112.52	-157.997	130.039	-67.7373	515.466	746.008	-84.9349	-102.726	-130.603	130.264	28.5047	-67.8727	515.217	629.963	746.349	5.68797	10	0	78.2855	87.9764	2.02931	625.657	87.9764	2.02931	625.657	
11797	27090	134.03	334.64	132.605	-99999	-39.153	-0.942983	1	1	1	0	0	-64.4116	-105.38	129.015	3.44092	354.077	362.408	-76.2224	-96.6839	-117.649	130.307	66.6357	3.38867	354.009	357.848	362.407	5.50396	9	0	84.8541	-39.1326	21.1986	360.849	-39.1326	21.1986	360.849	
11797	30510	146.696	333.95	145.349	-451.689	113.341	-0.946589	0	0	0	0	0	-245.909	-202.214	131.845	-2.40699	583.499	551.974	-246.087	-226.708	-202.052	132.638	62.9675	-2.85255	583.704	571.968	551.798	5.11433	11	0	73.2082	38.9823	-31.6097	762.967	38.9823	-31.6097	762.967	
11797	20609	137.268	351.543	132.759	-99999	61.983	-0.544639	1	1	1	0	0	-154.61	-82.1421	-13.1682	41.51	-889.448	-792.63	-60.6577	-97.487	-135.2	43.8928	15.3458	-13.1682	-789.418	-839.722	-889.448	15.899	372	0	351.543	61.9586	10.7086	-796.682	61.9586	10.7086	-796.682	
11795	5311	210.098	507.306	209.827	-99999	40.769	-0.373287	1	1	1	1	1	-154.388	-74.227	132.502	59.2975	-625.544	-446.009	-141.621	-101.565	-61.3568	132.502	94.9414	59.1962	-625.544	-536	-445.782	4.13659	9	0	48.9269	40.8005	42.2239	-499.123	40.8005	42.2239	-499.123	
11795	6481	255.013	661.578	254.146	-99999	57.911	-0.590697	1	1	1	1	1	-298.19	-219.476	133.554	-55.8796	-533.037	-384.996	-298.398	-256.482	-219.542	134.039	43.1645	-55.8796	-533.736	-455.339	-384.996	4.21288	12	0	89.0524	57.9253	-5.45089	-433.51	57.9253	-5.45089	-433.51	
11797	36017	285.48	705.121	282.849	14.7809	14.75	-0.946755	1	1	1	1	1	-259.752	-186.973	133.21	-133.18	-8.25866	-67.2929	-259.924	-228.094	-186.186	133.944	-1.45263	-134.85	-8.07997	-39.9692	-67.2204	5.23828	6	0	73.9923	15.5957	-17.352	-549.29	55.2457	69.0647	182.244	
11797	36017	243.147	575.766	241.77	15.7805	15.561	-0.814969	1	1	1	1	1	-152.544	-261.363	132.743	-71.6392	-721.899	-658.661	-151.85	-215.258	-261.363	133.877	36.0048	-71.6392	-722.218	-688.317	-658.661	7.38507	9	0	77.9117	15.5957	-17.352	-549.29	15.5957	-17.352	-549.29	
11775	1607	364.17	2702.15	361.55	-26.4125	-25.046	-0.871394	1	1	1	1	1	-160.809	-268.67	130.965	-147.793	-566.369	-368.613	-160.541	-200.966	-268.67	133.24	-17.4031	-147.793	-567.626	-474.116	-368.613	5.79776	12	0	75.7546	-25.0182	-28.224	-459.432	-25.0182	-28.224	-459.432	
11797	76710	256.471	596.853	256.288	98.8412	102.943	-0.996654	0	0	0	0	0	-182.761	-229.244	132.836	-113.866	691.543	708.09	-182.761	-193.989	-229.244	132.836	6.33144	-113.866	691.543	691.553	708.09	5.62018	9	0	85.33	76.2662	-20.0187	-621.838	-0.443798	-9.05353	184.112	
11795	18920	33.1841	123.026	32.81	-99999	53.335	-0.698728	0	0	0	0	0	-249.899	-238.383	131.68	107.952	-832.238	-812.903	-241.66	-235.48	-230.043	131.87	119.673	107.884	-832.415	-823.098	-812.843	5.45452	15	0	88.1983	53.3728	42.1308	-771.099	53.3728	42.1308	-771.099	
11786	19676	315.998	915.306	304.618	-99999	111.201	-0.97951	0	0	0	0	0	-149.886	-136.52	133.508	-169.667	-276.616	-297.658	-115.065	-109.617	-101.128	133.518	-23.8703	-180.889	-276.619	-285.238	-298.985	4.40573	9	0	168.694	93.1527	-46.4737	794.876	23.1927	-45.4489	-191.016	
11775	2921	197.071	561.382	196.733	93.6756	94.043	-0.960432	1	1	1	1	1	-189.288	-221.929	132.659	-57.2411	-710.883	-676.031	-189.277	-200.477	-221.929	132.974	37.9752	-57.2411	-710.974	-688.007	-676.031	11.718	6	0	149.202	94.0712	-8.77249	-676.345	94.0712	-8.77249	-676.345	
11786	32199	210.64	550.165	209.435	52.322	52.185	-0.976859	1	1	1	1	1	-222.327	-168.001	131.943	-66.7599	-774.492	-741.815	-222.409	-197.362	-167.977	132.397	32.2047	-67.4816	-774.549	-755.523	-741.687	9.86915	8	0	92.3202	52.2163	-15.2669	-736.669	52.2163	-15.2669	-736.669	
11797	51342	151.502	386.812	149.841	-99999	88.624	-0.65476	1	1	1	0	0	-219.701	-106.779	132.594	39.2806	-753.618	-724.957	-191.949	-135.231	-77.9913	132.595	85.2626	38.0006	-753.618	-737.269	-724.789	4.88278	6	0	78.5774	88.6504	28.6895	-726.309	88.6504	28.6895	-726.309	
11786	8338	171.994	455.225	171.44	-99999	106.739	-0.967985	0	0	0	0	0	-281.498	-303.409	133.731	-32.977	745.755	775.057	-281.62	-289.683	-303.628	133.731	48.9583	-33.5022	745.755	756.119	775.159	4.9713	11	0	92.3584	66.1468	38.376	-833.412	-25.9032	-10.276	-610.64	
11786	12783	191.063	468.283	190.407	-99999	97.839	-0.724487	1	1	1	1	0	-120.283	-170.604	132.312	11.2327	-827.084	-690.992	-89.5659	-112.301	-139.984	132.651	64.1602	11.1394	-827.401	-764.904	-690.837	4.15776	11	0	77.1706	97.8669	29.9477	-744.182	97.8669	29.9477	-744.182	
11789	5519	197.993	455.135	195.352	-99999	55.974	-0.930153	1	1	1	1	1	-184.426	-117.816	130.731	-49.1348	-546.673	-520.627	-167.723	-138.471	-100.131	132.888	40.6709	-49.4075	-546.918	-526.344	-520.645	6.82416	6	0	81.5924	55.9931	-16.0305	-528.883	55.9931	-16.0305	-528.883	
11789	2358	48.5704	302.725	31.9963	-99999	101.034	-0.921216	0	0	0	0	0	-207.035	-195.636	131.809	102.487	213.576	208.139	-223.12	-214.033	-209.8	132.355	110.101	86.9528	213.667	210.231	205.407	7.55395	6	0	268.896	9.96472	-8.51485	32.0103	9.96472	-8.51485	32.0103	
11789	4338	190.229	475.975	189.166	-99999	94.215	-0.928692	1	1	1	1	1	-315.955	-259.748	132.696	-45.6896	-328.623	-319.241	-316.425	-283.447	-259.856	133.68	45.9739	-45.6896	-328.769	-313.478	-319.241	6.61993	7	0	76.8137	94.2444	-1.16657	-313.352	94.2444	-1.16657	-313.352	
11772	6735	249.858	704.104	249.794	-99999	47.712	-0.825842	0	0	0	0	0	-279.465	-220.103	134.767	-74.8432	524.585	645.437	-279.532	-253.936	-220.158	134.819	31.0139	-74.8432	524.552	589.126	645.437	8.77087	13	0	108.603	101.429	-28.2474	261.182	101.429	-28.2474	261.182	
11780	10093	119.522	316.825	118.561	-99999	-26.366	-0.890412	1	1	1	0	0	-291.813	-312.47	132.222	23.9412	193.279	236.052	-291.608	-303.812	-312.448	132.963	79.8836	23.8276	192.946	217.509	236.1	5.71136	14	0	76.659	-26.3496	32.151	226.786	-26.3496	32.151	226.786	
11797	82236	126.121	298.973	125.822	-99999	29.664	-0.666317	1	1	1	1	0	-70.4889	-147.201	37.4711	110.702	-243.092	-175.57	-138.057	-99.8392	-61.156	110.847	73.4557	37.4299	-175.476	-208.759	-243.13	5.00202	316	0	298.973	29.7021	38.1657	-223.813	29.7021	38.1657	-223.813	
11774	3709	382.363	5280.62	382.337	-99999	7.582	-0.435364	1	1	1	1	1	-131.701	-286.943	130.202	-43.7653	392.958	695.547	-131.701	-210.133	-286.943	130.202	44.4483	-43.7653	392.958	544.639	695.547	32.3164	16	0	4154.78	7.63393	-47.9044	691.036	7.63393	-47.9044	691.036	
11789	9785	320.077	831.99	319.071	58.5606	58.418	-0.872278	1	1	1	1	1	-252.289	-126.77	132.921	-138.902	607.236	502.759	-252.378	-198.638	-126.423	133.148	-4.74826	-139.551	607.325	546.969	502.674	7.11639	9	0	134.542	58.4567	-35.7508	534.29	58.4567	-35.7508	534.29	
11795	5697	129.086	299.805	123.298	-99999	-23.111	-0.904344	1	1	1	1	1	-262.694	-306.636	132.637	24.2659	662.53	700	-262.545	-283.56	-309.231	132.948	74.4704	19.6475	662.444	679.765	701.17	4.04365	8	0	69.1187	-23.0824	16.8516	662.587	-23.0824	16.8516	662.587	
11782	5070	255.488	657.271	254.822	-99999	74.998	-0.867778	1	1	1	1	1	-238.342	-319.163	133.324	-99.5406	494.045	555.533	-238.428	-285.828	-319.217	133.324	18.3169	-100.15	494.045	522.792	555.784	6.22448	12	0	141.201	75.0268	-37.8995	540.762	75.0268	-37.8995	540.762	
11776	5670	209.344	540.095	209.326	-99999	43.383	-0.966291	1	1	1	0	0	-129.018	-90.4093	133.856	-70.4624	-151.008	-139.152	-115.432	-94.8134	-76.8242	133.856	31.2742	-70.4624	-151.008	-151.386	-139.152	4.81477	11	0	85.6933	43.4174	-44.6446	-159.218	43.4174	-44.6446	-159.218	
11797	57343	285.723	787.496	284.296	-99999	-36.136	-0.987871	1	1	1	1	1	-315.133	-299.984	133.231	-132.245	341.284	392.479	-315.092	-315.28	-299.942	133.231	3.89825	-132.245	341.284	365.543	392.479	7.58359	10	0	98.9984	-36.1112	-24.9641	369.778	-36.1112	-24.9641	369.778	
11795	5556	402.201	841.391	401.356	-99999	5.082	-0.814931	1	1	1	1	1	-346.357	-304.482	133.669	-165.166	-666.762	-403.495	-346.36	-318.973	-304.508	133.958	-15.5111	-165.469	-666.959	-535.608	-403.119	4.96342	15	0	72.7908	5.11355	-16.2502	-528.854	5.11355	-16.2502	-528.854	
11786	4547	306.804	722.617	293.382	65.4943	62.343	-0.61141	1	1	1	1	1	-108.539	-342.047	133.107	-41.6861	827.446	858.603	-108.176	-230.352	-351.376	133.386	42.0386	-50.2111	827.413	843.345	861.232	4.7107	6	0	51.0038	62.3834	-24.9462	825.755	62.3834	-24.9462	825.755	
11795	20269	338.1	4910	327.705	115.512	114.859	-0.626578	0	0	0	0	0	-137.714	-228.345	126.815	-148.376	307.59	459.89	-135.929	-182.596	-229.937	130.749	-11.1858	-152.28	303.953	382.373	461.958	4.76736	12	0	71.8058	47.5657	-17.2191	744.208	47.5657	-17.2191	744.208	
11797	14541	373.59	1167.72	371.603	-99999	87.845	-0.788005	1	1	1	1	1	-142.34	-221.241	132.396	-164.57	-542.415	-751.262	-114.613	-154.753	-193.978	133.31	-15.896	-165.107	-541.73	-646.673	-751.833	5.30051	14	0	67.051	87.8657	-22.3339	-631.883	87.8657	-22.3339	-631.883	
11797	19346	356.705	845.031	356.138	-99999	63.979	-0.628226	1	1	1	1	1	-314.784	-337.687	133.463	-89.0694	-813.51	-566.022	-314.841	-323.544	-337.76	133.552	17.167	-89.0694	-813.617	-680.794	-566.022	5.64628	11	0	64.6577	64.0086	-0.513432	-667.98	64.0086	-0.513432	-667.98	
11780	10878	176.275	490.459	173.749	85.085	85.871	-0.964342	1	1	1	1	1	-220.279	-200.95	130.049	-31.3397	190.222	131.454	-220.469	-213.61	-200.95	132.469	48.6158	-31.3397	190.858	165.262	131.454	5.46315	13	0	77.2128	85.903	-1.47204	157.793	85.903	-1.47204	157.793	
11797	19758	121.681	338.108	121.372	65.9355	64.785	-0.720464	1	1	1	1	1	-235.584	-191.492	132.525	54.3369	30.1129	-50.42	-235.703	-212.713	-191.492	132.737	90.6288	54.3369	30.2833	-6.88584	-50.42	5.92807	14	0	73.6733	64.8148	19.6162	-27.1092	64.8148	19.6162	-27.1092	
11786	7954	266.881	670.438	266.691	-99999	45.939	-0.963506	1	1	1	1	1	-272.904	-289.749	131.668	-128.933	-568.243	-520.116	-272.94	-287.329	-289.809	131.799	2.36405	-128.968	-568.277	-539.434	-520.108	9.4269	18	0	88.4439	45.9696	-26.5565	-537.925	45.9696	-26.5565	-537.925	
11780	9245	267.517	1119.57	267.077	48.6186	48.413	-0.861821	1	1	1	1	1	-123.003	-219.322	134.072	-83.5399	554.038	670.13	-122.891	-179.082	-219.326	134.402	25.4444	-83.5814	553.893	606.827	670.163	6.39752	13	0	85.464	48.4456	-7.10953	612.85	48.4456	-7.10953	612.85	
11797	59682	166.895	418.614	165.545	-32.2284	-33.753	-0.815109	1	1	1	1	1	-196.376	-266.652	131.11	-13.8439	776.357	745.005	-196.277	-229.482	-267.161	131.272	59.0716	-14.8524	776.44	751.437	745.01	4.75804	8	0	77.5876	-39.7817	-17.2538	506.957	-39.7817	-17.2538	506.957	
11774	5698	101.77	287.199	101.601	-99999	68.69	-0.982959	1	1	0	0	0	-268.414	-258.524	131.494	30.9612	429.877	438.091	-268.507	-261.151	-258.603	131.656	81.5428	30.9612	429.849	434.21	438.091	4.64642	9	0	86.92	68.7229	20.3499	428.327	68.7229	20.3499	428.327	
11780	5043	201.544	551.462	200.652	-99999	18.683	-0.878417	1	1	1	1	1	-312.135	-241.591	133.147	-44.1579	669.798	728.022	-312.462	-275.325	-241.612	133.93	46.6363	-44.1579	669.514	703.411	728.022	11.2709	7	0	98.4858	14.0246	-11.6112	369.319	14.0246	-11.6112	369.319	
11795	13623	310.824	784.872	310.417	-99999	91.194	-0.890403	1	1	1	1	1	-236.925	-89.898	129.518	-143.101	-849.848	-829.581	-208.368	-134.912	-61.144	129.518	-6.98026	-143.455	-849.848	-838.788	-829.557	4.36889	6	0	51.8364	91.2211	-70.1381	-810.262	91.2211	-70.1381	-810.262	
11759	330	66.6478	186.748	65.7659	-99999	98.799	-0.695501	1	0	0	0	0	-329.885	-299.857	133.213	84.235	-343.588	-311.802	-330.23	-313.638	-299.817	133.537	109.762	83.9144	-343.834	-327.415	-311.592	4.58216	15	0	83.7195	98.828	39.085	-323.38	98.828	39.085	-323.38	
11759	3210	286.631	1257.53	286.243	307.185	46.175	-0.520641	0	0	0	0	0	-117.349	-346.758	133.445	5.04299	-738.055	-628.215	-117.062	-229.903	-346.758	133.645	62.8293	5.04299	-738.204	-686.185	-628.215	7.83935	7	0	81.2303	17.223	-26.9628	-646.922	17.223	-26.9628	-646.922	
11782	9004	283.628	668.862	282.602	110.673	109.442	-0.807176	0	0	0	0	0	-181.104	-305.621	132.652	-109.335	-637.003	-677.91	-180.562	-262.081	-305.621	133.477	22.0546	-109.335	-636.761	-668.831	-677.91	4.86535	10	0	82.8301	26.0062	-31.0353	-782.003	26.0062	-31.0353	-782.003	
11795	27884	188.602	438.894	188.598	-99999	13.11	-0.229737	1	1	1	1	1	-357.569	-238.187	-39.0514	-106.13	194.163	318.8	-357.584	-296.512	-238.202	-39.0514	-60.8429	-106.13	194.163	262.369	318.8	4.07941	13	0	82.4844	13.1142	-41.9893	243.706	13.1142	-41.9893	243.706	
11795	30224	310.548	805.063	299.533	-99999	47.23	-0.992693	1	1	1	1	1	-248.789	-259.863	131.76	-166.527	-421.813	-444.999	-248.731	-254.996	-260.239	132.817	-21.8244	-176.436	-421.723	-433.989	-444.754	4.14927	10	0	59.0881	47.2558	-27.1327	-429.658	47.2558	-27.1327	-429.658	
11775	697	138.531	401.681	138.316	-99999	64.631	-0.78542	1	1	1	1	1	-164.152	-221.279	130.337	20.2186	252.312	191.205	-153.908	-182.655	-211.122	130.504	75.4825	20.2186	252.411	221.694	191.205	5.92702	15	0	57.158	64.6747	-30.1563	149.956	64.6747	-30.1563	149.956	
11775	2047	358.764	979.967	336.016	-99999	59.914	-0.876532	1	1	1	1	1	-93.1932	-171.837	133.368	-166.343	-105.819	-217.781	-74.3944	-138.821	-152.7	133.475	-22.4986	-167.221	-105.773	-166.332	-239.88	29.9006	20	0	218.045	59.9462	-19.2383	-165.965	59.9462	-19.2383	-165.965	
11797	25435	364.705	940.444	360.781	115.962	115.245	-0.676711	0	0	0	0	0	-225.121	-140.04	132.553	-101.287	-61.8763	-322.306	-225.247	-182.013	-139.362	133.23	16.6605	-102.85	-61.1585	-194.386	-324.676	5.22537	15	0	81.0433	57.2928	-68.0545	-755.553	57.2928	-68.0545	-755.553	
11797	60469	178.29	441.083	176.303	-99999	62.67	-0.929632	1	1	1	1	1	-129.322	-172.429	132.155	-30.5529	-419.257	-369.287	-109.412	-134.516	-152.911	133.251	51.8031	-31.3461	-419.58	-393.724	-369.222	4.80421	9	0	82.9554	62.6972	10.0021	-391.199	62.6972	10.0021	-391.199	
11797	42183	180.03	427.115	178.49	-99999	14.732	-0.967108	1	1	1	1	1	-86.6075	-116.904	132.462	-41.8645	-707.072	-694.259	-81.7072	-103.465	-112.28	133.681	47.0558	-42.1374	-707.199	-696.454	-694.256	5.01834	8	0	105.898	14.7497	2.26397	-701.655	14.7497	2.26397	-701.655	
11789	18531	175.252	410.398	174.417	-99999	52.036	-0.998691	1	1	1	1	1	-114.301	-129.558	129.47	-43.0375	239.739	229.397	-97.9909	-104.936	-113.263	130.288	43.074	-43.0375	239.771	235.476	229.397	5.53339	11	0	77.9661	52.0342	0.400594	228.43	52.0342	0.400594	228.43	
11789	19341	57.0016	188.368	52.7231	-99999	-3.489	-0.932259	1	1	0	0	0	-313.94	-307.053	131.259	79.8198	-316.62	-308.584	-313.971	-310.739	-307.212	131.664	104.05	76.1647	-316.786	-310.969	-309.434	7.45582	12	0	103.148	-3.45997	34.667	-298.3	-3.45997	34.667	-298.3	
11789	20421	237.511	613.834	236.512	109.089	107.929	-0.883218	0	0	0	0	0	-301.651	-187.948	133.174	-73.1942	-195.388	-187.989	-302.107	-242.615	-187.948	134.056	31.3365	-73.1942	-195.408	-195.971	-187.989	4.66073	10	0	87.0265	-999999	-999999	-999999	-999999	-999999	-999999	
11797	40421	314.976	1406.04	313.4	254.017	-11.267	-0.767286	1	1	0	0	0	-128.271	-332.049	132.695	-79.1391	-683.874	-578.454	-127.831	-225.744	-332.425	133.292	23.2112	-79.746	-684.095	-629.032	-578.112	7.48765	13	0	88.0163	-11.2747	43.396	-348.302	-11.2747	43.396	-348.302	
11776	964	308.219	826.182	306.868	35.136	37.533	-0.659338	1	1	1	1	1	-61.7379	-273.839	103.218	-108.721	-734.169	-673.195	-60.7948	-170.023	-273.869	104.063	-0.273107	-108.769	-734.379	-704.016	-673.195	4.54693	8	0	79.9909	37.5701	-5.89362	-697.147	37.5701	-5.89362	-697.147	
11776	1684	323.167	755.304	321.065	-99999	35.272	-0.851777	1	1	1	1	1	-78.0914	-198.914	129.551	-157.912	236.007	308.091	-66.4204	-131.849	-188.043	130.745	-10.2002	-158.565	235.604	279.788	308.208	4.61143	6	0	83.5917	35.2835	-6.73569	269.088	35.2835	-6.73569	269.088	
11786	26553	266.382	706.431	265.548	88.065	87.502	-0.809391	1	1	1	1	1	-140.851	-294.487	132.669	-68.155	-862.086	-783.828	-140.522	-215.318	-294.591	133.206	29.8436	-68.2774	-862.284	-824.403	-783.795	6.24126	8	0	129.151	87.5326	-15.0947	-774.276	87.5326	-15.0947	-774.276	
11786	26733	245.444	804.627	244.025	-99999	43.367	-0.996829	1	1	1	1	1	-240.515	-242.088	130.527	-102.239	578.64	636.565	-240.495	-241.435	-242.137	131.823	14.325	-102.239	578.583	610.253	636.565	5.37705	10	0	103.425	43.4015	-31.2145	625.822	43.4015	-31.2145	625.822	
11797	42926	318.532	812.901	317.565	84.4209	85.608	-0.868653	1	1	1	1	1	-167.389	-285.438	133.876	-141.29	317.573	223.853	-167.389	-222.721	-285.686	133.876	-1.47705	-142.194	317.573	255.089	224.059	5.76836	10	0	87.4864	85.6362	-34.9182	244.614	85.6362	-34.9182	244.614	
11797	39025	293.499	686.976	293.492	-37.0556	-40.132	-0.897924	1	1	1	1	1	-248.065	-116.481	133.755	-122.545	170.881	130.124	-248.065	-171.447	-116.481	133.755	9.53049	-122.545	170.881	156.413	130.124	5.03829	11	0	73.3416	-40.0996	-33.7819	146.405	-40.0996	-33.7819	146.405	
11797	27980	332.078	5333.41	323.4	64.8953	66.556	-0.601245	1	1	1	1	1	-116.364	-333.527	126.712	-80.5211	-58.6929	61.2918	-110.83	-221.651	-333.527	131.841	25.6253	-80.5211	-62.9395	-0.0762073	61.2918	5.14475	8	0	76.7577	66.5922	-23.2629	16.6051	66.5922	-23.2629	16.6051	
11773	622	93.7704	299.076	92.017	-99999	89.148	-0.755023	1	1	1	0	0	-112.694	-89.1496	130.682	54.7113	514.732	468.552	-85.2091	-72.9253	-61.1353	131.699	93.1393	54.4168	515.547	491.955	468.333	5.9035	15	0	41.4462	89.1712	18.1232	460.779	73.3012	38.4697	508.355	
11773	1432	299.874	1161.61	298.309	-99999	77.181	-0.812596	1	1	1	1	1	-277.513	-347.024	128.314	-113.027	173.277	334.166	-277.556	-312.454	-347.497	128.476	7.49869	-114.175	173.171	254.573	334.79	4.06442	11	0	73.7976	77.2106	-54.352	306.116	102.761	31.1737	247.492	
11780	6597	314.183	5009.24	313.948	114.598	116.871	-0.970277	0	0	0	0	0	-247.949	-179.542	132.601	-169.344	-670.641	-721.07	-247.961	-213.158	-179.494	132.683	-18.1414	-169.474	-670.629	-697.355	-721.067	171.165	11	0	2233.42	-999999	-999999	-999999	-999999	-999999	-999999	
11780	11466	52.5225	152.011	51.7026	-99999	114.112	-0.936858	0	0	0	0	0	-114.555	-96.881	130.355	81.8321	300.626	299.013	-78.834	-69.9829	-60.8467	130.388	105.686	81.1325	300.626	299.991	298.964	4.22612	11	0	44.1712	60.175	57.9756	644.409	60.175	57.9756	644.409	
11795	27592	164.499	978.161	151.592	-99999	-9.751	-0.94387	1	1	1	1	1	-356.833	-306.657	-23.2665	-166.266	-202.259	-204.537	-356.919	-329.579	-302.671	-22.9978	-100.562	-178.091	-202.253	-203.261	-205.922	21.8364	6	0	536.235	-9.72255	-54.5565	-210.468	81.3374	-84.607	-243.073	
11797	38964	307.114	691.467	306.891	-99999	35.512	-0.974388	1	1	1	1	1	-148.72	-114.724	132.967	-170.892	-410.828	-399.375	-137.623	-116.093	-103.596	133.057	-18.7243	-170.99	-410.828	-404.154	-399.365	4.91246	7	0	78.4041	35.536	-26.8789	-524.296	35.536	-26.8789	-524.296	
11797	39234	306.722	771.655	301.798	-99999	110.771	-0.998979	0	0	0	0	0	-105.264	-107	133.391	-167.373	108.815	97.4409	-70.5859	-75.523	-72.219	133.52	-19.415	-172.091	108.82	103.094	97.2841	4.63774	8	0	91.7062	39.0983	28.6866	731.315	-31.8917	-33.4595	227.874	
11786	10551	194.559	456.907	194.195	-99999	21.31	-0.999812	1	1	1	1	1	-302.098	-301.68	133.232	-59.3222	-547.768	-541.898	-302.122	-293.174	-301.704	133.587	36.9848	-59.3222	-547.774	-544.231	-541.898	5.7301	7	0	61.7613	21.3352	-15.86	-550.719	21.3352	-15.86	-550.719	
11795	10428	286.784	774.04	285.806	105.592	104.934	-0.933761	0	0	0	0	0	-201.762	-262.778	131.973	-120.123	668.639	786.787	-201.653	-225.355	-262.778	132.88	3.93781	-120.123	668.322	726.027	786.787	15.9078	9	0	117.703	24.5328	-114.04	235.273	24.5328	-114.04	235.273	
11797	48590	48.7947	240.693	48.5747	-99999	104.611	-0.835712	0	0	0	0	0	-205.587	-193.708	132.075	91.8234	-163.033	-138.583	-222.072	-216.244	-210.147	132.259	112.011	91.8234	-163.145	-150.849	-138.583	6.54928	14	0	167.31	-32.9236	-14.1853	-192.44	-32.9236	-14.1853	-192.44	
11786	2509	361.048	958.045	360.643	14.7772	15.336	-0.530359	1	1	1	1	1	-268.055	-136.101	132.714	-31.541	-463.408	-173.174	-268.055	-210.909	-135.952	132.714	41.9087	-31.6495	-463.408	-318.407	-172.826	4.07874	10	0	122.923	15.3707	-5.54236	-279.754	15.3707	-5.54236	-279.754	
11773	7077	96.3995	284.008	95.4954	-99999	111.276	-0.870148	1	1	0	0	0	-252.98	-254.943	132.228	51.6257	-220.91	-170.862	-253.107	-250.821	-255.218	132.228	91.7789	50.8077	-220.91	-194.881	-170.524	5.0026	14	0	82.4626	111.316	23.2813	-184.877	111.316	23.2813	-184.877	
11761	337	237.589	544.462	236.845	-42.8919	-42.147	-0.910933	1	1	1	1	1	-170.37	-243.083	132.761	-86.534	-37.5221	12.0993	-170.261	-206.568	-243.183	133.105	23.8774	-86.8054	-37.6362	-8.83728	12.1275	5.03384	9	0	78.9745	-42.1164	-14.2407	-6.29211	-42.1164	-14.2407	-6.29211	
11797	81348	239.477	1173.32	239.235	-99999	109.071	-0.940977	0	0	0	0	0	-201.989	-227.651	132.226	-88.5086	176.587	88.5676	-184.849	-198.012	-210.528	132.226	21.278	-88.7125	176.587	133.55	88.4645	8.66553	16	0	336.073	60.0928	-14.5551	-746.977	60.0928	-14.5551	-746.977	
11782	14704	111.413	295.42	110.998	-99999	89.051	-0.970103	1	1	1	0	0	-127.625	-97.994	129.712	23.7422	756.994	767.629	-99.8161	-88.2545	-70.0885	130.07	75.8273	23.7043	756.949	761.801	767.634	4.25785	6	0	76.2266	89.0746	43.3445	760.034	89.0746	43.3445	760.034	
11780	7027	302.546	726.483	301.54	93.6856	95.865	-0.878885	1	1	1	1	1	-342.633	-154.09	132.959	-94.9042	748.261	728.731	-343.099	-263.867	-154.09	133.835	5.16494	-94.9042	748.323	746.874	728.731	6.73656	8	0	77.7948	95.8941	-3.66838	737.054	95.8941	-3.66838	737.054	
11786	653	301.013	727.516	300.998	-99999	19.863	-0.982975	1	1	1	1	1	-264.971	-283.035	133.03	-164.544	793.375	819.945	-264.994	-283.042	-283.058	133.03	-15.8212	-164.544	793.375	805.411	819.945	6.60884	6	0	77.0466	19.8966	-26.1312	781.65	19.8966	-26.1312	781.65	
11774	3507	88.3473	192.671	87.3735	-99999	66.713	-0.902124	1	1	1	0	0	-120.27	-82.2988	129.944	51.4257	125.374	130.483	-99.6317	-80.655	-61.2307	130.474	90.656	51.0836	125.345	127.718	130.495	4.21108	7	0	43.0445	66.7175	25.9442	130.487	66.7175	25.9442	130.487	
11786	20289	217.878	623.048	154.961	-99999	9.673	-0.607186	1	1	1	1	1	-142.566	-257.755	129.46	35.8342	-761.236	-717.504	-140.157	-220.188	-303.595	131.486	64.511	2.09601	-762.352	-731.751	-699.96	4.65468	9	0	71.4441	9.70767	-12.9753	-690.638	9.70767	-12.9753	-690.638	
11786	20829	438.611	1197.93	431.811	-99999	5.348	-0.740331	1	1	1	1	1	-336.499	-331.315	129.321	-170.62	872.768	563.001	-336.432	-332.747	-331.326	134.263	-17.5008	-170.666	877.217	719.403	562.936	4.346	7	0	93.0959	5.38281	-16.9189	711.387	5.38281	-16.9189	711.387	
11786	22269	244.707	629.809	244.484	-99999	110.881	-0.965999	0	0	0	0	0	-324.286	-345.663	133.714	-100.762	-184.456	-121.864	-324.413	-339.003	-345.762	133.714	15.2942	-100.959	-184.456	-157.645	-121.813	11.4686	11	0	120.931	54.7334	-35.0541	-814.694	-33.4666	-2.28186	-196.978	
11797	28611	99.7213	269.545	98.0683	-99999	70.573	-0.908907	1	1	1	0	0	-292.41	-312.609	132.898	42.2906	620.367	649.426	-292.448	-298.511	-313.142	133.232	86.7744	41.116	620.221	636.984	649.679	5.92317	13	0	82.278	70.6062	30.2766	645.019	70.6062	30.2766	645.019	
11797	29061	332.998	811.49	331.189	-33.0112	-33.061	-0.851681	1	1	1	1	1	-126.718	-310.163	133.581	-135.675	575.375	520.716	-126.718	-220.621	-311.027	133.581	-0.228534	-137.24	575.375	545.054	520.704	4.35874	8	0	78.3326	-33.033	-33.6608	544.332	-33.033	-33.6608	544.332	
11776	4413	55.3722	156.329	53.6795	-99999	12.423	-0.90082	1	0	0	0	0	-201.707	-183.544	133.279	83.0406	-745.169	-744.068	-197.816	-188.324	-178.939	133.279	107.457	81.5128	-745.169	-742.367	-744.147	5.09337	8	0	77.394	12.4561	28.2995	-729.925	12.4561	28.2995	-729.925	
11789	5516	309.41	732.16	308.876	-99999	57.401	-0.894727	1	1	1	1	1	-214.035	-79.1925	131.908	-145.924	-740.397	-737.454	-196.298	-129.459	-61.2178	132.383	-7.10835	-145.924	-740.407	-737.904	-737.454	4.25989	7	0	65.779	57.42	-45.6396	-736.354	57.42	-45.6396	-736.354	
11795	2647	124.438	294.552	124.436	-99999	53.632	-0.708627	1	1	1	0	0	-260.414	-340.433	129.27	39.5115	335.3	366.981	-260.476	-300.479	-340.495	129.27	84.4671	39.5115	335.3	351.522	366.981	5.23563	6	0	50.5353	53.6544	22.5382	369.07	53.6544	22.5382	369.07	
11781	2300	314.633	918.097	305.759	-99999	51.283	-0.998825	1	1	1	1	1	-286.742	-258.327	133.468	-170.934	252.545	249.87	-286.801	-272.362	-257.533	133.468	-23.1595	-179.751	252.545	251.279	249.715	6.06311	7	0	192	51.3112	-23.5504	254.94	51.3112	-23.5504	254.94	
11795	8986	165.922	409.041	165.738	-99999	34.691	-0.740448	1	1	1	1	0	-310.063	-222.332	133.033	13.2437	337.497	409.859	-310.186	-267.092	-222.372	133.169	74.5613	13.2437	337.41	377.231	409.859	6.2112	10	0	77.1072	34.7281	20.7765	383.613	34.7281	20.7765	383.613	
11775	4800	208.242	634.283	208.24	-99999	82.744	-0.978056	1	1	1	1	1	-178.292	-235.915	133.707	-66.146	-756.355	-765.826	-152.381	-180.986	-210.004	133.707	33.7467	-66.146	-756.355	-761.377	-765.826	5.57748	9	0	101.131	82.778	-21.7935	-740.234	82.778	-21.7935	-740.234	
11797	74211	145.877	428.719	145.462	-99999	25.966	-0.931958	1	1	1	1	1	-229.831	-219.689	130.477	-9.06952	-81.0672	-59.0566	-229.889	-218.769	-219.752	130.64	60.9415	-9.1937	-81.1312	-63.4599	-59.038	11.9155	7	0	117.425	27.2817	-8.56633	-258.254	27.2817	-8.56633	-258.254	
11797	75201	318.122	755.154	317.267	-99999	112.365	-0.958788	0	0	0	0	0	-346.358	-323.036	133.019	-168.069	-639.633	-723.907	-346.456	-338.839	-323.164	133.503	-13.4945	-168.069	-639.488	-697.456	-723.907	4.59873	11	0	82.228	-0.221344	-26.6125	-656.913	-0.221344	-26.6125	-656.913	
11797	95704	342.096	791.36	336.15	32.9902	33.424	-0.804126	1	1	1	1	1	-219.227	-176.561	131.974	-147.868	450.748	275.612	-219.306	-185.881	-177.021	132.402	-7.16498	-150.403	451.058	358.265	270.898	9.28592	10	0	98.1276	33.4467	-31.2446	342.373	33.4467	-31.2446	342.373	
11797	25364	287.014	797.046	282.332	280.299	27.259	-0.743297	0	0	0	0	0	-250.289	-188.116	129.291	-82.277	660.589	485.476	-251.403	-218.073	-188.116	132.783	23.533	-82.277	663.479	576.753	485.476	7.42173	14	0	104.816	-10.412	60.6411	-645.667	70.488	14.347	334.529	
11782	1921	267.023	624.253	266.494	92.2864	95.246	-0.757076	1	1	1	1	1	-90.6009	-269.967	133.253	-53.1328	-645.331	-585.889	-90.3065	-176.435	-269.996	133.622	35.346	-53.1578	-645.424	-618.284	-585.878	4.48812	9	0	75.8315	97.0246	-70.601	-680.03	97.0246	-70.601	-680.03	
11795	25643	293.061	696.419	291.492	-99999	77.499	-0.920312	1	1	1	1	1	-232.314	-130.442	128.113	-127.07	24.6436	-57.2972	-208.077	-147.559	-106.029	128.191	-2.75454	-128.35	24.6539	1.22736	-57.8549	10.3861	17	0	109.344	77.5263	-42.031	-18.9922	77.5263	-42.031	-18.9922	
11789	15170	270.045	639.593	269.108	-99999	38.751	-0.946081	1	1	1	1	1	-292.758	-321.077	133.45	-119.61	352.566	427.337	-292.802	-306.085	-321.417	133.45	3.78327	-120.455	352.566	386.806	427.397	4.1843	8	0	76.7223	38.7748	-27.4127	398.15	38.7748	-27.4127	398.15	
11789	6455	139.958	369.325	139.207	-99999	22.318	-0.86519	1	1	1	0	0	-147.444	-80.2652	132.842	12.1656	-707.997	-699.867	-140.698	-107.969	-73.1707	133.265	72.1735	11.9388	-708.067	-698.501	-699.921	7.98898	10	0	97.5596	22.3248	24.3207	-702.68	22.3248	24.3207	-702.68	
11786	2602	320.133	882.768	305.069	96.3823	95.957	-0.947357	1	1	1	1	0	-202.871	-275.45	129.245	-166.939	881.063	884.795	-202.595	-240.218	-278.484	130.121	-25.3551	-180.659	881.249	882.257	885.563	4.1701	8	0	59.6931	95.9939	-27.9857	803.964	95.9939	-27.9857	803.964	
11786	24005	108.041	246.486	105.418	-99999	47.659	-0.985061	0	0	0	0	0	-114.362	-147.875	128.882	30.9837	324.595	330.738	-99.3282	-109.332	-133.83	129.764	77.0982	29.538	324.495	330.316	330.42	5.9215	8	0	71.4309	85.1983	41.7324	851.117	8.86835	32.2797	255.764	
11786	25355	405.649	981.074	405.187	74.5712	75.119	-0.588499	1	1	1	1	1	-146.69	-325.666	133.126	-104.732	-228.694	44.7601	-146.606	-239.129	-325.817	133.252	14.7668	-104.889	-228.843	-92.9193	44.8672	4.68939	11	0	76.2635	75.1569	-28.7258	-54.6939	75.1569	-28.7258	-54.6939	
11782	7599	312.292	785.738	311.718	-99999	-7.74	-0.775271	1	1	1	1	1	-91.4691	-301.472	133.354	-95.7971	-125.589	-105.658	-91.1271	-195.185	-301.472	133.783	17.8298	-95.7971	-125.63	-115.379	-105.658	7.77152	6	0	62.084	-7.70664	-36.2056	-115.259	-7.70664	-36.2056	-115.259	
11782	7869	424.846	1155.68	424.739	-99999	84.515	-0.549176	1	1	1	1	1	-214.832	-323.045	129.617	-108.389	341.683	674.901	-214.91	-260.648	-323.141	129.674	8.23185	-108.389	341.598	509.621	674.901	5.36262	14	0	110.154	84.5552	-33.159	561.587	84.5552	-33.159	561.587	
11789	25373	275.901	935.529	275.101	-99999	81.05	-0.566977	1	1	1	1	1	-293.734	-217.205	133.232	-23.0478	499.379	712.12	-293.958	-255.087	-217.21	133.548	54.2837	-23.1722	498.937	604.86	712.303	7.66445	13	0	95.9652	81.0895	4.63245	617.275	81.0895	4.63245	617.275	
11761	1429	63.3599	167.633	62.1132	-99999	47.611	-0.910493	1	1	0	0	0	-100.018	-76.2895	132.497	75.3459	-173.003	-167.678	-85.5713	-73.3925	-61.3325	133.513	104.399	75.2282	-173.09	-170.334	-167.673	7.40118	9	0	68.8538	47.8207	78.2043	-173.841	47.8207	78.2043	-173.841	
11797	43691	136.782	367.549	135.468	-99999	-8.64	-0.959005	1	1	1	1	1	-227.077	-236.496	133.067	3.44797	249.86	286.529	-227.068	-229.585	-236.76	133.067	67.4132	2.17784	249.86	268.623	286.599	5.79671	8	0	85.827	-0.71432	-50.0447	-214.723	-0.71432	-50.0447	-214.723	
11797	44411	148.954	370.361	148.402	-99999	51.977	-0.772082	1	1	1	1	1	-354.41	-305.509	-12.3995	-120.978	711.571	798.652	-354.643	-330.374	-305.569	-11.9817	-70.2076	-120.978	711.259	750.819	798.652	5.20675	16	0	83.9964	51.9951	-16.1276	289.008	80.7751	-47.6612	737.461	
11797	18121	118.953	310.015	118.945	-99999	-13.043	-0.980092	1	1	1	1	1	-245.763	-228.441	133.48	19.1968	137.992	163.107	-245.748	-235.576	-228.426	133.48	75.4519	19.1968	137.992	145.909	163.107	4.25115	13	0	84.8293	-13.0098	10.5444	158.245	-13.0098	10.5444	158.245	
11797	19291	340.747	815.066	339.359	18.2186	16.137	-0.744252	1	1	1	1	1	-339.531	-114.114	133.221	-101.82	-388.625	-476.611	-340.384	-234.65	-114.114	134.244	7.20199	-101.82	-388.287	-429.428	-476.611	4.4777	9	0	61.9385	16.173	-14.7731	-434.101	16.173	-14.7731	-434.101	
11797	89658	208.988	425.177	208.851	-621.626	84.392	-0.946303	0	0	0	0	0	-169.293	-254.928	132.862	-56.0433	845.208	844.415	-169.25	-206.11	-254.928	132.983	35.2927	-56.0433	845.203	848.423	844.415	4.0438	6	0	60.3643	-35.0852	-9.51552	663.23	-35.0852	-9.51552	663.23	
11797	42643	145.717	367.658	144.111	-99999	27.923	-0.854343	1	1	1	1	1	-309.422	-236.481	131.921	8.83826	-222.531	-220.502	-310.286	-274.706	-236.513	133.286	70.0906	8.83826	-222.535	-217.6	-220.502	4.02673	8	0	82.784	27.9519	14.6239	-217.089	27.9519	14.6239	-217.089	
11797	12069	123.936	338.445	123.521	-99999	71.091	-0.936037	1	1	1	1	0	-341.101	-310.827	133.438	17.0399	-737.63	-713.919	-341.231	-322.144	-310.85	133.624	76.7356	16.838	-737.678	-722.418	-713.882	5.21375	10	0	82.8534	71.1119	25.8864	-716.469	71.1119	25.8864	-716.469	
11786	25738	345.104	842.955	344.579	-99999	112.565	-0.78289	0	0	0	0	0	-239.468	-317.977	132.983	-154.523	153.457	318.06	-239.596	-283.886	-318.071	132.983	-7.8789	-155.003	153.457	242.512	318.159	4.57126	13	0	94.4236	-999999	-999999	-999999	-999999	-999999	-999999	
11786	366	146.186	4033.72	140.064	-99999	34.169	-0.947506	1	1	1	1	1	-281.974	-279.174	132.558	11.3141	-147.603	-217.413	-282.013	-280.135	-277.625	132.558	69.19	7.81409	-147.603	-183.876	-221.2	584.931	16	0	4030.14	34.2051	-26.6019	-240.697	34.2051	-26.6019	-240.697	
11786	28022	354.084	1017.89	342.76	-99999	110.723	-0.896379	0	0	0	0	0	-344.444	-239.094	132.823	-171.031	62.8293	-55.5583	-344.867	-289.271	-236.1	133.837	-23.005	-180.14	63.2301	2.83627	-58.8349	51.1857	7	0	220.501	-999999	-999999	-999999	-999999	-999999	-999999	
11789	17165	20.1019	80.4356	11.954	105.073	103.103	-0.867801	0	0	0	0	0	-336.73	-330.387	133.829	124.021	-632.166	-632.345	-320.646	-315.368	-310.857	133.829	125.371	119.32	-632.166	-633.019	-626.749	11.3788	16	0	80.4356	-999999	-999999	-999999	-999999	-999999	-999999	
11797	19435	333.026	1390.55	330.641	-45.7268	-44.721	-0.813326	1	1	1	1	1	-153.032	-276.302	133.264	-131.713	-623.41	-470.645	-153.018	-215.138	-277.042	133.307	1.58476	-133.885	-623.435	-543.01	-470.918	8.64229	7	0	96.4964	-44.6957	-27.7046	-525.356	-44.6957	-27.7046	-525.356	
11797	19525	312.791	803.022	309.912	-99999	108.838	-0.97443	0	0	0	0	0	-214.598	-234.515	130.749	-169.129	-480.406	-548.859	-180.495	-185.072	-200.566	132.107	-17.6705	-170.569	-480.094	-523.653	-549.097	5.38656	13	0	101.836	-999999	-999999	-999999	-999999	-999999	-999999	
11797	20335	202.56	600.098	202.218	-99999	88.019	-0.900237	1	1	1	1	1	-173.475	-88.8915	132.172	-50.0346	-395.519	-372.362	-146.058	-103.838	-61.3289	132.477	41.1509	-50.0346	-395.559	-383.974	-372.362	4.45278	6	0	59.7667	88.0144	-17.5592	-377.605	88.0144	-17.5592	-377.605	
11774	8635	348.614	828.019	346.952	-40.4776	-41.199	-0.717313	1	1	1	1	1	-287.887	-179.686	132.617	-102.351	320.086	90.1107	-288.209	-237.316	-179.686	133.815	19.2282	-102.351	321.182	200.442	90.1107	5.82042	15	0	77.778	-44.5021	3.24897	431.312	-27.2021	-23.579	216.342	
11780	21247	273.267	764.631	273.015	-99999	104.186	-0.422244	0	0	0	0	0	-241.14	-135.229	116.22	37.7291	-889.145	-652.33	-208.561	-157.848	-102.543	116.269	63.5175	37.6888	-889.249	-774.139	-652.228	6.38626	9	0	80.1665	87.1811	-40.7863	-771.181	87.1811	-40.7863	-771.181	
11780	21607	208.258	676.078	208.255	-99999	77.622	-0.886579	1	1	1	1	1	-281.865	-346.138	132.793	-51.4107	638.76	711.45	-281.954	-314.337	-346.227	132.793	40.6293	-51.4107	638.76	674.796	711.45	29.0796	17	0	155.122	77.6399	-79.7134	737.408	77.6399	-79.7134	737.408	
11780	17023	137.075	331.985	137.074	-99999	30.612	-0.814863	1	1	1	1	1	-142.099	-215.545	132.938	22.7619	-25.3609	-60.7676	-137.289	-173.928	-210.735	132.938	77.8072	22.7619	-25.3609	-43.0946	-60.7676	4.77424	10	0	51.6377	40.4081	-10.3753	789.629	-7.02187	-17.47	-273.844	
11780	17945	207.397	509.872	207.197	-99999	115.715	-0.97878	0	0	0	0	0	-340.401	-326.344	133.769	-68.9665	-521.254	-482.124	-340.549	-332.447	-326.477	133.954	32.4294	-68.9665	-521.289	-501.964	-482.124	6.06767	9	0	66.2729	-999999	-999999	-999999	-999999	-999999	-999999	
11797	69017	312.389	664.793	311.781	-621.614	-40.782	-0.875975	0	0	0	0	0	-256.075	-105.57	132.192	-134.786	834.287	777.096	-256.344	-181.228	-105.57	132.724	-1.10722	-134.786	834.391	805.397	777.096	5.13555	10	0	43.9608	-999999	-999999	-999999	-999999	-999999	-999999	
11797	69737	240.603	573.921	237.871	79.3	76.163	-0.818106	1	1	1	1	1	-300.538	-159.275	133.298	-56.3102	-110.023	-132.064	-301.307	-227.173	-158.532	134.411	40.3636	-57.455	-109.981	-120.667	-132.019	4.89367	6	0	81.3475	76.1851	-10.332	-129.148	76.1851	-10.332	-129.148	
11797	73846	220.569	530.631	218.418	-28.3905	-26.598	-0.976986	1	1	1	1	1	-152.369	-222.199	131.624	-72.7591	-325.401	-301.054	-151.913	-184.481	-222.199	133.712	28.6348	-72.7591	-325.427	-319.755	-301.054	4.40786	10	0	82.3305	-26.5694	-10.2703	-316.347	-26.5694	-10.2703	-316.347	
11797	67798	189.512	472.127	188.819	-99999	108.801	-0.885102	0	0	0	0	0	-132.165	-228.152	133.157	-29.2771	-374.632	-380.788	-114.758	-163.244	-211.054	133.775	52.4036	-29.2771	-374.613	-376.833	-380.788	4.34841	6	0	49.1619	-999999	-999999	-999999	-999999	-999999	-999999	
11797	70498	184.335	2292.11	184.113	-99999	109.491	-0.523318	0	0	0	0	0	-95.2854	-244.333	134.361	60.7913	-535.995	-465.131	-60.999	-136.263	-210.21	134.361	88.8226	60.7693	-535.995	-508.628	-464.989	5.87793	8	0	85.0412	-999999	-999999	-999999	-999999	-999999	-999999	
11795	9756	133.718	316.569	131.763	-99999	45.833	-0.675198	1	1	1	0	0	-144.638	-75.7874	133.045	47.7253	-703.394	-630.345	-130.917	-95.9175	-61.0043	133.811	90.049	47.1759	-703.936	-667.492	-629.908	4.82263	6	0	65.5127	45.863	45.0292	-642.798	45.863	45.0292	-642.798	
11795	12996	392.339	997.602	388.776	26.9324	26.666	-0.662724	1	1	1	1	1	-318.639	-154.538	133.496	-133.729	257.318	30.904	-319.017	-228.792	-154.075	134.148	-1.37516	-135.436	257.939	148.763	29.023	6.35094	13	0	85.9606	26.6915	-11.6603	145.938	26.6915	-11.6603	145.938	
11761	1095	288.395	697.318	288.123	-99999	104.625	-0.936609	1	1	1	1	1	-241.055	-160.211	130.224	-135.541	159.725	87.9254	-208.292	-174.593	-127.341	130.224	-4.05907	-135.772	159.725	119.606	87.8394	4.67391	11	0	73.7483	104.657	-32.7249	109.858	104.657	-32.7249	109.858	
11797	83680	142.048	360.46	140.896	-14.4191	-15.43	-0.959881	1	1	1	1	1	-222.999	-191.738	132.207	-2.98812	177.439	157.766	-223.224	-204.065	-191.761	133.076	65.6423	-3.22447	177.543	167.271	157.727	5.33729	10	0	83.6898	-15.4186	-6.54602	-521.078	-3.70865	72.211	198.892	
11780	3342	129.986	297.224	129.128	-295.034	40.279	-0.723729	1	1	1	1	1	-215.125	-162.665	132.792	43.1147	-740.358	-816.308	-215.194	-186.411	-162.434	132.917	89.3323	42.5605	-740.26	-778.732	-816.613	5.48917	14	0	69.766	40.3033	1.48201	-389.281	40.3033	1.48201	-389.281	
11786	26504	143.774	235.321	108.478	-99999	48.454	-0.72424	1	1	1	1	1	-328.935	-327.56	133.397	55.9542	258.476	313.767	-328.99	-330.342	-336.531	133.397	88.8587	49.6691	258.476	297.206	341.238	5.61709	17	0	80.8251	48.493	-9.64003	-671.897	88.553	-74.4911	667.734	
11774	5792	172.312	408.917	172.238	-99999	37.164	-0.859893	1	1	1	1	1	-120.436	-217.328	133.166	-9.21758	21.6049	22.1773	-114.561	-162.996	-211.487	133.229	61.9909	-9.21758	21.6035	22.2544	22.1773	5.73153	8	0	54.898	37.2095	-29.6477	12.1161	37.2095	-29.6477	12.1161	
11797	5667	157.627	429.714	157.185	-99999	115.048	-0.931104	0	0	0	0	0	-220.709	-265.728	133.607	-11.2927	-669.831	-632.202	-220.84	-241.076	-266.114	133.607	59.6716	-11.6489	-669.831	-651.855	-632.172	6.77941	8	0	81.8358	-999999	-999999	-999999	-999999	-999999	-999999	
11761	4453	105.646	246.958	104.643	-99999	113.221	-0.985406	1	1	1	0	0	-110.189	-96.9147	132.052	28.3903	-146.842	-144.815	-74.9029	-67.2847	-61.4602	133.038	80.7945	28.3903	-146.881	-145.237	-144.815	4.21182	11	0	63.5189	113.238	-21.1556	-153.601	-32.6224	0.464146	-158.857	
11781	1336	355.793	924.921	342.858	-16.8186	-13.931	-0.901529	1	1	1	1	1	-134.92	-271.304	132.797	-170.317	-454.613	-537.405	-134.566	-206.879	-275.823	133.678	-22.7556	-180.814	-454.401	-498.447	-540.2	15.2918	9	0	146.1	-13.9036	-27.9514	-503.367	-13.9036	-27.9514	-503.367	
11774	150	224.27	631.192	224.16	87.8956	91.118	-0.882915	1	1	1	1	1	-152.624	-228.577	133.363	-58.0317	-548.901	-463.431	-152.611	-183.138	-228.577	133.455	36.2716	-58.0317	-548.943	-502.189	-463.431	10.9871	8	0	93.1008	91.1354	-9.87922	-489.239	91.1354	-9.87922	-489.239	
11797	37249	371.784	2330.01	371.755	94.5481	96.858	-0.844569	1	1	1	1	1	-287.986	-117.915	133.731	-160.895	793.804	654.533	-287.986	-218.241	-117.915	133.731	-15.8759	-160.895	793.804	708.564	654.533	4.55835	7	0	72.4531	96.8955	-27.9208	697.251	96.8955	-27.9208	697.251	
11780	20336	116.657	341.047	116.655	-99999	102.256	-0.897712	0	0	0	0	0	-179.276	-221.923	130.514	27.1762	323.231	291.001	-147.255	-169.205	-189.902	130.514	78.434	27.1762	323.231	309.34	291.001	4.87866	9	0	112.336	19.3466	24.5177	18.3986	19.3466	24.5177	18.3986	
11797	29339	612.742	1543.08	611.996	112.461	111.804	-0.301515	0	0	0	0	0	-221.148	-113.348	132.571	-89.0401	-804.887	-246.038	-221.211	-172.163	-113.344	132.776	23.5646	-89.0498	-805.569	-523.661	-246.015	4.39611	9	0	79.6535	-999999	-999999	-999999	-999999	-999999	-999999	
11797	47675	39.1383	247.958	34.7713	-99999	93.724	-0.895375	0	0	0	0	0	-279.474	-285.145	131.986	100.428	509.184	496.726	-279.581	-282.006	-287.222	131.986	114.205	96.9762	509.184	501.438	497.952	15.7676	30	0	216.359	87.2517	-67.5804	815.34	-7.40829	-34.623	423.601	
11782	11370	421.621	770.198	296.121	-99999	69.233	-0.975708	1	1	1	1	1	-275.012	-272.256	131.325	-157.981	-581.036	-545.636	-275.146	-255.086	-272.55	131.808	-75.921	-158.299	-581.13	-555.306	-421.175	5.90051	9	0	85.7063	69.2649	-23.9531	-562.898	69.2649	-23.9531	-562.898	
11772	4060	24.647	241.36	20.1827	-99999	21.522	-0.863063	0	0	0	0	0	-234.645	-239.155	128.681	117.906	3.10839	-11.9396	-234.822	-237.235	-238.997	131.01	122.357	117.649	4.46297	-2.67397	-12.7412	11.4523	7	0	87.3347	40.1446	0.530481	-516.371	107.835	-37.1024	-7.6599	
11797	30794	304.868	797.016	304.331	-99999	-27.744	-0.995268	1	1	1	1	1	-286.358	-246.914	132.015	-165.598	120.615	161.602	-286.334	-270.064	-246.688	132.093	-18.9304	-166.007	120.611	132.668	161.655	7.86118	6	0	94.4853	-27.7213	-18.5831	143.208	-27.7213	-18.5831	143.208	
11759	655	35.4511	259.6	31.3335	-99999	56.928	-0.832518	0	0	0	0	0	-274.001	-279.877	132.503	104.835	707.93	719.825	-274.048	-278.751	-280.436	132.528	117.123	100.901	707.93	714.219	719.91	16.3424	8	0	206.129	-999999	-999999	-999999	-999999	-999999	-999999	
11761	5830	322.765	825.207	322.306	23.1981	25.777	-0.822616	1	1	1	1	1	-92.1433	-259.042	132.369	-126.135	-428.204	-334.841	-91.9957	-176.756	-259.143	132.601	3.67188	-126.26	-428.273	-381.933	-334.791	7.62812	8	0	86.355	25.806	-3.9125	-381.676	25.806	-3.9125	-381.676	
11773	9088	46.2506	168.977	43.4644	-99999	-6.192	-0.944395	0	0	0	0	0	-189.471	-177.063	131.427	93.4521	-135.316	-121.93	-191.61	-184.618	-179.058	132.028	110.3	91.7904	-135.391	-131.85	-121.774	5.3686	12	0	107.09	-6.15731	24.2114	-135.251	-6.15731	24.2114	-135.251	
11782	1120	107.685	297.846	107.676	-99999	68.777	-0.816567	1	1	1	1	0	-212.921	-269.096	131.796	43.155	652.337	674.533	-212.996	-244.034	-269.175	131.802	89.1551	43.155	652.336	663.031	674.533	8.52981	10	0	81.5183	73.8157	10.573	669.133	73.8157	10.573	669.133	
11776	3202	236.768	592.558	236.665	-99999	98.117	-0.687162	1	1	1	1	1	-236.667	-136.829	130.57	-23.096	388.826	243.711	-205.985	-146.25	-106.104	130.636	55.9902	-23.096	388.878	319.319	243.711	6.15234	17	0	92.9184	98.1491	-2.29401	285.922	98.1491	-2.29401	285.922	
11776	3382	150.834	352.836	150.536	-99999	-41.164	-0.955243	0	0	0	0	0	-139.66	-85.8336	128.143	-11.233	-475.689	-463.294	-152.571	-128.67	-98.632	128.213	56.8646	-11.4348	-475.695	-473.116	-463.289	4.33295	7	0	82.765	36.177	38.4535	683.001	115.307	53.7626	-221.819	
11795	5792	28.2421	118.729	24.6645	-496.807	29.814	-0.692514	0	0	0	0	0	-256.846	-251.078	132.391	117.295	777.148	760.105	-252.195	-249.193	-245.68	132.391	121.443	114.751	777.148	768.866	757.913	4.24834	20	0	106.204	-0.651962	-37.8853	-792.936	-0.651962	-37.8853	-792.936	
11797	16870	318.523	2068.8	310.481	94.0015	93.202	-0.900995	1	1	1	1	1	-242.696	-169.449	131.458	-136.288	-590.449	-724.66	-242.844	-211.003	-167.886	132.265	-4.59058	-143.179	-590.096	-664.878	-723.785	4.20273	6	0	74.9904	93.2361	-24.0003	-666.69	93.2361	-24.0003	-666.69	
11797	61566	359.506	828.49	357.863	-99999	66.758	-0.644608	1	1	1	1	1	-134.487	-230.724	132.876	-74.8483	-15.2405	258.558	-113.4	-156.656	-209.937	133.736	27.6707	-74.9919	-16.2351	122.154	258.802	5.35089	8	0	81.9021	66.7978	-2.60332	124.072	66.7978	-2.60332	124.072	
11780	10099	319.745	491.6	318.135	75.8962	76.157	-0.908743	1	1	1	1	1	-215.267	-182.037	131.994	-149.639	562.163	423.927	-215.267	-182.867	-182.037	131.994	-12.6137	-149.639	562.163	502.301	423.927	5.74261	12	0	54.2874	76.1874	-34.5209	482.413	34.1774	-0.501139	491.043	
11781	1817	156.548	419.869	155.576	-99999	88.273	-0.969024	1	1	1	0	0	-104.032	-138.389	130.51	-21.059	797.693	801.909	-76.3895	-93.4344	-110.969	130.51	54.2014	-21.9968	797.693	800.759	802.005	14.2178	8	0	108.67	88.2957	26.5385	788.42	88.2957	26.5385	788.42	
11797	23931	340.87	753.697	340.456	-99999	-9.221	-0.833924	1	1	1	1	1	-313.348	-293.121	133.717	-128.891	-619.222	-405.699	-313.337	-304.991	-293.033	133.717	0.415153	-129.165	-619.222	-513.953	-405.44	7.27217	14	0	90.5159	-9.20165	-17.8064	-500.671	-9.20165	-17.8064	-500.671	
11780	21268	304.401	4729.22	304.393	34.0724	33.248	-0.705442	1	1	1	1	1	-92.4885	-282.442	133.305	-82.2471	399.502	491.729	-92.4885	-189.867	-282.442	133.305	30.9408	-82.2471	399.502	455.957	491.729	5.30482	7	0	80.7907	33.2884	-10.9608	458.247	33.2884	-10.9608	458.247	
11786	20537	463.34	1087	462.528	-99999	-13.478	-0.324418	1	1	1	1	1	-266.461	-273.899	125.465	-167.692	213.882	559.576	-266.441	-272.387	-273.802	125.576	-19.0949	-167.92	213.557	386.969	559.909	7.49636	15	0	85.8572	-13.4456	-31.2451	402.562	-13.4456	-31.2451	402.562	
11786	21527	134.489	350.447	134.146	-99999	67.509	-0.960588	1	1	1	1	0	-248.424	-271.029	133.346	3.5986	-116.587	-99.388	-248.501	-263.266	-271.118	133.346	69.0081	3.29362	-116.587	-103.913	-99.3502	7.38027	9	0	111.566	69.1898	-28.1132	-171.209	69.1898	-28.1132	-171.209	
11789	16690	343.156	796.248	342.92	29.413	28.754	-0.903663	1	1	1	1	1	-90.7408	-259.888	133.117	-154.009	544.385	617.323	-90.6647	-171.558	-259.888	133.328	-15.2554	-154.009	544.362	572.505	617.323	6.39366	8	0	78.766	28.7873	-20.2232	575.325	28.7873	-20.2232	575.325	
11795	28972	276.411	734.322	272.767	-38.9685	-39.166	-0.828785	1	1	1	1	1	-140.001	-258.206	132.746	-91.6346	339.045	430.721	-139.894	-207.919	-258.533	132.955	22.0007	-93.4715	338.962	385.242	433.501	5.32398	36	0	136	-39.1362	-21.4026	389.872	-39.1362	-21.4026	389.872	
11797	90144	179.335	432.581	178.825	-99999	107.838	-0.973449	0	0	0	0	0	-328.89	-337.582	133.337	-40.7719	668.923	705.848	-329.013	-332.616	-337.836	133.337	45.7101	-41.2191	668.923	687.335	705.875	5.85645	6	0	79.7072	45.6006	24.3399	247.286	45.6006	24.3399	247.286	
11797	44350	191.712	461.636	190.71	-99999	12.165	-0.854304	1	1	1	1	1	-65.174	-167.48	77.8569	-80.9125	-351.162	-332.105	-61.0194	-111.641	-163.803	78.4222	-1.75302	-81.2174	-351.209	-337.57	-332.15	10.3236	13	0	88.9196	12.1795	19.2623	-350.726	12.1795	19.2623	-350.726	
11797	44890	126.18	392.636	125.248	-99999	64.886	-0.958332	1	1	1	1	0	-296.325	-263.232	132.826	15.8619	-121.501	-93.7413	-296.545	-284.277	-263.232	133.557	73.3999	15.7114	-121.657	-107.176	-93.7374	7.22517	7	0	94.2893	64.9098	14.5253	-103.257	64.9098	14.5253	-103.257	
11795	2129	251.872	671.122	251.577	-99999	68.432	-0.963098	1	1	1	1	1	-241.159	-220.962	132.404	-110.81	-471.665	-411.357	-241.26	-229.685	-221.04	132.68	10.4046	-110.81	-471.739	-444.07	-411.357	6.84242	7	0	47.8019	68.4532	-27.2878	-430.211	68.4532	-27.2878	-430.211	
11780	14534	323.4	873.302	320.52	-99999	20.403	-0.743616	1	1	1	1	1	-315.471	-310.608	132.27	-171.421	-375.973	-475.721	-315.381	-314.067	-310.602	134.039	-17.8116	-171.721	-374.283	-426.828	-475.761	6.22118	7	0	115.341	26.3041	26.0695	523.633	75.3041	-23.0484	-640.962	
11780	14225	335.8	1269.19	335.289	95.1134	95.954	-0.894213	1	1	1	1	1	-201.498	-327.44	132.251	-165.128	-64.0294	-152.844	-201.45	-264.127	-327.606	132.404	-16.3001	-165.411	-63.9761	-110.284	-152.837	4.1643	14	0	356.337	95.9731	-54.2722	-131.248	95.9731	-54.2722	-131.248	
11780	16565	29.6535	70.9664	29.6417	-99999	100.717	-0.944441	1	1	0	0	0	-101.582	-92.8943	129.623	101.472	421.646	424.898	-70.0469	-65.5793	-61.3553	129.634	115.597	101.472	421.645	423.331	424.898	6.52572	7	0	49.2567	100.737	62.4815	424.839	100.737	62.4815	424.839	
11789	22783	160.125	435.97	158.899	-17.1795	-16.319	-0.969873	1	1	1	1	1	-156.128	-219.903	132.266	-9.85892	-262.092	-238.421	-155.858	-184.263	-219.903	133.445	59.1857	-9.85892	-262.187	-254.42	-238.421	7.41803	11	0	91.7275	-16.2838	4.52797	-249.371	-16.2838	4.52797	-249.371	
11782	9454	393.632	962.773	393.143	-99999	-48.285	-0.821212	1	1	1	1	1	-293.87	-267.212	132.797	-158.863	254.532	515.01	-293.819	-283.603	-267.157	133.052	-16.2307	-158.975	254.353	381.779	515.135	9.21721	14	0	85.7788	-48.245	-24.7361	391.408	-48.245	-24.7361	391.408	
11795	18218	71.7566	206.95	71.2673	-99999	41.388	-0.917516	1	0	0	0	0	-255.114	-228.688	132.283	66.182	-673.16	-672.606	-255.349	-240.998	-228.736	132.733	99.8889	66.182	-673.194	-671.856	-672.606	4.47247	9	0	75.4015	41.418	29.6957	-648.266	41.418	29.6957	-648.266	
11782	337	184.673	431.751	182.504	-99999	-29.147	-0.902347	1	1	1	1	1	-151.768	-112.918	129.907	-41.9112	363.354	405.774	-160.921	-132.791	-122.049	129.97	44.9024	-43.8695	363.339	385.258	406.482	5.0858	6	0	77.5318	-29.1199	-4.02751	388.531	-29.1199	-4.02751	388.531	
11795	17977	625.817	1491.99	624.642	-35.5272	-36.431	-0.456366	1	1	1	1	1	-200.773	-315.186	132.991	-123.474	-611.813	-59.7759	-200.773	-272.862	-314.779	132.991	2.00321	-124.087	-611.813	-337.136	-58.8895	4.3094	16	0	67.827	-36.386	-33.3282	-265.353	-36.386	-33.3282	-265.353	
11795	12195	230.952	604.619	230.629	-99999	18.257	-0.916158	1	1	1	1	1	-93.6265	-177.622	130.473	-82.1633	292.899	320.285	-87.8222	-131.024	-171.951	130.663	25.0145	-82.262	292.903	309.359	320.288	10.3791	7	0	86.312	18.2832	-8.52081	305.898	18.2832	-8.52081	305.898	
11795	6234	279.356	609.939	277.821	-99999	78.706	-0.882434	1	1	1	1	1	-277.688	-268.183	133.057	-96.3343	250.963	398.708	-277.778	-270.797	-267.905	133.057	17.8576	-97.3335	250.963	328.31	399.561	6.14105	13	0	88.072	78.7389	-19.2569	338.343	78.7389	-19.2569	338.343	
11761	7228	95.1145	218.961	75.1445	-99999	-13.229	-0.636415	1	1	1	1	1	-180.274	-122.788	131.199	83.2853	-603.532	-596.931	-184.988	-148.336	-112.191	131.675	101.648	71.062	-603.596	-599.541	-595.284	6.20466	6	0	64.711	-13.2166	39.8951	-593.163	-13.2166	39.8951	-593.163	
11780	2165	301.34	768.826	300.687	-99999	19.105	-0.972825	1	1	1	1	1	-301.251	-282.02	133.85	-151.49	367.655	443.645	-301.276	-278.196	-282.105	133.876	-10.9088	-152.048	367.65	401.623	443.756	16.5296	12	0	107.326	19.1303	-21.2518	402.201	19.1303	-21.2518	402.201	
11780	2975	31.5419	75.6974	30.9397	102.987	101.198	-0.787754	0	0	0	0	0	-351.474	-332.651	-32.0403	-54.7519	747.166	750.815	-335.687	-325.264	-316.753	-32.0403	-43.3637	-55.0368	747.166	746.92	750.848	4.22555	15	0	49.8139	19.9534	-36.8964	-794.689	-0.166649	-21.0149	-346.688	
11797	8348	277.063	667.545	274.366	84.7713	81.887	-0.923229	1	1	1	1	1	-298.408	-190.255	133.419	-117.285	163.413	165.267	-298.89	-241.244	-190.048	134.643	9.26412	-118.607	163.347	173.353	164.952	4.37804	14	0	82.4455	81.9151	-10.5735	172.973	81.9151	-10.5735	172.973	
11797	8438	136.546	368.07	134.459	-99999	108.997	-0.964867	0	0	0	0	0	-242.547	-219.616	131.296	2.02098	284.128	255.723	-242.815	-230.77	-219.636	132.565	67.0851	1.2618	284.437	269.416	255.753	7.38626	8	0	86.9631	73.2223	-0.600922	768.597	73.2223	-0.600922	768.597	
11795	19757	245.859	598.754	244.853	-99999	115.946	-0.947631	0	0	0	0	0	-357.821	-300.453	134.763	-101.92	373.521	384.917	-358.273	-323.634	-300.585	135.711	17.8967	-101.92	373.572	372.141	384.917	4.15268	11	0	77.3903	61.3881	-25.5742	-144.914	61.3881	-25.5742	-144.914	
11795	20297	257.383	642.375	257.283	-31.5913	-30.158	-0.836561	1	1	1	1	1	-215.289	-75.4317	132.252	-46.1912	435.382	320.859	-215.33	-142.172	-75.4317	132.325	40.2433	-46.1912	435.404	383.617	320.859	8.09735	13	0	83.9019	-30.1201	-18.3615	355.964	-30.1201	-18.3615	355.964	
11781	2106	36.1716	139.552	32.5629	-99999	20.446	-0.790148	0	0	0	0	0	-340.701	-343.544	133.243	105.364	172.269	188.564	-340.724	-342.18	-344.774	133.243	117.464	102.482	172.269	180.795	190.248	5.97958	27	0	108.623	17.5949	-44.0283	-304.474	99.6949	19.827	-267.349	
11782	5942	339.434	781.569	337.361	-19.329	-16.635	-0.785856	1	1	1	1	1	-87.6628	-296.162	133.156	-125.128	-639.476	-598.158	-87.1264	-194.878	-296.964	133.862	3.87949	-125.838	-639.581	-623.231	-597.676	4.77351	10	0	71.6744	-16.5886	-13.268	-618.404	-16.5886	-13.268	-618.404	
11797	31753	277.53	696.364	277.286	70.245	71.814	-0.896137	1	1	1	1	1	-145.944	-290.403	132.549	-101.415	-238.586	-257.033	-145.842	-214.573	-290.403	132.762	12.8096	-101.415	-238.564	-248.974	-257.033	4.01455	9	0	95.8959	71.842	-27.9665	-249.826	71.842	-27.9665	-249.826	
11774	753	91.5011	312.358	90.4024	57.9925	58.788	-0.903933	1	1	0	0	0	-199.747	-231.075	131.723	47.4586	-471.295	-472.076	-199.617	-217.692	-231.215	131.998	90.2054	46.6824	-471.278	-474.554	-472.043	5.81947	9	0	144.816	58.828	16.9879	-463.699	58.828	16.9879	-463.699	
11795	18913	285.905	719.214	285.214	-27.9771	-28.257	-0.633695	1	1	1	1	1	-269.343	-123.334	132.43	-44.109	837.787	670.021	-269.46	-189.151	-123.197	132.57	44.6151	-44.4173	837.911	758.946	669.698	5.11714	15	0	77.9212	-28.2266	-13.4924	709.445	-28.2266	-13.4924	709.445	
11797	56684	150.893	413.805	147.777	-398.866	-46.526	-0.619139	1	1	1	1	1	-253.862	-157.989	130.662	43.1988	351.264	281.928	-255.912	-205.332	-157.989	132.587	88.1348	43.1988	352.597	318.753	281.928	4.62072	8	0	60.8618	-46.5013	-17.2389	167.762	40.5887	-8.55431	349.171	
11761	7292	314.421	748.514	313.105	65.1255	64.01	-0.948011	1	1	1	1	1	-231.811	-129.342	131.54	-160.139	567.838	527.824	-232.028	-182.653	-129.105	132.208	-16.5733	-160.697	567.874	558.267	527.827	4.87584	8	0	79.0962	64.0375	-39.0285	550.416	64.0375	-39.0285	550.416	
11786	30874	33.7491	134.07	33.474	-99999	116.262	-0.943161	0	0	0	0	0	-107.272	-97.7095	131.887	100.13	-244.152	-248.6	-70.9425	-66.0088	-61.3027	132.14	116.181	100.13	-244.102	-246.46	-248.6	21.552	10	0	99.5014	-999999	-999999	-999999	-999999	-999999	-999999	
11795	23231	64.8182	175.606	64.0116	-99999	39.201	-0.914186	1	1	1	1	1	-217.063	-222.269	132.098	74.6937	-618.351	-646.125	-204.757	-207.696	-209.998	132.765	103.477	74.6277	-618.06	-631.604	-646.163	13.204	14	0	52.2073	39.2234	-21.0943	-674.985	39.2234	-21.0943	-674.985	
11789	10642	258.997	597.245	252.856	80.6465	79.944	-0.750482	1	1	1	1	1	-201.642	-237.48	130.329	-56.3151	-709.325	-544.942	-201.603	-218.882	-238.268	133.176	40.8247	-57.8457	-711.84	-623.032	-543.416	5.23264	14	0	102.237	79.9847	-13.5349	-594.814	79.9847	-13.5349	-594.814	
11780	5081	192.99	387.429	171.366	43.6839	46.458	-0.454423	1	1	1	1	1	-218.842	-86.4374	133.013	65.6548	416.578	331.737	-219.217	-145.836	-70.2389	133.255	93.7994	56.7985	416.878	368.646	321.632	5.19396	9	0	51.3666	46.423	29.922	347.001	46.423	29.922	347.001	
11780	6521	99.2476	223.684	97.9278	-99999	75.354	-0.977633	1	1	1	0	0	-92.7671	-84.8257	129.07	32.0625	140.135	150.668	-69.3159	-65.1183	-61.2258	130.316	81.2437	32.0238	139.892	145.875	150.672	5.49957	6	0	56.969	75.3646	-22.2096	157.018	75.3646	-22.2096	157.018	
11772	1571	188.274	383.881	183.308	-99999	54.838	-0.964414	1	1	1	1	0	-88.0195	-93.532	132.819	-42.3935	7.6785	54.5284	-70.8833	-71.7206	-75.5083	133.267	41.9064	-44.5105	7.55528	28.9209	57.9309	4.4149	6	0	54.5235	54.8649	15.3579	27.9934	54.8649	15.3579	27.9934	
11797	32231	21.686	90.0185	21.386	-99999	79.754	-0.777437	0	0	0	0	0	-335.606	-342.804	133.729	115.903	-213.748	-204.517	-335.697	-339.611	-342.953	133.729	124.973	115.628	-213.748	-208.715	-204.422	4.91175	11	0	85.8874	79.7751	69.5453	-202.187	79.7751	69.5453	-202.187	
11797	47726	397.182	4770.12	392.061	60.6732	59.121	-0.779871	1	1	1	1	1	-318.722	-149.166	133.521	-156.787	-553.338	-752.851	-318.89	-238.508	-148.017	133.858	-17.1221	-159.814	-553.125	-653.525	-756.233	4.01989	15	0	81.2927	59.156	-10.1616	-640.553	59.156	-10.1616	-640.553	
11786	10493	101	253.235	101	-99999	83.146	-0.71171	1	1	1	1	1	-260.203	-315.394	133.712	63.8412	97.7975	145.461	-260.298	-287.916	-315.489	133.712	98.8609	63.8412	97.7975	121.724	145.461	5.53292	12	0	62.5091	83.1843	15.613	166.018	83.1843	15.613	166.018	
11797	62717	116.839	305.186	116.834	-99999	53.157	-0.776253	1	0	0	0	0	-268.035	-338.035	133.116	44.4957	824.85	852.399	-268.096	-302.943	-338.096	133.116	87.4947	44.4957	824.85	835.575	852.399	4.02283	13	0	92.1427	53.1862	44.0022	825.135	53.1862	44.0022	825.135	
11795	18453	213.214	503.043	212.405	-99999	-45.464	-0.973174	1	1	1	0	0	-302.493	-263.758	130.898	-75.2844	818.274	842.001	-302.563	-283.684	-263.698	131.575	26.7501	-75.3855	818.153	820.472	842.001	6.36012	10	0	93.2492	-45.4306	0.176297	797.177	-45.4306	0.176297	797.177	
11782	7241	224.066	598.401	221.182	-99999	42.607	-0.191416	1	1	1	1	1	-180.687	-74.8432	133.411	78.9376	-802.318	-615.977	-167.553	-113.522	-60.6799	133.47	106.129	78.2644	-802.567	-708.378	-613.683	5.60505	8	0	55.2441	42.6247	70.5218	-635.622	42.6247	70.5218	-635.622	
11797	19356	225.774	577.429	225.576	26.9317	26.941	-0.752827	1	1	1	1	1	-190.084	-287.529	132.575	-19.4274	492.26	624.15	-190.003	-243.478	-287.529	132.719	52.896	-19.4274	492.164	551.146	624.15	4.74161	16	0	71.6381	26.9708	-6.97664	586.65	-47.8392	62.1568	555.518	
11797	35515	299.398	774.591	298.305	75.8112	76.187	-0.808831	1	1	1	1	1	-268.864	-102.869	132.76	-107.731	-845.763	-816.273	-269.477	-181.961	-102.869	133.64	15.474	-107.731	-845.928	-818.067	-816.273	17.6146	8	0	84.7097	76.2129	-34.9273	-785.419	76.2129	-34.9273	-785.419	
11773	2846	260.052	646.07	253.871	68.291	68.619	-0.924996	1	1	1	1	1	-223.696	-151.13	132.131	-87.442	324.582	223.803	-224.015	-185.057	-150.373	133.434	19.4839	-91.1427	324.998	276.234	220.899	4.83343	20	0	86.8833	68.6565	-24.587	259.583	68.6565	-24.587	259.583	
11797	86807	294.619	715.806	294.228	-99999	15.793	-0.944072	1	1	1	1	1	-77.7281	-159.862	130.224	-151.64	224.095	225.108	-72.7826	-119.863	-155.04	130.224	-9.2384	-152.005	224.095	226.126	225.087	8.23424	6	0	103.27	15.805	-7.1761	221.437	15.805	-7.1761	221.437	
11782	6258	218.276	611.072	217.82	112.736	113.037	-0.942017	0	0	0	0	0	-217.145	-159.027	131.415	-71.8091	731.514	682.413	-217.243	-194.017	-159.027	131.84	28.0755	-71.8091	731.625	707.618	682.413	8.53243	7	0	115.659	-999999	-999999	-999999	-999999	-999999	-999999	
11782	3101	298.545	689.579	298.452	61.2355	59.241	-0.866486	1	1	1	1	1	-267.385	-97.8735	133.873	-104.593	100.915	143.504	-267.412	-189.294	-97.8735	133.951	10.5386	-104.593	100.9	131.401	143.504	9.26844	6	0	74.3182	59.2735	-34.6428	133.925	59.2735	-34.6428	133.925	
11797	76891	187.589	478.274	183.305	31.1662	31.709	-0.675993	1	1	1	1	1	-251.026	-166.79	129.396	7.53281	-476.622	-583.004	-252.91	-208.289	-166.79	132.307	67.3923	7.53281	-474.114	-524.683	-583.004	6.09161	11	0	78.2844	31.7462	11.2018	-538.759	31.7462	11.2018	-538.759	
11797	88615	183.706	450.592	183.418	-99999	74.291	-0.854375	1	1	1	1	1	-221.777	-134.397	126.89	-33.5039	605.729	619.959	-210.246	-164.173	-122.723	127.135	48.2919	-33.5039	605.69	615.127	619.959	5.47204	6	0	71.7698	79.7807	-26.7673	-783.74	36.5907	-45.5155	28.8582	
11797	47662	637.796	1592.01	637.465	89.5746	90.309	-0.507874	1	1	1	1	1	-119.953	-338.107	133.149	-155.085	481.062	-39.1285	-119.947	-226.748	-338.155	133.161	-35.8481	-155.215	481.081	232.752	-39.3904	5.32482	8	0	76.3144	90.3528	-35.1671	184.072	90.3528	-35.1671	184.072	
11789	5516	309.41	732.16	308.876	-99999	57.401	-0.894727	1	1	1	1	1	-214.035	-79.1925	131.908	-145.924	-740.397	-737.454	-196.298	-129.459	-61.2178	132.383	-7.10835	-145.924	-740.407	-737.904	-737.454	4.25989	7	0	65.779	57.42	-45.6396	-736.354	57.42	-45.6396	-736.354	
11797	3657	473.152	1154.14	473.006	101.24	101.341	-0.684726	0	0	0	0	0	-88.1096	-223.057	133.145	-143.528	115.487	471.178	-88.0897	-142.658	-223.057	133.243	-17.2535	-143.528	115.387	289.431	471.178	4.19072	15	0	89.3423	-21.5492	-54.1743	-590.029	-21.5492	-54.1743	-590.029	
11772	4832	256.604	537.715	256.171	-99999	92.879	-0.764757	1	1	1	0	0	-289.766	-311.566	43.9356	-153.744	-893.483	-732.931	-289.848	-305.265	-311.696	44.0983	-56.4755	-153.883	-893.622	-815.753	-732.784	5.7345	14	0	76.9667	92.9134	-38.4511	-781.784	92.9134	-38.4511	-781.784	
11772	8432	36.44	136.446	35.7468	-99999	-8.104	-0.968488	0	0	0	0	0	-65.5292	-71.778	130.024	96.4751	703.001	694.779	-68.0513	-70.1925	-74.6079	130.176	112.344	96.2128	703.048	700.566	694.613	4.13919	18	0	92.2542	-8.07134	51.6892	698.981	-8.07134	51.6892	698.981	
11789	12046	267.313	2608.47	267.276	-99999	23.992	-0.470312	1	1	1	1	1	-87.3688	-73.2382	132.884	-94.5198	-310.243	-188.556	-79.8558	-72.9712	-65.7253	132.884	18.6759	-94.5198	-310.243	-248.736	-188.556	30.3596	18	0	134.272	24.0235	-33.0867	-198.884	24.0235	-33.0867	-198.884	
11797	97143	283.599	1461.02	283.23	-99999	97.113	-0.955503	1	1	1	1	1	-147.889	-240.591	133.052	-131.394	163.102	194.857	-117.478	-165.58	-210.18	133.052	0.718349	-131.394	163.102	179.751	194.857	36.4504	8	0	668.437	97.1202	-18.6385	181.933	97.1202	-18.6385	181.933	
11797	89741	346.027	804.57	345.784	-99999	-48.591	-0.729923	1	1	1	1	1	-220.788	-314.667	131.914	-120.076	-484.078	-268.909	-220.673	-269.066	-314.611	132.087	3.12812	-120.076	-484.231	-379.62	-268.909	11.2212	14	0	84.0906	-48.5513	-35.9556	-338.284	-48.5513	-35.9556	-338.284	
11797	41412	79.2248	234.774	78.7032	-99999	54.317	-0.499628	1	0	0	0	0	-324.3	-314.48	122.097	76.8876	-885.551	-825.338	-324.362	-318.198	-314.542	122.097	95.8228	76.8876	-885.551	-856.808	-825.338	4.72115	26	0	92.5274	54.3472	56.2266	-808.989	54.3472	56.2266	-808.989	
11782	9564	144.186	350.825	143.549	-99999	69.001	-0.95145	1	1	1	0	0	-287.147	-294.499	131.484	-2.00294	614.765	664.942	-287.235	-289.159	-294.565	131.826	64.7687	-2.24107	614.66	639.914	665.034	5.11581	16	0	77.5448	69.032	13.2225	650.248	69.032	13.2225	650.248	
11797	709	130.378	376.063	129.746	-99999	-41.862	-0.647797	0	0	0	0	0	-214.5	-256.119	133.431	49.0067	174.062	263.277	-214.232	-234.41	-256.071	133.838	92.2379	49.0067	173.634	219.574	263.277	13.1787	15	0	46.9352	49.022	-84.1541	-337.255	49.022	-84.1541	-337.255	
11797	1609	275.628	1834.44	272.238	63.8742	66.526	-0.689145	1	1	1	1	1	-94.9721	-260.449	132.758	-39.3756	-602.82	-475.777	-93.6214	-172.164	-261.011	134.397	38.5921	-40.0369	-603.889	-543.675	-475.267	5.95182	11	0	74.4117	66.5702	9.731	-536.16	66.5702	9.731	-536.16	
11795	14711	316.946	881.389	316.457	-99999	105.219	-0.912404	0	0	0	0	0	-193.64	-94.3874	133.321	-166.831	424.294	410.87	-160.904	-110.888	-61.4387	133.756	-16.4385	-166.831	424.332	417.586	410.87	5.74349	11	0	55.757	24.465	56.201	-397.671	24.465	56.201	-397.671	
11773	764	420.038	1108.99	405.708	-99999	110.578	-0.71674	1	1	1	1	1	-194.002	-119.697	133.37	-167.752	419.358	157.913	-159.375	-121.444	-82.2965	133.37	-22.8082	-178.336	419.358	284.198	148.731	5.54998	13	0	66.0084	110.611	-42.7769	263.56	110.611	-42.7769	263.56	
11786	1081	268.684	607.463	265.103	-36.5096	-37.103	-0.943866	1	1	1	1	1	-198.489	-230.907	130.374	-103.413	-636.775	-519.689	-198.294	-214.197	-231.184	131.998	8.49647	-104.91	-637.306	-587.266	-518.695	4.8003	12	0	48.9514	-37.0778	-23.0912	-568.612	-37.0778	-23.0912	-568.612	
11774	3047	60.8858	248.311	55.5188	-99999	63.542	-0.731352	1	1	0	0	0	-92.2542	-81.953	-38.1434	-77.3691	-894.321	-856.64	-72.6261	-66.5628	-60.4995	-37.156	-58.1829	-78.402	-895.192	-874.207	-853.553	8.19194	14	0	154.441	63.5475	-60.2803	-790.829	63.5475	-60.2803	-790.829	
11774	8637	43.2006	143.908	42.8305	-99999	115.323	-0.901742	0	0	0	0	0	-239.451	-226.569	131.675	96.6017	-618.488	-638.525	-203.351	-197.596	-190.345	131.714	112.567	96.3882	-618.473	-626.542	-638.743	6.30185	16	0	85.0566	79.8884	-36.9987	-797.027	79.8884	-36.9987	-797.027	
11797	40438	168.818	398.305	155.121	-99999	50.766	-0.707169	1	1	1	1	1	-214.933	-103.34	131.369	23.8808	-210.248	-203.264	-199.299	-138.584	-77.614	131.644	73.1248	15.0808	-210.282	-206.702	-201.493	5.00288	9	0	66.9121	50.7786	5.00347	-205.575	50.7786	5.00347	-205.575	
11782	6073	234.933	580.698	232.814	63.6049	63.369	-0.602508	1	1	1	1	1	-124.953	-219.924	133.103	6.73626	76.8439	244.713	-124.953	-167.634	-220.595	133.103	60.636	5.77453	76.8439	158.627	246.47	6.18571	14	0	84.3698	63.3977	7.61342	168.683	63.3977	7.61342	168.683	
11795	18406	340.609	1252.52	340.117	-99999	56.689	-0.924726	1	1	1	1	1	-324.967	-317.406	132.792	-166.672	-704.835	-548.889	-325.026	-320.664	-317.483	133.079	-18.8566	-166.771	-704.956	-629.445	-548.835	7.51997	14	0	103.555	56.7142	-32.3936	-614.178	56.7142	-32.3936	-614.178	
11780	11463	349.88	809.589	347.954	6.65798	8.561	-0.895464	1	1	1	1	1	-96.2708	-244.156	133.062	-169.78	-226.933	-153.992	-96.2346	-176.84	-244.338	133.14	-20.1248	-171.588	-226.943	-202.427	-153.759	8.27983	16	0	87.2213	8.58178	-11.636	-201.657	8.58178	-11.636	-201.657	
11776	4413	55.3722	156.329	53.6795	-99999	12.423	-0.90082	1	0	0	0	0	-201.707	-183.544	133.279	83.0406	-745.169	-744.068	-197.816	-188.324	-178.939	133.279	107.457	81.5128	-745.169	-742.367	-744.147	5.09337	8	0	77.394	12.4561	28.2995	-729.925	12.4561	28.2995	-729.925	
11773	8320	220.671	539.37	219.452	-99999	88.383	-0.993167	1	1	1	1	1	-223.873	-204.791	127.985	-88.9087	195.246	205.82	-210.103	-200.702	-190.809	128.182	18.6188	-89.873	195.231	201.733	205.786	6.20243	9	0	81.8688	88.3827	-14.0088	205.956	88.3827	-14.0088	205.956	
11786	20615	204.014	498.551	203.358	-18.7561	-20.401	-0.758437	1	1	1	1	1	-181.512	-294.901	132.561	-22.1433	-802.856	-736.594	-181.167	-236.492	-294.901	133.057	53.8392	-22.1433	-803.098	-770.56	-736.594	4.39546	11	0	76.4898	-20.3644	-3.47544	-732.244	-20.3644	-3.47544	-732.244	
11797	55391	444.016	994.141	443.675	39.7475	38.799	-0.451068	1	1	1	1	1	-223.033	-74.9116	132.256	-72.7524	-476.49	-830.338	-223.134	-130.416	-74.9116	132.378	32.1702	-72.7524	-476.269	-651.177	-830.338	7.57643	14	0	71.0828	38.8449	-14.9471	-703.673	38.8449	-14.9471	-703.673	
11772	6150	76.2817	209.655	73.6295	-99999	18.938	-0.850318	1	1	0	0	0	-169.898	-146.611	128.274	60.3306	186.627	200.332	-164.625	-151.412	-140.503	129.655	95.5875	59.3305	186.06	196.843	200.412	5.76144	10	0	79.4493	21.4934	29.3186	196.247	21.4934	29.3186	196.247	
11780	17932	384.74	1.67729e+06	377.688	-99999	-38.112	-0.777141	1	1	1	1	1	-73.007	-204.629	134.645	-103.443	-124.949	-345.847	-78.9961	-140.943	-210.618	134.645	22.294	-103.443	-124.949	-227.021	-345.847	6.54711	16	0	66.8292	-38.0732	4.92741	-221.553	-38.0732	4.92741	-221.553	
11782	14439	317.214	931.274	316.588	-99999	37.351	-0.804955	1	1	1	1	1	-67.1327	-216.563	113.09	-148.774	-77.8386	-174.308	-61.126	-135.407	-210.863	113.311	-18.0401	-149.067	-77.7485	-126.542	-174.39	7.07932	10	0	71.9804	37.3825	-19.2018	-139.415	37.3825	-19.2018	-139.415	
11759	3269	189.557	471.191	189.229	-99999	100.033	-0.981202	1	1	1	1	1	-281.43	-307.76	133.388	-50.324	-475.118	-442.909	-281.545	-295.932	-307.835	133.388	40.3466	-50.6364	-475.118	-464.747	-442.844	4.93569	10	0	76.6345	100.067	-17.5595	-443.955	100.067	-17.5595	-443.955	
11795	27508	316.037	774.532	314.843	-99999	46.144	-0.442681	1	1	1	1	1	-217.109	-75.7245	130.283	-8.10019	-386.287	-141.405	-202.87	-131.965	-60.9875	130.494	62.1194	-8.46473	-386.658	-263.101	-140.859	6.08154	7	0	48.8627	46.1833	2.7428	-205.157	46.1833	2.7428	-205.157	
11797	34978	200.417	511.173	200.413	-99999	-18.991	-0.889766	1	1	1	1	1	-210.553	-309.046	132.158	-39.4028	-804.672	-778.609	-210.531	-255.198	-309.024	132.158	43.6875	-39.4028	-804.672	-791.865	-778.609	6.47308	6	0	79.0732	-18.9602	9.59681	-730.344	-18.9602	9.59681	-730.344	
11795	4979	166.713	393.576	166.708	-99999	109.766	-0.592725	0	0	0	0	0	-216.532	-95.7202	131.245	31.7445	29.0742	-28.0592	-182.159	-122.261	-61.3477	131.245	81.0013	31.7445	29.0742	0.260782	-28.0592	4.08669	11	0	57.7341	-999999	-999999	-999999	-999999	-999999	-999999	
11797	42218	128.54	332.126	126.224	-99999	-1.595	-0.960638	1	1	1	1	0	-287.311	-274.654	132.918	15.051	673.132	713.192	-287.31	-276.44	-275.074	132.918	72.8033	12.7957	673.132	692.781	713.405	5.20058	12	0	91.1415	-1.56361	14.5897	702.065	-1.56361	14.5897	702.065	
11782	11292	135.29	326.348	134.228	-99999	59.67	-0.860505	1	1	1	1	0	-305.263	-279.932	133.442	18.8032	368.152	432.871	-305.359	-290.869	-279.76	133.577	75.6792	17.9984	368.08	399.821	433.204	4.82255	11	0	65.1709	56.3123	38.7846	-187.854	56.3123	38.7846	-187.854	
11782	13092	53.9872	166.89	53.2111	-99999	-39.646	-0.849508	0	0	0	0	0	-299.848	-300.845	131.06	84.9266	480.404	506.719	-299.803	-300.01	-300.843	131.06	107.742	84.2995	480.404	493.924	507.168	5.33239	15	0	77.0636	-999999	-999999	-999999	-999999	-999999	-999999	
11797	13236	475.117	2684.26	475.099	55.074	55.464	-0.678525	1	1	1	1	1	-303.039	-178.754	133.316	-170.01	2.44372	346.013	-303.039	-242.517	-178.754	133.316	-20.2155	-170.01	2.44372	173.301	346.013	4.21481	6	0	71.0602	55.5022	-22.3063	195.901	55.5022	-22.3063	195.901	
11795	27431	231.68	552.109	229.306	20.6177	60.026	-0.513489	1	1	0	0	0	-61.9174	-241.911	103.041	-35.8364	-385.926	-363.9	-59.8929	-155.795	-241.911	104.254	40.2347	-35.8364	-386.045	-376.15	-363.9	4.66295	7	0	80.9554	60.0664	51.0912	-440.622	21.4464	30.7106	-375.189	
11797	16703	222.201	538.724	213.788	-99999	108.535	-0.862746	0	0	0	0	0	-198.665	-100.678	132.646	-53.3415	-230.466	-191.655	-164.687	-113.454	-63.1863	132.661	36.2273	-60.8991	-230.468	-210.035	-190.75	8.587	6	0	79.2443	46.0417	24.1333	-295.515	46.0417	24.1333	-295.515	
11797	17333	212.11	647.497	211.876	-126.268	82.949	-0.754512	0	0	0	0	0	-185.029	-283.095	132.322	-12.7293	584.12	701.416	-184.927	-238.232	-283.095	132.497	57.5259	-12.7293	584.01	636.543	701.416	4.39664	13	0	79.3977	64.4518	59.2526	-194.408	0.1418	-37.8066	-121.015	
11782	4713	143.016	364.159	142.895	62.5421	59.845	-0.905309	1	1	1	1	1	-173.424	-233.119	132.772	6.03701	-600.249	-573.895	-173.383	-200.417	-233.119	132.876	68.4256	6.03701	-600.273	-585.345	-573.895	4.85997	11	0	77.1144	59.8727	8.11097	-579.528	59.8727	8.11097	-579.528	
11776	5213	308.096	761.674	308.04	-99999	92.822	-0.37251	1	1	1	1	1	-355.276	-324.689	122.69	-54.8167	-647.364	-399.903	-355.383	-345.565	-324.795	122.709	25.1363	-54.8167	-647.409	-529.221	-399.903	4.60392	15	0	68.6818	92.8458	16.8612	-511.414	92.8458	16.8612	-511.414	
11797	73832	29.7562	70.7064	28.7666	-99999	115.329	-0.908932	0	0	0	0	0	-108.439	-97.3441	130.086	103.567	622.545	621.564	-72.6039	-66.714	-61.0988	130.679	117.026	103.261	622.564	622.126	621.546	4.95394	9	0	50.7849	-9.54716	3.81831	843.547	-9.54716	3.81831	843.547	
11782	14258	96.8253	240.885	95.794	-99999	26.897	-0.386761	1	1	1	0	0	-271.979	-344.251	132.939	94.4894	196.8	246.531	-271.222	-307.692	-344.282	133.337	114.017	94.4894	196.27	221.57	246.531	6.98742	10	0	49.4011	26.9328	53.9348	229.749	26.9328	53.9348	229.749	
11776	5005	147.756	546.394	147.674	-99999	-7.212	-0.633745	1	1	1	1	1	-139.247	-248.49	133.288	45.5983	-304.997	-261.016	-139.196	-194.845	-248.49	133.334	88.4894	45.5983	-305.008	-287.259	-261.016	4.09125	8	0	69.9801	-7.16125	18.1608	-274.537	-7.16125	18.1608	-274.537	
11774	2487	85.2311	248.312	84.8002	-99999	96.131	-0.825007	0	0	0	0	0	-343.619	-306.803	134.504	64.6074	-767.359	-736.913	-343.889	-325.442	-306.879	134.804	99.3688	64.5546	-767.491	-752.711	-736.898	5.34873	9	0	96.1256	70.512	-111.425	-441.452	70.512	-111.425	-441.452	
11780	14728	282.077	689.638	282.004	-99999	75.935	-0.871579	1	1	1	1	1	-232.437	-120.88	129.068	-118.793	570.313	501.336	-208.685	-146.746	-97.1012	129.126	7.57535	-118.793	570.331	535.266	501.336	4.06649	8	0	71.1645	75.9686	-38.2379	518.181	75.9686	-38.2379	518.181	
11797	95651	301.605	818.639	299.44	102.639	100.923	-0.94834	0	0	0	0	0	-211.674	-175.601	126.651	-145.876	353.972	236.964	-211.861	-195.164	-175.601	128.689	-10.0693	-145.876	354.624	298.488	236.964	7.22066	9	0	89.1892	81.1959	-1.5676	30.7157	81.1959	-1.5676	30.7157	
11786	1899	321.272	6451.94	320.81	-99999	1.343	-0.835033	1	1	1	1	1	-142.368	-234.823	101.351	-169.058	-894.728	-749.034	-142.242	-188.548	-234.823	101.729	-33.54	-169.058	-894.943	-821.768	-749.034	4.71367	13	0	78.2367	1.36558	-23.5153	-772.801	1.36558	-23.5153	-772.801	
11761	537	116.302	281.163	116.3	-172.729	28.232	-0.66806	0	0	0	0	0	-226.453	-163.848	132.729	59.7141	-174.583	-238.628	-226.453	-198.088	-163.848	132.729	93.1409	59.7141	-174.583	-206.274	-238.628	8.33571	11	0	71.8003	21.6643	-96.8199	-151.519	93.0443	-24.5251	-243.333	
11782	10885	317.569	789.543	316.893	-99999	-12.647	-0.981684	1	1	1	1	1	-310.379	-252.333	133.228	-170.212	874.056	814.327	-310.439	-287.686	-252.319	133.883	-19.0577	-170.212	874.15	839.088	814.327	5.76708	12	0	102.479	-12.6197	-20.8183	799.408	-12.6197	-20.8183	799.408	
11761	212	231.932	604.961	231.906	112.817	110.395	-0.927511	1	1	1	1	1	-234.512	-143.019	132.331	-78.081	-375.536	-388.334	-234.512	-189.711	-143.019	132.331	25.7559	-78.081	-375.536	-382.081	-388.334	9.45361	10	0	93.4997	110.434	-18.1777	-383.068	110.434	-18.1777	-383.068	
11761	3902	178.477	439.611	177.851	-99999	102.868	-0.987825	1	1	1	1	1	-254.294	-280.853	133.26	-41.4783	-413.946	-407.187	-254.411	-263.67	-281.183	133.26	44.8222	-42.0602	-413.946	-406.818	-407.178	4.45179	9	0	74.3233	105.269	-24.7602	363.829	24.8191	-42.3987	242.2	
11786	26049	25.6043	58.0089	25.3718	-99999	86.061	-0.708352	0	0	0	0	0	-98.2046	-88.3151	130.669	111.632	108.855	95.3345	-71.2551	-66.1765	-61.2787	130.669	121.156	111.458	108.855	101.977	95.2102	4.04182	14	0	46.9114	86.0909	37.6911	65.9927	86.0909	37.6911	65.9927	
11780	19115	137.309	366.347	136.909	-99999	27.988	-0.455354	1	1	1	0	0	-281.954	-300.563	133.47	58.6453	-281.094	-168.943	-281.986	-295.262	-300.657	133.47	96.7341	58.4395	-281.094	-224.81	-168.631	6.51695	15	0	108.062	28.0196	39.0731	-200.714	28.0196	39.0731	-200.714	
11780	22535	46.1756	110.369	45.459	-99999	67.812	-0.995176	1	1	0	0	0	-87.4235	-82.5862	129.955	84.8019	506.098	506.959	-66.2216	-64.38	-61.3033	130.396	107.403	84.5376	506.065	506.745	506.949	4.60394	10	0	51.4607	68.01	-13.8635	502.704	68.01	-13.8635	502.704	
11789	905	286.02	622.135	285.533	-99999	44.839	-0.989246	1	1	1	1	1	-226.928	-228.262	133.154	-146.163	62.2178	23.2428	-226.979	-232.685	-228.275	133.154	-6.9628	-146.341	62.2178	36.9879	23.2894	4.07968	11	0	84.075	44.874	-23.8352	32.7147	44.874	-23.8352	32.7147	
11780	6718	203.721	481.914	202.677	-99999	96.996	-0.962704	1	1	1	1	1	-187.616	-150.339	131.949	-65.9167	-375.546	-364.752	-157.536	-134.776	-119.965	132.945	33.7275	-65.9167	-375.511	-374.12	-364.752	4.67148	9	0	74.4054	97.0261	-11.5787	-373.307	97.0261	-11.5787	-373.307	
11797	49463	39.692	138.981	39.3031	-99999	82.069	-0.97195	0	0	0	0	0	-229.698	-227.701	132.413	93.4815	521.904	523.588	-204.081	-200.892	-202.009	132.728	113.178	93.424	521.883	522.716	523.584	4.08964	10	0	79.2788	82.101	28.7067	524.179	82.101	28.7067	524.179	
11789	5519	197.993	455.135	195.352	-99999	55.974	-0.930153	1	1	1	1	1	-184.426	-117.816	130.731	-49.1348	-546.673	-520.627	-167.723	-138.471	-100.131	132.888	40.6709	-49.4075	-546.918	-526.344	-520.645	6.82416	6	0	81.5924	55.9931	-16.0305	-528.883	55.9931	-16.0305	-528.883	
11797	54809	283.797	707.86	283.782	-99999	-22.411	-0.985785	1	1	1	1	1	-240.281	-274.529	133.176	-142.122	326.791	382.062	-240.255	-256.262	-274.503	133.176	-4.86959	-142.122	326.791	353.246	382.062	4.63378	8	0	66.838	-22.3754	-30.737	357.161	-22.3754	-30.737	357.161	
11795	11194	378.933	3879.61	378.92	117.156	115.607	-0.811276	0	0	0	0	0	-104.388	-292.258	133.686	-164.668	-70.8059	59.5601	-104.388	-193.696	-292.258	133.686	-13.6525	-164.668	-70.8059	7.80281	59.5601	10.1463	6	0	104.14	-999999	-999999	-999999	-999999	-999999	-999999	
11772	7315	176.006	399.351	175.112	-99999	44.198	-0.976491	1	1	1	1	1	-113.509	-75.1923	129.44	-41.411	85.1398	86.2617	-99.8597	-80.8181	-61.352	130.312	44.4005	-41.411	85.1266	86.0308	86.2617	4.26684	11	0	53.5559	44.2188	-70.9038	50.1951	44.2188	-70.9038	50.1951	
11786	5768	341.773	847.214	340.689	-99999	65.283	-0.847895	1	1	1	1	1	-150.911	-96.8783	133.442	-165.142	-42.9491	-191.767	-130.468	-103.351	-76.5739	133.442	-17.8531	-165.646	-42.9491	-117.37	-192.003	4.76372	15	0	113.62	65.304	-45.8944	-129.021	65.304	-45.8944	-129.021	
11773	7972	314.179	720.362	313.762	-99999	116.287	-0.948608	1	1	1	1	1	-343.951	-257.532	133.558	-151.884	-443.353	-351.096	-344.164	-305.63	-257.665	133.951	-11.2164	-151.884	-443.445	-397.853	-351.096	4.24107	10	0	71.4936	116.311	-6.29289	-392.149	116.311	-6.29289	-392.149	
11797	56010	139.782	330.932	138.462	-442.355	114.383	-0.870692	0	0	0	0	0	-213.359	-134.792	131.636	20.2169	-683.124	-683.679	-213.922	-177.143	-134.792	132.773	75.127	20.2169	-682.82	-689.421	-683.679	4.38492	10	0	67.5613	90.3087	-72.3427	231.106	23.3687	-22.9099	-739.048	
11797	12016	127.797	34.2236	9.23141	-99999	-7.57	-0.867814	1	1	1	1	1	-70.3372	-72.427	-153.592	-161.897	-413.396	-416.171	-78.4772	-75.372	-70.766	-69.4635	-126.731	-181.268	-372.209	-400.279	-428.474	13.3012	9	0	34.2236	-7.54881	-34.1601	-354.672	-7.54881	-34.1601	-354.672	
11782	13347	179.068	334.581	178.401	-99999	38.477	-0.946694	1	1	1	1	1	-338.116	-319.902	133.66	-37.0662	269.438	311.651	-338.263	-323.33	-319.946	134.199	49.313	-37.0662	269.283	293.267	311.651	5.30495	10	0	68.4115	38.5025	-11.0336	311.613	38.5025	-11.0336	311.613	
11774	85	290.463	668.8	290.073	-99999	93.365	-0.995813	1	1	1	0	0	-139.227	-145.881	115.326	-170.679	-888.568	-884.542	-109.985	-111.877	-116.644	115.582	-26.1195	-170.679	-888.592	-887.351	-884.542	4.19445	10	0	51.7686	93.3877	-19.7435	-829.67	93.3877	-19.7435	-829.67	
11774	3946	162.731	608.276	162.617	-99999	31.307	-0.902101	1	1	1	1	1	-355.231	-292.915	134.889	-5.2474	534.83	583.98	-355.303	-329.504	-292.951	134.988	60.6812	-5.2474	534.801	555.337	583.98	46.0274	13	0	265.864	31.3082	17.9585	580.188	31.3082	17.9585	580.188	
11775	6268	280.825	951.558	280.822	-99999	14.703	-0.535673	1	1	1	1	1	-231.841	-330.949	132.313	-14.1585	435.462	653.532	-231.858	-281.018	-330.966	132.313	59.1658	-14.1585	435.462	544.766	653.532	13.5319	14	0	108.635	14.756	-38.6345	667.07	14.756	-38.6345	667.07	
11797	68668	93.6027	251.299	93.6003	-99999	-11.155	-0.770565	1	0	0	0	0	-279.806	-331.1	133.272	58.1061	-165.681	-146.078	-279.793	-306.084	-331.087	133.272	96.6328	58.1061	-165.681	-153.322	-146.078	5.52107	7	0	84.2927	-4.38437	-11.2747	405.445	-4.38437	-11.2747	405.445	
11772	7166	29.2663	26.8057	27.4692	-99999	25.094	-0.999766	1	1	1	1	1	-348.92	-348.097	6.5749	-4.71678	782.137	768.936	-348.949	-348.702	-348.032	6.5749	-6.75127	-3.81656	782.137	780.865	767.383	7.22668	14	0	22.531	25.1166	-0.463882	60.9362	25.1166	-0.463882	60.9362	
11774	5372	335.825	874.051	322.407	-99999	28.768	-0.923745	1	1	1	1	1	-301.545	-338.247	133.529	-161.339	-878.226	-754.031	-301.565	-319.725	-340.143	133.615	-20.3631	-167.703	-878.259	-813.836	-742.529	8.6953	15	0	110.598	28.7782	-20.5138	-789.336	28.7782	-20.5138	-789.336	
11761	1833	214.024	560.205	213.788	-99999	-18.789	-0.815539	1	1	1	1	1	-342.475	-261.026	133.627	-31.5641	-207.76	-100.492	-342.543	-298.799	-261.005	133.821	51.4916	-31.5641	-207.855	-155.44	-100.492	6.36529	12	0	79.8736	-18.7611	16.7211	-146.935	-18.7611	16.7211	-146.935	
11759	2734	271.579	649.42	269.687	49.9059	48.084	-0.988837	1	1	1	1	1	-259.017	-194.384	132.459	-127.691	-142.184	-124.832	-259.093	-232.908	-193.936	133.134	0.675007	-128.807	-142.179	-128.479	-124.912	5.92582	9	0	85.5267	48.1163	-21.7623	-132.675	48.1163	-21.7623	-132.675	
11797	64389	386.077	1106.12	385.85	78.7038	79.003	-0.712928	1	1	1	1	1	-106.759	-293.06	133.286	-128.676	-444.789	-233.801	-106.738	-197.368	-293.118	133.326	-3.86212	-128.799	-444.82	-343.822	-233.707	9.5533	14	0	210.103	79.0407	-18.401	-332.681	79.0407	-18.401	-332.681	
11797	44616	197.625	469.626	197.491	84.6363	85.252	-0.967861	1	1	1	1	1	-177.042	-224.85	132.738	-55.1938	154.89	168.206	-177.042	-209.457	-224.85	132.738	39.5659	-55.1938	154.89	158.081	168.206	5.40617	8	0	75.6517	85.2834	-5.7795	162.978	85.2834	-5.7795	162.978	
11797	68307	260.314	641.209	256.198	51.8733	52.023	-0.699322	1	1	1	1	1	-199.22	-244.918	130.81	4.5313	3.5931	220.175	-197.987	-228.784	-244.918	133.619	76.1957	4.5313	0.876449	113.056	220.175	7.73491	15	0	96.575	52.0794	8.14161	147.759	52.0794	8.14161	147.759	
11774	1864	211.177	495.303	210.184	-99999	-2.366	-0.87951	1	1	1	1	1	-305.792	-226.485	132.825	-45.3491	-770.062	-695.152	-306.095	-267.773	-226.45	133.632	41.0766	-45.4043	-770.374	-737.125	-695.116	8.07678	13	0	85.5047	-2.33418	5.81842	-720.434	-2.33418	5.81842	-720.434	
11797	34105	138.11	320.387	138.086	-99999	-7.627	-0.848772	1	1	1	0	0	-357.206	-298.092	123.572	8.60745	-26.4495	21.561	-357.198	-327.96	-298.076	123.572	65.2104	8.59174	-26.4495	-4.04325	21.5691	4.33446	12	0	74.4434	-7.60597	41.9114	1.79298	-7.60597	41.9114	1.79298	
11795	22735	63.7089	274.557	63.6624	-99999	-4.007	-0.870699	1	1	1	1	1	-357.855	-331.226	6.60569	-49.1593	-191.708	-176.454	-357.87	-344.285	-331.222	6.64403	-21.1404	-49.1593	-191.718	-184.093	-176.454	10.6347	10	0	142.867	-3.98579	-38.5371	-206.962	-3.98579	-38.5371	-206.962	
