11797	2486	308.643	836.541	308.641	-99999	50.586	-0.872692	1	1	1	1	1	194.563	343.233	126.118	-142.415	-150.59	-182.614	210.403	285.135	359.074	126.118	-8.01398	-142.415	-150.59	-165.888	-182.614	6.28137	9	0	50.1199	50.618	-45.9542	-160.447	50.618	-45.9542	-160.447	
11782	1714	152.081	349.499	151.478	-99999	97.575	-0.932187	1	1	1	1	0	269.395	304.502	133.509	-6.87607	87.8584	130.234	299.858	313.659	335.154	133.856	62.3566	-7.07444	87.7561	109.568	130.238	7.1868	6	0	98.7487	97.5931	10.8875	99.3285	97.5931	10.8875	99.3285	
11797	257	140.81	232.578	137.392	-99999	-23.182	-0.97335	1	1	1	0	0	102.163	89.4711	133.845	5.73373	-741.379	-701.168	102.19	93.3734	89.4181	133.845	65.4066	4.12644	-741.379	-727.665	-700.043	4.66948	14	0	29.1076	-23.1642	21.2365	-728.118	-23.1642	21.2365	-728.118	
11797	2327	286.113	2016.95	275.822	-41.7218	-42.07	-0.874746	1	1	1	1	1	301.03	183.478	132.479	-112.464	-330.855	-299.123	301.839	230.976	183.12	133.98	10.3396	-120.016	-331.018	-320.616	-295.118	7.30207	6	0	1473.63	-42.034	-12.9673	-323.464	-42.034	-12.9673	-323.464	
11782	2161	111.715	309.34	111.292	-99999	110.492	-0.956977	0	0	0	0	0	159.279	145.727	133.543	27.1922	-48.5665	-19.8434	159.153	149.703	145.705	133.543	80.2249	26.8041	-48.5665	-34.9212	-19.7257	6.62814	12	0	113.561	52.7122	38.3806	843.236	52.7122	38.3806	843.236	
11781	3971	74.9239	174.329	74.6836	-99999	-45.753	-0.955821	1	1	0	0	0	183.155	203.321	133.07	63.8555	-768.342	-750.945	183.199	194.679	203.388	133.092	98.0527	63.6643	-768.344	-761.93	-750.904	9.80475	8	0	62.5854	-45.728	23.0688	-738.011	-45.728	23.0688	-738.011	
11797	71480	233.128	2380.14	232.14	-15.6907	-15.306	-0.777808	1	1	1	1	1	278.64	189.414	133.167	-48.5536	-655.681	-544.551	278.66	230.453	189.33	133.212	46.9454	-49.3867	-655.71	-594.028	-544.153	6.21224	13	0	78.5092	-15.2731	-2.41411	-578.017	-15.2731	-2.41411	-578.017	
11797	59402	181.616	417.006	180.121	-99999	78.469	-0.97357	1	1	1	1	1	267.986	299.659	133.372	-37.3363	207.176	251.815	292.485	303.118	324.694	133.729	46.1711	-38.3116	207.135	228.215	252.122	7.14918	7	0	73.0756	78.4963	-3.87036	227.961	78.4963	-3.87036	227.961	
11797	60514	366.311	932.876	362.176	99.2382	92.935	-0.820133	1	1	1	1	1	319.86	132.648	133.694	-149.016	-88.5967	27.1919	320.031	231.471	130.047	134.021	-11.5192	-151.386	-88.7412	-21.7354	28.0877	4.23787	9	0	69.6959	92.9806	-17.1175	-22.6544	92.9806	-17.1175	-22.6544	
11772	2451	267.813	639.717	267.774	-99999	112.81	-0.972538	1	1	1	1	1	259.687	192.312	133.196	-124.876	-246.988	-270.132	277.419	242.755	210.036	133.219	4.56568	-124.889	-246.986	-260.14	-270.132	4.00913	7	0	43.4874	112.823	-12.4593	-261.208	112.823	-12.4593	-261.208	
11780	9539	23.9516	83.1934	23.8726	-99999	-0.871	-0.802863	1	1	1	1	0	114.117	124.203	133.682	114.599	841.368	851.266	114.118	118.599	124.234	133.682	124.211	114.542	841.368	847.126	851.284	5.86182	11	0	72.3626	-0.855608	-15.7017	493.519	36.8344	45.1058	805.896	
11780	13319	374.415	1296	373.911	-99999	112.395	-0.810597	0	0	0	0	0	216.347	322.75	133.064	-165.347	-84.2278	-261.801	251.416	308.178	357.946	133.331	-22.4036	-165.347	-84.0706	-171.045	-261.801	4.71812	8	0	103.961	-19.82	-30.1691	579.196	-19.82	-30.1691	579.196	
11797	58601	81.1249	205.052	69.6814	-99999	10.578	-0.670347	1	1	1	1	1	215.312	266.842	132.499	85.6203	-142.764	-141.516	218.318	248.413	277.366	132.774	105.586	77.2867	-142.77	-142.198	-141.303	7.18853	10	0	95.977	10.6019	16.9624	-144.836	10.6019	16.9624	-144.836	
11797	89227	65.1726	173.794	65.1636	-99999	104.178	-0.975814	0	0	0	0	0	185.681	178.101	133.162	69.1737	238.452	229.845	218.304	213.867	210.723	133.162	101.479	69.1668	238.452	232.524	229.844	5.19537	9	0	70.3985	88.0093	69.0743	561.968	88.0093	69.0743	561.968	
11797	55049	523.493	1838.98	522.967	-99999	-17.452	-0.504452	1	1	1	1	1	196.782	134.73	133.107	-121.785	-722.611	-272.363	196.812	158.342	134.714	133.129	3.54604	-121.979	-722.647	-498.584	-271.95	8.69985	15	0	642.586	-17.4086	-25.502	-451.68	-17.4086	-25.502	-451.68	
11789	9954	171.343	381.371	168.776	100.802	100.803	-0.913046	1	1	1	1	1	263.596	186.838	132.754	-13.6273	-269.787	-238.638	263.961	227.067	186.274	133.683	57.808	-14.9155	-269.969	-255.394	-237.997	4.55612	16	0	76.8116	100.833	-1.89413	-294.823	100.833	-1.89413	-294.823	
11797	9651	307.927	682.224	307.025	109.846	107.326	-0.809356	0	0	0	0	0	315.57	128.606	132.289	-110.124	-31.137	-41.9501	316.012	221.735	128.508	132.886	11.3642	-110.238	-31.1296	-34.9308	-41.9588	7.38629	8	0	73.0203	-999999	-999999	-999999	-999999	-999999	-999999	
11772	6103	218.085	524.095	214.761	-99999	64.653	-0.787931	1	1	1	1	1	208.507	338.651	132.053	-37.3366	-792.745	-770.609	227.875	293.755	360.013	133.194	47.0465	-38.834	-792.888	-781.584	-770.454	5.10045	6	0	53.6218	64.6801	-11.4154	-769.51	64.6801	-11.4154	-769.51	
11797	48537	72.8906	194.814	72.5982	-99999	-21.077	-0.836775	1	1	1	0	0	65.3481	91.1584	92.1518	28.9628	283.7	307.758	65.3681	78.095	91.2991	92.1624	60.7801	28.7294	283.695	296.998	307.793	4.02536	11	0	73.274	-21.0573	27.431	299.203	-21.0573	27.431	299.203	
11761	1553	139.944	310.13	134.356	-99999	65.164	-0.539961	1	1	1	0	0	225.65	335.112	128.783	52.235	319.015	320.361	245.921	304.63	359.195	128.875	91.8631	48.2633	318.976	321.095	320.407	4.48662	6	0	47.2824	65.1561	25.2761	323.59	65.1561	25.2761	323.59	
11795	15572	252.583	557.971	249.185	58.3171	55.983	-0.931453	1	1	1	1	1	167.774	260.345	132.671	-91.7817	51.9265	105.7	167.397	212.08	261.605	133.711	18.2066	-93.6576	51.7786	75.9577	105.905	4.22246	6	0	74.3047	56.022	-20.0687	76.6878	56.022	-20.0687	76.6878	
11795	18139	296.934	666.515	296.491	-99999	-13.673	-0.690357	1	1	1	1	1	358.123	129.829	-163.731	22.6676	-482.75	-452.451	129.829	244.283	358.45	22.6676	-70.4794	-164.014	-452.451	-466.74	-482.788	5.02649	364	0	666.515	-13.6797	9.9397	-447.516	-13.6797	9.9397	-447.516	
11759	1237	223.036	553.231	222.399	-99999	48.193	-0.498189	1	1	1	1	1	196.061	343.987	132.287	23.5353	-594.219	-719.691	211.152	284.929	359.502	132.287	77.2806	23.2355	-594.219	-657.181	-720.058	4.51332	12	0	52.7279	48.2352	23.5256	-702.468	48.2352	23.5256	-702.468	
11759	4027	180.88	543.544	180.508	-99999	53.301	-0.744956	1	1	1	1	1	187.538	151.233	132.677	-8.72887	-740.152	-637.467	187.506	174.843	151.15	132.772	62.0508	-8.77983	-740.233	-685.464	-637.244	6.52989	19	0	189.959	53.3411	2.11084	-658.967	53.3411	2.11084	-658.967	
11797	2545	77.2236	507.303	75.9145	-99999	42.153	-0.921536	1	1	1	1	1	235.351	203.17	132.554	63.8061	129.487	129.954	242.462	226.285	209.776	133.725	98.6699	63.7696	129.479	129.799	129.953	4.57927	7	0	290.018	42.1558	-23.9223	132.671	42.1558	-23.9223	132.671	
11761	3565	179.829	571.112	177.673	76.3689	76.797	-0.807467	1	1	1	1	0	224.016	128.575	133.176	2.26106	801.233	873.249	224.179	178.121	127.494	133.502	64.9281	1.20245	801.063	836.401	874.133	5.59229	12	0	82.5669	76.824	11.8391	809.23	76.824	11.8391	809.23	
11797	48933	206.036	420.279	205.02	85.1102	83.228	-0.913537	1	1	1	1	1	192.304	257.429	132.734	-52.128	163.914	114.296	192.206	235.978	257.463	132.999	41.9785	-52.725	163.955	144.259	114.277	4.53586	8	0	58.8941	83.2443	-9.74071	130.315	83.2443	-9.74071	130.315	
11797	63148	385.261	18194.9	383.142	-99999	113.128	-0.21215	0	0	0	0	0	175.07	301.195	128.403	33.9215	-667.907	-319.501	210.495	273.996	337.311	128.403	80.1632	33.2508	-667.907	-492.571	-317.64	7.82081	7	0	39.6281	24.3267	68.6905	-4.80309	24.3267	68.6905	-4.80309	
11797	65218	250.762	550.842	249.919	-99999	-24.327	-0.910822	1	1	1	1	1	226.735	326.068	131.838	-93.9711	-409.174	-387.895	218.777	263.595	318.451	132.597	17.4495	-93.9711	-409.281	-388.403	-387.895	7.28703	6	0	85.6271	-24.2888	-31.4752	-387.02	-24.2888	-31.4752	-387.02	
11797	65488	134.544	341.615	134.117	-99999	111.026	-0.92944	0	0	0	0	0	147.072	112.332	134.23	13.534	99.5053	143.904	146.945	126.657	112.084	134.23	72.3011	13.1727	99.5053	115.679	144.092	4.79878	13	0	92.9019	49.8108	-31.7806	288.076	49.8108	-31.7806	288.076	
11797	67288	224.349	485.723	195.655	-99999	102.821	-0.501374	0	0	0	0	0	145.006	115.979	-49.9296	109.874	-894.505	-785.483	111.474	128.58	144.889	131.251	41.8627	-49.9296	-767.421	-832.171	-894.505	4.36003	51	0	485.723	68.9567	-30.329	371.778	-38.0633	-27.5604	-701.033	
11797	17906	76.8236	202.251	76.1226	-99999	110.466	-0.711634	0	0	0	0	0	154.531	144.19	107.86	50.9992	-893.912	-844.651	154.405	150.632	143.83	107.86	78.105	50.5262	-893.912	-869.974	-844.195	6.39623	14	0	80.0313	95.5623	-31.1575	-511.186	95.5623	-31.1575	-511.186	
11780	22354	120.223	305.064	116.798	-99999	44.594	-0.979638	1	1	1	0	0	326.102	345.323	132.701	17.8971	367.541	377.009	339.862	349.753	359.642	133.691	74.6269	15.5147	367.478	372.63	377.054	4.51171	9	0	57.7089	44.6023	-7.13808	372.623	44.6023	-7.13808	372.623	
11795	582	288.02	974.498	281.147	-99999	-3.997	-0.806021	1	1	1	1	1	84.9302	241.605	129.867	-97.6255	-512.106	-463.859	84.9302	166.443	245.139	129.867	14.2018	-103.074	-512.106	-485.386	-463.006	4.6238	12	0	246.179	-3.96531	-36.663	-466.427	-3.96531	-36.663	-466.427	
11795	6460	284.558	661.773	283.52	36.3131	35.375	-0.945481	1	1	1	1	1	239.745	120.626	132.49	-123.29	737.743	721.407	239.925	184.106	120.331	133.014	2.4006	-123.663	737.75	730.828	721.396	7.91716	6	0	102.631	35.3998	-36.8021	720.426	35.3998	-36.8021	720.426	
11797	7630	145.529	303.23	145.46	-99999	29.985	-0.986194	1	1	0	0	0	339.014	324.981	132.274	-11.5223	-536.988	-523.495	348.409	338.805	334.371	132.32	60.6637	-11.5223	-536.992	-529.537	-523.495	5.45554	7	0	66.1835	30.0178	-15.9985	-53.5456	0.847811	-56.695	-695.045	
11782	6079	29.7426	228.877	29.7426	-99999	116.265	-0.896129	0	0	0	0	0	88.0343	92.2213	133.191	110.337	776.426	763.053	87.9013	92.2086	92.0882	133.191	120.103	110.337	776.426	770.924	763.053	30.8446	12	0	198.598	24.772	28.051	-542.134	24.772	28.051	-542.134	
11782	8239	220.268	583.714	219.889	-99999	67.033	-0.917744	1	1	1	1	1	197.348	169.124	132.473	-73.7964	74.2688	143.359	197.323	188.047	169.047	132.814	28.6301	-73.7964	74.1276	108.342	143.359	5.00769	10	0	70.3568	67.0615	-14.2138	166.227	-37.5285	-6.74231	145.972	
11786	23551	209.539	457.465	208.974	-99999	103.39	-0.992085	0	0	0	0	0	139.315	139.083	130.13	-73.6461	722.363	738.567	139.201	141.547	139.006	130.172	25.9318	-74.1026	722.358	730.601	738.608	6.26694	8	0	89.4786	-999999	-999999	-999999	-999999	-999999	-999999	
11782	5414	67.8147	182.057	67.456	-99999	-48.717	-0.603268	1	1	0	0	0	151.303	177.568	133.561	85.3615	-377.77	-340.539	143.703	158.059	169.97	133.561	111.363	85.1674	-377.77	-356.753	-340.458	5.62437	12	0	77.1959	-48.6718	59.2586	-256.74	-48.6718	59.2586	-256.74	
11795	25495	281.675	749.768	280.695	-99999	-5.076	-0.853506	1	1	1	1	1	332.492	196.164	133.259	-102.534	-68.6074	-14.8024	332.654	257.218	195.953	133.535	18.0466	-103.138	-68.6523	-40.9283	-14.7688	14.6086	6	0	202.461	-5.04778	-1.13582	-39.2552	-5.04778	-1.13582	-39.2552	
11789	926	168.653	508.586	168.218	-37.2552	-38.134	-0.692262	1	1	1	1	1	237.329	156.93	132.479	5.31803	-281.301	-210.891	237.573	191.825	156.93	132.777	73.6481	5.31803	-281.484	-242.691	-210.891	8.04335	8	0	79.5171	-38.0986	10.4236	-223.853	-38.0986	10.4236	-223.853	
11797	11747	82.5096	177.088	80.7975	-99999	66.916	-0.871871	1	1	1	1	1	238.339	199.649	132.785	63.3359	-223.844	-238.208	249.623	229.94	210.164	134.277	98.7542	63.3359	-223.511	-230.746	-238.208	4.00963	7	0	40.0102	66.9514	-37.1671	-266.163	66.9514	-37.1671	-266.163	
11776	4833	377.028	942.718	375.025	40.8685	41.307	-0.704179	1	1	1	1	1	115.346	334.923	133.241	-146.513	753.879	639.482	114.376	234.491	335.17	134.31	0.361858	-146.902	754.325	699.255	639.331	12.0648	10	0	114.262	41.3348	-17.2189	676.865	41.3348	-17.2189	676.865	
11789	22749	40.3716	176.596	39.8607	-99999	43.619	-0.597167	1	0	0	0	0	318.324	345.401	134.087	108.934	-814.381	-829.218	331.696	345.485	359.149	134.288	121.47	108.859	-814.269	-821.47	-829.285	13.6492	13	0	115.661	43.6335	69.8941	-820.63	43.6335	69.8941	-820.63	
11786	28217	264.088	634.614	263.366	-99999	92.72	-0.950061	1	1	1	1	1	123.701	203.354	132.843	-108.45	-767.34	-704.518	123.4	165.504	203.248	133.524	10.508	-108.45	-767.432	-744.757	-704.518	7.28162	16	0	79.5435	92.7528	-13.2679	-724.275	92.7528	-13.2679	-724.275	
11773	5359	250.238	566.276	249.603	-99999	10.136	-0.909546	1	1	1	1	1	144.13	107.063	132.227	-89.1778	595.729	702.405	144.173	129.565	107.01	132.696	17.9508	-89.2826	595.521	643.113	702.428	5.81778	9	0	70.8455	10.1623	-20.6378	662.302	10.1623	-20.6378	662.302	
11797	51799	180.967	350.045	157.82	-99999	2.713	-0.95603	1	1	1	1	1	295.894	321.384	134.817	-16.5923	-243.677	-219.702	296.744	310.298	321.957	134.817	48.1964	-36.5182	-243.677	-221.435	-231.428	5.20739	28	0	79.0463	2.73377	6.01346	-219.268	2.73377	6.01346	-219.268	
11797	32519	277.614	613.49	275.983	-31.2422	-29.454	-0.909102	1	1	1	1	1	222.004	136.278	132.761	-118.626	708.458	647.988	222.139	168.727	136.176	133.167	12.3632	-119.784	708.57	666.299	648.18	5.24353	6	0	71.965	-29.4367	-28.5846	658.274	-29.4367	-28.5846	658.274	
11797	65957	180.33	435.375	179.866	-99999	115.442	-0.924831	0	0	0	0	0	156.242	228.669	132.982	-30.1249	-252.131	-274.326	137.984	174.089	210.581	133.282	51.3867	-30.2525	-252.097	-262.964	-274.33	4.16489	9	0	71.4929	-19.3591	20.6559	-417.182	-19.3591	20.6559	-417.182	
11797	13303	45.4498	182.17	43.4745	-99999	-3.093	-0.847319	1	1	1	1	1	281.303	302.754	132.516	95.1337	-21.3625	-15.6809	279.669	290.943	302.128	133.589	114.079	94.523	-21.5065	-18.5732	-15.6031	8.65981	6	0	123.83	-3.07065	13.9802	-0.820445	-3.07065	13.9802	-0.820445	
11797	58710	253.767	780.974	211.462	-46.2705	-48.091	-0.476263	1	1	1	1	1	274.585	95.642	132.723	44.4431	-597.745	-528.061	275.874	168.276	60.7361	133.486	80.4537	28.5923	-598.281	-557.024	-514.697	8.916	10	0	119.802	-48.1128	24.0851	-524.273	-48.1128	24.0851	-524.273	
11786	8273	92.6021	237.418	91.0706	-99999	-13.482	-0.825441	1	1	0	0	0	131.38	131.511	130.125	59.781	289.998	337.701	131.396	130.434	131.483	130.125	94.036	59.552	289.998	314.736	337.698	4.92109	10	0	91.1645	-13.4813	33.3945	322.781	-13.4813	33.3945	322.781	
11797	46388	214.597	492.151	213.495	37.039	35.285	-0.980177	1	1	1	1	1	167.874	227.972	132.56	-68.7187	169.961	147.159	167.69	190.209	227.972	133.634	29.053	-68.7187	170.064	162.486	147.159	4.86547	15	0	81.5985	39.6024	-3.01353	-630.013	-7.21762	6.16445	174.204	
11797	47738	266.061	561.174	264.227	29.7224	102.159	-0.905876	0	0	0	0	0	294.395	142.466	133.303	-79.8185	-554.076	-545.038	294.947	224.936	142.261	134.557	21.5919	-80.1693	-554.168	-554.356	-544.84	10.5013	11	0	62.3376	30.2366	-19.1449	-552.685	30.2366	-19.1449	-552.685	
11789	15372	338.495	743.025	338.218	92.3557	91.417	-0.944526	1	1	1	1	1	295.707	156.529	133.539	-155.277	-27.9896	67.4927	295.772	239.907	156.525	133.775	-20.0387	-155.283	-28.0329	14.5484	67.497	10.8738	13	0	70.0598	91.4476	-16.4319	15.2139	91.4476	-16.4319	15.2139	
11782	11780	193.522	638.83	192.89	-347.824	60.66	-0.577152	0	0	0	0	0	103.869	230.963	133.51	20.7785	-482.856	-570.521	103.619	167.944	231.04	133.756	83.5111	20.6067	-482.617	-534.403	-570.582	4.78866	11	0	66.1094	-37.5343	69.1181	-589.674	-37.5343	69.1181	-589.674	
11782	9138	58.7316	143.738	58.4197	-99999	42.206	-0.937032	1	1	0	0	0	326.342	345.787	133.703	78.6681	-77.0287	-74.6406	339.558	349.314	359.108	133.704	106.039	78.3768	-77.0287	-75.7137	-74.6333	10.6418	9	0	59.2712	42.2344	31.3999	-68.8987	42.2344	31.3999	-68.8987	
11761	1682	393.409	1045.91	392.763	-99999	45.502	-0.602411	1	1	1	1	1	231.403	196.506	131.001	-121.931	-381.656	-680.023	245.663	228.764	210.707	131.126	4.71807	-122.19	-381.491	-531.201	-680.367	5.0989	16	0	51.1469	45.5334	-23.303	-560.066	45.5334	-23.303	-560.066	
11761	30	189.957	472.373	185.785	-99999	111.323	-0.985887	1	1	0	0	0	62.8674	72.6211	116.62	-57.0756	-887.762	-824.583	62.6832	67.4027	72.0782	117.971	28.2467	-59.2403	-887.971	-857.918	-822.886	8.02518	13	0	73.4761	111.329	-1.98054	-829.111	111.329	-1.98054	-829.111	
11795	29186	235.339	563.305	235.332	-99999	87.599	-0.958042	1	1	1	0	0	195.941	136.548	133.286	-89.5053	834.996	876.824	195.84	174.027	136.448	133.286	20.0931	-89.5053	834.996	858.418	876.824	9.01231	9	0	86.0689	87.6184	-14.9666	805.194	87.6184	-14.9666	805.194	
11789	2871	205.825	458.282	201.296	15.9349	13.279	-0.732375	1	1	1	1	1	262.912	129.258	129.85	-10.5695	-535.618	-484.201	265.805	197.116	129.258	133.152	60.6302	-10.5695	-536.692	-512.197	-484.201	4.9198	14	0	76.4394	13.3064	0.815014	-499.088	13.3064	0.815014	-499.088	
11797	91199	340.8	833.776	332.224	-26.0712	-24.968	-0.904141	1	1	1	1	1	151.104	229.223	131.897	-169.752	-767.894	-882.968	151.016	191.404	229.943	132.274	-22.6342	-176.985	-767.737	-826.068	-886.641	4.15324	9	0	117.372	-24.9472	-18.4109	-772.089	-24.9472	-18.4109	-772.089	
11780	22214	44.2954	103.144	44.2952	-99999	-30.908	-0.771553	1	1	1	1	1	247.221	220.688	133.534	99.3603	44.1783	34.7129	237.543	224.339	211.009	133.534	116.454	99.3603	44.1783	39.254	34.7129	4.98842	10	0	53.5843	-30.8839	-23.0665	0.637675	52.6061	38.1343	108.436	
11776	1416	302.987	704.039	302.421	-99999	36.954	-0.905293	1	1	1	1	1	220.679	347.485	131.858	-140.839	482.766	514.587	232.205	295.606	359.253	131.958	-4.71853	-141.246	482.754	498.545	514.631	8.22015	7	0	49.5814	36.9611	-17.8939	493.083	36.9611	-17.8939	493.083	
11797	87531	324.376	644.594	324.068	-99999	27.443	-0.959335	1	1	1	1	1	199.152	199.692	133.295	-143.809	-203.23	-49.2711	199.124	201.149	199.66	133.489	-0.971318	-143.809	-203.293	-121.875	-49.2711	11.3447	13	0	33.1565	27.4806	-15.4416	-150.123	27.4806	-15.4416	-150.123	
11772	3630	32.9375	104.797	32.464	-99999	90.506	-0.935799	0	0	0	0	0	267.333	256.363	133.306	103.2	431.078	426.227	295.708	290.001	284.526	133.429	118.223	102.914	431.109	428.577	426.181	5.72161	9	0	74.1143	90.5448	-21.5799	396.044	90.5448	-21.5799	396.044	
11795	12905	137.027	343.991	136.389	-99999	7.494	-0.880303	1	1	1	1	1	248.785	189.441	132.526	16.2749	163.633	201.92	248.994	219.643	189.441	133.046	74.2941	16.2749	163.455	182.794	201.92	20.4138	9	0	96.096	7.51863	9.65027	187.737	7.51863	9.65027	187.737	
11797	67297	288.732	679.478	286.472	80.4805	81.1	-0.838924	1	1	1	1	1	327.014	192.454	133.147	-105.935	-464.414	-383.448	327.659	257.489	192.092	134.347	14.5309	-106.663	-464.843	-425.537	-383.293	6.42253	9	0	96.8114	81.1322	-4.8578	-421.06	81.1322	-4.8578	-421.06	
11761	1146	89.2253	349.179	87.4166	38.5719	40.152	-0.542563	1	1	1	1	1	156.77	226.042	131.634	79.9337	-181.892	-174.773	155.316	191.261	226.042	132.564	106.475	79.9337	-182.075	-177.952	-174.773	10.899	16	0	198.284	40.1952	3.8867	-171.68	40.1952	3.8867	-171.68	
11761	1956	147.875	335.501	146.993	-33.7345	-34.153	-0.885678	1	1	1	1	1	222.415	160.882	132.15	9.54725	423.084	471.627	222.556	192.187	160.646	132.464	68.2475	9.09487	423	443.357	471.715	4.45329	10	0	69.5635	-34.1202	2.49905	454.065	-34.1202	2.49905	454.065	
11776	6041	166.615	439.765	156.388	-99999	103.484	-0.979371	1	1	1	1	1	194.868	225.002	132.048	-21.277	-36.7172	-30.4924	178.252	194.485	210.431	133.776	52.1422	-29.5601	-36.7618	-33.3251	-30.3383	4.90145	11	0	62.4961	103.518	-23.267	-26.7029	103.518	-23.267	-26.7029	
11786	8028	184.484	435.864	184.195	-99999	15.086	-0.866649	1	1	1	1	1	66.9158	123.636	134.523	-27.9786	-793.782	-730.304	66.8167	97.789	123.619	134.771	54.7921	-27.9786	-793.898	-760.134	-730.304	5.99312	10	0	75.4591	15.1164	15.3839	-739.788	15.1164	15.3839	-739.788	
11759	2685	257.061	547.708	256.853	-99999	-41.918	-0.986938	1	1	1	1	1	183.045	177.909	133.628	-119.43	370.726	409.342	183.093	184.126	178.019	133.628	6.65307	-119.611	370.726	390.461	409.396	4.56128	13	0	69.6707	-41.8901	-29.7431	423.19	-41.8901	-29.7431	423.19	
11782	11952	303.754	694.967	303.751	-99999	-16.854	-0.551404	1	1	1	1	1	91.7923	198.965	127.399	-9.34711	-882.662	-635.897	91.8115	148.2	198.984	127.399	50.253	-9.34711	-882.662	-764.704	-635.897	5.33177	13	0	74.9253	-16.8334	14.818	-729.913	-16.8334	14.818	-729.913	
11776	1529	318.12	684.656	317.545	35.0153	32.49	-0.653873	1	1	1	1	1	266.384	109.291	133.244	-66.6427	276.608	464.693	266.545	181.642	109.243	133.483	36.8065	-66.802	276.397	369.489	464.801	4.87349	17	0	80.6214	32.5238	-15.4319	398.853	32.5238	-15.4319	398.853	
11786	27393	456.126	969.424	454.718	-99999	62.664	-0.761188	1	1	1	1	1	127.498	183.864	133.402	-163.798	-745.962	-441.444	127.351	162.379	183.793	134.039	-32.1814	-163.817	-746.498	-594.425	-441.422	5.08175	14	0	86.4287	62.6932	-23.4891	-589.778	62.6932	-23.4891	-589.778	
11786	28653	232.324	524.4	232.244	-99999	-47.364	-0.905299	1	1	1	1	1	193.617	166.769	132.78	-84.7822	745.809	821.321	193.681	182.706	166.824	132.848	24.4418	-84.7822	745.779	785.719	821.321	6.03433	12	0	73.774	-47.346	-17.8499	767.335	-47.346	-17.8499	767.335	
11789	20748	423.881	935.154	418.049	249.724	108.923	-0.407958	0	0	0	0	0	356.453	143.6	78.5844	-59.6811	-222.153	108.374	359.622	242.042	143.6	80.9134	12.8706	-59.6811	-226.449	-64.007	108.374	4.83841	12	0	83.3123	91.9858	54.2039	-46.748	91.9858	54.2039	-46.748	
11797	3823	127.977	316.384	126.278	-99999	12.851	-0.827737	1	1	1	1	0	228.945	295.244	129.448	22.5881	406.878	417.289	232.954	265.724	300.184	129.468	74.7742	21.2002	406.876	411.888	417.466	4.01986	6	0	68.167	12.8795	-8.78893	411.773	12.8795	-8.78893	411.773	
11786	23636	76.8133	208.339	74.1045	-99999	92.77	-0.809011	1	1	1	0	0	126.036	105.015	133.033	69.8323	-633.198	-602.183	126.023	112.19	104.29	133.213	101.428	67.6478	-633.296	-616.9	-601.45	4.53211	13	0	87.7656	92.801	53.9686	-608.216	92.801	53.9686	-608.216	
11782	6419	226.129	527.832	224.692	-99999	69.49	-0.744525	1	1	1	1	1	190.389	335.939	129.768	-31.1257	138.004	79.6638	212.025	285.285	358.47	129.917	48.987	-31.993	138.053	108.643	79.2336	4.44848	14	0	57.3128	69.5234	-16.6312	81.9689	69.5234	-16.6312	81.9689	
11797	76456	192.783	595.182	190.51	-99999	44.222	-0.997071	1	1	1	1	1	268.738	288.088	130.142	-58.0656	-291.401	-296.572	282.528	285.565	301.934	132.137	36.0004	-58.3223	-291.556	-296.219	-296.545	24.3296	7	0	206.412	44.2538	-12.2375	-296.568	44.2538	-12.2375	-296.568	
11795	11053	70.2871	180.994	69.339	-99999	-26.068	-0.963843	1	0	0	0	0	356.003	341.929	133.67	66.5374	41.3766	48.4779	347.84	337.846	333.683	133.67	100.061	65.6413	41.3766	43.6234	48.7443	5.44898	6	0	76.3151	-34.1593	5.12111	-158.796	-34.1593	5.12111	-158.796	
11797	33657	326.448	920.438	326.447	-99999	108.804	-0.612504	0	0	0	0	0	337.544	192.442	134.861	-75.6197	730.339	527.414	354.642	280.774	209.539	134.861	30.4458	-75.6197	730.339	628.952	527.414	13.9595	14	0	87.6809	18.6011	-58.2328	609.544	18.6011	-58.2328	609.544	
11773	6159	200.785	1305.25	199.818	72.1259	72.048	-0.820808	1	1	1	1	1	218.477	130.658	132.421	-28.2472	-662.441	-583.33	218.54	174.647	130.156	132.561	52.7563	-28.8263	-662.512	-620.321	-583.121	4.22211	9	0	74.5773	72.0766	-3.48131	-598.766	72.0766	-3.48131	-598.766	
11786	22594	117.783	240.826	116.288	-99999	-22.858	-0.99692	1	1	1	0	0	333.618	324.486	133.583	19.983	198.69	188.153	326.463	321.255	317.463	133.62	75.0142	18.6321	198.69	200.332	187.661	10.8681	14	0	64.7293	-22.8346	32.6871	191.038	-22.8346	32.6871	191.038	
11795	18176	145.836	3280.46	144.782	98.306	95.908	-0.770069	1	1	1	0	0	267.861	177.141	133.138	47.9136	791.853	853.451	268.29	229.708	176.997	133.821	79.558	47.9115	791.501	821.19	853.507	4.39918	9	0	71.3785	95.9328	22.0194	782.563	95.9328	22.0194	782.563	
11797	5686	167.884	398.252	166.511	-99999	74.571	-0.909031	1	1	1	1	0	301.61	286.074	131.787	-32.3888	319.011	332.099	325.108	316.112	309.468	132.396	49.8522	-33.062	318.762	324.12	332.167	9.19393	8	0	78.9473	74.5937	-0.0199522	324.234	74.5937	-0.0199522	324.234	
11797	10128	226.544	553.781	226.543	-99999	107.079	-0.73685	0	0	0	0	0	152.301	97.7093	132.284	-29.7033	-228.252	-80.5595	152.179	130.774	97.5868	132.284	50.3919	-29.7033	-228.252	-153.024	-80.5595	4.78358	13	0	87.8544	-46.895	-29.8556	429.157	-46.895	-29.8556	429.157	
11795	23172	54.4388	122.883	53.5328	-99999	75.261	-0.690895	1	1	0	0	0	297.17	335.486	133.919	96.7285	614.801	611.086	320.737	340.252	359.679	133.919	115.047	96.0732	614.801	612.833	611.076	4.11042	6	0	50.5914	75.2922	-96.2451	618.75	75.2922	-96.2451	618.75	
11789	3956	177.421	422.259	176.871	-99999	-48.849	-0.561116	1	1	1	1	1	192.505	203.041	126.209	4.79	-792.148	-665.839	192.561	195.664	202.987	126.209	64.4069	4.4163	-792.148	-729.419	-665.482	8.41883	17	0	119.933	-48.815	8.23352	-686.009	-48.815	8.23352	-686.009	
11795	31235	191.922	402.443	190.651	-99999	1.948	-0.924355	1	1	1	1	1	158.476	140.441	133.854	-45.4474	49.2476	105.934	158.474	143.412	140.561	133.854	44.8371	-45.933	49.2476	81.2989	105.998	4.64067	7	0	81.9978	1.97566	-0.542437	86.2157	1.97566	-0.542437	86.2157	
11797	3655	371.39	848.42	370.754	-99999	12.662	-0.739663	1	1	1	1	1	83.9866	171.901	133.726	-111.128	133.487	396.869	83.9163	126.086	171.917	134.068	9.05843	-111.224	133.189	263.599	397.013	4.67464	18	0	73.318	12.6883	-1.84939	270.29	12.6883	-1.84939	270.29	
11797	54796	385.215	912.222	383.393	-0.750443	-2.259	-0.773805	1	1	1	1	1	233.781	73.1208	131.996	-169.35	-605.286	-434.245	234.115	147.765	73.1745	132.66	-15.4834	-170.245	-605.714	-518.595	-433.931	4.72281	17	0	65.1534	-2.23033	-42.393	-495.384	-2.23033	-42.393	-495.384	
11782	1374	100.042	238.48	99.1822	193.66	17.422	-0.861603	0	0	0	0	0	194.485	242.17	132.924	48.8742	687.631	668.282	194.249	219.409	242.318	133.336	90.4802	48.5356	687.674	682.345	668.194	7.89457	9	0	71.8845	-999999	-999999	-999999	-999999	-999999	-999999	
11797	42847	41.0152	418.266	35.9475	-99999	-39.889	-0.98375	1	1	1	1	1	270.821	278.888	127.168	94.9282	746.39	757.338	258.33	262.523	268.818	127.168	108.386	92.6578	746.39	752.751	758.726	16.8607	15	0	350.581	-39.866	-14.3899	765.825	-39.866	-14.3899	765.825	
11797	46361	167.25	993.338	159.913	-99999	69.706	-0.413406	1	1	1	1	1	323.376	336.295	133.243	60.0946	-33.2622	98.7685	345.204	355.026	358.104	133.243	94.6781	60.1735	-33.2622	29.3312	99.2161	4.13491	22	0	45.9149	69.741	37.839	84.1698	69.741	37.839	84.1698	
11786	7707	125.541	221.117	123.179	-99999	102.15	-0.873941	0	0	0	0	0	264.913	276.833	130.734	22.0611	-562.066	-614.801	296.777	297.55	308.87	132.523	77.8755	21.93	-561.072	-591.865	-614.822	8.35288	8	0	81.8499	-999999	-999999	-999999	-999999	-999999	-999999	
11780	22724	37.9623	88.9204	37.9613	-99999	91.739	-0.953956	1	1	1	1	1	215.743	224.81	132.797	97.2965	-789.575	-779.704	201.327	205.548	210.393	132.797	114.964	97.2965	-789.575	-784.655	-779.704	4.83849	10	0	46.9747	91.7564	-27.7019	-724.849	91.7564	-27.7019	-724.849	
11780	16266	45.7603	24.8805	5.15482	-99999	-28.465	-0.956758	1	1	1	1	1	349.082	346.14	-58.9922	-62.9769	264.444	263.545	350.592	344.327	337.226	-24.4261	-44.891	-62.9769	280.568	273.173	263.545	11.6185	8	0	24.8805	-28.4305	-47.7846	263.155	-28.4305	-47.7846	263.155	
11786	3362	315.234	666.082	293.528	-99999	65.114	-0.988387	1	1	1	1	1	238.712	261.927	133.304	-158.767	-733.079	-725.35	259.102	271.939	283.696	133.304	-23.4145	-180.346	-733.079	-730.966	-725.741	4.10762	7	0	46.4946	65.133	-26.1087	-723.147	65.133	-26.1087	-723.147	
11786	3992	286.274	625.573	276.529	112.073	111.769	-0.950921	0	0	0	0	0	185.896	278.883	132.28	-127.197	-740.645	-743.535	185.771	227.409	282.265	132.691	-4.04852	-135.74	-740.612	-747.171	-744.809	4.11312	7	0	53.1958	-41.3567	31.1004	-730.51	-41.3567	31.1004	-730.51	
11759	1604	393.601	939.06	393.253	47.5117	46.445	-0.669215	1	1	1	1	1	131.538	340.864	133.374	-118.776	-331.849	-546.845	131.376	237.59	340.893	133.572	2.83369	-118.803	-331.696	-433.297	-546.866	6.66794	10	0	79.565	46.4842	-32.517	-465.309	46.4842	-32.517	-465.309	
11759	3764	302.621	661.949	301.541	32.8765	32.692	-0.828824	1	1	1	1	1	317.556	150.432	133.328	-116.29	-632.725	-622.388	318.156	228.823	150.432	134.224	12.2188	-116.29	-632.677	-634.389	-622.388	5.30773	7	0	63.665	32.7157	-14.4901	-625.452	32.7157	-14.4901	-625.452	
11772	6674	255.324	533.006	255.16	-99999	-35.94	-0.967595	1	1	1	1	1	117.698	108.315	133.729	-115.508	-323.02	-279.849	117.739	107.763	108.356	133.729	9.83164	-115.508	-323.02	-295.757	-279.849	5.05068	9	0	74.2055	-35.9052	-24.5843	-288.448	-35.9052	-24.5843	-288.448	
11782	13762	104.746	267.681	103.332	-99999	81.21	-0.932776	1	1	1	0	0	119.618	143.969	132.814	39.1454	565.617	600.233	119.226	130.645	143.876	134.129	85.0433	39.1454	565.199	579.195	600.233	4.34017	12	0	70.13	74.2791	-17.3278	310.37	-15.8509	-17.0026	407.324	
11789	7220	306.545	683.485	299.377	52.3403	52.251	-0.881586	1	1	1	1	1	146.883	242.517	129.064	-137.191	-706.894	-797.436	145.332	192.083	243.421	133.532	-0.732562	-139.056	-705.054	-762.206	-797.244	14.3803	6	0	95.8092	52.29	-17.9136	-740.239	52.29	-17.9136	-740.239	
11789	20040	186.692	424.864	186.311	104.688	103.779	-0.879441	0	0	0	0	0	259.87	169.48	132.188	-23.809	295.012	336.509	259.87	216.475	169.243	132.188	50.7857	-24.0824	295.012	308.785	336.595	4.41976	9	0	71.006	-20.3433	-75.7274	-270.814	-20.3433	-75.7274	-270.814	
11782	11445	319.308	768.511	319.298	-99999	78.327	-0.934971	0	0	0	0	0	200.195	254.049	133.008	-163.467	-284.613	-388.414	224.723	246.924	278.577	133.008	-15.0764	-163.473	-284.613	-339.658	-388.416	4.61634	13	0	78.1053	-999999	-999999	-999999	-999999	-999999	-999999	
11782	13065	180.997	407.612	180.634	-99999	71.89	-0.819309	1	1	1	1	1	208.647	174.106	134.048	-19.957	498.733	585.013	208.656	189.519	173.984	134.265	57.3893	-20.0263	498.607	542.275	585.056	5.16977	13	0	74.7149	71.9255	-1.85041	566.826	71.9255	-1.85041	566.826	
11795	5695	151.827	344.385	150.767	-99999	93.839	-0.861595	1	1	1	0	0	260.122	329.775	133.169	-0.253676	-319.72	-311.061	289.13	324.091	359.327	133.788	66.5314	-0.541136	-319.758	-315.741	-311.046	4.89184	6	0	52.8227	93.8582	10.5682	-327.28	93.8582	10.5682	-327.28	
11797	59201	482.298	1035.72	481.417	53.2303	52.055	-0.404924	1	1	1	1	1	188.4	297.433	133.466	-47.7245	-390.553	40.8398	188.282	249.455	297.429	133.772	46.2328	-47.7761	-391.22	-175.149	40.9523	11.9442	10	0	81.3955	52.097	-7.07232	-101.172	-38.193	18.6492	-102.838	
11797	23225	516.54	1050.78	515.832	-587.745	18.844	-0.410735	0	0	0	0	0	284.069	176.484	133.824	-74.2707	-285.275	-741.689	284.18	221.056	176.484	134.098	30.0554	-74.2707	-284.686	-512.333	-741.689	5.7515	9	0	74.1872	26.809	19.0917	-451.51	78.629	-19.8022	-486.518	
11786	17795	230.511	589.526	227.442	-99999	98.814	-0.868514	1	1	1	1	1	236.137	327.814	130.459	-66.9501	535.136	469.218	266.198	312.467	359.12	132.274	31.9035	-67.8038	535.686	503.017	468.915	18.9861	13	0	64.1431	98.8363	24.0116	466.303	98.8363	24.0116	466.303	
11786	14796	195.231	676.062	193.365	24.3674	22.883	-0.70469	1	1	1	1	1	268.083	153.517	133.622	-2.37762	108.103	179.229	268.429	207.461	153.106	134.083	70.8102	-3.4639	107.81	150.199	179.579	5.5162	14	0	74.6942	22.9098	7.30084	156.953	22.9098	7.30084	156.953	
11786	21967	86.3963	280.087	86.1585	-99999	91.364	-0.697978	1	1	1	1	1	220.841	181.775	132.086	70.3715	-683.436	-729.113	249.451	229.755	210.282	132.086	101.066	70.1999	-683.436	-706.136	-729.24	9.14181	13	0	100.795	91.3975	-27.9981	-763.57	91.3975	-27.9981	-763.57	
11776	3207	35.0821	695.039	32.5626	-99999	48.216	-0.979254	1	1	1	1	1	85.751	83.3571	133.814	101.859	-217.341	-211.72	85.7113	84.1176	83.2784	133.928	116.667	99.5331	-217.361	-214.699	-211.121	397.521	17	0	664.991	48.2258	30.6409	-201.061	48.2258	30.6409	-201.061	
11773	2759	243.806	565.348	243.079	83.989	82.077	-0.645287	1	1	1	1	1	240.589	130.515	132.724	-0.884344	-403.278	-570.159	240.642	192.486	130.275	132.855	61.5889	-0.940619	-403.134	-489.204	-570.614	7.1021	11	0	81.4557	82.12	1.99718	-517.461	82.12	1.99718	-517.461	
11797	69588	94.0911	248.478	92.8281	-99999	63.412	-0.951383	1	1	0	0	0	102.25	129.768	133.448	53.1317	611.569	634.034	101.961	114.89	129.862	134.269	89.709	53.1039	611.452	618.861	634.288	4.37401	21	0	82.0975	63.4344	45.6203	623.766	63.4344	45.6203	623.766	
11774	4699	110.1	267.993	109.882	-99999	34.725	-0.94178	1	0	0	0	0	201.366	161.436	132.146	30.1128	-864.332	-868.135	201.398	183.302	161.396	132.347	80.3764	30.1128	-864.33	-865.199	-868.135	4.60996	9	0	69.2963	34.755	18.3957	-797.942	34.755	18.3957	-797.942	
11786	24632	226.283	530.014	225.042	-99999	111.812	-0.976947	0	0	0	0	0	137.923	173.202	132.009	-89.2737	-396.624	-386.578	137.713	153.494	173.224	132.696	21.0971	-89.7822	-396.752	-387.488	-386.609	4.51056	6	0	80.1787	-999999	-999999	-999999	-999999	-999999	-999999	
11797	11227	185.331	441.406	184.427	-99999	-6.638	-0.915824	1	1	1	1	1	234.83	189.097	131.901	-36.0016	-74.3616	-14.759	234.921	212.483	189.097	132.304	48.4591	-36.0016	-74.5098	-42.0761	-14.759	10.9443	8	0	84.2511	-6.60578	-33.1076	-0.80016	-6.60578	-33.1076	-0.80016	
11797	80266	53.9637	203.322	53.1863	-99999	67.731	-0.602282	1	1	1	1	1	192.996	175.645	133.506	100.901	817.915	856.176	193.213	184.231	175.567	133.965	117.517	100.901	817.362	836.768	856.176	6.51292	13	0	103.078	67.7675	-14.8429	646.798	67.7675	-14.8429	646.798	
11797	96880	248.288	528.414	246.915	-99999	-8.728	-0.961192	1	1	1	1	1	297.769	346.933	133.583	-106.903	561.179	568.128	295.035	329.705	344.427	133.585	14.7979	-108.066	561.179	569.032	568.138	4.47184	8	0	75.1559	-8.73649	-32.761	-86.8547	-8.73649	-32.761	-86.8547	
11795	14581	169.896	420.738	169.48	-99999	46.81	-0.439776	1	1	1	1	1	197.513	344.447	130.14	60.0532	-8.1712	-55.2332	211.82	285.373	359.105	130.324	95.2355	60.0532	-8.04658	-31.9869	-55.2332	6.44995	7	0	52.8508	46.7946	41.9662	-40.3425	46.7946	41.9662	-40.3425	
11786	2679	154.391	373.975	153.242	-99999	8.939	-0.766553	1	1	1	1	0	86.682	106.264	133.469	5.31658	-159.716	-82.8486	86.5345	99.0107	106.306	134.139	74.5429	5.05272	-160.261	-112.865	-82.8195	7.3231	9	0	93.1151	8.97554	21.0678	-102.297	8.97554	21.0678	-102.297	
11780	17546	351.369	792.901	350.431	90.131	88.43	-0.886225	1	1	1	1	1	315.465	136.139	133.162	-146.09	-52.5325	43.7178	315.85	234.977	136.139	133.976	-18.2907	-146.09	-52.7049	-19.3516	43.7178	5.55422	11	0	68.1017	88.4458	-16.6449	-12.3765	88.4458	-16.6449	-12.3765	
11786	7242	312.71	977.243	312.699	80.5512	79.222	-0.531484	1	1	1	1	1	348.843	127.07	134.242	-35.4688	406.166	542.785	348.843	236.432	127.07	134.242	48.7441	-35.4688	406.166	472.928	542.785	5.45374	13	0	138.344	79.253	-19.6688	487.098	79.253	-19.6688	487.098	
11780	14631	310.406	852.819	310.25	-99999	-45.61	-0.985613	1	1	1	1	1	172.798	94.2495	133.343	-163.513	-86.0077	-96.1537	172.863	137.318	94.2787	133.417	-16.2394	-163.581	-86.007	-105.004	-96.1427	11.8156	9	0	129.548	-45.5854	-30.3479	-94.8654	-45.5854	-30.3479	-94.8654	
11786	16043	522.208	1210.29	509.972	71.7108	70.455	-0.644851	1	1	1	1	1	324.963	128.806	133.418	-171.639	184.132	542.576	325.172	225.119	124.244	133.831	-23.7071	-178.344	183.699	366.285	550.861	5.10586	12	0	79.75	70.4966	-16.3749	360.279	70.4966	-16.3749	360.279	
11773	5708	285.78	605.159	282.245	-99999	65.882	-0.963815	1	1	1	1	1	193.938	273.411	132.444	-136.924	-398.76	-405.07	214.566	250.103	295.017	132.452	-5.77238	-140.306	-398.76	-394.075	-405.011	4.56492	10	0	76.0134	65.9143	-34.8455	-399.775	65.9143	-34.8455	-399.775	
11795	24102	87.3573	203.189	78.299	-99999	51.531	-0.547182	1	1	1	1	1	333.394	343.183	132.488	91.4302	-698.21	-633.771	349.53	354.899	360.236	132.488	107.417	94.5806	-698.21	-662.956	-625.914	5.99645	12	0	72.7277	51.5576	55.9443	-596.09	51.5576	55.9443	-596.09	
11797	83095	86.5712	321.847	83.2081	46.056	45.112	-0.779374	1	0	0	0	0	223.667	177.209	132.374	70.9471	-685.308	-654.062	224.075	200.142	175.657	133.084	100.77	69.2542	-685.677	-669.793	-653.179	4.10223	9	0	69.9513	50.7548	-43.9469	83.9949	97.7148	74.1919	-419.349	
11795	1288	304.44	1101.15	303.922	-99999	89.631	-0.983001	0	0	0	0	0	224.806	246.302	134.728	-168.261	-796.672	-794.457	252.874	263.83	274.428	134.728	-17.0302	-168.754	-796.672	-794.676	-794.53	4.40626	15	0	85.7659	70.6617	1.22577	670.806	26.8517	-15.6114	88.7419	
11795	3718	100.484	235.775	99.7993	-99999	13.824	-0.821755	1	1	0	0	0	165.092	170.228	132.896	55.4989	-690.04	-627.787	165.073	169.074	170.229	132.925	93.9966	55.0186	-690.06	-658.663	-627.368	5.12544	15	0	71.4357	13.859	22.8497	-635.425	13.859	22.8497	-635.425	
11782	6716	327.67	711.338	320.705	-99999	16.447	-0.168226	1	1	1	1	1	245.002	240.294	130.171	-170.968	-678.039	-779.621	250.546	254.418	245.445	131.131	-15.5504	-171.203	-671.621	-730.58	-779.7	4.4893	12	0	77.1918	16.4742	-25.2102	-721.66	16.4742	-25.2102	-721.66	
11782	6896	127.727	303.671	126.382	-99999	57.137	-0.809639	1	1	1	1	0	229.758	284.677	130.73	24.5279	-595.841	-635.052	247.65	273.808	303.219	130.73	76.8131	23.6208	-595.841	-617.789	-635.798	4.48205	12	0	71.6477	57.1669	25.3993	-617.965	57.1669	25.3993	-617.965	
11797	59112	159.467	386.427	158.494	-99999	45.487	-0.956493	1	1	1	1	1	233.299	196.668	132.141	-18.7567	-397.617	-365.913	247.612	229.024	210.821	132.453	56.4885	-19.375	-397.687	-382.167	-365.759	5.67505	6	0	67.3869	45.522	-29.5555	-364.139	45.522	-29.5555	-364.139	
11781	792	137.918	333.605	137.593	114.191	113.734	-0.900212	0	0	0	0	0	248.005	202.601	132.864	12.2951	834.6	881.988	248.096	222.444	202.601	133.157	72.9125	12.2951	834.505	855.959	881.988	5.69127	9	0	76.8125	17.2492	-39.913	-590.393	17.2492	-39.913	-590.393	
11797	65914	56.8682	1365.13	56.5369	-99999	112.92	-0.482578	0	0	0	0	0	66.0839	110.556	90.6917	62.2142	682.29	702.378	65.6906	88.0828	110.426	90.8506	76.7507	62.2142	682.17	692.572	702.378	85.3391	8	0	1241.59	-999999	-999999	-999999	-999999	-999999	-999999	
11786	1897	225.394	491.139	224.5	-99999	52.618	-0.900352	1	1	1	0	0	201.145	128.298	133.866	-77.1705	850.439	861.925	209.353	166.801	136.253	133.866	29.791	-78.0021	850.439	857.245	862.117	5.19318	11	0	72.7312	52.6417	-18.0189	809.661	52.6417	-18.0189	809.661	
11786	2476	210.341	464.404	209.458	57.3162	56.825	-0.996751	1	1	1	1	1	218.316	202.168	132.114	-75.5704	735.998	750.163	218.334	210.825	202.168	132.971	28.151	-75.5704	735.927	736.907	750.163	4.4432	10	0	71.8722	56.837	-14.9088	725.657	56.837	-14.9088	725.657	
11797	42353	306.092	663.307	305.228	111.163	110.774	-0.890814	0	0	0	0	0	200.914	276.593	133.333	-136.669	2.41215	102.636	200.914	253.907	276.593	133.333	0.684992	-136.669	2.41215	57.0972	102.636	4.73183	7	0	68.2442	95.4535	67.6444	404.262	95.4535	67.6444	404.262	
11797	20944	61.4515	224.931	61.4496	-99999	102.343	-0.924487	0	0	0	0	0	198.838	178.474	132.447	76.1064	-507.03	-520.365	230.886	220.248	210.522	132.447	104.549	76.1064	-507.03	-514.266	-520.365	9.37619	11	0	127.914	6.29553	27.2101	730.242	6.29553	27.2101	730.242	
11797	70699	357.618	1137.37	357.314	-99999	-35.241	-0.326695	1	1	1	1	1	61.8145	147.374	79.4033	-34.625	-544.553	-871.029	61.8548	105.524	147.461	79.4033	24.1546	-34.7171	-544.553	-708.904	-871.208	5.60797	7	0	48.999	-35.2574	17.5906	-683.256	-35.2574	17.5906	-683.256	
11797	77522	489.436	1113.58	489.427	71.7278	70.823	-0.57885	1	1	1	1	1	139.821	300.197	133.511	-162.405	15.9449	369.013	139.821	224.139	300.197	133.511	-11.4188	-162.405	15.9449	194.009	369.013	4.36032	10	0	72.1822	70.8738	-27.5559	211.149	70.8738	-27.5559	211.149	
11780	728	287.346	749.09	286.967	-99999	87.772	-0.834517	1	1	1	1	1	182.87	331.656	127.154	-113.74	-431.296	-477.612	210.355	284.057	359.34	127.154	5.95168	-114.049	-431.296	-453.807	-477.682	10.4393	10	0	51.3824	87.7988	-33.9887	-462.363	87.7988	-33.9887	-462.363	
11776	465	192.19	547.463	191.362	-99999	71.86	-0.729804	1	1	1	1	1	158.901	222.234	133.285	-7.5921	-178.627	-65.7055	147.346	179.257	210.941	133.888	63.1753	-7.5921	-179.127	-122.441	-65.7055	14.4979	13	0	76.854	71.8887	-23.0367	-50.2899	71.8887	-23.0367	-50.2899	
11780	1155	234.445	496.533	233.345	-99999	13.929	-0.842201	1	1	1	1	1	118.087	94.4163	133.589	-65.1762	272.024	390.783	118.071	102.435	94.4368	133.589	32.6546	-66.2066	272.024	329.369	391.145	12.9203	9	0	69.9307	13.9583	-5.96928	345.825	13.9583	-5.96928	345.825	
11797	54889	274.657	615.299	274.166	19.9331	18.735	-0.991821	1	1	1	1	1	159.084	223.751	132.9	-132.086	-28.4049	-40.9059	159.036	185.516	223.751	133.381	-1.31069	-132.086	-28.3972	-28.6362	-40.9059	4.08765	12	0	68.1654	18.7653	-14.1712	-28.2033	18.7653	-14.1712	-28.2033	
11772	743	98.8386	437.176	98.6375	-99999	48.114	-0.881243	1	1	1	1	1	225.218	195.415	132.904	45.7621	-756.078	-791.276	240.34	225.403	210.481	133.08	89.6672	45.7621	-756.002	-774.279	-791.276	6.39882	9	0	93.7165	48.1417	-16.332	-767.986	48.1417	-16.332	-767.986	
11782	403	129.671	301.569	128.72	-34.5749	-35.417	-0.827249	1	1	1	1	1	245.1	188.962	129.984	23.5416	459.049	503.48	245.526	215.471	188.962	130.769	77.527	23.5416	458.732	480.248	503.48	5.30165	17	0	70.9757	-35.384	0.223611	487.529	-35.384	0.223611	487.529	
11782	2743	26.4063	86.1386	25.2298	-99999	46.545	-0.946811	0	0	0	0	0	285.634	294.402	133.432	109.87	515.779	516.907	300.209	304.137	309.352	133.432	120.871	108.761	515.779	516.72	516.871	5.42109	8	0	70.4783	53.8275	-80.5964	-708.416	53.8275	-80.5964	-708.416	
11786	2214	395.739	9165.85	393.225	39.9062	37.934	-0.779865	1	1	1	1	1	327.602	147.873	134.153	-171.688	143.213	312.777	327.638	238.116	146.633	134.222	-19.6217	-173.527	143.17	229.567	313.748	4.12144	10	0	57.0818	37.9661	-16.4565	227.356	37.9661	-16.4565	227.356	
11772	6932	931.506	2890.31	915.473	-99999	-30.083	-0.537565	1	1	1	1	1	141.343	117.312	131.383	-169.239	700.437	-153.214	141.377	129.074	117.769	131.383	-25.8968	-163.471	700.437	276.229	-159.41	19.3196	6	0	88.855	-30.0367	-20.7317	286.507	-30.0367	-20.7317	286.507	
11797	66516	241.695	548.049	240.985	113.31	-38.683	-0.935536	0	0	0	0	0	168.857	238.038	132.114	-92.1114	-544.314	-596.413	168.632	203.83	238.038	132.771	21.6133	-92.1114	-544.213	-575.189	-596.413	9.05616	11	0	81.688	44.0259	42.9468	-140.955	44.0259	42.9468	-140.955	
11795	28206	526.448	1199.49	524.662	-13.1903	-14.475	-0.605273	1	1	1	1	1	266.021	116.751	133.181	-135.856	778.205	369.78	266.174	187.867	116.415	133.565	-26.1669	-135.309	778.686	584.783	368.846	4.95538	12	0	74.1141	-14.4296	-33.5607	546.568	-14.4296	-33.5607	546.568	
11774	141	310.056	732.959	281.987	87.4107	87.412	-0.645371	1	1	1	1	1	121.052	338.152	133.789	-45.452	310.128	325.142	120.182	239.192	359.083	134.525	35.562	-62.2508	310.072	318.249	326.536	5.88161	9	0	58.9574	87.4082	-40.0337	320.125	87.4082	-40.0337	320.125	
11776	1484	302.583	673.285	302.402	-99999	-28.876	-0.827825	1	1	1	1	1	107.369	196.379	109.724	-138.253	-892.636	-760.832	107.38	167.165	196.412	109.772	-15.1752	-138.253	-892.659	-832.001	-760.832	11.0083	13	0	75.8688	-28.8798	-16.9754	-782.528	-28.8798	-16.9754	-782.528	
11797	14866	376.354	909.806	374.008	99.0586	96.44	-0.79174	1	1	1	1	1	350.417	126.189	133.428	-147.706	28.3452	120.629	350.629	238.592	125.292	133.737	-11.4627	-149.121	28.2432	69.8531	121.627	4.67962	13	0	71.2112	96.4704	-5.62618	62.5349	96.4704	-5.62618	62.5349	
11797	44889	49.8263	124.103	47.2276	-99999	115.9	-0.922676	0	0	0	0	0	316.925	322.834	133.659	90.6877	-450.913	-433.66	353.133	356.594	359.218	134.016	110.991	89.3323	-451.033	-442.205	-433.832	8.68288	6	0	67.2185	87.2489	-36.3392	-807.742	87.2489	-36.3392	-807.742	
11773	4501	175.936	596.793	174.764	-99999	31.319	-0.988772	1	1	1	1	1	175.892	205.055	132.511	-39.7771	91.9115	94.0801	175.689	190.268	205.026	133.635	46.8982	-39.8093	91.9024	93.261	94.0792	9.31633	7	0	202.534	31.347	-29.2101	86.8281	31.347	-29.2101	86.8281	
11781	3507	329.975	609.806	328.039	-99999	106.669	-0.618179	0	0	0	0	0	206.814	176.835	132.294	-32.1833	-596.295	-328.395	206.717	190.041	176.713	132.36	36.9554	-32.1833	-596.376	-463.036	-328.395	5.83295	14	0	80.9668	-999999	-999999	-999999	-999999	-999999	-999999	
11773	192	199.735	449.594	199.385	-99999	100.913	-0.915931	1	1	1	1	1	236.528	279.822	133.752	-57.8142	-356.24	-328.973	267.992	291.348	311.422	134.061	39.4803	-57.8149	-356.298	-335.12	-328.973	5.12663	8	0	69.4343	100.939	-13.7876	-341.356	100.939	-13.7876	-341.356	
11797	11000	372.127	828.011	370.895	-99999	62.176	-0.765452	1	1	1	1	1	124.59	97.6928	133.495	-151.535	377.874	607.058	124.539	105.223	97.4395	133.599	-7.2958	-152.231	377.788	497.511	607.848	5.071	15	0	73.3094	62.193	-24.6742	508.858	62.193	-24.6742	508.858	
11797	11360	109.385	263.808	109.381	-99999	-41.235	-0.964337	1	1	1	1	0	171.988	135.269	132.944	39.2632	650.516	688.103	172.035	159.883	135.316	132.944	81.7954	39.2632	650.516	665.036	688.103	5.91835	12	0	73.989	-41.2057	17.1684	672.691	-41.2057	17.1684	672.691	
11797	71132	304.988	812.778	304.251	-99999	78.279	-0.902897	1	1	1	1	1	86.6756	222.905	133.535	-137.731	-658.714	-678.934	74.2671	142.013	210.785	133.78	-2.41149	-138.156	-658.691	-669.398	-678.955	4.77677	6	0	77.8673	78.3042	-20.6506	-657.09	78.3042	-20.6506	-657.09	
11797	60586	69.4284	104.07	65.181	-99999	47.918	-0.988428	1	1	1	1	1	210.069	218.046	127.915	66.178	-653.409	-634.726	202.23	206.244	210.688	130.43	97.3197	64.8049	-653.614	-644.618	-634.172	5.87051	10	0	48.1651	47.9508	-20.9605	-608.625	12.7808	-24.1817	-647.939	
11797	62026	225.049	557.142	223.03	-19.0823	-20.452	-0.888444	1	1	1	1	1	207.883	234.304	131.36	-51.3234	518.876	395.716	207.645	222.329	234.322	132.895	41.1296	-51.5657	519.621	456.568	395.568	5.5018	9	0	79.7066	-20.4114	-17.1337	426.963	-20.4114	-17.1337	426.963	
11786	8393	167.854	374.06	167.453	-99999	116.558	-0.852755	0	0	0	0	0	200.563	280.803	132.273	-14.3798	441.959	445.254	236.854	278.877	317.303	132.612	60.0834	-14.3798	441.942	444.658	445.254	4.50615	7	0	74.8837	36.327	-75.5802	62.8096	36.327	-75.5802	62.8096	
11772	3264	207.627	473.254	204.853	24.3944	24.563	-0.849542	1	1	1	1	1	285.146	175.466	133.946	-37.608	-88.3939	-69.0965	285.146	227.576	174.407	133.946	48.3617	-40.1503	-88.3939	-77.3621	-69.3605	4.60029	6	0	82.0246	24.6018	2.13647	-74.1542	24.6018	2.13647	-74.1542	
11795	3994	327.198	1259.13	325.868	-99999	55.032	-0.936947	1	1	1	1	1	76.9551	176.991	132.86	-170.949	297.555	235.948	76.7464	126.703	177.179	133.386	-19.3142	-171.647	297.684	266.884	235.8	4.56696	6	0	70.1848	55.0633	-42.5213	255.534	55.0633	-42.5213	255.534	
11775	6391	264.024	593.926	261.278	-99999	0.613	-0.987695	1	1	1	1	1	280.527	269.914	132.047	-123.529	-460.011	-411.184	280.719	268.031	270.355	132.047	3.16395	-126.149	-460.011	-436.061	-410.519	21.0888	8	0	144.748	0.637249	-22.4193	-434.92	0.637249	-22.4193	-434.92	
11772	2533	318.821	730.374	317.604	68.8754	67.03	-0.886912	1	1	1	1	1	306.535	154.012	134.018	-133.218	-198.567	-124.683	306.85	230.57	153.795	134.699	-0.247239	-133.607	-198.713	-162.192	-124.667	4.51182	8	0	75.2958	67.0639	-6.34246	-164.525	67.0639	-6.34246	-164.525	
11772	4063	311.789	633.789	309.526	-99999	18.849	-0.954944	1	1	1	1	1	148.817	190.434	132.472	-168.917	772.581	740.361	148.512	184.315	190.158	133.451	-17.4651	-170.035	772.688	758.755	740.268	4.98506	6	0	68.8817	18.8784	-19.3115	740.902	18.8784	-19.3115	740.902	
11759	370	301.1	651.347	300.669	-23.9357	-24.3	-0.90876	1	1	1	1	1	88.4923	232.154	133.676	-127.266	-810.748	-832.435	88.3348	154.592	232.154	134.059	1.27854	-127.266	-810.69	-835.464	-832.435	4.80172	10	0	67.5533	-24.2681	1.87732	-788.163	-24.2681	1.87732	-788.163	
11774	6551	259.164	593.964	258.934	-99999	-16.881	-0.853418	1	1	1	1	1	190.01	139.631	133.82	-95.9725	-165.499	-61.1078	190.029	167.8	139.555	133.82	18.2511	-96.1737	-165.499	-111.51	-61.0933	7.05991	6	0	76.2905	-16.8606	-19.5594	-93.0835	-16.8606	-19.5594	-93.0835	
11774	7631	296.75	595.3	296.647	-99999	-14.82	-0.937568	1	1	1	1	1	206.56	188.071	132.985	-140.787	462.089	562.917	206.58	197.331	188.088	133.02	-8.46436	-140.787	462.076	503.661	562.917	4.45344	10	0	65.9584	-14.7933	-24.7854	525.713	-14.7933	-24.7854	525.713	
11797	58705	176.177	423.022	176.096	41.317	41.715	-0.727454	1	1	1	1	1	170.225	286.363	133.362	3.49149	-726.929	-746.21	170.225	232.457	286.405	133.362	72.2523	3.42733	-726.929	-738.568	-746.218	6.05412	8	0	75.1095	41.76	10.6106	-730.688	41.76	10.6106	-730.688	
11797	61315	97.519	236.87	96.7047	-99999	-24.765	-0.971881	1	1	0	0	0	109.375	88.1554	133.408	40.2478	724.266	736.172	109.444	99.283	87.9852	133.562	85.9707	39.6318	724.264	726.668	736.253	4.90755	9	0	73.6384	-24.7412	33.4658	735.582	-24.7412	33.4658	735.582	
11786	29264	35.4637	214.865	33.0191	88.1122	87.171	-0.742894	1	1	1	1	1	125.826	134.796	128.979	99.8697	-740.859	-751.566	139.425	144.699	149.585	128.979	114.004	98.0109	-740.859	-748.366	-751.152	117.745	21	0	147.007	87.203	-11.8335	-759.415	87.203	-11.8335	-759.415	
11797	54113	272.569	620.76	269.429	-40.7398	-41.93	-0.95969	1	1	1	1	1	260.571	177.605	132.145	-122.921	266.322	268.276	260.995	213.683	177.012	133.615	6.04554	-124.409	266.251	271.009	268.283	9.78816	7	0	94.1609	-41.9086	-23.9839	264.9	-41.9086	-23.9839	264.9	
11797	35485	189.536	440.323	189.375	-99999	94.461	-0.985352	1	1	1	1	1	208.693	189.146	129.398	-58.1941	-263.229	-253.635	208.607	195.156	189.038	129.545	35.967	-58.1941	-263.241	-257.9	-253.635	5.28047	7	0	92.9899	98.3744	-13.0212	-368.109	98.3744	-13.0212	-368.109	
11797	80395	84.3393	187.963	74.8315	-99999	116.056	-0.32645	0	0	0	0	0	262.122	316.961	133.577	108.368	15.1637	59.3962	298.091	328.97	359.988	133.737	119.463	105.337	14.8859	39.8014	64.631	5.97625	6	0	62.845	-13.8271	-0.550711	585.307	-13.8271	-0.550711	585.307	
11795	29095	340.409	940.812	336.818	74.9227	74.906	-0.842085	1	1	1	1	1	274.533	130.314	134.289	-137.129	500.273	624.029	274.533	198.223	130.314	134.289	-3.30063	-137.129	500.273	563.826	624.029	4.15359	13	0	52.2217	74.9314	-41.6363	586.159	74.9314	-41.6363	586.159	
11797	92456	86.6415	227.254	86.4623	-99999	75.646	-0.968753	1	1	0	0	0	266.96	252.331	133.656	51.4095	-520.909	-542.925	290.681	282.897	276.019	133.826	92.4996	51.4095	-520.883	-531.147	-542.925	7.89022	8	0	81.5857	75.677	28.0543	-547.034	75.677	28.0543	-547.034	
11797	41105	203.918	485.249	202.188	-99999	96.702	-0.688223	1	1	1	1	1	203.065	145.937	133.535	-9.5184	626.832	757.231	202.955	176.989	145.257	133.535	61.9194	-10.6956	626.832	694.483	758.361	6.965	13	0	89.002	96.7394	1.99937	710.415	27.5094	61.9644	637.457	
11786	15206	235.162	800.118	232.013	-99999	26.939	-0.905678	1	1	1	1	1	189.842	92.8248	132.176	-78.379	-304.66	-313.329	190.303	141.318	92.1852	133.222	26.4282	-80.2628	-304.61	-309.126	-313.528	8.49482	8	0	295.666	26.9494	-59.3067	-309.582	26.9494	-59.3067	-309.582	
11786	1895	246.737	530.599	245.56	-99999	9.037	-0.806452	1	1	1	1	1	98.335	123.38	133.42	-46.3749	-704.493	-542.684	98.3246	113.098	123.217	133.42	38.4854	-47.0101	-704.493	-627.211	-542.092	5.97847	15	0	79.7356	9.07116	-2.39261	-598.413	9.07116	-2.39261	-598.413	
11786	30054	60.6888	136.952	53.0622	-99999	89.81	-0.602543	1	1	0	0	0	122.959	80.0905	128.798	97.7297	-179.571	-176.139	122.857	98.4763	73.5957	128.798	110.85	93.6244	-179.571	-177.562	-175.498	6.07588	8	0	67.5957	89.8223	74.8141	-173.495	89.8223	74.8141	-173.495	
11786	30054	26.6386	95.499	26.4381	-99999	87.861	-0.968479	0	0	0	0	0	169.34	176.51	132.953	108.019	608.489	607.242	169.232	172.344	176.459	133.018	120.329	107.946	608.505	606.116	607.302	7.24821	14	0	74.1933	89.8223	74.8141	-173.495	89.8223	74.8141	-173.495	
11789	7874	28.4395	162.449	26.9514	-99999	92.096	-0.994181	0	0	0	0	0	209.694	216.223	130.246	108.114	-242.545	-233.098	238.533	239.627	245.439	130.252	117.395	107.865	-242.546	-239.253	-232.449	4.68866	6	0	122.707	25.2831	28.932	-825.623	-0.806859	-20.5922	-62.8987	
11775	686	326.03	908.319	324.091	-99999	4.903	-0.835993	1	1	1	1	1	246.809	125.684	131.135	-111.702	613.472	783.073	247.159	199.998	125.533	132.467	1.79127	-111.913	612.671	697.268	783.123	6.36659	9	0	76.1772	4.93458	-34.0057	708.129	4.93458	-34.0057	708.129	
11795	22261	353.366	775.016	352.142	93.443	93.521	-0.821109	1	1	1	1	1	333.287	101.978	133.35	-114.692	265.107	349.63	333.939	225.374	101.978	134.354	-1.35874	-114.692	264.894	296.094	349.63	4.2073	8	0	71.5425	93.5456	-30.8204	306.231	93.5456	-30.8204	306.231	
11797	35794	239.121	642.273	239.119	-99999	114.582	-0.772737	0	0	0	0	0	176.25	323.6	133.635	-50.0644	83.8767	42.6892	212.131	285.435	359.481	133.635	41.3545	-50.0644	83.8767	63.821	42.6892	6.97033	15	0	136.303	27.4218	-42.1855	28.0776	27.4218	-42.1855	28.0776	
11795	31369	153.482	349.174	143.039	110.996	113.332	-0.384084	0	0	0	0	0	222.179	106.711	126.997	61.802	346.018	397.471	224.49	162.961	100.322	128.071	95.0471	58.3122	344.853	374.661	399.367	6.68966	6	0	57.2917	27.875	-45.151	-721.544	-11.035	-67.056	-525.395	
11797	61806	287.883	657.179	285.321	-99999	73.352	-0.984221	1	1	1	1	1	232.159	253.994	132.385	-147.901	697.043	737.854	255.098	267.038	277.031	132.998	-9.34789	-149.712	696.929	713.849	738.225	4.02532	6	0	133.888	73.3691	-22.4538	707.888	73.3691	-22.4538	707.888	
11780	5752	167.205	389.409	165.764	-99999	4.425	-0.881757	1	1	1	1	1	227.467	304.869	131.698	-13.103	-655.352	-651.768	228.179	267.747	306.255	132.96	59.9934	-13.103	-655.479	-646.187	-651.768	4.14057	12	0	73.5097	4.44654	6.11773	-642.167	4.44654	6.11773	-642.167	
11797	40889	164.817	385.251	162.671	-99999	14.846	-0.861611	1	1	1	0	0	249.648	329.198	133.349	-6.93031	-781.481	-780.298	254.255	292.959	335.005	133.42	61.3676	-8.58096	-781.49	-772.712	-780.714	5.62188	7	0	71.4044	14.8741	10.5634	-763.667	14.8741	10.5634	-763.667	
11797	72193	447.203	1053.5	447.196	-99999	86.426	-0.669112	1	1	1	1	1	209.72	151.2	129.416	-170.014	-876.802	-554.92	209.621	184.564	151.101	129.416	-36.6818	-170.014	-876.802	-729.633	-554.92	4.0773	16	0	64.8273	86.4404	-39.8134	-675.257	86.4404	-39.8134	-675.257	
11797	75492	191.327	3671.23	185.589	-99999	16.857	-0.961352	1	1	1	1	1	284.396	280.499	133.192	-27.9086	622.425	712.871	289.674	289.02	282.751	133.192	50.0675	-31.834	622.425	669.505	712.419	129.674	19	0	3668.56	16.8877	-26.6859	696.065	16.8877	-26.6859	696.065	
11797	70820	177.331	433.739	173.793	-43.1911	-44.68	-0.795062	1	1	1	1	1	206.238	219.798	131.516	-4.18899	-182.059	-288.585	206.18	210.909	220.076	132.169	58.9242	-5.81205	-181.556	-231.123	-290.703	5.35735	19	0	74.4794	-44.6445	4.81843	-250.013	-44.6445	4.81843	-250.013	
11761	3128	150.85	374.219	149.713	-99999	-33.514	-0.990009	1	1	1	1	1	277.546	286.618	133.999	-14.2097	-446.712	-432.264	267.051	270.617	276.328	133.999	59.234	-15.2785	-446.712	-439.113	-432.047	4.26406	8	0	75.9221	-33.4884	4.08164	-439.742	-33.4884	4.08164	-439.742	
11780	23000	179.43	556.809	178.786	-99999	-5.936	-0.670118	1	1	1	1	1	62.9865	173.406	11.5458	-103.527	-790.364	-709.922	62.9933	118.568	173.804	11.5458	-46.7497	-103.887	-790.364	-750.877	-709.564	5.71735	11	0	97.6288	-5.90361	-42.5505	-721.042	-5.90361	-42.5505	-721.042	
11780	23090	497.414	2250.1	496.947	76.1174	76.184	-0.395034	1	1	1	1	1	294.085	104.049	133.742	-66.5295	254.951	667.298	294.174	199.222	104.049	133.865	33.616	-66.5295	254.678	460.509	667.298	16.0606	14	0	647.134	76.2168	-66.28	680.304	87.2368	7.34379	523.034	
11780	14564	342.745	1470.16	341.601	44.4361	45.657	-0.786052	1	1	1	1	1	340.427	153.615	133.818	-120.788	-186	-57.3147	340.87	245.37	153.477	134.527	6.57165	-120.941	-186.32	-124.334	-57.2193	5.33823	10	0	68.9351	45.686	1.14007	-127.646	45.686	1.14007	-127.646	
11786	19382	304.805	699.273	304.139	-99999	14.973	-0.986574	1	1	1	1	1	248.497	248.582	132.781	-168.407	-403.199	-417.317	253.138	259.114	253.271	133.243	-17.6177	-168.407	-403.133	-412.124	-417.317	9.12351	8	0	53.2067	15.0005	-24.6524	-413.966	15.0005	-24.6524	-413.966	
11797	68106	269.218	639.177	267.412	-99999	57.301	-0.721188	1	1	1	1	0	181.432	89.1632	132.856	-69.6702	629.386	772.188	181.42	139.723	88.3448	132.956	35.9875	-71.1524	629.306	712.738	772.271	6.22019	6	0	72.1767	57.3221	-37.5722	256.202	-12.9779	-14.4893	651.264	
11795	18628	175.046	455.492	163.548	-44.8149	-44.83	-0.76275	1	1	1	1	1	218.868	96.1945	133.658	27.8752	-774.2	-795.95	218.868	153.955	87.7283	133.658	76.1703	20.2873	-774.2	-785.538	-797.544	4.59702	11	0	80.0339	-44.8044	2.3743	-779.475	-44.8044	2.3743	-779.475	
11782	14379	400.292	1009.72	385.791	-99999	-34.27	-0.79828	1	1	1	1	1	331.969	273.751	133.192	-170.041	-587.529	-818.765	321.403	291.189	260.914	134.193	-23.2697	-180.38	-586.805	-706.564	-826.775	32.512	13	0	64.5803	-34.258	-6.50163	-679.733	-34.258	-6.50163	-679.733	
11774	5283	255.786	535.208	255.072	15.3138	14.82	-0.85372	1	1	1	1	1	197.104	330.108	133.679	-80.1405	-301.868	-316.981	197.104	274.3	330.403	133.679	32.1203	-80.7793	-301.868	-306.722	-316.982	8.69106	7	0	76.5655	14.8445	-44.9829	-322.246	14.8445	-44.9829	-322.246	
11797	67724	121.798	309.88	121.598	-99999	56.495	-0.981725	1	1	1	0	0	63.6841	86.3252	131.718	14.3832	82.3678	97.7596	63.6172	69.8314	86.281	131.801	72.0128	14.2794	82.3532	90.0188	97.7839	7.0584	12	0	74.6811	65.342	-26.9391	199.577	14.382	50.4697	-38.7951	
11759	3082	354.555	1004.03	345.583	90.832	88.845	-0.904846	1	1	1	1	1	293.873	149.941	133.388	-171.333	762.849	686.483	294.059	220.431	146.481	133.874	-22.3847	-178.71	762.956	723.137	684.309	10.2766	6	0	84.4435	88.8788	-32.4405	699.883	88.8788	-32.4405	699.883	
11759	3573	107.836	251.868	106.5	-99999	101.616	-0.458038	1	1	0	0	0	269.475	327.075	132.789	84.1414	-676.59	-601.374	301.148	330.227	359.502	132.913	108.107	83.6624	-676.779	-638.75	-600.641	5.45012	7	0	52.0743	101.647	67.4352	-601.035	101.647	67.4352	-601.035	
11797	56446	117.349	276.195	115.474	-99999	83.407	-0.848795	1	1	0	0	0	266.255	197.385	133.145	41.0307	859.281	852.486	279.582	245.506	209.708	133.503	85.7989	39.8109	859.286	858.18	852.448	4.51799	6	0	60.2589	83.4388	21.5327	794.409	83.4388	21.5327	794.409	
11782	2464	257.463	593.013	256.342	-99999	104.785	-0.673	0	0	0	0	0	303.163	179.252	133.434	-24.4152	603.639	445.019	336	278.62	211.538	133.486	52.581	-25.1357	603.688	521.725	444.482	4.51239	12	0	64.5208	-21.492	-24.5828	162.491	-21.492	-24.5828	162.491	
11782	2734	313.35	729.391	313.116	-99999	-48.788	-0.746287	1	1	1	1	1	153.234	156.793	133.557	-115.774	343.288	502.358	153.289	143.326	156.848	133.557	15.8254	-115.774	343.288	441.601	502.358	4.33837	11	0	67.8848	-48.751	-11.606	445.256	-48.751	-11.606	445.256	
11786	27856	163.582	1248.21	163.58	-605.377	-35.199	-0.778705	1	1	1	1	1	198.372	264.129	133.209	-6.67895	823.579	775.351	198.372	235.596	264.129	133.209	67.5113	-6.67895	823.579	792.425	775.351	5.73841	8	0	65.8709	-35.1612	-26.7144	324.556	-20.1212	1.59099	843.9	
11759	2866	68.2161	186.406	68.2154	-99999	-38.538	-0.744418	1	0	0	0	0	150.903	180.267	132.834	84.4664	511.565	549.491	150.947	164.848	180.311	132.834	107.539	84.4664	511.565	529.737	549.491	7.35926	10	0	73.7871	-38.5014	26.5061	549.674	-38.5014	26.5061	549.674	
11786	9164	248.43	568.378	244.963	50.3543	48.817	-0.948701	1	1	1	1	1	234.643	142.729	132.551	-91.5374	-518.552	-549.968	234.863	191.815	142.239	133.261	17.8086	-94.0816	-518.49	-533.213	-550.762	12.8055	8	0	93.2925	48.8477	-22.8252	-536.348	48.8477	-22.8252	-536.348	
11797	40629	138.922	324.338	138.27	-99999	1.694	-0.945152	1	1	1	1	1	169.8	194.109	132.768	1.83541	285.004	319.979	169.658	186.821	194.113	133.332	67.8986	1.79061	284.869	300.468	319.997	5.018	12	0	74.7449	1.71958	3.73444	305.177	1.71958	3.73444	305.177	
11786	20466	313.933	854.47	313.449	-99999	102.378	-0.959547	0	0	0	0	0	244.116	327.194	133.14	-167.601	276.298	247.569	276.09	318.021	359.273	133.416	-17.2598	-167.785	276.302	263.317	247.518	6.16821	12	0	52.3009	45.3921	5.15255	-287.331	22.0221	3.37855	106.775	
11786	5390	222.447	494.915	220.878	-99999	2.584	-0.927363	1	1	0	0	0	63.0976	100.364	133.907	-72.2376	824.74	878.348	62.8083	96.4339	100.223	134.695	30.7218	-72.8758	824.595	845.001	878.52	8.16894	9	0	72.4522	2.6114	10.1693	827.59	2.6114	10.1693	827.59	
11773	9081	147.828	414.516	147.323	-99999	-4.351	-0.804548	1	1	1	0	0	62.7343	131.33	-47.433	-166.599	249.346	299.129	62.7393	93.784	131.691	-47.433	-107.167	-166.942	249.346	279.646	299.22	4.84767	6	0	76.1085	-4.32237	-56.0522	263.136	-4.32237	-56.0522	263.136	
11795	8963	202.316	636.583	201.704	-99999	31.789	-0.75945	1	1	1	1	1	204.931	82.4935	126.544	-25.2972	-232.575	-181.324	205.012	143.802	82.2063	126.698	50.1365	-25.5987	-232.629	-207.651	-181.206	8.01907	10	0	157.106	31.8173	-16.386	-182.789	31.8173	-16.386	-182.789	
11775	5736	312.069	700.193	309.988	67.4548	65.389	-0.860288	1	1	1	1	1	338.975	176.508	133.363	-126.903	-539.899	-508.042	339.679	256.924	176.288	134.559	2.88407	-127.54	-539.956	-529.314	-507.945	6.67811	8	0	77.7074	65.415	-6.82869	-533.478	65.415	-6.82869	-533.478	
11782	7127	148.879	338.958	148.607	-99999	109.606	-0.837395	0	0	0	0	0	93.7395	174.501	133.611	27.4909	-690.755	-629.108	93.5076	128.88	174.375	133.838	74.5341	27.4909	-690.851	-663.432	-629.108	4.24017	17	0	69.4395	74.4016	3.94337	-101.97	74.4016	3.94337	-101.97	
11789	21752	410.329	1138.74	403.051	-99999	-8.867	-0.7464	1	1	1	1	1	255.102	339.066	133.335	-171.144	455.308	205.629	252.325	293.743	336.608	133.335	-19.9653	-175.946	455.308	325.47	200.344	6.91002	9	0	122.365	-8.83494	-44.5696	278.372	-8.83494	-44.5696	278.372	
11786	20179	228.436	1268.32	227.275	-99999	46.792	-0.975526	1	1	1	1	1	275.726	313.323	133.456	-88.8297	-625.005	-616.026	290.223	305.796	328.108	134.198	21.2615	-89.0475	-625.107	-619.808	-616.253	6.13397	25	0	829.239	46.8082	-20.8906	-614.12	46.8082	-20.8906	-614.12	
11789	4133	186.01	395.312	158.595	-99999	70.308	-0.983849	1	1	1	0	0	311.832	333.828	131.975	-24.8671	-808.912	-801.115	333.431	346.387	359.248	134.28	42.2896	-49.6709	-808.843	-804.885	-800.237	6.712	8	0	63.4937	70.3298	0.772569	-798.934	70.3298	0.772569	-798.934	
11795	803	117.099	268.498	116.406	-99999	88.633	-0.999445	1	1	1	1	1	203.897	195.695	132.982	16.9505	21.406	18.2541	217.832	214.108	209.589	133.257	74.8476	16.546	21.4134	20.5644	18.1831	4.40344	10	0	45.9106	88.666	-21.2058	20.8179	88.666	-21.2058	20.8179	
11795	2153	160.982	387.957	160.231	-99999	113.78	-0.700162	0	0	0	0	0	118.554	166.837	133.346	28.3776	174.12	284.244	118.266	141.605	166.707	133.872	77.4425	28.3776	173.61	226.005	284.244	5.64993	14	0	72.9866	94.1696	-38.3279	-685.356	94.1696	-38.3279	-685.356	
11797	78244	183.287	403.79	179.026	-99999	90.715	-0.742433	1	1	1	1	0	209.931	328.639	131.45	-2.19323	92.927	102.264	237.562	297.753	359.066	132.314	63.4457	-4.53464	92.8404	98.4608	102.155	5.15157	7	0	58.0325	90.6953	13.4678	98.1519	90.6953	13.4678	98.1519	
11797	52605	305.081	654.749	302.427	-99999	97.172	-0.985868	1	1	1	1	1	244.415	265.568	132.708	-165.74	253.773	237.882	274.769	283.982	296.505	133.403	-18.5052	-167.413	253.887	249.069	237.494	4.7447	12	0	82.3857	97.1995	-30.1774	242.184	97.1995	-30.1774	242.184	
11797	68284	263.159	575.683	260.966	-99999	16.245	-0.883307	1	1	1	1	1	206.872	204.046	126.74	-119.768	-86.2543	-9.56017	206.853	201.77	204.144	126.74	1.93103	-120.636	-86.2543	-45.4432	-9.35457	5.47948	11	0	90.281	16.2742	-16.7788	-38.8333	16.2742	-16.7788	-38.8333	
11797	48914	464.407	1079.02	462.887	45.0152	44.238	-0.565996	1	1	1	1	1	87.1761	318.204	133.471	-146.927	851.378	577.175	86.4408	215.005	318.204	134.333	5.57178	-146.927	852.359	708.174	577.175	7.93002	15	0	124.556	44.2863	-14.6149	680.162	44.2863	-14.6149	680.162	
11789	7240	264.143	595.816	263.638	-99999	64.425	-0.410901	1	1	1	1	1	241.027	339.092	131.233	24.4293	-531.131	-311.096	261.082	310.353	359.321	131.369	76.6437	24.3686	-531.407	-421.791	-310.943	5.077	9	0	50.9265	64.4596	26.066	-348.127	64.4596	26.066	-348.127	
11797	6713	117.702	305.119	117.701	-99999	-0.195	-0.383394	1	1	1	1	1	358.415	272.565	-20.8244	27.1756	-136.099	-71.4754	272.504	315.444	358.354	27.1756	3.29403	-20.8244	-71.4754	-103.857	-136.099	4.81732	270	0	305.119	-0.153846	1.91583	-80.5064	-0.153846	1.91583	-80.5064	
11786	10402	285.775	680.232	284.752	-99999	100.911	-0.890312	0	0	0	0	0	194.268	92.8308	129.464	-115.93	63.8223	164.451	194.25	143.88	92.4644	129.747	4.29221	-116.519	63.7184	109.664	164.741	5.15672	11	0	72.2932	8.0671	16.4527	763.877	8.0671	16.4527	763.877	
11797	98958	149.703	412.11	148.723	-99999	108.398	-0.719207	0	0	0	0	0	189.048	94.5585	132.795	27.2089	-548.579	-503.425	189.176	141.765	94.072	133.083	79.8255	26.7902	-548.699	-525.943	-503.26	4.28011	9	0	61.2274	98.6002	41.6427	821.615	98.6002	41.6427	821.615	
11782	12992	79.231	194.418	78.2839	-99999	-40.358	-0.863201	1	1	0	0	0	122.737	116.535	134.575	66.503	-11.3119	23.8839	122.784	119.675	116.473	134.575	101.398	65.8637	-11.3119	9.05824	23.7418	5.81717	10	0	69.4441	-40.3371	44.366	16.037	-40.3371	44.366	16.037	
11774	3896	190.177	448.025	190.162	-99999	45.342	-0.927088	1	1	1	1	1	164.274	159.195	133.899	-45.0063	-129.753	-67.6563	164.222	158.32	159.143	133.899	44.6178	-45.0063	-129.753	-97.9523	-67.6563	4.6622	9	0	69.9827	45.3675	-3.67753	-91.3595	45.3675	-3.67753	-91.3595	
11780	22649	175.796	378.826	175.786	42.0971	41.732	-0.965193	1	1	1	1	1	212.232	202.432	131.644	-40.6951	-588.912	-567.464	212.232	200.961	202.432	131.644	45.9251	-40.6951	-588.912	-573.762	-567.464	4.67723	11	0	63.7115	41.7662	-7.59138	-564.968	41.7662	-7.59138	-564.968	
11786	28067	165.43	368.425	165.428	-99999	8.763	-0.560554	1	1	1	1	0	63.9278	169.178	-56.114	-146.408	791.863	881.897	63.9178	116.875	169.168	-56.114	-100.797	-146.408	791.863	837.017	881.897	5.06657	10	0	54.5861	8.80212	-56.8662	792.533	8.80212	-56.8662	792.533	
11797	5686	167.884	398.252	166.511	-99999	74.571	-0.909031	1	1	1	1	0	301.61	286.074	131.787	-32.3888	319.011	332.099	325.108	316.112	309.468	132.396	49.8522	-33.062	318.762	324.12	332.167	9.19393	8	0	78.9473	74.5937	-0.0199522	324.234	74.5937	-0.0199522	324.234	
11789	15702	294.308	624.361	291.937	75.4841	75.243	-0.892524	1	1	1	1	1	148.793	281.623	132.624	-94.7751	-603.693	-700.368	148.483	221.299	281.959	133.281	7.80915	-95.67	-603.587	-627.923	-701.686	4.85585	14	0	66.969	75.282	-24.9346	-646.834	75.282	-24.9346	-646.834	
11776	5261	190.063	439.089	187.719	110.512	111.098	-0.788612	1	1	1	1	1	273.963	156.839	133.617	-10.7315	482.358	468.222	274.317	212.766	155.818	134.124	63.2551	-12.102	482.45	467.953	468.254	4.35539	7	0	67.3643	111.117	-5.61357	463.542	111.117	-5.61357	463.542	
11795	21555	199.647	797.012	199.441	-99999	104.066	-0.67293	0	0	0	0	0	69.5295	127.715	132.985	-20.7715	-592.255	-481.823	69.4104	104.125	127.62	132.985	60.0334	-20.9419	-592.255	-534.155	-481.714	4.84293	17	0	411.043	-999999	-999999	-999999	-999999	-999999	-999999	
11780	14153	149.34	396.177	148.734	-99999	92.162	-0.639268	1	1	1	1	1	188.932	76.7043	132.186	39.5061	-254.966	-224.381	189.278	133.038	76.5989	132.567	85.949	39.5061	-255.093	-239.64	-224.381	13.7812	7	0	85.8879	97.0744	-4.11865	779.977	97.0744	-4.11865	779.977	
11789	12272	250.29	580.354	249.116	84.3693	83.33	-0.968647	1	1	1	1	1	177.147	228.065	132.22	-106.126	214.951	169.777	177.014	197.026	228.187	132.995	11.4043	-106.473	215.101	194.064	169.784	5.92035	7	0	72.941	83.3597	-17.7734	188.133	83.3597	-17.7734	188.133	
11797	35374	169.819	449.234	169.371	-99999	-0.425	-0.660721	1	1	1	1	1	358.057	234.707	6.34562	120.264	516.103	538.154	234.574	296.541	358.243	120.264	63.2755	6.04071	538.154	527.175	516.044	5.39508	262	0	449.234	-0.392593	8.67889	523.947	-0.392593	8.67889	523.947	
11781	2485	160.593	381.562	152.063	-99999	69.75	-0.818242	1	1	1	1	1	246.794	332.52	132.656	7.07874	43.0483	45.0111	268.274	313.438	358.91	133.162	66.7813	0.613724	43.0484	44.0443	45.1192	4.61582	6	0	48.8382	69.7286	6.95522	37.9953	69.7286	6.95522	37.9953	
11789	9331	134.108	323.602	133.57	-99999	89.057	-0.938285	1	1	1	1	1	185.123	231.44	130.742	7.10946	-141.002	-132.673	212.844	240.603	259.327	131.236	70.6105	7.10946	-141.053	-134.351	-132.673	4.68348	9	0	66.0336	89.0648	9.37519	-140.297	89.0648	9.37519	-140.297	
11789	13201	214.292	487.161	213.006	-35.7718	-37.337	-0.927659	1	1	1	1	1	198.95	266.775	132.875	-63.6645	575.226	609.853	198.911	243.731	266.691	132.983	37.9237	-64.7955	575.215	595.341	610.09	4.49084	9	0	85.0622	-37.3073	-12.1158	597.87	-37.3073	-12.1158	597.87	
11789	4289	221.554	500.229	218.731	-99999	92.433	-0.832403	1	1	1	1	1	192.386	133.5	132.957	-46.8459	-637.244	-528.467	192.28	161.648	132.682	132.957	41.0152	-48.4282	-637.244	-583.716	-526.247	5.53604	14	0	71.5959	92.4648	-11.4134	-560.068	92.4648	-11.4134	-560.068	
11797	37466	199.664	445.786	199.663	-99999	80.314	-0.613443	1	1	1	1	1	188.165	333.819	134.743	15.3517	-447.277	-513.021	213.315	286.803	358.969	134.743	75.3241	15.3517	-447.277	-478.944	-513.021	7.40784	10	0	51.0624	80.3435	17.1486	-508.273	80.3435	17.1486	-508.273	
11782	10426	150.869	409.133	149.32	-99999	59.69	-0.908112	1	1	1	1	1	76.8959	114.357	133.782	3.63981	551.035	612.927	76.7391	95.4124	114.342	134.175	66.7005	2.56324	550.878	578.891	613.181	27.8535	14	0	116.386	59.7092	32.1382	593.288	59.7092	32.1382	593.288	
11789	6789	131.319	328.691	131.075	-99999	22.693	-0.548366	1	1	1	1	1	169.882	108.114	133.921	54.5096	-222.046	-138.089	169.999	138.976	108.088	134.053	94.1159	54.5096	-222.192	-180.374	-138.089	4.27792	13	0	53.0858	22.7395	8.7548	-103.946	22.7395	8.7548	-103.946	
11781	1035	236.262	563.924	235.311	-252.978	42.597	-0.744058	0	0	0	0	0	357.409	196.756	82.5232	-79.9384	157.363	209.778	357.976	278.411	196.756	83.2278	0.220627	-79.9384	157.093	182.967	209.778	5.54884	10	0	68.79	-999999	-999999	-999999	-999999	-999999	-999999	
11776	5240	348.759	11181.6	337.284	-99999	-41.585	-0.944572	1	1	1	1	1	321.137	314.355	134.008	-158.887	-699.611	-535.372	308.115	305.16	293.665	134.008	-17.1353	-167.069	-699.611	-613.709	-536.069	233.306	12	0	10930.3	-41.5572	-26.8256	-602.982	-41.5572	-26.8256	-602.982	
11795	21023	282.746	635.613	282.078	-99999	-36.087	-0.989759	1	1	1	1	1	112.231	105.022	133.402	-147.76	274.954	281.481	112.295	111.099	104.988	133.605	-7.50044	-148.177	274.952	278.221	281.457	7.76259	6	0	71.0396	-36.0721	-28.0919	279.246	-36.0721	-28.0919	279.246	
11797	12014	307.527	699.957	304.002	-18.4939	-20.226	-0.683997	1	1	1	1	1	223.719	131.023	129.897	-76.0158	-588.775	-387.57	224.688	174.276	130.709	131.87	22.8276	-76.4719	-590.65	-494.963	-387.274	5.97145	12	0	76.0494	-20.1911	-20.1851	-454.924	-20.1911	-20.1851	-454.924	
11797	66455	210.588	470.223	209.216	-99999	5.442	-0.621663	1	1	1	1	1	163.434	187.002	133.222	11.6145	-802.99	-634.952	163.31	179.176	186.996	134.068	71.8819	11.6145	-804.049	-720.612	-634.952	6.85754	15	0	75.6638	5.61877	-1.98097	651.724	15.7988	-0.563088	-359.401	
11797	83904	337.393	1137.52	316.161	80.6311	80.678	-0.851668	1	1	1	1	1	97.9308	284.164	133.957	-121.455	-296.133	-292.421	97.668	196.961	295.596	134.39	-1.94796	-138.618	-296.138	-294.165	-290.706	101.845	7	0	406.144	80.698	-53.8014	-295.296	80.698	-53.8014	-295.296	
11795	12047	68.0823	442.199	61.668	-99999	19.271	-0.421608	1	1	1	0	0	352.341	296.609	63.4046	41.1643	-747.227	-741.302	358.657	328.431	298.255	63.5439	50.299	38.0969	-747.302	-739.222	-744.013	10.8843	8	0	74.4279	19.2823	40.7819	-747.143	19.2823	40.7819	-747.143	
11795	19833	271.946	654.749	271.037	-99999	93.804	-0.981843	0	0	0	0	0	202.083	134.182	132.689	-122.616	355.272	403.898	202.145	178.062	134.074	133.573	1.11106	-122.616	355.226	373.182	403.898	4.27987	15	0	89.6697	76.8663	23.193	-225.542	-7.36371	42.058	561.139	
11797	79106	137.373	311.164	135.187	-99999	83.664	-0.984514	1	1	1	1	0	307.404	289.069	132.652	-0.474508	603.408	615.368	333.943	324.526	315.267	134.591	66.9653	-0.686871	603.362	610.321	615.37	5.05757	8	0	74.498	83.6895	-25.3453	608.458	83.6895	-25.3453	608.458	
11759	1816	58.9034	169.682	58.3847	-99999	115.364	-0.891784	0	0	0	0	0	175.138	197.126	132.061	80.8396	-646.963	-664.067	211.184	221.944	233.307	132.268	106.174	80.5701	-646.894	-655.29	-664.146	6.138	11	0	78.5631	115.401	26.4169	-650.83	115.401	26.4169	-650.83	
11786	6431	233.433	546.911	231.028	-99999	-20.75	-0.884937	1	1	1	1	1	65.1722	169.498	32.5001	-162.476	230.101	293.277	65.1959	111.196	170.944	32.5001	-69.7915	-164.367	230.101	261.83	293.679	4.73179	7	0	66.6723	-20.7287	-13.7798	246.945	88.1613	-14.5312	246.99	
11776	231	298.499	656.099	298.288	-77.6134	6.247	-0.501093	0	0	0	0	0	249.57	126.191	133.19	-1.70026	-407.91	-642.828	249.57	186.668	126.134	133.19	62.3871	-1.79288	-407.91	-523.141	-643.004	4.69569	8	0	72.8386	28.841	-55.8044	741.473	90.081	41.3915	-459.731	
11789	7500	55.593	180.635	55.373	-99999	91.309	-0.429138	0	0	0	0	0	165.444	194.943	128.726	98.3628	-685.054	-650.064	165.297	179.898	194.909	128.761	115.593	98.2685	-685.113	-665.484	-649.992	4.15398	14	0	87.0673	86.3356	2.69168	-388.215	86.3356	2.69168	-388.215	
11782	13223	321.841	893.319	321.528	-99999	94.771	-0.934653	1	1	1	1	1	236.845	329.316	129.074	-167.407	-104.9	-187.897	266.441	312.058	358.993	129.362	-18.9363	-167.407	-104.828	-147.454	-187.897	7.12884	6	0	48.7334	94.789	-34.4189	-148.165	94.789	-34.4189	-148.165	
11782	13403	90.5477	243.506	88.7796	-99999	-7.811	-0.906279	1	1	0	0	0	199.345	191.539	132.775	50.0748	-828.373	-797.335	199.354	195.917	191.446	132.782	90.4037	48.3967	-828.376	-813.005	-796.824	6.82888	16	0	84.5119	-7.78308	19.9146	-768.053	-7.78308	19.9146	-768.053	
11797	85809	335.735	804.033	326.549	69.6599	68.874	-0.928963	1	1	1	1	1	227.639	175.885	131.185	-168.604	709.422	827.734	227.949	200.049	173.902	133.419	-20.0561	-175.037	708.589	770.57	828.357	4.50286	11	0	59.6646	68.902	-27.1388	746.834	68.902	-27.1388	746.834	
11795	7448	272.31	607.767	271.873	-373.66	113.498	-0.449404	0	0	0	0	0	85.6598	280.086	134.152	16.5563	474.24	326.603	85.5412	184.883	280.298	134.234	74.5971	16.4846	474.348	403.159	326.498	5.77675	6	0	69.2954	58.2102	-55.1113	48.4506	58.2102	-55.1113	48.4506	
11797	40250	107.673	264.601	107.668	-99999	46.523	-0.753464	1	1	0	0	0	297.207	226.288	134.598	54.5393	185.238	193.15	311.775	275.522	240.857	134.598	94.8236	54.5393	185.238	185.956	193.15	4.17267	6	0	70.7191	46.5443	32.299	178.463	46.5443	32.299	178.463	
11797	24688	267.426	619.857	266.394	-99999	63.556	-0.492555	1	1	1	1	1	204.858	339.327	131.938	4.16007	-839.593	-648.406	224.446	291.818	359.435	132.24	68.0033	3.95505	-840.028	-744.045	-648.11	4.65401	9	0	52.7557	63.5826	15.0527	-691.593	63.5826	15.0527	-691.593	
11797	61166	566.539	1257.41	566.473	91.1435	91.881	-0.578674	1	1	1	1	1	330.745	84.3968	133.542	-168.821	-433.013	-26.3141	330.767	206.645	84.3968	133.577	-31.7815	-168.821	-433.056	-239.666	-26.3141	15.2248	14	0	98.8823	91.92	-18.7231	-229.628	91.92	-18.7231	-229.628	
11797	26693	212.963	566.509	209.996	-99999	115.052	-0.909854	0	0	0	0	0	171.869	128.561	132.654	-61.4843	600.769	664.682	171.737	142.777	128.034	132.654	35.5939	-64.416	600.769	633.345	664.577	27.5291	12	0	138.851	79.6189	-37.3662	450.163	79.6189	-37.3662	450.163	
11761	7359	85.0603	212.965	82.8204	-99999	-7.905	-0.996254	1	1	0	0	0	305.987	291.947	132.311	51.1056	-579.885	-573.298	303.603	298.494	289.244	133.46	91.4383	50.0459	-579.927	-576.165	-573.262	11.1183	6	0	73.7353	-7.87105	40.6471	-581.443	-7.87105	40.6471	-581.443	
11761	7449	68.3703	260.793	68.3693	-99999	-38.142	-0.66359	1	1	1	0	0	113.29	73.8282	133.966	85.8991	418.861	447.018	113.334	93.4743	73.8719	133.966	110.446	85.8991	418.861	433.721	447.018	6.43024	12	0	110.269	-38.1195	48.3157	444.685	-38.1195	48.3157	444.685	
11786	3062	432.446	1019.46	431.259	206.594	24.753	-0.553375	0	0	0	0	0	137.87	336.999	134.151	-115.039	215.039	-71.499	137.853	246.579	337.692	134.179	22.0351	-115.734	215.075	65.9486	-72.0584	4.27306	10	0	71.4858	24.9795	38.4182	843.328	-15.8805	-2.29178	35.0264	
11797	24591	222.58	527.195	221.817	-99999	116.972	-0.828809	0	0	0	0	0	192.289	322.468	126.814	-52.7669	97.1289	98.2087	228.918	294.052	359.549	126.814	36.5856	-53.3787	97.1289	97.9876	98.1843	4.12034	8	0	52.8216	-999999	-999999	-999999	-999999	-999999	-999999	
11782	8550	189.451	500.687	189.367	-99999	114.859	-0.967706	0	0	0	0	0	143.959	135.572	132.788	-43.3353	526.818	585.051	143.828	140.773	135.441	132.788	44.4327	-43.3353	526.818	554.949	585.051	4.01298	12	0	78.1768	44.2398	-7.71817	425.418	44.2398	-7.71817	425.418	
11780	15295	310.58	678.552	309.06	-40.2572	-42.27	-0.855273	1	1	1	1	1	281.02	146.539	128.84	-135.164	-402.149	-317.966	281.643	214.777	146.461	129.991	-4.70304	-135.304	-402.471	-364.519	-317.926	5.72427	11	0	73.0136	-42.2385	-23.2025	-359.833	-42.2385	-23.2025	-359.833	
11780	17635	292.012	968.307	287.415	-99999	14.334	-0.358071	1	1	1	1	1	171.762	200.609	132.356	28.159	493.057	757.242	173.998	188.993	202.801	132.356	82.7042	27.4845	493.057	629.534	761.764	10.0284	11	0	118.683	14.3959	-2.16297	683.119	14.3959	-2.16297	683.119	
11774	686	290.828	677.128	290.141	-99999	74.199	-0.812694	1	1	1	1	1	105.702	195.247	132.726	-91.8383	-224.825	-69.3603	105.617	146.385	195.41	132.726	12.6003	-92.2012	-224.825	-153.867	-68.835	4.3899	15	0	72.3137	74.2159	2.25494	-148.684	74.2159	2.25494	-148.684	
11797	41447	243.23	660.591	242.735	-99999	74.548	-0.797398	1	1	1	1	1	118.8	222.176	132.164	-79.4597	431.135	489.358	107.008	159.015	210.588	132.292	26.6063	-79.761	431.068	461.109	489.382	6.10168	7	0	66.7461	74.5806	-5.53714	281.177	74.5806	-5.53714	281.177	
11786	4618	192.761	462.562	192.414	-99999	45.529	-0.988316	1	1	1	1	1	212.889	223.149	133.72	-58.1066	-363.163	-358.123	227.146	234.243	237.427	133.72	37.7011	-58.4264	-363.163	-360.897	-358.092	17.6149	6	0	92.6666	50.505	-3.00623	-571.304	50.505	-3.00623	-571.304	
11797	62244	312.527	706.105	310.094	-99999	83.478	-0.920963	1	1	1	1	1	226.483	278.166	131.086	-164.622	283.679	354.526	252.114	287.166	304.451	132.71	-16.0598	-165.236	283.208	315.228	354.598	4.21735	6	0	162.649	83.5128	-36.4752	319.837	83.5128	-36.4752	319.837	
11773	7815	32.596	95.7327	31.4519	-99999	28.872	-0.894579	0	0	0	0	0	188.251	202.893	133.105	105.428	-819.075	-816.618	192.458	200.014	207.531	133.76	119.384	105.042	-819.162	-817.95	-816.589	5.91929	9	0	69.7841	28.8868	38.7115	-779.524	28.8868	38.7115	-779.524	
11795	11407	120.696	303.073	120.37	-31.857	87.196	-0.498562	0	0	0	0	0	181.731	224.531	132.968	62.8402	-389.92	-302.761	181.731	201.503	224.642	132.968	101.136	62.6286	-389.92	-342.723	-302.541	13.3972	6	0	82.5116	84.9768	-21.933	349.504	-26.1432	31.2173	-302.116	
11761	8367	209.27	749.073	199.635	-99999	-8.325	-0.976896	1	1	1	1	1	301.802	318.543	132.196	-54.9485	688.858	707.573	298.964	312.311	316.769	133.328	30.4924	-56.5875	688.761	701.703	707.523	4.86034	6	0	88.4122	-8.3017	-3.39753	695.77	-8.3017	-3.39753	695.77	
11780	4099	100.471	261.953	100.216	-99999	90.476	-0.780706	1	1	1	1	1	255.405	195.878	133.122	56.737	-791.205	-816.919	269.76	239.968	210.096	133.323	94.8897	56.737	-791.128	-803.703	-816.919	4.50083	8	0	83.2415	90.5008	-36.098	-796.505	-39.0392	24.7987	-824.47	
11780	11311	265.11	667.702	264.963	-99999	66.736	-0.796705	0	0	0	0	0	127.721	196.753	133.184	-43.7591	646.063	827.445	127.63	158.891	196.677	133.3	35.648	-43.7591	645.979	729.685	827.445	5.92927	16	0	84.6102	66.266	2.64235	723.923	66.266	2.64235	723.923	
11759	1339	143.896	338.977	143.136	-99999	97.15	-0.979114	1	1	1	1	1	162.937	180.2	133.301	-4.13032	631.163	666.415	162.826	171.247	180.149	133.331	64.2613	-4.80969	631.157	649.291	666.65	4.91129	12	0	81.6004	97.1831	7.60591	650.857	97.1831	7.60591	650.857	
11797	15589	306.681	714.896	306.666	-99999	6.268	-0.828893	1	1	1	1	1	114.794	175.253	132.342	-122.432	-668.028	-511.028	114.787	154.999	175.245	132.342	5.04623	-122.442	-668.028	-592.73	-511.022	6.46657	12	0	77.1066	6.29568	-9.28518	-582.174	6.29568	-9.28518	-582.174	
11797	4978	75.2648	199.052	73.0066	-99999	20.116	-0.983305	0	0	0	0	0	93.4769	107.614	132.756	62.016	871.483	880.879	93.1784	101.819	107.697	134.269	97.7929	61.3159	871.508	874.159	880.983	4.51003	11	0	75.5389	20.1481	39.821	829.309	20.1481	39.821	829.309	
11797	5878	355.643	900.127	355.41	-99999	116.462	-0.800898	0	0	0	0	0	184.574	322.804	133.588	-158.353	855.532	707.322	221.044	290.386	359.353	133.588	-12.3843	-158.55	855.532	781.368	707.231	4.91207	12	0	47.7494	-999999	-999999	-999999	-999999	-999999	-999999	
11797	14252	259.568	627.389	256.005	-99999	15.317	-0.994243	1	1	1	1	1	295.826	267.106	133.142	-119.319	-332.238	-310.207	300.65	280.704	272.381	133.535	5.63915	-122.431	-332.265	-323.38	-310.351	21.5565	9	0	130.92	15.3494	-14.4784	-327.416	15.3494	-14.4784	-327.416	
11797	32592	406.774	922.111	405.791	19.5532	18.73	-0.633699	1	1	1	1	1	229.662	122.686	132.632	-104.827	488.669	796.333	229.753	169.954	122.599	132.949	8.2213	-105.014	488.295	637.285	796.766	4.08631	15	0	76.4457	18.7519	-30.139	673.416	18.7519	-30.139	673.416	
11780	10094	247.578	645.852	247.015	-99999	42.37	-0.951717	1	1	1	1	1	245.156	198.3	132.796	-99.2926	-515.694	-585.913	258.498	234.5	211.568	133.331	16.9998	-99.2926	-515.545	-550.364	-585.913	4.7879	10	0	58.4034	42.4048	-28.6935	-567.816	42.4048	-28.6935	-567.816	
11780	10724	321.087	718.375	320.711	-99999	-30.215	-0.575112	1	1	1	1	1	66.7698	193.903	126.107	-35.8382	-882.263	-642.094	66.6913	116.811	193.938	126.322	44.1198	-35.8382	-882.548	-754.299	-642.094	5.16728	10	0	72.7378	-30.2033	21.0504	-734.679	-30.2033	21.0504	-734.679	
11786	21343	236.267	473.828	234.895	-99999	63.091	-0.93044	0	0	0	0	0	76.0846	125.84	133.586	-76.5917	106.184	195.923	75.9353	91.918	125.915	134.263	25.9616	-77.1535	105.939	150.261	196.2	5.73879	18	0	44.7651	-999999	-999999	-999999	-999999	-999999	-999999	
11780	23328	211.339	538.22	211.337	-99999	98.538	-0.955645	1	1	1	1	1	280.364	328.395	133.584	-70.5219	377.667	351.437	311.22	335.38	359.251	133.584	31.561	-70.5219	377.667	364.652	351.437	6.14889	10	0	56.3239	98.5617	-40.9911	356.124	98.5617	-40.9911	356.124	
11797	72549	141.956	326.53	140.668	-99999	65.58	-0.669833	1	1	1	1	1	242.799	199.032	133.487	42.588	-302.226	-400.108	253.398	231.589	209.338	134.351	87.8909	42.588	-301.319	-350.322	-400.108	8.05991	10	0	47.3058	65.6219	-36.9303	-491.301	65.6219	-36.9303	-491.301	
11797	74169	255.652	626.357	254.716	-99999	93.478	-0.963594	1	1	1	1	1	266.092	330.08	132.072	-114.424	-668.872	-664.425	295.117	327.091	359.352	132.97	9.23736	-114.424	-668.936	-666.495	-664.425	4.31567	9	0	44.2247	93.4908	-27.9659	-664.602	6.09084	13.8373	-665.118	
11797	75069	137.426	322.251	134.98	-99999	14.249	-0.982634	1	1	1	1	1	252.956	247.781	133.342	0.68535	-811.794	-812.19	257.458	250.41	252.303	133.65	66.0149	-1.29966	-811.837	-809.098	-812.825	7.64305	10	0	68.5606	14.2839	-24.1173	-660.519	-45.5861	23.7877	-702.843	
11773	3874	71.9227	176.587	71.5457	-99999	-22.528	-0.750751	0	0	0	0	0	113.588	91.9745	133.408	73.2756	-678.207	-647.325	113.613	101.306	92.0016	133.408	103.614	72.9271	-678.207	-662.486	-647.244	5.27831	11	0	73.5094	29.8646	-5.60668	397.221	91.5146	56.3157	165.789	
11797	44942	183.627	313.331	177.834	-99999	13.336	-0.70628	1	1	1	0	0	61.8708	112.4	134.708	25.5805	222.747	349.468	61.784	97.9675	112.032	134.842	76.1991	23.1509	222.634	283.143	353.826	4.90157	6	0	15.0248	13.3698	27.2814	303.268	13.3698	27.2814	303.268	
11797	67374	265.511	569.203	264.573	99.7224	98.644	-0.805888	1	1	1	1	1	271.738	115.343	133.233	-75.3704	-286.815	-259.06	272.277	188.726	115.343	133.98	31.2456	-75.3704	-286.87	-278.854	-259.06	4.95708	7	0	66.1048	98.6708	-26.0732	-267.818	98.6708	-26.0732	-267.818	
11789	10449	168.275	367.726	168.182	-32.0789	-33.911	-0.673281	1	1	1	1	1	239.923	204.319	133.043	19.2443	-238.955	-355.09	239.929	227.47	204.307	133.08	74.0546	19.2297	-238.914	-297.431	-355.104	27.2597	13	0	92.4506	-33.8782	10.0062	-312.368	65.6518	13.6448	-297.842	
11797	10467	169.649	434.935	169.459	-99999	109.485	-0.890807	0	0	0	0	0	261.659	324.82	-162.221	-9.45785	-889.439	-852.233	359.148	328.096	295.918	-9.35167	-85.9485	-162.282	-852.2	-871.225	-889.454	5.10788	331	0	434.935	41.8543	-20.2282	-732.666	-34.0957	26.8316	-792.45	
11797	51268	190.609	388.472	186.655	-99999	-10.767	-0.99501	1	1	1	1	1	310.257	315.12	131.639	-48.1414	-48.6323	-9.8028	306.981	300.281	312.228	133.309	40.9721	-49.7726	-48.7635	-31.4837	-9.51447	4.47285	7	0	76.3479	-10.7438	-9.74368	24.4655	-10.7438	-9.74368	24.4655	
11797	69916	25.8716	56.9564	24.6049	-99999	-46.851	-0.656637	0	0	0	0	0	264.086	276.607	74.6244	90.5433	-894.647	-880.677	262.567	256.014	249.413	91.3744	82.9313	74.622	-879.966	-887.253	-894.649	7.37878	67	0	56.9564	-46.8703	33.4671	-806.064	-46.8703	33.4671	-806.064	
11797	37343	199.105	473.765	199.034	-99999	-17.316	-0.977019	1	1	1	1	1	202.248	175.559	129.607	-65.9319	2.044	23.661	202.268	189.147	175.56	129.607	32.1047	-65.992	2.044	17.0446	23.6719	4.56538	9	0	75.8969	-17.2905	-9.83428	17.0336	-17.2905	-9.83428	17.0336	
11797	37613	495.023	1256.51	494.976	-99999	-35.634	-0.194303	1	1	1	1	1	234.947	221.487	-160.089	-47.8057	-890.893	-410.129	210.328	217.267	223.789	-47.8057	-105.798	-160.089	-410.129	-650.09	-890.893	5.67988	1508	0	1256.51	-35.6781	-10.3196	-167.434	-35.6781	-10.3196	-167.434	
11780	3749	156.464	360.514	153.589	203.685	93.435	-0.739704	0	0	0	0	0	231.965	149.094	131.735	37.0722	666.542	583.983	232.164	195.271	147.371	132.072	75.5483	36.8064	666.77	627.271	582.32	4.41907	9	0	76.752	86.6788	55.2217	-49.69	86.6788	55.2217	-49.69	
11797	95726	189.901	459.738	189.65	-99999	64.853	-0.873642	1	1	1	0	0	148.929	75.9905	130.702	-36.1396	-830.096	-778.242	148.927	112.152	75.8994	130.856	47.9383	-36.206	-830.143	-802.327	-778.221	7.69606	8	0	69.2789	64.8775	-2.27933	-775.908	64.8775	-2.27933	-775.908	
11797	48470	36.7378	124.715	35.0003	-99999	65.426	-0.987908	0	0	0	0	0	289.741	289.96	133.448	100.102	383.498	374.097	310.229	310.948	310.507	133.448	115.582	98.7065	383.498	379.97	373.271	5.35593	14	0	84.7211	65.4557	14.4358	380.504	65.4557	14.4358	380.504	
11797	14252	259.568	627.389	256.005	-99999	15.317	-0.994243	1	1	1	1	1	295.826	267.106	133.142	-119.319	-332.238	-310.207	300.65	280.704	272.381	133.535	5.63915	-122.431	-332.265	-323.38	-310.351	21.5565	9	0	130.92	15.3494	-14.4784	-327.416	15.3494	-14.4784	-327.416	
11797	80461	272.715	561.466	270.802	-99999	19.15	-0.996369	1	1	1	1	1	167.949	172.724	132.63	-133.156	-36.161	-26.648	167.927	173.828	172.611	132.63	-3.29906	-134.649	-36.161	-31.0975	-26.6225	4.13383	9	0	82.0662	19.1805	-18.783	-24.3979	19.1805	-18.783	-24.3979	
11797	55544	350.045	1106.69	349.807	-26.3812	-25.286	-0.710656	1	1	1	1	1	351.625	162.581	133.569	-110.728	-519.818	-363.894	351.728	267.266	162.581	133.726	7.84418	-110.728	-519.933	-432.605	-363.894	4.46165	6	0	60.8401	-25.2533	-10.5127	-430.894	-25.2533	-10.5127	-430.894	
11797	17060	309.836	688.204	309.26	-43.2128	-43.291	-0.862846	1	1	1	1	1	311.162	155.114	133.057	-127.688	372.616	423.559	311.442	228.687	155.114	133.55	4.31964	-127.688	372.587	392.959	423.559	4.59943	10	0	68.4111	-43.2587	-22.7624	396.53	-43.2587	-22.7624	396.53	
11797	50032	228	516.474	226.833	-99999	-38.75	-0.950534	1	1	1	1	1	68.3376	143.74	133.409	-80.0596	-37.8428	-31.1375	68.1954	105.966	144.042	133.995	26.6341	-80.537	-37.8764	-31.9053	-31.0633	4.34571	10	0	73.1289	-38.7238	8.29624	-27.049	1.00615	20.658	-42.8632	
11789	11449	370.792	804.22	369.962	-45.0732	-45.868	-0.57481	1	1	1	1	1	184.032	299.259	133.306	-80.0494	464.175	742.198	183.851	238.642	299.275	133.738	25.4331	-80.0799	463.596	603.453	742.27	4.63637	11	0	76.9916	-45.8275	-14.5247	637.523	-45.8275	-14.5247	637.523	
11789	12259	93.0008	249.522	92.293	-99999	-13.909	-0.997537	1	1	0	0	0	356.045	344.097	133.834	43.4624	534.288	528.553	351.63	350.391	339.646	134.344	88.0656	43.3007	534.311	530.527	528.563	6.34762	6	0	74.4901	-13.9172	27.1165	529.834	-13.9172	27.1165	529.834	
11786	11965	71.8839	170.211	65.4143	-1036.74	45.087	-0.852395	1	1	1	0	0	189.409	227.756	132.465	81.5255	-737.634	-741.79	189.12	209.287	230.98	132.947	103.25	78.5682	-737.644	-736.086	-745.728	6.57702	9	0	78.6649	45.1178	32.8491	-328.6	45.1178	32.8491	-328.6	
11773	4256	315.411	712.087	314.736	109.276	108.957	-0.858219	1	1	1	1	1	254.371	100.49	133.101	-132.567	114.96	174.741	254.379	177.576	100.233	133.116	-2.8137	-133.112	114.959	136.547	174.993	5.07361	12	0	75.5172	108.988	-42.4006	152.293	108.988	-42.4006	152.293	
11797	73056	246.658	564.591	245.922	52.3886	51.931	-0.908303	1	1	1	1	1	253.012	184.754	131.713	-95.1863	-664.487	-602.349	253.175	216.773	184.754	132.376	19.8201	-95.1863	-664.748	-630.531	-602.349	5.68126	8	0	67.2424	51.9589	-2.45583	-575.539	51.9589	-2.45583	-575.539	
11789	18989	223.379	491.956	221.455	-99999	16.617	-0.995017	1	1	1	1	1	127.123	155.491	133.6	-81.9124	-271.112	-232.316	127.104	144.116	155.234	133.6	25.2669	-83.7977	-271.112	-250.479	-232.225	4.21056	10	0	63.6187	16.6266	-9.15679	-243.601	16.6266	-9.15679	-243.601	
11786	29671	324.985	1142.73	315.342	-99999	32.603	-0.965703	1	1	1	1	1	153.723	179.234	133.23	-170.681	-293.104	-213.058	153.684	166.996	180.449	133.265	-23.3743	-179.893	-293.113	-252.068	-210.788	4.46368	14	0	325.359	32.6331	-17.9246	-247.442	32.6331	-17.9246	-247.442	
11797	64075	277.461	613.791	275.939	-99999	85.566	-0.98946	1	1	1	1	1	202.592	164.6	132.788	-138.371	188.916	161.608	202.494	183.498	164.168	132.788	-3.8361	-139.835	188.916	175.712	161.668	5.2756	8	0	76.844	85.5992	-26.7585	171.358	85.5992	-26.7585	171.358	
11797	65335	74.0217	188.187	67.2727	-99999	42.806	-0.564344	0	0	0	0	0	294.083	281.277	127.37	65.5303	459.688	475.648	307.359	300.046	294.672	131.353	101.734	65.4036	454.917	471.953	475.658	9.03941	7	0	49.9237	42.8311	-80.3001	859.33	42.8311	-80.3001	859.33	
11795	25780	125.746	362.609	117.667	-99999	7.784	-0.509413	1	1	1	1	1	297.455	247.51	133.35	77.9496	-150.37	-59.3993	300.026	273.509	246.673	133.538	103.371	75.6127	-150.656	-102.295	-52.8345	39.2944	8	0	123.711	7.82506	-22.4312	83.05	7.82506	-22.4312	83.05	
11797	17529	81.2357	286.883	80.6632	-99999	26.926	-0.920507	0	0	0	0	0	191.631	171.57	133.126	61.0366	-503.27	-473.675	191.6	181.743	171.414	133.126	96.7983	60.535	-503.27	-488.174	-473.645	23.1242	8	0	147.698	82.2572	21.9879	-478.456	82.2572	21.9879	-478.456	
11797	73655	296.957	678.777	296.749	-99999	108.265	-0.879576	0	0	0	0	0	208.611	111.807	129.585	-128.989	-419.262	-312.255	208.553	160.807	111.683	129.764	-1.58859	-128.989	-419.335	-369.575	-312.255	5.49019	9	0	98.9282	16.8791	61.3919	-619.526	16.8791	61.3919	-619.526	
11789	15517	227.481	1326.37	226.83	-99999	-35.751	-0.830925	1	1	1	1	1	318.535	249.592	131.88	-63.8704	-160.393	-75.8775	307.535	267.119	238.393	132.386	38.6384	-63.8977	-160.671	-110.68	-75.8798	5.02503	10	0	74.5461	-35.7192	3.4245	-111.245	-35.7192	3.4245	-111.245	
11797	23743	227.516	477.409	227.046	-99999	67.31	-0.812574	1	1	1	1	1	111.509	148.367	134.602	-34.5451	312.072	456.532	111.429	122.203	148.29	134.979	45.848	-34.5451	311.799	381.381	456.532	4.51812	8	0	58.1004	67.3394	6.22521	402.268	67.3394	6.22521	402.268	
11797	39299	295.722	665.427	292.663	-99999	42.168	-0.959375	1	1	1	1	1	205.576	271.172	131.733	-148.341	803.016	819.798	218.753	246.896	284.977	131.873	-10.8277	-151.07	802.986	828.95	819.013	5.94386	10	0	80.6731	42.1928	-28.4598	783.331	42.1928	-28.4598	783.331	
11775	3771	146.624	350.565	146.62	92.2549	92.344	-0.958266	1	1	1	1	1	188.9	229.691	134.795	-4.16491	-495.99	-479.92	188.9	211.377	229.691	134.795	66.0908	-4.16491	-495.99	-484.395	-479.92	6.48262	7	0	93.566	92.3767	3.92847	-481.503	92.3767	3.92847	-481.503	
11786	17594	225.586	496.59	224.327	93.549	92.197	-0.948164	1	1	1	1	1	232.642	181.73	131.876	-79.8198	-683.547	-687.619	232.87	192.328	181.73	132.557	27.3824	-79.8198	-683.523	-683.418	-687.619	6.30209	7	0	75.8452	92.2206	-15.7952	-671.529	92.2206	-15.7952	-671.529	
11795	19059	38.8911	108.57	38.2888	-99999	20.848	-0.991593	0	0	0	0	0	151.734	148.145	133.701	96.4457	-246.505	-240.227	151.71	150.869	147.978	133.701	115.009	95.9286	-246.505	-241.733	-240.27	6.21957	6	0	74.3042	20.8742	30.392	-241.847	20.8742	30.392	-241.847	
11795	19329	24.2628	80.5018	23.4745	-99999	47.151	-0.956309	0	0	0	0	0	136.57	141.884	133.536	111.121	263.94	261.227	136.499	139.353	141.936	133.594	122.008	110.526	263.945	263.365	261.237	7.0331	8	0	69.6673	47.1817	44.6706	251.913	47.1817	44.6706	251.913	
11759	4486	160.444	1597.07	159.251	-99999	98.17	-0.845844	1	1	1	1	1	318.348	261.948	133.506	1.175	-688.069	-621.465	349.535	317.805	292.689	134.515	69.4696	1.175	-688.515	-654.011	-621.465	4.42732	6	0	73.8653	98.1901	21.7818	-636.631	98.1901	21.7818	-636.631	
11797	56881	240.751	519.983	234.468	-99999	66.964	-0.949215	1	1	1	1	1	222.432	194.493	132.59	-83.9178	708.415	628.265	243.401	224.766	216.142	132.59	18.8087	-88.4926	708.415	674.031	624.603	7.18978	17	0	56.0219	66.9972	-13.5411	656.699	66.9972	-13.5411	656.699	
11789	5775	242.456	9120.75	242.246	-99999	-3.587	-0.474969	1	1	1	1	1	138.261	86.2377	133.674	25.2096	279.252	489.271	138.326	112.349	86.2418	133.77	78.2603	25.2096	279.085	383.666	489.271	1574.13	15	0	8529.2	-3.54343	-2.62241	528.627	-3.54343	-2.62241	528.627	
11773	2462	327.288	821.067	326.576	-99999	14.2	-0.877974	1	1	1	1	1	352.353	254.96	-181.305	111.372	239.512	345.355	259.406	308.227	357.054	111.372	-36.27	-181.924	345.355	295.629	239.291	5.56188	794	0	821.067	14.2132	-45.5046	285.963	14.2132	-45.5046	285.963	
11789	5088	273.439	646.817	272.865	-99999	11.298	-0.705016	1	1	1	1	1	252.474	339.335	130.494	-32.0846	59.4499	255.516	255.962	298.464	343.026	130.6	35.1048	-32.2549	59.3571	147.303	255.869	4.44765	8	0	75.2684	11.323	-7.8295	176.431	11.323	-7.8295	176.431	
11789	1763	170.907	400.412	169.965	-99999	73.489	-0.972067	1	1	1	1	1	254.726	221.173	132.62	-33.5055	-720.973	-712.503	277.947	259.111	244.186	133.529	50.2872	-33.5055	-721.035	-717.219	-712.503	5.55347	8	0	77.4561	69.5335	-56.3464	-12.1304	69.5335	-56.3464	-12.1304	
11774	3814	215.444	462.452	212.451	88.7134	89.032	-0.898119	1	1	1	1	1	219.047	105.291	133.956	-40.2105	283.183	244.961	219.047	160.973	104.436	133.956	46.3576	-42.9863	283.183	260.582	245.612	4.34418	8	0	66.9029	95.5708	-4.9453	-162.875	95.5708	-4.9453	-162.875	
11797	41070	278.766	635.08	277.384	-99999	17.428	-0.452534	1	1	1	1	1	221.685	318.963	132.387	-3.03061	-548.839	-328.937	226.527	276.547	324.442	132.943	60.0023	-3.0742	-549.777	-442.206	-328.823	9.21915	10	0	80.8215	17.4578	7.07047	-402.343	17.4578	7.07047	-402.343	
11780	21640	120.098	280.635	119.047	-99999	113.449	-0.966552	0	0	0	0	0	198.552	198.378	133.13	16.9732	-258.275	-234.558	198.423	201.895	198.051	133.152	74.643	16.0061	-258.281	-245.643	-234.32	4.24861	8	0	62.7242	-999999	-999999	-999999	-999999	-999999	-999999	
11780	14381	319.469	642.331	318.501	-99999	65.184	-0.969161	1	1	1	1	1	109.475	137.491	133.12	-165.715	740.851	835.059	109.281	132.673	137.416	133.968	-18.8026	-165.715	740.668	780.73	835.059	6.0809	15	0	73.5002	65.2078	-18.0899	768.225	65.2078	-18.0899	768.225	
11797	87746	104.565	249.517	103.803	85.509	84.621	-0.987027	1	1	1	0	0	220.396	204.564	131.716	31.5907	-321.035	-302.373	220.503	211.479	204.564	132.463	81.1766	31.5907	-321.081	-316.9	-302.373	5.45259	10	0	71.9452	84.6507	13.0805	-316.718	84.6507	13.0805	-316.718	
11797	88556	49.054	149.769	48.77	-99999	84.234	-0.88489	1	0	0	0	0	309.371	332.748	133.208	90.4838	326.788	329.07	335.748	347.554	359.255	133.208	111.765	90.2322	326.788	328.153	329.086	6.41776	7	0	75.0717	84.2095	36.6218	347.066	84.2095	36.6218	347.066	
11781	1208	89.5161	224.567	87.1276	52.9453	50.285	-0.809656	1	1	1	0	0	234.827	177.614	132.986	68.3185	43.4614	46.1988	235.095	208.31	176.179	133.361	97.7297	67.1352	43.4144	45.8491	46.6701	4.90031	6	0	73.7021	50.3142	23.6683	43.3917	50.3142	23.6683	43.3917	
11797	5115	23.1496	72.5142	22.0173	-99999	45.823	-0.868011	1	0	0	0	0	334.899	344.67	131.864	112.734	258.615	263.126	349.13	354.475	359.359	132.093	122.312	112.019	258.559	261.42	263.281	5.90993	6	0	64.0714	45.7986	50.5052	119.172	45.7986	50.5052	119.172	
11774	3901	25.1413	62.8422	24.9185	-99999	90.275	-0.387859	1	0	0	0	0	326.587	331.098	134.832	123.628	721.024	742.802	354.821	357.114	359.373	134.904	129.399	123.611	720.859	731.916	742.829	4.88197	11	0	51.1613	90.3106	66.6899	789.808	90.3106	66.6899	789.808	
11797	37162	318.253	684.325	318.012	-99999	87.038	-0.968214	0	0	0	0	0	261.408	287.551	133.089	-170.424	-265.494	-352.513	288.621	297.322	314.807	133.302	-20.7883	-170.424	-265.451	-303.45	-352.513	8.77312	7	0	77.0725	87.0322	48.6049	189.572	87.0322	48.6049	189.572	
11797	85227	377.705	841.006	377.484	-99999	-6.407	-0.924559	1	1	1	1	1	78.7191	82.3593	133.434	-121.389	-510.806	-244.399	78.7266	93.3414	82.3411	133.442	8.11221	-121.533	-510.809	-372.039	-244.287	6.37586	15	0	75.6761	-6.38519	-19.0464	-344.43	-6.38519	-19.0464	-344.43	
11781	2792	224.878	505.989	224.873	-99999	52.72	-0.888772	1	1	1	1	1	200.311	97.3462	132.584	-63.9382	-259.62	-227.254	200.251	148.833	97.2859	132.584	34.282	-63.9382	-259.62	-241.865	-227.254	5.42877	6	0	72.5598	52.7424	-13.1713	-231.98	52.7424	-13.1713	-231.98	
11782	1520	509.198	1241.54	508.185	65.966	64.904	-0.665369	1	1	1	1	1	85.2456	239.151	133.703	-171.14	-508.043	-884.302	85.198	161.799	239.378	133.843	-19.6134	-171.602	-507.891	-695.984	-884.901	5.37985	15	0	51.5722	64.942	-4.98755	-655.254	64.942	-4.98755	-655.254	
11786	25111	326.165	1704.64	324.503	19.9497	19.447	-0.940805	1	1	1	1	1	285.385	173.35	133.316	-169.816	705.097	676.656	285.483	228.986	172.689	133.639	-18.7111	-170.944	705.135	691.296	676.59	29.0084	10	0	681.377	19.4833	-36.3314	670.995	19.4833	-36.3314	670.995	
11786	27001	113.575	279.541	113.362	-99999	51.326	-0.941349	1	1	1	1	1	237.451	194.822	131.652	28.4275	-163.046	-181.611	253.587	231.591	210.894	131.852	80.1791	28.4275	-163.034	-171.236	-181.611	12.1394	12	0	66.4732	51.3526	-20.6179	-200.882	51.3526	-20.6179	-200.882	
11797	6762	159.253	377.859	158.541	13.5231	11.706	-0.88872	1	1	1	1	0	228.554	177.226	132.797	-10.8626	-835.154	-802.775	228.61	196.34	177.186	132.91	61.0296	-11.293	-835.163	-826.012	-802.613	6.06815	13	0	83.1334	11.7348	2.79197	-777.037	11.7348	2.79197	-777.037	
11780	9270	336.22	2031.1	333.991	54.4442	52.03	-0.682234	1	1	1	1	1	283.496	195.658	133.408	-81.168	81.9709	-156.964	283.701	240.447	195.32	134.168	22.1927	-81.8085	82.7517	-34.9109	-157.806	4.09779	6	0	86.6414	52.072	-33.7778	-143.863	52.072	-33.7778	-143.863	
11797	56621	137.932	307.654	137.544	-99999	116.421	-0.987502	0	0	0	0	0	201.786	200.291	133.356	-1.90402	-347.902	-328.668	201.653	205.772	200.026	133.356	65.4274	-2.24509	-347.902	-337.722	-328.655	5.18778	8	0	65.3299	-999999	-999999	-999999	-999999	-999999	-999999	
11761	1004	237.194	581.96	237.154	25.6263	24.818	-0.929352	1	1	1	1	1	253.148	142.532	134.052	-73.2285	276.964	256.619	253.148	202.229	142.516	134.052	28.3614	-73.2562	276.964	260.462	256.623	4.20364	7	0	73.7084	24.8459	-21.9429	255.3	24.8459	-21.9429	255.3	
11786	27017	171.206	984.559	160.821	-99999	83.694	-0.841179	1	1	1	1	1	66.7104	145.999	49.4885	-88.7609	-483.897	-462.776	61.3187	104.244	145.903	58.3439	-14.96	-88.7609	-484.959	-474.461	-462.776	12.4094	8	0	593.237	83.719	-21.1976	-464.631	83.719	-21.1976	-464.631	
11795	1274	278.298	632.757	278.293	-99999	62.24	-0.866329	1	1	1	1	1	330.918	190.752	133.524	-104.961	640.729	671.008	350.408	279.821	210.242	133.524	14.5691	-104.961	640.729	655.835	671.008	5.93771	7	0	52.1969	62.262	-30.1534	649.841	62.262	-30.1534	649.841	
11797	28278	225.975	878.241	225.613	-12.816	-14.169	-0.701089	1	1	1	1	1	306.972	182.187	133.952	-17.8452	75.8879	186.588	307.1	244.64	182.187	134.153	57.6675	-17.8452	75.7362	130.598	186.588	19.921	12	0	266.132	-14.1413	-35.0157	206.298	-14.1413	-35.0157	206.298	
11786	30516	154.468	354.588	154.458	-99999	60.155	-0.999575	1	1	1	1	0	78.9047	94.5573	133.655	-19.3282	-487.966	-484.48	78.8359	87.2261	94.4885	133.655	57.0355	-19.3282	-487.966	-491.025	-484.48	4.85136	8	0	71.318	60.1782	11.7855	-485.391	60.1782	11.7855	-485.391	
11789	14928	180.557	424.639	179.79	-99999	115.759	-0.462964	0	0	0	0	0	180.972	323.039	132.299	47.8307	376.909	307.484	217.221	289.407	359.866	132.299	92.9906	47.4694	376.909	340.227	307.14	7.53904	13	0	60.0912	93.8879	-26.5224	816.591	93.8879	-26.5224	816.591	
11797	90869	142.463	354.221	140.554	60.0284	78.291	-0.819062	1	1	1	1	1	257.503	162.126	132.934	33.6919	150.954	175.672	258.172	214.488	161.653	133.968	79.1944	33.2807	150.719	163.192	175.849	5.4211	12	0	98.7244	78.3156	-16.6791	-209.765	59.1456	15.3307	163.639	
11780	3942	153.58	424.605	149.664	-99999	33.549	-0.902687	1	1	1	1	1	277.794	323.21	132.341	2.74908	54.9977	112.163	287.949	309.884	334.681	133.375	66.5691	0.208285	54.6524	85.1927	112.619	4.19086	7	0	73.9134	33.5757	18.5626	94.4792	33.5757	18.5626	94.4792	
11773	3982	289.221	636.93	289.162	51.7823	52.975	-0.881817	1	1	1	1	1	327.782	179.917	133.522	-114.067	705.464	706.565	327.807	254.887	179.917	133.57	8.94587	-114.067	705.469	702.69	706.565	4.75304	11	0	71.8241	53.0063	-14.8909	695.444	53.0063	-14.8909	695.444	
11786	25318	21.8621	77.2716	21.6459	-99999	18.699	-0.390376	0	0	0	0	0	235.867	228.935	127.521	120.17	-163.508	-182.636	241.797	238.181	234.791	127.606	123.614	120.17	-163.325	-172.834	-182.636	5.67943	15	0	71.4825	41.3994	41.4944	-180.042	64.6294	48.2983	-193.883	
11795	4091	173.825	409.725	170.635	-99999	115.824	-0.830683	0	0	0	0	0	156.822	163.614	131.349	-8.93487	530.792	624.734	156.563	167.289	163.405	133.247	60.7889	-9.72337	529.541	576.102	625.166	4.70086	12	0	77.0332	-999999	-999999	-999999	-999999	-999999	-999999	
11786	717	81.0212	84347.9	81.0209	-99999	-24.062	-0.426667	1	1	1	1	1	153.132	106.402	134.091	95.3802	47.9979	101.651	153.159	129.618	106.43	134.091	114.962	95.3802	47.9979	74.8203	101.651	12757.7	9	0	84120	-24.0229	28.0822	132.092	-24.0229	28.0822	132.092	
11786	4227	148.646	393.792	148.302	-99999	35.657	-0.857017	1	1	1	1	1	125.85	204.479	133.557	9.38935	-119.437	-99.6707	125.641	164.875	204.438	133.852	71.509	9.38935	-119.482	-109.618	-99.6707	4.77622	8	0	60.6424	35.693	-25.0043	-95.1278	35.693	-25.0043	-95.1278	
11797	58769	301.799	688.254	300.448	-99999	85.476	-0.888565	1	1	1	1	1	148.959	76.6618	132.223	-131.462	-151.738	-29.7804	149.046	105.926	76.4673	132.783	3.10808	-131.967	-151.95	-88.0415	-29.2783	8.59867	17	0	85.4452	85.496	-35.9935	-74.5386	85.496	-35.9935	-74.5386	
11773	5834	109.076	338.919	109.076	-99999	-45.162	-0.58106	1	1	1	1	1	146.843	203.454	66.4213	1.07135	-894.753	-828.267	153.94	182.083	210.551	66.4213	33.8878	1.07135	-894.753	-861.23	-828.267	5.55509	12	0	54.7085	-45.1431	-34.1311	-446.454	-45.1431	-34.1311	-446.454	
11795	775	304.005	669.226	303.622	-99999	59.621	-0.991762	1	1	1	1	1	146.737	184.729	133.569	-162.91	-466.084	-422.215	146.659	157.024	184.674	133.832	-15.1405	-163.009	-466.115	-438.725	-422.207	4.64103	9	0	76.0809	59.6458	-18.3463	-379.987	59.6458	-18.3463	-379.987	
11797	28432	286.435	673.832	285.526	-99999	58.364	-0.975925	1	1	1	1	0	282.37	340.821	132.164	-146.579	-226.355	-246.291	300.446	329.909	359.097	133.046	-6.73817	-146.579	-226.316	-236.427	-246.291	4.04744	12	0	45.1601	58.3828	-26.7435	-234.395	58.3828	-26.7435	-234.395	
11797	30592	309.104	2123.69	303.32	-99999	-30.253	-0.982255	0	0	0	0	0	77.6433	101.807	133.404	-161.889	-166.721	-102.956	77.678	90.3058	101.839	133.404	-17.0807	-167.427	-166.721	-134.242	-101.41	13.9752	10	0	1368.93	-39.3482	51.5785	757.148	-39.3482	51.5785	757.148	
11776	2848	311.4	1479.7	310.015	84.4483	83.41	-0.830491	1	1	1	1	1	269.272	166.828	133.522	-106.015	38.7742	204.834	269.441	213.768	166.562	133.967	11.3643	-106.664	38.5406	116.514	205.315	4.08508	15	0	72.5649	83.4442	-15.8477	127.275	83.4442	-15.8477	127.275	
11786	9964	274.411	626.949	274.28	-99999	67.164	-0.83718	1	1	1	1	1	189.441	337.887	126.533	-103.969	36.7574	30.5361	210.473	284.579	358.994	126.533	11.1322	-104.067	36.7574	33.7572	30.5146	5.87557	10	0	63.8923	67.1878	-45.3649	44.9442	67.1878	-45.3649	44.9442	
11781	2494	115.086	267.488	114.875	-99999	67.024	-0.987915	1	1	1	0	0	212.843	229.736	133.145	22.0077	221.887	201.523	233.832	237.806	250.768	133.145	76.4218	21.815	221.887	213.395	201.49	5.25564	9	0	65.2535	67.0469	13.4379	204.258	67.0469	13.4379	204.258	
11797	51815	144.368	359.607	142.273	-99999	-30.955	-0.575238	1	1	0	0	0	305.15	267.308	132.931	63.9665	-95.1167	22.993	295.667	280.533	257.317	133.672	97.1634	63.5517	-96.1065	-35.7776	23.6566	4.40821	7	0	96.6719	-30.9127	32.5592	-16.6767	-30.9127	32.5592	-16.6767	
11782	10078	139.344	305.627	137.772	-381.119	29.652	-0.951043	1	1	1	1	1	196.426	238.81	132.479	3.43889	575.662	555.121	196.158	217.565	238.922	133.404	67.5037	2.85826	575.796	568.872	555.071	5.63184	9	0	64.795	29.6769	-16.6016	325.273	29.6769	-16.6016	325.273	
11786	9712	81.9421	214.774	81.101	-99999	9.403	-0.960536	1	1	1	0	0	259.514	269.045	133.082	54.3594	590.018	602.941	262.459	270.012	272.042	133.082	93.7821	53.6759	590.018	598.624	602.94	8.39702	7	0	75.6628	9.42407	-7.01027	596.976	9.42407	-7.01027	596.976	
11797	53832	349.729	931.638	337.998	-99999	80.589	-0.878101	1	1	1	1	1	195.399	261.466	132.936	-168.858	-682.628	-819.581	220.635	255.251	288.929	132.936	-22.5874	-179.541	-682.628	-754.651	-823.841	8.24931	9	0	51.2142	80.6193	-35.2881	-743.503	80.6193	-35.2881	-743.503	
11789	22323	221.313	528.949	221.31	-99999	0.077	-0.474896	1	1	1	1	1	357.376	205.271	-52.4111	-157.97	-736.128	-615.058	357.376	281.129	205.271	-52.4111	-105.636	-157.97	-736.128	-676.147	-615.058	6.15193	11	0	55.7808	0.0797244	-72.8523	-704.873	0.0797244	-72.8523	-704.873	
11797	66702	289.171	721.538	288.637	103.276	102.906	-0.969763	0	0	0	0	0	164.772	222.554	132.682	-147.294	-188.098	-202.644	164.676	199.488	222.559	133.07	-7.18477	-147.411	-188.125	-185.299	-202.695	4.97143	14	0	73.4879	76.2702	-68.6931	-803.385	76.2702	-68.6931	-803.385	
11761	2104	170.696	735.17	170.423	-99999	52.337	-0.641676	1	1	1	1	1	77.0282	201.891	129.645	14.4147	114.325	125.002	76.7707	140.092	201.831	129.8	72.7944	14.4147	114.308	118.606	125.002	4.82573	17	0	104.337	52.388	-21.2243	123.739	52.388	-21.2243	123.739	
11782	11648	33.3634	61.2893	20.1099	-99999	81.468	-0.957511	0	0	0	0	0	196.994	196.591	133.415	114.364	300.534	306.414	209.736	209.165	208.26	133.827	117.892	103	300.431	305.051	311.918	6.15375	11	0	60.8524	80.339	57.3453	-798.045	80.339	57.3453	-798.045	
11795	11404	226.821	529.487	226.009	-48.7065	-45.452	-0.887265	1	1	1	1	1	98.6236	216.819	132.864	-51.3288	-769.575	-809.106	98.3897	148.147	216.826	133.366	33.2767	-51.3442	-769.459	-788.14	-809.107	4.99899	46	0	107.28	-45.4336	4.14541	-762.008	-45.4336	4.14541	-762.008	
11759	3109	294.614	659.057	293.436	-99999	85.248	-0.98417	1	1	1	1	1	192.622	138.433	132.31	-153.355	881.934	875.333	192.57	171.065	137.94	132.59	-12.8697	-154.141	881.943	874.119	875.397	6.17393	7	0	85.7849	85.2752	-32.6455	805.858	85.2752	-32.6455	805.858	
11797	13306	151.924	366.406	151.274	-99999	40.132	-0.640039	1	1	1	1	1	230.38	345.023	130.92	33.7857	279.963	263.38	242.948	300.55	358.054	130.92	81.976	33.3696	279.963	272.588	263.224	5.69632	10	0	68.4182	45.1345	18.6505	-272.567	45.1345	18.6505	-272.567	
11797	59090	321.529	722.03	320.776	-99999	42.516	-0.668181	1	1	1	1	1	118.649	176.324	132.74	-96.2823	-707.717	-496.048	118.498	161.721	176.275	133.049	18.3351	-96.2823	-708.054	-604.188	-496.048	5.55662	13	0	44.2245	42.5538	-7.03629	-587.572	42.5538	-7.03629	-587.572	
11797	50960	307.138	788.564	306.13	-99999	100.808	-0.957718	1	1	0	0	0	125.399	204.642	132.416	-151.281	694.331	773.971	125.129	158.378	204.576	133.23	-10.3369	-151.419	694.143	736.98	774.021	5.33959	12	0	141.335	100.846	-9.55931	572.557	29.8058	34.2794	630.072	
11797	78977	83.9828	224.402	83.5674	-99999	26.618	-0.932302	1	1	0	0	0	124.299	134.261	133.466	56.6505	-294.688	-263.734	124.265	129.457	134.304	133.56	94.8124	56.3713	-294.731	-279.544	-263.653	5.76775	12	0	76.3183	26.6483	28.9471	-265.585	26.6483	28.9471	-265.585	
11797	11217	114.806	291.834	114.726	-99999	116.178	-0.320779	0	0	0	0	0	96.7948	72.8461	134.033	97.5005	-600.178	-495.013	96.6871	89.4655	72.7132	134.055	113.727	97.5005	-600.247	-547.115	-495.013	7.40263	14	0	74.8063	-49.0273	-10.5502	90.9974	-49.0273	-10.5502	90.9974	
11786	11969	111.831	259.182	110.549	-99999	105.222	-0.952138	0	0	0	0	0	312.244	326.214	130.562	24.9367	704.618	733.986	345.146	352.254	359.29	130.875	77.6156	24.0164	704.528	719.996	734.186	4.3993	6	0	55.0161	-999999	-999999	-999999	-999999	-999999	-999999	
11786	29945	120.081	300.754	119.333	-99999	42.514	-0.820178	1	1	1	0	0	107.204	154.373	133.635	40.2956	-410.691	-353.991	106.919	131.075	154.325	134.25	86.2701	40.2956	-411.04	-384.326	-353.991	4.77808	12	0	75.8404	42.551	30.6168	-371.567	42.551	30.6168	-371.567	
11786	30575	381.041	1007.07	379.771	-99999	97.258	-0.755392	1	1	1	1	1	181.37	201.621	131.377	-167.003	-604.383	-838.113	211.679	221.729	232.077	132.267	-17.4049	-167.003	-603.566	-720.932	-838.113	6.60529	10	0	26.426	97.2878	-26.1348	-710.832	-12.8622	-11.9613	-718.705	
11797	73035	205.489	454.913	204.58	-99999	8.311	-0.765156	1	1	1	1	1	288.117	169.428	133.251	-28.4326	739.075	771.127	288.552	221.39	169.34	133.796	58.1779	-28.5796	738.955	756.841	771.165	8.39023	9	0	74.6589	8.33235	1.83692	738.086	8.33235	1.83692	738.086	
11780	10883	31.5833	105.693	28.4828	-99999	99.535	-0.760803	0	0	0	0	0	121.696	114.049	134.216	111.541	-877.823	-862.541	121.582	116.772	112.79	134.216	121.748	109.512	-877.823	-869.454	-860.678	14.2479	19	0	86.3058	99.5613	48.4431	-806.079	99.5613	48.4431	-806.079	
11786	10257	278.289	638.544	277.898	-99999	116.494	-0.993808	0	0	0	0	0	311.557	322.425	133.441	-142.785	-243.628	-241.917	348.016	353.25	358.907	133.61	-5.2599	-142.952	-243.613	-242.611	-241.999	4.94462	10	0	65.7132	-999999	-999999	-999999	-999999	-999999	-999999	
11795	17645	387.529	1004.69	387.525	-99999	-42.267	-0.769668	1	1	1	1	1	87.4492	188.321	133.193	-166.035	-579.835	-357.654	87.4976	141.102	188.37	133.193	-18.6213	-166.035	-579.835	-472.074	-357.654	5.69346	14	0	86.7799	-42.2337	-10.2129	-479.101	-42.2337	-10.2129	-479.101	
11797	83081	212.407	468.835	212.173	-99999	29.397	-0.790172	1	1	1	1	1	110.368	149.733	133.878	-11.7942	-83.562	64.1058	110.307	130.86	149.699	134.058	55.3836	-11.7942	-83.7002	-15.4421	64.1058	4.81922	14	0	76.1635	29.4268	9.9751	13.9032	29.4268	9.9751	13.9032	
11781	3390	268.933	630.388	259.216	348.205	-42.055	-0.844952	1	1	1	1	1	196.658	348.012	133.116	-74.9924	524.376	493.452	195.871	273.934	352.948	134.396	26.0713	-81.3451	524.562	508.879	491.873	4.02472	8	0	54.5981	-42.0326	-2.7262	331.573	96.4174	-16.7974	425.933	
11775	714	270.821	617.794	270.438	-99999	-37.586	-0.865147	1	1	1	1	0	177.181	91.8297	132.962	-98.0057	-858.291	-752.009	177.37	131.866	91.8727	133.286	15.168	-98.0057	-858.413	-810.712	-752.009	5.31101	12	0	96.9194	-37.5632	-27.8717	-770.83	-37.5632	-27.8717	-770.83	
11775	1974	91.8847	219.944	90.9728	-47.3134	-47.997	-0.9721	1	1	1	0	0	202.044	217.701	131.993	43.3151	770.616	758.689	201.929	208.528	217.733	132.734	87.7751	43.172	770.752	764.082	758.686	6.13249	6	0	68.7231	-47.962	15.1667	748.605	-47.962	15.1667	748.605	
11780	21158	224.993	517.031	207.939	-99999	19.279	-0.855289	1	1	1	1	1	254.993	345.613	131.579	-47.1223	-409.808	-354.264	261.02	309.748	359.368	131.598	34.9494	-61.7311	-409.814	-379.185	-350.157	6.14723	8	0	97.8166	19.2997	-32.0257	-374.369	19.2997	-32.0257	-374.369	
11780	15838	355.186	782.207	354.219	-99999	-1.702	-0.633646	1	1	1	1	1	358.094	203.539	99.1421	-81.7662	459.917	717.526	358.31	291.152	203.294	99.5438	-1.62849	-81.7531	459.489	588.813	717.751	5.56611	9	0	73.7722	-1.6728	-14.2164	566.07	-1.6728	-14.2164	566.07	
11780	17818	253.291	546.516	253.272	41.5043	40.543	-0.73965	1	1	1	1	1	99.1238	259.555	133.044	-51.8359	38.899	-24.6733	99.1183	177.995	259.555	133.051	38.8225	-51.8359	38.9021	8.68638	-24.6733	4.74435	9	0	74.6406	40.5801	4.90512	2.18676	40.5801	4.90512	2.18676	
11797	58924	686.759	18477.3	686.678	-99999	83.745	-0.390393	1	1	1	1	1	288.677	185.136	133.958	-122.187	-11.1741	-639.384	314.901	263.681	211.349	133.958	5.41621	-122.193	-11.1741	-325.379	-639.438	31.3481	15	0	164.372	83.8149	-14.937	-363.885	83.8149	-14.937	-363.885	
11789	11098	541.059	1249.23	540.926	-99999	-46.174	-0.611986	1	1	1	1	1	183.712	80.0767	133.399	-163.747	-8.83748	426.578	183.793	139.391	80.1296	133.473	-27.3747	-163.747	-8.92854	203.855	426.578	4.61843	13	0	84.7512	-46.1216	-42.0924	240.812	-46.1216	-42.0924	240.812	
11797	63677	310.15	725.63	307.304	44.7431	-27.496	-0.620956	0	0	0	0	0	260.77	174.294	132.727	-62.8196	-469.808	-250.302	260.907	217.552	173.565	133.127	33.7662	-64.1992	-470.292	-359.566	-248.755	6.46786	15	0	80.4864	-18.2834	-116.78	426.096	43.5866	-6.68618	-339.132	
11782	1935	80.3972	238.509	80.1444	-99999	48.779	-0.980386	1	1	1	1	0	188.766	168.674	131.993	54.4804	-653.087	-651.096	188.774	179.11	168.618	132.234	93.2549	54.4804	-653.09	-652.147	-651.096	4.07611	8	0	71.7153	48.8026	16.6222	-653.411	48.8026	16.6222	-653.411	
11797	20270	292.811	668.544	291.515	-99999	37.11	-0.961251	1	1	1	1	1	192.679	122.416	132.226	-145.05	-734.816	-682.863	192.707	162.334	122.08	132.532	-8.7217	-145.974	-734.873	-711.641	-682.83	5.33541	6	0	72.6226	37.1384	-34.3966	-692.614	37.1384	-34.3966	-692.614	
11797	21080	115.283	202.916	110.629	-99999	83.507	-0.927054	1	1	0	0	0	295.332	331.49	134.168	29.7117	-847.315	-850.922	321.482	340.145	359.379	134.168	79.6919	25.4224	-847.315	-849.705	-850.465	5.16573	7	0	25.2102	83.5218	15.3657	-841.01	83.5218	15.3657	-841.01	
11773	8677	364.991	835.339	360.133	83.6895	83.06	-0.872683	1	1	1	1	1	300.143	198.061	134.104	-150.772	48.3637	-140.935	300.143	245.774	197.164	134.104	-19.6154	-154.513	48.3637	-33.4958	-143.874	5.44974	6	0	76.3322	83.0988	-8.60386	-34.4326	83.0988	-8.60386	-34.4326	
11773	2343	132.143	371.545	131.773	-99999	94.996	-0.474985	1	1	1	1	1	182.913	225.306	132.618	55.5961	-434.611	-336.513	167.862	189.171	210.378	132.785	94.9808	55.5961	-434.917	-385.132	-336.513	5.82631	15	0	83.5128	95.0421	-26.3119	-236.913	95.0421	-26.3119	-236.913	
11773	2793	69.3994	367.061	67.1831	-99999	-6.923	-0.675267	0	0	0	0	0	104.846	99.4187	133.998	71.4992	-809.878	-802.064	104.861	99.7502	99.4778	134.022	103.8	70.3501	-809.831	-806.243	-802.235	4.60169	11	0	222.175	-6.89246	49.2266	-781.922	-6.89246	49.2266	-781.922	
11797	81374	293.079	685.706	292.159	-99999	113.825	-0.993477	0	0	0	0	0	78.6504	135.631	133.588	-147.487	-185.852	-142.109	78.4683	96.3622	135.562	134.153	-10.2991	-147.823	-185.875	-170.348	-142.056	5.09297	11	0	80.5367	-999999	-999999	-999999	-999999	-999999	-999999	
11786	16322	450.379	1038.99	433.766	-99999	91.361	-0.587277	1	1	1	1	1	322.49	307.474	133.294	-171.754	-576.001	-883.932	351.197	343.31	335.252	134.641	-23.1314	-180.98	-573.949	-734.316	-894.591	4.95804	15	0	54.145	97.8351	-11.2501	-471.67	-49.0849	61.7019	-556.798	
11797	55999	177.437	463.296	177.432	-99999	74.476	-0.355847	1	1	1	1	1	236.529	335.374	133.275	67.7126	-50.2196	81.6938	259.851	309.162	358.696	133.275	100.689	67.7126	-50.2196	15.9094	81.6938	4.04304	10	0	89.2314	74.5328	45.988	37.0271	74.5328	45.988	37.0271	
11776	3896	194.901	465.739	193.487	84.1543	83.232	-0.994521	1	1	1	1	1	213.841	178.105	130.242	-58.3707	544.135	552.23	213.848	201.358	177.608	130.369	33.8321	-59.5226	544.147	544.267	552.492	4.58101	11	0	81.5339	83.2618	-15.376	555.178	83.2618	-15.376	555.178	
11759	3335	161.004	414.331	160.854	-99999	112.616	-0.895646	1	1	1	1	1	258.203	323.782	133.47	-12.7066	657.632	671.819	293.412	326.172	359.056	133.58	60.3791	-12.7294	657.624	664.583	671.822	4.79683	6	0	68.8606	112.632	5.37281	660.839	112.632	5.37281	660.839	
11797	84862	445.503	956.985	443.738	79.265	78.633	-0.716375	1	1	1	1	1	298.09	141.239	133.508	-157.603	125.636	413.732	298.14	230.75	140	133.668	-15.69	-158.359	125.491	276.179	414.24	4.36757	7	0	50.3103	78.651	-21.3654	279.047	78.651	-21.3654	279.047	
11776	2460	215.172	486.86	215.167	89.5093	89.323	-0.857715	1	1	1	1	1	223.015	129.965	132.829	-57.3311	-421.524	-390.675	223.015	172.524	129.965	132.829	41.0118	-57.3311	-421.524	-397.357	-390.675	6.79268	6	0	70.2111	89.3597	-11.6835	-392.238	89.3597	-11.6835	-392.238	
11774	275	128.56	659.916	128.016	-99999	12.106	-0.761998	1	1	1	0	0	341.825	290.858	134.482	35.9632	-510.778	-449.866	345.8	317.375	294.649	134.885	83.5621	35.9632	-511.08	-484.956	-449.866	4.05084	7	0	78.7599	12.1279	25.2263	-469.993	12.1279	25.2263	-469.993	
11774	4796	265.029	600.046	264.674	-39.7229	-39.464	-0.909374	1	1	1	1	1	147.66	295.15	133.987	-80.0916	496.519	467.99	147.66	211.734	295.38	133.987	18.3395	-80.3372	496.519	491.408	467.95	6.18101	6	0	76.1597	-39.4305	-5.95081	476.006	-39.4305	-5.95081	476.006	
11774	5696	192.603	442.493	192.389	-99999	104.609	-0.829091	1	1	1	1	1	62.1232	109.318	134.626	-32.2862	259.963	340.701	61.927	92.197	109.198	134.793	52.2758	-32.2862	259.881	299.117	340.701	4.9955	11	0	72.1324	104.624	6.71681	313.079	104.624	6.71681	313.079	
11774	8576	239.829	529.396	239.11	55.7985	54.726	-0.901133	1	1	1	0	0	109.549	223.862	127.809	-77.7793	883.073	866.044	109.465	161.743	224.16	127.982	20.159	-78.0684	883.071	884.272	865.738	4.36038	14	0	75.8996	54.7534	-3.22122	808.948	54.7534	-3.22122	808.948	
11797	44976	125.067	230.138	123.509	-99999	-24.989	-0.757341	1	1	1	0	0	95.8028	81.2346	134.112	35.3476	-130.693	-58.8868	95.8314	85.7955	81.1429	134.112	83.569	34.3163	-130.693	-95.3454	-57.7487	7.17278	13	0	62.2775	-24.9686	29.4275	-85.0919	-24.9686	29.4275	-85.0919	
11797	46956	42.4557	119.331	41.0354	-99999	51.916	-0.890392	0	0	0	0	0	176.654	162.143	128.91	90.7085	632.625	634.904	176.595	168.082	161.813	128.91	109.514	89.3172	632.625	633.876	634.907	4.0743	9	0	72.5404	51.943	29.754	632.051	51.943	29.754	632.051	
11780	10039	87.4824	277.136	80.0851	-99999	70.942	-0.95937	1	1	0	0	0	268.761	255.897	129.318	70.0868	224.161	268.907	279.712	279.501	266.964	132.408	95.1724	70.0868	223.131	242.156	268.907	4.88899	6	0	151.115	70.9465	34.9763	238.009	70.9465	34.9763	238.009	
11789	478	263.149	554.711	254.079	-99999	55.899	-0.975997	1	1	1	1	1	282.935	231.135	132.519	-114.115	-389.946	-370.34	300.557	273.526	245.251	133.294	6.22933	-121.643	-390.076	-369.909	-370.586	4.07146	8	0	62.056	55.9129	-13.7283	-375.633	55.9129	-13.7283	-375.633	
11797	6059	30.8264	67.1378	30.584	-99999	-45.113	-0.975686	0	0	0	0	0	123.675	115.389	133.222	103.807	-100.58	-99.7555	123.726	119.788	115.372	133.222	118.333	103.577	-100.58	-100.241	-99.7517	4.04706	11	0	42.4149	-23.0843	-21.641	-82.4887	-23.0843	-21.641	-82.4887	
11797	7229	210.134	477.565	207.774	-99999	-45.191	-0.878605	1	1	1	1	1	175.008	178.843	133.048	-46.1525	456.701	556.827	175.108	177.873	178.664	133.642	38.796	-47.4629	456.382	500.032	557.832	5.42513	20	0	77.4792	-45.1577	-11.0321	528.4	-45.1577	-11.0321	528.4	
11789	2226	198.631	462.837	198.082	-99999	-32.966	-0.802452	1	1	1	1	1	176.185	80.8191	133.395	-31.5605	224.767	275.689	176.223	125.583	80.631	133.395	51.5796	-32.0537	224.767	249.144	275.745	4.08278	7	0	77.6315	-32.9369	-22.9735	508.418	38.3531	7.89829	259.189	
11795	13995	521.099	1182.66	518.978	21.8205	21.321	-0.535684	1	1	1	1	1	148.741	318.681	132.326	-98.3371	-879.847	-449.605	148.018	245.566	318.681	133.462	10.8172	-98.3371	-881.48	-673.557	-449.605	5.12427	7	0	76.6543	21.3421	-31.1824	-590.826	21.3421	-31.1824	-590.826	
11781	2451	104.318	489.631	103.092	-99999	105.243	-0.265307	0	0	0	0	0	253.272	325.038	133.679	84.6998	121.731	78.5515	286.228	323.196	357.994	133.679	108.787	84.6998	121.731	100.027	78.5515	4.85191	7	0	40.2088	77.6588	10.8277	125.192	77.6588	10.8277	125.192	
11797	48785	29.9053	100.374	28.6573	-99999	60.746	-0.8629	1	1	1	1	1	210.324	200.695	132.162	107.326	-221.333	-231.761	220.179	215.129	210.166	133.033	120.324	107.101	-220.941	-226.983	-231.818	13.4945	10	0	75.8829	60.771	-36.8786	-309.308	60.771	-36.8786	-309.308	
11797	52215	317.21	808.692	316.113	106.59	105.495	-0.728326	0	0	0	0	0	101.262	276.998	132.797	-91.1027	64.3891	196.965	101.123	184.533	277.475	132.984	12.1587	-91.4729	64.2621	123.831	197.465	5.18017	7	0	71.0814	4.34124	-80.3678	-838.44	4.34124	-80.3678	-838.44	
11795	13626	261.772	175.99	228.632	-99999	7.394	-0.520615	0	0	0	0	0	259.9	260.293	132.993	-39.1856	-117.779	6.70527	262.215	264.215	262.608	132.993	22.5669	-39.1856	-117.779	-72.3799	6.70527	9.37668	6	0	19.0238	7.4151	58.2479	438.126	28.5051	-25.4843	-50.682	
11795	15156	95.1891	225.424	90.0515	-29.3583	-31.758	-0.814795	1	1	0	0	0	203.684	232.654	130.915	66.1707	-264.263	-317.423	203.519	211.702	233.743	133.523	96.3983	64.9394	-262.416	-290.917	-318.43	4.13103	11	0	70.1172	-31.7246	19.6265	-307.113	-31.7246	19.6265	-307.113	
11795	5809	321.771	750.509	321.391	-38.3576	-38.832	-0.809674	1	1	1	1	1	271.945	87.1003	133.225	-117.411	121.658	176.639	272.159	180.983	87.1003	133.525	2.92079	-117.411	121.627	141.112	176.639	9.13448	12	0	122.228	-38.8019	-46.942	153.81	-38.8019	-46.942	153.81	
11786	27604	32.5344	165.858	32.3854	80.8379	79.915	-0.818286	1	1	1	1	1	63.846	78.8352	134.431	108.314	855.126	843.99	76.3127	83.0268	91.3854	134.431	121.094	108.209	855.126	848.682	843.978	11.8658	10	0	129.855	79.9455	2.8143	770.438	79.9455	2.8143	770.438	
11797	80903	260.845	597.325	259.106	114.471	114.101	-0.918196	0	0	0	0	0	174.5	240.658	132.175	-95.8787	377.779	276.284	174.26	206.893	240.952	133.114	15.5626	-96.488	378.104	332.166	276.071	8.06859	9	0	69.1726	-11.1417	-18.2886	126.962	-11.1417	-18.2886	126.962	
11789	5206	302.609	3152.87	299.85	-99999	31.287	-0.98165	1	1	1	1	1	204.016	215.618	130.798	-152.232	-163.544	-70.0022	199.025	204.86	210.732	133.299	-9.24159	-152.36	-164.018	-117.883	-69.9454	4.61801	7	0	69.4987	31.314	-11.5229	-120.517	31.314	-11.5229	-120.517	
11776	80	243.117	558.177	241.934	-99999	111.799	-0.859503	1	1	1	1	1	184.865	271.026	133.396	-89.8216	-562.472	-594.053	219.849	266.076	306.284	133.438	22.9027	-90.9041	-562.462	-582.272	-593.876	6.9353	6	0	85.9024	111.828	-23.5681	-584.944	111.828	-23.5681	-584.944	
11797	96643	23.9274	75.2476	22.5778	-99999	-31.716	-0.97962	0	0	0	0	0	274.882	277.939	132.073	110.07	815.849	812.603	264.942	266.097	268.191	132.17	120.528	108.869	815.86	813.398	812.853	5.25102	8	0	66.4742	-31.6861	49.438	656.832	-31.6861	49.438	656.832	
11759	1303	327.217	696.772	326.917	-99999	61.121	-0.965144	1	1	1	1	1	100.352	139.447	134.168	-165.179	-186.969	-64.6387	100.282	113.072	139.478	134.168	-18.6192	-165.425	-186.969	-130.519	-64.5204	7.52624	13	0	89.4068	61.1536	-12.9357	-126.392	61.1536	-12.9357	-126.392	
11797	27266	360.19	825.452	358.6	-39.3759	-40.526	-0.907422	1	1	1	1	1	246.477	109.29	131.961	-167.764	-548.944	-416.881	246.765	185.581	109.051	133.044	-24.7648	-168.026	-549.348	-488.114	-416.711	5.9128	9	0	74.2863	-40.4947	-39.5332	-474.898	-40.4947	-39.5332	-474.898	
11797	29246	69.4007	97.0089	18.705	-99999	-17.748	-0.860662	1	1	1	1	1	242.789	244.247	134.461	119.307	-677.725	-667.285	237.232	241.588	253.791	134.461	110.441	85.4842	-677.725	-656.974	-636.797	7.07947	17	0	97.0089	-17.7096	-21.0565	-542.81	-17.7096	-21.0565	-542.81	
11795	14813	118.811	277.928	118.379	-99999	-48.042	-0.863589	1	1	0	0	0	298.904	346.284	133.013	25.6685	805.961	807.498	283.652	312.725	331.245	133.362	81.6495	25.649	805.96	807.77	807.497	4.12654	9	0	73.0665	-48.0218	35.9039	791.359	-48.0218	35.9039	791.359	
11797	60599	288.95	693.223	288.441	-99999	69.411	-0.942983	1	1	1	1	1	290.775	188.881	132.85	-136.969	-678.693	-675.936	312.679	261.547	210.617	133.328	-1.77705	-136.969	-678.706	-676.908	-675.936	10.3655	7	0	55.0005	69.4451	-20.1207	-664.212	69.4451	-20.1207	-664.212	
11797	62399	335.781	856.659	335.624	-99999	92.825	-0.718239	1	1	1	1	1	68.0705	185.218	69.7477	-168.05	581.989	786.169	67.9643	126.835	185.168	69.7477	-51.3011	-168.07	581.989	682.326	786.308	6.73772	14	0	79.6112	92.8544	23.0381	626.566	16.6344	-101.892	757.427	
11782	2161	111.715	309.34	111.292	-99999	110.492	-0.956977	0	0	0	0	0	159.279	145.727	133.543	27.1922	-48.5665	-19.8434	159.153	149.703	145.705	133.543	80.2249	26.8041	-48.5665	-34.9212	-19.7257	6.62814	12	0	113.561	52.7122	38.3806	843.236	52.7122	38.3806	843.236	
11776	4443	88.3283	218.791	86.2651	85.7807	85.456	-0.72423	1	1	0	0	0	225.006	189.67	132.583	81.2134	-679.594	-738.599	225.474	209.044	189.438	133.694	105.297	80.9832	-678.657	-708.025	-739.02	4.1202	8	0	73.5781	85.4986	25.629	-714.649	85.4986	25.629	-714.649	
11797	96121	367.137	918.342	363.732	42.7455	41.274	-0.797439	1	1	1	1	1	301.255	114.61	131.508	-126.101	-745.456	-577.346	302.383	224.11	114.61	134.176	-2.28083	-126.101	-747.165	-652.707	-577.346	4.59756	10	0	64.0988	41.313	-27.1734	-642.433	41.313	-27.1734	-642.433	
11780	16243	44.0391	136.079	41.8092	-99999	108.15	-0.971354	0	0	0	0	0	227.49	217.817	131.463	90.8132	177.525	178.795	210.762	205.671	200.524	132.529	111.119	89.7231	177.514	178.19	178.8	5.57254	8	0	74.6557	27.613	-72.8761	-644.483	-2.55704	-78.6372	707.093	
11797	10103	211.181	528.783	209.558	30.9163	30.542	-0.883417	1	1	1	1	1	254.976	166.146	132.467	-55.4501	-314.402	-292.047	255.154	207.857	165.812	132.818	38.7221	-56.6249	-314.43	-307.281	-292.119	8.36891	9	0	111.201	30.5715	-13.1558	-302.881	30.5715	-13.1558	-302.881	
11773	8615	551.348	1208.89	546.771	127.454	47.571	-0.618632	0	0	0	0	0	155.992	249.451	134.378	-156.245	588.949	136.613	155.992	201.013	250.97	134.378	-12.1363	-159.315	588.949	359.986	133.592	4.35611	12	0	63.2151	19.2366	-31.3722	-175.511	98.4166	-5.93651	482.936	
11759	4180	200.704	385.076	200.35	-99999	89.857	-0.666672	1	1	1	1	1	153.621	117.802	132.652	7.34319	-591.794	-442.283	153.577	129.83	117.713	132.805	66.1742	7.29723	-591.955	-520.828	-442.226	9.69885	13	0	52.0743	89.8918	15.1526	-488.543	89.8918	15.1526	-488.543	
11786	23487	59.3725	373.095	58.9899	-14.1746	-14.519	-0.753183	1	1	0	0	0	236.27	202.565	132.85	92.7853	457.224	484.008	236.462	218.627	202.557	133.126	112.958	92.7738	457.09	469.52	484.016	4.64748	13	0	85.4225	-14.4803	13.0281	471.231	-14.4803	13.0281	471.231	
11786	24477	194.714	402.19	194.393	-726.441	83.8	-0.864681	0	0	0	0	0	223.122	124.425	132.249	-30.0191	-487.152	-446.098	223.122	173.888	124.246	132.249	50.48	-30.2688	-487.152	-468.169	-446.013	7.79456	10	0	65.8813	83.8357	36.4469	-827.688	83.8357	36.4469	-827.688	
11761	1591	186.498	417.243	186.045	-99999	91.449	-0.78786	1	1	1	1	1	135.121	75.704	134.296	-21.6271	-642.6	-564.328	135.016	101.321	75.5446	134.296	59.1488	-22.067	-642.6	-598.911	-564.255	6.03575	10	0	71.4493	91.4694	10.5717	-584.95	91.4694	10.5717	-584.95	
11797	2902	285.344	631.457	281.947	44.6289	43.713	-0.758151	1	1	1	1	1	238.477	137.365	132.422	-52.8442	623.199	807.487	239.043	186.811	136.609	133.657	36.4133	-54.116	622.314	712.245	808.462	5.32475	12	0	72.5154	43.742	-15.7904	727.583	43.742	-15.7904	727.583	
11772	1662	95.0078	318.137	94.2366	-99999	79.27	-0.910825	1	1	1	0	0	298.19	333.414	132.839	45.5688	602.383	603.214	322.705	340.706	358.253	133.494	89.5515	45.5305	602.381	603.468	603.204	17.786	12	0	116.04	79.2966	-34.3465	579.135	79.2966	-34.3465	579.135	
11797	74939	455.006	1090.08	453.415	-99999	106.83	-0.614572	0	0	0	0	0	205.187	130.142	133.074	-139.493	-822.453	-469.74	205.151	181.064	129.743	133.519	-4.29314	-139.983	-823.02	-643.92	-469.088	4.99413	17	0	86.2448	95.9199	-74.4625	821.584	95.9199	-74.4625	821.584	
11759	3491	107.725	291.124	106.021	-99999	-12.114	-0.906944	1	1	1	0	0	207.556	191.418	132.702	40.3013	-519.076	-470.136	207.57	199.205	191.398	132.702	84.6735	38.8797	-519.076	-496.222	-469.206	8.36106	14	0	104.52	-12.0773	12.455	-481.512	-12.0773	12.455	-481.512	
11772	4397	193.771	474.901	192.351	-99999	-28.257	-0.906969	1	1	1	1	1	168.309	138.505	132.213	-36.0412	-346.33	-263.644	168.603	147.623	138.556	133.018	44.1075	-36.4437	-346.612	-314.409	-263.32	5.21505	14	0	79.2004	-34.5359	-30.4184	84.288	-20.1759	47.6019	-398.274	
11780	11865	257.059	577.948	256.675	-99999	-40.456	-0.907315	1	1	1	1	1	330.839	250.676	132.559	-100.205	129.861	198.71	318.294	277.363	238.007	132.903	18.6859	-100.205	129.762	171.718	198.71	6.27614	7	0	77.5351	-40.427	-7.14039	169.024	-40.427	-7.14039	169.024	
11797	56501	109.903	235.43	109.053	-99999	79.495	-0.495801	1	1	1	0	0	293.271	334.031	133.87	83.9108	-5.25759	82.6848	317.925	338.56	358.996	134.195	108.805	83.8176	-5.76151	38.3805	82.8496	4.24611	6	0	48.1344	79.539	47.2699	69.0521	79.539	47.2699	69.0521	
11773	3838	205.65	447.242	202.95	-99999	97.234	-0.71783	1	1	1	1	1	183.39	328.685	131.206	-5.99083	251.726	216.404	212.063	285.312	359.195	133.082	63.103	-6.04743	252.119	234.594	216.388	4.16425	8	0	50.1829	97.2649	-0.98625	221.542	97.2649	-0.98625	221.542	
11772	5108	85.1004	191.437	80.4768	-99999	72.079	-0.651109	1	0	0	0	0	268.503	324.746	-166.975	-115.207	-886.848	-861.696	350.494	320.749	291.075	-112.197	-139.51	-166.975	-860.208	-873.605	-886.848	4.26526	160	0	191.437	72.0775	-82.0179	-836.398	72.0775	-82.0179	-836.398	
11797	41083	141.35	1130.43	133.92	-99999	-8.194	-0.760802	1	1	1	1	1	203.904	114.942	130	32.552	-483.169	-460.505	203.913	157.221	109.997	130	78.2146	27.3085	-483.169	-471.681	-458.744	32.4188	8	0	678.755	-8.16529	-1.56027	-451.882	-8.16529	-1.56027	-451.882	
11797	45549	451	1134.43	449.981	-99999	100.732	-0.544068	1	1	1	1	1	184.135	327.735	133.516	-61.7665	-697.833	-318.901	215.346	285.305	359.278	134.073	34.9166	-61.7665	-698.615	-508.635	-318.901	7.47145	13	0	75.2021	100.758	-28.3223	-441.705	100.758	-28.3223	-441.705	
11797	46809	291.063	605.918	289.075	-99999	61.176	-0.967548	1	1	1	1	1	280.335	329.315	134.055	-138.481	-340.353	-263.493	299.492	312.546	348.751	134.055	-6.53332	-140.411	-340.353	-305.656	-263.193	4.65859	9	0	53.5073	61.1998	-32.4866	-302.46	61.1998	-32.4866	-302.46	
11797	303	335.923	747.276	334.696	56.7286	56.206	-0.920361	1	1	1	1	1	243.14	109.524	132.639	-169.879	714.132	687.466	243.468	176.841	109.332	133.452	-19.8011	-170.142	714.214	698.742	687.539	7.62974	8	0	68.155	56.239	-36.9852	693.016	56.239	-36.9852	693.016	
11797	2193	194.659	440.75	194.216	-40.7537	-42.522	-0.843599	1	1	1	1	1	237.339	133.968	132.554	-16.3281	-454.107	-386.01	237.339	188.336	133.745	132.554	54.7133	-16.6853	-454.107	-422.704	-385.886	4.38546	8	0	77.9819	-42.4845	-1.39098	-403.559	-42.4845	-1.39098	-403.559	
11789	7482	326.373	758.445	325.015	106.351	106.4	-0.656633	0	0	0	0	0	73.2855	224.771	133.263	-81.6563	-485.187	-672.799	73.0864	138.771	225.167	133.652	27.1029	-82.2192	-484.79	-589.136	-673.12	5.71126	14	0	70.7055	98.2565	-16.672	-767.866	98.2565	-16.672	-767.866	
11789	17919	308.752	727.99	306.413	-99999	-36.084	-0.989041	1	1	1	1	1	132.597	121.176	133.76	-170.181	-288.081	-265.214	132.638	123.284	121.79	133.76	-19.6522	-172.376	-288.081	-275.197	-264.766	4.06211	11	0	68.7545	-36.0591	-29.0554	-271.36	-36.0591	-29.0554	-271.36	
11797	29255	246.921	549.321	244.131	13.9654	13.888	-0.402873	1	1	1	1	1	300.082	108.517	133.77	49.3227	-448.013	-322.55	301.003	204.462	107.322	134.288	90.71	48.7627	-448.711	-385.32	-321.798	9.38646	9	0	90.4056	13.8515	19.3834	-267.791	13.8515	19.3834	-267.791	
11776	329	159.764	385.776	158.166	-99999	-29.593	-0.978509	1	1	1	1	0	307.179	310.846	130.637	-23.072	318.586	336.581	297.887	304.669	301.37	130.913	54.6385	-23.9194	318.534	332.342	336.631	7.12262	6	0	74.7162	-29.5747	-2.77065	332.294	-29.5747	-2.77065	332.294	
11776	3209	105.364	257.833	104.287	-99999	85.769	-0.890795	1	1	1	0	0	261.702	308.932	132.384	41.0142	730.471	724.715	288.102	311.046	335.79	133.293	86.0273	41.0142	730.366	729.757	724.715	6.00171	16	0	81.3039	85.7966	26.2315	722.954	85.7966	26.2315	722.954	
11797	93700	212.547	496.837	212.392	-99999	42.854	-0.589457	1	1	1	1	1	68.0663	217.199	-49.8731	-171.617	-289.084	-199.816	61.332	136.202	210.555	-49.8731	-111.43	-171.683	-289.084	-245.514	-199.712	5.47811	13	0	82.6269	42.0623	-27.0819	-201.228	42.0623	-27.0819	-201.228	
11797	74092	450.429	1142.93	450.231	-99999	67.84	-0.494337	1	1	1	1	1	279.769	189.147	132.542	-110.314	-96.4708	-464.539	301.013	253.834	210.352	132.542	11.2437	-110.413	-96.4708	-280.253	-464.704	4.42277	16	0	49.8156	67.888	-22.787	-350.982	67.888	-22.787	-350.982	
11797	45907	277.587	611.92	276.068	102.667	101.211	-0.976974	0	0	0	0	0	218.952	193.398	131.797	-136.369	-494.199	-438.187	219.075	201.024	193.5	132.696	-2.37745	-136.922	-494.348	-469.143	-437.997	5.57101	12	0	79.8776	87.5693	-27.4642	382.935	87.5693	-27.4642	382.935	
11774	6315	115.84	422.196	109.972	-99999	92.591	-0.592979	1	1	1	1	1	249.287	186.57	122.474	57.2208	885.602	823.278	280.397	247.361	214.328	124.648	90.0136	55.8666	887.669	855.056	822.072	8.5579	13	0	138.329	92.6238	-34.9818	726.934	92.6238	-34.9818	726.934	
11797	46924	117.98	275.868	117.613	-99999	111.662	-0.901612	0	0	0	0	0	154.743	200.101	132.735	27.8079	608.834	630.534	154.471	178.993	199.98	133.044	79.5385	27.7884	608.811	612.387	630.546	6.4044	15	0	74.8876	84.9398	31.4932	-342.358	84.9398	31.4932	-342.358	
11797	48814	270.156	713.462	269.821	-99999	100.077	-0.927736	1	1	1	1	1	235.179	179.708	133.744	-113.835	-185.563	-277.17	266.539	238.057	211.071	133.854	10.2379	-114.041	-185.526	-231.918	-277.222	4.03915	13	0	59.2231	100.108	-15.2496	-243.101	100.108	-15.2496	-243.101	
11786	660	322.226	868.422	320.161	-99999	95.934	-0.947328	1	1	1	1	1	232.335	329.05	131.442	-168.436	283.432	226.799	261.764	310.231	359.092	133.395	-17.4116	-168.436	283.665	254.34	226.799	8.63148	13	0	64.0384	95.9589	-45.9431	252.231	95.9589	-45.9431	252.231	
11786	4350	137.213	659.359	134.717	-36.6639	-38.113	-0.785146	1	1	1	1	1	186.82	250.88	132.615	32.51	486.567	424.658	186.535	216.992	251.784	133.295	80.3356	31.5196	487.022	456.127	423.742	4.46465	13	0	69.1384	-38.0737	-1.23103	441.396	-38.0737	-1.23103	441.396	
11795	22014	187.756	463.854	187.478	-99999	56.518	-0.634029	1	1	1	1	1	62.4715	120.754	121.512	13.5432	-490.85	-349.815	62.3966	87.8909	120.811	121.532	64.8124	13.3768	-490.874	-420.644	-349.687	5.62682	13	0	78.5808	56.5524	35.5314	-401.845	56.5524	35.5314	-401.845	
11797	91410	163.872	351.495	163.655	-99999	80.55	-0.913125	1	1	1	1	1	164.298	141.502	133.005	-6.57773	197.665	276.954	164.255	153.231	141.409	133.198	59.478	-6.57773	197.593	231.044	276.954	4.98634	11	0	79.1845	80.5796	6.04307	243.741	80.5796	6.04307	243.741	
11797	92580	271.336	633.154	271.083	-99999	63.297	-0.927082	1	1	1	1	1	114.292	173.192	133.331	-116.748	-452.908	-368.011	114.199	146.426	173.145	133.422	7.30825	-116.884	-452.939	-414.779	-367.944	5.00013	15	0	80.2738	63.3245	-12.3511	-407.325	63.3245	-12.3511	-407.325	
11797	94496	257.162	559.96	256.635	-99999	-35.962	-0.6023	1	1	1	1	1	120.005	158.348	133.471	-23.944	540.674	738.699	119.976	141.873	158.384	133.716	52.7831	-23.9881	540.355	637.757	738.784	5.56249	15	0	76.9208	-35.9312	7.90936	656.826	-35.9312	7.90936	656.826	
11780	13536	217.001	680.715	212.243	-99999	58.444	-0.633401	1	1	1	1	1	349.948	202.637	18.4645	-115.195	176.209	102.225	359.133	283.705	208.641	18.4645	-49.9535	-118.371	176.209	138.784	100.676	4.49229	10	0	54.0967	58.45	-30.6623	137.412	58.45	-30.6623	137.412	
11772	133	260.001	591.625	259.691	-99999	41.271	-0.966782	1	1	1	1	1	241.41	272.859	133.064	-120.213	59.3426	105.236	254.319	271.661	285.846	133.117	6.19197	-120.441	59.3328	80.9489	105.255	5.11358	6	0	72.4487	36.0963	-18.7519	147.826	36.0963	-18.7519	147.826	
11772	943	45.0896	82.2263	45.0864	-99999	66.039	-0.691321	1	1	1	1	1	220.02	189.841	133.05	101.902	6.14904	-5.91516	240.7	225.443	210.521	133.05	117.54	101.902	6.14904	0.350396	-5.91516	4.34002	10	0	42.8534	66.057	-23.4094	-33.7118	66.057	-23.4094	-33.7118	
11772	2473	163.799	389.441	163.437	-99999	51.478	-0.653728	1	1	1	1	1	66.1551	175.584	-31.9778	-142.816	96.3672	143.77	65.9968	123.793	175.664	-31.8816	-84.4637	-142.974	96.3173	120.542	143.799	4.49108	7	0	69.197	51.5139	-48.4801	110.75	51.5139	-48.4801	110.75	
11782	9950	281.073	603.722	258.993	-99999	100.743	-0.809044	1	1	1	1	1	301.581	188.172	133.67	-70.7095	-764.484	-876.005	333.339	271.884	210.477	134.087	23.4505	-88.0514	-764.273	-825.353	-884.874	6.73343	12	0	51.144	100.773	4.08856	-778.865	100.773	4.08856	-778.865	
11780	1746	96.1745	255.638	96.1307	-99999	107.778	-0.709958	0	0	0	0	0	304.88	325.74	132.143	58.0126	51.3405	-5.99202	338.628	349.141	359.49	132.15	95.1216	58.0126	51.3478	22.5684	-5.99202	15.3896	15	0	41.0736	11.7044	-60.0794	-341.964	11.7044	-60.0794	-341.964	
11782	13587	335.439	725.677	334.457	15.6964	12.762	-0.925679	1	1	1	1	1	101.041	254.421	134.268	-156.233	-97.5131	-58.6221	100.767	165.747	254.421	135.176	-14.8236	-156.233	-97.7562	-61.2134	-58.6221	4.53632	8	0	73.1004	12.7983	-14.4252	-64.8708	12.7983	-14.4252	-64.8708	
11782	14307	103.878	276.078	102.921	-99999	72.974	-0.48386	1	1	0	0	0	238.518	297.722	131.752	87.3196	387.142	458.27	260.861	292.524	320.633	132.161	108.545	87.2734	386.627	420.28	458.367	4.71483	8	0	88.9814	73.0227	-26.6932	426.593	73.0227	-26.6932	426.593	
11782	14487	240.311	546.278	234.222	-99999	-17.773	-0.995673	1	1	1	1	1	128.991	155.708	133.548	-83.6054	-684.809	-716.104	129.011	127.451	155.729	133.548	22.0544	-83.6054	-684.809	-696.216	-716.104	4.08407	12	0	70.1268	-17.7518	-10.0713	-700.517	-17.7518	-10.0713	-700.517	
11797	87569	150.604	365.464	150.06	-99999	-20.591	-0.844244	1	1	1	0	0	208.22	184.506	128.703	-0.966263	811.132	875.865	208.305	184.598	184.596	128.873	66.0157	-1.26401	811.044	844.984	876.007	4.35208	14	0	67.7464	-12.3676	-44.5432	-607.159	-12.3676	-44.5432	-607.159	
11780	4844	299.024	704.541	296.747	-46.5383	-46.636	-0.897238	1	1	1	1	1	212.106	142.372	130.531	-110.232	452.359	599.987	212.543	179.926	142.373	132.364	10.5442	-110.376	451.572	529.425	599.964	9.85419	6	0	55.6747	-46.6082	-25.4075	556.186	-46.6082	-25.4075	556.186	
11797	80333	501.748	1258.4	501.662	96.1007	94.567	-0.68473	1	1	1	1	1	190.368	231.387	134.028	-167.637	-217.779	-615.108	190.368	211.365	231.387	134.028	-22.2002	-167.637	-217.779	-412.647	-615.108	5.35231	17	0	83.6407	94.6079	-27.0865	-428.013	94.6079	-27.0865	-428.013	
11780	16752	103.269	233.027	102.755	-99999	71.324	-0.982435	1	1	0	0	0	106.187	96.504	133.994	34.4672	-233.828	-213.783	106.106	99.6341	96.4093	133.994	83.3842	34.2023	-233.828	-226.554	-213.739	4.13395	7	0	67.6968	72.8744	-28.9376	246.173	-49.0456	-19.903	125.742	
11797	52723	85.5652	184.226	83.2538	-99999	64.66	-0.936333	1	1	1	1	1	194.467	220.259	133.01	55.8871	-476.027	-458.862	184.131	197.227	210.343	133.642	94.0771	54.2858	-476.175	-466.527	-459.067	4.0399	7	0	47.163	60.4419	-27.8592	-468.292	11.5419	8.3469	-550.255	
11795	1582	247.962	561.684	244.596	-99999	60.281	-0.420299	1	1	1	1	0	269.29	333.15	133.494	30.5959	-878.569	-667.055	287.863	325.039	353.009	133.797	81.3153	30.1314	-879.142	-773.41	-664.65	6.04475	10	0	81.7323	60.2947	37.3429	-719.086	60.2947	37.3429	-719.086	
11797	28090	137.946	267.396	137.559	-99999	63.636	-0.860752	1	1	1	1	0	183.331	171.438	132.679	15.1059	-853.724	-784.265	183.298	177.603	171.365	133.003	73.3324	15.1059	-853.912	-820.027	-784.265	11.5075	6	0	56.1188	69.4317	-0.719317	-781.782	69.4317	-0.719317	-781.782	
11797	93470	63.4326	164.521	62.3133	-99999	61.325	-0.95502	0	0	0	0	0	206.807	187.579	133.284	76.5092	-307.404	-293.137	206.737	200.51	186.885	133.284	103.373	75.6108	-307.404	-298.939	-292.91	4.57718	9	0	70.8569	61.3565	19.534	-291.528	61.3565	19.534	-291.528	
11789	12181	359.02	749.234	344.19	-44.6086	-45.928	-0.901133	1	1	1	1	1	179.283	288.301	133.079	-158.702	752.968	609.629	179.107	229.322	292.812	133.779	-21.0388	-171.922	753.264	678.037	608.579	4.62383	12	0	51.2485	-45.8906	-23.6103	657.558	-45.8906	-23.6103	657.558	
11795	14900	225.476	658.875	223.076	-99999	-11.342	-0.912531	1	1	1	1	1	63.9054	123.169	33.769	-169.584	93.8957	163.835	63.8248	94.5736	123.704	34.1102	-68.41	-171.421	93.775	129.175	164.506	4.58399	11	0	63.0846	-11.3219	-24.8786	111.151	-11.3219	-24.8786	111.151	
11789	1243	219.668	475.753	215.661	-99999	13.776	-0.953785	1	1	1	1	1	199.425	150.689	131.02	-76.6733	217.276	226.36	199.651	174.95	149.064	131.899	25.149	-79.0578	217.435	214.364	227.444	4.7137	11	0	59.065	13.796	-21.8909	217.697	13.796	-21.8909	217.697	
11782	2812	97.7884	355.479	90.9422	-99999	20.356	-0.776362	1	1	1	0	0	142.244	83.8798	129.15	61.0946	795.001	810.152	144.238	113.123	81.4354	131.7	94.8006	58.5885	794.53	802.304	810.873	46.5759	8	0	204.06	20.3852	17.0999	634.847	20.3852	17.0999	634.847	
11782	2812	20.4182	514.783	16.9525	-99999	-29.806	-0.904807	0	0	0	0	0	315.492	319.14	-126.051	-115.245	-893.013	-881.911	310.227	306.754	307.038	-114.049	-121.861	-127.208	-881.793	-886.219	-894.026	112.464	53	0	514.783	-42.6848	-14.3063	-563.876	-42.6848	-14.3063	-563.876	
11797	62911	285.67	682.351	285.307	-99999	28.387	-0.976041	1	1	1	1	1	144.232	102.637	133.002	-145.161	-276.672	-232.43	144.199	120.12	102.649	133.002	-5.86349	-145.511	-276.672	-254.117	-232.379	4.17492	9	0	81.7338	29.4715	-28.211	-260.969	29.4715	-28.211	-260.969	
11797	66511	169.756	418.314	169.317	-99999	62.976	-0.699053	1	1	1	1	1	105.921	220.615	133.525	11.5761	-755.445	-730.412	95.7237	153.766	210.719	133.832	73.4234	11.5761	-755.531	-742	-730.412	4.04059	9	0	65.0219	55.2552	-42.9349	-521.849	55.2552	-42.9349	-521.849	
11780	16315	149.483	376.877	149.48	-99999	80.709	-0.738471	1	1	1	1	1	62.1164	160.249	-54.7313	-166.074	422.948	440.629	62.0241	111.222	160.157	-54.7313	-110.328	-166.074	422.948	431.553	440.629	7.89973	8	0	73.2994	80.7384	-40.9066	516.668	80.7384	-40.9066	516.668	
11797	80887	248.427	443.617	247.403	-99999	-10.063	-0.897661	0	0	0	0	0	163.937	128.859	134.242	-81.7027	678.43	783.932	163.948	159.27	128.401	134.242	25.2586	-82.5296	678.43	736.902	784.235	7.74807	10	0	80.0998	-10.0305	62.4495	756.357	-10.0305	62.4495	756.357	
11797	40275	227.156	605.521	226.395	-99999	88.251	-0.883887	1	1	1	1	1	187.214	224.857	132.903	-53.5583	-729.37	-606.689	173.249	192.36	210.989	133.59	39.8365	-53.5583	-729.677	-668.544	-606.689	5.44258	13	0	98.9832	88.2807	-30.2049	-606.544	88.2807	-30.2049	-606.544	
11797	48587	324.856	636.168	315.804	-4.66625	-5.767	-0.994242	1	1	1	1	1	221.841	174.278	132.071	-166.913	-878.901	-791	222	196.335	171.997	133.936	-21.0155	-173.615	-878.993	-838.449	-790.149	5.00912	11	0	42.5387	-5.73797	-34.0982	-779.649	-5.73797	-34.0982	-779.649	
11761	2601	309.412	489.083	234.219	-99999	92.429	-0.945649	1	1	1	1	1	243.717	260.124	132.475	-88.9248	-443.986	-374.399	272.538	284.894	289.229	133.307	-14.3038	-123.716	-444.244	-399.785	-315.931	4.68529	9	0	69.1247	92.4607	-25.7478	-396.864	92.4607	-25.7478	-396.864	
11761	3591	246.621	591.728	245.399	-99999	14.916	-0.888172	1	1	1	1	1	101.878	158.603	127.039	-90.3633	-545.263	-456.633	101.601	144.323	158.708	127.707	18.2271	-90.8049	-545.492	-508.263	-456.609	4.58428	9	0	61.6886	14.9395	-10.8625	-497.309	14.9395	-10.8625	-497.309	
11782	10491	381.587	964.576	381.583	-99999	-28.165	-0.77907	1	1	1	1	1	261.927	343.32	133.713	-167.821	74.6725	-144.007	253.107	294.426	334.5	133.713	-17.8103	-167.821	74.6725	-33.6015	-144.007	5.56645	16	0	90.8095	-28.1259	-31.8273	-55.7583	-28.1259	-31.8273	-55.7583	
11773	6016	116.194	243.891	106.461	-99999	41.684	-0.71132	1	1	1	1	1	199.02	274.66	131.952	60.8152	588.475	565.046	211.827	253.065	294.146	132.218	93.4105	54.1896	588.552	575.608	563.513	4.26192	8	0	52.8697	41.7167	-4.05314	545.854	41.7167	-4.05314	545.854	
11797	54947	196.592	543.753	196.19	-99999	63.725	-0.925286	1	1	1	1	1	273.077	339.173	133.362	-50.9214	-176.533	-164.181	293.032	325.781	359.266	133.362	40.8453	-51.2969	-176.533	-171.206	-164.165	5.51075	7	0	56.6452	63.7479	-15.3613	-172.681	74.0779	64.513	-215.118	
11781	1915	250.774	562.173	249.165	116.438	115.326	-0.961537	0	0	0	0	0	256.113	181.643	132.841	-101.856	295.583	261.487	256.266	222.306	181.467	133.426	13.7908	-102.811	295.635	280.284	261.275	7.13734	7	0	76.1403	-999999	-999999	-999999	-999999	-999999	-999999	
11761	5566	59.8715	123.42	59.8706	-99999	35.004	-0.854363	1	1	0	0	0	335.136	348.148	134.249	84.0399	651.155	621.297	346.097	352.765	359.109	134.249	108.913	84.0399	651.155	636.681	621.297	4.63891	13	0	39.9802	35.0219	-109.817	618.056	35.0219	-109.817	618.056	
11786	23117	29.7236	100.814	28.4184	-99999	-13.566	-0.963811	0	0	0	0	0	286.184	282.767	133.043	105.026	675.712	678.427	281.962	280.21	278.469	133.328	118.75	104.041	675.632	677.613	678.55	5.53529	8	0	79.0056	-6.13576	-49.5162	456.653	-6.13576	-49.5162	456.653	
11797	15577	285.563	4127.09	285.555	54.2016	53.965	-0.791202	1	1	1	1	1	72.3284	235.108	134.075	-59.8743	710.247	586.338	72.3284	149.748	235.108	134.075	25.0466	-59.8743	710.247	660.517	586.338	12.1273	14	0	123.191	53.9975	-1.99908	644.887	53.9975	-1.99908	644.887	
11797	2261	329.32	13103.9	329.087	-99999	63.353	-0.927917	1	1	1	1	1	110.93	86.583	134.015	-171.462	384.191	503.982	110.904	97.5888	86.509	134.209	-18.5591	-171.476	384.128	444.041	503.987	350.531	12	0	12192.6	63.3779	-36.634	466.114	63.3779	-36.634	466.114	
11797	50062	299.725	654.504	299.358	-19.0166	-19.229	-0.448747	1	1	1	1	1	258.203	125.351	132.205	-13.8316	358.581	576.477	258.302	203.298	125.351	132.372	71.5003	-13.8316	358.283	483.358	576.477	7.26398	12	0	82.7824	-19.184	-1.57152	515.81	-19.184	-1.57152	515.81	
11782	9451	133.088	311.228	133.034	-99999	49.563	-0.945819	1	1	1	0	0	135.872	173.897	133.037	10.2885	-791.331	-762.388	135.804	153.575	173.841	133.085	69.5871	10.2885	-791.337	-783.279	-762.388	6.60913	6	0	64.8966	49.5999	14.236	-752.21	49.5999	14.236	-752.21	
11795	1504	203.664	473.413	202.294	65.5832	64.543	-0.512783	1	1	1	1	1	307.205	185.958	133.096	15.9424	32.7532	142.892	307.857	247.761	185.958	133.78	74.8859	15.9424	31.7728	88.8875	142.892	4.03409	12	0	65.1168	64.5716	16.6551	95.2224	64.5716	16.6551	95.2224	
11780	19633	223.985	493.293	223.679	15.5665	13.95	-0.821673	1	1	1	1	1	197.597	334.468	132.763	-42.2015	806.602	783.009	197.585	266.008	334.669	132.782	44.9019	-42.3617	806.605	795.285	782.922	5.22634	10	0	73.944	13.9709	-9.00485	770.857	13.9709	-9.00485	770.857	
11789	11271	98.8957	273.23	97.701	-99999	97.214	-0.896826	1	1	1	0	0	186.63	205.174	132.995	49.4154	-187.659	-233.933	217.072	224.491	235.801	132.995	89.0678	48.424	-187.659	-209.034	-234.571	5.50843	16	0	99.503	97.2438	19.8692	-219.793	97.2438	19.8692	-219.793	
11761	8783	339.242	687.075	255.142	-99999	53.647	-0.938785	1	1	1	1	1	298.499	249.528	133.162	-103.473	806.453	724.745	315.519	282.128	252.034	134.229	-23.3051	-179.831	806.768	753.551	695.748	5.18679	9	0	133.583	53.6699	-22.0312	721.327	53.6699	-22.0312	721.327	
11761	3955	209.381	517.235	208.953	-13.5577	-13.11	-0.824291	1	1	1	1	1	261.733	156.048	133.224	-32.6951	-16.3315	52.2028	261.932	204.916	156.048	133.574	53.0213	-32.6951	-16.455	18.1854	52.2028	5.15545	11	0	70.5923	-13.0684	3.55799	27.8822	-13.0684	3.55799	27.8822	
11795	21505	143.593	373.117	125.417	-99999	84.565	-0.829791	1	1	1	1	0	261.866	326.034	130.252	24.0581	356.198	373.535	288.024	325.341	358.637	130.726	70.4332	8.30757	356.193	366.646	371.116	4.78706	7	0	93.594	84.5858	1.96247	369.558	84.5858	1.96247	369.558	
11797	52867	122.971	305.158	115.015	-99999	60.896	-0.661298	1	1	1	0	0	97.5394	127.655	128.366	60.5379	2.23117	88.1761	95.9595	109.758	127.585	133.758	93.9676	60.5379	-3.40818	41.2849	88.1761	4.21152	13	0	87.3032	60.936	39.1963	51.1575	60.936	39.1963	51.1575	
11797	927	61.8076	174.504	60.0654	-99999	109.718	-0.98232	0	0	0	0	0	137.747	155.74	132.734	75.7176	600.524	604.054	154.695	162.039	173.113	133.636	103.707	74.9577	600.555	602.358	604.107	6.17793	9	0	74.3766	-999999	-999999	-999999	-999999	-999999	-999999	
11789	19421	357.959	772.809	355.612	-99999	4.962	-0.874568	1	1	1	1	1	265.35	123.087	132.602	-160.456	-103.829	23.54	265.572	188.481	122.392	133.049	-22.5228	-161.492	-103.934	-61.2236	24.8741	6.42188	12	0	73.9057	4.99404	-33.0274	-45.1218	4.99404	-33.0274	-45.1218	
11775	3003	119.547	293.282	118.452	71.0924	69.431	-0.877408	1	1	1	0	0	169.476	216.746	132.988	32.3218	336.772	297.503	169.417	195.548	217.018	133.122	82.2365	31.4953	336.813	319.583	297.16	4.25875	11	0	85.6851	69.4688	9.64857	316.063	69.4688	9.64857	316.063	
11797	5334	339.39	3434.46	337.985	83.8881	87.257	-0.550878	1	1	1	1	1	61.7337	326.782	29.6514	-150.318	-623.181	-729.755	61.7337	195.03	327.761	29.6514	-60.0071	-151.082	-623.181	-677.81	-729.77	4.20343	11	0	59.25	87.2406	-37.3116	-673.589	87.2406	-37.3116	-673.589	
11797	19546	203.083	491.391	203.01	-99999	84.72	-0.934792	1	1	1	1	1	207.26	136.434	132.963	-56.0164	-329.993	-318.875	207.164	165.783	136.327	132.963	40.3155	-56.0831	-329.993	-327.698	-318.866	44.8659	8	0	104.893	84.7511	-12.523	-323.641	84.7511	-12.523	-323.641	
11789	7931	212.683	500.473	212.423	-99999	21.03	-0.993478	1	1	1	1	1	340.916	318.781	133.382	-76.0635	688.568	708.413	347.501	336.931	325.34	133.382	27.6993	-76.2584	688.568	692.072	708.433	5.80176	7	0	122.623	21.0614	-13.6377	715.776	21.0614	-13.6377	715.776	
11780	7350	65.8856	190.777	64.2726	17.7412	16.61	-0.789519	1	0	0	0	0	203.01	228.974	130.959	77.9207	-482.975	-508.166	202.699	215.967	229.35	131.559	104.158	77.2422	-482.604	-495.022	-508.472	4.90545	11	0	76.9473	16.6406	17.684	-496.455	16.6406	17.684	-496.455	
11797	86692	221.752	531.955	221.47	-99999	105.311	-0.927651	0	0	0	0	0	116.19	161.775	131.915	-81.5698	263.298	292.899	116.033	135.866	161.655	132.175	25.7152	-81.5698	263.202	286.135	292.899	9.89399	6	0	89.6611	-999999	-999999	-999999	-999999	-999999	-999999	
11797	87772	64.9484	160.089	64.0346	-99999	104.957	-0.938331	0	0	0	0	0	200.403	193.666	132.879	74.1605	555.181	530.575	216.896	213.5	210.069	132.879	103.05	73.3202	555.181	542.832	530.235	4.43889	14	0	54.0428	-24.2959	41.2934	54.0192	-24.2959	41.2934	54.0192	
11797	39055	29.3605	79.2297	27.3126	-99999	61.964	-0.632235	1	1	1	1	0	337.159	339.997	134.771	117.484	-390.648	-369.878	356.549	357.921	359.632	134.853	124.933	116.911	-390.764	-380.051	-368.122	5.41797	9	0	49.3199	62.0009	16.6906	-289.938	62.0009	16.6906	-289.938	
11772	6351	153.616	319.485	153.417	-99999	20.498	-0.842019	1	1	1	1	1	83.2601	100.667	133.031	10.1415	-591.376	-501.782	83.2359	93.7777	100.644	133.195	71.2896	10.1415	-591.482	-547.414	-501.782	4.78124	14	0	65.7253	20.5259	-32.3339	-650.827	20.5259	-32.3339	-650.827	
11772	7071	307.81	690.245	306.488	-13.3956	-14.724	-0.951124	1	1	1	1	1	160.037	218.906	132.444	-164.186	-15.5676	-55.0442	159.766	191.057	218.905	133.658	-14.2889	-164.203	-15.2744	-43.6798	-55.0438	6.2682	10	0	75.4385	-14.6901	-16.2754	-38.6232	-14.6901	-16.2754	-38.6232	
11789	23939	310.534	713.24	301.53	-99999	-6.712	-0.92608	1	1	1	1	1	213.676	223.111	128.06	-171.57	308.961	329.07	211.569	217.837	221.289	128.572	-25.6383	-179.963	308.742	317.934	329.367	4.1797	6	0	52.385	-6.68737	-26.2404	315.572	-6.68737	-26.2404	315.572	
11761	4316	158.306	365.912	156.636	-99999	112.56	-0.986851	1	1	1	1	1	210.971	194.751	132.162	-21.8623	600.784	618.459	228.605	214.458	212.313	132.792	55.3847	-22.8146	600.728	608.999	618.592	4.03831	7	0	100.506	112.578	-9.78844	607.656	112.578	-9.78844	607.656	
11797	14793	81.044	227.333	80.3798	-99999	14.408	-0.896195	0	0	0	0	0	86.6012	121.485	126.076	54.9235	784.068	773.843	86.3827	105.896	121.519	126.501	91.464	54.7472	784.123	778.728	773.811	8.01682	6	0	91.4415	-24.5099	-15.8339	-774.457	-24.5099	-15.8339	-774.457	
11782	11896	247.513	553.4	246.788	-14.1692	-13.902	-0.81904	1	1	1	1	1	344.022	204.315	134.023	-69.0833	761.054	757.557	344.233	274.183	204.121	134.332	32.5035	-69.3691	761.095	757.152	757.557	4.15465	7	0	69.4049	-13.8788	8.92683	746.509	-13.8788	8.92683	746.509	
11797	75258	256.668	564.936	255.928	-33.2356	-34.076	-0.88395	1	1	1	1	1	237.332	112.182	131.979	-83.0749	403.727	456.935	237.638	180.886	112.182	132.63	20.9146	-83.0749	403.586	430.984	456.935	4.21688	11	0	66.3094	-34.039	-28.0537	446.164	-34.039	-28.0537	446.164	
11789	4326	330.977	745.309	330.95	-99999	13.406	-0.761132	1	1	1	1	1	97.4971	89.567	133.828	-127.57	-855.155	-655.523	97.4818	93.0634	89.5516	133.828	0.542273	-127.57	-855.155	-759.167	-655.523	4.90827	16	0	78.4767	13.4351	-23.3577	-730.377	13.4351	-23.3577	-730.377	
11797	70109	289.98	648.179	289.442	55.949	56.782	-0.943086	1	1	1	1	1	283.683	190.941	133.714	-136.594	-468.695	-500.448	283.815	242.729	190.921	134.153	-3.35977	-136.628	-468.617	-488.448	-500.446	5.6992	6	0	84.3051	56.8126	-16.9752	-487.51	56.8126	-16.9752	-487.51	
11797	17551	72.7984	188.356	72.3631	-99999	95.472	-0.935159	1	1	0	0	0	113.168	144.078	133.254	76.1701	-700.22	-671.398	112.934	125.138	143.968	133.661	101.076	76.1701	-700.3	-690.045	-671.398	4.85584	12	0	63.6287	95.5049	33.2377	-671.962	95.5049	33.2377	-671.962	
11797	76815	298.154	615.259	297.122	-99999	112.119	-0.965977	0	0	0	0	0	186.137	253.21	133.224	-155.387	-764.67	-783.829	221.246	255.91	288.609	133.224	-11.5063	-156.369	-764.67	-772.644	-783.895	5.74025	7	0	73.7779	98.4068	15.8117	-156.321	98.4068	15.8117	-156.321	
11797	78975	159.165	388.647	158.777	-99999	109.604	-0.877905	0	0	0	0	0	127.264	126.815	131.141	-6.84708	-278.715	-203.813	127.139	127.048	126.683	131.141	62.3617	-7.01802	-278.715	-239.632	-203.717	4.70062	14	0	72.6902	3.75673	-23.4769	64.6876	3.75673	-23.4769	64.6876	
11797	32962	86.6617	214.941	83.9464	-99999	103.728	-0.747849	0	0	0	0	0	274.43	323.067	132.835	67.0424	-151.446	-138.082	306.321	332.612	356.395	133.534	100.985	65.4921	-151.651	-140.498	-138.229	4.87885	8	0	72.754	-999999	-999999	-999999	-999999	-999999	-999999	
11797	3598	67.2524	186.812	67.0146	-99999	54.961	-0.780713	1	0	0	0	0	143.405	183.397	133.581	84.7251	350.842	373.03	143.224	162.309	183.335	133.766	108.57	84.7251	350.755	362.121	373.03	4.91341	12	0	71.2663	54.9905	-10.3665	-101.615	54.9905	-10.3665	-101.615	
11797	2768	368.065	1041.66	367.897	-99999	105.649	-0.476669	0	0	0	0	0	181.164	326.223	131.819	-98.4032	39.6192	-207.702	214.247	286.318	359.374	131.819	17.539	-98.5033	39.6192	-85.1072	-207.815	5.86971	15	0	55.627	-999999	-999999	-999999	-999999	-999999	-999999	
11797	4478	348.459	772.238	348.417	-24.4072	-24.161	-0.813405	1	1	1	1	1	101.228	289.71	134.201	-139.13	340.442	237.244	101.209	192.997	289.71	134.231	-5.94258	-139.13	340.452	292.916	237.244	4.21042	12	0	77.6408	-24.1282	-43.675	-137.963	63.4218	-127.522	177.467	
11797	65489	185.7	542.983	185.338	-99999	107.87	-0.342544	0	0	0	0	0	262.824	325.23	133.778	72.3536	596.94	760.103	296.603	328.848	359.083	133.778	102.341	72.2781	596.94	678.113	760.447	14.0512	15	0	61.9548	-38.499	-6.06894	-435.211	-38.499	-6.06894	-435.211	
11780	18847	277.592	4294.19	276.068	80.8214	80.806	-0.703458	1	1	1	1	1	348.497	201.638	134.31	-62.7002	717.725	837.993	348.84	273.908	201.262	134.847	41.601	-63.3564	717.311	787.565	838.002	5.47194	6	0	74.1259	80.8244	10.0389	762.652	80.8244	10.0389	762.652	
11781	644	356.857	744.868	347.213	-99999	3.598	-0.903743	1	1	1	1	1	253.57	138.829	125.444	-170.962	2.1224	141.509	253.67	195.32	136.104	125.801	-27.4866	-178.362	1.99017	72.0175	146.291	8.71394	12	0	52.6658	3.62167	-27.1308	77.9648	3.62167	-27.1308	77.9648	
11781	1814	210.222	486.852	208.6	-99999	87.017	-0.970197	1	1	1	1	1	108.903	168.667	132.709	-62.3639	277.918	297.583	108.607	135.514	169.081	133.551	32.4858	-62.8858	277.981	274.558	297.713	5.50682	8	0	79.1848	87.0408	-6.095	277.747	87.0408	-6.095	277.747	
11797	93254	145.221	374.372	142.206	-99999	64.849	-0.945823	1	1	1	1	1	182.212	156.758	130.954	-5.04794	-598.813	-622.694	182.322	173.416	156.084	132.085	62.5236	-6.75083	-598.465	-617.084	-622.667	4.74402	8	0	114.21	64.8744	5.58056	-613.745	64.8744	5.58056	-613.745	
11797	60422	32.1971	110.207	27.8999	-99999	17.638	-0.975629	0	0	0	0	0	118.114	116.139	124.968	97.3602	333.141	334.374	118.243	116.777	116.236	127.803	111.997	96.0972	333.718	334.778	333.963	21.7907	7	0	90.9618	17.6453	45.0718	345.217	17.6453	45.0718	345.217	
11775	5561	98.9295	280.723	98.7888	-99999	58.89	-0.720295	1	1	0	0	0	315.993	340.432	45.6076	-25.1385	-890.098	-825.943	334.402	347.068	358.873	45.7033	9.4838	-25.1385	-890.184	-858.971	-825.943	5.25901	10	0	82.2553	58.913	-16.8636	-825.179	58.913	-16.8636	-825.179	
11786	15020	183.604	513.613	182.346	-99999	58.644	-0.954332	1	1	1	1	1	209.314	178.872	129.012	-44.1753	250.911	294.806	209.247	189.835	178.761	129.012	42.7765	-45.4006	250.911	275.281	295.048	4.92935	12	0	169.781	56.9947	-31.1358	65.5359	69.3647	-15.9288	378.692	
11797	64668	340.21	799.822	338.974	41.8827	40.373	-0.85397	1	1	1	1	1	254.983	80.4474	133.085	-141.68	-503.033	-412.259	254.983	170.528	79.7714	133.085	-4.76353	-142.639	-503.033	-450.508	-411.878	6.21427	9	0	118.452	40.3926	-47.1407	-442.393	40.3926	-47.1407	-442.393	
11786	21756	172.087	397.277	168.731	46.574	45.873	-0.777506	1	1	1	1	1	185.55	238.47	130.837	1.15479	-407.801	-500.949	184.491	213.121	238.555	133.045	69.1506	0.727059	-406.35	-456.213	-501.208	7.3975	12	0	72.8693	50.5212	-39.1415	609.341	38.3712	9.08757	-354.916	
11773	6304	117.887	273.802	115.091	-14.6249	-13.922	-0.618334	1	1	1	1	1	221.633	171.595	132.313	72.0093	600.767	684.189	221.772	198.26	170.24	132.527	102.793	70.6536	600.536	645.41	685.706	4.87632	12	0	71.84	-13.8835	17.8881	649.441	-13.8835	17.8881	649.441	
11786	17491	172.907	369.39	170.318	-99999	49.724	-0.938107	1	1	1	0	0	294.069	343.47	132.44	-29.2636	-877.557	-857.331	309.064	334.679	359.195	134.031	52.0814	-30.1185	-877.714	-867.837	-857.2	4.01902	6	0	53.323	49.7406	-18.1016	-843.538	49.7406	-18.1016	-843.538	
11786	20318	195.381	474.083	195.217	-99999	28.576	-0.907769	1	1	1	0	0	83.9299	140.754	134.151	-38.315	-838.904	-769.175	83.8972	109.429	140.773	134.151	47.0407	-38.4641	-838.904	-803.073	-769.143	5.00496	10	0	77.2487	28.5816	14.227	-776.465	28.5816	14.227	-776.465	
11773	8819	173.248	401.898	172.729	-99999	97.365	-0.805009	1	1	1	1	1	232.101	328.592	133.282	-4.26454	100.743	140.71	262.59	310.428	359.416	133.282	64.0015	-4.64066	100.743	121.101	140.823	4.66222	7	0	51.5667	97.3477	4.73565	133.108	97.3477	4.73565	133.108	
11782	11883	337.883	1099.39	337.701	-99999	62.785	-0.899018	1	1	1	1	1	78.6284	170.784	133.381	-170.73	-79.1253	34.2889	78.5125	125.666	170.712	133.537	-18.0592	-170.73	-79.1871	-21.4463	34.2889	5.71481	8	0	250.989	62.8133	-21.4711	-11.2156	62.8133	-21.4711	-11.2156	
11797	96242	264.734	708.726	264.602	-99999	78.031	-0.970195	1	1	1	1	0	77.4812	98.6791	133.766	-117.917	-488.5	-427.153	77.3919	79.9038	98.6029	133.766	5.12969	-117.95	-488.5	-462.488	-427.149	32.0037	8	0	162.108	78.0536	-19.9313	-450.165	78.0536	-19.9313	-450.165	
11797	44190	163.261	374.849	158.907	-99999	1.305	-0.951843	1	1	1	1	1	120.262	141.004	133.216	-19.466	85.8869	123.229	120.193	131.529	141.099	133.599	54.7154	-23.1273	85.782	103.015	124.677	4.61537	13	0	86.5012	9.51009	-22.2742	132.63	9.51009	-22.2742	132.63	
11789	16282	204.042	559.246	174.899	-99999	-22.106	-0.577584	1	1	1	1	1	65.6672	157.89	-53.9683	-161.606	417.605	517.881	65.6925	118.544	171.894	-53.9683	-117.164	-178.675	417.605	476.128	535.439	10.5301	22	0	126.12	-22.0614	-55.9815	456.508	-22.0614	-55.9815	456.508	
11761	5399	350.845	792.814	345.444	-36.3379	-36.155	-0.685704	1	1	1	1	1	172.969	333.65	129.449	-86.9958	-612.382	-825.55	169.836	263.761	333.65	133.041	27.9735	-86.9958	-609.88	-713.72	-825.55	13.9495	12	0	79.2702	-36.1126	-21.8345	-734.428	-36.1126	-21.8345	-734.428	
11775	6873	371.946	1311.56	334.84	-20.874	-21.013	-0.857186	1	1	1	1	1	329.485	164.098	133.44	-148.986	38.3935	-31.2636	329.528	237.442	146.698	133.522	-23.3139	-180.309	38.4139	-0.202864	-39.9361	50.0114	12	0	424.532	-20.988	-26.332	-10.0857	-20.988	-26.332	-10.0857	
11782	846	127.797	33.5719	14.673	-99999	49.968	-0.904772	1	1	1	1	1	330.542	331.257	128.486	115.417	-93.9393	-99.7422	345.186	344.138	344.566	134.511	101.258	70.3996	-77.812	-121.446	-171.403	11.0824	9	0	33.5719	49.9934	-28.9154	598.425	49.9934	-28.9154	598.425	
11789	8420	277.989	819.802	277.596	24.9348	22.66	-0.438584	1	1	1	1	1	308.78	103.676	133.53	5.49177	-735.217	-598.901	309.042	206.52	103.676	133.697	69.4758	5.49177	-735.448	-667.063	-598.901	19.9441	10	0	209.797	22.6667	-13.8348	-590.312	22.6667	-13.8348	-590.312	
11789	14031	254.319	557.169	253.856	-99999	45.392	-0.696186	1	1	1	1	1	325.33	243.46	133.94	-47.2896	-338.929	-182.848	339.695	291.569	257.674	134.257	45.6275	-47.2896	-339.214	-261.841	-182.848	6.20512	8	0	82.6867	45.4171	3.14972	-247.008	45.4171	3.14972	-247.008	
11773	3499	100.709	236.621	97.2784	-99999	-6.597	-0.714456	1	1	1	0	0	71.427	124.09	133.661	64.7443	634.017	676.872	70.7381	95.3055	125.528	134.714	98.3359	63.6102	633.266	657.897	677.585	4.25702	8	0	69.778	-6.56407	42.1838	658.889	-6.56407	42.1838	658.889	
11797	40600	291.525	666.836	288.629	32.4785	30.906	-0.936211	1	1	1	1	1	288.117	173.596	132.476	-120.532	-736.096	-663.715	288.43	242.125	172.789	133.844	1.50115	-121.696	-736.494	-697.699	-663.505	11.4686	9	0	87.8186	32.0809	-20.181	-689.661	32.0809	-20.181	-689.661	
11797	44740	169.574	454.61	169.572	-99999	57.852	-0.591057	0	0	0	0	0	159.54	93.3726	133.133	19.4584	-588.13	-482.34	159.474	124.671	93.3064	133.133	78.1951	19.4584	-588.13	-533.816	-482.34	5.69669	12	0	106.204	77.719	-13.1886	-817.299	77.719	-13.1886	-817.299	
11797	44920	275.74	594.555	270.468	79.2819	76.727	-0.546665	1	1	1	1	1	303.278	155.882	131.524	27.1781	-782.669	-584.675	305.653	236.879	155.882	134.343	73.0489	27.1781	-786.429	-684.249	-584.675	5.24308	12	0	69.352	76.7443	17.4743	-652.465	76.7443	17.4743	-652.465	
11786	22160	248.23	619.925	248.043	-99999	100.435	-0.889613	1	1	1	1	1	146.458	225.97	133.36	-87.2607	-127.377	-46.647	130.666	170.906	210.235	133.389	23.2156	-87.3996	-127.387	-86.8224	-46.6001	4.12561	12	0	48.9556	100.457	-22.0622	-59.2129	100.457	-22.0622	-59.2129	
11797	22040	179.126	420.032	176.876	74.0542	73.153	-0.854759	1	1	1	1	1	243.881	168.855	133.228	-15.0763	-210.655	-153.205	244.336	201.424	168.68	134.213	59.2385	-16.1126	-211.004	-187.467	-152.864	4.57529	14	0	74.1162	73.1809	3.45527	-173.531	73.1809	3.45527	-173.531	
11797	63917	75.2292	211.482	75.2254	-99999	8.645	-0.668217	1	1	1	1	1	131.929	180.813	86.2413	38.5465	-890.895	-859.834	131.919	156.198	180.803	86.2413	61.7705	38.5465	-890.895	-875.869	-859.834	4.91423	10	0	64.1994	8.67857	-23.7312	-500.011	8.67857	-23.7312	-500.011	
11797	95551	242.795	514.867	241.023	-99999	-25.84	-0.656845	1	1	1	1	1	147.968	165.67	131.956	-37.5746	-350.747	-181.303	147.997	159.758	165.39	131.956	47.5531	-38.717	-350.747	-264.337	-180.141	7.12272	12	0	77.3377	-25.8085	3.05157	-246.129	-25.8085	3.05157	-246.129	
11797	97621	267.86	1332.86	267.801	-99999	113.717	-0.820106	0	0	0	0	0	178.325	323.02	132.077	-82.0594	528.382	458.338	213.935	286.802	358.657	132.077	25.4117	-82.1068	528.382	493.093	458.324	5.2826	9	0	42.5816	-21.59	-28.9537	491.701	-21.59	-28.9537	491.701	
11797	13009	48.8985	164.075	37.3015	-99999	90.937	-0.832655	0	0	0	0	0	65.819	77.2125	-69.1772	-36.9704	-688.531	-680.004	76.4118	71.6018	62.9623	-34.9472	-55.0921	-75.894	-678.562	-683.516	-689.764	5.40062	58	0	164.075	90.9724	-63.5044	-362.374	-1.09764	-51.1033	-665.714	
11797	71800	100.965	213.905	100.726	-99999	43.074	-0.49303	1	1	0	0	0	264.365	345.557	134.633	83.6389	236.99	206.554	277.853	318.62	359.244	134.633	109.09	83.5279	236.99	221.983	206.505	4.50064	9	0	44.0534	43.0546	66.2987	208.535	43.0546	66.2987	208.535	
11797	65581	306.804	786.724	303.85	-99999	15.628	-0.963319	1	1	1	1	1	115.985	101.709	133.731	-162.695	218.949	160.881	116.058	104.722	101.878	134.082	-15.3668	-165.049	219.004	189.68	160.399	10.0884	9	0	104.656	15.6387	-23.0798	189.826	15.6387	-23.0798	189.826	
11786	3316	235.777	518.622	235.254	66.7109	66.114	-0.869239	1	1	1	1	1	230.478	142.252	132.73	-76.5237	159.816	216.394	230.478	180.853	142.058	132.73	28.9926	-76.9469	159.816	185.045	216.621	4.47332	12	0	68.3721	66.151	-18.3619	192.913	66.151	-18.3619	192.913	
11797	84506	246.713	547.431	245.783	27.3176	25.453	-0.645412	0	0	0	0	0	231.142	162.711	132.321	0.137921	-149.309	44.0192	231.335	202.018	162.711	132.924	63.6549	0.137921	-149.981	-52.4818	44.0192	5.18685	13	0	73.6844	26.263	5.29536	-19.1791	26.263	5.29536	-19.1791	
11797	40803	226.819	536.577	218.504	-99999	-10.298	-0.604957	1	1	1	1	1	158.447	334.931	130.874	2.85378	845.753	857.439	157.93	249.637	341.156	131.294	65.1442	-1.46313	845.73	851.242	857.7	5.16539	6	0	90.4147	-10.2726	-8.59746	818.209	-10.2726	-8.59746	818.209	
11797	41073	165.519	714.373	165.115	-99999	99.171	-0.793121	1	1	1	1	1	259.845	193.696	132.025	-10.3514	-137.323	-188.141	275.429	242.154	209.114	132.025	60.9763	-10.7038	-137.323	-163.482	-188.232	4.24845	10	0	46.3544	99.2026	-13.3577	-193.015	99.2026	-13.3577	-193.015	
11797	17161	238.658	533.77	235.502	74.2441	69.816	-0.7961	1	1	1	1	1	307.768	147.405	133.68	-36.2357	-703.152	-707.561	308.672	229.529	146.647	134.923	46.6832	-37.6115	-702.911	-715.491	-707.302	4.97788	10	0	80.4305	69.8429	-3.08541	-707.044	69.8429	-3.08541	-707.044	
11786	24196	341.1	907.363	339.356	-28.3078	-29.425	-0.879996	1	1	1	1	1	249.18	180.42	131.953	-164.831	132.458	279.341	249.641	207.748	180.42	133.481	-13.6022	-164.831	131.775	206.642	279.341	4.33054	12	0	66.7859	-29.4112	-22.7034	207.909	-29.4112	-22.7034	207.909	
11786	25546	86.9542	213.694	85.7336	-99999	-41.571	-0.915046	0	0	0	0	0	352.069	320.658	85.8996	6.5845	831.538	837.798	339.511	323.191	307.64	87.0156	47.1312	6.5845	831.367	836.819	837.798	4.19213	7	0	72.6941	-34.2561	-0.0509582	-562.134	91.8539	-26.9623	277.519	
11772	931	164.012	381.385	162.951	54.0854	53.116	-0.828303	1	1	1	1	1	264.92	183.741	132.687	-1.02087	439.603	484.253	265.255	222.783	183.53	133.226	66.216	-1.33505	439.46	459.978	484.397	5.07236	11	0	77.6027	53.1476	-4.84541	466.297	53.1476	-4.84541	466.297	
11797	65952	281.912	635.579	281.566	98.0268	98.551	-0.819442	1	1	1	1	1	255.375	94.8125	133.725	-91.3082	12.9104	-35.4204	255.476	173.221	94.8125	133.883	23.864	-91.3082	12.9562	-16.7242	-35.4204	4.88382	7	0	70.3106	98.5844	-20.3999	-20.6217	98.5844	-20.3999	-20.6217	
11795	7830	283.676	681.732	282.959	33.6287	33.479	-0.98098	1	1	1	1	1	235.147	195.055	132.522	-144.199	645.065	604.413	235.184	212.786	195.014	132.92	-5.19185	-144.48	645.131	622.34	604.373	4.76412	10	0	97.8367	33.4949	-26.729	605.725	33.4949	-26.729	605.725	
11775	1138	59.9162	187.462	58.9535	-99999	-47.235	-0.847023	0	0	0	0	0	200.735	180.039	133.477	85.8519	-524.984	-499.541	200.812	191.021	179.921	133.52	106.898	85.1978	-524.997	-515.817	-498.993	6.33377	17	0	91.932	9.06516	-10.2221	796.291	68.4352	-12.3587	-180.466	
11775	1588	185.56	653.958	184.996	-99999	103.205	-0.976021	1	1	1	1	1	202.883	226.651	-37.8636	81.2927	-893.175	-757.414	259.062	247.195	235.201	81.8036	15.4171	-37.8636	-757.362	-818.634	-893.175	5.77095	631	0	653.958	103.184	9.97998	-751.464	103.184	9.97998	-751.464	
11776	4916	458.408	1026.12	458.124	-99999	63.001	-0.688304	1	1	1	1	1	192.158	339.357	132.224	-154.964	-338.432	-663.297	211.886	289.058	359.161	132.224	-13.6386	-155.144	-338.432	-497.459	-663.502	7.05552	16	0	51.341	63.0394	-46.8596	-532.689	63.0394	-46.8596	-532.689	
11797	81885	293.11	724.946	290.609	-99999	69.563	-0.964752	1	1	1	1	1	135.951	100.964	131.84	-154.14	-639.645	-616.242	136.3	113.775	100.848	133.404	-10.5765	-154.767	-639.748	-625.066	-615.71	4.85047	14	0	108.334	69.5779	-25.347	-624.789	69.5779	-25.347	-624.789	
11773	7340	174.715	526.786	174.71	100.703	98.799	-0.671384	1	1	1	1	1	253.498	203.445	129.389	-1.20723	359.219	461.704	253.498	231.869	203.445	129.389	66.406	-1.20723	359.219	415.6	461.704	5.54207	9	0	182.846	98.845	-8.56	401.329	98.845	-8.56	401.329	
11773	8330	346.951	747.015	343.32	80.442	80.887	-0.853344	1	1	1	1	1	137.805	339.934	132.964	-140.687	603.815	571.995	137.395	236.821	341.427	133.652	-8.31322	-142.901	603.846	598.953	571.068	4.41288	11	0	78.04	80.9099	-44.9118	588.755	80.9099	-44.9118	588.755	
11795	1200	354.771	883.265	345.831	-99999	15.538	-0.850016	1	1	1	1	1	291.573	333.576	134.533	-161.887	-551.422	-724.062	296.439	321.997	338.974	134.533	-16.6812	-169.411	-551.422	-640.502	-728.851	4.9516	13	0	65.4932	15.5467	-22.8094	-641.657	15.5467	-22.8094	-641.657	
11797	22660	145.463	410.915	145.043	-99999	30.478	-0.942057	1	1	0	0	0	172.621	182.937	130.595	-12.4491	110.302	117.772	172.568	178.555	182.902	130.952	59.2678	-12.4491	110.186	114.195	117.772	10.7549	8	0	127.541	30.5073	69.7649	173.789	30.5073	69.7649	173.789	
11797	25180	403.021	886.209	402.975	-99999	45.506	-0.745669	1	1	1	1	1	129.167	87.6516	134.162	-166.299	-21.1603	242.73	129.115	111.693	87.5931	134.162	-18.4308	-166.316	-21.1603	108.878	242.747	10.9144	14	0	95.6492	45.5345	-33.2782	125.421	45.5345	-33.2782	125.421	
11797	49845	294.973	667.67	294.414	-26.8896	-27.405	-0.873453	1	1	1	1	1	230.521	171.071	131.718	-119.555	-598.521	-462.094	230.666	187.534	171.071	132.201	4.04332	-119.555	-598.745	-540.211	-462.094	4.98894	13	0	71.647	-26.3385	-68.369	-525.438	-26.3385	-68.369	-525.438	
11797	55417	165.536	393.832	165.525	344.646	-4.494	-0.775252	0	0	0	0	0	202.811	305.123	132.769	4.94591	-673.284	-686.172	202.811	260.146	305.123	132.769	73.3651	4.94591	-673.284	-676.715	-686.172	7.12802	6	0	81.5343	-37.7878	-31.0805	295.653	-37.7878	-31.0805	295.653	
11786	10861	111.212	208.879	79.8481	-99999	102.87	-0.952977	0	0	0	0	0	266.69	258.368	132.461	55.8938	-809.346	-789.084	299.002	293.313	285.767	134.021	80.8234	26.8	-809.824	-795.08	-787.997	4.74258	6	0	76.6628	41.9466	-50.9128	-802.72	41.9466	-50.9128	-802.72	
11797	9733	36.4113	124.368	36.0215	-99999	-0.997	-0.949051	0	0	0	0	0	70.5852	79.3618	133.845	99.7708	8.06668	15.5698	70.5321	74.4482	79.3794	134.15	116.858	99.7059	7.98563	12.1022	15.5709	6.97699	9	0	81.9921	-4.27928	10.7376	484.067	-4.27928	10.7376	484.067	
11797	24808	197.582	3030.49	197.062	-47.0548	-47.381	-0.871315	1	1	1	1	1	188.54	235.022	132.733	-35.3951	830.867	739.8	188.464	210.958	235.022	133.184	49.9088	-35.3951	831.106	783.141	739.8	6.25389	11	0	79.455	-47.3456	1.96577	745.376	-47.3456	1.96577	745.376	
11772	8738	185.867	414.796	185.853	-99999	0.315	-0.950661	1	1	1	1	1	116.872	127.638	133.11	-48.3344	414.843	450.256	116.872	125.876	127.638	133.11	42.6486	-48.3344	414.843	433.16	450.256	6.17318	7	0	69.5149	0.343806	4.88672	439.66	0.343806	4.88672	439.66	
11789	16324	160.53	304.673	160.526	-99999	73.014	-0.789149	1	1	1	1	0	99.8951	81.5557	133.543	-1.01028	4.20701	88.5197	99.8116	95.1418	81.4722	133.543	67.6166	-1.01028	4.20701	49.6952	88.5197	4.82929	11	0	55.4712	73.0376	30.5679	60.987	73.0376	30.5679	60.987	
11797	69894	130.133	304.879	129.532	-99999	-15.163	-0.691655	1	1	1	0	0	80.1653	123.808	133.642	58.9913	-80.3467	14.7579	80.1827	104.292	123.962	133.642	92.7965	58.7052	-80.3467	-35.9064	15.2635	5.29117	16	0	76.2037	-15.1319	43.882	-9.23528	-15.1319	43.882	-9.23528	
11795	590	215.263	447.893	214.253	-99999	-41.962	-0.977662	1	1	1	1	1	165.074	171.232	128.65	-81.8808	-11.65	23.1105	165.126	167.939	171.384	128.818	23.7321	-82.6481	-11.6885	9.16024	23.2027	4.0489	7	0	60.2113	-41.9377	-10.7121	12.7768	-41.9377	-10.7121	12.7768	
11797	7673	347.441	725.892	336.352	37.4311	36.272	-0.856186	1	1	1	1	1	218.065	179.998	125.792	-147.4	-110.943	76.5987	219.318	187.613	179.597	132.93	-7.18177	-149.193	-115.565	-18.1814	78.0949	5.80511	15	0	94.2403	36.3069	-22.7187	-3.28928	36.3069	-22.7187	-3.28928	
11774	363	25.5061	159.955	25.0634	-99999	83.634	-0.395706	1	1	1	1	1	109.017	99.4601	133.15	115.684	57.8357	71.9616	108.921	104.193	99.1781	133.15	124.942	115.49	57.8357	65.7196	72.1117	5.64271	10	0	151.174	83.6602	-13.898	-124.688	83.6602	-13.898	-124.688	
11797	45784	334.622	778.502	333.741	-99999	0.798	-0.902847	1	1	1	1	1	254.19	334.864	134.222	-166.213	134.177	15.7769	254.44	296.528	335.193	134.222	-17.8377	-167.08	134.177	78.8978	15.6826	5.2018	12	0	73.2426	0.820222	-40.3199	64.5564	0.820222	-40.3199	64.5564	
11795	5582	305.655	960.237	304.748	-99999	37.056	-0.941842	1	1	1	1	1	286.538	347.482	127.092	-171.038	340.114	344.877	297.968	329.874	359.156	127.59	-21.4326	-171.4	340.092	346.531	344.836	11.1448	11	0	58.0946	37.0655	-32.4393	349.272	37.0655	-32.4393	349.272	
11786	6691	96.542	240.901	95.6212	79.4754	78.1	-0.612012	1	1	0	0	0	205.014	240.66	132.385	90.635	-476.568	-553.939	204.833	222.309	240.757	132.774	107.601	90.588	-476.1	-513.25	-554.201	6.13114	14	0	77.2375	78.1473	25.0549	-533.167	78.1473	25.0549	-533.167	
11761	81	298.381	896.472	298.38	-99999	69.615	-0.496653	1	1	1	1	1	188.787	337.354	128.293	-36.1927	618.157	418.438	210.586	285.18	359.154	128.293	46.817	-36.1927	618.157	517.905	418.438	7.05437	15	0	53.3881	69.6341	-12.8305	143.103	69.6341	-12.8305	143.103	
11797	48684	235.622	497.951	235.074	-99999	-9.128	-0.93149	1	1	1	1	1	291.575	196.345	133.631	-73.3193	223.168	263.078	291.575	255.706	196.011	133.631	25.3872	-73.7366	223.168	252.487	263.061	5.26473	6	0	67.1047	-9.09137	-10.4796	218.528	-9.09137	-10.4796	218.528	
11797	45691	216.539	618.423	210.874	-99999	52.972	-0.516078	1	1	1	1	1	275.54	340.486	121.541	15.3927	-885.458	-715.254	292.122	325.285	359.318	121.552	66.7469	13.6906	-885.474	-798.194	-710.382	10.2902	7	0	89.526	52.9868	17.6369	-720.294	52.9868	17.6369	-720.294	
11797	88887	340.346	744.906	338.873	-99999	-6.698	-0.837547	1	1	1	1	1	348.76	171.102	132.385	-149.925	5.79562	60.86	348.988	255.989	170.529	132.742	-7.52117	-150.788	5.75296	29.7785	60.8309	5.84099	6	0	73.0928	-6.67284	-4.1033	108.645	-6.67284	-4.1033	108.645	
11797	94737	381.331	1013.75	380.597	-99999	-5.514	-0.626261	1	1	1	1	1	357.83	109.322	109.955	-115.135	498.992	678.821	358.278	233.86	109.322	110.418	-2.27177	-115.135	498.655	589.01	678.821	7.08759	11	0	98.2233	-5.49886	-38.5499	626.477	-5.49886	-38.5499	626.477	
11797	9503	238.459	546.978	235.11	-99999	-6.183	-0.996423	1	1	1	1	1	123.16	136.668	130.025	-64.1793	-464.963	-345.237	122.899	133.129	136.675	133.284	26.1427	-64.1793	-464.907	-416.052	-345.237	4.23222	15	0	64.1443	-6.15209	-12.0577	-392.658	-6.15209	-12.0577	-392.658	
11797	11753	210.936	580.509	210.427	72.5078	71.012	-0.812874	1	1	1	1	1	255.809	165.911	133.281	-37.1145	-465.054	-383.249	255.809	204.934	165.697	133.281	48.5544	-37.4761	-465.054	-428.593	-382.984	4.52376	14	0	115.116	71.0503	-6.43657	-410.304	71.0503	-6.43657	-410.304	
11797	78193	154.149	330.034	153.495	-484.799	88.819	-0.604892	0	0	0	0	0	181.226	302.25	130.636	38.4684	100.637	112.747	180.916	244.212	302.416	130.873	87.5821	38.2821	100.604	107.232	112.745	4.69291	6	0	63.785	37.6033	-18.1581	-704.032	37.6033	-18.1581	-704.032	
11795	16495	272.949	602.182	272.939	-99999	14.131	-0.953299	1	1	1	1	1	287.812	226.436	131.7	-128.024	-739.731	-691.203	292.237	261.38	230.861	131.7	1.80932	-128.024	-739.731	-712.34	-691.203	7.24582	6	0	72.1375	14.1482	-17.8227	-702.833	14.1482	-17.8227	-702.833	
11761	8226	68.3381	170.456	65.3991	-99999	69.595	-0.920913	1	1	1	0	0	312.573	336.421	131.581	71.3181	-596.851	-588.18	334.305	346.97	359.159	131.731	100.355	68.7195	-596.872	-592.123	-587.954	4.51368	9	0	57.9271	69.6123	5.493	-502.83	69.6123	5.493	-502.83	
11776	1184	146.357	367.25	146.156	-99999	94.622	-0.77245	1	1	1	1	1	121.693	97.2858	132.89	19.6813	-689.687	-601.475	121.621	110.363	97.1775	133.044	74.1131	19.6813	-689.809	-647.982	-601.475	4.78151	14	0	72.4371	94.6583	-19.25	-693.875	94.6583	-19.25	-693.875	
11797	31269	150.66	5384.23	150.605	-99999	114.606	-0.99559	0	0	0	0	0	135.492	127.677	134.046	-7.04047	19.9795	19.0491	135.361	133.119	127.546	134.046	60.7273	-7.04047	19.9795	16.9353	19.0491	8.76624	22	0	805.017	92.5482	-19.2443	627.736	62.0082	-21.1167	-408.048	
11782	9856	313.116	856.095	306.618	-99999	58.027	-0.994576	1	1	1	1	1	214.914	193.741	132.704	-170.755	-573.304	-535.619	233.09	221.471	210.897	133.063	-21.8134	-176.725	-573.34	-554.138	-534.772	9.81676	12	0	86.3582	58.056	-19.1091	-554.221	58.056	-19.1091	-554.221	
11795	12340	352.276	851.605	350.487	21.4566	20.233	-0.669792	1	1	1	1	1	98.2347	268.959	133.748	-97.4902	265.611	66.6384	97.7559	180.997	269.293	134.486	22.6998	-97.9755	266.261	158.735	66.2799	4.68687	16	0	125.364	20.2616	-6.3918	150.578	20.2616	-6.3918	150.578	
11797	97786	166.018	376.041	165.341	13.3706	12.668	-0.857351	1	1	1	1	1	252.771	160.755	133.031	-1.9954	-528.725	-506.383	252.771	206.928	160.357	133.031	64.8558	-2.53405	-528.725	-517.648	-506.385	6.34287	7	0	75.5671	12.7029	7.49069	-509.2	12.7029	7.49069	-509.2	
11776	2191	256.229	569.382	249.851	69.6084	69.339	-0.903453	1	1	1	1	1	238.615	124.374	128.344	-91.1345	634.995	661.981	241.42	177.501	124.367	134.038	23.5547	-91.1496	634.749	643.898	661.984	9.62605	8	0	86.6944	69.3614	-27.6564	650.11	69.3614	-27.6564	650.11	
11797	72308	244.482	525.372	244.389	-99999	66.205	-0.989145	1	1	1	1	1	235.633	234.923	133.478	-103.963	-34.3153	-78.0938	256.365	256.511	255.655	133.478	13.5052	-103.963	-34.3153	-55.5422	-78.0938	4.93444	10	0	54.2361	66.2387	-18.1856	-59.7894	66.2387	-18.1856	-59.7894	
11797	90302	158.971	392.851	158.301	-99999	-35.04	-0.977727	1	1	1	1	1	183.292	197.261	133.023	-20.4266	-459.814	-424.929	183.316	188.334	197.301	133.666	56.2043	-20.4266	-459.95	-443.21	-424.929	6.76151	10	0	102.695	-35.0019	0.81549	-437.118	-35.0019	0.81549	-437.118	
11774	9113	226.037	918.341	225.479	112.98	111.267	-0.739488	1	1	1	1	1	294.287	143.362	133.902	-30.451	787.23	817.117	294.287	217.399	143.082	133.902	52.2312	-30.9221	787.23	801.015	817.177	15.1413	9	0	66.176	111.297	-38.3504	787.443	111.297	-38.3504	787.443	
11776	4146	90.498	201.585	90.4679	-99999	-11.931	-0.755431	1	1	1	1	1	100.696	79.1692	131.66	59.213	16.0766	63.8777	100.709	88.6945	79.1828	131.66	94.0017	59.213	16.0766	37.9791	63.8777	4.35245	16	0	45.396	-11.924	-8.59326	101.169	-11.924	-8.59326	101.169	
11789	18585	202.551	618.088	202	105.634	103.173	-0.857358	0	0	0	0	0	184.613	232.876	132.431	-44.6862	168.02	86.2697	184.52	206.347	232.876	132.904	46.3136	-44.6862	168.271	120.743	86.2697	5.70991	11	0	86.6726	89.5796	53.8367	788.551	42.0596	37.7069	-415.161	
11786	23004	224.902	555.62	222.906	39.2531	37.418	-0.908755	1	1	1	1	1	220.743	187.26	130.727	-69.1614	669.154	758.788	220.999	200.923	187.256	132.114	29.1775	-69.5766	668.569	708.906	758.978	6.22199	14	0	79.9051	37.4458	-15.7276	709.155	37.4458	-15.7276	709.155	
11795	14063	268.638	642.998	268.389	-99999	-5.219	-0.911021	1	1	1	1	1	77.9869	182.647	133.079	-104.986	215.297	279.772	77.9366	129.898	182.683	133.237	13.5997	-105.049	215.253	246.727	279.787	7.02625	9	0	108.269	-5.20224	2.71754	242.449	-5.20224	2.71754	242.449	
11795	16313	243.494	615.853	243.186	-99999	-41.246	-0.855006	1	1	1	1	1	325.848	223.771	132.63	-71.7426	195.959	279.065	312.95	261.461	210.796	132.668	30.3586	-71.9769	195.944	237.199	279.158	4.12875	6	0	90.7826	-41.2287	-12.7706	246.62	-41.2287	-12.7706	246.62	
11786	6926	110.306	261.435	109.876	-99999	66.898	-0.951799	1	1	1	1	1	219.807	199.141	133.134	29.1425	691.426	663.57	230.391	220.003	209.654	133.537	81.4709	29.1425	691.531	676.758	663.57	4.18689	10	0	73.1056	66.926	0.000354696	660.104	66.926	0.000354696	660.104	
11795	3125	308.811	951.064	307.235	-99999	36.962	-0.988905	1	1	1	1	1	181.609	215.964	132.168	-170.839	216.412	180.496	175.716	193.534	210.137	133.113	-19.2669	-171.431	216.523	199.14	180.424	4.1864	7	0	259.63	36.9924	-27.8522	197.859	36.9924	-27.8522	197.859	
11797	53747	322.502	1507.33	322.494	-99999	92.036	-0.929938	1	1	1	1	1	186.472	132.654	134.22	-168.775	-815.902	-719.702	186.367	158.604	132.549	134.22	-17.2381	-168.775	-815.902	-768.192	-719.702	4.1418	9	0	43.0704	92.0586	-28.9969	-742.206	92.0586	-28.9969	-742.206	
11797	89363	348.567	1836.95	347.29	0.551192	0.045	-0.885985	1	1	1	1	1	193.074	271.297	132.145	-162.148	-476.138	-636.14	192.884	233.195	271.318	133.052	-19.4705	-162.221	-475.706	-549.694	-636.264	6.02186	18	0	65.8356	0.0704367	-47.6733	-573.219	0.0704367	-47.6733	-573.219	
11797	64440	166.947	430.414	166.048	-99999	72.021	-0.911688	1	1	1	1	1	113.359	132	133.863	-16.266	-461.183	-396.321	113.158	128.021	131.918	134.682	61.3655	-16.266	-461.521	-424.582	-396.321	8.6511	12	0	102.275	76.7183	-11.1558	466.942	47.4983	2.22051	-350.721	
11797	79885	179.449	389.357	163.472	-99999	11.774	-0.883901	1	1	1	1	0	351.431	298.751	121.332	-22.293	-748.579	-695.024	358.368	336.878	302.257	134.819	56.4863	-22.8668	-755.181	-717.224	-694.94	4.15642	7	0	78.9285	11.8062	17.3701	-702.138	11.8062	17.3701	-702.138	
11780	1238	131.161	312.51	129.712	-99999	29.447	-0.483328	0	0	0	0	0	94.7911	149.786	133.744	57.3959	688.355	776.048	94.1992	124.397	149.752	134.442	100.506	57.3959	687.218	734.364	776.048	5.80864	13	0	70.8228	-999999	-999999	-999999	-999999	-999999	-999999	
11780	2498	198.216	427.858	197.123	-99999	-21.553	-0.997065	1	1	1	1	1	166.241	165.741	130.019	-64.2418	457.72	475.535	166.266	162.087	166.153	130.019	31.3384	-65.1814	457.72	461.489	475.777	6.57787	7	0	80.33	-18.4633	21.9445	-490.525	39.6768	-37.0105	201.829	
11797	66450	239.848	1139.73	236.342	48.7978	48.843	-0.947812	1	1	1	1	1	196.222	265.064	130.868	-68.4888	-125.816	-20.0836	195.624	230.405	265.407	132.796	31.0855	-69.8306	-125.997	-73.4701	-19.9824	12.1697	6	0	126.941	48.8729	-37.3623	-23.1861	48.8729	-37.3623	-23.1861	
11797	85604	289.769	738.647	287.885	-99999	83.337	-0.854733	1	1	1	1	1	188.573	332.879	131.028	-116.661	-293.608	-267.283	214.055	286.33	359.285	132.07	7.32071	-117.238	-293.801	-279.593	-267.241	5.31565	6	0	55.7005	83.3679	-42.9558	-273.433	83.3679	-42.9558	-273.433	
11797	86684	241.993	516.956	241.053	42.2515	40.479	-0.737118	1	1	1	1	1	75.9805	234.708	133.614	-41.976	69.0371	96.885	75.9805	160.463	235.03	133.614	48.2751	-42.8494	69.0371	82.9407	96.8643	5.30678	8	0	75.3399	40.513	6.61936	77.2119	40.513	6.61936	77.2119	
11795	3730	327.179	814.313	310.233	-99999	38.478	-0.966245	1	1	1	1	1	310.486	333.772	134.221	-164.609	-742.361	-821.865	322.535	334.817	346.915	134.221	-23.5084	-180.522	-742.361	-783.913	-827.497	7.37114	11	0	63.4235	38.5027	-36.933	-780.492	38.5027	-36.933	-780.492	
11782	14025	340.789	817.13	324.854	-99999	10.171	-0.884725	1	1	1	1	1	356.062	222.4	126.626	-164.579	-85.9954	-139.324	359.247	288.066	219.236	126.626	-25.8146	-178.959	-85.9954	-112.967	-141.908	4.40224	14	0	140.812	10.1895	-15.1047	-115.59	10.1895	-15.1047	-115.59	
11774	6	179.23	377.014	178.999	-99999	39.334	-0.740194	1	1	1	1	1	239.881	346.841	130.662	-10.6058	652.79	673.844	252.199	309.932	359.28	130.662	62.8458	-10.7986	652.79	662.588	673.851	4.36267	6	0	43.2793	39.3543	3.27722	658.766	39.3543	3.27722	658.766	
11774	654	240.266	708.177	239.539	96.6068	98.095	-0.729206	1	1	1	1	1	234.524	118.047	131.517	-43.5376	376.668	489.463	234.897	176.566	118.047	132.049	42.216	-43.5376	376.351	430.452	489.463	4.31633	12	0	77.3979	98.1298	-9.73827	451.087	98.1298	-9.73827	451.087	
11774	1374	63.7333	186.281	63.7256	-99999	-29.404	-0.983013	0	0	0	0	0	200.583	198.849	131.795	68.827	339.872	348.917	200.617	200.348	198.882	131.795	100.376	68.827	339.872	345.024	348.917	9.77817	9	0	80.0672	34.9887	-28.2842	-679.122	34.9887	-28.2842	-679.122	
11789	1624	294.605	650.95	292.749	74.7244	72.949	-0.819258	1	1	1	1	1	132.79	304.59	133.426	-89.5876	514.53	438.192	132.453	212.196	305.378	134.003	17.3172	-90.4148	514.735	473.66	438.158	4.54251	6	0	63.6285	72.9899	-9.83646	457.592	72.9899	-9.83646	457.592	
11797	26814	310.801	685.913	310.377	46.136	44.602	-0.899027	1	1	1	1	1	201.045	341.12	132.281	-136.606	408.196	350.058	201.015	261.124	341.3	132.351	-7.63524	-136.885	408.212	377.722	349.972	4.72255	11	0	75.4616	44.6335	-52.8453	369.323	44.6335	-52.8453	369.323	
11797	16299	48.6496	3869.8	47.4841	-99999	116.406	-0.639288	0	0	0	0	0	184.435	176.772	133.254	101.361	-282.258	-315.398	221.049	215.603	213.224	133.677	118.019	101.361	-281.764	-299.533	-315.398	10.3058	12	0	91.7523	43.517	-43.2164	-719.336	43.517	-43.2164	-719.336	
11782	741	34.9407	118.411	34.9384	-99999	34.377	-0.869277	0	0	0	0	0	199.882	216.564	133.765	103.543	-324.575	-329.534	210.647	218.717	227.329	133.765	118.413	103.543	-324.575	-326.663	-329.534	4.75508	8	0	91.9421	-999999	-999999	-999999	-999999	-999999	-999999	
11774	7177	209.32	464.19	204.997	-44.7072	-45.734	-0.937406	1	1	1	1	1	155.445	221.936	132.485	-57.5303	201.272	164.474	155.265	185.76	223.117	133.251	35.1686	-60.7992	201.488	181.961	164.074	5.07056	9	0	63.7069	-45.7104	-5.66504	174.161	-45.7104	-5.66504	174.161	
11773	5300	223.327	490.169	222.968	-99999	26.56	-0.982858	1	1	1	1	1	222.708	255.709	132.258	-86.3355	158.618	166.945	231.025	249.009	264.184	132.258	22.8219	-86.6498	158.618	171.11	166.913	8.10682	7	0	71.119	26.5889	-22.2174	165.892	26.5889	-22.2174	165.892	
11786	21579	308.823	799.131	306.972	104.279	103.581	-0.851244	0	0	0	0	0	200.36	289.306	132.247	-126.267	119.002	244.566	200.12	232.703	289.715	133.148	7.26874	-126.936	118.503	201.492	244.553	7.1637	6	0	77.1307	70.552	-77.4149	322.019	70.552	-77.4149	322.019	
11775	7171	232.301	525.943	230.646	105.657	104.195	-0.510868	1	1	1	1	1	188.341	288.234	133.457	28.5917	-302.13	-125.617	188.109	247.28	288.368	133.683	81.4908	28.1925	-302.431	-217.322	-124.483	4.23002	13	0	76.0855	104.249	20.9223	-184.056	104.249	20.9223	-184.056	
11782	8710	251.276	910.43	244.129	-99999	97.666	-0.891252	1	1	1	1	1	215.137	324.51	131.687	-86.537	-111.173	-110.274	245.31	301.509	357.961	132.483	20.1215	-92.0857	-111.162	-111.063	-110.134	15.4223	7	0	310.992	97.6627	-65.532	-134.591	97.6627	-65.532	-134.591	
11780	17896	84.3385	226.428	84.3382	-99999	-5.844	-0.714127	1	1	1	1	1	64.0203	122.938	-69.7286	-130.054	-449.072	-448.146	64.027	93.5301	122.945	-69.7286	-99.8431	-130.054	-449.072	-448.248	-448.146	8.14694	6	0	69.8372	-5.81805	-68.6542	-441.437	-5.81805	-68.6542	-441.437	
11786	20502	351.848	864.988	351.651	-99999	31.934	-0.528979	1	1	1	1	1	66.2972	215.982	21.3466	-157.133	58.6636	322.078	61.279	136.198	211.055	21.3466	-68.2906	-157.226	58.6636	190.196	322.225	5.71717	12	0	84.5371	31.9709	-12.1402	137.115	31.9709	-12.1402	137.115	
11795	21758	375.024	2825.18	374.196	-25.0004	-27.01	-0.811346	1	1	1	1	1	160.413	304.019	133.733	-165.138	200.845	27.5281	160.343	232.338	304.333	133.9	-16.2837	-165.587	200.94	114.815	27.2395	4.34276	11	0	134.157	-26.9802	-36.278	92.611	-26.9802	-36.278	92.611	
11782	952	274.98	683.321	274.27	-99999	-43.636	-0.87813	0	0	0	0	0	120.546	180.369	133.673	-96.744	-350.762	-216.623	120.483	144.652	180.419	134.303	20.2274	-96.744	-351.062	-278.423	-216.623	5.42398	12	0	77.329	37.1105	-1.99094	-166.33	37.1105	-1.99094	-166.33	
11780	22448	120.509	254.131	118.412	-99999	-24.906	-0.963271	1	1	1	1	0	320.559	303.64	132.768	17.1677	497.165	485.268	313.107	300.128	295.945	134.116	75.5158	16.6212	497.288	493.19	484.978	5.07814	18	0	46.4103	-24.8831	-0.57496	487.683	-24.8831	-0.57496	487.683	
11780	14512	163.374	428.682	162.359	-99999	-0.146	-0.411482	1	1	1	0	0	62.1318	87.4416	115.395	52.4781	86.1851	232.678	61.9296	79.002	87.4145	115.734	83.3416	52.4071	85.4687	158.376	232.851	5.43041	14	0	77.5608	-0.0894417	54.3233	182.596	-0.0894417	54.3233	182.596	
11795	13757	124.165	1076.23	107.557	-99999	95.213	-0.863304	1	1	1	1	1	232.883	268.35	131.378	43.8221	94.8708	124.337	262.023	283.106	300.542	133.017	85.0819	35.4412	94.1847	119.243	130.396	5.85725	8	0	386.865	95.245	-9.80498	151.102	95.245	-9.80498	151.102	
11780	337	298.409	689.56	298.3	32.0201	32.012	-0.88695	1	1	1	1	1	152.605	291.187	132.915	-128.977	810.134	800.277	152.559	229.587	291.187	133.004	5.30507	-128.977	810.138	809.466	800.277	7.44337	13	0	112.776	32.0468	-30.5827	776.847	32.0468	-30.5827	776.847	
11797	30721	116.007	269.668	114.86	-99999	3.091	-0.66886	1	1	1	0	0	240.781	298.593	132.313	59.5853	-839.437	-772.544	241.703	268.378	299.995	132.378	93.8254	58.9326	-839.492	-805.361	-771.85	5.23338	6	0	73.4053	3.12484	39.0117	-773.135	3.12484	39.0117	-773.135	
11797	72616	121.62	312.195	121.268	-99999	-25.229	-0.962739	1	1	1	0	0	86.2015	75.7059	134.392	16.3199	33.2629	57.2302	86.2665	78.1124	75.7257	134.545	75.3879	16.1357	33.2392	44.5657	57.2591	5.48393	8	0	74.744	-25.2304	39.6385	50.7892	-25.2304	39.6385	50.7892	
11797	27967	273.914	571.058	273.178	-99999	7.534	-0.999202	1	1	1	1	1	134.698	143.896	133.986	-136.732	-661.293	-645.646	134.687	146.572	143.8	134.074	-2.15722	-137.291	-661.296	-657.054	-645.636	8.31482	8	0	78.6939	7.55599	-23.3518	-646.492	7.55599	-23.3518	-646.492	
11789	18978	20.8444	315.6	20.8444	-39.144	-39.571	-0.977751	1	1	1	1	1	252.125	249.864	133.291	117.129	507.217	516.298	245.952	244.484	243.691	133.291	123.844	117.129	507.217	510.464	516.298	189.025	15	0	293.928	-39.534	-26.5559	574.21	-39.534	-26.5559	574.21	
11797	52427	210.72	596.878	210.125	-99999	46.047	-0.938465	1	1	1	1	1	278.764	344.793	133.559	-65.7501	-123.987	-116.678	293.153	326.37	359.339	133.639	33.7424	-66.2375	-123.989	-119.887	-116.729	4.4576	11	0	89.8649	46.0679	-66.2803	-147.341	46.0679	-66.2803	-147.341	
11775	5312	120.512	261.776	118.1	77.6541	76.628	-0.982008	1	1	1	0	0	205.693	216.871	131.185	16.8134	-405.555	-428.249	205.613	212.175	217.031	132.959	74.3897	16.2982	-405.233	-417.388	-428.335	5.84072	11	0	70.7101	76.6631	9.75881	-420.414	76.6631	9.75881	-420.414	
11797	431	139.168	100.892	130.091	-99999	-6.105	-0.98587	1	1	1	1	1	64.1011	113.211	103.608	-14.1807	353.503	361.749	64.1359	92.6801	113.112	104.402	42.1776	-14.5658	353.375	359.577	361.521	4.25791	11	0	59.2858	-6.07944	0.859447	361.484	-6.07944	0.859447	361.484	
11774	1162	738.996	1804.49	738.354	105.432	104.468	-0.432267	1	1	1	1	1	263.985	178.996	133.687	-153.034	70.3691	740.901	263.925	236.553	178.976	133.918	-10.688	-153.071	69.8595	408.388	740.937	6.76774	16	0	187.734	104.525	-15.7582	404.901	104.525	-15.7582	404.901	
11795	17071	1023.98	2637.27	1021.43	90.5346	89.059	-0.322049	1	1	1	1	1	155.094	228.863	134.224	-170.366	-253	716.88	155.159	198.075	228.862	134.512	-25.4366	-170.103	-253.855	230.46	718.438	10.2791	23	0	80.1588	89.1121	-20.434	271.07	89.1121	-20.434	271.07	
11797	2320	214.649	473.843	213.641	-99999	38.392	-0.915431	1	1	1	1	1	151.816	192.058	131.792	-56.7975	-453.44	-364.017	151.521	179.012	192.022	132.671	36.9436	-56.8383	-453.731	-414.247	-363.995	5.63496	12	0	71.8205	38.4241	-13.6588	-394.401	38.4241	-13.6588	-394.401	
11797	3580	103.86	274.992	103.853	-99999	-48.777	-0.66978	1	1	1	1	1	256.006	217.838	132.799	64.8762	523.99	455.353	248.343	228.989	210.173	132.803	99.1004	64.8762	523.995	489.556	455.353	13.084	13	0	85.8043	-48.7358	-47.6277	339.884	-48.7358	-47.6277	339.884	
11780	16795	162.046	2319.75	161.405	-99999	76.306	-0.566673	1	1	1	1	1	215.731	192.917	129.454	43.4597	-127.565	-258.431	239.641	227.519	216.809	129.512	92.6442	43.0277	-127.481	-198.286	-258.674	315.35	10	0	1352.98	76.3606	-12.9562	-369.037	76.3606	-12.9562	-369.037	
11780	16975	198.17	486.916	195.602	-99999	-12.096	-0.996306	1	1	1	1	1	142.333	187.81	130.869	-56.1935	-417.656	-395.131	142.15	155.245	187.924	133.171	35.5135	-56.4144	-417.62	-408.764	-395.121	6.18143	8	0	92.8181	-12.0949	-3.75176	-401.743	-12.0949	-3.75176	-401.743	
11774	8607	183.284	404.183	178.769	33.4139	33.725	-0.941701	1	1	1	1	1	161.753	239.139	132.521	-27.0688	-558.492	-543.518	161.654	196.686	241.396	132.815	48.7427	-30.6104	-558.522	-549.206	-543.485	5.03189	8	0	68.5595	33.752	-4.65699	-549.753	33.752	-4.65699	-549.753	
11789	15859	116.527	972.316	110.02	-99999	-20.706	-0.316644	1	1	1	1	1	67.3375	93.881	-2.26114	52.6813	-526.419	-442.305	93.6394	80.3253	66.7837	52.8907	27.2566	-3.19874	-441.737	-482.882	-526.814	6.13497	418	0	972.316	-20.6701	5.65545	-501.004	-20.6701	5.65545	-501.004	
11789	860	63.8467	166.077	63.3051	-99999	-26.778	-0.796329	1	0	0	0	0	356.005	319.663	133.733	85.6073	-739.151	-758.163	347.896	330.092	311.277	134.165	109.3	85.6073	-738.982	-748.094	-758.163	5.36735	10	0	70.2214	-26.7581	58.3482	-763.196	-26.7581	58.3482	-763.196	
11780	14830	120.051	322.448	119.225	-99999	-48.875	-0.984627	1	1	1	0	0	128.317	123.918	134.514	16.1722	578.829	591.535	128.373	125.958	124.069	134.514	74.9324	15.3656	578.829	585.277	591.623	6.21386	9	0	100.603	-48.8493	23.6397	596.241	-48.8493	23.6397	596.241	
11780	15460	287.927	621.154	287.164	-99999	30.757	-0.985633	1	1	1	1	1	171.612	146.174	130.794	-147.863	515.665	554.276	171.584	168.185	145.896	130.886	-11.4321	-148.352	515.65	535.055	554.532	5.69902	8	0	64.5482	30.7922	-25.7928	545.312	30.7922	-25.7928	545.312	
11795	6771	230.409	578.977	229.658	-99999	95.939	-0.989966	1	1	1	1	1	150.628	179.323	132.441	-93.0502	-469.013	-438.062	150.434	162.877	179.213	133.179	19.7755	-93.0502	-469.063	-453.323	-438.062	42.0516	9	0	145.671	95.9704	-15.5815	-445.77	95.9704	-15.5815	-445.77	
11797	594	263.581	596.547	262.263	57.7938	55.632	-0.861416	1	1	1	1	1	274.275	152.731	133.004	-90.9302	-843.926	-785.03	274.556	210.688	152.53	133.54	22.5378	-91.5406	-844.067	-813.594	-784.782	4.84509	12	0	83.4466	55.6656	-22.1468	-771.206	55.6656	-22.1468	-771.206	
11772	3213	166.942	550.482	166.823	-99999	24.598	-0.67373	1	1	1	1	0	64.0697	122.082	9.13502	-123.967	-378.956	-303.443	63.9781	104.69	122.053	9.21221	-50.3997	-123.967	-379.012	-337.423	-303.443	6.11007	12	0	80.4498	24.6264	-24.9174	-257.931	24.6264	-24.9174	-257.931	
11797	54033	145.437	336.277	144.148	-99999	2.396	-0.933917	1	1	1	1	0	159.077	188.49	132.44	10.1113	-779.285	-710.79	159.036	168.141	188.902	132.714	70.4286	9.23337	-779.373	-743.204	-710.589	4.7919	9	0	76.3479	2.43266	9.9104	-718.257	2.43266	9.9104	-718.257	
11797	72372	394.544	932.542	394.425	-99999	91.032	-0.258748	1	1	1	1	1	185.618	331.012	133.148	-19.0864	545.106	878.49	214.06	286.86	359.518	133.176	57.4178	-19.0864	545.02	711.82	878.49	4.78528	6	0	46.5371	91.082	-1.26753	728.182	91.082	-1.26753	728.182	
11782	5008	137.703	433.69	137.207	-99999	59.918	-0.795251	1	1	1	1	1	255.497	339.573	131.701	23.5727	-534.181	-526.352	274.229	316.074	358.617	131.742	77.2058	23.2347	-534.182	-530.407	-526.297	12.8214	6	0	118.022	59.9444	21.397	-528.794	59.9444	21.397	-528.794	
11782	8788	98.5639	813.715	94.9038	-99999	32.542	-0.571956	1	1	1	1	1	242.346	283.126	131.646	61.8706	192.929	226.48	252.536	272.676	293.316	131.646	95.5773	61.8706	192.929	211.43	226.48	17.2506	7	0	87.8412	32.5662	-6.20925	222.257	32.5662	-6.20925	222.257	
11782	8878	305.908	685.279	305.151	-99999	-37.17	-0.980963	1	1	1	1	1	80.2228	107.461	133.227	-165.803	452.844	490.3	80.2596	83.4172	107.505	133.907	-17.6414	-165.847	452.704	463.221	490.303	7.06076	8	0	79.581	-38.111	8.76828	-35.0733	-38.111	8.76828	-35.0733	
11786	25568	403.354	898.862	403.349	29.5261	28.232	-0.697558	1	1	1	1	1	307.27	78.2173	133.758	-123.708	-762.444	-556.25	307.27	197.969	78.2173	133.758	0.00700366	-123.708	-762.444	-658.641	-556.25	6.95899	8	0	71.7031	28.2651	-38.3999	-621.435	28.2651	-38.3999	-621.435	
11776	2479	135.947	322.282	135.429	-99999	-18.772	-0.37774	1	1	1	1	0	267.041	348.505	130.999	77.9424	-458.049	-363.784	260.858	301.703	342.627	131.194	104.63	77.9424	-458.417	-411.024	-363.784	4.53499	7	0	47.1776	-18.733	52.8202	-377.67	-18.733	52.8202	-377.67	
11775	773	269.631	3973.52	269.619	-109.706	-3.509	-0.7722	0	0	0	0	0	281.065	191.305	133.401	-77.6781	-541.382	-403.327	281.065	230.502	191.305	133.401	25.4095	-77.6781	-541.382	-478.908	-403.327	118.075	14	0	235.327	-16.6012	8.81853	-682.978	-16.6012	8.81853	-682.978	
11797	94873	392.496	2051.16	391.946	28.5199	28.565	-0.795796	1	1	1	1	1	87.7887	297.684	133.171	-168.115	405.249	278.418	87.5118	194.047	297.684	133.597	-20.7326	-168.115	405.423	347.622	278.418	5.43422	12	0	330.486	28.5947	-35.253	325.227	28.5947	-35.253	325.227	
11797	96943	176.681	407.97	175.355	-99999	110.379	-0.922545	0	0	0	0	0	178.594	230.139	131.468	-26.3345	-512.983	-568.751	212.86	236.14	264.703	132.682	52.3361	-26.3345	-512.552	-540.768	-568.751	7.44901	9	0	75.7217	49.9556	-1.7006	-725.511	-16.0244	1.93093	-720.892	
11797	94884	29.8165	119.5	28.08	-99999	63.49	-0.940059	0	0	0	0	0	204.075	199.933	134.105	106.813	425.07	429.077	214.052	210.489	209.946	134.105	119.786	105.089	425.07	426.997	429.259	4.07342	7	0	102.165	-25.5553	-22.9231	500.9	-25.5553	-22.9231	500.9	
11774	2287	151.142	779.601	149.203	-99999	107.733	-0.544464	1	1	1	1	1	242.111	303.145	133.022	49.8563	267.191	374.827	275.477	306.228	337.312	133.444	92.5677	49.2592	266.64	322.212	375.71	4.98042	9	0	284.914	107.752	2.0593	383.849	107.752	2.0593	383.849	
11761	6849	150.437	358.251	149.989	-99999	25.54	-0.96588	1	1	1	1	1	153.134	128.501	134.065	-10.4727	-76.0015	-47.6943	153.137	143.924	128.359	134.167	60.7347	-10.7857	-76.0234	-63.132	-47.659	4.73451	9	0	69.1767	25.5649	8.13157	-53.1742	25.5649	8.13157	-53.1742	
11797	95537	289.148	739.576	288.806	-99999	102.533	-0.61398	0	0	0	0	0	131.526	226.608	134.193	-20.5264	-173.832	-397.315	115.354	162.729	210.504	134.387	54.7012	-20.5252	-173.598	-284.499	-397.332	5.76443	13	0	83.6883	-999999	-999999	-999999	-999999	-999999	-999999	
11797	54583	111.416	263.64	111.388	-99999	92.117	-0.573448	1	1	0	0	0	174.082	178.105	122.884	68.8169	-884.951	-788.68	173.976	175.784	177.999	122.884	94.1998	68.8169	-884.951	-837.448	-788.68	6.56327	16	0	74.6427	92.1344	25.1662	-772.029	92.1344	25.1662	-772.029	
11797	3264	228.445	560.765	227.576	-99999	46.522	-0.615263	1	1	1	1	1	271.718	344.693	133.115	-5.79282	-292.934	-128.109	286.145	322.755	359.422	133.359	63.315	-6.05875	-293.215	-210.756	-127.758	4.18779	6	0	45.0264	46.5566	14.9786	-172.547	46.5566	14.9786	-172.547	
11761	7068	243.804	570.809	239.059	-99999	104.395	-0.990909	1	1	1	1	1	290.374	229.676	133.982	-96.3843	-351.568	-345.982	323.112	297.838	260.977	134.593	15.6372	-100.213	-351.606	-346.248	-346.598	5.4409	8	0	72.2382	104.416	-7.59547	-351.645	104.416	-7.59547	-351.645	
11781	1559	117.117	213.565	116.591	-99999	-22.851	-0.943542	1	1	0	0	0	86.4281	99.7621	132.469	26.5394	403.944	442.742	86.4519	86.5233	99.7882	132.729	78.068	26.5394	403.853	420.723	442.742	4.34387	13	0	66.1836	-22.8324	49.3512	429.039	-22.8324	49.3512	429.039	
11797	52779	123.246	255.351	122.071	-99999	8.148	-0.873533	1	1	1	0	0	136.977	110.917	133.989	20.4832	726.844	753.423	136.968	118.498	110.908	133.989	77.6264	20.4832	726.844	743.425	753.423	6.62718	10	0	53.8453	8.16457	27.4383	747.581	8.16457	27.4383	747.581	
11786	17685	101.923	238.87	101.01	-99999	88.188	-0.750647	1	1	1	1	1	260.343	196.093	133.626	61.1688	-229.707	-258.369	274.727	242.441	209.951	134.314	97.6774	61.1688	-229.424	-243.964	-258.369	7.31764	8	0	63.3438	88.2106	-41.8444	-294.304	88.2106	-41.8444	-294.304	
11797	76266	301.787	1365.55	300.33	79.2841	80.712	-0.80914	1	1	1	1	1	358.503	203.106	93.306	-136.658	-573.503	-459.759	359.201	282.263	203.106	94.4812	-22.3549	-136.658	-573.993	-517.677	-459.759	5.24717	14	0	82.2656	80.7342	25.2846	-544.191	80.7342	25.2846	-544.191	
11786	14253	603.773	2539.79	592.525	-99999	17.816	-0.391509	1	1	1	1	1	226.398	341.369	132.67	-87.5792	-215.182	322.629	231.845	290.792	349.701	132.852	20.7669	-88.3645	-215.587	58.4258	332.981	55.0831	12	0	1033.11	17.8587	-64.8639	317.935	-16.0913	-5.75029	-66.1676	
11795	18987	300.465	698.23	299.212	-172.983	-38.799	-0.857471	1	0	0	0	0	224.844	71.8941	132.425	-106.796	-560.801	-468.508	225.093	151.3	71.5985	132.983	12.4883	-107.316	-561.015	-510.328	-468.491	5.3524	6	0	91.8621	-38.7659	58.4064	-436.42	-38.7659	58.4064	-436.42	
11795	19073	213.857	1295.43	213.842	21.5431	32.045	-0.866953	1	1	1	1	1	160.046	257.982	132.871	-21.4901	-748.982	-854.631	160.046	201	257.982	132.871	45.4317	-21.4901	-748.982	-794.464	-854.631	5.07087	16	0	70.7509	32.0658	4.08549	-119.186	20.7058	3.58589	-773.651	
11795	20513	144.552	336.189	144.543	-15.3433	-17.065	-0.974663	1	1	1	1	1	203.435	233.125	132.782	-7.19975	226.267	243.619	203.435	217.794	233.125	132.782	62.6837	-7.19975	226.267	235.373	243.619	6.45235	6	0	76.6099	-17.0531	0.495389	227.949	-17.0531	0.495389	227.949	
11797	9755	345.92	2570.23	344.238	69.4702	69.222	-0.722114	1	1	1	1	1	152.826	346.321	133.4	-110.824	-592.153	-729.293	152.826	253.591	346.661	133.4	12.2829	-112.462	-592.153	-663.05	-729.287	6.35514	8	0	81.9006	69.2577	-45.6519	-695.438	69.2577	-45.6519	-695.438	
11786	11437	95.9307	255.352	95.622	-99999	11.63	-0.960438	1	1	1	0	0	154.444	128.117	133.352	42.1301	-382.458	-374.704	154.431	139.573	128.058	133.352	87.9262	41.8296	-382.458	-379.208	-374.705	4.72116	10	0	85.5031	11.6579	29.1592	-376.537	11.6579	29.1592	-376.537	
11772	8556	158.408	377.196	158.048	-99999	89.467	-0.691967	1	1	0	0	0	66.1707	104.921	119.702	17.5701	-887.069	-773.343	66.0683	83.5086	104.917	119.702	66.1064	17.3516	-887.069	-831.512	-773.077	4.68719	14	0	78.0776	89.4932	37.9797	-793.485	89.4932	37.9797	-793.485	
11795	24530	73.3385	185.06	71.9799	-22.5904	-24.152	-0.991597	1	1	0	0	0	215.852	199.748	132.107	62.2048	744.975	744.305	215.996	210.02	199.689	133.238	97.1045	62.0035	745.002	743.891	744.294	8.78875	6	0	70.4986	-24.1232	18.5086	730.635	-24.1232	18.5086	730.635	
11759	3109	294.614	659.057	293.436	-99999	85.248	-0.98417	1	1	1	1	1	192.622	138.433	132.31	-153.355	881.934	875.333	192.57	171.065	137.94	132.59	-12.8697	-154.141	881.943	874.119	875.397	6.17393	7	0	85.7849	85.2752	-32.6455	805.858	85.2752	-32.6455	805.858	
11797	90629	106.153	340.474	99.0435	-99999	0.7	-0.701137	1	1	1	1	1	64.967	116.662	75.3276	4.85609	-809.368	-763.93	64.8772	92.4386	120.839	75.4435	36.3621	1.56673	-809.446	-786.459	-759.541	8.40522	18	0	86.9386	0.7286	3.20293	-575.272	0.7286	3.20293	-575.272	
11797	80226	167.038	420.897	167.018	-99999	98.437	-0.832645	1	1	1	1	0	174.849	141.981	133.323	-3.52451	725.343	814.736	174.739	160.843	141.868	133.336	63.4515	-3.52451	725.335	768.799	814.736	5.15182	15	0	75.6802	98.4668	10.2075	768.053	98.4668	10.2075	768.053	
11775	2556	78.5544	228.167	78.1319	-99999	39.951	-0.764401	1	1	0	0	0	255.237	229.112	131.931	66.2753	-656.092	-687.63	267.803	254.04	241.57	132.041	100.506	66.1536	-656.006	-674.66	-687.731	5.8306	12	0	101.256	33.3467	-6.21852	53.9169	9.76669	-101.107	-572.298	
11795	10312	118.018	417.912	117.696	-99999	54.628	-0.948655	1	1	1	1	1	241.129	201.538	132.693	22.0783	-390.837	-393.467	249.757	228.932	210.124	132.828	77.6293	21.904	-390.836	-391.844	-393.478	10.4695	13	0	125.999	54.6542	-25.4594	-394.086	54.6542	-25.4594	-394.086	
11782	2307	106.55	184.407	51.2991	-99999	71.057	-0.820199	1	1	1	1	1	334.616	336.704	131.935	92.9272	624.299	656.854	356.705	358.852	359.46	134.788	93.6008	121.753	622.307	655.068	687.435	12.1336	9	0	100.769	71.0771	-18.8585	733.743	71.0771	-18.8585	733.743	
11797	78382	249.768	658.127	248.954	-99999	29.921	-0.962524	1	1	1	1	1	315.331	243.328	133.475	-103.876	-733.983	-712.713	324.9	288.601	252.698	134.257	15.2509	-103.876	-734.06	-723.367	-712.713	11.1356	7	0	149.005	29.9439	-39.0855	-451.148	-33.4661	-26.3958	-778.747	
11797	80452	120.901	280.878	118.745	-99999	16.099	-0.99407	1	1	1	1	1	230.328	228.726	132.579	14.7172	-707.136	-712.98	235.422	229.383	233.992	133.248	73.2399	13.2683	-707.095	-710.661	-713.051	6.24543	8	0	70.7181	16.13	7.09619	-702.509	16.13	7.09619	-702.509	
11776	3635	222.968	452.261	192.705	-99999	11.211	-0.395971	1	1	1	1	1	311.145	164.143	134.103	63.428	-272.809	-170.52	311.909	226.132	140.705	134.527	93.5402	55.1105	-273.411	-215.203	-155.24	4.62618	9	0	55.106	11.1795	20.9041	-144.623	11.1795	20.9041	-144.623	
11797	85191	326.184	819.591	314.505	-99999	13.431	-0.932204	1	1	1	1	1	209.782	166.386	129.102	-167.317	234.193	329.81	209.767	187.816	163.708	129.105	-24.7135	-178.434	234.192	283.693	331.923	5.07187	12	0	55.9384	13.4323	-25.0833	281.039	13.4323	-25.0833	281.039	
11789	4817	219.449	506.799	218.085	-99999	79.764	-0.823361	1	1	1	1	1	199.823	322.208	131.412	-45.7745	-498.459	-472.282	224.299	287.637	347.419	132.165	44.7024	-46.1498	-498.584	-479.861	-472.345	4.36473	9	0	73.879	79.7907	-10.2465	-478.579	79.7907	-10.2465	-478.579	
11780	2877	86.4613	1171.56	86.0009	-99999	15.694	-0.681329	1	1	1	1	1	157.477	190.474	132.816	74.1498	791.268	844.777	157.459	174.131	190.624	132.816	103.545	73.8189	791.268	818.362	845.048	4.54532	14	0	681.397	15.7268	10.8485	785.372	15.7268	10.8485	785.372	
11795	22787	66.443	209.916	65.6997	-99999	76.07	-0.856073	1	1	1	1	1	62.3811	94.683	31.6655	-24.574	-211.945	-201.538	62.213	78.5182	94.9108	31.8053	3.29916	-25.042	-211.971	-206.957	-201.413	5.77775	9	0	66.7139	76.0929	-18.2963	-200.762	76.0929	-18.2963	-200.762	
11776	2958	392.26	869.506	391.129	-99999	35.047	-0.413766	1	1	1	1	1	279.139	297.683	133.855	-58.3289	-840.017	-502.69	290.113	296.277	308.372	133.855	36.2334	-58.6436	-840.017	-671.326	-501.736	4.11026	12	0	76.2499	35.0774	-6.11993	-631.465	35.0774	-6.11993	-631.465	
11786	8386	319.802	670.845	318.99	-44.3092	-44.626	-0.801931	1	1	1	1	1	128.244	323.768	132.998	-113.119	-758.999	-796.54	127.786	221.395	323.768	133.641	5.55583	-113.119	-758.883	-778.329	-796.54	19.2877	6	0	86.0432	-44.5892	-34.4698	-760.497	-44.5892	-34.4698	-760.497	
11786	22641	382.817	1316.85	372.354	101.339	100.587	-0.836453	1	1	1	1	1	177.916	267.212	132.397	-170.76	-787.601	-590.886	177.916	223.69	269.633	132.397	-23.3354	-177.736	-787.601	-686.3	-583.557	18.8208	8	0	406.86	100.619	-42.0237	-626.782	100.619	-42.0237	-626.782	
11786	22641	251.235	554.991	247.629	63.9432	63.789	-0.990361	1	1	1	1	1	199.389	258.559	133.752	-99.2685	504.707	458.132	199.389	230.319	259.021	133.752	12.604	-102.777	504.707	496.191	457.579	5.0479	22	0	82.0455	63.8187	-1.90193	397.195	63.8187	-1.90193	397.195	
11797	24007	190.512	427.159	190.116	-99999	26.51	-0.85265	1	1	1	1	1	219.75	312.575	132.624	-31.0777	-8.52773	-24.7877	227.848	276.225	320.877	132.955	51.1293	-31.0777	-8.52337	-11.76	-24.7877	4.49607	12	0	66.5559	26.5341	-4.80466	-41.0353	26.5341	-4.80466	-41.0353	
11797	48173	95.6976	230.907	93.0443	-99999	19.939	-0.902231	1	1	0	0	0	309.973	296.587	132.339	44.8839	-152.045	-125.718	316.516	307.875	302.859	133.957	90.4714	44.0344	-152.759	-134.804	-125.624	6.96573	9	0	74.2319	19.9509	32.3707	-137.976	19.9509	32.3707	-137.976	
11780	2030	255.685	565.273	255.561	-99999	14.927	-0.971611	1	1	1	1	1	122.472	143.38	133.074	-102.901	471.333	547.84	122.455	138.975	143.363	133.074	10.3949	-102.901	471.333	502.888	547.84	4.27784	10	0	53.6156	14.9494	-14.8566	516.352	14.9494	-14.8566	516.352	
11795	23745	219.532	474.871	214.994	-99999	-18.244	-0.963361	1	1	1	1	1	197.368	139.538	129.564	-76.0371	-560.316	-538.378	197.389	168.724	137.445	129.564	24.4763	-80.0026	-560.316	-546.983	-538.957	4.09324	7	0	58.6511	-18.2098	-27.375	-344.568	-18.2098	-27.375	-344.568	
11795	25905	257.473	586.76	257.22	-99999	-19.76	-0.898963	1	1	1	1	1	65.0534	127.339	60.4614	-162.875	-443.189	-334.596	65.076	96.7602	127.393	60.4614	-55.431	-163.065	-443.189	-397.064	-334.437	4.50301	17	0	71.2141	-19.7445	-17.985	-405.971	-19.7445	-17.985	-405.971	
11776	2742	89.0867	371.323	78.319	-99999	115.439	-0.402573	1	1	1	0	0	276.595	314.878	134.647	102.227	700.475	760.59	312.744	334.939	356.869	134.647	116.762	96.4388	700.475	734.699	767.447	4.44003	8	0	201.855	115.415	65.1995	763.518	115.415	65.1995	763.518	
11786	28715	119.18	282.862	117.131	-99999	5.271	-0.998262	1	1	1	0	0	138.731	144.5	132.721	16.5233	388.012	376.092	138.693	142.682	144.472	133.386	74.0741	15.1603	388.036	384.265	375.928	5.27722	7	0	76.5409	5.30034	32.3449	402.746	5.30034	32.3449	402.746	
11795	10030	238.118	581.481	237.037	-99999	12.131	-0.847819	1	1	1	1	1	167.532	133.792	130.401	-77.3299	-152.064	-46.6223	167.518	148.36	134.075	130.401	28.3853	-78.2911	-152.064	-93.9512	-46.25	5.55121	10	0	96.07	12.1621	-13.7323	-76.8651	12.1621	-13.7323	-76.8651	
11795	11290	113.919	270.298	112.654	-99999	101.074	-0.952575	0	0	0	0	0	268.185	293.666	134.292	25.223	868.919	878.657	299.808	311.126	325.785	134.37	78.7717	24.1474	868.914	873.429	878.767	5.25309	6	0	73.4039	57.2101	-18.3892	-497.357	57.2101	-18.3892	-497.357	
11797	43170	131.677	325.598	124.757	36.9341	36.386	-0.974365	1	1	1	1	1	215.664	202.144	132.055	12.5305	668.387	636.613	215.673	209.979	201.445	132.638	68.7749	6.5715	668.522	653.888	634.76	4.63003	6	0	93.9353	36.4148	1.04759	647.785	36.4148	1.04759	647.785	
11797	4513	126.057	299.916	125.932	-99999	57.364	-0.955136	1	1	1	1	1	177.367	192.639	133.328	15.6641	222.828	263.915	177.301	183.924	192.597	133.328	73.7096	15.5524	222.828	241.88	263.95	5.59938	9	0	70.4956	57.3926	9.73548	243.949	57.3926	9.73548	243.949	
11797	1977	70.2646	174.235	69.4838	-99999	111.103	-0.99121	0	0	0	0	0	317.992	324.158	133.637	64.6422	652.98	652.363	352.779	356.084	358.956	133.671	98.7132	63.9152	652.979	653.988	652.209	8.13262	14	0	60.1208	-999999	-999999	-999999	-999999	-999999	-999999	
11797	64651	187.205	424.275	186.291	81.8532	81.695	-0.903592	1	1	1	1	1	249.348	179.12	132.623	-35.4399	-202.896	-166.007	249.477	211.23	178.805	132.909	49.3551	-35.9221	-202.93	-185.83	-165.856	5.68434	10	0	77.718	81.7219	-0.969306	-180.229	81.7219	-0.969306	-180.229	
11761	810	170.395	389.31	169.272	-99999	9.692	-0.804155	1	1	1	0	0	186.813	76.2986	131.763	6.83691	731.849	755.354	187.447	136.49	76.2875	132.663	65.7024	6.83691	731.676	744.869	755.354	5.21916	9	0	67.2237	9.72463	14.1457	746.785	9.72463	14.1457	746.785	
11789	14646	162.382	333.994	160.789	-99999	-7.913	-0.608724	1	1	1	1	1	354.837	238.744	-73.8322	27.762	-293.556	-248.35	235.364	294.027	352.62	28.4999	-22.2978	-74.0734	-247.976	-271.819	-293.652	8.14252	299	0	333.994	-7.93475	-23.2869	-263.865	-7.93475	-23.2869	-263.865	
11797	85045	86.5392	228.398	85.047	-99999	12.419	-0.9503	1	1	1	0	0	113.736	80.1524	132.613	55.5606	-643.845	-635.203	113.89	99.7206	79.658	133.138	92.3601	54.773	-643.879	-641.939	-635.029	11.6155	9	0	80.5972	6.42559	10.2363	-342.229	6.42559	10.2363	-342.229	
11797	95068	159.645	376.676	158.227	-99999	13.971	-0.66864	1	1	1	1	1	236.973	217.635	130.568	27.4413	635.702	751.378	241.601	223.566	222.029	131.239	78.9502	27.1698	634.996	692.451	751.616	9.17029	6	0	76.7308	14.0163	2.36835	691.651	14.0163	2.36835	691.651	
11797	98488	307.771	750.899	306.604	-99999	2.838	-0.955599	1	1	1	1	1	95.6101	91.2962	133.05	-171.785	-659.377	-641.843	95.6735	93.7498	91.2916	134.031	-18.8669	-171.837	-659.693	-651.387	-641.827	4.16502	14	0	53.0651	2.85635	-28.8552	-647.959	2.85635	-28.8552	-647.959	
11786	32307	262.073	5515.98	234.638	-99999	112.94	-0.891091	0	0	0	0	0	294.511	186.243	133.256	-73.7229	388.603	410.72	330.545	269.884	212.928	134.602	19.1266	-97.8587	388.449	400.902	408.608	21.8334	6	0	4967.31	66.1671	48.4369	803.545	66.1671	48.4369	803.545	
11780	17257	49.2272	213.832	47.7513	-99999	69.234	-0.954542	1	1	1	0	0	325.948	336.262	133.273	87.1579	-445.076	-438.261	347.494	352.986	358.155	133.742	110.011	86.2024	-445.144	-441.65	-438.18	11.7206	6	0	145.642	69.2431	51.6502	-433.541	69.2431	51.6502	-433.541	
11797	79577	292.739	1184.79	290.638	35.0746	33.29	-0.86208	1	1	1	1	1	199.811	286.187	132.408	-119.597	316.941	205.434	199.538	243.173	286.387	133.292	9.73126	-120.273	317.376	254.002	205.418	6.61433	6	0	72.133	33.3298	-35.6271	230.01	33.3298	-35.6271	230.01	
11797	36832	210.789	501.535	210.786	-99999	-13.197	-0.91876	1	1	1	1	1	118.856	74.984	133.979	-53.6734	295.911	379.119	118.872	100.767	74.9991	133.979	38.4094	-53.6734	295.911	336.385	379.119	6.90312	11	0	73.7229	-13.1807	-4.12567	352.415	-13.1807	-4.12567	352.415	
11772	7540	304.509	668.55	304.445	-99999	84.768	-0.994633	1	1	1	1	1	202.538	223.987	133.772	-168.104	513.716	490.172	189.217	201.331	210.666	133.772	-17.6279	-168.104	513.716	503.792	490.172	4.47993	8	0	40.4023	82.5294	-26.1159	713.998	82.5294	-26.1159	713.998	
11789	24669	251.618	1280.26	251.616	-99999	15.846	-0.529217	1	1	1	1	1	191.06	74.0461	133.278	-4.42914	270.58	445.464	191.042	132.385	74.028	133.278	65.083	-4.42914	270.58	358.53	445.464	26.5619	13	0	603.821	15.8827	-10.4219	444.211	15.8827	-10.4219	444.211	
11786	27068	271.281	614.441	271.251	-99999	108.772	-0.987797	0	0	0	0	0	130.692	130.354	133.646	-130.964	376.396	428.982	130.567	137.304	130.228	133.646	0.877531	-130.974	376.396	401.317	428.985	6.27858	7	0	67.3382	98.6116	-98.5589	-360.545	-43.5484	-47.8372	-169.605	
11797	16020	404.484	908.82	404.124	56.8184	56.475	-0.657159	1	1	1	1	1	87.6601	243.614	134.287	-131.526	436.846	181.675	87.5331	168.33	243.614	134.515	8.08488	-131.526	437.073	301.577	181.675	4.33968	11	0	68.4154	56.5159	-1.90298	305.581	56.5159	-1.90298	305.581	
11797	17190	283.295	705.333	282.948	-99999	110.734	-0.918329	0	0	0	0	0	211.637	324.367	128.547	-129.927	-764.893	-741.854	246.313	302.689	359.182	128.547	-0.824682	-130.243	-764.893	-752.782	-741.845	4.01706	6	0	54.7327	15.3782	36.4688	-477.315	15.3782	36.4688	-477.315	
11786	15089	387.598	926.012	371.488	-99999	42.915	-0.785964	1	1	1	1	1	284.987	328.315	134.051	-158.16	141.257	-83.8807	298.426	321.019	345.183	134.051	-18.5306	-169.809	141.257	23.9686	-94.3479	4.08524	13	0	41.6029	42.947	-27.9677	15.4577	42.947	-27.9677	15.4577	
11789	97	29.2022	88.5534	28.9398	18.1014	20.708	-0.810299	1	1	1	1	1	297.337	281.827	133.505	109.941	-276.287	-282.298	300.568	292.608	284.945	133.505	121.833	109.711	-276.287	-279.916	-282.296	4.99447	10	0	61.7222	20.7388	-32.8657	-334.874	20.7388	-32.8657	-334.874	
11797	96202	306.238	698.584	305.977	68.6471	67.946	-0.938357	1	1	1	1	1	165.917	251.139	132.99	-157.724	340.228	301.583	165.844	213.101	251.139	133.229	-10.9889	-157.724	340.275	321.11	301.583	7.46759	13	0	103.726	67.976	-29.9682	321.663	67.976	-29.9682	321.663	
11797	84861	119.177	290.868	115.269	-99999	-6.427	-0.707269	1	1	1	1	0	218.135	277.317	129.638	60.7906	642.706	711.093	214.561	240.554	275.311	132.402	89.8503	60.7882	640.448	672.947	711.099	4.51429	6	0	69.5295	-6.38286	3.4524	680.734	-6.38286	3.4524	680.734	
11759	1603	301.081	737.689	300.386	-99999	89.461	-0.97956	1	1	1	1	1	74.3433	109.793	132.912	-162.494	-624.213	-641.416	74.121	99.6491	109.691	133.557	-14.4072	-162.494	-624.16	-633.48	-641.416	4.57679	9	0	70.9384	89.4891	-14.7663	-631.733	89.4891	-14.7663	-631.733	
11797	20051	76.5504	167.082	76.5499	-99999	94.048	-0.628221	1	0	0	0	0	286.407	328.057	134.737	83.3356	-341.612	-380.058	315.858	336.809	357.508	134.737	109.198	83.3356	-341.612	-360.923	-380.058	4.02861	10	0	47.8034	94.0842	75.1129	-375.59	94.0842	75.1129	-375.59	
11775	1118	425.446	946.041	424.938	94.614	93.787	-0.623358	1	1	1	1	1	113.178	315.593	132.706	-130.783	79.4965	-183.692	113.178	215.039	315.883	132.706	-5.00412	-131.015	79.4965	-46.4879	-184.029	6.91315	11	0	57.3138	93.8257	-24.9486	-71.1775	93.8257	-24.9486	-71.1775	
11797	69089	60.8256	158.289	59.9809	-99999	86.684	-0.93023	1	1	0	0	0	313.175	332.082	134.018	78.1167	38.8522	28.2344	340.319	350.17	359.502	134.018	105.671	77.3503	38.8522	33.9278	28.0127	4.64251	12	0	60.6039	86.7006	70.5513	26.5339	86.7006	70.5513	26.5339	
11797	59802	173.281	403.073	172.934	-99999	12.337	-0.481365	1	1	1	1	1	225.858	217.128	131.728	41.2473	505.282	651.501	229.722	220.462	220.954	131.728	86.5823	41.1106	505.282	578.57	651.761	5.43211	7	0	83.0417	6.65039	-27.2636	579.063	6.65039	-27.2636	579.063	
11797	60342	200.061	441.924	199.56	-99999	54.255	-0.972722	1	1	1	1	0	328.039	342.01	134.005	-59.5512	-403.845	-357.76	345.029	352.352	359.022	134.005	36.6643	-60.0212	-403.845	-382.236	-357.684	5.75277	7	0	49.266	54.277	-21.9021	-374.247	54.277	-21.9021	-374.247	
11780	7060	125.681	279.882	124.87	-241.259	21.001	-0.600158	0	0	0	0	0	205.621	289.83	133.398	64.6054	20.0052	-39.9934	205.107	249.523	289.83	133.874	100.766	64.6054	20.3997	-9.02311	-39.9934	5.49239	10	0	70.9802	-999999	-999999	-999999	-999999	-999999	-999999	
11780	16291	26.3613	68.8364	25.5158	-99999	-25.202	-0.302354	1	1	1	1	1	260.398	248.341	126.033	110.081	130.318	115.306	252.795	245.681	240.228	126.134	119.36	109.854	130.699	122.161	115.212	8.49493	15	0	54.5445	-25.191	-47.994	398.972	-25.191	-47.994	398.972	
11761	4199	190.894	464.335	190.601	-99999	99.812	-0.66804	1	1	1	1	1	180.093	327.891	133.423	13.1326	-365.766	-364.478	211.349	285.062	359.373	133.423	72.8139	12.9538	-365.766	-364.912	-364.486	4.86757	6	0	55.1237	99.8427	12.9109	-364.277	99.8427	12.9109	-364.277	
11795	24745	159.031	397.895	159.027	229.907	113.885	-0.767463	0	0	0	0	0	254.665	149.618	133.215	17.3298	-160.171	-135.394	254.665	203.747	149.618	133.215	73.1357	17.3298	-160.171	-149.407	-135.394	4.2674	9	0	90.1027	-37.194	-15.2837	279.509	-37.194	-15.2837	279.509	
11782	12348	245.429	547.811	243.618	-99999	11.268	-0.900379	1	1	1	1	1	232.825	293.9	132.504	-88.0653	416.729	492.426	236.074	261.269	297.721	133.5	23.8265	-88.6935	416.338	465.179	492.348	4.32816	8	0	70.1976	11.2927	-13.9344	471.682	11.2927	-13.9344	471.682	
11797	19614	326.716	643.545	317.222	-99999	77.99	-0.927872	1	1	1	1	1	249.028	286.619	134.657	-165.276	-642.229	-669.999	273.45	308.962	311.36	134.657	-23.4026	-166.416	-642.229	-661.574	-669.723	5.60256	6	0	69.3406	78.0214	-26.6282	-657.676	78.0214	-26.6282	-657.676	
11797	80531	73.8421	593.193	62.9442	61.8105	58.942	-0.726362	1	1	1	1	1	225.529	180.368	133.135	90.1631	-280.372	-288.934	226.316	199.799	173.39	134.008	108.893	83.4615	-280.192	-285.484	-289.713	4.08601	7	0	445.243	58.9587	5.83472	-297.36	58.9587	5.83472	-297.36	
11797	87514	146.957	373.948	144.227	-99999	56.386	-0.955502	1	1	1	1	0	174.086	119.163	132.144	1.66313	464.874	483.764	174.339	152.414	118.769	133.201	63.4981	0.108196	464.78	471.852	484.069	7.04109	9	0	102.954	56.4163	10.5713	479.565	56.4163	10.5713	479.565	
11795	15698	291.769	976.016	285.42	118.906	104.159	-0.606518	0	0	0	0	0	63.3601	229.166	111.572	-73.4934	23.7335	-115.741	59.5124	146.798	229.275	115.379	22.0529	-73.5618	26.7226	-43.5609	-115.829	7.07678	13	0	56.5856	33.5528	2.42272	-667.102	-46.3172	-14.3924	-546.453	
11797	81812	79.9931	160907	79.9918	38.0834	33.667	-0.546479	1	1	1	1	1	184.159	247.291	134.156	92.9692	422.998	396.306	184.159	215.574	247.291	134.156	113.062	92.9692	422.998	410.07	396.306	27374	9	0	160171	33.6646	0.604063	373.332	33.6646	0.604063	373.332	
11782	7995	197.875	718.331	192.049	65.0951	67.938	-0.413224	1	1	1	1	1	62.1825	220.825	-53.2315	-138.532	-602.897	-669.15	60.4928	142.548	223.666	-52.4258	-95.7756	-140.088	-602.299	-636.576	-671.174	9.84725	9	0	74.7539	67.973	-61.3906	-643.731	67.973	-61.3906	-643.731	
11797	18088	352.035	738.348	351.669	-99999	-26.638	-0.827529	1	1	1	1	1	134.19	169.197	133.65	-142.135	137.401	351.766	134.221	155.023	169.216	133.714	-4.29076	-142.366	137.359	244.54	351.928	4.2278	16	0	68.1661	-31.4646	-9.59704	-13.9814	78.0154	37.3509	148.189	
11797	32120	285.558	667.643	285.506	-99999	72.103	-0.936687	1	1	1	1	1	124.09	177.896	132.41	-141.205	-357.089	-298.469	124	153.587	177.814	132.453	-4.11112	-141.205	-357.105	-328.411	-298.469	5.27228	8	0	69.0705	72.1371	-14.8155	-325.418	72.1371	-14.8155	-325.418	
11797	29106	126.516	278.494	123.922	-285.544	87.789	-0.510251	0	0	0	0	0	233.826	176.813	132.866	83.6428	-605.458	-702.36	234.499	208.866	176.759	134.126	103.84	83.6236	-603.446	-652.591	-702.469	4.15042	11	0	70.3939	21.5269	-15.0315	622.033	21.5269	-15.0315	622.033	
11797	48556	306.834	763.004	305.779	115.615	115.699	-0.794504	0	0	0	0	0	180.352	345.5	132.844	-114.519	-540.105	-596.819	180.141	270.474	345.701	133.127	10.7724	-114.906	-540.074	-557.332	-597.349	52.6422	20	0	139.386	-15.4835	-2.30973	-130.918	-15.4835	-2.30973	-130.918	
11797	49186	343.839	652.122	343.314	15.7451	18.969	-0.905123	1	1	1	1	1	258.96	198.777	133.559	-125.726	-381.217	-219.002	258.96	215.99	198.784	133.559	-19.5645	-125.774	-381.217	-317.166	-218.933	5.23513	16	0	53.3455	19.0038	-18.0508	-321.122	19.0038	-18.0508	-321.122	
11776	1847	96.3591	232.481	95.8224	-99999	110.504	-0.910658	1	1	1	1	0	134.292	111.34	133.646	43.3888	-116.038	-95.4435	134.193	119.079	111.172	133.715	89.0232	42.9503	-116.054	-106.396	-95.3332	5.57687	13	0	63.6411	110.524	20.6063	-603.337	78.544	-30.6667	-422.036	
11786	30676	123.967	867.472	117.181	-99999	-22.81	-0.814643	1	1	1	1	1	179.622	112.713	131.602	36.6902	708.716	723.892	180.106	145.014	108.925	132.265	81.8846	32.1487	708.609	717.101	723.33	12.1547	11	0	428.723	-22.7813	-5.37853	727.891	-22.7813	-5.37853	727.891	
11797	46092	140.879	326.925	140.827	-99999	92.078	-0.72729	1	1	1	0	0	196.379	184.584	133.045	34.7267	238.268	140.665	225.212	217.929	213.41	133.045	83.7256	34.7065	238.268	188.545	140.632	8.19828	16	0	74.0507	92.1163	10.9953	193.935	92.1163	10.9953	193.935	
11795	27356	213.86	472.702	189.075	-99999	67.197	-0.542753	1	1	1	1	1	207.71	288.076	132.078	27.9694	-648.959	-513.127	228.721	274.158	318.711	132.118	73.4502	15.7781	-649.014	-572.026	-494.044	6.64399	6	0	83.0747	67.2343	-5.23316	-477.285	67.2343	-5.23316	-477.285	
11786	18528	367.9	2502.54	366.885	97.3894	97.333	-0.835671	1	1	1	1	1	183.038	331.512	133.143	-153.39	-752.271	-579.534	182.808	252.229	331.688	133.716	-16.0498	-153.606	-752.561	-671.611	-579.362	6.40321	6	0	85.6801	97.367	-48.5762	-625.279	97.367	-48.5762	-625.279	
11797	87718	337.512	1221.16	336.464	-99999	-13.111	-0.899751	1	1	1	1	1	224.849	341.91	132.657	-171.486	236.026	152.721	220.597	281.379	337.997	133.006	-18.4792	-172.093	236.117	193.297	152.559	5.66482	11	0	60.5092	-13.0854	-56.4366	179.544	-13.0854	-56.4366	179.544	
11795	24043	310.435	796.012	310.189	-99999	-40.838	-0.950994	1	1	1	1	1	143.754	204.094	133.42	-160.889	372.629	449.783	150.167	180.745	210.538	133.442	-13.7305	-161.101	372.623	411.303	449.84	13.5686	11	0	155.347	-47.4169	-11.1846	561.92	-3.39686	-128.374	373.462	
11780	381	323.572	3206.25	323.561	60.7156	58.934	-0.754374	1	1	1	1	1	84.4382	301.73	132.792	-81.7767	36.4565	125.114	84.4382	188.627	301.73	132.792	12.4599	-81.7767	36.4565	65.0753	125.114	4.17515	6	0	80.1542	58.9684	-14.3373	70.9601	58.9684	-14.3373	70.9601	
11786	4561	145.968	1026.17	145.37	-99999	59.996	-0.995183	1	1	1	1	1	208.672	191.541	131.944	-11.9732	281.136	271.354	227.507	219.146	210.328	132.531	60.1511	-11.9732	281.1	277.674	271.354	4.7677	12	0	631.237	60.0246	-31.7231	265.626	60.0246	-31.7231	265.626	
11786	5461	237.973	39655.4	237.863	-99999	-48.735	-0.521089	1	1	1	1	1	133.784	92.0267	129.333	8.68655	-617.547	-417.015	133.84	113.104	92.0825	129.333	68.5682	8.68655	-617.547	-517.376	-417.015	203.049	15	0	23315.4	-48.7127	-20.4854	-391.296	-48.7127	-20.4854	-391.296	
11797	70393	140.307	347.677	139.382	-99999	62.42	-0.866836	0	0	0	0	0	253.758	204.566	133.557	9.24568	750.097	785.172	273.419	244.197	223.972	133.837	74.2677	8.6653	749.986	772.669	785.216	4.81096	7	0	79.5561	-999999	-999999	-999999	-999999	-999999	-999999	
11786	7992	225.011	1519.34	224.668	94.3675	93.143	-0.808901	1	1	1	1	1	308.33	192.533	133.882	-35.1576	254.095	342.614	308.498	246.827	192.533	134.153	46.7392	-35.1576	253.999	288.369	342.614	4.54838	13	0	68.7403	93.1665	-2.06859	292.289	93.1665	-2.06859	292.289	
11797	9150	285.789	659.16	285.781	110.312	107.959	-0.767524	0	0	0	0	0	230.317	93.6973	133.183	-65.1642	-818.8	-672.852	230.317	169.521	93.6973	133.183	23.6209	-65.1642	-818.8	-750.174	-672.852	7.83328	9	0	70.4951	-999999	-999999	-999999	-999999	-999999	-999999	
11786	5223	244.321	693.977	243.267	-99999	-20.748	-0.802477	1	1	1	1	1	167.403	74.0792	134.215	-48.0189	473.346	599.93	167.427	118.064	73.8707	134.215	39.612	-48.2479	473.346	532.701	600.921	36.346	17	0	194.862	-20.7217	-8.81411	562.634	-20.7217	-8.81411	562.634	
11775	4008	318.873	783.41	316.968	55.5468	54.341	-0.917464	1	1	1	1	1	228.045	173.009	131.709	-161.747	620.24	725.178	228.153	198.447	172.777	132.138	-13.9197	-163.073	620.083	676.499	725.649	4.48982	17	0	102.151	54.3719	-29.4046	672.609	54.3719	-29.4046	672.609	
11772	2051	170.654	429.015	169.504	-99999	106.054	-0.783868	1	1	1	1	1	63.831	166.607	-36.9632	-171.394	-124.982	-115.202	63.2105	115.136	166.695	-36.3391	-103.869	-171.673	-125.024	-120.14	-115.183	5.98322	7	0	61.574	106.081	-51.4561	-118.22	106.081	-51.4561	-118.22	
11761	6105	21.7655	78.3811	20.4595	-99999	-0.071	-0.856125	1	1	1	0	0	187.717	175.141	134.146	118.131	861.086	861.785	187.717	181.668	174.175	134.146	125.115	117.254	861.086	861.4	861.826	5.17019	7	0	77.9555	-0.0452458	31.2275	722.489	-0.0452458	31.2275	722.489	
11761	8895	323.139	712.06	298.935	-99999	103.516	-0.953573	1	1	1	1	1	235.018	285.588	132.671	-153.961	-184.777	-252.425	267.344	294.587	322.328	133.047	-21.3589	-176.878	-184.716	-223.616	-255.793	5.24346	7	0	55.7013	103.546	-31.2309	-227.512	103.546	-31.2309	-227.512	
11797	14088	29.9726	79.4814	29.6214	-99999	78.892	-0.605291	0	0	0	0	0	191.41	167.837	132.338	116.775	10.8446	19.5176	191.574	180.054	167.747	132.546	123.969	116.775	10.754	15.0066	19.5176	6.75716	11	0	55.7188	49.1974	-21.9745	580.429	49.1974	-21.9745	580.429	
11786	24505	109.84	425.867	109.839	-99999	-5.908	-0.421726	1	1	1	1	1	63.2488	153.486	46.069	0.283175	-795.233	-752.924	63.2556	109.134	153.493	46.069	23.8835	0.283175	-795.233	-774.841	-752.924	6.73612	13	0	195.263	-5.92588	-25.5128	-718.62	58.9641	-14.07	-764.932	
11789	23708	359.806	965.147	358.564	37.5251	35.352	-0.845959	1	1	1	1	1	240.755	104.463	132.583	-137.462	-719.739	-533.921	241.146	173.044	104.44	133.566	-13.4553	-137.517	-720.211	-642.602	-533.883	4.49081	13	0	83.6755	35.3915	-41.4192	-602.103	35.3915	-41.4192	-602.103	
11789	9103	164.316	1936.27	163.758	72.1998	76.476	-0.701995	1	1	1	1	1	236.478	141.705	133.413	20.203	81.8388	152.221	236.766	189.04	141.705	133.788	77.5792	20.203	81.5991	117.541	152.221	5.18139	12	0	67.1147	76.5104	10.7779	138.652	76.5104	10.7779	138.652	
11797	28185	236.359	573.256	235.518	-99999	4.243	-0.696184	1	1	1	1	1	62.0233	177.425	28.6579	-144.005	-500.954	-393.165	62.0184	127.396	177.56	28.6579	-57.4887	-144.677	-500.954	-453.597	-392.688	6.10614	14	0	88.5877	4.26486	-14.3837	-471.76	4.26486	-14.3837	-471.76	
11797	10263	28.9023	91.8082	28.0133	-99999	104.139	-0.552938	0	0	0	0	0	233.051	244.991	133.805	118.848	-620.057	-640.472	265.579	271.911	277.888	133.897	125.851	118.554	-619.941	-630.137	-641.063	9.01762	14	0	75.7044	81.1282	35.8796	-417.728	81.1282	35.8796	-417.728	
11795	23232	164.94	359.043	163.632	36.7588	34.722	-0.916544	1	1	1	1	1	189.751	260.629	132.883	-11.7289	374.902	352.498	189.342	223.9	260.746	133.849	59.2013	-11.9265	374.973	370.904	352.428	4.14283	9	0	52.8672	34.7428	-15.0264	352.505	50.6328	18.6818	357.266	
11782	12765	75.1091	281.338	74.5146	-99999	92.12	-0.841653	1	1	1	1	1	167.47	128.648	132.066	68.5213	-711.187	-708.942	167.45	147.718	128.363	132.196	100.263	68.1224	-711.192	-710.12	-708.957	30.5751	9	0	156.252	92.134	9.81544	-707.505	92.134	9.81544	-707.505	
11773	1026	124.735	313.982	124.252	-99999	93.097	-0.854877	1	1	1	0	0	170.526	194.776	132.33	36.7072	766.67	840.569	170.419	180.232	194.872	132.33	81.0403	36.519	766.67	800.695	840.962	5.91485	14	0	79.2632	93.1323	21.1621	778.987	93.1323	21.1621	778.987	
11786	24839	314.866	849.357	314.707	-99999	42.66	-0.774764	1	1	1	1	1	197.114	343.709	125.906	-128.744	416.189	303.827	210.458	284.656	357.124	125.931	-0.826202	-128.844	416.203	359.78	303.781	4.39509	10	0	100.901	42.24	-28.4186	176.947	42.24	-28.4186	176.947	
11776	983	213.984	483.022	213.768	-99999	64.332	-0.978558	1	1	1	1	1	98.2967	115.628	133.225	-74.6486	488.583	533.217	98.2176	111.514	115.562	133.314	29.1081	-74.7627	488.564	508.568	533.231	4.04449	11	0	78.0343	64.3458	-16.7946	526.83	64.3458	-16.7946	526.83	
11797	3299	208.096	388.856	207.025	-928.188	13.982	-0.913075	0	0	0	0	0	257.433	203.897	132.224	-60.1251	814.667	866.975	257.747	226.942	203.897	133.191	38.1048	-60.1251	814.375	843.205	866.975	4.37157	10	0	60.9106	14.0149	55.1934	812.111	14.0149	55.1934	812.111	
11795	23234	168.847	408.339	168.142	-99999	-35.943	-0.798571	1	1	1	1	1	180.769	139.673	132.249	-6.82453	-579.173	-495.56	181.046	155.92	139.714	132.807	63.5804	-6.82453	-579.525	-538.307	-495.56	6.6229	12	0	99.3324	-35.9187	2.03571	-521.057	-35.9187	2.03571	-521.057	
11776	209	217.928	575.863	217.743	-99999	75.346	-0.958929	1	1	1	1	1	241.051	198.015	133.071	-73.9859	844.862	793.071	252.919	231.526	209.855	133.246	29.5646	-73.9859	844.902	819.126	793.071	6.4185	11	0	40.0042	75.3709	-6.40327	486.049	75.3709	-6.40327	486.049	
11789	25120	295.4	613.775	294.333	-742.268	-30.594	-0.917589	0	0	0	0	0	295.996	175.923	132.381	-131.363	693.674	740.473	296.183	236.123	175.789	132.968	1.10099	-131.762	693.519	721.1	740.444	10.4069	6	0	111.189	-15.184	-102.435	158.948	-15.184	-102.435	158.948	
11797	90233	48.9823	134.551	48.5607	-99999	83.073	-0.852329	1	1	0	0	0	316.197	333.372	134.047	93.4291	-679.271	-699.286	342.21	350.867	359.556	134.047	113.468	93.0995	-679.271	-689.25	-699.431	7.8975	13	0	72.8723	83.0965	35.2254	-718.753	83.0965	35.2254	-718.753	
11786	6583	184.123	419.695	182.444	-99999	64.184	-0.959396	1	1	1	1	0	237.199	277.454	132.607	-44.1873	239.047	249.87	257.096	278.128	297.858	133.336	44.3605	-45.0468	238.969	249.54	249.829	5.48174	8	0	76.6264	65.8678	-35.3016	-314.66	65.8678	-35.3016	-314.66	
11795	4749	334.023	830.645	332.882	-99999	65.818	-0.597117	1	1	1	1	1	253.247	337.933	62.5555	-135.862	-894.797	-641.923	273.71	316.651	358.473	62.8977	-37.7225	-135.98	-895.232	-769.046	-641.385	23.8674	11	0	171.458	65.8375	-70.8131	-710.962	65.8375	-70.8131	-710.962	
11795	2435	289.21	184.846	250.804	-99999	-16.091	-0.731963	1	1	1	1	1	245.565	80.0941	132.883	-38.437	449.546	526.173	245.82	150.531	62.1305	133.208	32.8317	-62.1663	449.421	489.786	536.318	5.03683	7	0	30.1359	-16.0631	-21.3873	512.568	-16.0631	-21.3873	512.568	
11781	3093	364.938	949.233	364.936	-99999	55.607	-0.788293	1	1	1	1	1	205.901	341.638	133.261	-162.52	208.595	43.6523	223.314	288.683	359.051	133.261	-14.9771	-162.52	208.595	124.699	43.6523	4.13068	13	0	46.7101	58.4941	-11.3253	-804.112	89.9541	-35.4219	239.557	
11797	51641	246.627	576.237	246.412	-99999	106.719	-0.909088	0	0	0	0	0	256.995	185.493	133.452	-82.4612	167.14	79.0952	290.425	252.493	218.912	133.521	22.5869	-82.4612	167.17	130.08	79.0952	7.54469	11	0	69.2477	-999999	-999999	-999999	-999999	-999999	-999999	
11774	6693	35.8193	115.377	34.8957	-99999	91.494	-0.97492	1	0	0	0	0	267.48	271.054	133.488	99.0605	751.853	753.394	296.13	298.092	299.813	133.488	115.793	98.3257	751.853	751.831	753.279	5.56863	8	0	74.1555	91.5119	40.671	754.063	91.5119	40.671	754.063	
11789	15821	189.925	2036.74	189.847	17.434	33.519	-0.620985	1	1	1	1	1	64.3551	216.761	73.7108	-34.5819	-817.82	-790.176	64.3551	141.746	216.761	73.7108	20.327	-34.5819	-817.82	-804.699	-790.176	6.77836	86	0	1458.31	33.5549	-38.0186	-748.957	33.5549	-38.0186	-748.957	
11789	16181	264.54	748.436	262.833	-99999	20.148	-0.746835	1	1	1	1	1	245.501	271.728	73.3586	-107.182	-894.705	-709.241	251.72	262.597	278.138	74.1939	-24.0464	-107.412	-895.436	-807.598	-708.746	11.0006	9	0	164.682	20.1766	-38.3113	-748.357	20.1766	-38.3113	-748.357	
11775	1207	191.252	407.858	189.631	-17.5549	-19.903	-0.863151	1	1	1	1	1	232.521	129.087	132.993	-14.0899	-852.271	-802.791	232.579	191.734	128.094	133.11	51.5079	-14.9231	-852.308	-824.035	-802.094	6.92997	9	0	74.701	-19.8674	-2.76647	-779.547	-19.8674	-2.76647	-779.547	
11797	45460	300.814	710.799	300.758	39.7691	38.602	-0.514896	1	1	1	1	1	314.328	116.504	132.479	-43.6688	-440.622	-301.311	314.357	218.658	116.504	132.504	46.562	-43.6688	-440.65	-363.087	-301.311	4.72886	10	0	67.3886	38.6248	-4.7548	-350.777	38.6248	-4.7548	-350.777	
11795	12479	181.931	411.734	181.74	-99999	14.496	-0.972078	1	1	1	1	1	174.789	193.278	127.783	-50.853	659.644	681.601	174.772	179.318	193.329	127.783	37.8066	-51.0158	659.644	669.934	681.636	5.73049	10	0	72.1466	14.5305	-4.33679	666.361	14.5305	-4.33679	666.361	
11797	15068	167.385	398.075	167.232	-99999	-34.584	-0.989096	1	1	1	1	1	273.181	264.314	131.456	-33.6957	624.636	602.581	262.351	259.389	253.441	131.456	48.6532	-33.8264	624.636	613.191	602.565	6.05261	10	0	81.785	-39.1172	-21.7775	583.031	-39.1172	-21.7775	583.031	
11782	12858	276.238	624.426	276.001	-99999	54.026	-0.888995	1	1	1	1	1	341.206	224.998	134.651	-115.38	-353.78	-350.21	358.229	298.977	241.915	134.859	10.1893	-115.38	-353.78	-353.163	-350.21	4.97116	9	0	78.0838	54.0545	-2.33619	-358.985	54.0545	-2.33619	-358.985	
11797	96854	45.0942	139.301	44.9101	-99999	100.423	-0.78584	0	0	0	0	0	147.924	164.794	133.219	98.6546	177.367	200.454	147.753	155.609	164.687	133.344	115.801	98.6386	177.286	189.066	200.468	5.71458	15	0	77.9117	19.4814	-24.5579	-140.399	19.4814	-24.5579	-140.399	
11780	14589	302.251	608.522	301.113	-99999	64.599	-0.832776	1	1	1	1	1	67.9413	139.211	133.626	-104.846	-56.2755	107.755	67.6875	118.031	139.153	134.175	12.1199	-104.946	-56.577	16.6243	107.871	5.02753	15	0	42.8142	67.5852	-28.9837	-468.996	67.5852	-28.9837	-468.996	
11786	18257	244.564	515.023	243.001	-916.306	89.261	-0.776737	0	0	0	0	0	223.572	151.739	131.808	-51.4654	-510.161	-367.734	223.952	187.735	151.739	133.024	41.0514	-51.4654	-511.059	-439.12	-367.734	4.49652	15	0	38.4804	69.9213	0.90215	-329.793	69.9213	0.90215	-329.793	
11781	2996	54.0606	148.284	53.5135	-99999	10.207	-0.979224	1	1	0	0	0	147.96	157.176	133.313	81.1903	53.3935	59.7492	147.869	153.314	157.163	133.786	107.442	81.169	53.3657	55.9259	59.7565	5.76802	12	0	75.9576	10.2316	34.3099	51.9649	10.2316	34.3099	51.9649	
11797	69339	41.6819	134.982	41.1709	-99999	64.365	-0.605469	1	1	1	1	1	181.477	154.286	132.94	108.983	-701.079	-681.562	181.75	168.093	154.212	133.25	120.949	108.983	-701.29	-691.477	-681.562	4.69301	9	0	79.1509	64.3952	29.0438	-640.831	9.63524	61.044	-765.768	
11797	16144	196.997	464.82	196.293	-99999	41.169	-0.548221	1	1	1	1	1	67.7938	217.284	56.5157	-57.8324	-135.968	-81.5279	60.7627	138.434	210.815	56.9028	1.49571	-57.8324	-136.132	-112.033	-81.5279	6.38875	9	0	51.3667	41.199	-10.5433	-98.8349	41.199	-10.5433	-98.8349	
11797	17764	147.473	364.082	147.408	-99999	59.078	-0.749266	1	1	0	0	0	191.243	99.1053	133.505	30.9042	-851.131	-801.512	191.213	149.13	99.0378	133.552	78.6845	30.9042	-851.149	-825.571	-801.512	6.81685	9	0	69.4964	59.1079	23.6061	-777.837	9.29786	26.4963	-808.379	
11795	1636	273.793	668.676	271.776	-99999	55.701	-0.952149	1	1	1	1	1	79.0657	116.321	132.669	-130.891	96.5006	147.613	78.9506	96.9634	116.935	133.092	-0.337116	-132.276	96.3668	120.027	147.855	4.20193	7	0	68.5909	55.715	-18.1069	127.932	55.715	-18.1069	127.932	
11797	46758	41.9494	91.6214	41.6573	-99999	78.049	-0.834075	0	0	0	0	0	310.994	333.543	134.075	99.343	-199.078	-203.594	335.434	346.708	358.148	134.075	116.532	99.1035	-199.078	-201.325	-203.622	5.36035	6	0	44.5633	78.066	73.4829	-213.411	78.066	73.4829	-213.411	
11786	14844	120.534	281.669	120.402	-99999	28.035	-0.436847	1	0	0	0	0	271.793	263.269	126.177	75.2177	-883.348	-775.382	280.572	277.716	272.032	126.182	98.5721	75.2055	-883.359	-829.983	-775.282	5.06192	6	0	74.8966	28.057	39.0816	-778.103	28.057	39.0816	-778.103	
11789	18425	215.236	457.239	214.079	-99999	94.372	-0.910038	1	1	1	1	1	168.626	166.521	132.973	-57.0877	641.218	727.546	168.518	161.916	166.413	132.973	36.5795	-57.0877	641.218	687.337	727.546	4.63743	10	0	73.0188	94.4047	-7.8999	691.698	94.4047	-7.8999	691.698	
11797	6475	362.84	1785.27	362.821	-99999	34.494	-0.779262	1	1	1	1	1	158.812	120.968	131.963	-167.293	-85.4158	115.904	158.773	140.112	120.928	131.963	-18.0969	-167.293	-85.4158	14.5327	115.904	13.2501	14	0	84.2158	34.5254	-15.1109	11.4823	34.5254	-15.1109	11.4823	
11789	20276	243.527	1250.5	243.059	33.2913	32.542	-0.861999	1	1	1	1	1	253.321	179.6	133.331	-66.8568	-202.729	-87.6393	253.375	219.891	179.493	133.529	29.9052	-67.022	-202.83	-148.46	-87.5262	5.78522	13	0	72.695	32.5686	-6.00241	-138.128	32.5686	-6.00241	-138.128	
11782	7537	324.342	1362.14	323.391	-99999	-2.53	-0.679767	1	1	1	1	1	296.585	91.2037	133.59	-75.4995	-369.128	-232.665	297.124	194.052	91.2037	134.244	29.5892	-75.4995	-369.555	-300.893	-232.665	7.66149	12	0	123.018	-2.51636	-39.4313	-258.469	-2.51636	-39.4313	-258.469	
11786	23749	236.194	627.812	236.168	-99999	21.737	-0.815174	1	1	1	1	1	350.159	251.367	-94.0273	94.0743	-233.139	-130.085	258.174	307.016	356.976	94.0743	-0.451383	-94.0452	-130.085	-181.309	-233.148	4.59205	613	0	627.812	21.7612	-20.5201	-185.304	21.7612	-20.5201	-185.304	
11772	5902	113.865	285.006	113.561	-99999	13.442	-0.94213	1	1	1	1	0	157.673	122.203	132.295	29.0845	677.839	708.078	157.686	141.329	122.087	132.392	79.6688	28.9146	677.82	691.552	708.096	5.81723	8	0	72.186	13.4662	19.7068	688.349	13.4662	19.7068	688.349	
11797	60408	28.2416	103.699	27.6152	-99999	17.038	-0.847707	0	0	0	0	0	78.3484	79.5652	134.022	110.648	707.794	722.107	78.3289	78.7754	79.6865	134.022	122.537	110.086	707.794	715.902	722.182	5.08185	13	0	84.1802	17.0721	54.4532	735.388	17.0721	54.4532	735.388	
11786	21328	461.644	1113.18	461.336	-99999	102.529	-0.638028	0	0	0	0	0	190.443	326.976	132.689	-163.976	-227.592	98.1562	222.463	290.523	359.098	132.847	-17.4416	-164.009	-227.764	-66.3687	98.1945	4.21369	6	0	52.6219	37.1399	-35.9949	-39.4466	37.1399	-35.9949	-39.4466	
11789	9432	23.3328	61.0287	23.0526	-99999	111.168	-0.534125	0	0	0	0	0	201.361	192.266	132.736	121.02	-593.123	-610.763	218.831	214.405	209.621	132.736	126.689	120.879	-593.123	-602.062	-610.975	4.6704	14	0	48.5947	-20.1263	-6.96579	-133.987	-20.1263	-6.96579	-133.987	
11789	11862	354.726	956.742	329.794	-99999	46.111	-0.522401	1	1	1	1	1	258.269	327.791	130.665	-45.2997	-674.232	-404.377	272.671	309.563	346.316	130.756	34.4395	-65.805	-674.376	-530.103	-392.995	5.93329	6	0	138.698	46.1382	-35.6797	-439.509	46.1382	-35.6797	-439.509	
11786	18778	172.873	380.274	169.217	-99999	46.444	-0.917752	1	1	1	1	1	140.734	216.984	133.098	-13.8173	530.703	509.697	133.055	166.199	211.498	134.118	55.9218	-15.527	530.918	515.102	510.194	5.75713	7	0	70.1596	54.2923	-8.6691	-770.035	54.2923	-8.6691	-770.035	
11780	17935	296.928	695.768	296.763	-99999	70.923	-0.91634	1	1	1	1	1	303.423	190.921	133.986	-124.439	-407.701	-496.571	325.632	275.726	213.072	133.986	0.934734	-124.584	-407.701	-449.954	-496.605	8.97186	9	0	78.4531	70.9486	-1.53952	-445.989	70.9486	-1.53952	-445.989	
11780	19825	386.136	950.705	386.129	-99999	30.058	-0.777865	1	1	1	1	1	133.928	75.029	133.749	-170.16	-124.645	104.969	133.894	107.628	74.9946	133.749	-17.2195	-170.16	-124.645	-7.40149	104.969	8.69083	27	0	106.145	30.086	-25.6813	1.41146	30.086	-25.6813	1.41146	
11795	229	287.264	681.049	283.898	-99999	89.275	-0.604848	1	1	1	1	1	172.547	224.47	132.942	-37.186	87.5175	308.704	157.888	184.347	210.441	134.976	48.7117	-37.186	84.916	196.659	308.704	4.13816	14	0	48.9116	89.3275	-21.8513	296.977	89.3275	-21.8513	296.977	
11789	14897	153.035	395.431	150.757	-516.235	13.04	-0.852066	0	0	0	0	0	259.315	203.262	133.358	-3.80181	608.8	591.305	259.429	225.949	202.115	133.57	66.2268	-5.27393	608.841	597.146	591.871	9.55483	18	0	113.305	39.0847	-24.7432	-228.657	39.0847	-24.7432	-228.657	
11789	15916	293.155	860.163	293.088	-99999	35.155	-0.830205	1	1	1	1	1	89.4737	216.26	117.494	-125.87	-888.746	-785.848	83.921	147.662	210.736	117.548	-3.96528	-125.87	-888.768	-837.24	-785.848	12.4724	11	0	172.375	35.1605	-15.9662	-785.397	35.1605	-15.9662	-785.397	
11772	6091	207.711	483.229	207.707	-99999	69.082	-0.732543	1	1	1	1	1	187.582	122.847	133.547	-30.1281	-138.755	-29.726	187.503	150.992	122.768	133.547	52.2258	-30.1281	-138.755	-85.5811	-29.726	4.9048	12	0	80.3191	69.1197	4.72283	-71.6411	69.1197	4.72283	-71.6411	
11780	379	102.554	346.214	99.6865	-99999	-32.213	-0.780742	1	1	1	1	1	140.616	80.4687	133.032	54.8917	375.946	390.009	140.929	110.336	79.0275	133.375	92.756	53.1103	375.893	382.474	390.719	4.67563	7	0	103.894	-32.2	35.4315	368.84	-32.2	35.4315	368.84	
11780	20385	174.329	411.342	174.325	-99999	21.196	-0.947662	1	1	1	0	0	84.2363	124.67	133.42	-20.1819	741.615	810.473	84.2121	102.293	124.645	133.42	53.4696	-20.1819	741.615	770.641	810.473	4.97122	14	0	70.8689	21.2165	22.3034	772.762	21.2165	22.3034	772.762	
11797	98839	63.3391	167.088	61.5685	-99999	-43.969	-0.948712	1	0	0	0	0	90.1024	78.5223	133.401	73.8297	436.953	445.709	90.2333	83.4357	78.3796	133.659	103.125	72.3979	436.925	441.085	445.655	6.00377	8	0	75.4244	-43.6389	6.53085	-570.538	-43.6389	6.53085	-570.538	
11774	6386	226.827	497.278	225.256	112.693	111.624	-0.926658	1	1	1	1	1	215.203	204.548	131.323	-80.6486	-724.464	-650.942	215.203	211.075	204.367	131.323	23.7782	-81.9536	-724.464	-690.228	-650.454	6.11087	9	0	74.0665	111.664	-15.6776	-667.652	111.664	-15.6776	-667.652	
11786	13978	68.0392	169.263	67.9302	-99999	101.94	-0.230161	0	0	0	0	0	310.413	327.45	134.068	118.768	712.028	775.946	342.335	351.174	359.397	134.068	126.21	118.756	712.028	743.909	776.05	4.21837	12	0	52.6616	92.5369	-33.3273	199.972	92.5369	-33.3273	199.972	
11789	10487	487.205	1050.1	487.183	-99999	106.626	-0.54352	0	0	0	0	0	176.256	153.306	133.818	-101.015	-835.051	-412.704	176.134	169.21	153.184	133.818	30.1459	-101.015	-835.051	-615.637	-412.704	5.79021	14	0	83.7842	82.8452	-19.4708	107.726	82.8452	-19.4708	107.726	
11780	16331	185.185	445.654	184.786	-99999	-39.614	-0.940772	1	1	1	1	1	123.45	173.986	134.135	-34.3611	-650.91	-596.684	123.495	146.478	174.172	134.135	49.1156	-34.7255	-650.91	-622.776	-596.634	8.26815	8	0	74.7866	-39.6024	6.22253	-612.409	-39.6024	6.22253	-612.409	
11780	17321	254.435	563.956	253.605	-99999	72.626	-0.984504	1	1	1	1	1	87.602	115.335	132.615	-116.703	677.873	703.097	87.3817	102.92	115.252	133.425	7.39936	-116.703	677.828	681.162	703.097	5.13359	14	0	72.2688	72.6501	-22.3312	689.102	72.6501	-22.3312	689.102	
11795	257	378.762	837.46	364.132	111.75	111.157	-0.850638	0	0	0	0	0	184.095	253.261	131.625	-167.878	-521.816	-716.864	183.785	219.714	255.849	133.272	-21.8333	-179.159	-520.848	-623.351	-721.943	4.67923	11	0	43.7009	81.9356	-39.2488	600.615	59.7656	-21.6318	370.889	
11789	3286	131.952	267.251	131.202	-99999	85.599	-0.75571	1	1	1	1	1	188.337	169.494	131.285	26.3632	198.704	272.054	188.239	171.327	169.527	131.285	81.3529	25.821	198.704	238.307	272.506	5.04317	14	0	61.9953	85.6285	13.0911	251.113	85.6285	13.0911	251.113	
11797	999	312.581	607.487	312.526	-99999	-41.743	-0.585479	1	1	1	1	1	169.988	121.732	131.47	-50.6379	-674.583	-428.052	170.035	158.222	121.778	131.47	39.9938	-50.6419	-674.583	-548.729	-428.046	6.26033	12	0	70.9143	-41.7109	-7.42706	-509.562	-41.7109	-7.42706	-509.562	
11797	35103	118.37	385.704	104.657	-99999	1.225	-0.492196	1	1	1	1	1	62.6258	151.925	31.1556	-19.7292	138.68	158.343	62.1804	112.588	162.381	31.4132	2.50455	-26.5021	138.577	149.788	162.642	4.12	18	0	126.673	1.20725	-42.9689	181.741	1.20725	-42.9689	181.741	
11772	629	232.104	848.795	231.861	-99999	1.475	-0.993381	1	1	1	1	1	308.578	297.669	133.076	-95.6877	-186.959	-161.908	309.048	301.592	298.13	133.173	18.2337	-95.6877	-186.966	-175.54	-161.908	256.215	16	0	378.834	1.49689	-8.76559	-179.475	1.49689	-8.76559	-179.475	
11772	3059	123.583	302.655	123.499	-99999	93.243	-0.937314	1	1	1	1	0	263.219	256.878	134.134	18.2721	-100.213	-58.9222	292.417	287.572	286.08	134.134	76.5686	18.2112	-100.213	-78.4171	-58.9097	7.62513	6	0	59.921	93.2694	18.264	-74.8866	93.2694	18.264	-74.8866	
11781	840	238.087	33014.6	238.079	-99999	101.524	-0.817027	0	0	0	0	0	205.205	109.735	133.374	-64.7472	-682.105	-592.012	205.088	157.035	109.619	133.374	34.8223	-64.7472	-682.105	-635.808	-592.012	7.69904	13	0	32448.4	64.3376	47.6471	-459.468	64.3376	47.6471	-459.468	
11797	83932	443.023	1800.04	438.975	-99999	65.737	-0.811215	1	1	1	1	1	317.059	321.376	129.273	-168.717	-264.865	-585.249	337.544	340.123	341.965	132.156	-18.9196	-168.91	-262.807	-424.144	-585.665	6.09499	15	0	529.841	65.7667	-33.0247	-530.475	65.7667	-33.0247	-530.475	
11786	11381	258.049	582.297	256.584	-99999	83.565	-0.937851	1	1	1	1	1	178.824	124.044	131.948	-110.764	13.5009	57.8287	179.233	140.666	123.948	133.313	10.7944	-110.764	13.4081	24.8974	57.8287	7.23509	10	0	65.357	83.5862	-22.6832	31.4045	83.5862	-22.6832	31.4045	
11797	42516	756.339	2765.9	751.328	30.8714	30.329	-0.182654	1	1	1	1	1	95.6583	271.58	133.682	-17.2545	-161.69	-875.774	95.6356	184.758	271.923	133.712	55.4545	-17.4985	-161.525	-520.568	-880.567	14.6293	12	0	394.892	30.4148	8.79802	-523.539	30.4148	8.79802	-523.539	
11797	43506	146.425	423.54	140.76	-99999	100.881	-0.987922	0	0	0	0	0	145.221	140.471	129.706	-10.4541	-299.686	-307.989	145.266	141.601	139.904	132.301	59.3677	-13.3863	-299.308	-303.715	-308.465	20.5166	6	0	161.44	55.8695	-35.9628	-506.85	55.8695	-35.9628	-506.85	
11797	64189	404.764	572.715	353.168	-99999	85.254	-0.779973	1	1	1	1	1	79.7015	192.369	133.803	-140.105	849.344	657.078	79.2078	144.03	207.888	134.784	-22.5936	-178.936	850.029	740.547	629.274	5.97986	10	0	82.3844	85.284	-20.6174	714.508	85.284	-20.6174	714.508	
11786	12398	174.216	514.094	172.422	-99999	60.333	-0.977602	1	1	1	1	1	307.628	339.714	134.036	-35.3221	10.1294	12.3723	326.46	342.241	358.921	134.294	48.6329	-36.7918	10.13	10.3452	12.6387	4.98628	7	0	52.6768	60.3529	-0.0314469	15.8557	60.3529	-0.0314469	15.8557	
11786	30293	206.897	506.104	206.86	60.4722	58.719	-0.882652	1	1	1	1	1	289.823	174.185	133.622	-35.6059	268.779	289.181	289.837	231.473	174.185	133.649	48.4347	-35.6059	268.775	273.122	289.181	6.54872	11	0	82.5312	63.7822	-21.1974	544.22	63.7822	-21.1974	544.22	
11797	64985	135.163	284.527	134.285	-99999	-39.026	-0.897993	1	1	1	0	0	150.668	163.225	131.431	9.13688	469.841	521.658	150.713	160.438	163.164	131.431	70.3461	8.33283	469.841	496.99	521.95	6.0967	12	0	88.4615	-38.9971	9.64852	508.201	-38.9971	9.64852	508.201	
11797	66785	147.362	362.19	147.361	-99999	-16.996	-0.853427	1	1	1	1	1	64.6177	130.877	31.84	-92.711	-511.738	-469.225	64.6372	97.9966	130.896	31.84	-30.3998	-92.711	-511.738	-490.721	-469.225	4.56202	11	0	67.2648	-16.9824	-13.7017	-493.4	-16.9824	-13.7017	-493.4	
11797	39491	210.795	420.062	203.828	-99999	98.618	-0.998087	1	1	1	1	1	301.091	319.404	126.683	-15.9207	405.203	542.988	331.917	335.282	350.639	130.57	57.1677	-17.2565	405.426	472.056	544.494	5.22969	7	0	75.7208	98.6468	-12.1073	480.814	98.6468	-12.1073	480.814	
11786	23740	321.158	715.569	321.154	-99999	-36.753	-0.745732	1	1	1	1	1	95.7877	169.815	133.657	-86.7395	-752.317	-533.086	95.8297	124.471	169.857	133.657	20.3929	-86.7395	-752.317	-642.325	-533.086	8.47771	15	0	68.0311	-36.7145	-11.5961	-618.802	-36.7145	-11.5961	-618.802	
11774	9016	165.1	407.695	164.754	61.675	60.375	-0.788194	1	1	1	1	1	204.026	309.603	132.932	12.6265	-466.523	-435.027	203.994	255.066	309.776	132.981	72.7193	12.416	-466.543	-442.927	-435.057	4.90179	8	0	66.5919	60.4021	11.2936	-440.022	60.4021	11.2936	-440.022	
11773	155	363.799	855.366	363.794	-99999	103.051	-0.621076	1	1	1	1	1	161.177	123.23	133.777	-81.0848	-684.315	-394.738	161.06	150.215	123.112	133.777	30.4265	-81.0848	-684.315	-535.251	-394.738	4.95757	15	0	79.0591	103.08	-13.4673	-497.461	103.08	-13.4673	-497.461	
11789	498	52.4078	153.407	51.0709	-99999	19.437	-0.980655	0	0	0	0	0	76.1576	72.6299	133.686	83.1463	803.991	807.163	76.1596	72.9584	72.5698	133.918	108.07	82.2453	803.942	806.45	807.58	4.27177	10	0	75.4741	19.4555	75.1511	808.114	19.4555	75.1511	808.114	
11786	27290	125.818	296.964	125.722	-99999	33.373	-0.931613	1	1	1	1	0	232.919	276.023	125.239	11.4583	-331.698	-354.54	243.37	262.278	286.53	125.239	68.1175	11.3886	-331.698	-349.854	-354.541	11.3073	7	0	74.6842	33.3889	20.7008	-408.087	33.3889	20.7008	-408.087	
11789	15573	241.391	615.996	241.065	84.8687	82.938	-0.783414	1	1	1	1	1	324.377	185.185	133.768	-43.7528	680.797	762.145	324.536	260.231	185.185	134.007	40.0416	-43.7528	680.697	720.542	762.145	4.70525	6	0	66.1956	82.9677	-7.32076	711.325	82.9677	-7.32076	711.325	
11797	60207	104.551	284.857	103.867	-99999	95.306	-0.477596	1	1	1	1	1	144.517	225.929	133.218	82.766	210.056	250.196	129.492	170.488	211.412	133.247	108.036	82.4206	210.03	230.427	250.43	5.64122	8	0	42.9149	95.3503	6.2961	284.826	95.3503	6.2961	284.826	
11786	21211	164.316	377.361	163.897	19.0312	17.986	-0.637299	1	1	1	1	1	172.619	253.524	133.13	32.1984	169.023	268.83	172.494	212.037	253.562	133.331	82.4169	32.1449	168.821	219.719	268.906	4.52427	6	0	69.6027	18.0365	9.81835	230.215	18.0365	9.81835	230.215	
11797	80535	173.532	385.136	171.83	35.7179	35.027	-0.90348	1	1	1	1	1	233.066	194.537	131.632	-24.3716	-321.587	-261.649	233.426	213.187	194.537	133.165	55.3454	-24.3716	-322.22	-289.77	-261.649	7.51234	8	0	74.6336	35.0548	2.19005	-282.103	35.0548	2.19005	-282.103	
11797	54522	190.64	588.814	189.61	-468.74	44.61	-0.845453	0	0	0	0	0	121.732	220.323	134.019	-11.9528	494.221	426.368	121.616	166.051	220.713	134.245	56.5219	-12.581	494.305	461.848	426.218	4.405	10	0	65.5965	-5.19619	-15.0669	-636.16	-5.19619	-15.0669	-636.16	
11780	21775	235.188	4350.46	235.066	-99999	-35.002	-0.876073	1	1	1	1	1	338.222	228.061	132.888	-74.5235	-216.991	-226.644	327.319	271.902	217.101	132.994	29.3786	-74.5235	-216.986	-221.552	-226.644	176.072	10	0	3885.78	-34.9745	-26.3726	-228.878	-34.9745	-26.3726	-228.878	
11786	20718	234.455	534.238	234.27	84.3434	83.277	-0.972387	1	1	1	1	1	194.086	254.058	132.71	-88.3002	568.088	525.289	194.07	216.544	254.058	132.885	19.9809	-88.3002	568.126	546.494	525.289	6.17356	11	0	75.706	83.3102	-15.2468	539.665	83.3102	-15.2468	539.665	
11795	28720	288.872	684.293	288.87	-99999	96.72	-0.711614	1	1	1	1	1	183.882	328.56	132.88	-80.6978	-189.741	-319.324	214.169	288.26	358.847	132.88	27.119	-80.6978	-189.741	-254.319	-319.324	4.33064	16	0	42.3533	96.7438	-70.1495	-322.543	96.7438	-70.1495	-322.543	
11789	20187	102.48	274.552	88.1137	-99999	0.011	-0.936082	1	1	0	0	0	239.121	247.964	132.763	57.0682	-40.2625	-12.5783	238.942	252.436	243.896	133.369	85.2352	57.1373	-40.4271	-29.6287	0.00920111	10.184	25	0	115.928	0.0296465	27.0676	-26.5859	0.0296465	27.0676	-26.5859	
11797	63987	200.81	457.211	200.548	-99999	44.633	-0.966543	1	1	1	1	1	160.424	109.113	133.756	-55.5156	-149.64	-123.359	160.374	144.097	108.907	133.761	35.979	-55.7125	-149.641	-134.066	-123.336	4.04843	7	0	69.019	44.6543	-8.90454	-124.046	44.6543	-8.90454	-124.046	
11786	5565	338.67	768.114	336.722	-99999	105.048	-0.920743	0	0	0	0	0	181.575	320.975	132.224	-164.834	683.237	750.453	213.985	277.5	353.987	133.364	-21.0005	-165.509	683.139	711.196	750.563	4.08034	11	0	93.5991	45.6996	-37.0043	332.784	45.6996	-37.0043	332.784	
11786	7725	93.1626	242.333	91.7165	-99999	-11.31	-0.915026	1	1	0	0	0	195.544	160.538	131.67	50.9559	-452.478	-429.128	196.11	179.041	160.551	132.99	90.2692	50.9559	-452.673	-445.402	-429.128	6.10467	11	0	87.6887	-11.273	22.1764	-442.042	-11.273	22.1764	-442.042	
11795	28896	288.528	629.122	287.457	102.916	102.145	-0.477614	0	0	0	0	0	304.433	156.062	132.258	15.6485	463.262	678.806	304.578	234.046	155.744	132.421	76.619	15.2193	462.999	575.55	679.296	4.07777	15	0	76.2433	97.5155	34.7629	126.572	97.5155	34.7629	126.572	
11795	29976	93.0375	218.82	91.3936	93.6216	94.442	-0.543124	1	1	0	0	0	236.287	188.925	132.888	80.6708	61.7082	118.607	236.429	214.005	187.982	133.067	108.001	79.9345	61.4685	93.5591	119.135	4.28084	10	0	75.5682	94.4813	28.5896	97.3366	94.4813	28.5896	97.3366	
11797	30844	219.016	503.077	218.577	16.7687	16.59	-0.860893	1	1	1	1	1	301.235	197.033	133.436	-55.4761	455.242	478.577	301.448	241.898	197.033	133.814	42.8162	-55.4761	455.245	465.318	478.577	7.4759	9	0	86.3686	16.6146	-16.2859	459.496	16.6146	-16.2859	459.496	
11797	77371	170.691	348.783	169.334	-99999	27.863	-0.743998	1	1	1	1	0	113.31	93.3267	133.41	15.8962	208.785	323.472	113.335	111.178	93.0381	133.696	66.3284	15.5516	208.53	259.386	324.157	4.33188	17	0	92.651	27.8927	24.564	285.503	27.8927	24.564	285.503	
11795	28034	307.514	694.834	306.355	52.9646	51.224	-0.850685	1	1	1	1	1	158.58	327.2	133.243	-119.36	563.713	554.781	158.546	243.799	327.579	133.301	5.55777	-120.346	563.706	569.232	554.524	6.22809	10	0	87.6197	51.254	-30.3488	564.805	51.254	-30.3488	564.805	
11761	7991	552.986	1428.01	549.488	-99999	114.95	-0.515613	1	1	1	1	1	199.138	180.579	132.339	-166.649	-241.566	-699.932	199.264	190.314	180.462	133.688	-20.0563	-166.705	-239.342	-468.261	-700.706	4.28723	8	0	62.3459	114.974	-25.5217	-474.087	114.974	-25.5217	-474.087	
11789	11710	298.407	665.534	296.656	-99999	108.018	-0.903224	0	0	0	0	0	194.287	325.249	130.208	-134.651	-311.524	-285.589	227.367	292.715	359.074	131.787	-1.56188	-134.651	-311.612	-297.338	-285.589	6.39312	8	0	74.9731	9.22821	-10.8717	430.737	-21.7918	-18.8658	-638.09	
11781	1852	362.715	671.869	340.242	-99999	6.4	-0.773089	1	1	1	1	1	171.111	346.054	131.498	-143.806	525.137	621.13	171.111	263.412	356.272	131.498	-15.5629	-163.26	525.137	577.02	625.418	9.27366	10	0	43.2244	6.42951	-49.7118	621.156	6.42951	-49.7118	621.156	
11789	9316	104.465	246.368	103.641	28.9143	27.538	-0.979307	1	1	1	1	0	222.103	200.066	131.831	33.0324	518.647	539.534	222.222	213.178	200.06	132.572	81.8284	32.9781	518.554	526.964	539.556	4.52378	16	0	70.7378	27.5731	4.54904	538.707	27.5731	4.54904	538.707	
11795	7034	182.439	400.084	181.875	-99999	73.822	-0.998002	0	0	0	0	0	203.173	204.77	128.3	-50.1982	713.95	687.277	226.259	229.749	227.887	128.802	38.9995	-50.1982	713.958	704.119	687.277	7.44622	13	0	91.235	59.9913	-3.96515	81.3545	-26.7687	-8.22132	689.168	
11797	63021	353.166	2645.24	352.466	105.628	101.906	-0.85676	0	0	0	0	0	68.5255	269.373	133.836	-155.682	563.184	566.85	68.1708	168.323	269.373	134.434	-10.9634	-155.682	563.182	565.795	566.85	290.418	8	0	1631.98	85.8066	-14.2957	801.478	85.8066	-14.2957	801.478	
11797	76123	319.895	782.821	318.297	-99999	-48.308	-0.95002	1	1	1	1	1	280.286	226.515	133.227	-167.775	-732.007	-820.23	265.179	238.312	211.145	133.353	-17.8812	-169.133	-731.971	-776.466	-820.69	4.76176	12	0	40.0654	-48.2771	-14.488	-719.918	-48.2771	-14.488	-719.918	
11781	3248	479.368	1045.86	479.356	-99999	28.27	-0.593936	1	1	1	1	1	170.5	86.6128	133.797	-147.583	-209.956	165.507	170.467	145.903	86.5805	133.797	-12.1786	-147.583	-209.956	-21.6965	165.507	5.2584	13	0	75.6567	28.3162	-33.8057	17.0734	28.3162	-33.8057	17.0734	
11797	53806	29.3102	91.1777	28.6921	-99999	84.018	-0.759623	1	0	0	0	0	306.352	325.092	132.706	111.006	-457.488	-458.472	332.454	341.958	351.599	132.947	121.798	110.783	-457.482	-457.823	-458.496	9.11126	6	0	73.3657	84.0446	55.8491	-441.35	84.0446	55.8491	-441.35	
11795	20575	283.948	626.157	282.142	-99999	102.974	-0.849104	0	0	0	0	0	189.196	242.551	132.814	-120.869	643.459	539.016	221.441	247.978	275.203	132.814	9.5675	-122.616	643.459	578.388	538.841	4.34527	9	0	66.6538	85.4882	33.9218	276.533	85.4882	33.9218	276.533	
11797	1687	285.347	616.369	284.768	-99999	81.245	-0.880647	0	0	0	0	0	86.0826	189.736	133.201	-130.383	-793.934	-775.292	85.8537	144.545	189.774	133.459	4.21536	-130.629	-793.959	-781.173	-775.247	5.51764	7	0	71.5451	73.5342	17.218	-506.209	-20.4358	-7.90863	-754.357	
11797	70965	58.5195	158.455	58.5183	-99999	42.307	-0.87889	1	1	1	1	1	226.114	197.722	133.053	82.8232	-572.788	-582.283	239.362	225.029	210.97	133.053	108.048	82.8232	-572.788	-577.793	-582.283	4.67952	9	0	60.9251	42.336	-41.0797	-610.945	42.336	-41.0797	-610.945	
11797	5557	295.342	746.695	294.139	16.2734	15.147	-0.73576	1	1	1	1	1	230.126	120.302	132.39	-102.081	-257.435	-123.264	230.527	166.973	120.271	133.113	20.9339	-102.28	-257.963	-186.083	-123.199	10.9063	10	0	101.729	17.1429	-42.8616	132.221	17.1429	-42.8616	132.221	
11773	8217	273.178	602.47	269.831	-99999	-42.574	-0.959001	1	1	1	1	1	171.643	104.273	132.839	-126.864	-404.683	-386.254	171.782	133.008	104.187	133.149	2.32814	-129.857	-404.69	-399.692	-386.587	5.88725	11	0	65.9911	-42.5478	-40.1339	-396.164	-42.5478	-40.1339	-396.164	
11797	82858	267.882	651.593	265.466	72.121	70.425	-0.862052	1	1	1	1	1	176.117	284.988	133.618	-87.2476	106.387	14.8906	175.951	235.738	284.752	133.976	22.3691	-89.0239	106.514	63.3658	14.0339	4.32607	18	0	81.6702	70.4607	-21.3556	44.1458	70.4607	-21.3556	44.1458	
11797	15405	230.794	675.864	225.687	-99999	-40.21	-0.694626	0	0	0	0	0	264.62	320.121	132.569	-25.1201	597.715	749.159	251.739	280.156	308.513	133.267	52.0137	-26.9004	597.05	673.894	752.702	12.871	6	0	115.71	45.4332	-7.0822	756.561	45.4332	-7.0822	756.561	
11797	16305	337.179	738.21	336.257	-99999	60.936	-0.887069	1	1	1	1	1	223.493	291.891	133.22	-168.624	-358.017	-485.685	242.575	268.477	311.183	133.22	-19.9457	-169.461	-358.017	-422.938	-485.998	5.55299	10	0	72.3919	60.9611	-32.9153	-431.435	60.9611	-32.9153	-431.435	
11797	23288	212.647	488.653	211.754	-99999	-25.802	-0.971139	1	1	1	1	1	204.938	154.858	131.218	-73.5838	-590.774	-582.212	205.168	181.013	154.875	132.042	28.5988	-73.6201	-590.71	-592.582	-582.204	9.20298	9	0	86.0598	-25.775	-16.9051	-585.578	-25.775	-16.9051	-585.578	
11797	52796	302.97	694.057	301.526	94.5834	94.09	-0.683317	1	1	1	1	1	308.119	124.992	133.847	-42.9248	-148.376	11.396	308.201	214.744	124.405	133.951	41.7355	-43.8696	-148.447	-73.2009	12.0408	5.54737	12	0	78.8855	94.1091	-1.69983	-47.6085	94.1091	-1.69983	-47.6085	
11795	29094	351.768	1158.27	350.873	-99999	-19.666	-0.862489	1	1	1	1	1	163.187	87.894	133.315	-167.676	-591.718	-432.183	163.209	124.437	88.0067	133.315	-20.1817	-168.386	-591.718	-515.369	-431.684	6.58743	11	0	407.773	-19.6334	-38.8103	-497.485	-19.6334	-38.8103	-497.485	
11797	62769	78.4937	205.903	77.0749	-99999	30.681	-0.985924	1	1	0	0	0	190.459	178.901	132.617	57.4827	656.887	650.116	190.47	185.472	178.69	133.032	94.3427	56.7121	656.933	652.836	650.213	4.3336	9	0	73.2759	30.7078	15.9767	652.613	30.7078	15.9767	652.613	
11773	199	285.646	1693.46	283.831	34.6041	33.903	-0.865909	1	1	1	1	1	198.835	275.164	132.937	-106.379	101.296	-25.6937	198.747	229.638	275.626	133.341	8.47919	-107.411	101.515	40.1033	-26.375	4.33562	13	0	74.0607	33.9291	-23.7273	19.6309	33.9291	-23.7273	19.6309	
11775	1008	347.547	797.756	347.33	36.7201	35.529	-0.842887	1	1	1	1	1	319.626	167.74	133.753	-162.84	-735.148	-642.931	319.626	235.098	167.644	133.753	-10.3597	-163.017	-735.148	-687.555	-642.873	5.1877	12	0	68.2497	35.5406	-13.4422	-680.997	35.5406	-13.4422	-680.997	
11786	3729	279.837	558.374	274.326	-99999	-26.64	-0.992898	1	1	1	1	1	258.528	236.208	132.618	-136.958	-349.159	-314.241	250.202	237.671	227.951	132.844	-5.69525	-139.794	-349.179	-335.766	-313.914	10.3993	8	0	94.2571	-26.6127	-20.9074	-599.044	90.4473	-51.5641	-592.641	
11789	11948	472.88	2369.01	470.963	-19.9678	-20.273	-0.503459	1	1	1	1	1	180.383	227.561	132.401	-98.2836	21.4902	-385.305	180.216	201.458	227.73	133.097	15.2012	-98.5615	22.6714	-181.089	-385.714	5.78632	16	0	85.8476	-20.2235	-13.6203	-212.091	-20.2235	-13.6203	-212.091	
11782	12570	86.7138	217.981	85.0065	-99999	35.023	-0.946427	1	1	0	0	0	268.864	236.974	132.368	53.7914	-565.232	-566.855	280.133	266.144	247.582	133.289	92.2763	53.1525	-565.152	-565.785	-566.873	4.89973	6	0	77.5379	29.4157	60.4387	-241.28	29.4157	60.4387	-241.28	
11789	7931	212.683	500.473	212.423	-99999	21.03	-0.993478	1	1	1	1	1	340.916	318.781	133.382	-76.0635	688.568	708.413	347.501	336.931	325.34	133.382	27.6993	-76.2584	688.568	692.072	708.433	5.80176	7	0	122.623	21.0614	-13.6377	715.776	21.0614	-13.6377	715.776	
11795	8455	212.4	545.45	211.658	-99999	83.109	-0.518389	1	1	1	1	1	238.092	333.364	132.875	23.6187	-425.452	-271.231	263.953	311.652	359.561	133.061	78.2111	23.4289	-425.711	-348.288	-270.947	7.19903	6	0	52.9079	83.1398	26.6943	-287.314	83.1398	26.6943	-287.314	
11797	42393	235.175	2740.63	232.498	-99999	-34.089	-0.305205	1	1	1	1	1	323.875	336.625	133.452	-61.0374	570.381	678.204	313.201	321.485	325.866	133.452	38.7275	-63.1505	570.381	625.044	679.245	9.25907	26	0	1227.3	-34.0738	-13.4832	649.599	-34.0738	-13.4832	649.599	
11774	3092	307.615	673.93	306.675	-99999	-13.074	-0.887225	1	1	1	1	1	190.949	87.6842	132.572	-123.009	346.193	469.693	191.225	157.473	87.6992	133.4	-2.2708	-123.009	345.848	409.865	469.693	6.08436	7	0	84.263	-13.047	-37.9649	413.499	-13.047	-37.9649	413.499	
11797	42654	159.503	376.792	157.339	-99999	100.415	-0.968187	1	1	1	1	1	134.683	100.733	134.036	-16.3906	74.5944	98.0338	134.568	123.167	99.6856	134.036	56.4058	-18.3164	74.5944	88.4791	98.3245	4.56087	10	0	77.1136	100.436	3.49702	95.7127	100.436	3.49702	95.7127	
11780	5230	97.1937	247	97.1251	-99999	112.815	-0.367118	0	0	0	0	0	274.34	218.957	134.152	108.948	711.478	786.446	309.687	282.03	254.284	134.183	117.546	108.948	711.423	747.716	786.446	4.14819	11	0	76.8626	52.9551	-12.0137	-634.909	3.20507	1.31684	-471.571	
11797	87990	104.557	589.685	103.743	-99999	113.981	-0.637734	0	0	0	0	0	147.686	228.099	133.65	69.5998	-185.487	-172.228	129.504	170.23	210.503	133.885	101.819	69.2845	-185.536	-179.003	-172.203	17.6164	7	0	84.6638	-999999	-999999	-999999	-999999	-999999	-999999	
11795	30627	129.176	342.077	128.981	-99999	116.885	-0.812448	0	0	0	0	0	205.068	157.343	133.336	25.4263	-523.933	-476.882	204.934	184.585	157.104	133.336	80.3938	25.2644	-523.933	-493.416	-476.877	5.59197	7	0	83.7789	71.4392	-31.698	422.876	71.4392	-31.698	422.876	
11795	17517	262.193	585.738	262.188	-99999	78.753	-0.861273	1	1	1	1	1	188.469	305.92	132.888	-98.8712	606.424	577.216	213.13	271.659	330.581	132.888	15.9794	-98.8712	606.424	598.47	577.216	4.39049	10	0	80.6471	78.7728	-29.059	587.948	78.7728	-29.059	587.948	
11797	2401	279.225	640.81	278.814	96.627	43.403	-0.938112	0	0	0	0	0	245.733	148.901	132.477	-125.869	615.325	642.476	245.866	192.977	148.901	132.858	4.06906	-125.869	615.292	621.915	642.476	7.11534	10	0	70.97	37.7442	-93.4395	-602.609	95.3642	-32.0352	627.706	
11780	17542	172.12	456.41	171.411	-99999	-25.552	-0.811812	1	1	1	1	1	113.292	183.182	131.925	-7.52707	209.611	279.903	113.03	148.413	183.211	132.498	62.9914	-7.52707	209.32	245.67	279.903	4.206	10	0	102.237	-25.5308	-19.105	288.323	-25.5308	-19.105	288.323	
11786	15381	193.826	439.962	193.466	-99999	-25.773	-0.80832	1	1	1	1	1	128.302	100.393	133.676	-29.163	-109.255	-11.9315	128.362	117.8	100.372	133.833	55.0172	-29.3132	-109.369	-54.0226	-11.9005	5.46072	10	0	71.0077	-25.7608	-0.0515433	-34.04	-25.7608	-0.0515433	-34.04	
11797	75570	131.55	358.589	131.546	-32.5127	-33.225	-0.875883	1	1	1	1	1	259.706	189.363	133.118	22.7481	-467.146	-462.882	259.706	221.622	189.363	133.118	79.7134	22.7481	-467.146	-468.324	-462.882	11.8138	9	0	114.611	-33.1903	10.8348	-467.187	-33.1903	10.8348	-467.187	
11797	12211	45.3352	132.91	44.971	-99999	102.389	-0.705319	0	0	0	0	0	141.769	171.211	129.66	96.2133	564.401	564.791	157.735	174.266	187.299	129.667	114.176	95.8992	564.401	564.52	564.772	6.09268	8	0	72.6241	99.0558	-87.878	572.09	99.0558	-87.878	572.09	
11774	1429	136.743	392.344	136.742	-99999	84.401	-0.407821	1	1	0	0	0	61.7377	103.354	-128.245	-171.625	-821.745	-700.058	61.6411	83.918	103.258	-128.245	-156.309	-171.625	-821.745	-763.566	-700.058	6.359	12	0	70.8413	84.4024	-82.4173	-846.943	99.1924	-90.385	-726.413	
11795	14167	22.6054	70.4125	20.5605	-99999	-34.948	-0.874738	0	0	0	0	0	307.788	316.739	131.957	113.625	-327.88	-325.465	296.513	301.618	306.286	132.602	122.664	112.424	-328.035	-326.364	-325.352	5.89936	6	0	67.0592	-34.9212	65.9916	-425.179	-34.9212	65.9916	-425.179	
11786	13639	195.682	440.411	191.785	-99999	-43.778	-0.989037	1	1	1	1	1	268.375	236.566	133.685	-54.3664	-499.417	-482.638	254.666	238.971	221.725	133.685	37.5889	-58.0845	-499.417	-490.294	-482.786	4.31584	8	0	60.8186	-43.7563	-10.3585	-491.245	-43.7563	-10.3585	-491.245	
11786	15439	321.377	715.799	321.369	-99999	71.822	-0.926451	1	1	1	1	1	182.861	87.7535	133.318	-163.509	-343.271	-272.07	182.779	143.791	87.6713	133.318	-15.6784	-163.509	-343.271	-297.844	-272.07	4.6767	8	0	78.445	71.8485	-35.7643	-294.447	71.8485	-35.7643	-294.447	
11773	2567	552.637	1256.08	551.128	35.2083	35.622	-0.556547	1	1	1	1	1	181.979	255.417	134.202	-140.941	526.209	56.6219	181.935	205.009	255.417	135.015	-6.03391	-140.941	527.453	291.236	56.6219	5.45502	14	0	112.56	35.6765	-26.5301	249.118	35.6765	-26.5301	249.118	
11782	11498	148.965	351.383	143.24	41.2077	38.427	-0.865651	1	1	1	1	1	178.202	255.758	129.663	16.8752	-141.66	-181.484	175.969	216.366	256.067	133.899	73.8864	16.1508	-140.616	-157.468	-181.701	7.9556	10	0	93.6391	38.4535	12.321	-171.765	38.4535	12.321	-171.765	
11797	81285	220.495	441.71	218.923	-99999	-5.351	-0.93659	1	1	1	1	1	111.68	104.046	130.271	-74.6532	454.688	517.261	111.806	102.982	104.065	131.199	27.7357	-74.9635	454.361	489.691	517.331	7.82958	7	0	98.4516	-5.33705	-10.8966	505.699	-5.33705	-10.8966	505.699	
11797	82592	316.673	787.946	301.484	78.4395	77.761	-0.991643	1	1	1	1	1	228.514	198.857	131.972	-165.297	-511.145	-473.804	228.522	213.347	197.758	132.077	-24.1271	-179.888	-511.154	-490.337	-474.669	4.24471	8	0	82.4262	77.7892	-32.1311	-483.358	77.7892	-32.1311	-483.358	
11797	85382	99.6708	219.057	92.8404	-99999	84.56	-0.977183	1	1	1	1	0	288.187	263.939	132.604	43.289	86.501	88.9916	314.763	301.738	289.842	133.066	85.0154	37.4032	86.5003	87.7541	86.7279	4.38024	6	0	57.6463	84.5813	25.1939	81.5358	84.5813	25.1939	81.5358	
11786	3711	194.161	450.244	191.725	-99999	-18.498	-0.976695	1	1	1	1	1	219.696	222.084	129.443	-60.8151	437.94	432.169	213.568	223.462	216.292	131.788	35.569	-60.8151	437.526	434.699	432.169	6.85247	10	0	77.781	-18.4634	-14.9311	428.75	-18.4634	-14.9311	428.75	
11797	6710	372.643	888.285	372.526	-660.529	70.669	-0.775526	1	1	1	1	1	252.991	119.166	133.415	-168.387	188.063	356.062	252.991	173.377	119.118	133.415	-10.6188	-168.463	188.063	275.167	356.125	4.194	16	0	72.6497	70.688	-12.9425	-395.286	70.688	-12.9425	-395.286	
11786	16044	270.492	590.422	266.794	-99999	21.589	-0.993207	1	1	1	1	1	162.002	163.559	131.264	-127.69	150.171	180.067	161.987	156.183	164.291	131.497	-2.42649	-130.376	150.143	165.196	180.568	4.2961	7	0	46.4441	21.6107	-22.83	164.444	21.6107	-22.83	164.444	
11789	1258	173.206	416.651	172.717	-99999	22.755	-0.971852	1	1	1	1	1	115.724	127.738	133.943	-30.8347	2.75763	51.2814	115.694	119.162	127.717	134.23	51.4033	-30.9976	2.68886	27.2346	51.3565	5.69537	13	0	71.3222	22.777	12.3735	33.2028	22.777	12.3735	33.2028	
11786	18188	245.962	637.217	243.434	-99999	-4.806	-0.953867	1	1	1	1	1	112.942	82.1962	134.029	-98.6531	474.842	538.135	112.947	97.5575	81.877	134.029	16.2419	-101.076	474.842	506.073	538.75	6.62131	13	0	119.483	-4.78331	-33.8344	470.1	-4.78331	-33.8344	470.1	
11786	18908	199.296	487.292	198.876	-99999	104.832	-0.626315	0	0	0	0	0	181.343	90.94	134.212	-2.93719	403.349	513.039	181.223	135.094	90.6339	134.212	70.4704	-3.27665	403.349	464.406	513.194	4.65887	12	0	87.7517	85.7943	-61.347	637.426	85.7943	-61.347	637.426	
11773	626	134.695	308.735	134.045	92.3611	90.672	-0.907001	1	1	1	1	1	192.452	251.758	132.475	14.4264	-247.632	-269.439	192.278	221.249	251.84	132.934	72.9956	14.3083	-247.533	-257.376	-269.463	4.12966	8	0	78.328	90.7065	10.199	-257.269	90.7065	10.199	-257.269	
11780	20616	264.511	562.823	263.361	-13.6611	-13.382	-0.994949	1	1	1	1	1	232.484	194.156	132.893	-123.326	545.348	574.781	232.52	224.116	194.11	133.823	2.06122	-123.514	545.438	548.924	574.847	4.10067	12	0	77.8031	-13.353	-21.1668	557.092	-13.353	-21.1668	557.092	
11780	7108	298.721	697.168	298.36	-29.7634	-29.886	-0.554615	1	1	1	1	1	177.233	246.405	133.54	-13.6091	-871.601	-622.762	177.233	203.436	246.476	133.54	56.4088	-13.7409	-871.601	-746.504	-622.438	6.22879	10	0	90.8364	-29.8635	1.68977	-690.242	-29.8635	1.68977	-690.242	
11797	26718	405.195	922.174	405.193	-99999	4.505	-0.700715	1	1	1	1	1	203.637	82.0114	133.309	-125.178	400.526	685.683	203.631	151.244	82.0063	133.309	1.58829	-125.178	400.526	545.111	685.683	5.01435	12	0	83.4285	10.9163	-86.2622	670.161	10.9163	-86.2622	670.161	
11775	5990	203.578	458.977	199.658	15.5083	-13.569	-0.435505	0	0	0	0	0	200.215	287.645	132.213	41.0248	607.012	760.962	198.925	240.509	287.645	133.915	87.7025	41.0248	603.737	684.229	760.962	6.71302	12	0	90.1015	13.9878	11.073	704.027	13.9878	11.073	704.027	
11786	27538	139.937	333.938	139.126	88.872	88.247	-0.976065	1	1	1	1	1	231.565	196.871	133.186	-0.0122292	-690.877	-675.367	231.611	219.235	196.737	133.538	65.0132	-0.43145	-690.942	-684.627	-675.294	6.7673	9	0	84.2513	88.2654	5.29016	-674.23	88.2654	5.29016	-674.23	
11797	31949	259.53	606.337	258.94	-99999	59.666	-0.338418	1	1	1	1	1	270.379	340.653	133.137	51.645	-716.19	-480.684	288.928	324.08	359.375	133.292	92.0709	51.6143	-716.599	-598.689	-480.563	4.2021	11	0	48.5455	59.6374	36.2959	-513.418	59.6374	36.2959	-513.418	
11780	8286	62.9127	208.036	62.4629	-99999	56.764	-0.984952	1	0	0	0	0	145.878	160.518	133.687	74.0652	102.508	110.543	154.718	160.54	169.388	133.789	103.021	73.976	102.496	105.196	110.577	6.28506	13	0	112.89	56.787	-10.0312	-50.7296	56.787	-10.0312	-50.7296	
11797	55928	145.669	444.321	144.888	-99999	-32.503	-0.822221	1	1	1	1	1	106.914	185.984	134.127	20.2504	14.6061	56.5747	106.951	146.474	186.449	134.127	76.8638	19.6167	14.6061	36.0939	56.7311	6.18418	10	0	155.137	-32.4682	-23.9259	71.0885	-32.4682	-23.9259	71.0885	
11776	1226	76.1245	191.543	75.6597	-99999	4.504	-0.826252	1	1	1	0	0	357.53	312.663	41.3661	-19.0339	335.508	340.338	358.971	336.679	313.862	41.4117	10.9459	-19.3813	335.504	339.833	340.316	6.18944	7	0	71.6658	4.50203	12.2686	333.799	4.50203	12.2686	333.799	
11797	10972	326.091	838.104	315.86	-99999	-26.162	-0.950217	1	1	1	1	1	258.546	332.365	133.206	-170.967	727.304	685.346	250.354	288.253	326.236	133.206	-23.7915	-180.869	727.304	705.012	683.883	4.01978	9	0	116.741	-26.136	-20.1748	688.935	-26.136	-20.1748	688.935	
11797	52841	152.421	356.25	151.603	-99999	54.311	-0.901052	1	1	1	1	1	181.533	145.608	132.565	-3.10755	-260.557	-204.307	181.706	163.246	145.546	133.295	65.2078	-3.10755	-260.827	-232.146	-204.307	4.21957	10	0	71.2688	54.3318	5.43389	-216.595	54.3318	5.43389	-216.595	
11761	4694	348.474	741.771	348.078	98.4082	97.036	-0.751568	1	1	1	1	1	228.288	121.835	133.252	-80.8605	-591.778	-344.976	228.399	168.251	121.835	133.543	14.9705	-80.8605	-592.004	-479.588	-344.976	10.8542	13	0	81.0569	97.0784	-27.2404	-430.262	97.0784	-27.2404	-430.262	
11761	4964	167.955	492.34	167.947	-99999	48.926	-0.859123	1	1	1	1	1	190.122	133.7	133.537	-9.61266	345.236	410.812	190.066	159.323	133.644	133.537	61.5962	-9.61266	345.236	375.674	410.812	10.782	17	0	158.717	48.9565	2.59155	388.986	48.9565	2.59155	388.986	
11761	1310	378.713	932.804	377.996	-99999	29.179	-0.814908	1	1	1	1	1	249.607	201.483	133.816	-167.593	105.797	-117.061	258.745	235.436	210.482	133.816	-17.3812	-168.152	105.797	-5.73715	-117.471	5.18985	14	0	47.1135	29.2114	-17.0139	-11.1448	29.2114	-17.0139	-11.1448	
11759	1029	298.726	633.386	296.332	18.6235	17.055	-0.948459	1	1	1	1	1	176.677	260.234	132.069	-142.17	25.0026	-47.049	176.497	214.533	260.641	132.999	-6.86138	-143.494	25.2573	-10.0544	-47.2332	5.3736	8	0	86.974	24.217	17.336	-459.166	24.217	17.336	-459.166	
11789	4702	136.302	281.944	135.404	-99999	-40.713	-0.974894	1	1	1	1	1	151.435	126.174	133.615	5.15796	9.79011	36.6015	151.482	144.614	125.852	133.615	66.9273	4.42696	9.79011	21.3965	36.9184	5.79818	10	0	66.0303	-36.4338	-18.1078	-661.853	65.1662	-77.4773	277.3	
11761	6679	102.798	255.705	101.988	-99999	55.046	-0.535519	1	0	0	0	0	319.777	341.803	134.097	78.0435	776.03	858.308	336.915	348.116	359.166	134.276	105.833	77.8501	775.761	817.072	858.717	5.07978	7	0	61.7399	55.0764	61.3878	820.694	55.0764	61.3878	820.694	
11772	3598	86.338	208.671	84.3562	-99999	-4.849	-0.960924	1	0	0	0	0	283.292	291.033	133.438	51.1368	-258.348	-247.114	281.646	290.542	289.202	133.869	91.954	49.6576	-258.401	-253.412	-246.976	4.32982	10	0	74.1399	-4.82648	33.6073	-246.279	-4.82648	33.6073	-246.279	
11775	1454	242.476	557.826	242.433	-99999	-15.479	-0.392136	1	1	1	1	1	103.376	109.821	98.265	2.392	-894.301	-673.843	103.394	113.173	109.839	98.265	46.5616	2.392	-894.301	-785.486	-673.843	4.64768	15	0	77.5271	-15.4677	23.978	-745.71	-15.4677	23.978	-745.71	
11789	3465	298.091	675.691	296.955	62.1285	60.278	-0.802307	1	1	1	1	1	281.213	116.704	132.064	-92.9466	-516.779	-422.879	281.7	206.488	116.595	132.855	12.5203	-92.9983	-517.15	-472.07	-422.836	4.20911	8	0	77.5603	60.3054	-25.0343	-459.08	60.3054	-25.0343	-459.08	
11797	4633	62.6235	153.712	60.3275	-99999	4.531	-0.72806	0	0	0	0	0	99.9641	101.087	132.151	81.9112	150.344	179.374	100.074	99.1746	101.578	132.7	107.765	80.6993	149.905	166.799	179.708	5.31253	11	0	78.5289	37.3974	-48.9078	741.294	82.1574	-33.3811	575.628	
11797	4903	312.86	710.333	312.854	-99999	62.761	-0.946777	1	1	1	1	1	183.658	130.676	133.407	-158.14	-799.705	-709.372	183.586	149.842	130.604	133.407	-16.093	-158.14	-799.705	-768.763	-709.372	4.94398	11	0	69.0341	62.79	-33.9052	-738.722	62.79	-33.9052	-738.722	
11797	194	231.605	537.284	230.141	-99999	-42.469	-0.980474	1	1	0	0	0	153.406	104.139	133.821	-89.7085	849.526	868.228	153.454	132.166	103.711	133.821	20.5907	-91.0865	849.526	858.465	868.234	6.85185	6	0	92.1928	-42.446	-20.4183	822.461	-42.446	-20.4183	822.461	
11797	3164	50.1884	119.351	46.5899	-99999	92.878	-0.992901	0	0	0	0	0	215.48	215.758	133.65	89.2429	-366.462	-368.536	244.564	245.08	244.784	133.652	109.829	88.7423	-366.462	-367.923	-368.452	4.81564	6	0	71.8755	92.9044	31.9871	-368.754	92.9044	31.9871	-368.754	
11775	7436	244.459	546.252	221.162	-99999	113.613	-0.931573	1	1	1	1	1	143.958	74.33	133.35	-75.3542	61.9494	65.7106	143.829	103.373	64.4498	133.35	18.2581	-95.9648	61.9494	55.8931	70.3808	8.25173	15	0	84.801	113.639	-29.808	63.8678	113.639	-29.808	63.8678	
11795	26718	309.849	677.449	308.666	-99999	2.911	-0.822153	1	1	1	1	1	61.9528	217.244	134.867	-119.816	-379.883	-306.324	61.9528	140.571	217.922	134.867	7.38625	-120.771	-379.883	-340.869	-306.399	5.62406	8	0	73.1664	2.94495	5.38907	-348.142	2.94495	5.38907	-348.142	
11780	14742	321.91	1788.1	321.479	-248.343	77.192	-0.731707	0	0	0	0	0	298.587	124.891	133.681	-101.649	872.177	749.684	298.65	205.432	124.854	133.775	21.3762	-101.939	872.233	804.702	749.624	4.42747	8	0	71.9354	-33.4084	-71.7133	513.483	-33.4084	-71.7133	513.483	
11797	80702	57.9758	178.441	56.9177	-99999	43.521	-0.990214	1	1	0	0	0	294.28	286.558	132.605	78.391	669.304	678.051	307.799	308.126	299.985	133.301	104.524	78.1874	669.249	671.067	678.052	6.30843	12	0	86.363	49.5069	19.7154	19.7439	49.5069	19.7154	19.7439	
11797	95529	192.81	437.072	191.001	-99999	3.052	-0.925373	1	1	1	1	0	213.631	152.981	130.607	-34.7457	792.882	861.442	213.927	190.766	152.389	131.507	43.2879	-35.254	792.654	823.58	861.718	4.41492	9	0	70.671	3.08021	-2.54271	791.012	3.08021	-2.54271	791.012	
11789	12300	275.3	719.129	271.745	-99999	71.962	-0.82705	1	1	1	1	1	221.214	75.3673	127.188	-100.535	57.0658	83.5561	210.481	136.138	63.0168	128.04	12.9934	-102.768	56.978	70.5269	84.0772	5.78441	6	0	109.819	71.9834	-41.0681	75.253	71.9834	-41.0681	75.253	
11789	13470	73.8832	205.493	73.5735	-99999	62.346	-0.962466	1	1	1	0	0	228.279	220.479	132.412	62.5375	-501.503	-521.672	247.802	245.758	239.914	132.412	97.0239	62.2988	-501.503	-511.58	-521.688	6.43281	10	0	75.4912	62.3777	22.384	-505.998	62.3777	22.384	-505.998	
11797	78231	192.788	438.353	192.609	-99999	89.884	-0.977294	1	1	1	1	1	147.449	185.323	133.62	-52.732	326.514	355.184	147.342	165.598	185.283	133.649	40.1259	-52.8597	326.51	340.501	355.205	7.84886	7	0	75.2193	89.9095	-6.18458	344.205	89.9095	-6.18458	344.205	
11797	79761	621.066	1935.88	609.566	98.3794	97.159	-0.459365	1	1	1	1	1	101.619	330.049	133.94	-130.398	27.7647	527.201	101.53	217.75	334.339	134.073	-0.64792	-137.783	27.5247	282.011	534.434	28.5797	8	0	504.227	97.2198	-26.4697	456.995	97.2198	-26.4697	456.995	
11782	8171	306.954	707.87	306.721	-99999	-11.597	-0.960165	1	1	1	1	1	152.311	155.322	133.399	-165.33	-751.733	-692.892	152.341	143.641	155.33	133.482	-15.835	-165.413	-751.751	-721.39	-692.885	5.57118	10	0	120.166	-11.567	-25.5932	-705.695	-11.567	-25.5932	-705.695	
11775	1163	249.479	543.259	246.329	-99999	77.384	-0.754228	1	1	1	1	1	186.466	333.333	126.474	-63.5499	-276.561	-331.27	210.287	284.449	359.056	126.953	30.5336	-65.5008	-276.437	-304.025	-331.769	6.71381	10	0	55.5364	77.4168	-70.5428	-346.53	106.947	-26.3174	-340.093	
11797	41541	93.029	238.493	91.6428	-99999	80.211	-0.99512	0	0	0	0	0	88.009	74.1008	132.92	42.6744	497.468	502.161	87.9476	81.6001	73.9738	133.201	87.2166	41.6343	497.491	498.585	502.135	5.71573	8	0	72.7909	-999999	-999999	-999999	-999999	-999999	-999999	
11797	42351	298.994	650.409	297.186	86.4982	86.003	-0.760547	1	1	1	1	1	214.273	194.667	132.459	-100.914	-857.789	-694.579	214.409	192.447	194.87	133.248	22.0676	-101.448	-858.44	-761.125	-694.334	7.00616	14	0	74.1619	86.0309	-20.5843	-725.657	86.0309	-20.5843	-725.657	
11789	9231	354.532	754.971	353.792	-99999	-12.551	-0.668348	1	1	1	1	1	62.2108	310.914	110.884	-134.669	629.62	676.703	61.9686	183.866	311.096	111.115	-13.4533	-134.987	629.533	660.94	676.694	4.18833	8	0	72.5091	-12.5164	7.13373	648.908	-12.5164	7.13373	648.908	
11786	27124	411.665	861.262	400.138	0.231707	0.977	-0.791002	1	1	1	1	1	304.701	74.8516	133.864	-170.897	-24.7533	88.912	305.316	181.302	70.9374	134.821	-17.1332	-180.139	-25.1409	36.6719	91.0123	4.21597	13	0	56.8658	1.00221	-21.1235	37.6109	1.00221	-21.1235	37.6109	
11786	27574	128.677	326.362	126.374	-99999	-15.452	-0.467688	1	1	1	0	0	212.901	276.462	130.002	67.0883	-616.868	-527.587	210.434	242.758	275.11	130.053	98.1732	65.9446	-616.949	-571.364	-526.047	6.12002	6	0	55.8911	-15.429	-54.2307	-769.712	-15.429	-54.2307	-769.712	
11786	31084	294.942	666.108	294.932	15.5122	13.889	-0.965705	1	1	1	1	1	233.561	144.276	132.647	-145.989	-796.643	-814.08	233.561	184.322	144.276	132.647	-6.13724	-145.989	-796.643	-802.771	-814.08	5.40795	11	0	82.9254	13.9192	-35.0491	-776.086	13.9192	-35.0491	-776.086	
11786	20495	46.206	124.802	45.9828	-99999	76.84	-0.35086	0	0	0	0	0	293.501	309.546	133.391	117.7	-232.304	-192.728	317.563	323.483	333.721	133.391	124.888	117.667	-232.304	-211.681	-192.548	5.38871	11	0	71.7859	0.141072	52.0186	-833.227	-35.9789	-60.5128	-221.075	
11789	18805	310.159	722.28	309.589	-99999	108.051	-0.935892	0	0	0	0	0	201.219	79.1111	133.681	-145.327	158.565	206.425	201.095	143.757	78.8334	133.681	-8.33856	-145.871	158.565	179.196	206.427	8.41127	7	0	84.9701	-999999	-999999	-999999	-999999	-999999	-999999	
11789	20029	86.1123	215.921	84.765	-99999	58.643	-0.774192	1	0	0	0	0	143.734	172.929	133.076	76.1836	-361.014	-306.222	143.289	158.808	172.862	134.122	102.578	76.1836	-361.773	-337.005	-306.222	4.35922	18	0	73.2317	58.6694	30.1765	-319.626	58.6694	30.1765	-319.626	
11789	22189	168.378	463.121	167.565	79.3739	78.41	-0.832909	1	1	1	1	1	278.167	204.449	132.838	-7.46489	-561.62	-510.691	278.496	237.395	204.449	133.507	65.3354	-7.46489	-561.912	-534.704	-510.691	5.31818	10	0	137.741	81.6569	-32.777	80.1145	81.6569	-32.777	80.1145	
11782	1886	138.028	929.264	138.017	-24.5259	-26.106	-0.510366	1	1	1	1	1	125.849	236.008	133.739	64.0029	249.939	204.825	125.849	181.045	236.008	133.739	99.02	64.0029	249.939	227.359	204.825	4.10409	8	0	57.3122	-26.0719	1.70034	179.873	-26.0719	1.70034	179.873	
11786	11530	70.4221	186.439	70.3961	-99999	39.056	-0.629291	1	1	1	0	0	130.495	78.0739	134.06	87.2203	385.448	386.89	130.47	103.942	78.0293	134.075	110.95	87.2203	385.448	386.467	386.89	4.57165	6	0	77.4414	39.085	67.0425	385.282	39.085	67.0425	385.282	
11786	24457	322.033	820.357	309.58	-99999	21.789	-0.971434	1	1	1	1	1	228.557	287.663	133.642	-170.056	-706.951	-711.188	235.38	266.444	297.627	133.642	-24.3089	-181.284	-706.951	-709.983	-706.927	5.72659	7	0	64.2011	21.8009	-33.2678	-701.306	21.8009	-33.2678	-701.306	
11780	2031	207.634	464.89	206.257	55.9717	55.098	-0.92763	1	1	1	1	1	192.666	282.315	133.663	-51.4645	-145.295	-135.674	192.666	237.248	282.78	133.663	40.2899	-52.7562	-145.295	-137.269	-135.636	4.0972	10	0	81.2064	55.1371	-8.92628	-143.483	55.1371	-8.92628	-143.483	
11780	17488	287.832	663.741	286.592	81.1267	79.69	-0.711752	1	1	1	1	1	167.832	260.078	133.312	-30.7953	218.755	430.373	167.781	200.276	260.64	133.556	39.6747	-31.0224	218.521	322.255	431.029	5.77846	8	0	73.3271	79.7267	-7.12712	351.982	79.7267	-7.12712	351.982	
11797	90109	22.8027	97.2036	21.8607	-99999	6.539	-0.940328	0	0	0	0	0	122.717	127.563	133.318	112.482	-256.326	-253.145	122.694	125.74	127.305	133.472	122.752	111.819	-256.386	-254.247	-252.956	5.85626	16	0	90.5466	7.47403	57.5599	-226.35	7.47403	57.5599	-226.35	
11795	4215	174.707	425.492	173.781	-99999	-16.314	-0.951266	1	1	1	1	1	98.6273	139.77	133.021	-25.3736	624.788	681.595	98.4994	117.092	139.788	133.899	53.1744	-25.3736	624.552	652.098	681.595	4.03559	13	0	74.6394	-16.293	14.5184	656.753	-16.293	14.5184	656.753	
11797	10046	73.0681	183.551	72.0142	-99999	65.013	-0.492069	1	0	0	0	0	276.123	338.667	129.756	94.4543	195.811	196.792	296.059	327.358	359.345	129.991	111.724	94.2376	195.801	196.651	196.805	4.51243	7	0	52.267	64.9926	65.0218	190.478	64.9926	65.0218	190.478	
11775	1822	372.333	869.552	370.847	-99999	36.022	-0.659037	1	1	1	1	1	82.3362	215.921	133.749	-105.778	259.133	508.688	76.252	143.044	210.295	134.672	13.6102	-105.831	258.171	382.819	508.745	6.24789	12	0	56.4909	36.0628	-19.9614	446.084	-15.0272	-44.9071	393.242	
11797	17515	300.591	857.98	300.585	-99999	113.218	-0.963082	0	0	0	0	0	260.586	323.669	133.829	-158.466	-425.163	-394.812	296.039	327.782	359.122	133.829	-12.2764	-158.466	-425.163	-409.994	-394.812	4.22162	9	0	62.5248	-7.83514	49.3368	439.598	-7.83514	49.3368	439.598	
11797	46589	161.47	385.403	161.459	-99999	78.098	-0.644546	1	1	1	1	1	83.6807	139.73	133.423	18.7283	-83.2705	14.7866	83.5914	112.559	139.641	133.423	76.7302	18.7283	-83.2705	-33.8139	14.7866	5.4124	14	0	87.8612	78.1329	26.0156	-15.3142	78.1329	26.0156	-15.3142	
11797	17398	179.881	389.865	177.667	-13.0137	-13.331	-0.892109	1	1	1	1	1	213.386	196.128	130.589	-26.1589	-64.0151	16.9963	213.582	206.382	196.045	132.215	51.9369	-26.4856	-64.8167	-25.1707	17.1813	4.69104	14	0	75.7594	-13.2923	3.3529	-10.9732	-13.2923	3.3529	-10.9732	
11797	10390	257.413	632.261	257.399	-99999	79.124	-0.513338	1	1	1	1	1	119.971	223.043	132.071	-7.0876	-880.007	-689.61	107.532	159.39	210.609	132.078	61.9864	-7.0876	-880.017	-785.349	-689.61	4.08778	14	0	51.0148	79.1523	-29.7547	-633.416	79.1523	-29.7547	-633.416	
11789	287	141.447	332.186	140.953	-99999	26.546	-0.938336	1	1	1	1	1	289.034	238.16	128.863	0.00136134	-780.349	-755.527	297.346	272.327	246.335	128.863	64.3368	-0.465224	-780.349	-766.178	-755.466	4.74883	6	0	71.6523	26.5585	18.0096	-753.24	26.5585	18.0096	-753.24	
11797	73904	71.4969	186.651	69.4804	-99999	-30.684	-0.726379	0	0	0	0	0	301.155	283.663	132.79	80.9934	673.482	631.581	291.96	284.858	274.052	134.202	108.078	80.9913	674.79	651.497	631.579	5.83957	12	0	77.6518	-21.1713	-70.6519	-800.022	53.1687	-13.7763	-103.398	
11786	23945	190.553	408.396	187.609	-99999	52.542	-0.988504	1	1	1	1	1	246.413	229.015	131.604	-54.6709	-570.987	-572.061	263.037	250.493	245.574	132.803	38.4685	-56.3768	-571.04	-569.379	-572.091	4.22138	8	0	56.0519	52.5734	-2.66817	-388.909	52.5734	-2.66817	-388.909	
11780	18064	238.061	440.234	225.829	-99999	107.078	-0.956896	0	0	0	0	0	138.742	175.173	133.462	-70.9907	-190.172	-122.215	138.62	162.844	175.093	133.462	21.4644	-71.7539	-190.172	-158.174	-122.024	7.97766	10	0	57.0138	48.7166	16.6324	248.827	48.7166	16.6324	248.827	
11780	18064	45.7548	119.43	45.2505	-99999	48.708	-0.951077	1	1	0	0	0	333.176	343.868	133.777	89.8991	261.894	264.443	348.428	354.005	359.243	133.777	111.645	89.4157	261.894	263.275	264.446	7.19695	10	0	54.6003	48.7166	16.6324	248.827	48.7166	16.6324	248.827	
11780	4201	258.604	490.582	258.548	-99999	57.081	-0.967756	1	1	1	1	1	207.468	195.615	133.038	-113.474	805.018	876.569	207.402	197.83	195.55	133.038	7.64464	-113.474	805.018	834.681	876.569	4.85127	10	0	66.2699	57.1142	-9.18159	640.901	57.1142	-9.18159	640.901	
11786	1691	97.9677	283.852	92.174	-99999	46.438	-0.625112	1	1	1	1	1	211.943	280.612	127.339	69.0999	-327.635	-346.701	225.555	262.537	298	128.122	97.8546	65.6002	-327.371	-338.116	-347.264	4.50642	7	0	88.915	46.472	15.8921	-361.19	46.472	15.8921	-361.19	
11797	83479	169.378	387.492	168.838	-99999	86.706	-0.67878	1	1	1	1	1	190.754	235.186	133.309	23.3747	856.743	739.058	217.889	241.786	262.605	133.335	72.4954	23.1287	856.768	803.002	738.728	5.68984	11	0	71.4077	95.7309	-65.5271	-651.636	95.7309	-65.5271	-651.636	
11773	6325	189.42	498.492	187.587	-99999	60.259	-0.98486	1	1	1	1	1	155.127	149.194	129.655	-56.3432	-458.233	-450.258	155.058	158.144	148.415	129.655	35.2299	-57.9992	-458.233	-454.425	-450.43	49.6928	8	0	137.753	60.2847	-10.2596	-442.199	60.2847	-10.2596	-442.199	
11773	7765	233.431	748.195	222.311	-99999	80.6	-0.670071	1	1	1	1	1	313.727	333.923	131.285	34.9856	-65.8705	129.086	338.573	349.2	359.395	134.634	80.0478	35.2013	-69.6516	32.0141	134.212	13.3885	27	0	202.7	80.6365	12.3182	139.559	80.6365	12.3182	139.559	
11797	80911	255.955	581.301	255.2	-43.3314	-43.325	-0.840842	1	1	1	1	1	250.94	105.58	132.882	-74.5722	552.801	535.044	251.255	177.292	105.5	133.378	29.125	-74.6951	552.802	547.913	535.098	6.4651	13	0	89.9314	-43.301	-28.6904	554.404	-43.301	-28.6904	554.404	
11797	82081	27.1448	96.0816	27.1444	-99999	66.898	-0.700673	0	0	0	0	0	195.949	177.767	132.41	114.981	858.726	868.766	195.872	187.079	177.69	132.41	123.371	114.981	858.726	863.727	868.766	5.64622	8	0	76.979	66.9248	36.2464	788.634	66.9248	36.2464	788.634	
11797	83521	233.639	521.55	232.749	-99999	-18.578	-0.934787	1	1	1	1	1	149.926	108.956	133.223	-83.8605	79.5482	149.63	150.018	131.405	108.821	133.592	23.7701	-84.2984	79.4234	114.154	149.783	6.00602	9	0	60.2639	-18.5474	-19.122	126.686	-18.5474	-19.122	126.686	
11797	915	173.904	386.933	170.797	-23.0698	-21.589	-0.777457	1	1	1	1	1	122.062	232.684	133.764	10.5548	-791.624	-751.8	121.494	176.346	233.906	134.534	70.8119	8.83169	-791.847	-769.793	-751.71	5.58676	6	0	67.0426	-21.5545	17.0428	-746.058	-4.02448	57.7497	-772.963	
11797	2805	408.353	897.774	368.772	55.2065	56.19	-0.78667	1	1	1	1	1	80.8804	308.889	133.449	-136.717	-527.753	-632.506	80.3774	206.137	332.047	134.198	-15.7313	-165.452	-527.476	-585.622	-643.894	4.23301	11	0	64.8519	56.2249	-42.6217	-594.576	56.2249	-42.6217	-594.576	
11795	1357	181.93	419.281	181.883	-99999	-24.105	-0.623156	1	1	1	1	1	65.9095	177.422	46.8878	-77.8418	233.996	303.461	65.937	126.413	177.474	46.8878	-11.872	-77.8709	233.996	267.982	303.481	4.20541	12	0	64.0899	-24.0781	-0.463276	262.096	-24.0781	-0.463276	262.096	
11797	40910	330.984	784.913	330.368	62.5043	60.527	-0.804234	1	1	1	1	1	186.208	217.633	133.537	-103.607	-315.189	-539.531	186.208	205.213	217.74	133.537	11.4451	-104.035	-315.189	-425.033	-539.789	6.38878	13	0	79.6964	60.561	-17.0764	-438.823	60.561	-17.0764	-438.823	
11797	41180	313.832	758.761	312.191	-99999	-6.909	-0.970295	1	1	1	1	1	89.8664	152.484	132.821	-171.062	154.788	158.687	89.4834	123.92	152.492	134.403	-18.3382	-171.062	154.873	146.434	158.687	7.19468	9	0	124.137	-6.90041	-13.9372	156.286	-6.90041	-13.9372	156.286	
11786	6217	317.383	636.429	317.024	-99999	-26.045	-0.770316	1	1	1	1	1	141.26	164.442	128.622	-102.462	-859.685	-656.059	141.286	143.721	164.472	128.807	9.19309	-102.462	-859.84	-759.366	-656.059	6.79337	14	0	75.7745	-26.0186	-17.3843	-725.232	-26.0186	-17.3843	-725.232	
11786	20432	129.106	282.471	129.099	-99999	59.96	-0.848182	1	1	0	0	0	111.499	139.964	132.943	26.0017	784.878	849.539	111.43	130.79	139.896	132.943	78.8927	26.0017	784.878	814.349	849.539	7.68924	13	0	48.0436	59.9862	35.8321	799.525	59.9862	35.8321	799.525	
11775	2025	109.51	1075.32	109.507	21.5248	15.745	-0.626114	1	1	1	0	0	273.811	187.702	133.864	80.8269	-834.505	-795.682	273.811	234.687	187.702	133.864	102.719	80.8269	-834.505	-812.628	-795.682	6.37444	6	0	65.9737	15.7733	29.7752	-772.079	15.7733	29.7752	-772.079	
11782	4498	303.835	755.679	301.255	66.3851	64.788	-0.838226	1	1	1	1	1	218.213	174.151	130.529	-140.505	-543.32	-422.606	218.429	196.773	173.888	131.931	-1.54961	-141.258	-544.214	-475.236	-422.266	4.60067	14	0	80.972	64.8203	-27.273	132.427	37.3903	-39.628	-349.973	
11786	12350	279.18	614.726	275.053	-99999	108.328	-0.442692	0	0	0	0	0	158.685	105.085	133.796	32.9455	-254.604	-5.73729	158.561	133.076	103.677	133.796	77.2311	30.6012	-254.604	-129.694	-2.60213	4.53374	15	0	100.021	82.5735	0.814346	-771.343	-19.3365	-5.21189	-484.186	
11795	2541	75.9685	175.191	67.483	-99999	13.271	-0.296244	1	1	1	1	0	352.201	292.71	-141.034	-159.722	-590.395	-564.664	356.431	322.935	289.564	-141.009	-151.882	-161.227	-590.426	-576.201	-560.798	6.65704	7	0	52.6177	13.2628	-81.4655	-549.526	13.2628	-81.4655	-549.526	
11797	72544	262.164	599.403	261.532	58.4389	57.263	-0.989817	1	1	1	1	1	230.29	202.975	134.01	-120.837	-101.139	-55.0305	230.328	217.59	202.975	134.614	5.41978	-120.837	-101.22	-83.8347	-55.0305	5.54122	13	0	76.9231	57.2997	-16.607	-79.1497	57.2997	-16.607	-79.1497	
11797	74434	101.807	260.176	101.805	-99999	48.815	-0.721496	1	1	1	1	1	148.019	217.913	133.387	63.348	-730.7	-706.831	140.348	175.213	210.242	133.387	98.3656	63.348	-730.7	-718.523	-706.831	8.39572	9	0	86.6611	48.8032	-22.033	-676.636	48.8032	-22.033	-676.636	
11797	70617	292.803	660.292	289.977	93.5689	92.825	-0.937377	1	1	1	1	1	177.865	293.786	133.543	-131.057	767.933	751.691	177.865	239.589	294.495	133.543	1.3476	-133.785	767.933	756.718	751.659	6.13249	10	0	78.6912	92.8642	-24.2524	739.969	92.8642	-24.2524	739.969	
11797	19179	167.444	396.082	167.065	-99999	71.057	-0.946978	1	1	1	1	0	285.834	247.844	133.625	-24.9768	-337.802	-306.539	308.085	294.196	269.941	133.625	53.7486	-25.3187	-337.802	-317.155	-306.533	5.47737	8	0	72.735	71.0902	6.65284	-320.646	71.0902	6.65284	-320.646	
11786	12273	247.418	607.838	247.181	-99999	-37.507	-0.845458	1	1	1	1	1	175.598	95.4703	133.382	-71.6168	383.894	495.34	175.641	138.085	95.4741	133.382	27.7823	-71.8096	383.894	436.211	495.469	4.93202	15	0	80.9425	-37.4872	-18.1074	463.021	-37.4872	-18.1074	463.021	
11797	90326	82.0992	166.993	81.2854	-99999	48.172	-0.471551	1	1	1	0	0	318.842	344.1	133.733	93.3052	613.409	679.235	333.601	346.46	359.185	134.11	113.557	93.3052	612.767	645.876	679.235	4.70377	8	0	41.1666	48.2174	-15.1337	678.751	-3.39261	32.6313	748.196	
11797	90596	132.867	303.522	131.731	-99999	89.855	-0.914478	1	1	1	0	0	289.129	331.095	133.004	9.30821	154.016	170.868	316.799	338.665	359.233	134.029	71.8048	9.30821	153.89	161.732	170.868	5.25119	6	0	48.2918	89.8617	3.68988	168.272	89.8617	3.68988	168.272	
11797	11340	88.9838	184.144	88.9837	-99999	51.052	-0.524271	0	0	0	0	0	207.779	276.522	133.382	82.9475	-350.821	-375.994	223.765	258.21	292.509	133.382	108.343	82.9475	-350.821	-363.681	-375.994	4.86727	8	0	41.4424	-999999	-999999	-999999	-999999	-999999	-999999	
11797	56484	205.038	466.282	204.727	-99999	111.945	-0.665293	0	0	0	0	0	172.149	80.5127	133.651	-10.2172	302.204	414.53	172.171	124.382	80.3847	133.856	62.066	-10.2172	302.027	357.27	414.53	6.74774	12	0	71.4003	-36.4183	56.6626	-435.688	-36.4183	56.6626	-435.688	
11797	7656	126.511	375.911	125.459	-99999	85.091	-0.925204	1	1	1	1	1	172.949	224.296	133.023	19.1608	219.661	207.946	159.197	185.011	210.924	134	76.5333	19.1608	219.739	214.088	207.946	5.41659	6	0	94.6203	85.1212	-40.5694	200.494	85.1212	-40.5694	200.494	
11797	8826	106.753	269.737	104.932	-99999	102.402	-0.949072	0	0	0	0	0	190.908	162.927	132.726	32.2298	-17.4519	-19.7448	190.813	174.129	162.354	132.8	82.3195	30.5577	-17.4379	-21.5216	-19.6301	8.10421	8	0	75.8879	77.3926	-87.3582	-314.353	77.3926	-87.3582	-314.353	
11786	2753	221.126	680.202	220.665	-99999	67.541	-0.966293	1	1	1	1	1	160.437	220.983	133.763	-75.6907	682.019	715.903	149.823	180.108	210.502	133.763	28.7702	-76.1134	682.019	698.798	716.014	4.20471	12	0	180.441	67.5769	-23.5396	695.874	67.5769	-23.5396	695.874	
11795	8490	507.608	1054.13	505.595	93.6353	89.307	-0.627327	1	1	1	1	1	178.492	238.118	132.509	-170.357	551.728	156.742	178.366	203.799	238.219	133.161	-34.6524	-170.586	552.531	364.058	156.11	4.9878	14	0	70.8715	89.3576	-28.8885	349.198	89.3576	-28.8885	349.198	
11786	30593	116.485	277.455	114.651	101.732	100.314	-0.95785	1	1	1	1	1	197.658	219.13	131.384	21.1941	-318.811	-335.679	197.531	203.783	219.161	133.059	76.5775	21.1289	-318.319	-330.778	-335.702	5.1973	10	0	68.7938	100.331	7.27037	-328.364	100.331	7.27037	-328.364	
11797	12315	85.8242	222.371	85.0789	-99999	113.718	-0.961037	0	0	0	0	0	121.953	137.856	133.348	51.5749	365.822	380.136	121.724	127.486	137.726	134.063	92.6885	51.5749	365.647	375.395	380.136	4.85235	7	0	69.7933	-999999	-999999	-999999	-999999	-999999	-999999	
11797	71011	254.526	542.437	243.601	-99999	30.013	-0.798823	1	1	1	1	1	341.088	224.92	127.653	-76.8898	66.7031	110.096	355.229	289.861	234.085	135.041	31.4862	-78.4903	63.9851	98.3961	110.654	4.35111	7	0	80.9985	30.0324	-1.74063	93.3703	30.0324	-1.74063	93.3703	
11797	24676	94.0122	282.15	92.8254	-99999	92.217	-0.844148	1	0	0	0	0	182.867	149.47	132.242	49.3572	788.754	811.826	182.868	161.764	149.137	132.438	92.122	48.4519	788.689	800.184	812.017	5.82724	12	0	116.526	98.4407	-85.0202	-640.355	-21.2393	-79.8255	731.293	
11789	4895	179.374	444.83	179.035	-99999	81.875	-0.833206	1	1	1	1	1	198.77	188.085	132.802	0.110042	-430.783	-533.03	224.392	216.028	213.724	133.07	64.0149	0.110042	-430.606	-486.997	-533.03	34.0586	10	0	111.342	81.914	8.11098	-500.594	81.914	8.11098	-500.594	
11797	98782	231.812	527.333	231.505	-99999	17.441	-0.919875	1	1	1	1	1	138.636	145.659	131.274	-77.2892	477.94	574.173	138.623	142.101	145.639	131.539	24.7239	-77.2892	477.828	521.426	574.173	4.52042	14	0	64.6218	17.4575	-13.5192	542.228	17.4575	-13.5192	542.228	
11795	9150	527.178	863.915	523.28	26.4101	24.355	-0.532676	1	1	1	1	1	201.703	218.948	133.182	-99.0273	-60.7973	388.385	201.703	188.48	219.298	133.182	1.47907	-99.9497	-60.7973	158.019	390.14	4.09817	8	0	58.213	24.4067	-17.9477	182.348	24.4067	-17.9477	182.348	
11797	52767	398.971	788.886	395.664	-99999	39.504	-0.753213	1	1	1	1	1	193.773	111.971	131.972	-157.38	382.63	636.822	193.807	148.496	111.739	132.249	-18.9956	-159.469	382.399	503.417	638.869	4.82414	15	0	64.091	39.5268	-39.0086	530.927	39.5268	-39.0086	530.927	
11795	3780	205.16	486.02	204.646	-99999	-44.305	-0.919629	1	1	1	1	1	76.1526	159.617	133.826	-51.0997	644.121	656.968	76.1599	117.695	159.836	133.927	40.2959	-51.4584	644.123	640.432	657.023	6.64372	9	0	88.6541	-44.2812	9.78195	642.079	-44.2812	9.78195	642.079	
11797	34742	216.709	2760.45	216.178	-99999	79.284	-0.675236	1	1	1	1	1	291.898	312.722	133.165	-53.2753	-571.252	-468.685	316.726	329.704	337.809	133.165	39.792	-53.7121	-571.252	-520.593	-468.841	22.5575	13	0	1753.58	79.311	-43.7584	-474.079	79.311	-43.7584	-474.079	
11782	7644	230.393	511.131	213.939	-99999	-18.834	-0.787082	1	1	1	1	1	66.768	200.112	-46.7278	119.154	-561.642	-539.997	208.476	136.921	65.062	129.891	40.4535	-48.8596	-538.391	-550.621	-561.936	4.43173	217	0	511.131	-18.8125	-14.3094	-552.774	-18.8125	-14.3094	-552.774	
11789	25105	120.621	811.747	120.245	-99999	53.543	-0.809896	1	1	1	1	1	78.5425	125.611	133.416	37.3938	797.291	852.238	78.4117	101.69	125.615	133.58	85.3745	37.2531	797.194	824.962	852.311	24.5933	13	0	520.032	53.5526	4.84086	807.154	53.5526	4.84086	807.154	
11797	45272	136.992	335.402	133.996	-99999	105.91	-0.676711	0	0	0	0	0	123.649	227.141	134.175	50.4974	-450.286	-435.209	104.999	158.125	210.622	136.069	93.6611	50.342	-450.697	-442.502	-435.187	4.64953	9	0	63.2614	72.0991	-21.6272	-143.695	72.0991	-21.6272	-143.695	
11786	23609	268.555	548.169	267.755	-99999	14.387	-0.978317	1	1	1	1	1	141.57	168.139	133.194	-119.963	-423.224	-349.266	141.527	155.881	168.122	133.744	3.57322	-119.963	-423.33	-393.833	-349.266	5.1403	11	0	70.1908	14.4165	-16.8974	-381.59	14.4165	-16.8974	-381.59	
11786	24869	306.85	685.312	306.233	-99999	-3.651	-0.538719	1	1	1	1	1	354.55	141.723	24.9689	-104.804	366.455	540.236	354.974	248.723	141.723	25.3004	-52.2732	-104.804	366.16	444.783	540.236	4.07625	14	0	75.8813	-3.64622	-19.7548	426.228	-3.64622	-19.7548	426.228	
11775	4251	201.479	1.87454e+10	199.423	-99999	-12.699	-0.853373	1	1	1	1	1	304.727	301.056	127.558	-40.2	19.2262	120.947	300.75	297.509	296.107	127.558	42.6094	-40.3633	19.2262	73.096	122.751	3140.17	36	0	1.87454e+10	-12.6722	-24.4442	107.439	-12.6722	-24.4442	107.439	
11780	6626	178.414	677.381	178.176	-99999	68.507	-0.826691	1	1	1	1	1	172.39	115.95	134.238	-4.57533	-101.193	-6.85026	172.387	144.469	115.871	134.43	62.6154	-4.57533	-101.3	-56.3634	-6.85026	9.46754	15	0	193.447	68.5422	-21.4891	-3.29803	57.0922	-33.226	-54.1084	
11780	8336	98.918	236.686	97.0496	-99999	-44.333	-0.922159	1	1	1	0	0	169.496	167.723	130.133	44.7973	-102.271	-57.5115	169.504	171.064	167.491	130.548	85.7982	43.4959	-102.435	-81.6816	-57.0481	4.90144	12	0	71.8128	-44.3004	18.8239	-66.4254	-44.3004	18.8239	-66.4254	
11782	7537	324.342	1362.14	323.391	-99999	-2.53	-0.679767	1	1	1	1	1	296.585	91.2037	133.59	-75.4995	-369.128	-232.665	297.124	194.052	91.2037	134.244	29.5892	-75.4995	-369.555	-300.893	-232.665	7.66149	12	0	123.018	-2.51636	-39.4313	-258.469	-2.51636	-39.4313	-258.469	
11797	36432	180.102	380.849	179.62	-667.675	52.113	-0.380817	0	0	0	0	0	171.678	305.495	133.525	102.064	615.217	725.112	171.43	236.432	305.526	133.687	104.505	102.07	614.921	669.615	725.156	4.05583	14	0	64.0598	99.973	-17.1253	-145.27	99.973	-17.1253	-145.27	
11789	18443	349.781	1167.43	348.997	342.402	95.332	-0.742418	0	0	0	0	0	152.282	322.832	133.443	-122.882	-542.855	-706.144	152.269	238.657	323.242	133.464	6.02637	-123.424	-542.843	-625.633	-706.466	4.93114	11	0	77.4018	15.2451	-78.02	35.8525	0.945073	36.4825	-572.297	
11780	1711	302.802	671.426	302.522	-99999	-21.762	-0.811783	1	1	1	1	1	112.628	98.7958	133.601	-112.559	14.6732	180.539	112.653	104.862	98.83	133.601	15.0604	-112.74	14.6732	106.224	180.665	4.58081	14	0	75.1178	-21.7307	-21.0745	126.649	-21.7307	-21.0745	126.649	
11797	64035	208.902	640.186	204.311	-99999	0.332	-0.806963	1	1	1	1	1	354.248	293.721	-168.273	-5.22384	123.246	230.411	293.411	324.016	355.327	-4.16143	-87.2395	-170.866	231.069	175.658	121.502	4.71236	559	0	640.186	0.364998	-38.1203	207.434	0.364998	-38.1203	207.434	
11795	29270	190.362	427.672	189.955	28.1071	29.158	-0.750127	1	1	1	1	1	226.263	99.6275	132.467	-0.259643	-349.927	-306.205	226.521	160.43	99.6275	132.771	65.8586	-0.259643	-349.985	-335.82	-306.205	4.31513	11	0	75.1778	29.1704	7.18998	-318.163	29.1704	7.18998	-318.163	
11797	78184	166.36	3672.23	165.73	-99999	-9.887	-0.691996	1	1	1	1	1	276.436	163.523	133.284	27.3353	743.797	802.432	276.813	221.206	163.523	133.717	79.4984	27.3353	743.561	773.311	802.432	13.9223	11	0	146.194	-9.86807	-24.7922	801.275	-9.86807	-24.7922	801.275	
11797	14560	385.096	925.37	383.775	86.1731	85.914	-0.561519	1	1	1	1	1	106.752	268.582	133.735	-81.8895	779.719	508.756	106.554	195.171	268.745	134.019	30.8377	-82.4951	780.083	643.913	508.238	5.38739	17	0	80.3805	85.9614	-0.322234	630.161	85.9614	-0.322234	630.161	
11781	2242	150.475	358.474	149.588	-99999	34.065	-0.928605	1	1	1	1	1	308.87	266.341	133.088	-8.03594	558.408	578.827	319.855	292.456	277.008	133.907	64.298	-8.03594	558.378	565.657	578.827	4.91553	7	0	80.1413	34.0859	0.276644	528.595	34.0859	0.276644	528.595	
11780	7812	309.117	603.061	308.682	-99999	23.356	-0.810734	1	1	1	1	1	70.066	125.593	133.696	-112.327	-202.93	-26.5349	70.0127	93.8472	125.61	133.914	10.3925	-112.444	-203.082	-113.532	-26.4631	4.8436	13	0	86.6669	23.383	2.50311	-109.907	23.383	2.50311	-109.907	
11797	8497	331.458	731.758	331.454	-99999	97.173	-0.812142	1	1	1	1	1	86.2073	139.91	132.839	-139.285	274.358	453.66	86.0961	115.326	139.799	132.839	-0.83755	-139.285	274.358	367.439	453.66	4.77792	13	0	76.1211	97.2006	-15.9225	371.662	97.2006	-15.9225	371.662	
11797	75857	345.68	794.967	344.338	21.9503	20.759	-0.860233	1	1	1	1	1	140.672	299.417	133.201	-164.561	588.271	539.748	140.105	238.84	299.509	134.2	-5.90962	-164.714	588.376	567.284	539.731	14.0648	6	0	77.0463	20.7959	-22.2676	564.586	20.7959	-22.2676	564.586	
11789	751	136.956	319.932	136.597	-99999	7.135	-0.534273	1	1	1	1	1	208.267	118.798	130.417	60.1681	-131.092	-55.488	208.482	163.785	118.79	130.609	95.5193	60.1681	-131.297	-93.1009	-55.488	4.51464	11	0	51.9673	7.16168	21.8986	-45.8188	7.16168	21.8986	-45.8188	
11797	10656	460.971	485380	460.955	89.978	89.275	-0.502454	1	1	1	1	1	62.0493	268.219	93.4107	-131.845	453.2	108.518	62.0493	166.744	268.219	93.4107	-19.9027	-131.845	453.2	281.969	108.518	8.40097	20	0	99308.4	89.3365	-46.2765	153.196	89.3365	-46.2765	153.196	
11780	10429	253.763	590.888	250.518	-99999	75.382	-0.982072	1	1	1	1	1	192.469	146.921	131.811	-111.024	407.753	375.406	192.557	177.482	146.263	133.09	7.74656	-112.871	407.945	396.286	375.352	4.26051	11	0	72.2601	75.4084	-24.0669	388.578	75.4084	-24.0669	388.578	
11797	86836	155.702	381.09	153.521	-99999	111.998	-0.976535	0	0	0	0	0	94.8308	110.955	132.608	-11.3911	-680.639	-631.458	94.6591	104.667	110.734	133.529	59.7183	-12.5864	-680.817	-658.416	-631.15	5.77848	17	0	81.0428	-1.13125	30.3275	-698.9	-1.13125	30.3275	-698.9	
11775	5918	177.926	907.541	175.808	-99999	56.894	-0.982497	1	1	1	1	1	319.406	341.265	128.36	-45.9484	387.303	391.062	336.941	347.815	359.087	130.371	42.1909	-46.0023	387.028	389.799	391.055	6.66802	11	0	46.9811	56.9102	-13.612	384.303	56.9102	-13.612	384.303	
11797	22085	273.348	4578.23	272.868	73.6727	73.103	-0.814891	1	1	1	1	1	138.312	223.896	133.295	-91.0792	454.042	327.676	138.265	183.66	223.891	133.426	21.6596	-91.3504	454.122	389.979	327.522	11.244	12	0	76.5488	73.1386	-11.2943	380.22	73.1386	-11.2943	380.22	
11797	30624	186.471	723.232	185.5	-99999	-1.78	-0.751395	1	1	1	1	1	191.676	79.5448	128.7	-3.11973	127.775	193.818	192.233	135.599	79.5469	129.435	62.3084	-3.11973	127.476	158.751	193.818	24.0853	12	0	173.746	-1.75219	-11.2171	188.898	-1.75219	-11.2171	188.898	
11797	91312	98.2144	228.5	96.2905	-99999	100.076	-0.85098	1	1	1	1	1	173.905	226.093	132.88	52.2917	-286.282	-279.015	157.56	184.03	210.757	133.908	92.7094	51.6942	-286.389	-282.756	-278.937	4.98781	8	0	55.9424	100.097	-35.6371	-272.636	100.097	-35.6371	-272.636	
11795	3653	129.976	301.422	126.336	-99999	-38.179	-0.870996	1	1	1	1	1	63.35	116.912	82.5222	-31.3314	-218.765	-225.202	62.1116	90.7726	117.475	84.8107	26.57	-32.193	-218.717	-220.628	-225.118	5.12125	6	0	78.4749	-38.1576	43.5883	-220.538	-38.1576	43.5883	-220.538	
11795	4103	61.7349	164.728	61.2061	-99999	-36.081	-0.859049	1	1	1	0	0	268.726	231.959	133.027	84.6659	-239.24	-234.037	257.604	240.926	220.545	133.338	107.589	84.5463	-239.286	-235.979	-234.027	5.86565	6	0	70.7403	-36.0706	44.6742	-471.062	-36.0706	44.6742	-471.062	
11789	24846	177.677	662.807	177.671	109.4	109.113	-0.680256	0	0	0	0	0	144.384	267.363	133.79	38.57	-468.995	-552.379	144.384	204.454	267.363	133.79	79.9814	38.57	-468.995	-505.961	-552.379	5.71538	8	0	68.2601	94.3044	-76.018	-808.119	24.0644	71.3926	-764.655	
11797	75920	116.077	235.219	115.996	-99999	52.613	-0.9755	1	0	0	0	0	332.869	307.903	134.724	21.8145	-854.054	-853.716	349.359	336.095	324.379	134.789	78.3893	21.8145	-854.052	-851.665	-853.716	4.53944	9	0	70.9824	52.6387	38.0577	-831.11	52.6387	38.0577	-831.11	
11789	19024	279.489	594.212	278.342	13.9164	12.577	-0.784343	1	1	1	1	1	356.559	195.672	134.754	-90.7894	-139.032	-133.703	356.801	275.068	195.339	135.061	22.3648	-91.4533	-139.054	-127.715	-133.814	4.77254	6	0	68.9106	11.9214	-10.8349	257.54	11.9214	-10.8349	257.54	
11786	31252	306.844	691.868	305.752	56.8845	57.702	-0.953751	1	1	1	1	1	222.068	168.02	131.679	-156.714	484.616	557.761	222.201	193.027	168.02	132.397	-11.6176	-156.714	484.436	527.138	557.761	8.25825	13	0	102.381	57.7341	-30.4357	538.618	57.7341	-30.4357	538.618	
11797	86747	186.379	471.535	184.373	-25.4261	-27.296	-0.951158	1	1	1	1	1	222.611	202.55	130.368	-38.6598	-637.928	-568.081	222.878	211.832	202.55	132.268	45.5439	-38.6598	-638.476	-606.294	-568.081	8.46953	12	0	102.44	-27.2584	-2.92336	-592.595	-27.2584	-2.92336	-592.595	
11789	21563	199.64	2620.71	198.07	-99999	-22.046	-0.867002	1	1	1	1	1	350.016	284.786	133.33	-35.8942	-672.835	-596.664	343.482	310.313	277.86	134.602	52.3862	-35.9905	-673.457	-627.726	-596.644	4.08613	7	0	65.3559	-22.013	11.5641	-617.336	-22.013	11.5641	-617.336	
11797	88624	156.487	375.98	156.102	-99999	77.586	-0.788225	1	1	1	0	0	191.126	124.015	132.663	12.912	255.553	327.751	191.215	158.77	123.926	132.963	69.3016	12.912	255.398	286.85	327.751	4.18959	12	0	68.6505	77.6139	9.59051	301.262	77.6139	9.59051	301.262	
11781	3485	96.3181	251.471	95.0688	58.8254	59.836	-0.961701	1	1	1	0	0	186.012	216.788	132.353	44.3381	-420.091	-437.076	185.794	198.963	216.854	133.349	87.8125	44.1414	-419.905	-428.121	-437.094	14.3911	7	0	77.5497	59.8617	19.966	-436.102	59.8617	19.966	-436.102	
11761	2841	191.631	472.562	181.78	42.4348	38.112	-0.43716	1	1	1	1	1	69.4343	232.221	69.049	8.50324	-206.033	-152.721	65.102	150.576	235.867	71.3857	38.8673	6.8737	-208.205	-180.028	-150.732	6.04176	21	0	81.6223	38.0963	-6.13709	-26.1453	38.0963	-6.13709	-26.1453	
11789	24041	431.261	912.011	426.742	-537.938	-47.873	-0.701025	0	0	0	0	0	245.709	165.292	132.456	-145.808	-467.936	-155.016	245.907	206.626	164.825	133.357	-6.93741	-147.848	-468.816	-309.894	-152.546	4.99889	16	0	71.2372	34.5598	-24.1878	-456.397	34.5598	-24.1878	-456.397	
11786	5376	26.3836	64.2367	25.9517	-99999	-17.968	-0.517553	1	1	1	0	0	291.215	311.509	133.802	120.433	-678.864	-687.912	285.588	295.889	306.219	133.802	127.038	120.209	-678.864	-683.544	-688.049	8.29487	9	0	51.3333	-17.9809	42.0315	-713.767	-17.9809	42.0315	-713.767	
11759	527	173.687	438.603	173.251	-99999	46.166	-0.962613	1	1	1	1	1	324.851	276.168	134.149	-30.3715	292.166	311.196	339.308	313.699	290.449	134.149	51.7793	-30.7486	292.166	301.996	311.105	4.46315	9	0	71.4867	46.1802	-0.736046	298.891	46.1802	-0.736046	298.891	
11759	3407	74.9877	171.828	74.0842	-99999	111.547	-0.784422	1	1	0	0	0	275.887	323.972	134.487	78.6313	-699.36	-692.009	310.817	335.049	359.432	134.487	106.123	77.9019	-699.36	-695.679	-691.958	8.5218	6	0	66.045	111.559	35.9869	-681.224	111.559	35.9869	-681.224	
11797	79486	41.863	83.6262	41.1798	-99999	66.877	-0.812072	0	0	0	0	0	314.955	338.07	133.971	100.091	425.856	422.242	335.599	347.301	359.114	134.379	117.096	99.9487	425.889	424.333	422.221	4.80244	8	0	43.3359	66.8994	-110.791	420.102	66.8994	-110.791	420.102	
11797	24716	215.664	484.216	215.302	-388.718	-38.172	-0.889097	1	1	1	1	1	119.643	218.731	133.286	-46.0645	-162.008	-224.049	119.52	164.392	218.731	133.602	42.5853	-46.0645	-161.903	-198.026	-224.049	6.19516	7	0	73.5316	-38.1349	8.85095	-238.212	-38.1349	8.85095	-238.212	
11786	2717	161.846	365.41	160.2	-99999	0.462	-0.73996	1	1	1	1	1	259.785	165.693	132.844	8.62325	-768.984	-733.238	260.001	211.002	165.052	133.096	71.3608	7.50763	-769.061	-751.005	-733.053	5.18762	9	0	74.9362	-2.07965	-19.3736	-162.779	-2.07965	-19.3736	-162.779	
11775	5657	363.039	21.7071	2.65159	-99999	43.693	-0.649088	1	1	1	1	1	223.674	224.98	126.56	124.794	-157.834	-159.306	237.357	254.456	273.21	126.56	-26.7445	-179.807	-157.834	-251.019	-345.666	6.08084	10	0	21.7071	43.7352	-25.3081	-257.867	43.7352	-25.3081	-257.867	
11780	10734	138.382	339.905	137.667	58.1689	57.596	-0.848683	1	1	1	1	0	213.835	167.331	132.681	38.3422	254.608	342.124	213.926	191.502	167.216	133.02	82.0312	38.1948	254.392	295.285	342.342	4.47319	15	0	73.7894	57.634	12.6303	314.857	57.634	12.6303	314.857	
11780	6750	189.986	427.261	188.189	203.386	81.924	-0.962426	0	0	0	0	0	222.954	187.654	132.297	-45.3338	-850.684	-803.195	223.322	200.387	187.658	133.987	44.4945	-45.3656	-850.964	-829.528	-803.187	6.2338	12	0	79.139	62.8977	-22.3284	-257.521	62.8977	-22.3284	-257.521	
11797	62900	534.836	1139.61	526.774	-25.7553	-26.986	-0.566611	1	1	1	1	1	151.518	330.683	133.58	-150.91	104.302	-298.853	151.378	250.597	332.906	133.835	-8.83422	-155.977	104.644	-98.4564	-304.059	4.40821	13	0	48.2014	-26.9435	-30.0889	-137.734	-26.9435	-30.0889	-137.734	
11797	1402	366.2	740.918	365.248	102.85	102.626	-0.830413	0	0	0	0	0	225.819	202.56	132.808	-156.533	-76.059	141.066	225.893	211.572	202.571	133.395	-15.7337	-156.565	-76.4423	28.4309	141.118	4.59041	15	0	63.8759	99.1443	20.809	-407.315	87.0843	3.28584	105.309	
11795	19384	47.682	132.464	47.0566	-99999	27.15	-0.462423	0	0	0	0	0	158.156	119.632	133.931	111.5	502.275	514.078	158.125	139.714	119.095	133.931	122.79	111.197	502.275	512.073	514.111	7.0921	6	0	74.0189	75.7212	4.47	-311.845	-41.4988	-4.33361	715.482	
11786	5610	372.124	822.786	366.756	-99999	75.993	-0.806352	1	1	1	1	1	259.179	335.26	128.584	-170.583	882.625	685.57	282.386	313.17	359.056	132.919	-20.4542	-170.583	885.73	785.075	685.57	4.38286	14	0	50.5435	76.0258	-22.1018	756.755	76.0258	-22.1018	756.755	
11772	1379	63.0968	160.074	62.584	-99999	110.768	-0.478974	1	1	0	0	0	304.376	324.548	28.0244	-1.03471	-894.932	-843.309	338.942	349.165	359.281	28.2016	13.4273	-1.09721	-895.233	-869.302	-843.188	4.81157	8	0	46.9109	110.754	-7.62273	-833.729	110.754	-7.62273	-833.729	
11795	23436	260.248	653.94	259.741	57.3422	58.958	-0.68965	1	1	1	1	1	297.953	131.067	133.517	-23.7135	182.627	65.6335	298.223	219.506	131.067	133.86	45.6078	-23.7135	182.861	128.895	65.6335	4.72552	8	0	71.9245	58.9917	3.07205	117.533	58.9917	3.07205	117.533	
11797	39317	537.56	4898.31	537.407	-19.8746	-20.808	-0.443112	1	1	1	1	1	358.048	135.235	91.2866	-160.393	615.076	204.504	358.122	221.344	135.235	91.3518	-29.07	-160.393	615.185	417.734	204.504	6.35958	7	0	74.3443	-20.7964	-44.0725	490.82	-20.7964	-44.0725	490.82	
11795	4985	141.959	339.577	141.695	-99999	46.578	-0.997145	1	1	1	1	1	251.838	254.92	132.729	-2.24842	656.771	619.274	266.423	262.874	269.517	132.729	64.4186	-2.47764	656.771	639.848	619.19	4.55817	15	0	82.4925	46.6047	-10.7637	629.458	46.6047	-10.7637	629.458	
11780	1290	289.449	694.204	288.654	39.9034	39.155	-0.955716	1	1	1	1	1	197.235	285.024	132.274	-139.579	84.6339	49.8254	197.165	244.201	285.19	132.524	-3.46919	-140.048	84.6651	70.4944	49.6551	7.65765	12	0	120.914	39.1876	-36.2514	58.0673	39.1876	-36.2514	58.0673	
11780	3630	312.329	701.943	310.581	-34.5531	-32.773	-0.927241	1	1	1	1	1	232.098	159.299	127.765	-159.163	463.258	553.815	232.301	200.357	159.226	129.023	-14.8951	-159.533	462.797	513.449	553.873	6.72407	8	0	69.1313	-32.7403	-31.1661	520.877	-32.7403	-31.1661	520.877	
11797	11008	186.958	348.217	184.836	-99999	31.771	-0.962448	1	1	1	1	1	93.9045	111.109	133.335	-43.2886	-84.5886	-42.2654	93.7953	112.406	110.855	134.049	45.1195	-44.4309	-84.77	-63.3926	-42.2027	5.60164	7	0	64.7453	31.7988	0.518605	-52.416	31.7988	0.518605	-52.416	
11773	3004	146.493	310.736	146.491	-99999	-21.153	-0.490935	0	0	0	0	0	72.5751	142.095	131.579	49.6915	250.913	349.814	72.5993	109.604	142.119	131.579	91.3904	49.6915	250.913	299.613	349.814	4.04954	15	0	57.417	-11.9566	-43.9011	372.29	-11.9566	-43.9011	372.29	
11773	3814	60.4247	161.953	59.6702	-99999	103.475	-0.864914	1	0	0	0	0	66.3202	100.274	133.26	84.5517	203.061	206.282	66.2018	82.0408	100.679	133.26	107.548	84.0156	203.061	203.607	206.355	5.16955	6	0	69.4338	103.502	65.1237	204.499	103.502	65.1237	204.499	
11786	15335	302.955	2722.22	301.121	-99999	108.25	-0.863896	0	0	0	0	0	182.808	325.17	132.435	-128.794	-154.014	-199.36	216.428	288.177	359.305	132.916	1.43869	-129.229	-153.947	-176.452	-199.428	4.79056	10	0	53.9396	94.8744	-73.5244	779.254	83.3344	38.1885	740.16	
11780	1494	68.4485	204.207	67.9019	-99999	64.383	-0.492988	0	0	0	0	0	112.756	148.524	-94.7817	-128.778	-891.402	-845.537	112.565	131.706	148.453	-94.6918	-112.379	-128.816	-891.514	-869.385	-845.222	4.95631	24	0	97.9839	-999999	-999999	-999999	-999999	-999999	-999999	
11786	6414	211.098	519.588	210.416	77.0804	74.376	-0.915574	1	1	1	1	1	260.371	203.039	133.499	-52.3086	-212.222	-137.588	260.371	237.317	202.788	133.499	35.9646	-52.6753	-212.222	-179.269	-137.083	4.59391	15	0	74.415	74.4023	-1.38723	-170.149	74.4023	-1.38723	-170.149	
11774	8443	297.807	1131.78	295.958	116.134	115.254	-0.791985	1	1	1	1	1	310.312	157.233	133.51	-92.5688	-23.354	85.8006	310.428	226.768	157.099	133.707	23.6968	-94.0982	-23.445	31.5866	86.2261	8.70231	15	0	112.235	115.294	-6.49315	37.0206	115.294	-6.49315	37.0206	
11761	5204	213.234	24845.7	207.745	-99999	-19.188	-0.542635	1	1	1	1	1	317.93	231.011	133.152	25.9526	-444.442	-289.19	312.243	267.558	223.222	133.618	78.1041	23.776	-445.079	-365.787	-285.505	52.9675	9	0	24352.4	-19.1615	-16.3114	-235.717	-19.1615	-16.3114	-235.717	
11782	12697	154.56	361.428	154.557	-99999	29.37	-0.588636	1	1	1	1	0	101.557	187.802	132.729	33.679	61.6229	141.904	101.524	147.435	187.768	132.729	85.6273	33.679	61.6229	102.15	141.904	5.58253	10	0	73.667	20.062	-16.5327	266.151	-47.498	-18.29	241.903	
11797	83290	343.338	576.532	342.899	17.2522	15.589	-0.830465	1	1	1	1	1	204.105	254.668	126.841	-135.092	-716.44	-510.655	204.103	208.83	254.677	127.021	-12.9394	-135.169	-716.562	-618.956	-510.517	4.26712	7	0	65.8003	15.6182	-30.0438	-590.584	15.6182	-30.0438	-590.584	
11761	1667	404.064	965.635	385.817	-99999	15.712	-0.81656	1	1	1	1	1	79.815	120.849	134.006	-164.641	-65.985	174.7	79.7863	100.784	122.674	134.321	-22.4848	-178.362	-66.2062	59.3543	185.97	17.2974	14	0	70.0446	15.7513	-10.6225	55.8198	15.7513	-10.6225	55.8198	
11759	1887	209.447	462.052	208.862	-99999	107.845	-0.997478	1	1	1	1	1	217.747	184.193	132.026	-71.8224	-309.363	-324.331	251.557	241.793	217.964	132.598	28.7323	-71.8224	-309.359	-314.546	-324.331	5.4716	13	0	72.4827	107.874	-12.7936	-322.116	107.874	-12.7936	-322.116	
11797	33319	311.923	720.872	310.54	63.7288	62.818	-0.959899	1	1	1	1	1	183.924	235.488	132.303	-169.075	-122.998	-94.9399	183.728	228.394	235.44	132.969	-16.2024	-169.735	-122.989	-116.103	-94.8735	4.1176	7	0	79.536	63.5102	-20.8577	-114.117	63.5102	-20.8577	-114.117	
11797	34129	255.863	556.057	253.418	-99999	-22.916	-0.899211	1	1	1	1	1	223.28	255.671	131.932	-100.968	-199.793	-111.525	215.876	233.782	248.934	132.898	17.9927	-102.244	-200.213	-147.08	-111.421	5.2175	7	0	76.7514	-22.8754	-14.9411	-148.511	-22.8754	-14.9411	-148.511	
11773	1900	123.366	2618.47	116.891	-99999	55.692	-0.950467	1	1	1	1	1	134.452	134.948	133.066	31.4949	602.315	545.586	134.389	135.172	133.785	133.066	78.0828	28.0739	602.315	574.529	546.913	837.661	6	0	2564.5	55.7281	-14.1485	528.938	55.7281	-14.1485	528.938	
11797	88500	50.7126	297.176	50.1192	-99999	-4.829	-0.661617	1	1	1	1	1	151.308	186.051	133.517	100.742	406.387	421.507	150.912	168.523	186.057	133.91	117.518	100.742	406.197	414.195	421.507	21.3169	8	0	229.879	-4.78956	-5.20341	456.819	-4.78956	-5.20341	456.819	
11797	15411	339.319	1990.29	338.717	148.281	114.074	-0.747276	0	0	0	0	0	334.215	191.553	133.857	-137.497	-545.035	-403.627	334.332	254.136	191.351	134.032	1.94216	-137.783	-545.133	-475.983	-403.536	5.19795	8	0	77.3316	4.44571	-12.2538	-258.13	4.44571	-12.2538	-258.13	
11795	22829	61.8512	184.409	61.6025	-99999	116.057	-0.739302	0	0	0	0	0	111.799	80.8034	126.631	84.3894	-121.439	-92.3254	111.697	94.5738	80.6706	126.679	105.463	84.3894	-121.435	-107.77	-92.3254	7.51878	19	0	85.6066	90.0187	-30.8694	344.49	23.6687	63.8654	34.0181	
11786	17026	261.534	799.419	260.041	-99999	44.242	-0.9507	1	1	1	1	1	163.662	111.964	133.594	-111.99	205.443	264.482	163.669	137.867	111.439	133.789	7.23633	-113.131	205.413	225.076	264.826	5.75149	10	0	242.848	44.2706	-23.9671	234.304	44.2706	-23.9671	234.304	
11797	46636	258.568	621.517	258.435	-99999	81.775	-0.998786	1	1	1	1	1	73.8357	99.7979	134.385	-119.773	-663.167	-659.594	73.7446	82.5556	99.7043	134.502	5.8228	-119.773	-663.164	-668.934	-659.594	10.9741	15	0	112.768	81.8026	-28.7898	-660.516	81.8026	-28.7898	-660.516	
11797	89423	105.995	269.166	103.388	-99999	89.824	-0.982819	1	1	1	0	0	84.6219	106.043	132.473	32.0663	-298.737	-288.027	84.4725	93.9166	106.264	133.185	81.3748	30.2348	-298.863	-293.652	-287.759	4.93661	10	0	80.2748	89.8336	2.27836	-282.958	89.8336	2.27836	-282.958	
11795	22643	55.4759	134.145	55.4723	-663.397	48.974	-0.808726	1	1	1	1	0	197.59	230.596	133.134	89.7868	-338	-346.483	197.59	212.714	230.596	133.134	110.72	89.7868	-338	-343.781	-346.483	7.7542	6	0	60.5503	48.9694	34.7174	-589.472	-28.0206	31.472	-344.095	
11795	8975	94.1563	311.058	93.0719	-99999	13.817	-0.592224	1	1	1	1	1	106.223	175.394	128.304	70.3169	-96.6621	-74.9665	108.033	142.995	177.92	128.602	99.7212	69.8562	-96.8297	-84.4608	-74.9905	4.37939	16	0	104.535	13.7999	-16.1157	-50.2078	13.7999	-16.1157	-50.2078	
11795	10923	240.2	648.593	238.762	-99999	63.71	-0.953466	1	1	1	1	1	96.4823	163.406	132.577	-94.3897	-736.029	-709.975	96.1266	125.308	163.406	133.618	18.04	-94.7199	-736.198	-722.109	-710.002	4.69317	7	0	167.765	63.7317	-8.10218	-714.151	63.7317	-8.10218	-714.151	
11774	6394	414.048	1080.68	414.044	46.1931	44.796	-0.681126	1	1	1	1	1	218.847	148.906	132.735	-87.4881	-649.883	-309.531	218.847	188.237	148.906	132.735	12.6269	-87.4881	-649.883	-484.452	-309.531	16.9477	15	0	247.635	44.8347	-21.4393	-431.656	44.8347	-21.4393	-431.656	
11773	2099	396.853	712.438	396.169	-99999	-47.549	-0.870853	1	1	1	1	1	149.355	177.194	134.814	-148.908	256.293	517.689	149.409	166.26	177.194	134.814	-18.3921	-149.29	256.293	380.765	518.077	6.01637	15	0	67.3138	-47.5132	-21.3925	10.326	85.0768	-33.2245	501.66	
11797	69513	284.615	579.296	281.016	-99999	33.444	-0.967405	1	1	1	1	1	149.644	195.327	133.091	-138.046	-806.425	-750.807	149.606	175.919	195.754	133.091	-3.46426	-141.322	-806.425	-776.429	-749.506	4.3749	14	0	58.3198	33.4586	-17.7997	-750.061	33.4586	-17.7997	-750.061	
11797	39299	295.722	665.427	292.663	-99999	42.168	-0.959375	1	1	1	1	1	205.576	271.172	131.733	-148.341	803.016	819.798	218.753	246.896	284.977	131.873	-10.8277	-151.07	802.986	828.95	819.013	5.94386	10	0	80.6731	42.1928	-28.4598	783.331	42.1928	-28.4598	783.331	
11797	19489	425.758	982.38	425.462	35.3224	33.674	-0.685637	1	1	1	1	1	343.311	183.888	134.354	-139.186	297.162	16.6721	343.311	261.238	183.901	134.354	-6.96809	-139.325	297.162	160.933	16.426	5.7703	7	0	74.2783	33.7073	-9.38571	156.002	33.7073	-9.38571	156.002	
11797	36176	377.948	815.742	377.613	34.2017	33.075	-0.595338	1	1	1	1	1	315.654	102.068	132.611	-102.259	-447.881	-246.124	315.833	216.113	102.068	132.806	14.2257	-102.259	-448.079	-339.962	-246.124	4.07188	12	0	64.0883	33.1075	-22.9524	-320.259	33.1075	-22.9524	-320.259	
11789	8272	235.17	1399.43	233.946	-22.9612	-24.086	-0.936039	1	1	1	1	1	238.717	157.126	133.906	-64.0941	-310.313	-398.725	238.717	208.645	156.546	133.906	28.2383	-65.1396	-310.313	-351.931	-398.935	4.99918	6	0	76.4819	-18.9976	-20.135	92.531	-18.9976	-20.135	92.531	
11797	27150	293.985	708.096	293.058	90.4422	89.739	-0.754346	1	1	1	1	1	156.698	236.748	133.142	-48.9153	-634.046	-423.245	156.698	208.457	236.867	133.142	35.4972	-49.314	-634.046	-537.292	-422.425	4.3894	11	0	82.1529	89.7862	-7.20331	-513.157	89.7862	-7.20331	-513.157	
11797	38832	224.734	506.057	224.007	61.0726	58.744	-0.8968	1	1	1	1	1	300.961	194.681	133.247	-57.4323	245.883	291.239	301.059	248.31	194.554	133.464	36.2467	-57.7857	245.844	265.313	291.352	5.63579	12	0	78.4393	58.7767	-2.0891	260.089	58.7767	-2.0891	260.089	
11797	5062	219.824	515.122	218.965	-99999	78.171	-0.750867	1	1	1	1	1	205.317	334.608	127.796	-48.828	463.759	468.61	229.546	294.716	359.383	128.062	39.6152	-49.2223	463.772	466.219	468.604	4.45095	6	0	47.1525	78.1909	11.5971	450.753	78.1909	11.5971	450.753	
11797	8302	341.901	894.091	341.612	-99999	111.45	-0.469241	0	0	0	0	0	224.722	324.172	133.697	-37.2492	-549.175	-270.705	259.491	309.508	359.071	133.83	48.3274	-37.2492	-549.393	-410.132	-270.705	5.1723	12	0	98.1043	73.0598	-34.9146	-424.235	73.0598	-34.9146	-424.235	
11797	64855	397.471	3192.35	362.727	-99999	32.819	-0.758628	1	1	1	1	1	158.634	125.41	132.03	-153.869	-414.96	-634.156	158.968	140.13	121.399	133.678	-24.5018	-180.214	-413.584	-532.362	-638.644	38.5901	17	0	1289.93	32.8481	-25.5273	-293.349	-17.1019	-18.3265	-303.318	
11797	84260	94.3174	153.725	93.625	-99999	78.385	-0.870649	1	1	1	0	0	109.738	105.726	133.403	51.0151	667.015	704.613	109.74	104.503	105.636	133.72	93.9982	51.0151	666.86	687.437	704.613	7.06464	7	0	28.9245	78.4009	34.9485	697.61	78.4009	34.9485	697.61	
11761	6843	112.392	702.475	111.938	21.7543	19.818	-0.740902	1	1	1	1	1	179.116	234.258	134.611	47.2519	-410.166	-449.966	179.116	206.825	234.412	134.611	92.8945	46.8404	-410.166	-435.523	-449.964	5.18008	7	0	72.413	19.8547	19.542	-437.098	19.8547	19.542	-437.098	
11761	7743	257.293	576.592	256.838	-99999	48.504	-0.830311	1	1	1	1	1	210.665	343.791	133.155	-86.2785	-27.8296	-18.5824	225.593	292.129	358.98	133.526	23.515	-86.2785	-27.8319	-23.5523	-18.5824	4.8935	6	0	49.9398	48.5315	-25.1716	-26.8984	48.5315	-25.1716	-26.8984	
11759	790	61.4058	167.223	61.1408	-99999	18.931	-0.847647	0	0	0	0	0	64.6498	96.7035	85.6448	36.9184	-833.307	-815.834	64.5102	78.9973	96.6818	85.8677	60.6476	36.9184	-833.381	-823.6	-815.834	6.58623	8	0	74.1551	18.0424	23.81	-29.9693	18.0424	23.81	-29.9693	
11797	44840	258.728	7303.41	258.329	58.0884	61.576	-0.811722	1	1	1	1	1	276.782	174.99	134.623	-58.1038	-570.627	-435.636	276.782	223.551	174.944	134.623	33.0432	-58.2431	-570.627	-511.1	-435.422	7.23065	13	0	2264.93	68.2741	-10.8004	640.268	-16.6159	-70.3201	-495.207	
11795	6442	270.283	679.095	267.858	-99999	-28.371	-0.850938	1	1	1	1	1	89.0439	160.149	132.988	-98.5533	-161.741	-50.3352	88.7828	128.465	160.059	133.758	16.0832	-99.7284	-162.108	-109.197	-49.3953	4.62001	16	0	103.828	-28.3509	-2.46979	-103.3	-28.3509	-2.46979	-103.3	
11795	27669	201.397	420.192	201.092	74.8147	77.022	-0.890654	1	1	1	1	1	125.106	232.873	133.158	-35.2312	-810.639	-823.023	125.091	174.041	233.049	133.187	45.747	-35.4256	-810.635	-819.821	-823.076	4.67099	8	0	70.3622	77.0497	5.81144	-780.472	77.0497	5.81144	-780.472	
11797	85774	224.506	529.791	222.078	53.2782	53.699	-0.674905	1	1	1	1	1	169.644	229.344	132.566	-6.61571	-444.148	-606.06	169.548	195.574	229.651	132.895	60.5994	-8.04699	-443.806	-525.591	-607.332	4.36231	18	0	85.1276	53.7388	2.59338	-550.398	53.7388	2.59338	-550.398	
11797	88204	351.457	543.431	348.485	-99999	-12.099	-0.885827	1	1	1	1	1	117.788	125.937	133.3	-86.0491	662.923	873.525	117.815	123.981	125.951	133.41	-24.5143	-86.0491	662.862	736.566	873.525	8.62345	14	0	74.2743	-12.089	-27.3229	731.988	-12.089	-27.3229	731.988	
11797	65171	600.262	1447.66	599.529	-99999	55.894	-0.497152	1	1	1	1	1	196.63	341.703	133.032	-159.854	216.52	-286.044	214.073	286.178	359.356	133.119	-13.2025	-160.116	216.661	-35.238	-286.509	5.05924	16	0	62.847	55.9473	-43.2888	-85.5346	55.9473	-43.2888	-85.5346	
11797	41457	239.922	565.478	239.346	-99999	-32.606	-0.971671	1	1	1	1	1	168.974	120.306	134.067	-95.4025	-473.053	-439.806	169.059	150.556	120.143	134.25	16.1201	-95.6781	-473.067	-465.221	-439.642	5.25958	9	0	71.6822	-35.9771	-37.3127	-323.634	-35.9771	-37.3127	-323.634	
11786	24641	141.041	361.192	140.545	-99999	60.249	-0.91579	1	1	1	1	1	286.797	340.045	133.313	3.43483	376.984	383.602	305.541	331.617	358.984	133.581	68.1483	3.24924	376.977	380.176	383.612	5.88599	6	0	47.0118	60.2635	-21.3464	498.717	60.2635	-21.3464	498.717	
11786	21534	159.547	379.554	157.335	-99999	0.762	-0.976484	1	1	1	1	1	358.29	331.367	29.1036	-125.478	674.988	681.177	358.708	344.938	331.445	30.0277	-48.296	-126.721	674.912	679.932	681.339	5.59898	7	0	80.3289	0.78295	13.2827	665.326	0.78295	13.2827	665.326	
11797	18539	233.336	5267.56	231.121	-99999	-41.944	-0.972548	1	1	1	1	1	107.416	165.6	132.9	-80.4347	-583.616	-521.104	107.195	140.855	165.674	134.181	26.6003	-81.2507	-583.737	-555.055	-520.74	14.9253	12	0	4823.74	-41.9231	10.0686	-377.807	-41.9231	10.0686	-377.807	
11797	21513	190.604	417.674	188.685	-99999	-18.077	-0.825208	1	1	1	1	1	184.601	82.8682	132.816	-22.2187	7.15583	38.8206	184.776	130.851	82.2725	133.049	57.1253	-23.7208	7.10106	27.0765	38.8037	4.17589	10	0	68.4926	-18.0442	3.59221	31.2793	-18.0442	3.59221	31.2793	
11772	623	299.646	674.959	299.173	-99999	82.547	-0.907846	1	1	1	1	1	169.317	132.34	131.268	-114.416	310.089	464.473	169.3	156.233	132.245	131.67	3.78654	-114.416	309.921	385.839	464.473	5.99767	9	0	54.6869	82.579	-24.8555	394.781	82.579	-24.8555	394.781	
11789	16951	341.328	670.888	339.615	-99999	-36.079	-0.73511	1	1	1	1	1	146.348	134.764	133.263	-123.492	187.28	402.166	146.398	130.496	134.805	133.315	9.46974	-123.784	187.233	303.352	402.456	5.91734	14	0	82.54	-36.0553	-21.6957	314.253	-36.0553	-21.6957	314.253	
11775	3227	409.655	828.629	403.526	-99999	60.041	-0.625936	0	0	0	0	0	106.196	82.1511	133.763	-119.474	-239.596	69.8772	106.142	98.1271	80.8748	133.879	3.55823	-123.408	-239.741	-82.2791	73.9565	7.69348	15	0	135.656	105.269	23.7105	733.726	105.269	23.7105	733.726	
11797	84621	136.902	339.787	135.734	-99999	-10.298	-0.76333	1	1	1	1	0	201.939	122.016	129.365	29.8082	348.886	394.265	201.997	164.133	121.451	129.433	77.6748	28.9553	348.849	372.616	394.573	5.03276	11	0	76.8802	-19.6364	-13.7573	-394.029	30.4936	-84.1095	341.86	
11797	77970	59.0977	138.361	58.9058	-99999	45.713	-0.643972	1	1	1	1	1	175.981	217.989	133.094	96.2396	-556.239	-537.66	168.666	189.826	210.806	133.217	114.888	96.2396	-556.3	-546.859	-537.66	5.65488	9	0	44.364	45.7016	-4.54904	-496.668	45.7016	-4.54904	-496.668	
11774	5180	309.933	3610.37	297.301	-43.2258	-43.547	-0.961975	1	1	1	1	1	250.472	202.354	129.484	-157.49	724.044	784.773	250.642	224.898	200.58	130.29	-19.1482	-167.79	723.88	755.767	790.117	25.0739	7	0	1789.78	-43.5122	-38.263	738.351	-43.5122	-38.263	738.351	
11786	184	117.475	314.266	116.443	-99999	74.116	-0.934949	1	1	1	1	0	175.624	163.154	133.409	23.6274	-376.641	-341.977	175.578	167.209	162.937	133.509	78.0422	22.8262	-376.665	-360.114	-341.581	7.11413	24	0	101.644	78.5908	-20.8355	453.299	78.5908	-20.8355	453.299	
11786	1215	264.079	535.169	263.553	91.8402	89.966	-0.847484	1	1	1	1	1	174.745	274.803	133.145	-97.3532	-57.8732	-132.379	174.721	234.482	274.897	133.197	22.3308	-97.773	-57.8516	-97.101	-132.534	6.11018	13	0	77.8373	89.9994	-18.6805	-106.066	89.9994	-18.6805	-106.066	
11786	21296	142.094	264.896	127.967	-99999	66.227	-0.782354	1	1	1	1	1	62.3441	126.611	10.9959	-89.1819	188.865	235.815	62.2683	97.5739	134.311	10.9959	-44.7887	-99.3314	188.865	215.092	241.82	6.50408	9	0	41.8935	66.2528	-29.107	209.869	66.2528	-29.107	209.869	
11761	4979	366.036	538.589	364.758	-99999	28.855	-0.887551	1	1	1	1	1	119.816	160.889	134.075	-171.822	112.101	301.976	119.679	135.564	160.856	135.189	-26.858	-171.822	111.526	194.844	301.976	4.03785	14	0	64.3227	28.8806	-19.7794	198.887	28.8806	-19.7794	198.887	
11761	7409	22.3625	80.6511	21.4532	-99999	42.131	-0.665785	0	0	0	0	0	89.6603	83.1254	133.303	118.562	682.302	696.385	89.648	85.7653	82.9195	133.356	125.83	117.919	682.256	689.535	696.876	4.71191	16	0	77.4743	27.15	-21.7084	595.385	27.15	-21.7084	595.385	
11761	7949	331.101	690.732	330.071	-43.2573	-1.997	-0.901749	1	1	1	1	1	175.447	312.127	133.451	-148.758	33.3016	-65.6889	175.135	238.274	312.133	134.343	-11.7603	-148.785	33.603	-10.9856	-65.6978	4.35295	11	0	53.0728	-1.97509	6.16404	693.208	-41.9351	-83.4674	349.095	
11797	643	71.7983	185.481	69.5461	-99999	109.492	-0.938799	0	0	0	0	0	232.574	245.481	132.459	66.3524	-377.746	-391.349	266.756	275.999	279.614	132.891	99.1848	64.7513	-377.629	-385.52	-391.017	4.8419	17	0	77.5084	46.1467	26.4229	-812.944	46.1467	26.4229	-812.944	
11772	8445	196.55	445.589	196.321	12.8497	-28.902	-0.945756	0	0	0	0	0	201.006	265.99	132.857	-44.8128	693.348	644.868	200.956	230.041	265.99	133.071	41.6714	-44.8128	693.397	672.111	644.868	5.48776	11	0	75.4209	-12.914	-1.30515	126.494	12.296	-7.60813	654.853	
11797	96445	89.3163	240.968	88.3361	-99999	106.386	-0.790901	0	0	0	0	0	231.993	220.7	133.583	64.7398	819.234	768.141	248.589	245.071	237.245	133.583	100.273	64.198	819.234	792.035	767.95	5.69423	11	0	82.3873	-31.5458	-15.2675	-722.28	-31.5458	-15.2675	-722.28	
11797	9455	360.033	799.607	358.331	-0.189832	-2.877	-0.876134	1	1	1	1	1	324.159	140.219	133.223	-171.227	-530.395	-531.183	324.778	233.157	140.017	134.365	-20.2564	-171.53	-530.374	-538.51	-531.031	5.33506	10	0	75.055	-2.8472	-20.1873	-539.828	-2.8472	-20.1873	-539.828	
11786	12184	49.6612	145.908	48.0085	-99999	-22.735	-0.883158	0	0	0	0	0	112.064	93.0921	133.625	90.1898	-554.231	-547.595	112.306	101.352	92.8125	134.012	111.897	89.0354	-554.258	-551.607	-547.434	5.81522	7	0	78.0532	-22.7115	56.9108	-563.634	-22.7115	56.9108	-563.634	
11797	11783	143.824	346.022	143.679	-99999	83.465	-0.979004	1	1	1	1	1	192.046	204.211	132.794	-7.76963	-500.063	-475.651	191.932	201.81	204.116	132.93	62.6356	-7.76963	-500.085	-488.962	-475.651	4.97537	9	0	56.2698	83.502	3.24367	-474.934	83.502	3.24367	-474.934	
11797	34756	311.612	819.026	303.799	34.67	34.897	-0.71116	1	1	1	1	1	66.0938	243.327	124.589	-99.9494	-446.728	-545.368	61.1089	160.371	243.327	130.086	20.3792	-99.9494	-444.305	-492.884	-545.368	7.34372	11	0	75.0557	34.9259	-1.10803	-489.596	34.9259	-1.10803	-489.596	
11795	6237	271.45	583.523	261.31	-99999	-39.719	-0.957732	1	1	0	0	0	343.498	348.679	125.056	-116.217	882.055	804.641	331.62	325.177	336.604	132.598	7.42624	-118.004	883.417	841.192	803.642	4.39805	20	0	94.4023	-39.698	-35.943	815.68	-39.698	-35.943	815.68	
11795	28200	243.869	519.054	238.624	-99999	62.757	-0.889273	1	1	1	1	1	219.953	192.828	126.104	-92.4581	248.916	161.959	210.377	198.457	182.087	127.64	19.4356	-95.8524	249.647	194.936	161.868	4.00666	9	0	74.7383	62.7629	-21.0434	183.182	62.7629	-21.0434	183.182	
11797	54103	257.429	558.961	255.882	-99999	49.874	-0.993179	1	1	1	1	1	116.746	160.071	133.118	-116.769	799.344	777.663	116.54	138.214	159.993	134.442	8.01001	-116.973	799.368	790.756	777.659	4.77776	6	0	61.6529	49.907	-7.98173	771.881	49.907	-7.98173	771.881	
11772	3612	505.363	1298.54	503.076	-27.6648	-28.494	-0.60176	1	1	1	1	1	155.025	288.953	133.345	-155.76	21.3153	406.662	154.814	218.49	289.565	133.975	-17.5658	-155.791	20.5007	212.368	407.723	4.06321	14	0	112.227	-28.4442	-31.7455	249.232	-28.4442	-31.7455	249.232	
11781	3461	325.495	631.045	325.327	-99999	-47.668	-0.921268	1	1	1	1	1	189.415	169.67	133.361	-166.111	395.905	518.75	189.472	181.055	169.724	133.39	-15.483	-166.111	395.893	460.788	518.75	5.32094	10	0	81.7738	-47.6398	-26.8287	472.482	-47.6398	-26.8287	472.482	
11797	15801	107.692	474.479	106.139	-99999	69.533	-0.846355	1	1	1	1	1	168.317	220.935	134.324	45.6119	-340.43	-315.957	157.39	184.319	210.515	134.324	89.5924	44.1535	-340.43	-327.279	-315.827	4.23209	9	0	265.582	69.5611	-35.0219	-292.051	69.5611	-35.0219	-292.051	
11786	7324	158.042	344.024	157.17	-99999	69.464	-0.878631	1	1	1	1	0	131.187	127.572	131.091	-9.20903	29.6243	99.1892	131.094	130.747	127.493	131.835	61.7845	-9.20903	29.2113	65.4555	99.1892	4.58116	11	0	74.5805	69.4882	15.1688	71.3697	69.4882	15.1688	71.3697	
11797	79939	92.8691	231.628	92.5533	-99999	95.255	-0.955246	1	1	0	0	0	302.519	321.217	128.209	40.3317	471.016	450.185	332.268	341.306	351.045	128.507	83.7224	40.3314	471.065	462.971	450.184	5.72006	11	0	78.1962	95.283	-21.5861	453.546	95.283	-21.5861	453.546	
11797	13592	76.2316	196.452	74.8605	-99999	61.119	-0.932128	1	1	0	0	0	194.247	170.625	132.351	63.1712	644.725	660.222	194.615	182.645	170.533	133.505	98.0927	63.0553	644.568	651.815	660.262	4.56559	12	0	70.9731	61.15	19.4156	653.693	61.15	19.4156	653.693	
11780	8463	261.985	670.354	261.289	-99999	87.414	-0.989888	1	1	1	1	1	164.478	224.464	134.336	-119.834	-846.028	-852.716	150.73	181.068	210.824	134.468	7.17543	-120.342	-846.044	-849.466	-852.706	5.31874	8	0	68.9849	87.4421	-11.6002	-783.961	87.4421	-11.6002	-783.961	
11797	52094	192.329	478.371	191.705	-99999	0.977	-0.523618	1	1	1	1	1	65.5486	175.951	0.905877	-99.3257	532.344	652.792	65.5475	121.014	176.33	0.905877	-49.0579	-99.6827	532.344	592.96	653.134	4.14229	13	0	69.3473	1.01524	-27.5418	602.891	1.01524	-27.5418	602.891	
11786	2137	317.228	744.471	297.167	-99999	64.722	-0.96583	1	1	1	1	1	153.295	136.598	134.042	-155.426	194.402	258.929	153.216	144.747	132.032	134.093	-20.5802	-174.738	194.389	228.138	259.55	5.18545	10	0	73.3452	64.7485	-32.2395	234.702	64.7485	-32.2395	234.702	
11797	42273	385.114	935.071	385.019	-99999	-9.972	-0.653269	1	1	1	1	1	177.866	98.3136	132.683	-120.546	87.1875	364.677	177.893	147.041	98.3241	132.737	2.95818	-120.552	87.127	225.861	364.684	5.30633	15	0	73.1285	-9.94093	-32.5131	259.714	-9.94093	-32.5131	259.714	
11789	20511	138.815	241.027	138.622	-993.346	15.424	-0.559903	1	1	1	1	1	166.674	255.774	131.114	59.4663	-264.827	-187.244	166.674	211.196	255.887	131.114	93.3765	59.4245	-264.827	-227.28	-187.104	5.49216	8	0	51.3351	15.4118	-1.00825	364.031	38.0218	40.5893	234.446	
11776	604	161.67	270.889	155.53	146.827	-26.981	-0.856131	0	0	0	0	0	227.86	176.697	132.37	4.52414	-223.764	-159.467	228.232	192.221	176.482	133.181	65.6052	-0.197698	-224.074	-198.317	-158.058	4.58405	10	0	14.9473	86.1739	21.8277	-133.492	86.1739	21.8277	-133.492	
11786	24033	263.49	607.205	263.114	-99999	92.206	-0.879974	1	1	1	1	0	133.284	123.036	133.697	-105.733	-867.948	-763.632	133.193	126.312	122.922	133.756	12.5783	-105.959	-867.979	-818.945	-763.47	4.57036	12	0	72.2482	92.227	-23.7764	-776.615	92.227	-23.7764	-776.615	
11786	26823	162.9	401.386	161.116	-99999	45.327	-0.808772	1	1	1	1	1	306.584	202.6	134	11.7565	31.3962	17.3687	313.954	261.637	208.82	134.36	72.356	10.7644	31.4278	24.3378	17.3147	5.12139	6	0	54.3536	45.358	-31.3142	7.80039	45.358	-31.3142	7.80039	
11780	564	62.3333	153.537	61.654	-99999	72.278	-0.975688	1	1	0	0	0	323.739	336.554	132.38	72.3922	-249.427	-243.408	346.277	352.692	359.229	132.86	102.571	72.2082	-249.444	-245.923	-243.399	5.22859	7	0	59.419	72.2811	-12.7724	-332.596	72.2811	-12.7724	-332.596	
11789	13868	206.808	488.26	206.803	-99999	61.396	-0.695782	1	1	1	1	1	77.0733	184.468	133.654	-17.4491	-855.494	-765.873	77.0031	131.44	184.397	133.654	60.7304	-17.4491	-855.494	-806.479	-765.873	4.16273	10	0	70.794	61.4297	21.5796	-772.528	61.4297	21.5796	-772.528	
11797	53162	421.386	1306.95	421.361	-99999	108.803	-0.745343	0	0	0	0	0	95.7928	155.128	133.65	-161.143	419.78	713.241	95.6683	117.38	155.009	133.65	-20.5522	-161.156	419.78	561.427	713.258	4.20956	16	0	432.106	87.8604	38.5166	-797.635	87.8604	38.5166	-797.635	
11797	2676	154.951	334.989	152.398	-99999	54.256	-0.556366	1	1	1	0	0	282.62	342.131	132.949	45.2402	-371.458	-262.008	298.777	329.344	359.416	133.955	89.2176	44.8282	-372.735	-317.409	-261.492	5.07782	6	0	54.8608	54.23	28.9499	-283.265	54.23	28.9499	-283.265	
11795	30057	97.5098	270.691	96.9169	-99999	4.053	-0.929788	1	1	1	0	0	112.796	90.363	133.411	46.2524	41.924	76.9295	112.791	104.215	90.2333	133.411	88.2368	45.7047	41.924	58.0742	77.0957	6.98567	7	0	88.1206	4.06381	33.9199	68.4793	4.06381	33.9199	68.4793	
11795	31227	214.562	513.765	213.858	-99999	86.204	-0.992234	1	1	1	1	1	227.375	188.563	132.559	-74.3013	233.668	215.285	254.441	237.08	215.558	133.251	27.4505	-74.3013	233.712	234.611	215.285	4.76465	13	0	95.2786	86.2398	-10.8934	223.997	86.2398	-10.8934	223.997	
11782	4132	211.929	597.914	210.82	-20.1997	-20.654	-0.74606	1	1	1	1	1	252.85	118.771	133.251	-16.1359	-273.883	-212.814	253.007	186.421	118.43	133.453	58.4408	-16.5337	-273.965	-239.967	-212.169	4.69119	18	0	88.1429	-20.6258	1.15641	-226.525	-20.6258	1.15641	-226.525	
11782	7569	66.6111	224.086	63.772	-99999	37.27	-0.452168	1	1	1	0	0	324.918	347.786	132.716	104.501	301.424	353.747	336.53	347.658	360.918	132.798	117.786	103.26	301.273	328.809	355.528	18.4458	9	0	132.405	37.309	63.038	375.119	37.309	63.038	375.119	
11797	39774	45.6377	114.2	45.4424	-99999	88.592	-0.930532	1	1	0	0	0	316.25	331.218	134.122	91.3615	-680.62	-677.136	343.992	351.55	359.029	134.122	112.67	91.1802	-680.62	-678.808	-677.127	4.45797	7	0	47.4242	88.6189	34.2817	-638.633	88.6189	34.2817	-638.633	
11786	1249	157.024	375.269	153.513	-99999	77.181	-0.754687	1	1	1	0	0	232.609	334.872	132.085	17.6015	-442.92	-442.573	256.173	308.402	360.785	132.784	74.1696	15.6928	-442.932	-442.677	-442.588	5.06164	6	0	41.4934	77.2118	3.32126	-307.359	77.2118	3.32126	-307.359	
11786	3499	314.523	619.865	314.255	-99999	-17.125	-0.575071	1	1	1	1	1	202.454	167.049	132.302	-85.2138	-90.725	127.663	202.505	185.527	167.05	132.406	38.5846	-85.2855	-90.8679	33.7128	127.692	6.80149	11	0	63.4804	-17.0814	-11.5124	55.156	-17.0814	-11.5124	55.156	
11773	8427	25.5449	71.5002	25.12	-99999	87.717	-0.637508	0	0	0	0	0	115.404	108.557	133.797	117.457	590.838	608.516	115.373	111.677	108.42	133.92	125.718	117.29	590.699	599.735	608.649	5.66285	17	0	59.6571	43.6627	-30.3467	205.873	43.6627	-30.3467	205.873	
11776	5114	423.797	944.373	422.5	21.5518	20.664	-0.656238	1	1	1	1	1	351.604	177.107	133.489	-155.457	224.778	-24.4286	351.747	252.067	176.932	133.703	-7.47282	-155.979	224.977	102.638	-25.2205	7.80147	6	0	72.9675	20.6869	2.21527	111.09	20.6869	2.21527	111.09	
11780	4937	237.272	767.652	237.267	107.86	106.296	-0.732738	0	0	0	0	0	170.892	282.07	133.563	-32.0122	27.0075	-101.124	170.892	226.195	282.07	133.563	49.5685	-32.0122	27.0075	-35.8668	-101.124	6.84626	13	0	90.0853	31.8353	-26.1989	221.145	31.8353	-26.1989	221.145	
11789	5367	225.415	612.075	220.611	96.2009	93.849	-0.630035	1	1	1	1	1	262.535	111.638	129.926	-24.826	750.815	794.673	263.608	186.339	109.566	130.809	51.8646	-27.3138	750.509	772.634	795.59	4.00066	6	0	62.0743	93.8714	-30.7945	779.589	93.8714	-30.7945	779.589	
11773	4758	153.724	596.198	151.188	-34.106	-32.45	-0.712858	1	1	1	1	1	170.189	277.768	131.447	26.3472	832.533	817.346	168.451	222.779	277.768	133.247	79.5039	26.3472	832.914	824.907	817.346	18.4285	7	0	210.739	-32.4154	-24.8979	782.591	-32.4154	-24.8979	782.591	
11797	76706	225.4	580.754	224.833	-99999	-19.939	-0.927271	1	1	1	1	1	136.715	169.393	132.79	-70.45	716.792	806.054	136.726	150.931	169.416	133.314	30.2171	-70.45	716.582	759.732	806.054	5.35777	12	0	84.2073	-19.9146	-18.4378	757.259	-19.9146	-18.4378	757.259	
11797	24486	260.433	1419.39	260.352	-99999	60.517	-0.753626	1	1	1	1	1	69.7111	106.996	132.714	-84.5217	749.768	880.901	69.6418	87.8106	106.927	132.714	26.4337	-84.5217	749.768	822.691	880.901	4.24944	11	0	33.393	60.5233	-6.34919	813.933	60.5233	-6.34919	813.933	
11797	17703	218.808	560.846	216.961	-99999	-11.368	-0.978388	1	1	1	1	1	105.064	138.693	132.907	-79.0634	-196.449	-167.683	104.934	120.555	138.711	134.109	26.6569	-79.6722	-196.657	-183.737	-167.659	8.86733	9	0	74.306	-11.348	4.33614	-179.98	-11.348	4.33614	-179.98	
11780	7207	30.7221	147.459	28.9428	-99999	-23.827	-0.857467	0	0	0	0	0	257.284	272.305	133.488	108.889	818.2	819.485	249.515	257.095	265.521	133.986	120.636	107.931	818.23	817.986	819.701	29.5055	6	0	119.205	62.1664	-25.1278	-780.307	73.1764	-38.0141	-178.662	
11772	4799	31.832	94.9273	31.6562	-874.809	-31.763	-0.494216	0	0	0	0	0	218.445	203.785	132.537	119.31	196.944	172.321	218.445	211.435	203.695	132.537	125.383	119.221	196.944	184.605	172.203	5.99064	10	0	70.1061	-18.6217	-24.3191	738.341	-18.6217	-24.3191	738.341	
11761	7514	119.461	265.714	118.71	-99999	48.316	-0.883261	1	1	1	0	0	284.195	343.874	133.183	30.7152	469.329	471.117	298.996	328.83	359.004	133.847	82.1832	30.7152	469.229	471.215	471.117	5.99063	10	0	56.429	50.9648	-28.9643	-4.56022	50.9648	-28.9643	-4.56022	
11774	2977	28.0148	80.3271	27.7825	-99999	87.763	-0.876172	0	0	0	0	0	202.666	190.762	134.714	109.621	-873.548	-873.507	202.565	196.396	190.561	134.714	122.146	109.412	-873.548	-873.617	-873.502	4.81335	8	0	66.1236	87.7817	65.9098	-823.167	87.7817	65.9098	-823.167	
11797	26323	107.671	1113.43	100.925	-99999	23.664	-0.832844	1	1	1	1	1	183.505	131.036	132.297	46.6958	606.301	615.066	184.098	156.091	128.081	133.232	87.5633	42.3894	606.198	611.487	613.036	19.4929	8	0	875.592	23.6843	-14.9491	624.237	23.6843	-14.9491	624.237	
11795	14048	320.353	700.501	318.836	34.9392	34.585	-0.868681	1	1	1	1	1	99.2083	265.827	133.054	-137.25	-617.084	-605.404	98.6293	184.735	265.953	134.076	-0.524849	-137.559	-617.071	-610.013	-605.451	4.36556	10	0	82.6878	34.6187	-11.5911	-603.605	34.6187	-11.5911	-603.605	
11780	21387	192.546	458.97	191.778	-99999	-18.199	-0.864667	1	1	1	1	1	192.76	109.843	133.71	-26.4712	439.726	502.599	192.781	155.583	109.607	133.71	51.1005	-27.1182	439.726	472.061	502.913	4.40662	13	0	73.5643	-18.1874	1.02634	487.711	-18.1874	1.02634	487.711	
11795	11895	283.004	618.384	282.167	-99999	89.796	-0.930901	1	1	1	1	1	167.063	76.4494	132.187	-114.152	-103.644	-11.4997	167.116	117.825	76.2662	132.616	3.88872	-114.441	-103.714	-72.3047	-11.2807	7.90335	10	0	74.3991	89.8249	-33.8201	-57.4202	89.8249	-33.8201	-57.4202	
11789	4613	62.8338	182.657	61.3836	-99999	101.86	-0.980336	0	0	0	0	0	160.726	151.218	133.334	74.7866	73.4093	82.6999	160.615	157.039	150.885	133.373	102.502	74.0364	73.4029	77.8753	83.4274	10.4332	12	0	88.3807	-999999	-999999	-999999	-999999	-999999	-999999	
11772	2357	297.186	843.341	294.336	-47.111	-46.882	-0.963052	1	1	1	1	1	231.837	186.722	131.866	-146.923	740.734	796.015	231.965	206.483	186.778	132.998	-7.60947	-147.898	740.454	780.637	796.058	26.6843	11	0	294.444	-46.8706	-22.3612	749.134	-46.8706	-22.3612	749.134	
11782	1602	184.268	1563.5	183.586	59.9033	58.612	-0.780167	1	1	1	1	1	243.136	165.422	132.812	-12.7556	-583.015	-503.909	243.214	202.107	165.177	132.955	61.3829	-13.1719	-583.098	-542.433	-503.812	4.9409	10	0	68.316	58.6471	13.095	-378.241	58.6471	13.095	-378.241	
11797	87063	280.924	528.887	278.248	-99999	115.981	-0.98942	0	0	0	0	0	108.02	89.1377	127.695	-138.991	-882.512	-834.461	107.902	96.6352	88.9811	128.196	-10.7377	-139.11	-882.585	-866.841	-834.439	5.27443	7	0	70.3712	-999999	-999999	-999999	-999999	-999999	-999999	
11782	1408	152.88	329.773	147.165	-99999	99.093	-0.949154	1	1	1	1	1	245.198	194.947	129.879	-8.40167	-554.759	-555.352	262.073	236.066	210.21	133.829	61.9789	-9.88655	-555.1	-554.395	-555.593	5.18438	6	0	52.2912	99.1281	-29.4578	-555.915	26.8581	56.7432	-560.894	
11797	74512	143.073	406.327	141.805	-99999	115.097	-0.631276	0	0	0	0	0	106.007	75.8857	128.94	8.16575	538.407	604.802	105.875	93.1237	75.3263	128.94	67.4115	7.01093	538.407	571.885	605.083	14.3056	9	0	130.738	-20.7276	-35.2672	-227.093	-20.7276	-35.2672	-227.093	
11789	7625	306.427	2802.97	306.426	-99999	37.4	-0.396568	1	1	1	1	1	67.4083	151.636	-11.5709	-134.323	250.502	518.294	67.3655	109.024	151.593	-11.5709	-72.7804	-134.323	250.502	384.622	518.294	56.1993	14	0	2085.55	37.4604	-37.9695	376.653	37.4604	-37.9695	376.653	
11782	5870	38.2491	215.226	34.6506	21.2917	18.897	-0.622572	1	1	1	1	1	157.097	178.478	132.07	107.634	22.2089	28.4216	158.302	169.759	181.437	133.416	119.952	107.613	21.4346	22.9833	28.4259	19.0408	11	0	123.19	18.8858	-18.2856	5.18582	18.8858	-18.2856	5.18582	
11786	12984	55.1398	272.975	51.8858	-99999	108.14	-0.894394	0	0	0	0	0	148.917	132.403	133.885	85.8134	-67.0859	-58.7851	148.794	139.489	131.234	133.885	108.56	82.93	-67.0859	-61.5662	-58.5175	31.64	10	0	194.811	-999999	-999999	-999999	-999999	-999999	-999999	
11797	78891	64.2394	145.055	41.4362	-99999	-3.715	-0.944113	0	0	0	0	0	113.033	120.763	133.245	95.3863	678.972	691.705	113.016	117.436	119.147	133.779	103.25	77.7857	678.785	686.783	679.289	7.10115	17	0	89.9856	-1.18778	37.1326	694.615	-1.18778	37.1326	694.615	
11797	87048	150.658	391.963	149.4	-99999	101.393	-0.803422	0	0	0	0	0	144.059	171.958	132.505	13.5556	-530.331	-444.785	143.765	155.838	171.842	133.516	72.6679	13.5556	-531.052	-488.434	-444.785	11.2697	14	0	108.902	-18.8261	-45.2535	113.444	-18.8261	-45.2535	113.444	
11797	89838	188.776	424.583	186.57	19.1594	18.349	-0.744365	1	1	1	1	1	111.858	231.62	131.821	-9.70534	721.764	707.265	110.897	171.721	232.033	132.846	61.3857	-10.3766	721.635	712.618	707.276	4.28484	6	0	74.5215	18.386	11.4987	706.138	18.386	11.4987	706.138	
11780	20222	202.259	470.005	201.069	32.455	32.206	-0.955586	1	1	1	1	1	196.584	249.24	132.606	-52.4894	700.798	748.232	196.492	212.786	249.346	133.429	38.3924	-52.7954	700.572	730.949	748.234	5.70392	7	0	100.074	32.2413	-12.811	615.528	32.2413	-12.811	615.528	
11797	65360	174.155	408.471	173.755	-99999	-30.444	-0.915567	1	1	1	1	1	109.58	179.185	133.365	-20.1131	-604.961	-564.458	109.487	144.122	179.22	133.731	56.9357	-20.1131	-605.048	-583.368	-564.458	8.26302	12	0	73.8649	-30.4179	15.8164	-577.167	-30.4179	15.8164	-577.167	
11797	66260	309.025	1845.59	307.103	56.6936	56.103	-0.713805	1	1	1	1	1	274.533	103.142	132.97	-85.2947	447.76	573.876	274.603	184.014	102.942	133.059	21.4273	-85.929	447.709	504.072	575.52	7.85392	25	0	87.3972	56.1344	-30.9829	528.044	56.1344	-30.9829	528.044	
11786	24388	418.351	941.125	417.101	16.6852	16.163	-0.525909	1	1	1	1	1	64.5593	226.638	132.198	-78.4491	-879.832	-560.022	64.2666	143.87	226.76	132.535	23.3645	-78.7687	-880.305	-720.788	-559.534	5.69871	7	0	73.9429	16.1844	9.75198	-706.564	16.1844	9.75198	-706.564	
11786	31047	129.113	1041.52	126.716	-633.805	24.613	-0.938375	1	1	1	1	1	186.976	224.653	132.613	13.6676	-580.298	-568.877	186.895	209.844	224.69	132.846	73.0647	12.1752	-580.32	-572.584	-570.355	4.64076	7	0	830.354	24.6528	-0.928498	298.923	24.6528	-0.928498	298.923	
11789	2000	235.848	537.216	234.983	-99999	85.839	-0.986293	1	1	1	1	1	229.351	296.922	129.127	-93.8811	-436.904	-436.184	256.225	278.713	324.137	129.172	13.8463	-94.6239	-436.899	-438.467	-436.135	4.13956	7	0	70.5859	85.8617	-24.0352	-438.314	85.8617	-24.0352	-438.314	
11781	1503	185.871	438.019	184.007	-99999	71.238	-0.63333	1	1	1	1	0	102.469	162.676	133.944	23.5926	427.091	560.614	102.276	132.765	162.678	134.202	76.4411	22.6363	426.807	492.829	561.712	5.60245	15	0	68.1508	71.2831	21.8152	509.27	71.2831	21.8152	509.27	
11786	6304	113.311	277.302	110.116	-99999	-9.305	-0.996481	1	1	1	0	0	308.714	317.414	131.006	21.411	-146.973	-145.601	305.58	308.356	314.531	133.776	77.2101	21.0017	-147.046	-146.072	-145.604	12.9876	8	0	78.768	-9.28884	30.5606	-158.602	-9.28884	30.5606	-158.602	
11786	6394	343.074	896.281	342.997	-99999	2.166	-0.619738	1	1	1	1	1	310.075	131.8	132.966	-77.9895	630.933	833.989	310.112	220.536	131.8	133.012	27.8193	-77.9895	630.889	732.535	833.989	7.63733	11	0	55.9788	2.18896	-26.9325	738.58	2.18896	-26.9325	738.58	
11786	7564	215.739	492.05	214.526	-99999	38.768	-0.865847	1	1	1	1	0	88.0088	141.069	133.173	-56.1947	734.829	819.709	87.6159	114.588	141.025	134.222	39.7707	-56.1947	734.336	778.755	819.709	4.63335	16	0	75.128	38.7932	9.85836	773.979	38.7932	9.85836	773.979	
11780	8781	352.332	841.623	351.998	-99999	87.667	-0.766615	1	1	1	1	1	186.54	331.731	131.66	-136.365	-517.445	-693.453	213.993	286.449	359.317	131.66	-2.4063	-136.618	-517.445	-605.81	-693.622	6.12089	14	0	47.3345	87.6968	-34.2922	-619.752	87.6968	-34.2922	-619.752	
11797	72205	25.1378	22.971	1.45906	29.8241	30.602	-0.43261	1	1	1	1	1	296.511	295.23	125.24	124.55	-282.56	-282.646	315.621	304.831	294.703	132.818	127.177	120.455	-279.212	-281.413	-282.57	4.54061	8	0	22.971	30.6164	-5.63272	-351.607	30.6164	-5.63272	-351.607	
11795	28199	353.493	6297.18	351.656	-99999	113.642	-0.805701	0	0	0	0	0	203.853	186.769	132.99	-146.553	516.423	727.871	203.756	195.753	186.394	133.307	-10.079	-147.391	516.19	619.184	729.003	6.99082	6	0	3095.96	67.3232	46.4876	-831.272	67.3232	46.4876	-831.272	
11797	71758	82.6394	199.053	82.4668	-99999	-18.134	-0.940259	1	1	0	0	0	84.2549	115.541	133.776	60.4324	-129.978	-109.571	84.2756	98.7418	115.624	133.776	96.2316	60.2766	-129.978	-120.824	-109.537	5.4066	10	0	65.0928	-18.1316	35.0269	-119.209	-18.1316	35.0269	-119.209	
11789	7161	32.5837	149.171	32.5727	-248.036	2.682	-0.769312	0	0	0	0	0	284.937	271.209	134.709	118.736	235.201	212.805	285.355	279.334	271.628	134.709	124.079	118.736	235.201	224.577	212.805	15.1548	20	0	120.426	-999999	-999999	-999999	-999999	-999999	-999999	
11797	92072	287.293	642.635	286.769	75.3216	72.874	-0.908228	1	1	1	1	1	238.467	134.782	132.666	-127.396	-822.716	-768.85	238.678	179.138	134.782	133.134	3.50426	-127.396	-822.754	-807.194	-768.85	5.64145	14	0	74.1309	72.9022	-33.2705	-763.995	72.9022	-33.2705	-763.995	
11797	94232	269.002	640.868	267.86	-99999	79.139	-0.872745	1	1	1	1	1	208.361	334.368	131.871	-102.302	590.454	622.581	232.777	295.912	359.325	132.535	14.9141	-102.633	590.362	606.768	622.618	5.36113	6	0	46.3505	79.1665	-33.5527	627.985	79.1665	-33.5527	627.985	
11789	783	124.832	272.63	123.248	-99999	68.497	-0.94651	1	1	1	0	0	87.8131	84.0757	134.111	25.3798	-354.712	-302.327	87.7348	83.8456	84.0029	134.111	76.1727	24.0941	-354.712	-331.985	-301.44	7.64054	8	0	88.0453	68.5202	25.0323	-319.203	68.5202	25.0323	-319.203	
11797	59745	300.279	639.684	300.266	-99999	47.466	-0.952198	1	1	1	1	1	177.248	194.302	133.491	-150.026	592.477	686.918	177.194	179.871	194.247	133.491	-8.98866	-150.026	592.477	639.37	686.918	4.5605	11	0	69.5799	47.492	-23.5062	640.288	47.492	-23.5062	640.288	
11797	4947	191.908	438.554	190.904	-99999	67.865	-0.920146	1	1	1	1	1	160.5	173.404	133.481	-31.7693	-332.717	-239.65	160.448	167.574	173.262	134.113	48.6955	-32.0217	-332.987	-290.159	-239.491	5.62142	15	0	67.0492	67.8966	-2.7659	-274.077	67.8966	-2.7659	-274.077	
11761	5353	34.5343	129.421	34.5341	-99999	64.361	-0.844873	1	1	0	0	0	326.273	339.088	133.949	103.88	370.507	359.386	346.427	352.962	359.243	133.949	119.022	103.88	370.507	364.808	359.386	4.81507	11	0	55.5507	64.3786	50.3104	367.364	64.3786	50.3104	367.364	
11781	1876	166.421	386.323	166.377	-99999	33.894	-0.86318	1	1	1	1	1	199.505	113.999	133.859	-6.12884	700.005	724.337	199.471	157.455	113.943	133.868	62.868	-6.14991	700.003	710.453	724.347	7.23325	9	0	78.8279	42.8262	-74.9942	135.235	42.8262	-74.9942	135.235	
11761	1993	127.964	138.903	122.139	-99999	97.451	-0.884147	1	1	1	1	1	91.9628	97.0539	132.044	26.7357	753.563	692.134	91.8513	95.8043	99.3579	132.044	76.7136	23.0577	753.563	721.701	690.433	4.12958	14	0	85.341	97.4734	-45.1625	629.451	97.4734	-45.1625	629.451	
11797	88892	432.39	1358.89	428.464	-99999	-25.456	-0.652874	1	1	1	1	1	81.0576	75.6088	131.828	-165.885	166.031	-140.108	81.384	78.2609	75.6379	134.064	-16.1574	-165.885	168.589	13.3733	-140.108	4.68906	12	0	103.257	-25.431	-17.5746	23.9001	-25.431	-17.5746	23.9001	
11797	89522	270.257	606.883	269.59	-99999	39.291	-0.989269	1	1	1	1	1	270.813	225.258	132.681	-132.102	-26.4467	-16.4361	283.183	262.59	237.562	133.335	0.15083	-132.102	-26.5212	-17.4059	-16.4361	4.73247	12	0	78.634	39.3041	-16.9935	2.17115	39.3041	-16.9935	2.17115	
11797	28184	112.058	260.467	110.934	38.7802	37.655	-0.961751	1	1	1	1	0	180.256	222.627	133.178	34.6815	-775.348	-754.696	180.173	196.48	223.082	133.613	82.1368	34.2017	-775.427	-760.701	-754.795	4.4612	6	0	64.9343	37.678	14.1715	-738.446	37.678	14.1715	-738.446	
11797	29534	120.79	761.919	118.555	-99999	-19.245	-0.856019	1	1	1	1	1	153.088	102.089	132.378	33.4416	151.915	192.476	153.225	127.723	101.242	132.616	81.8971	31.7193	151.831	172.385	192.779	5.96269	17	0	122.28	-19.2225	-3.44018	205.098	-19.2225	-3.44018	205.098	
11797	74528	141.431	333.025	141.091	-99999	83.767	-0.62058	1	1	1	0	0	167.378	192.402	131.966	48.3384	-851.278	-740.94	167.282	178.954	192.299	131.966	89.0876	48.1507	-851.278	-796.335	-740.659	4.48055	16	0	76.3487	83.7913	18.7165	-743.752	83.7913	18.7165	-743.752	
11786	18344	134.7	343.516	134.044	-99999	49.623	-0.941506	1	1	1	1	0	301.244	343.505	131.859	5.61489	-25.8686	-10.6954	316.617	337.362	359.086	132.357	68.9319	5.49699	-25.9348	-16.8726	-10.6922	5.67606	8	0	56.8864	49.6441	17.8175	-21.715	49.6441	17.8175	-21.715	
11797	29132	355.334	2476.51	354.844	-99999	32.854	-0.82652	1	1	1	1	1	230.231	200.17	133.029	-144.577	-86.933	-294.666	240.539	222.895	210.458	133.272	-9.5689	-144.577	-86.7689	-190.48	-294.666	9.66824	7	0	77.1167	32.8987	-19.1166	-202.249	32.8987	-19.1166	-202.249	
11797	29132	66.2619	193.199	58.7103	-99999	89.492	-0.931441	1	0	0	0	0	92.3084	84.8536	132.966	78.2341	-545.545	-529.666	92.206	88.4094	82.5808	132.966	102.339	72.3748	-545.545	-533.58	-526.959	6.63278	15	0	105.804	89.4987	50.3827	-541.281	89.4987	50.3827	-541.281	
11797	49181	106.642	253.939	104.657	72.4817	70.824	-0.939095	1	1	1	1	0	188.316	221.743	132.357	34.3033	48.812	37.1121	188.196	205.836	222.12	132.781	83.188	32.841	48.9046	41.0768	36.8836	5.09281	12	0	74.1223	70.8555	16.3452	39.1281	70.8555	16.3452	39.1281	
11797	80994	310.223	712.414	308.287	37.9137	37.081	-0.939302	1	1	1	1	1	278.675	166.575	132.914	-147.812	820.461	874.422	278.796	229.832	165.817	133.333	-9.82818	-149.078	820.37	854.256	874.559	4.86477	9	0	84.9547	37.1189	-12.6239	792.517	37.1189	-12.6239	792.517	
11780	18180	298.988	654.019	298.626	-99999	-33.903	-0.989747	1	1	1	1	1	230.54	256.113	130.399	-161.842	-77.2548	-123.583	219.905	238.931	245.485	130.602	-16.0492	-161.971	-77.2381	-98.862	-123.589	4.19136	10	0	65.1922	-40.1086	-1.99979	-228.13	-40.1086	-1.99979	-228.13	
11797	60306	329.172	841.403	314.457	-99999	8.179	-0.982501	1	1	1	1	1	288.054	215.513	132.915	-167.219	-841.599	-782.954	290.855	252.722	214.897	134.435	-22.5911	-179.79	-841.726	-810.713	-785.055	4.17746	6	0	78.9997	8.20885	-28.4713	-766.355	8.20885	-28.4713	-766.355	
11786	9174	240.34	566.294	239.353	43.548	42.754	-0.941107	1	1	1	1	1	196.801	275.614	132.777	-91.5827	818.298	838.392	196.598	237.065	275.785	133.344	20.3022	-91.9173	818.287	821.357	838.437	5.82138	7	0	76.6541	42.7864	-19.9849	784.923	42.7864	-19.9849	784.923	
11789	23162	325.22	610.325	320.108	-99999	46.678	-0.955616	1	1	1	1	1	133.745	154.48	133.433	-170.364	518.611	432.965	133.671	151.653	154.354	133.7	-19.8304	-170.77	518.691	468.706	433.055	10.0669	9	0	63.5111	46.7087	-23.1244	441.416	46.7087	-23.1244	441.416	
11786	29842	242.081	518.74	241.498	-99999	33.149	-0.979759	1	1	1	1	1	302.623	348.718	132.956	-103.182	560.121	580.375	312.888	334.317	359.099	133.525	14.8064	-103.182	560.088	569.746	580.375	5.32434	10	0	46.9685	33.173	-85.7317	572.986	33.173	-85.7317	572.986	
11797	24705	217.975	514.045	217.972	-99999	53.482	-0.976799	1	1	0	0	0	93.4603	148.867	129.93	-78.8689	-881.172	-856.707	93.3992	118.307	148.806	129.93	24.1964	-78.8689	-881.172	-873.152	-856.707	5.09512	7	0	67.9951	53.5044	-6.23093	-815.771	53.5044	-6.23093	-815.771	
11789	8078	44.1911	119.548	40.4334	-99999	-5.452	-0.484292	1	1	1	1	1	233.845	257.343	133.624	116.152	653.525	626.118	232.138	244.734	256.44	133.624	122.672	113.47	653.525	639.094	623.74	6.90935	11	0	71.3173	-8.3069	-15.9781	436.584	85.2131	-20.1563	623.284	
11797	49072	130.385	319.63	129.789	-99999	-17.089	-0.938032	1	1	1	0	0	186.261	149.14	133.1	17.7376	776.281	820.558	186.296	171.808	148.922	133.154	72.4635	17.2838	776.267	794.899	820.716	4.65234	9	0	70.6238	-17.0621	14.718	777.71	-17.0621	14.718	777.71	
11797	2657	128.443	275.96	128.123	-99999	-18.275	-0.873341	1	1	1	0	0	119.76	127.886	134.304	22.1136	-191.262	-131.263	119.781	121.692	127.931	134.304	78.7105	21.8795	-191.262	-159.683	-131.15	5.05149	14	0	76.4988	-18.236	29.0247	-155.127	-18.236	29.0247	-155.127	
11782	11401	316.139	731.515	315.758	98.4798	97.818	-0.954247	1	1	1	1	1	191.059	222.53	132.704	-165.413	-621.694	-720.467	191.059	206.159	222.558	132.704	-16.9263	-165.771	-621.694	-670.193	-720.545	10.1436	13	0	60.2989	97.8589	-24.4224	-660.969	97.8589	-24.4224	-660.969	
11782	13021	327.231	895.16	324.441	-99999	7.829	-0.755212	1	1	1	1	1	188.955	166.108	133.393	-102.882	204.067	417.923	188.946	170.926	166.296	133.393	7.15388	-103.799	204.067	306.431	418.919	5.36206	18	0	251.108	7.82598	-18.0086	321.137	7.82598	-18.0086	321.137	
11780	1163	172.443	382.79	171.395	18.9844	18.235	-0.805612	1	1	1	1	1	286.914	199.568	133.133	-7.34732	658.796	618.079	287.319	239.376	199.468	133.769	66.5203	-7.58642	659.01	634.438	618.065	6.85491	7	0	71.5327	18.2708	-8.84064	624.422	18.2708	-8.84064	624.422	
11797	43900	222.838	460.42	222.674	-41.8973	-43.051	-0.933742	1	1	1	1	1	271.184	196.953	133.386	-73.1811	-848.669	-858.089	271.184	232.4	196.915	133.386	30.8426	-73.3326	-848.669	-868.167	-858.063	5.07124	10	0	72.2649	-43.0172	-3.48645	-799.822	-43.0172	-3.48645	-799.822	
11797	77054	121.351	317.522	121.139	-99999	107.946	-0.822928	0	0	0	0	0	139.417	181.673	133.193	29.8059	310.372	356.049	139.203	163.968	181.55	133.365	82.7038	29.8059	310.3	332.443	356.049	4.28517	13	0	65.3657	66.9709	-9.28029	231.933	66.9709	-9.28029	231.933	
11797	78584	356.281	871.874	355.999	46.3623	44.425	-0.797354	1	1	1	1	1	96.0761	287.396	133.44	-144.245	646.124	539.085	96.0761	182.723	287.583	133.44	-7.50467	-144.436	646.124	580.25	539.02	6.2207	6	0	75.874	44.4468	-6.31566	584.875	44.4468	-6.31566	584.875	
11797	2022	336.171	832.506	334.424	86.963	84.857	-0.770189	1	1	1	1	1	349.216	139.711	133.912	-106.602	-81.984	-175.478	350.046	253.589	139.577	135.069	8.38459	-106.792	-81.5034	-133.579	-175.489	4.49188	6	0	69.7663	84.881	-6.1119	-126.427	84.881	-6.1119	-126.427	
11789	14044	213.486	584.703	211.255	-99999	84.846	-0.695507	1	1	1	1	1	184.396	332.387	133.414	-14.003	-555.248	-586.479	210.965	285.545	360.541	133.414	58.7419	-15.4936	-555.248	-571.053	-586.946	4.67253	9	0	56.532	84.8748	-9.06328	-575.81	84.8748	-9.06328	-575.81	
11789	15214	338.117	791.508	337.229	-99999	88.677	-0.911878	1	1	1	1	1	185.571	331.302	132.076	-166.943	-799.408	-854.385	213.339	287.111	359.494	132.076	-17.8095	-167.71	-799.408	-825.14	-854.497	5.06197	11	0	54.2445	88.7071	-45.4159	-800.641	88.7071	-45.4159	-800.641	
11782	2993	380.753	1501.57	376.477	71.9525	70.229	-0.433514	1	1	1	1	1	108.724	340.28	134.039	-11.926	447.417	705.769	108.723	225.252	342.995	134.04	58.8005	-12.6401	447.415	577.78	708.972	104.038	6	0	595.986	70.2701	-8.42401	680.832	70.2701	-8.42401	680.832	
11780	10872	86.3497	216.587	84.2102	-99999	58.208	-0.769479	1	1	1	1	1	259.167	201.547	133.544	72.3802	-652.994	-658.296	268.36	239.06	209.311	133.602	102.014	70.8497	-652.989	-655.618	-658.364	11.5235	6	0	72.9165	58.2335	-39.5808	-644.732	58.2335	-39.5808	-644.732	
11774	1732	335.77	691.925	335.766	-610.009	29.038	-0.932857	0	0	0	0	0	243.979	104.187	133.611	-168.085	-100.1	-54.5295	243.979	174.434	104.187	133.611	-17.3049	-168.085	-100.1	-76.3938	-54.5295	11.2388	12	0	66.728	60.8465	-11.7386	-53.189	60.8465	-11.7386	-53.189	
11774	2632	296.609	689.135	293.301	-99999	91.448	-0.826716	1	1	1	1	1	184.674	273.58	131.697	-106.564	-375.958	-514.292	212.724	271.566	302.011	132.885	10.926	-108.364	-375.403	-435.666	-514.736	5.09534	12	0	67.8462	91.4824	-30.2213	-460.256	91.4824	-30.2213	-460.256	
11780	20088	68.3638	154.802	66.8503	-99999	78.299	-0.532467	1	1	1	1	1	217.7	197.962	132.808	100.264	259.765	314.675	230.213	220.366	210.06	133.292	115.84	99.9897	259.037	286.72	315.183	4.7306	7	0	42.7492	78.3491	-38.5653	545.548	78.3491	-38.5653	545.548	
11780	21168	130.422	287.739	130.215	-99999	39.184	-0.924734	1	1	1	1	0	300.85	346.831	133.705	11.9491	-693.713	-689.96	313.053	335.982	359.114	133.864	72.8689	11.9179	-693.717	-691.323	-689.96	5.23762	7	0	41.9603	39.2043	18.7539	-685.646	39.2043	18.7539	-685.646	
11782	13234	143.292	685.604	143.234	-872.227	-45.777	-0.649469	0	0	0	0	0	275.558	183.596	128.641	32.4055	-416.303	-364.352	275.558	229.611	183.565	128.641	82.1194	32.3675	-416.303	-387.172	-364.33	4.23483	12	0	65.6014	-37.0232	-12.517	381.723	2.8468	-13.2542	-802.753	
11761	4601	59.585	188.104	58.3402	-99999	85.569	-0.982938	0	0	0	0	0	155.91	159.48	131.983	75.0411	781.748	793.528	155.786	157.274	159.389	133.15	104.107	74.9886	781.532	787.917	793.533	7.75141	7	0	84.9698	85.5937	39.7112	776.649	85.5937	39.7112	776.649	
11761	4781	314.133	638.148	312.203	42.9358	42.351	-0.95286	1	1	1	1	1	197.405	251.167	131.666	-171.736	-738.818	-771.436	197.195	226.825	251.247	133.001	-18.122	-172.036	-738.452	-768.862	-771.413	10.7981	7	0	91.764	42.3828	-30.5015	-742.684	42.3828	-30.5015	-742.684	
11797	5796	30.3159	84.6931	30.3122	-99999	90.636	-0.802518	0	0	0	0	0	316.352	330.807	134.222	109.783	812.847	802.292	344.734	351.954	359.189	134.222	121.896	109.783	812.847	807.799	802.292	5.99909	12	0	54.1127	90.6592	69.3822	789.527	90.6592	69.3822	789.527	
11797	77643	158.075	356.826	158.073	-99999	22.096	-0.813582	1	1	1	1	1	113.599	184.322	132.502	7.08571	429.877	493.991	113.574	145.587	184.296	132.502	68.324	7.08571	429.877	463.045	493.991	4.68263	12	0	71.9075	27.2158	44.9713	785.054	27.2158	44.9713	785.054	
11772	2284	444.11	1044.17	444.01	100.667	99.806	-0.678866	1	1	1	1	1	226.424	175.079	133.387	-128.183	436.346	789.454	226.429	206.788	175.079	133.443	-2.02468	-128.183	436.283	610.912	789.454	5.03321	14	0	72.0289	99.8506	-23.0751	605.273	99.8506	-23.0751	605.273	
11786	11362	143.345	408.038	140.207	-99999	-36.218	-0.673266	1	1	1	1	1	194.313	204.528	131.169	31.5315	105.076	203.12	199.995	205.763	210.048	131.39	80.5067	29.5753	104.818	154.945	205.105	4.42047	15	0	57.1177	-36.173	-23.0699	256.963	-36.173	-23.0699	256.963	
11774	5361	39.8322	114.758	37.2823	-99999	25.369	-0.977012	0	0	0	0	0	91.083	87.7799	133.682	96.7973	49.7623	51.5842	91.0848	88.7486	87.7499	133.811	114.191	94.4159	49.7568	52.0624	51.5905	5.51935	6	0	74.6208	107.392	29.161	749.751	107.392	29.161	749.751	
11774	5991	149.393	366.613	148.592	73.7761	65.663	-0.727916	1	1	1	1	1	242.818	160.174	132.269	22.2512	-18.009	34.4166	243.15	195.199	160.079	132.669	81.4187	22.0923	-18.1913	6.67824	34.4806	4.90521	12	0	73.516	65.6909	14.0098	18.8061	65.6909	14.0098	18.8061	
11780	16264	146.513	356.589	145.117	57.6429	57.212	-0.944619	1	1	1	1	1	223.64	161.934	132.651	2.00249	459.559	449.161	223.691	191.237	161.623	132.812	67.527	0.83496	459.573	453.852	448.989	7.19996	6	0	76.0172	57.2396	2.21591	450.396	57.2396	2.21591	450.396	
11795	18587	281.775	658.145	281.106	-99999	104.816	-0.927614	0	0	0	0	0	188.774	115.905	133.05	-123.68	-774.14	-689.251	188.654	157.195	115.446	133.05	2.05953	-124.242	-774.14	-733.688	-689.145	4.93906	8	0	80.9434	-999999	-999999	-999999	-999999	-999999	-999999	
11797	24509	105.285	253.495	103.039	-99999	95.203	-0.73651	1	1	0	0	0	133.504	103.192	133.203	62.1819	302.378	369.931	133.395	121.513	102.388	133.203	95.5045	60.7633	302.378	337.128	371.526	5.81579	16	0	73.8749	95.2338	41.6686	357.219	95.2338	41.6686	357.219	
11797	30118	294.884	678.711	292.934	59.6305	58.702	-0.854278	1	1	1	1	1	102.238	236.548	132.326	-125.706	790.756	815.584	101.453	171.037	236.742	133.586	4.0677	-126.117	790.893	796.654	815.599	4.68144	7	0	99.4047	58.7353	-2.28511	770.919	58.7353	-2.28511	770.919	
11774	2193	256.291	10129	255.73	-99999	51.024	-0.234419	1	1	1	1	1	308.766	318.009	133.489	-80.8685	-468.788	-348.553	324.744	331.575	333.987	133.489	27.1351	-80.8685	-468.788	-410.376	-348.553	1782.47	54	0	7642.26	51.0498	-29.4428	-382.338	51.0498	-29.4428	-382.338	
11795	20353	23.6269	602.928	23.5615	-99999	43.833	-0.282489	0	0	0	0	0	66.3834	78.5894	38.3115	39.8817	755.635	770.553	78.5393	68.6186	66.3332	39.8817	38.5562	38.3115	770.553	765.519	755.635	19.9679	68	0	602.928	-999999	-999999	-999999	-999999	-999999	-999999	
11795	21163	223.293	437.916	193.035	-99999	-32.414	-0.966731	1	1	1	1	1	204.36	194.297	133.127	-50.7748	519.006	567.855	204.397	191.864	196.03	133.127	26.4702	-78.4811	519.006	548.647	578.715	8.15694	13	0	87.5983	-32.382	-8.5838	556.818	-32.382	-8.5838	556.818	
11797	93917	25.8047	59.3359	25.7996	-99999	42.516	-0.818613	1	0	0	0	0	334.053	345.83	134.004	112.36	-223.123	-230.668	347.366	353.46	359.143	134.004	123.187	112.36	-223.123	-226.592	-230.668	7.85637	13	0	48.2089	42.5453	69.6011	-223.119	42.5453	69.6011	-223.119	
11761	7832	58.5616	162.518	56.4689	-99999	71.944	-0.999072	1	1	0	0	0	250.659	253.014	132.88	81.3066	-99.9536	-118.435	273.181	271.771	275.49	134.191	107.395	80.9321	-100.283	-110.187	-118.512	6.41404	9	0	78.5112	71.9618	32.9261	-119.279	71.9618	32.9261	-119.279	
11797	17535	117.95	284.952	117.661	-99999	-39.497	-0.969306	0	0	0	0	0	171.099	199.86	131.082	17.3315	57.1882	58.711	171.08	186.205	199.905	131.359	74.4299	17.3315	57.1701	58.8563	58.711	4.05703	8	0	70.1269	-40.392	-8.61497	-331.01	-40.392	-8.61497	-331.01	
11795	25841	265.693	640.297	261.799	-99999	106.268	-0.801587	0	0	0	0	0	285.304	316.82	131.434	-74.0642	-878.595	-720.364	318.434	334.918	350.732	132.776	27.5083	-75.1514	-879.585	-800.352	-718.563	5.27407	8	0	80.3933	-999999	-999999	-999999	-999999	-999999	-999999	
11780	7241	429.607	937.326	428.338	85.5752	84.824	-0.640608	1	1	1	1	1	191.983	285.67	131.857	-142.829	65.0589	-247.136	191.806	242.28	285.662	132.295	-4.32804	-142.885	65.5505	-92.2564	-247.212	7.90341	12	0	73.2464	84.8525	-30.3545	-133.988	84.8525	-30.3545	-133.988	
11795	23619	70.9105	201.376	70.0654	-99999	112.536	-0.516216	0	0	0	0	0	289.375	303.051	132.147	100.579	-877.281	-817.062	324.615	330.175	338.545	132.147	112.899	100.431	-877.281	-848.04	-816.273	12.5765	7	0	80.4151	38.7898	33.0103	-362.352	38.7898	33.0103	-362.352	
11786	18867	388.904	709.091	386.196	103.776	101.206	-0.791347	0	0	0	0	0	194.202	240.878	131.934	-163.212	747.862	511.901	194.094	231.31	240.904	132.626	-13.4322	-163.704	748.383	625.939	511.127	4.76401	17	0	72.8043	-14.8061	38.0777	-789.958	-14.8061	38.0777	-789.958	
11797	61727	152.857	348.122	151.918	-99999	-3.597	-0.639788	1	1	1	1	1	64.588	158.487	51.4347	-41.0719	-237.732	-162.252	64.5921	111.727	159.157	51.4347	4.55714	-41.5664	-237.732	-200.036	-161.814	9.45437	12	0	63.5574	-3.56525	-6.43952	-173.1	-3.56525	-6.43952	-173.1	
11797	18081	182.661	423.771	181.777	77.7203	76.581	-0.947936	1	1	1	1	1	233.234	166.655	132.492	-35.0254	-559.24	-578.634	233.274	201.842	166.463	132.628	48.0764	-35.7327	-559.22	-572.941	-578.684	6.75142	7	0	78.3074	76.601	-5.09925	-572.251	76.601	-5.09925	-572.251	
11797	21231	80.3937	172.574	77.3306	-99999	-19.001	-0.663743	0	0	0	0	0	334.788	343.777	129.592	100.191	-56.6325	13.0421	328.48	333.888	337.873	131.114	111.641	99.9709	-58.1923	-23.8473	13.3891	5.12343	14	0	61.4557	-999999	-999999	-999999	-999999	-999999	-999999	
11782	6611	247.888	563.972	246.294	50.4906	49.055	-0.892252	1	1	1	1	1	272.696	158.518	132.598	-64.1408	686.2	771.067	273.284	218.317	158.518	134.019	28.0141	-64.1408	685.805	718.495	771.067	5.50255	16	0	103.114	49.0877	-18.3351	721.174	49.0877	-18.3351	721.174	
11773	2306	22.0891	73.3169	21.9729	-119.817	97.175	-0.25851	0	0	0	0	0	204.706	217.433	133.935	123.83	694.01	708.542	204.641	211.826	217.433	133.962	129.166	123.83	693.932	700.697	708.542	4.10899	8	0	63.6928	79.7187	27.4001	-807.639	37.3787	-5.4486	682.14	
11797	68410	274.068	601.14	264.65	-99999	95.167	-0.862544	1	1	1	1	1	236.191	327.073	126.689	-116.078	315.739	365.539	265.178	310.825	359.471	129.055	3.3546	-122.077	314.615	340.849	366.837	8.68564	7	0	49.9111	95.1906	-98.6241	364.695	-39.2094	-21.1425	292.753	
11782	23	419.667	949.659	418.942	14.6257	10.471	-0.6026	1	1	1	1	1	89.8454	235.298	133.134	-104.291	276.314	-31.0962	89.7289	144.358	235.298	133.47	7.98741	-104.291	276.743	117.883	-31.0962	5.40069	12	0	77.5247	10.5118	3.95484	126.416	10.5118	3.95484	126.416	
11797	78871	149.151	343.87	148.332	-99999	65.204	-0.914331	1	1	1	1	0	279.929	225.682	133.695	-2.57825	-384.764	-365.938	300.497	274.087	245.983	134.091	65.6208	-2.94318	-384.848	-372.788	-365.916	4.38208	7	0	71.6631	65.2316	15.5534	-378.159	65.2316	15.5534	-378.159	
11786	12797	138.131	329.336	137.823	-99999	85.753	-0.375788	1	1	1	0	0	306.507	332.299	-159.961	-111.536	-890.961	-764.542	359.205	346.272	333.36	-111.422	-135.88	-159.961	-764.261	-827.533	-890.961	6.51093	413	0	329.336	85.7911	-96.5111	-761.564	85.7911	-96.5111	-761.564	
11795	22616	230.42	515.011	228.34	-16.7859	-18.852	-0.893248	1	1	1	1	1	133.854	231.459	132.795	-70.5892	-392.846	-423.729	133.602	180.545	232.226	133.352	29.553	-71.8186	-392.729	-409.501	-423.636	5.82307	6	0	73.67	-18.8238	-1.17157	-408.39	-18.8238	-1.17157	-408.39	
11797	1857	209.857	556.563	208.994	-99999	58.314	-0.928384	1	1	1	1	1	75.4693	93.862	133.122	-64.9153	237.4	294.329	75.3784	85.1978	93.9064	133.261	35.339	-65.5916	237.35	272.744	294.275	4.13428	7	0	118.495	58.3355	-5.49749	276.6	58.3355	-5.49749	276.6	
11772	4832	358.529	799.607	358.338	-15.9339	-16.679	-0.612474	1	1	1	1	1	289.66	168.306	133.833	-73.6564	-216.477	48.1464	289.719	222.563	168.306	133.947	29.4438	-73.6564	-216.609	-87.6299	48.1464	6.72093	14	0	101.021	-23.3366	-11.2368	-328.76	-23.3366	-11.2368	-328.76	
11782	14673	193.238	478.184	193.231	43.7693	41.916	-0.782368	1	1	1	1	1	167.803	268.164	133.083	-10.7191	226.561	149.386	167.803	218.207	268.164	133.083	58.3682	-10.7191	226.561	191.944	149.386	4.53568	11	0	80.925	41.9596	1.40598	172.045	41.9596	1.40598	172.045	
11797	86501	194.516	1992	194.511	-99999	54.262	-0.79755	1	1	1	1	1	65.1778	165.982	25.4643	-134.915	-853.329	-818.181	65.1158	117.941	165.92	25.4643	-53.404	-134.915	-853.329	-832.374	-818.181	7.69902	6	0	751.471	54.29	-38.359	-794.999	54.29	-38.359	-794.999	
11797	88301	29.5463	103.656	29.1044	-99999	82.686	-0.726518	0	0	0	0	0	164.171	144.812	132.089	110.612	-225.226	-223.515	164.321	154.131	144.717	132.349	121.684	110.612	-225.202	-225.159	-223.515	5.52415	8	0	81.0505	-12.5179	-12.4863	597.402	-12.5179	-12.4863	597.402	
11797	21916	498.746	2117.39	482.729	-99999	23.273	-0.588746	1	1	1	1	1	62.0966	198.941	109.539	-169.037	480.501	850.188	62.07	132.978	203.434	109.539	-34.3895	-178.365	480.501	671.385	862.389	31.4193	16	0	151.469	23.3234	-23.8871	657.684	23.3234	-23.8871	657.684	
11797	70445	145.315	335.729	144.942	-99999	-23.17	-0.714231	1	1	1	1	1	105.338	199.943	128.409	30.437	-602.761	-553.752	105.194	151.645	200.036	128.612	79.305	30.3804	-602.854	-576.724	-553.729	5.88052	8	0	69.299	-23.1222	27.4676	-574.154	-23.1222	27.4676	-574.154	
11797	3949	308.429	901.772	304.437	-99999	46.025	-0.992959	0	0	0	0	0	312.27	276.626	132.384	-166.109	-303.984	-341.47	326.847	307.358	291.163	133.718	-17.8603	-168.29	-303.995	-320.622	-342.934	292.312	6	0	271.527	-999999	-999999	-999999	-999999	-999999	-999999	
11780	2793	198.964	452.149	195.9	-99999	73.095	-0.960766	1	1	1	1	1	244.271	188.044	133.175	-53.2813	-352.86	-373.823	267.44	238.959	210.462	134.169	39.4068	-55.2169	-352.853	-362.966	-374.21	4.7243	12	0	68.8999	73.1244	-23.8892	-372.344	73.1244	-23.8892	-372.344	
11797	8327	230.155	550.268	229.237	-99999	97.858	-0.954934	1	1	1	0	0	272.164	328.436	133.218	-86.952	793.417	823.363	302.755	331.409	359.17	133.397	22.9306	-87.6557	793.395	808.13	823.516	4.93498	6	0	52.4301	97.8699	-26.9465	815.895	97.8699	-26.9465	815.895	
11780	23161	194.626	703.616	194.623	-99999	113.074	-0.592824	0	0	0	0	0	78.4027	182.679	133.778	22.2114	-452.177	-331.772	78.2734	130.553	182.55	133.778	78.4485	22.2114	-452.177	-391.635	-331.772	72.937	10	0	271.363	-999999	-999999	-999999	-999999	-999999	-999999	
11797	84833	85.8701	1209.15	84.8168	-99999	70.833	-0.804241	1	1	0	0	0	282.189	245.6	133.324	77.9719	391.956	442.216	304.625	285.765	267.63	133.847	101.285	77.8962	391.672	412.099	442.524	7.33187	13	0	73.3302	70.8604	-11.6161	416.14	70.8604	-11.6161	416.14	
11773	3104	252.935	551.642	251.262	-99999	-47.601	-0.945738	1	1	1	1	1	288.851	237.671	131.782	-100.938	-123.661	-53.8979	274.159	260.801	222.765	133.353	13.825	-100.938	-124.157	-85.4751	-53.8979	4.21452	10	0	72.4663	-39.0956	-24.2666	-179.726	-39.0956	-24.2666	-179.726	
11797	15402	407.545	632.489	405.896	-99999	-29.049	-0.693831	1	1	1	1	1	148.008	166.694	128.974	-59.1637	-270.72	55.5005	148.015	162.987	166.727	129.385	-14.7724	-59.1637	-271.148	-128.188	55.5005	5.6136	14	0	44.3411	-29.019	-23.2457	-102.874	-29.019	-23.2457	-102.874	
11797	39538	204.278	546.76	201.758	-99999	15.563	-0.971169	1	1	1	1	1	67.1692	71.9955	119.699	-77.9245	88.9962	114.179	67.2243	64.3816	71.9777	122.085	20.8828	-77.9245	88.4065	100.818	114.179	9.50116	10	0	127.365	15.5899	-22.1331	108.842	15.5899	-22.1331	108.842	
11789	11369	97.0629	242.02	96.7861	106.755	107.493	-0.847952	0	0	0	0	0	178.671	234.026	133.38	54.2617	-696.374	-695.651	178.533	205.693	234.026	133.611	93.5127	54.2617	-696.415	-693.819	-695.651	4.94878	6	0	74.3623	57.0618	-15.9924	773.417	57.0618	-15.9924	773.417	
11772	1692	127.049	323.66	126.925	-99999	106.204	-0.959012	1	1	0	0	0	300.748	325.822	133.817	11.8544	817.768	842.197	333.968	346.855	359.08	133.932	72.9261	11.8544	817.751	829.855	842.197	10.8105	7	0	65.4909	106.222	9.595	822.186	50.9422	19.9699	807.814	
11772	2052	305.882	702.496	305.492	-99999	24.439	-0.991254	1	1	1	1	1	133.926	122.526	133.415	-168.566	-607.705	-643.977	133.898	126.085	122.494	133.415	-17.8879	-168.866	-607.705	-626.989	-643.985	4.99484	6	0	57.2413	26.9586	-19.9738	-490.37	26.9586	-19.9738	-490.37	
11797	14801	326.914	735.197	325.002	26.8371	26.142	-0.804732	1	1	1	1	1	100.443	248.92	133.326	-115.245	-284.692	-145.364	100.147	163.522	249.404	134.052	7.34282	-116.1	-285.137	-204.034	-145.279	4.65911	6	0	72.4784	26.1751	-6.9941	-200.03	26.1751	-6.9941	-200.03	
11780	1663	124.37	287.4	123.549	-99999	15.319	-0.801365	1	1	1	0	0	188.614	150.271	132.986	31.2595	-603.67	-546.941	188.597	169.571	149.78	132.986	82.8081	30.6062	-603.67	-572.355	-546.822	7.31558	7	0	70.7662	15.3591	17.8315	-559.044	15.3591	17.8315	-559.044	
11773	5402	109.868	1018.52	109.463	43.1629	-18.209	-0.433128	1	1	1	1	1	153.99	244.94	133.748	77.2519	-391.014	-411.097	153.647	201.428	244.94	133.925	109.224	77.2519	-390.909	-401.933	-411.097	14.5776	8	0	85.1474	-18.178	-1.69282	-406.479	41.742	29.8434	-407.068	
11797	98904	294.999	632.441	294.26	-34.9829	-34.443	-0.83613	1	1	1	1	1	104.875	245.406	133.303	-108.048	-562.995	-651.584	104.752	181.88	245.645	133.525	15.0941	-108.415	-562.92	-604.744	-651.749	5.96328	10	0	73.5515	-41.477	-2.14341	-62.4702	-41.477	-2.14341	-62.4702	
11775	6688	347.939	794.329	347.289	85.1756	83.912	-0.792832	1	1	1	1	1	151.493	225.024	133.182	-138.566	243.816	43.1532	151.493	191.848	225.359	133.182	-0.853681	-139.052	243.816	140.719	42.9743	5.17907	9	0	73.2168	83.939	-7.81661	95.7491	83.939	-7.81661	95.7491	
11795	24695	147.86	356.347	147.518	-99999	72.657	-0.899275	0	0	0	0	0	129.646	78.1551	133.468	4.18344	111.929	159.543	129.655	108.148	78.0467	133.725	67.6457	4.14099	111.839	136.975	159.562	6.83926	9	0	83.0695	-4.3432	14.4482	147.98	-4.3432	14.4482	147.98	
11797	77590	261.876	610.108	259.079	-99999	-31.613	-0.922482	1	1	1	1	1	141.289	101.643	131.68	-91.4126	595.14	718.321	141.508	123.267	101.462	132.739	21.9598	-92.9967	594.768	661.947	718.744	11.2054	9	0	118.446	-31.6014	-25.6003	659.966	-31.6014	-25.6003	659.966	
11773	8204	256.392	588.857	255.686	-99999	45.501	-0.945607	1	1	1	1	1	134.884	98.9549	133.494	-107.074	611.679	687.616	134.984	119.535	98.9028	134.132	13.0999	-107.074	611.501	650.636	687.616	5.7437	11	0	87.8734	45.5297	-23.2767	662.945	45.5297	-23.2767	662.945	
11773	6970	218.677	535.609	215.879	-99999	-47.399	-0.869466	1	1	1	1	1	92.1324	202.709	133.359	-51.9496	-228.685	-224.956	99.1995	156.596	210.977	134.039	41.0135	-53.7886	-228.7	-226.332	-224.84	5.0727	6	0	42.2847	-47.3644	-17.4486	-223.7	-47.3644	-17.4486	-223.7	
11782	6443	172.793	384.588	172.168	-99999	107.636	-0.852443	0	0	0	0	0	187.628	280.677	132.373	-10.6288	-791.547	-810.89	221.106	265.286	314.486	132.733	59.5985	-10.7966	-791.525	-803.653	-810.898	4.11311	6	0	52.0629	76.129	0.114048	852.614	76.129	0.114048	852.614	
11797	55555	115.978	668.558	115.977	-99999	22.597	-0.633951	1	1	1	1	1	150.364	84.392	131.411	62.159	684.468	749.972	150.338	117.769	84.3661	131.411	95.9972	62.159	684.468	716.827	749.972	20.6401	12	0	325.203	22.6322	36.577	746.094	22.6322	36.577	746.094	
11774	4792	254.195	558.727	253.837	-99999	76.716	-0.852433	1	1	1	1	1	211.808	335.004	132.959	-87.2904	200.153	227.426	235.697	297.356	359.077	133.167	22.8838	-87.386	200.128	213.867	227.436	6.90472	6	0	58.9483	73.8015	-28.4882	-55.4959	73.8015	-28.4882	-55.4959	
11795	30748	360.45	780.598	360.392	-99999	57.459	-0.811576	1	1	1	1	1	82.6578	133.059	133.892	-119.69	-824.328	-574.377	82.5936	105.312	132.994	133.923	5.10923	-119.69	-824.35	-700.769	-574.377	4.17702	13	0	69.2663	57.469	-0.561214	-694.85	57.469	-0.561214	-694.85	
11797	89666	328.961	798.795	328.902	99.8409	99.291	-0.84912	1	1	1	1	1	84.5492	244.968	133.668	-133.789	189.49	89.2283	84.5492	164.621	244.991	133.668	-0.738701	-133.827	189.49	139.07	89.2074	5.79453	10	0	120.094	99.319	-3.36363	143.343	99.319	-3.36363	143.343	
11797	34348	256.179	615.834	255.017	-99999	80.008	-0.811928	1	1	1	1	1	75.355	137.243	133.572	-80.4945	-404.599	-286.958	75.0754	117.676	137.077	134.016	29.2456	-81.0804	-404.855	-344.898	-286.825	4.99222	10	0	76.4488	80.0341	6.1451	-338.357	80.0341	6.1451	-338.357	
11773	1614	59.8644	197.191	57.9346	-99999	95.947	-0.985519	1	1	0	0	0	271.317	272.035	132.753	75.8579	-51.9082	-52.248	301.343	304.213	301.55	132.858	103.408	74.739	-51.9155	-49.3138	-53.1065	5.0123	24	0	104.956	95.9724	44.234	-45.8232	95.9724	44.234	-45.8232	
11789	16815	111.801	246.125	111.27	-99999	-43.954	-0.98605	1	1	1	1	1	311.225	317.257	132.856	22.8486	546.492	538.855	297.371	303.776	303.494	133.368	77.9294	22.8486	546.524	546.012	538.855	4.08755	9	0	57.2933	-43.9313	8.14637	546.302	-43.9313	8.14637	546.302	
11797	20919	322.542	718.377	321.517	47.7553	49.548	-0.796475	1	1	1	1	1	176.762	345.215	132.544	-119.956	-585.936	-688.924	176.361	258.631	345.291	133.249	7.88718	-120.065	-585.596	-644.771	-688.968	4.36823	10	0	59.1952	49.5789	-36.9167	-657.959	49.5789	-36.9167	-657.959	
11789	6384	174.957	112.954	16.5486	-99999	-32.319	-0.595177	1	1	1	1	1	350.934	348.063	-71.4322	-72.5652	512.431	501.108	342.075	341.163	332.775	41.8876	-29.529	-81.2064	590.814	541.299	488.726	74.8953	13	0	112.954	-32.291	-24.8832	534.825	-32.291	-24.8832	534.825	
11761	1082	282.711	651.126	281.52	-99999	-18.665	-0.961564	1	1	1	1	1	171.844	114.491	133.197	-140.074	405.572	416.218	171.865	144.093	114.312	133.197	-5.32304	-140.997	405.572	404.566	416.899	4.78006	22	0	72.3393	-18.6396	-32.3227	401.437	-18.6396	-32.3227	401.437	
11797	14093	353.231	777.507	351.716	-46.8448	-46.55	-0.843439	1	1	1	1	1	295.736	105.666	133.274	-160.158	-686.914	-652.817	296.352	199.786	105.492	134.269	-12.5117	-160.443	-686.99	-670.218	-652.798	6.23638	7	0	74.3578	-46.5177	-31.6817	-659.171	-46.5177	-31.6817	-659.171	
11774	2061	108.551	278.895	108.256	-99999	-36.797	-0.789656	1	1	0	0	0	75.144	98.9745	133.883	49.3868	67.1342	130.3	75.1467	87.1021	99.041	134.043	92.1496	49.3109	67.0188	99.3703	130.343	5.19649	11	0	78.2457	-36.7744	33.7868	115.047	-36.7744	33.7868	115.047	
11797	76442	253.667	1129.59	253.633	-99999	81.686	-0.964578	1	1	1	1	1	251.129	184.661	133.222	-106.703	-180.884	-218.509	276.708	242.773	210.24	133.222	12.0073	-106.703	-180.884	-196.395	-218.509	6.15778	16	0	104.348	81.7268	-24.6858	-208.271	81.7268	-24.6858	-208.271	
11795	8328	33.6373	80.3743	32.7226	-99999	-28.985	-0.804809	1	0	0	0	0	258.763	270.338	132.259	105.995	-353.019	-368.73	249.601	255.614	261.498	132.449	118.91	105.45	-352.908	-360.87	-369.059	9.06543	15	0	51.3574	-28.9672	76.5569	-375.025	-28.9672	76.5569	-375.025	
11789	14995	349.166	834.732	341.112	-30.5219	-31.66	-0.892509	1	1	1	1	1	246.774	121.05	131.411	-165.522	771.876	883.059	247.619	183.576	118.988	133.774	-18.0901	-169.919	771.029	828.549	885.414	4.90077	11	0	45.9794	-31.619	-22.1895	778.127	-31.619	-22.1895	778.127	
11797	90534	72.7659	158.022	71.3473	-99999	75.626	-0.805509	1	1	1	1	1	63.7867	103.416	-31.1081	-88.6815	-474.326	-460.072	63.5099	83.9166	103.816	-30.8341	-60.0744	-89.601	-474.393	-467.163	-459.794	4.49662	7	0	45.2912	83.8095	-94.0889	42.383	83.8095	-94.0889	42.383	
11775	2323	115.633	262.33	115.591	-99999	-45.882	-0.554553	1	1	1	0	0	120.173	203.342	130.135	70.7867	-228.238	-175.258	120.226	163.231	203.414	130.135	100.081	70.7702	-228.238	-204.045	-175.232	5.92614	10	0	69.0227	-45.85	33.3544	-197.08	-45.85	33.3544	-197.08	
11776	3310	71.963	255.222	70.4064	-99999	105.144	-0.559281	1	1	1	1	1	272.61	308.882	131.334	92.8154	-112.132	-65.7353	305.335	324.028	342.327	131.55	111.429	92.2415	-112.38	-89.1339	-64.8567	18.1068	6	0	146.298	105.177	57.9957	-26.2174	105.177	57.9957	-26.2174	
11776	3850	121.998	524.403	119.997	-99999	25.16	-0.802881	1	1	1	1	1	153.574	81.8361	130.876	35.2046	593.853	601.497	153.736	117.048	80.9165	131.135	82.5003	33.797	593.826	596.804	601.428	6.18258	9	0	109.646	25.187	23.1869	603.661	25.187	23.1869	603.661	
11797	94542	372.974	15.2219	7.35337	-99999	75.358	-0.826572	1	1	1	1	1	221.942	225.095	128.135	121.921	180.576	178.265	245.539	238.632	228.668	128.135	-29.886	-180.513	180.576	86.8511	-4.21997	4.5665	8	0	15.2219	75.3793	-16.6665	93.1076	75.3793	-16.6665	93.1076	
11797	72201	258.669	594.134	257.685	44.7194	41.286	-0.848822	1	1	1	1	1	186.297	331.453	132.884	-78.14	-271.334	-293.546	186.281	263.576	331.865	132.91	29.9081	-78.9927	-271.331	-282.403	-293.546	8.13079	8	0	83.9604	41.3161	-34.4413	-294.441	41.3161	-34.4413	-294.441	
11795	28761	189.14	448.573	187.423	-30.078	-31.495	-0.926795	1	1	1	1	1	231.468	163.215	132.027	-34.2716	-82.3144	-34.6758	231.81	202.006	163.036	133.274	47.2543	-34.4713	-82.6768	-57.8064	-34.4345	5.09681	18	0	89.6411	-31.4673	-6.23172	-44.2359	-31.4673	-6.23172	-44.2359	
11795	30831	226.547	3279.88	220.694	81.4199	79.986	-0.710936	1	1	1	1	1	239.187	160.464	132.269	-32.6098	631.623	754.814	239.609	198.253	160.124	133.248	49.9955	-36.6157	630.743	695.438	756.735	63.8446	6	0	2597.35	80.0217	-40.582	750.424	80.0217	-40.582	750.424	
11797	1930	210.633	480.652	210.455	68.8201	67.965	-0.483492	1	1	1	1	1	160.632	309.99	133.248	73.2707	-853.701	-726.451	160.632	228.763	310.119	133.248	86.5856	73.3118	-853.701	-788.823	-726.351	4.92507	11	0	70.2411	67.9911	28.8237	-749.538	67.9911	28.8237	-749.538	
11797	19540	261.942	571.368	261.397	-29.3321	-29.636	-0.417605	1	1	1	1	1	341.49	186.326	132.96	18.4157	107.637	-66.8584	341.49	262.82	186.041	132.96	70.786	18.2045	107.637	23.8721	-67.2643	4.41375	8	0	75.4219	-29.6102	18.7864	3.5785	-29.6102	18.7864	3.5785	
11776	382	56.8424	138.591	56.7727	-99999	38.757	-0.669334	1	0	0	0	0	307.774	347.253	56.5251	18.6523	894.867	879.821	319.879	339.545	359.389	56.5545	37.5176	18.6523	894.879	887.397	879.821	9.48417	9	0	49.0777	38.79	21.3343	857.568	38.79	21.3343	857.568	
11761	2642	92.7415	246.384	92.2202	-99999	-48.337	-0.983403	1	1	0	0	0	278.271	297.245	133.259	43.9136	205.25	210.123	263.114	269.722	282.233	133.33	87.7822	43.4921	205.252	210.064	210.053	6.89395	10	0	91.2922	-48.3134	23.5545	205.573	-48.3134	23.5545	205.573	
11780	22355	169.673	390.197	169.666	-99999	-12.25	-0.730962	1	1	1	1	1	69.6542	177.565	-36.1453	-161.566	435.276	456.788	69.6682	129.199	177.579	-36.1453	-96.3365	-161.566	435.276	438.509	456.788	4.94824	16	0	73.9497	-12.2266	-31.5331	427.822	-12.2266	-31.5331	427.822	
11789	20815	133.981	349.424	132.667	-99999	93.858	-0.975977	1	1	1	1	0	138.823	119.977	134.502	4.43469	-66.9269	-50.9421	138.715	129.692	119.71	134.502	68.6896	3.13407	-66.9269	-58.8354	-50.9513	17.5624	11	0	87.5592	93.8846	15.3875	-52.7503	93.8846	15.3875	-52.7503	
11772	6269	438.148	926.44	436.325	-81.6	97.159	-0.540302	0	0	0	0	0	255.371	145.919	133.206	-81.9488	732.556	376.861	255.42	211.533	145.781	133.875	9.2181	-82.0386	733.575	559.821	376.285	4.99676	12	0	80.56	102.006	-26.2774	-581.397	13.1661	-61.4469	-41.2106	
11786	32779	313.009	1083.36	311.59	97.5704	97.345	-0.940366	1	1	1	1	1	95.6282	228.847	132.581	-140.157	-658.19	-714.173	95.4708	152.876	229.352	133.06	-11.6231	-140.895	-658.124	-672.722	-714.287	9.06324	6	0	88.2629	97.3761	-14.0171	-671.881	97.3761	-14.0171	-671.881	
11789	19080	66.6049	192.278	65.832	32.3636	31.323	-0.611981	1	0	0	0	0	220.829	181.788	132.306	93.0612	-756.656	-721.401	221.235	201.755	181.788	132.776	113.48	93.0612	-757.112	-738.269	-721.401	4.82142	13	0	76.2516	31.3622	29.9652	-721.349	31.3622	29.9652	-721.349	
11786	13908	242.271	513.275	241.851	-99999	110.356	-0.973126	0	0	0	0	0	274.552	237.665	134.165	-96.7864	-531.537	-477.947	309.112	298.863	272.145	134.268	18.2645	-97.018	-531.561	-498.858	-477.94	4.20028	7	0	74.1578	60.6595	15.1791	788.427	60.6595	15.1791	788.427	
11780	5915	190.041	424.398	188.161	-44.323	-43.658	-0.926226	1	1	1	1	1	213.662	138.799	132.549	-36.978	157.674	131.386	213.745	172.53	138.305	132.779	49.2206	-38.5226	157.712	139.674	131.27	4.17769	7	0	71.9481	-43.6358	-9.28524	192.746	-43.6358	-9.28524	192.746	
11797	23823	355.323	743.137	355.19	-99999	99.922	-0.844431	1	1	1	1	1	166.376	108.612	133.737	-154.247	-231.92	-34.6542	166.287	129.615	108.498	133.839	-11.9095	-154.247	-231.98	-137.37	-34.6542	5.92686	9	0	58.5014	95.2041	-2.27612	-274.567	95.2041	-2.27612	-274.567	
11759	2341	359.788	860.467	359.774	-99999	-6.542	-0.413634	1	1	1	1	1	65.6087	224.93	133.365	-15.4462	152.028	438.066	65.6087	145.174	224.93	133.365	58.5272	-15.4462	152.028	294.96	438.066	4.24439	6	0	46.1446	-6.47561	-11.931	446.288	-6.47561	-11.931	446.288	
11774	166	241.208	532.118	235.97	-99999	76.128	-0.968338	1	1	1	1	1	173.52	134.569	132.332	-99.2496	-355.356	-368.121	173.579	147.834	134.241	132.937	15.699	-103.839	-355.309	-366.348	-367.901	5.13946	6	0	69.0772	76.1527	-21.572	-363.199	76.1527	-21.572	-363.199	
11786	31079	180.59	414.74	169.864	-99999	89.578	-0.842735	1	1	1	1	1	218.167	311.845	131.725	-9.6664	-847.377	-838.308	245.636	295.109	344.39	132.633	57.2665	-18.1889	-847.401	-842.449	-838.555	17.5784	7	0	121.481	86.0762	-50.1128	-174.318	86.0762	-50.1128	-174.318	
11774	1864	88.57	215.942	87.0654	-99999	47.39	-0.968582	1	1	0	0	0	140.599	126.006	133.362	48.4811	-781.949	-771.102	140.568	135.071	125.466	133.493	89.9477	47.2074	-781.977	-776.299	-771.053	4.24951	9	0	67.9109	47.4058	31.86	-760.092	47.4058	31.86	-760.092	
11774	2674	436.29	992.104	436.209	-99999	61.209	-0.694744	1	1	1	1	1	294.31	285.739	133.87	-165.627	-387.52	-696.607	313.47	335.779	304.906	133.908	-16.7211	-165.627	-387.482	-543.457	-696.607	5.67039	12	0	74.9073	61.2409	-11.8955	-536.298	61.2409	-11.8955	-536.298	
11797	87477	156.449	1572.89	156.439	-315.146	8.827	-0.837924	0	0	0	0	0	229.361	193.902	133.142	5.18679	114.404	196.5	229.361	210.968	193.902	133.142	68.3323	5.18679	114.404	153.767	196.5	7.06476	15	0	83.8266	-999999	-999999	-999999	-999999	-999999	-999999	
11781	1221	144.14	536.828	141.567	-15.6199	-16.923	-0.7312	1	1	1	1	1	168.916	221.312	131.969	18.7915	-682.242	-747.519	168.202	198.829	221.649	133.273	79.4319	18.163	-681.264	-717.855	-747.855	4.87233	13	0	69.205	-23.7394	-57.2869	235.559	-23.7394	-57.2869	235.559	
