13867	16770	145.226	331.006	144.168	27.2188	26.374	-0.893424	1	1	1	1	1	235.998	171.799	131.891	3.82142	-346.873	-359.144	236.446	203.488	171.794	132.822	68.8535	3.81064	-346.752	-355.654	-359.143	4.05352	9	0	67.6212	26.4093	7.22223	-357.93	26.4093	7.22223	-357.93	
13867	17913	256.291	3.36848e+10	256.276	-99999	-19.629	-0.635113	1	1	1	1	1	138.494	78.3934	132.788	-33.6567	48.498	233.804	138.52	108.52	78.4159	132.794	49.7	-33.6567	48.4904	141.307	233.804	35158.2	14	0	3.36848e+10	-19.5929	-42.3222	256.061	-19.5929	-42.3222	256.061	
13867	18074	222.284	1142.81	221.169	-99999	19.418	-0.40773	1	1	1	1	1	222.258	305.938	132.14	40.3602	-442.284	-259.313	227.937	270.355	312.073	132.525	86.9561	40.2799	-443.047	-350.983	-259.174	36.338	6	0	686.56	19.4528	4.82005	-236.388	19.4528	4.82005	-236.388	
13867	22061	266.973	597.196	266.581	96.4954	95.45	-0.930801	1	1	1	1	1	164.3	249.811	133.574	-107.048	203.179	270.3	164.296	197.037	249.977	133.595	11.3771	-107.365	203.173	245.136	270.297	4.75497	7	0	69.7601	95.4755	-20.7016	244.502	95.4755	-20.7016	244.502	
13867	20433	190.363	1001.23	189.778	-99999	4.821	-0.462174	1	1	1	1	1	189.378	75.419	132.753	45.7448	282.011	406.327	189.733	132.594	75.4135	133.021	89.3721	45.7448	281.638	343.997	406.327	6.93902	18	0	364.486	4.84951	23.4823	423.219	4.84951	23.4823	423.219	
13867	22101	84.0496	213.253	82.7542	57.8459	57.718	-0.793308	1	1	0	0	0	214.045	196.828	133.862	69.0002	157.059	205.09	214.045	204.736	196.792	133.862	102.076	67.8857	157.059	182.849	205.74	4.96453	19	0	78.2658	57.7558	22.634	198.655	57.7558	22.634	198.655	
13867	2763	310.693	752.242	310.185	80.1969	78.445	-0.99765	1	1	1	1	1	213.052	193.881	133.542	-162.308	-699.825	-626.474	213.052	200.616	193.873	133.542	-17.983	-162.562	-699.825	-670.364	-626.115	10.8092	14	0	73.8701	78.4692	-28.2865	-636.916	78.4692	-28.2865	-636.916	
13867	5317	67.8344	176.446	67.3778	-99999	20.954	-0.88925	1	1	0	0	0	156.59	190.748	130.82	72.9385	751.981	753.113	156.358	172.144	190.724	131.224	101.263	72.9385	751.971	753.548	753.113	5.02896	7	0	76.2552	20.9923	29.3991	744.164	20.9923	29.3991	744.164	
13867	5156	193.744	464.343	193.112	-99999	20.006	-0.964304	1	1	1	1	1	124.947	92.1114	133.671	-50.7821	5.69569	46.4518	124.953	107.866	91.918	133.772	42.4918	-51.2709	5.67655	32.7183	46.4106	6.52	6	0	80.0447	20.0227	2.42937	36.2963	20.0227	2.42937	36.2963	
13867	9456	232.608	551.96	232.246	95.3216	95.062	-0.75129	1	1	1	1	1	241.005	89.6375	133.369	-35.6319	200.218	248.255	241.005	165.552	89.3684	133.369	48.6144	-35.8617	200.218	225.468	248.305	4.1925	8	0	87.8998	95.9238	-40.7375	-123.588	-10.4362	-84.7491	343.283	
13868	48544	395.877	1667.39	395.097	-99999	88.233	-0.644412	1	1	1	1	1	129.923	224.234	134.399	-99.4664	-623.046	-318.96	116.043	163.817	210.47	134.465	17.5015	-99.8194	-623.123	-470.786	-318.394	5.83288	15	0	554.314	88.27	-23.1254	-398.988	66.33	-24.2191	-488.315	
13867	5650	104.726	239.574	104.596	-99999	-17.947	-0.974889	1	1	1	0	0	296.013	255.727	133.782	37.9483	-801.418	-795.708	290.393	273.51	250.034	133.782	84.4576	37.8435	-801.418	-798.563	-795.714	4.36643	8	0	68.5381	-17.9185	31.6343	-775.105	-17.9185	31.6343	-775.105	
13867	6450	317.255	728.581	317.236	-99999	-48.605	-0.901468	1	1	1	1	1	205.61	173.913	131.504	-146.668	707.128	849.586	205.665	191.404	173.968	131.504	-10.7019	-146.668	707.128	775.507	849.586	4.70147	15	0	85.9519	-48.5781	-23.2207	753.657	-48.5781	-23.2207	753.657	
13867	9650	439.534	821.909	437.179	-99999	104.305	-0.660454	1	1	1	1	1	147.421	155.964	134.292	-169.284	366.627	676.676	147.301	143.805	155.966	134.292	-19.1137	-170.451	366.627	523.836	678.338	4.44728	15	0	75.6152	104.342	-20.7968	527.382	104.342	-20.7968	527.382	
13867	12219	325.711	718.259	314.623	-99999	-37.73	-0.969546	1	1	1	1	0	96.8604	125.913	133.214	-170.726	-841.224	-765.772	96.8247	113.902	126.713	134.297	-22.9788	-180.366	-841.486	-802.997	-763.391	5.786	8	0	60.4962	-37.7062	-15.5785	-782.901	-37.7062	-15.5785	-782.901	
13867	12302	68.3592	483.633	66.2674	78.7458	77.774	-0.826157	1	1	0	0	0	201.487	224.448	132.143	77.5265	163.914	134.627	200.995	213.726	224.646	133.509	106.132	77.1564	164.702	148.742	134.511	6.67509	8	0	66.3227	72.7333	1.22505	377.342	85.9233	-19.3861	334.477	
13867	13314	359.471	831.374	359.384	-99999	66.523	-0.617671	1	1	1	1	1	199.714	106.077	125.799	-95.913	-497.353	-232.901	199.654	155.599	106.001	125.851	17.8729	-95.913	-497.418	-360.798	-232.901	7.52897	14	0	76.9909	66.5535	-22.7217	-320.086	66.5535	-22.7217	-320.086	
13868	7876	32.714	103.771	31.9576	-99999	-4.758	-0.754124	0	0	0	0	0	212.72	233.937	127.859	103.988	238.707	239.405	211.83	222.863	233.508	128.034	115.967	103.566	238.701	239.085	239.423	6.99001	6	0	75.2731	-9.07202	-18.9722	-363.723	32.768	69.281	787.827	
13867	10275	292.992	478.437	291.219	-99999	-7.817	-0.818418	1	1	1	1	1	155.28	174.007	126.493	-95.9586	-883.301	-713.609	155.241	173.463	174.016	126.759	11.7044	-95.9586	-883.479	-794.769	-713.609	4.80238	8	0	47.0926	-7.80834	-19.4999	-744.622	-7.80834	-19.4999	-744.622	
13867	13194	419.214	936.369	416.33	-99999	62.039	-0.801506	1	1	1	1	1	92.7448	157.476	132.693	-166.617	220.259	-56.2777	92.4441	126.533	157.678	134.204	-30.7505	-167.212	221.36	96.7873	-57.0205	5.60641	6	0	80.0933	62.0638	-9.24888	103.294	62.0638	-9.24888	103.294	
13867	18393	475.559	800.193	467.369	-99999	-44.567	-0.414932	1	1	1	1	1	137.367	114.014	131.094	-41.5774	-4.82125	412.469	137.644	142.738	114.065	134.124	38.2467	-41.5774	-11.8475	194.66	412.469	4.738	13	0	73.6297	-44.5146	-0.469782	238.113	-44.5146	-0.469782	238.113	
13868	9085	305.067	724.68	304.376	-99999	21.227	-0.997107	1	1	1	1	1	218.555	204.026	132.692	-170.788	-463.194	-446.881	225.202	219.61	210.616	132.803	-19.2833	-171.352	-463.202	-454.079	-446.866	6.8795	7	0	53.4981	21.2598	-22.7942	-453.455	21.2598	-22.7942	-453.455	
13867	3146	76.9615	159.46	76.3272	-99999	58.631	-0.52051	1	1	1	1	1	71.4278	133.859	72.0382	33.4137	549.221	569.965	71.3607	102.785	134.279	72.0382	52.6258	33.0179	549.221	559.995	570.048	4.81233	7	0	43.7324	58.6703	15.9001	588.589	58.6703	15.9001	588.589	
13867	21115	208.804	459.568	208.302	-99999	-14.29	-0.939257	1	1	1	1	1	130.51	192.727	129.962	-66.251	299.12	328.344	130.439	162.822	192.771	130.237	32.3416	-66.4486	299.068	315.085	328.387	4.19282	11	0	81.7108	-14.2553	-11.9199	319.931	-14.2553	-11.9199	319.931	
13867	20155	350.997	766.588	350.42	-99999	65.33	-0.89189	1	1	1	1	1	201.721	327.391	131.818	-167.557	-689.176	-820.085	222.079	279.573	347.947	132.107	-20.2101	-167.765	-689.068	-754.418	-820.182	5.18661	11	0	47.45	61.2214	-36.751	-540.511	61.2214	-36.751	-540.511	
13867	23053	30.2401	72.4617	29.4235	-99999	72.062	-0.820342	0	0	0	0	0	322.196	336.615	132.46	108.681	-594.206	-600.312	344.453	352.059	359.246	132.929	121.13	108.582	-594.065	-598.111	-600.343	4.45541	12	0	51.6677	72.0505	73.1885	-615.222	72.0505	73.1885	-615.222	
13867	18705	281.528	595.593	280.042	-99999	24.377	-0.700068	1	1	1	1	1	138.7	171.615	133.441	-48.1638	-849.29	-639.465	138.605	160.254	171.603	134.345	44.4471	-48.2474	-850.19	-744.121	-639.293	5.36242	17	0	80.6767	24.4042	-1.36478	-702.285	24.4042	-1.36478	-702.285	
13868	71408	205.566	434.728	204.732	-99999	-3.308	-0.990305	1	1	1	1	1	78.951	105.943	134.056	-63.4367	110.893	150.915	78.9472	84.9682	106.163	134.368	33.8494	-63.9018	110.852	130.919	150.964	5.17792	8	0	72.9247	-3.2825	-1.53205	140.702	-3.2825	-1.53205	140.702	
13868	73108	173.523	369.319	173.485	56.4236	55.73	-0.873874	1	1	1	1	1	182.633	261.884	133.002	-18.9516	-61.918	-54.2083	182.633	224.757	261.884	133.002	58.0151	-18.9516	-61.918	-51.3259	-54.2083	5.43733	8	0	55.2506	55.7741	2.19941	-48.3664	55.7741	2.19941	-48.3664	
13867	2635	252.034	547.622	251.279	58.0248	56.845	-0.764537	1	1	1	1	1	143.496	315.765	133.504	-44.1187	-234.537	-265.574	143.293	231.033	316.062	133.754	43.7917	-44.3367	-234.518	-242.141	-265.789	4.12857	12	0	57.4879	56.8818	-10.4249	-254.272	56.8818	-10.4249	-254.272	
13867	18242	228.42	587.482	227.609	-99999	86.648	-0.734051	1	1	1	1	1	191.763	327.901	132.147	-37.3957	147.062	79.8525	218.676	286.915	355.304	132.402	47.1684	-37.7396	147.16	113.68	79.71	8.30937	9	0	94.5806	86.6782	-28.0028	80.3173	86.6782	-28.0028	80.3173	
13867	16436	162.628	377.352	161.675	-99999	-19.771	-0.95751	1	1	1	1	1	107.471	159.648	132.998	-18.55	333.263	353.565	107.239	132.406	159.67	133.911	57.4471	-18.55	333.174	344.376	353.565	4.53531	8	0	67.8431	-19.7432	10.6896	353.524	-19.7432	10.6896	353.524	
13867	17636	165.903	364.139	165.725	-99999	51.483	-0.973823	1	1	1	1	0	117.485	115.538	131.743	-24.6416	352.348	406.614	117.427	115.951	115.463	131.796	53.4821	-24.75	352.337	379.409	406.648	4.679	12	0	68.3726	51.5093	9.33543	388.76	51.5093	9.33543	388.76	
13867	17879	134.313	308.525	131.447	-99999	-14.304	-0.290286	1	1	1	1	1	65.0749	184.367	28.883	-8.33937	-45.8978	-5.23712	65.0912	126.209	186.768	28.883	10.4578	-9.36013	-45.8978	-25.0564	-4.02156	4.60909	10	0	64.747	-14.3174	-24.7717	-1.28176	-14.3174	-24.7717	-1.28176	
13868	72854	242.619	578.063	242.426	-99999	113.45	-0.749796	1	1	1	1	1	192.336	107.154	61.5331	-126.783	-889.756	-766.424	192.211	154.788	106.921	61.5451	-35.297	-126.906	-889.765	-827.541	-766.356	5.74032	11	0	68.1323	113.481	-50.4203	-778.949	113.481	-50.4203	-778.949	
13867	4430	317.364	682.222	311.515	89.1804	89.645	-0.688444	1	1	1	1	1	167.017	239.5	131.244	-88.6573	505.266	301.448	165.923	211.188	239.941	133.657	15.1129	-90.3301	507.543	412.621	299.887	4.60284	17	0	76.095	89.6844	-21.226	382.371	89.6844	-21.226	382.371	
13867	5030	243.516	589.126	243.097	108.542	108.023	-0.925463	1	1	1	1	1	226.246	173.165	132.601	-92.5627	-590.949	-663.649	226.276	203.089	173.117	132.796	20.8075	-92.7577	-590.877	-632.496	-663.661	4.41848	7	0	99.115	108.062	-19.2614	-628.311	108.062	-19.2614	-628.311	
13867	22460	216.037	1126.03	203.403	-99999	74.078	-0.808398	1	1	1	1	1	199.587	317.458	132.286	-33.4227	636.393	634.449	222.677	285.863	346.399	132.431	44.8333	-44.4606	636.395	635.179	634.237	28.8505	10	0	403.238	74.1063	-9.4987	627.935	74.1063	-9.4987	627.935	
13867	22491	185.421	453.422	182.638	-99999	-41.182	-0.942834	1	1	1	1	1	131.599	156.872	131.693	-39.9896	-392.856	-341.014	131.45	138.359	156.919	134.314	48.4324	-39.9896	-393.756	-359.699	-341.014	4.55164	12	0	82.7679	-41.1499	-1.2701	-352.903	-41.1499	-1.2701	-352.903	
13867	23074	308.443	1483.57	305.792	-99999	90.557	-0.500916	1	1	1	1	1	279.157	195.788	126.144	3.494	883.614	616.257	294.079	252.046	210.018	127.492	64.5874	3.494	885.785	751.432	616.257	6.49324	16	0	272.246	90.5928	-30.7534	519.987	90.5928	-30.7534	519.987	
13867	23175	52.5493	164.59	51.4354	-99999	45.503	-0.955816	0	0	0	0	0	267.162	286.531	133.585	86.5972	-849.558	-851.528	281.411	289.425	301.631	133.585	108.611	85.9362	-849.558	-848.391	-851.513	9.61541	21	0	92.1072	45.5264	49.7468	-810.862	45.5264	49.7468	-810.862	
13867	21616	143.544	413.939	142.335	-99999	-25.654	-0.873443	1	1	1	1	1	66.3202	105.691	-3.23985	-125.629	-152.417	-96.0682	66.1689	84.8536	105.72	-2.67339	-65.4461	-125.629	-152.674	-123.75	-96.0682	6.6325	10	0	83.4145	-25.6294	-37.2977	-125.201	-25.6294	-37.2977	-125.201	
13867	5411	233.779	550.718	232.819	-99999	-47.878	-0.822889	1	1	1	1	1	95.674	204.975	131.973	-66.9714	202.548	249.025	95.5256	158.479	205.313	132.29	36.8305	-67.4663	202.464	226.35	249.057	5.40153	7	0	102.092	-47.8439	6.25031	224.377	-47.8439	6.25031	224.377	
13867	8411	434.05	1065.09	429.125	-99999	33.953	-0.644947	1	1	1	1	1	261.18	315.064	133.481	-165.643	-284.601	-586.431	271.812	301.913	326.593	133.481	-18.8498	-168.826	-284.601	-436.041	-590.032	9.70407	17	0	102.2	33.992	-33.3437	-455.555	33.992	-33.3437	-455.555	
13868	9312	121.902	287.28	118.657	44.9179	43.646	-0.884275	1	1	1	0	0	256.266	199.165	132.842	30.2586	-766.269	-770.254	256.912	223.436	198.962	134.1	83.3127	28.5217	-766.299	-767.546	-770.768	4.35184	7	0	76.2286	43.687	18.0501	-744.391	43.687	18.0501	-744.391	
13868	6420	167.342	276.52	155.004	-99999	99.059	-0.735947	0	0	0	0	0	66.5775	78.5421	-22.5081	122.089	-893.77	-840.928	79.3113	72.7157	66.4003	130.14	54.6443	-23.1842	-834.803	-868.955	-893.755	7.54469	45	0	276.52	21.7283	-18.1034	764.184	21.7283	-18.1034	764.184	
13867	7676	59.3797	156.771	58.3269	-99999	100.73	-0.759604	1	0	0	0	0	290.661	327.326	133.037	88.0993	-242.608	-236.92	321.741	340.426	359.066	133.562	110.677	87.8452	-242.658	-239.792	-236.879	4.46588	6	0	51.7553	100.712	75.7442	-225.798	100.712	75.7442	-225.798	
13868	79750	333.96	999.062	318.002	31.2575	33.093	-0.850664	1	1	1	1	1	150.697	347.398	134.204	-110.509	-699.083	-748.31	150.697	253.969	358.381	134.204	5.50865	-122.014	-699.083	-724.344	-748.731	4.85037	13	0	250.528	33.1351	-64.6527	-730.963	33.1351	-64.6527	-730.963	
13867	5686	328.81	861.983	328.72	-99999	75.085	-0.524706	1	1	1	1	1	272.219	335.731	-49.0582	115.663	-888.506	-611.252	359.243	327.594	295.713	115.663	32.954	-49.103	-611.252	-749.754	-888.58	4.6518	1037	0	861.983	75.1283	16.9749	-725.614	75.1283	16.9749	-725.614	
13868	76075	314.394	789.429	305.799	-99999	57.102	-0.954578	1	1	1	1	1	341.388	298.358	125.894	-170.035	714.232	650.556	359.269	337.437	313.763	125.894	-26.0676	-178.237	714.232	680.505	650.197	7.57058	14	0	88.3969	57.1189	-1.79195	667.941	57.1189	-1.79195	667.941	
13868	79675	222.487	539.395	222.039	-99999	43.955	-0.983593	1	1	1	1	1	315.783	345.518	134.49	-85.5141	-586.456	-585.891	329.548	344.562	359.358	134.49	24.2775	-85.9477	-586.456	-585.78	-585.945	4.36124	10	0	65.9215	43.978	-35.2335	-554.358	43.978	-35.2335	-554.358	
13868	5456	332.95	715.717	330.329	-24.1117	-25.797	-0.893274	1	1	1	1	1	282.225	128.382	134.158	-151.514	447.862	389.533	282.225	204.02	127.291	134.158	-9.43546	-153.885	447.862	416.902	389.627	4.35254	9	0	72.341	-19.7233	20.4306	120.43	-19.7233	20.4306	120.43	
13868	8030	163.827	359.735	157.87	-66.9311	91.78	-0.587713	0	0	0	0	0	253.095	191.53	129.444	42.8105	2.04652	117.365	254.84	218.454	190.877	131.576	83.3472	41.6975	-0.255082	55.0108	119.346	5.53165	15	0	70.7152	14.173	26.8383	-788.483	14.173	26.8383	-788.483	
13868	10030	107.67	247.87	107.669	-99999	97.343	-0.701606	1	1	1	1	1	268.561	194.742	133.443	58.0592	232.101	210.711	283.858	247	210.039	133.443	95.7827	58.0592	232.101	221.113	210.711	4.71879	8	0	51.5553	97.3692	-30.5033	187.026	-0.880823	-7.70811	196.646	
13868	5741	296.018	652.773	294.459	30.3611	30.417	-0.924964	1	1	1	1	1	311.074	198.606	132.825	-130.259	-179.087	-112.013	311.303	257.551	198.242	133.511	0.0891948	-130.984	-179.243	-144.556	-111.957	5.9659	9	0	69.7701	30.4441	-0.929107	-150.794	30.4441	-0.929107	-150.794	
13868	13317	321.731	1669.75	312.435	51.0905	51.913	-0.707552	1	1	1	1	1	61.9311	254.142	68.8434	-152.706	478.522	370.986	60.8919	159.929	258.651	70.0348	-43.7482	-158.391	479.1	423.239	368.693	78.6476	10	0	603.78	51.9539	-34.1598	403.665	51.9539	-34.1598	403.665	
13868	13717	126.445	260.497	105.255	-99999	15.934	-0.76063	1	1	1	1	1	62.7613	129.793	-21.9867	-102.319	-417.285	-405.842	62.2571	102.516	142.223	-21.4141	-69.659	-118.354	-417.358	-410.406	-403.604	6.1203	6	0	58.8411	15.9676	-36.8261	-416.579	15.9676	-36.8261	-416.579	
13868	12434	290.621	675.392	289.401	-99999	57.396	-0.886247	1	1	1	1	1	185.429	162.968	133.019	-135.451	-426.304	-323.564	185.402	174.416	162.746	133.156	0.698324	-136.475	-426.37	-367.913	-323.436	5.40485	6	0	85.88	57.4211	-24.1824	-359.482	57.4211	-24.1824	-359.482	
13868	2979	329.941	1032.86	325.901	-99999	19.912	-0.943891	1	1	1	1	1	288.162	300.754	131.619	-164.952	388.901	261.168	294.326	299.739	306.906	132.609	-20.1162	-167.373	389.24	328.003	259.476	21.2017	10	0	270.362	19.93	-36.2476	314.193	19.93	-36.2476	314.193	
13868	13321	109.613	243.686	92.9352	-99999	116.938	-0.66301	0	0	0	0	0	178.605	111.006	132.865	69.293	251.63	256.589	178.471	138.538	98.8607	132.865	95.4507	57.7723	251.63	254.533	257.612	4.89503	7	0	76.7182	-999999	-999999	-999999	-999999	-999999	-999999	
13868	3366	113.902	281.948	113.532	-202.75	17.203	-0.742735	0	0	0	0	0	204.21	266.274	132.695	63.9121	-607.63	-671.819	204.018	237.094	266.274	132.97	95.7465	63.9121	-607.483	-634.848	-671.819	4.15685	13	0	63.8659	-28.4714	-82.9283	-348.163	-28.4714	-82.9283	-348.163	
13868	2721	310.469	709.771	309.675	-99999	69.831	-0.95382	1	1	1	1	1	83.7532	166.84	133.479	-160.82	216.585	242.757	83.4403	136.854	166.76	134.227	-11.4144	-160.82	216.596	219.061	242.757	5.4196	10	0	98.9363	69.8596	-7.10662	220.563	69.8596	-7.10662	220.563	
13868	33478	221.997	500.227	221.181	107.891	38.931	-0.849433	0	0	0	0	0	98.6271	225.278	132.851	-44.4158	-580.585	-548.99	98.3738	162.195	225.357	133.297	44.1894	-44.6881	-580.693	-564.111	-549.014	5.5983	7	0	76.039	48.6102	-33.215	520.151	108.59	6.93893	-565.391	
13868	12326	229.499	464.851	229.06	-99999	-26.869	-0.813759	1	1	1	1	1	340.031	272.916	133.793	-42.507	175.816	292.638	331.747	292.225	264.503	134.094	37.8434	-42.507	175.647	223.804	292.638	7.21204	9	0	79.835	-26.8408	5.84799	227.226	-26.8408	5.84799	227.226	
13868	3762	219.234	1317.39	216.578	36.1949	41.36	-0.435364	1	1	1	1	1	61.9389	245.069	99.4405	4.6057	-57.2398	-121.799	59.7228	151.327	245.166	100.527	50.6723	4.5246	-56.7709	-90.2845	-121.832	7.20646	9	0	90.4882	41.394	22.3769	-83.5968	41.394	22.3769	-83.5968	
13868	2102	154.634	393.958	143.486	-99999	107.458	-0.508525	1	1	1	1	1	184.996	308.274	128.44	58.4775	-487.357	-509.463	214.651	280.994	347.746	130.814	92.9445	56.1109	-486.656	-498.56	-510.881	7.15542	10	0	131.59	107.492	27.3314	-514.86	107.492	27.3314	-514.86	
13868	2308	97.9209	249.426	94.9533	-99999	-23.628	-0.881205	1	1	1	0	0	144.328	106.002	132.806	47.0747	116.37	117.958	144.803	121.671	105.834	133.637	90.5237	45.1728	116.409	117.453	117.328	4.67388	6	0	70.351	-29.6962	-25.6577	-545.659	2.43377	39.0862	466.507	
13868	3822	178.526	422.578	177.476	-99999	114.877	-0.903377	1	1	1	1	1	124.155	163.752	133.067	-22.4274	-382.72	-307.844	123.976	144.02	163.705	133.294	53.8515	-23.1787	-382.816	-347.511	-307.596	5.19834	13	0	71.1981	114.912	7.49998	-338.298	114.912	7.49998	-338.298	
13868	5317	226.019	527.94	225.616	-99999	8.411	-0.936256	1	1	1	1	1	175.836	112.723	132.852	-78.6723	-570.969	-529.417	175.926	152.895	112.699	133.196	25.1442	-78.6975	-571.054	-547.551	-529.416	9.10485	8	0	72.0889	8.43151	-21.9163	-536.351	8.43151	-21.9163	-536.351	
13868	296	472.464	5798.02	472.46	67.854	67.527	-0.495595	1	1	1	1	1	150.811	277.566	133.938	-77.6112	-101.514	-504.429	150.811	214.326	277.566	133.938	27.9407	-77.6112	-101.514	-302.807	-504.429	192.504	15	0	4561.73	67.5851	-60.6798	-539.812	-9.16494	63.6447	-372.706	
13868	1915	342.335	762.129	338.245	-99999	-37.215	-0.990044	1	1	1	1	1	277.666	321.66	129.407	-169.715	-674.608	-810.405	266.048	264.688	310.006	133.392	-16.9358	-169.715	-674.005	-752.442	-810.405	4.99378	9	0	73.8603	-37.1873	-30.8542	-738.8	-37.1873	-30.8542	-738.8	
13868	1617	327.946	2344.23	326.984	90.1409	90.676	-0.842439	1	1	1	1	1	319.926	179.773	133.058	-105.789	-425.63	-258.481	320.228	245.897	179.653	133.647	4.05889	-105.948	-425.841	-358.597	-258.31	37.1821	12	0	125.181	90.7112	-4.22161	-357.853	90.7112	-4.22161	-357.853	
13868	2537	91.6094	250.065	91.5781	-99999	45.423	-0.779135	1	1	1	1	1	201.399	156.258	133.16	65.074	83.8134	122.486	201.359	178.812	156.206	133.178	97.1357	65.074	83.8059	100.81	122.486	6.48746	9	0	77.6844	45.4594	-39.9166	171.207	-47.4806	-27.393	176.899	
13868	4911	263.049	606.957	262.393	-99999	-47.509	-0.925626	1	1	1	1	1	106.802	147.825	133.64	-110.895	-147.002	-62.9008	106.78	131.212	147.879	134.243	12.8687	-110.895	-147.233	-102.988	-62.9008	5.29208	11	0	71.1927	-47.4788	-13.2351	-93.3672	-47.4788	-13.2351	-93.3672	
13867	5533	242.242	570.472	241.899	-99999	88.835	-0.956968	1	1	1	1	1	86.7974	185.324	132.963	-86.3409	-347.633	-342.385	86.6144	127.111	185.25	133.229	19.2571	-86.3929	-347.627	-343.378	-342.386	5.61153	7	0	78.2879	88.8596	-1.38506	-345.824	88.8596	-1.38506	-345.824	
13868	8459	263.332	656.9	263.285	-99999	48.18	-0.981909	1	1	1	1	1	150.483	131.306	133.903	-109.043	-117.553	-64.8132	150.437	136.294	131.251	133.945	3.82371	-109.043	-117.557	-104.079	-64.8132	4.46711	8	0	65.1383	48.1888	-24.3241	-95.0235	48.1888	-24.3241	-95.0235	
13868	9378	315.46	712.883	302.861	-99999	90.024	-0.999021	1	1	1	1	1	146.308	154.975	133.558	-166.375	199.304	167.671	146.205	150.319	155.06	133.558	-22.5262	-178.421	199.304	181.218	170.97	7.61636	6	0	49.1683	82.7402	-25.6367	410.258	82.7402	-25.6367	410.258	
13868	13435	198.962	469.751	195.997	-99999	19.662	-0.94757	1	1	1	1	1	327.796	288.276	132.724	-47.906	-85.0421	-22.6812	334.102	318.238	294.15	134.736	41.8503	-48.6867	-85.7025	-53.9516	-22.5895	15.6852	8	0	94.9921	19.6794	4.36783	-46.8023	19.6794	4.36783	-46.8023	
13868	14864	239.32	559.182	238.534	-99999	80.833	-0.777311	1	1	1	1	1	175.671	122.345	132.649	-59.5602	-184.946	-55.1795	175.788	149.517	122.253	133.254	37.738	-59.5602	-185.392	-118.538	-55.1795	16.1377	11	0	86.2122	80.8662	-13.4206	-89.4526	80.8662	-13.4206	-89.4526	
13868	13212	156.248	2486.59	155.621	-99999	-31.108	-0.404269	1	1	1	1	1	181.653	143.397	133.432	64.2783	133.142	267.159	181.689	162.334	143.245	133.432	98.8021	64.0191	133.142	200.402	267.696	197.303	15	0	2061.67	-31.054	-8.85243	348.661	87.836	-18.9987	147.599	
13867	7882	251.475	24.1341	6.58528	-99999	116.147	-0.809959	1	1	1	1	1	286.545	284.89	129.406	123.361	107.438	105.574	323.107	294.638	267.917	131.915	23.5172	-85.7706	109.546	53.8568	-2.00645	5.55383	10	0	24.1342	116.175	-17.7996	29.4281	116.175	-17.7996	29.4281	
13868	12491	59.8914	147.345	59.8866	-99999	41.083	-0.944806	0	0	0	0	0	69.3761	88.1519	133.575	78.7981	370.194	382.351	69.3291	81.0191	88.1049	133.575	106.264	78.7981	370.194	373.64	382.351	5.58783	9	0	58.0851	41.1159	67.8392	382.905	41.1159	67.8392	382.905	
13868	16853	285.088	2261.39	284.905	68.794	69.684	-0.727981	1	1	1	1	1	62.5646	231.937	71.7231	-123.351	416.814	301.143	62.4673	152.717	231.937	71.8514	-20.4415	-123.351	416.886	356.695	301.143	5.37284	11	0	86.9008	69.7257	39.9239	395.704	69.7257	39.9239	395.704	
13868	17753	157.512	378.375	157.511	-99999	-9.973	-0.848526	1	1	1	1	1	151.898	81.1072	133.31	1.98332	504.523	554.977	151.91	116.406	81.1186	133.31	67.6465	1.98332	504.523	529.594	554.977	4.03553	10	0	48.1214	-9.94481	-12.9548	560.317	-9.94481	-12.9548	560.317	
13868	18381	24.7531	54.2353	23.597	-99999	110.744	-0.510321	0	0	0	0	0	309.169	324.673	133.453	121.357	285.273	272.298	343.239	351.698	359.476	133.903	127.515	121.227	285.738	279.349	272.099	5.50823	15	0	45.816	110.785	59.8304	236.723	110.785	59.8304	236.723	
13868	19381	320.898	616.348	307.091	-99999	-20.228	-0.961415	1	1	1	1	1	282.214	341.422	133.971	-167.138	-810.757	-820.013	275.88	307.333	338.022	133.971	-23.1814	-180.59	-810.757	-817.454	-820.749	4.56853	8	0	41.207	-20.2088	-36.5067	-794.586	-20.2088	-36.5067	-794.586	
13868	18398	347.638	729.113	346.397	116.682	115.578	-0.936618	1	1	1	1	1	113.516	272.648	133.273	-167.772	12.6413	-23.0008	113.187	185.363	272.824	134.197	-23.5898	-167.915	12.6962	3.59501	-23.0931	7.04933	8	0	75.3145	115.608	-17.149	3.33906	115.608	-17.149	3.33906	
13868	18041	176.403	369.951	175.15	-99999	78.178	-0.954636	1	1	1	1	0	177.717	186.699	132.416	-31.6504	-210.09	-151.485	177.612	180.428	186.72	133.038	50.0737	-32.2104	-210.284	-180.937	-151.344	5.3067	12	0	74.2383	78.2028	15.3829	-790.205	103.033	3.19575	-170.895	
13868	20246	78.0636	193.841	77.4789	-99999	42.424	-0.6261	0	0	0	0	0	197.024	234.583	128.303	72.0896	-667.338	-702.839	210.309	228.511	248.275	128.303	101.754	71.686	-667.338	-689.338	-702.899	6.36756	6	0	73.8068	42.4579	27.0381	-685.502	42.4579	27.0381	-685.502	
13868	20546	347.126	731.897	346.711	-99999	-30.977	-0.700404	1	1	1	1	1	170.684	157.434	133.067	-105.878	296.293	542.647	170.787	145.269	157.47	133.324	16.2355	-105.878	296.04	421.502	542.647	5.63362	11	0	79.6947	-30.9446	-14.4779	446.745	-30.9446	-14.4779	446.745	
13868	16917	185.6	459.83	182.683	-99999	42.115	-0.803105	1	1	1	1	1	215.899	264.761	131.192	-32.1293	735.297	791.31	228.338	261.992	278	132.664	54.7252	-33.0442	734.498	771.628	791.316	4.65201	16	0	100.137	42.1548	-25.9624	-273.686	85.5548	10.0614	-37.5463	
13868	24917	289.145	669.587	288.49	-99999	-14.805	-0.913685	1	1	1	1	1	74.6071	191.737	133.191	-125.828	-236.284	-193.655	74.4961	129.983	191.882	133.497	2.34112	-126.109	-236.327	-211.899	-193.594	4.40612	11	0	71.9007	-14.7858	5.67433	-212.911	-14.7858	5.67433	-212.911	
13868	25265	295.185	656.535	294.283	-99999	86.093	-0.963746	1	1	1	1	1	149.923	103.215	131.673	-149.182	-612.705	-544.826	150.005	128.783	103.117	132.52	-10.4493	-149.182	-612.859	-584.05	-544.826	4.80412	11	0	89.2304	83.6544	-31.9272	-456.665	83.6544	-31.9272	-456.665	
13868	26464	323.138	695.293	318.247	13.0549	15.755	-0.677237	1	1	1	1	1	62.1271	284.584	84.4963	-136.525	495.431	446.98	61.256	170.877	286.746	85.3484	-28.6966	-139.338	495.769	463.662	446.292	8.74264	6	0	86.5003	15.7811	-8.7225	467.175	15.7811	-8.7225	467.175	
13868	70851	85.6381	207.434	84.3177	82.58	83.065	-0.965107	1	1	0	0	0	217.334	195.267	131.61	51.0053	685.191	691.781	217.597	203.709	195.256	132.647	92.2045	50.7674	685.122	686.616	691.822	6.21929	7	0	68.5954	83.0967	11.0045	681.547	83.0967	11.0045	681.547	
13868	10857	234.941	563.362	234.775	-99999	11.731	-0.861232	1	1	1	1	1	355.572	229.613	68.5974	-128.067	790.389	811.497	359.323	298.586	233.283	68.7286	-31.0476	-128.075	790.375	802.7	811.499	11.0311	6	0	99.7796	11.739	24.6087	778.111	59.519	-23.45	762.655	
13867	12785	309.554	700.281	309.1	15.1704	14.001	-0.865445	1	1	1	1	1	99.0969	262.769	133.725	-109.04	-359.509	-444.07	99.0115	180.909	262.983	133.883	5.67909	-109.158	-359.481	-387.477	-444.171	6.86039	8	0	71.8952	14.0401	-11.4105	-394.785	14.0401	-11.4105	-394.785	
13868	15652	69.3945	217.9	68.6678	-99999	64.657	-0.919131	1	0	0	0	0	313.942	338.724	133.829	70.2365	392.79	397.443	334.189	346.574	359.214	133.829	101.617	69.6452	392.79	395.235	397.511	4.37448	8	0	96.149	64.6849	0.441907	395.372	64.6849	0.441907	395.372	
13868	16101	189.375	401.788	187.381	24.162	25.18	-0.860784	1	1	1	1	1	159.722	256.949	132.936	-25.5179	-290.059	-288.069	159.429	209.541	257.702	133.457	53.683	-26.5388	-289.986	-297.754	-288.05	5.1081	6	0	65.5928	25.2117	-2.99008	-291.528	25.2117	-2.99008	-291.528	
13868	18900	124.626	279.758	123.774	-99999	42.984	-0.974344	1	1	1	1	0	128.828	155.914	134.32	15.9551	-35.0797	-12.219	128.758	142.901	155.969	134.562	75.4037	15.3767	-35.1178	-21.8777	-12.0842	6.07863	8	0	80.9998	43.013	20.7634	-14.4424	43.013	20.7634	-14.4424	
13868	16946	215.127	499.835	213.765	-99999	-20.09	-0.987347	1	1	1	1	1	207.072	162.675	132.403	-76.1299	70.4143	79.6718	207.157	185.272	162.454	132.792	27.5584	-77.0558	70.4259	72.3449	79.5903	4.58741	7	0	75.2125	-20.0582	-15.7216	72.7528	-20.0582	-15.7216	72.7528	
13868	19077	249.427	618.202	248.407	-99999	-34.733	-0.950212	1	1	1	1	1	252.232	325.382	132.097	-103.19	609.335	631.391	241.07	271.243	314.505	133.057	13.1458	-103.19	609.164	624.193	631.391	13.0663	8	0	77.1027	-34.7074	-18.7457	621.214	-34.7074	-18.7457	621.214	
13868	20330	295.936	685.671	295.456	-99999	91.301	-0.889754	1	1	1	1	1	61.7678	186.68	101.795	-163.06	737.197	762.913	61.6085	130.589	186.648	101.902	-28.5414	-163.407	737.192	745.152	762.903	4.75662	8	0	81.6092	91.3303	-7.20393	741.614	91.3303	-7.20393	741.614	
13868	21430	386.128	847.228	385.867	91.3733	92.602	-0.638165	1	1	1	1	1	182.667	340.809	132.407	-111.329	-527.514	-780.29	182.622	259.896	340.867	132.488	13.9876	-111.414	-527.427	-658.566	-780.363	4.16441	13	0	58.1912	92.6508	-37.4834	-694.821	92.6508	-37.4834	-694.821	
13868	23130	306.397	734.3	306.372	-99999	55.876	-0.967845	1	1	1	1	1	280.811	341.679	133.018	-167.007	371.097	364.646	298.303	329.114	359.176	133.039	-16.8424	-167.007	371.099	365.415	364.646	6.02407	10	0	56.9771	55.8964	-41.4939	360.071	55.8964	-41.4939	360.071	
13868	29201	195.983	352.802	194.553	-99999	65.536	-0.850935	1	1	0	0	0	93.3674	107.007	133.271	-36.2676	770.391	863.667	93.2562	100.088	107.072	133.909	49.7872	-36.9199	770.005	819.692	863.753	5.85819	9	0	58.4997	65.5627	24.498	807.237	65.5627	24.498	807.237	
13868	72226	102.54	249.274	101.776	-99999	91.478	-0.890191	1	1	1	0	0	283.838	330.42	132.373	41.9093	-285.6	-283.654	312.406	336.074	359.346	132.524	87.0597	41.3868	-285.604	-284.473	-283.641	4.20998	8	0	50.6436	91.4874	26.0334	-274.808	91.4874	26.0334	-274.808	
13867	12691	56.2688	143.22	55.8212	-99999	78.29	-0.889305	1	1	0	0	0	313.115	334.553	131.253	81.3064	182.976	170.287	337.539	348.519	359.141	131.463	106.287	81.1125	183.026	176.932	170.236	13.1839	10	0	61.4847	78.3025	70.8069	171.378	78.3025	70.8069	171.378	
13868	33496	99.676	278.232	38.0287	-99999	10.448	-0.650569	1	1	1	1	1	356.066	335.674	-84.3525	-53.641	-232.39	-224.721	302.744	332.075	359.408	-7.63625	-45.0947	-84.5833	-207.545	-221.562	-232.319	12.0284	175	0	278.232	10.485	-40.5414	-222.647	10.485	-40.5414	-222.647	
13868	38246	392.376	857.014	392.152	-99999	72.366	-0.520345	1	1	1	1	1	256.741	188.943	132.748	-106.852	873.067	573.515	279.402	247.653	211.646	132.748	22.188	-106.992	873.067	714.236	573.349	6.23504	15	0	89.3907	72.3994	-5.47429	674.128	72.3994	-5.47429	674.128	
13868	44638	331.202	738.338	321.828	-490.696	97.485	-0.826937	0	0	0	0	0	195.951	285.467	127.007	-144.212	-0.290078	-145.32	194.068	241.8	286.017	133.096	-4.51498	-145.552	3.36756	-74.8295	-146.72	5.15245	16	0	72.1516	97.5087	49.6931	354.337	97.5087	49.6931	354.337	
13867	12559	107.474	258.47	107.261	97.9981	98.569	-0.751294	1	1	1	1	0	186.508	217.745	133.332	64.8763	-681.345	-757.032	186.488	198.728	217.756	133.472	97.4881	64.8638	-681.223	-719.033	-757.045	4.97819	11	0	71.9042	98.5988	22.663	-718.887	98.5988	22.663	-718.887	
13868	1635	263.933	588.736	261.52	44.361	44.259	-0.95881	1	1	1	1	1	257.658	180.485	132.257	-115.778	130.299	147.479	258.088	222.016	180.173	133.75	7.05951	-116.568	130.188	133.787	147.448	6.15775	6	0	73.1978	44.2984	-18.7033	137.391	44.2984	-18.7033	137.391	
13868	6550	266.701	615.58	266.02	-99999	97.335	-0.969526	1	1	1	1	1	104.401	159.394	132.79	-120.974	263.293	318.03	104.182	130.779	159.282	133.446	5.55792	-120.974	263.17	289.467	318.03	6.09317	8	0	74.6505	97.3478	-16.0405	292.808	97.3478	-16.0405	292.808	
13868	7450	65.0376	161.882	63.8975	-18.9754	-23.279	-0.515782	1	1	1	1	1	194.512	225.119	133.135	104.296	281.526	329.187	194.03	210.264	225.119	133.723	117.176	104.296	280.68	303.44	329.187	5.11862	9	0	79.6055	-23.2325	-7.45828	434.015	-43.9725	-22.9812	257.004	
13868	13050	236.046	528.465	235.802	-99999	-20.049	-0.815561	1	1	1	1	1	65.1753	168.668	88.9726	-105.5	-317.593	-236.107	65.075	118.141	168.691	89.1684	-10.4264	-105.5	-317.661	-283.22	-236.107	5.88462	11	0	73.6411	-20.0111	-7.65675	-283.609	-20.0111	-7.65675	-283.609	
13868	11103	337.391	956.631	336.505	-99999	73.098	-0.906817	1	1	1	1	1	279.115	223.15	133.273	-168.62	-347.014	-484.478	302.005	273.304	246.055	133.273	-18.2733	-169.373	-347.014	-415.215	-484.918	11.9395	10	0	176.14	79.7256	10.5816	-377.888	79.7256	10.5816	-377.888	
13868	14703	112.867	293.41	112.391	-99999	33.753	-0.976489	1	1	1	0	0	307.564	323.677	133.608	23.7838	701.445	715.98	318.068	323.204	334.246	134.067	78.6994	23.7838	701.362	710.741	715.98	7.82983	6	0	76.3951	33.7747	17.9285	709.839	33.7747	17.9285	709.839	
13868	11040	284.673	641.612	280.861	-99999	36.045	-0.991232	1	1	1	1	1	179.063	189.534	131.447	-147.803	-333.029	-331.224	179.244	174.034	190.211	133.127	-8.92324	-149.768	-333.078	-331.617	-331.189	4.6819	6	0	67.1197	36.0756	-24.02	-333.897	36.0756	-24.02	-333.897	
13868	17625	382.246	867.88	380.91	-99999	40.12	-0.614866	1	1	1	1	1	233.605	275.132	133.34	-85.6453	-400.104	-92.3727	246.168	269.49	287.751	133.34	17.775	-85.9631	-400.104	-249.735	-91.0834	12.7664	14	0	82.5873	45.4801	-7.59753	57.7168	45.4801	-7.59753	57.7168	
13868	13656	153.258	1355.12	151.548	-99999	2.618	-0.849679	1	1	1	1	1	242.945	204.188	133.41	7.91575	758.042	833.437	243.185	223.688	204.188	134.587	70.6519	7.91575	757.365	794.723	833.437	10.2641	7	0	58.1013	2.64416	-9.34309	779.197	2.64416	-9.34309	779.197	
13868	14667	275.997	629.976	275.989	68.16	68.682	-0.863834	1	1	1	1	1	258.757	116.754	133.167	-90.3717	726.599	796.609	258.757	188.272	116.754	133.167	19.0544	-90.3717	726.599	758.576	796.609	4.5907	11	0	72.8731	68.7107	-3.97727	590.609	68.7107	-3.97727	590.609	
13868	18284	75.8246	197.47	74.5481	73.3907	71.985	-0.916359	1	1	0	0	0	188.923	219.743	133.088	65.5823	13.7215	14.6257	188.849	203.592	220.308	133.267	98.4653	64.6634	13.7059	16.6599	14.6487	5.1818	6	0	81.5886	72.0187	28.5027	9.41904	72.0187	28.5027	9.41904	
13868	18584	97.4788	255.598	97.2302	-99999	53.61	-0.959666	1	1	1	1	1	331.339	342.302	133.921	39.1291	182.121	200.517	348.127	353.879	359.116	133.921	86.5131	38.8856	182.121	191.809	200.53	4.00716	7	0	52.5672	53.6273	-6.94113	215.495	53.6273	-6.94113	215.495	
13868	16886	243.249	2812.34	241.024	89.698	90.396	-0.805082	1	1	1	1	1	125.535	241.893	133.818	-48.322	-220.39	-321.496	125.535	174.19	243.603	133.818	38.4021	-49.6483	-220.39	-277.87	-321.983	4.00974	7	0	62.4439	85.0267	-16.051	-558.359	51.3667	-72.6989	-261.059	
13868	18286	344.866	731.101	344.818	-99999	-21.158	-0.804444	1	1	1	1	1	100.184	88.6637	134.395	-148.596	-329.956	-136.461	100.208	94.9543	88.6879	134.395	-6.69771	-148.596	-329.956	-231.475	-136.461	9.94129	16	0	75.927	-21.1318	-11.1337	-229.507	-21.1318	-11.1337	-229.507	
13868	15191	92.2379	222.324	88.3458	-99999	32.844	-0.75168	1	1	0	0	0	268.664	308.484	132.117	55.3702	741.312	750.814	277.695	303.068	319.069	133.594	96.1146	53.5369	740.922	749.356	750.365	4.77225	15	0	74.397	32.8732	37.3443	747.652	32.8732	37.3443	747.652	
13868	20921	194.773	574.363	167.113	-99999	33.229	-0.865983	1	1	1	1	1	258.915	337.688	132.129	-12.3915	-296.814	-267.981	269.108	315.146	359.464	132.528	48.431	-36.8291	-296.899	-279.814	-266.155	4.10477	7	0	98.2226	33.2531	-21.6949	-265.148	33.2531	-21.6949	-265.148	
13868	21861	396.62	966.304	393.652	-2.57181	-3.706	-0.800894	1	1	1	1	1	264.553	166.835	131.2	-170.196	-405.548	-172.005	265.142	216.615	166.808	133.504	-18.9788	-170.256	-407.161	-290.057	-171.953	5.23977	14	0	86.8777	-3.68022	-25.2441	-410.731	85.0498	-0.277974	-226.409	
13868	24645	114.325	345.926	113.803	-99999	47.963	-0.48776	1	0	0	0	0	175.924	114.548	132.873	73.7307	109.005	182.554	176.113	140.474	114.42	133.059	104.962	73.6395	108.773	143.487	182.618	5.89211	12	0	136.813	56.8506	-81.3512	259.466	56.8506	-81.3512	259.466	
13867	13136	370.83	870.318	370.825	36.6522	37.463	-0.665767	1	1	1	1	1	214.633	115.77	131.754	-133.346	-650.458	-412.286	214.633	169.998	115.77	131.754	-2.09824	-133.346	-650.458	-530.396	-412.286	7.19991	12	0	76.5527	37.4997	-34.2301	-496.129	37.4997	-34.2301	-496.129	
13868	20697	348.835	849.115	348.833	-99999	103.965	-0.694265	1	1	1	1	1	248.484	326.668	-164.128	89.7685	-888.698	-662.678	359.224	320.61	281.04	89.7685	-37.6042	-164.128	-662.678	-775.372	-888.698	16.6027	1006	0	849.115	104.003	-2.70354	-727.193	104.003	-2.70354	-727.193	
13868	22986	247.506	553.206	244.618	-41.8613	-39.878	-0.763685	1	1	1	1	1	339.944	183.304	133.563	-49.5649	775.409	815.647	339.944	260.775	181.891	133.563	40.8702	-52.0718	775.409	796.304	815.757	5.30962	6	0	67.29	-39.8563	14.0497	770.715	-39.8563	14.0497	770.715	
13868	21892	158.413	341	157.434	-352.746	13.857	-0.965716	0	0	0	0	0	213.312	178.158	132.017	-16.4596	-442.678	-406.112	213.312	193.999	177.769	132.017	56.6771	-17.2952	-442.678	-427.899	-405.811	4.16134	12	0	68.9071	8.09477	-109.355	-438.818	8.09477	-109.355	-438.818	
13867	3974	231.469	564.809	231.282	-99999	100.545	-0.368151	1	1	1	1	1	242.328	327.452	133.642	48.9147	-185.298	12.3206	273.733	316.225	358.937	133.709	91.0056	48.9147	-185.447	-86.6415	12.3206	4.90328	9	0	61.1096	100.601	35.1301	-5.43862	100.601	35.1301	-5.43862	
13868	26119	285.191	650.345	284.342	-99999	-2.959	-0.93579	1	1	1	1	1	109.536	156.638	131.913	-136.623	173.036	245.452	109.456	124.994	156.642	132.702	-3.35644	-136.623	172.75	212.151	245.452	5.45979	10	0	74.1588	-2.94423	-14.7987	211.237	-2.94423	-14.7987	211.237	
13868	25731	346.553	781.175	344.258	104.108	104.78	-0.852944	1	1	1	1	1	189.731	229.151	131.846	-152.126	745.398	556.25	189.537	213.64	229.186	133.6	-5.59379	-152.341	746.448	646.315	556.172	7.22398	10	0	79.3887	104.822	-19.5399	628.145	104.822	-19.5399	628.145	
13868	27909	292.555	637.13	292.044	-42.9268	-43.365	-0.835468	1	1	1	1	1	330.776	167.538	132.969	-93.8532	687.808	768.143	331.015	254.381	167.538	133.393	15.999	-93.8532	687.673	729.071	768.143	5.49465	8	0	67.6499	-43.3286	-16.4926	716.682	-43.3286	-16.4926	716.682	
13868	33152	181.902	452.244	171.827	-99999	53.781	-0.756696	1	1	1	1	1	226.155	336.426	132.73	3.56186	136.235	162.245	242.532	300.57	358.864	133.277	64.6816	-3.84625	136.14	150.188	163.333	4.11631	10	0	92.5202	53.8118	-6.55656	159.487	53.8118	-6.55656	159.487	
13868	32145	193.35	430.241	193.342	-99999	65.832	-0.902494	1	1	1	1	0	146.029	96.431	134.369	-45.8096	-173.944	-128.78	145.954	122.96	96.3557	134.369	43.5656	-45.8096	-173.944	-150.342	-128.78	5.23691	7	0	71.426	65.8626	-4.43527	-140.636	65.8626	-4.43527	-140.636	
13868	34042	83.0987	222.999	82.5742	-99999	26.641	-0.969252	1	1	0	0	0	129.36	143.69	133.552	56.947	456.047	481.09	129.277	137.075	143.707	133.856	94.0383	56.7966	455.991	464.742	481.155	5.01455	14	0	78.6919	26.6684	31.2589	463.524	26.6684	31.2589	463.524	
13867	13216	75.777	937.173	75.5846	-99999	31.545	-0.74855	1	0	0	0	0	107.269	125.569	133.789	74.7028	385.319	428.075	107.228	117.984	125.533	133.806	104.57	74.6839	385.306	406.509	428.086	6.45276	14	0	83.6917	31.5714	51.5316	412.735	31.5714	51.5316	412.735	
13868	23907	238.557	528.323	236.296	62.1763	61.999	-0.801513	1	1	1	1	1	166.369	273.17	132.611	-35.9738	165.189	41.6631	165.616	213.671	273.17	134.424	46.8299	-35.9738	166.299	101.264	41.6631	5.24573	8	0	66.8801	62.0447	-7.40991	70.3758	62.0447	-7.40991	70.3758	
13868	36816	143.464	411.598	142.522	-99999	109.68	-0.35433	1	1	1	0	0	232.32	324.826	-35.3604	15.8337	-894.863	-799.295	359.635	313.125	266.519	16.0882	-9.51829	-35.4453	-798.813	-847.045	-895.012	18.1368	338	0	411.598	109.651	-7.75639	-805.637	109.651	-7.75639	-805.637	
13868	35012	354.187	925.721	354.128	-596.873	68.299	-0.751468	0	0	0	0	0	256.033	101.774	133.351	-116.702	274.366	471.796	256.033	178.579	101.755	133.351	8.68223	-116.744	274.366	373.334	471.825	6.93324	12	0	66.9788	67.5184	1.67325	680.586	67.5184	1.67325	680.586	
13868	36483	252.251	500.551	235.634	-99999	-1.773	-0.976805	1	1	1	1	1	292.931	310.037	133.37	-97.5078	204.376	177.841	292.327	301.476	306.797	133.711	9.58087	-112.156	204.436	185.154	181.172	4.21991	11	0	66.0041	-1.74876	-17.4543	179.716	-1.74876	-17.4543	179.716	
13868	75682	191.098	465.563	190.049	-99999	27.646	-0.983536	1	1	1	1	0	83.1826	97.728	130.465	-58.1001	337.066	353.972	83.1201	88.7181	97.6964	131.488	36.5185	-58.1001	336.867	344.845	353.972	5.99433	6	0	81.5705	27.6672	-3.33829	353.7	27.6672	-3.33829	353.7	
13868	3832	241.244	530.923	240.453	-99999	-6.068	-0.860008	1	1	1	1	1	62.9689	182.429	99.4811	-107.677	643.803	652.094	62.9571	120.696	182.731	99.5169	-6.29422	-108.339	643.804	640.196	652.268	4.21171	13	0	73.4039	-6.0412	3.55281	641.579	-6.0412	3.55281	641.579	
13868	2859	303.037	774.465	302.704	49.4929	49.665	-0.837551	1	1	1	1	1	171.067	282.731	133.452	-113.505	-281.348	-412.225	171.067	235.212	282.763	133.452	10.242	-113.781	-281.348	-341.586	-412.401	4.3864	14	0	68.6828	49.7051	-29.0813	-365.29	106.895	23.7921	-330.55	
13867	17017	30.6008	117.361	30.6005	-99999	66.307	-0.796857	0	0	0	0	0	322.061	338.45	133.96	109.084	-822.943	-829.917	342.825	351.174	359.214	133.96	121.603	109.084	-822.943	-826.354	-829.917	41.515	10	0	91.7996	66.3314	71.7137	-821.882	66.3314	71.7137	-821.882	
13868	5019	107.221	269.974	106.995	-99999	67.349	-0.960471	1	1	1	0	0	87.204	80.1479	134.226	33.7808	571.581	605.417	87.1269	80.7003	80.1044	134.226	82.9013	33.59	571.581	585.567	605.464	4.01355	12	0	69.1419	67.3738	54.7405	598.913	67.3738	54.7405	598.913	
13868	9437	134.454	307.192	133.479	-46.8219	-48.522	-0.787295	1	1	1	1	1	167.267	248.467	133.248	28.7053	-279.743	-294.855	167.267	207.287	248.962	133.248	79.8014	27.886	-279.743	-287.289	-295.018	5.01192	10	0	66.7963	-39.5658	8.63026	-16.7221	-39.5658	8.63026	-16.7221	
13867	17997	124.45	344.949	123.417	-99999	47.406	-0.588548	1	1	1	0	0	255.883	286.191	133.457	63.2086	-105.684	-10.641	270.728	285.081	300.987	133.457	95.0984	62.8151	-105.684	-59.0507	-10.3362	6.83874	24	0	126.119	47.4381	43.027	-37.1764	47.4381	43.027	-37.1764	
13867	7113	44.8024	130.59	42.5707	-99999	49.797	-0.994309	0	0	0	0	0	174.167	170.315	131.102	88.867	689.529	689.96	174.163	172.676	170.089	132.148	109.888	87.8262	689.438	689.567	689.855	6.08168	9	0	80.5579	49.8307	27.5393	691.203	49.8307	27.5393	691.203	
13868	8664	283.133	633.865	282.22	-99999	116.444	-0.995113	1	1	1	1	1	159.129	204.893	132.575	-138.443	23.6963	66.1847	158.997	167.416	204.876	132.999	-4.6733	-138.87	23.6512	47.1193	66.177	5.34357	8	0	74.8964	116.48	-14.7206	47.3619	116.48	-14.7206	47.3619	
13868	9365	330.895	956.329	311.364	105.862	105.867	-0.644631	1	1	1	1	1	180.255	348.152	133.09	-64.1328	-80.4572	-253.188	180.164	269.328	359.044	133.206	28.3931	-76.5529	-80.3549	-172.17	-263.224	6.26851	15	0	206.943	105.904	-18.7352	-205.998	-40.4162	22.9328	-179.499	
13868	20914	235.007	482.574	233.724	-99999	-38.409	-0.969667	1	1	1	1	1	139.906	91.8341	134.298	-94.0576	299.506	302.491	140.109	116.107	91.6838	134.893	19.9178	-94.6763	299.506	297.745	302.524	4.73472	8	0	65.8192	-38.3832	-28.7585	306.259	-38.3832	-28.7585	306.259	
13868	12788	136.339	325.94	134.466	-99999	47.066	-0.843216	1	1	1	1	0	142.827	81.7094	132.091	13.543	-499.902	-488.492	143.47	110.16	81.5059	133.284	74.9158	13.1093	-500.191	-489.823	-488.494	7.27172	8	0	75.9731	47.0882	21.9359	-485.083	47.0882	21.9359	-485.083	
13867	19503	226.031	512.492	224.855	-99999	45.018	-0.923765	1	1	1	1	1	333.308	258.467	133.662	-76.8807	-44.8548	-28.4656	347.516	302.968	272.373	133.945	30.5442	-77.7034	-44.8832	-35.8556	-28.6487	5.95742	9	0	78.5421	45.0482	-5.57796	-259.758	45.0482	-5.57796	-259.758	
13868	10183	249.499	551.799	249.169	-99999	59.095	-0.97145	1	1	1	1	1	162.791	157.5	133.365	-105.506	-350.984	-291.373	162.724	167.889	157.331	133.365	11.4728	-105.761	-350.984	-326.657	-291.323	4.0117	10	0	65.5702	59.1284	-19.1967	-315.942	59.1284	-19.1967	-315.942	
13868	12983	149.838	337.118	146.946	-99999	14.975	-0.993223	1	1	1	1	1	157.532	138.01	131.359	-12.683	-48.6659	-35.8387	157.75	151.865	137.616	133.391	58.9077	-13.4303	-48.7126	-43.7636	-35.7977	5.14813	7	0	67.3702	14.9829	7.40329	-39.5599	14.9829	7.40329	-39.5599	
13868	21234	73.7789	293.328	58.1596	-99999	114.146	-0.792873	1	1	1	0	0	294.28	321.485	126.304	84.5221	-132.96	-114.533	324.939	343.792	359.166	133.826	105.04	81.1054	-135.894	-124.107	-113.861	18.1666	8	0	170.872	114.185	41.5329	-131.024	114.185	41.5329	-131.024	
13868	30095	337.328	694.761	336.83	43.0214	43.01	-0.871931	1	1	1	1	1	145.78	329.87	133.332	-140.745	-704.557	-766.977	145.654	231.255	329.974	133.583	-7.57932	-140.905	-704.497	-738.684	-767.005	4.10892	9	0	79.0512	43.0387	-40.0281	-732.081	43.0387	-40.0281	-732.081	
13868	31295	431.811	843.568	429.806	47.6802	47.362	-0.66822	1	1	1	1	1	228.075	78.668	133.051	-115.542	-37.2838	273.214	228.075	134.559	78.6851	133.051	7.75842	-115.715	-37.2838	111.22	273.492	5.05993	12	0	25.4657	47.4108	-29.4607	152.689	47.4108	-29.4607	152.689	
13868	15250	202.576	520.48	201.712	-99999	105.635	-0.095979	1	1	1	1	1	177.371	325.88	-91.5317	-111.283	894.064	759.152	210.45	285.201	359.563	-91.5317	-101.147	-111.557	894.064	826.42	758.604	10.8601	9	0	55.4265	105.619	-88.4125	773.031	105.619	-88.4125	773.031	
13868	22975	132.753	325.869	131.888	-99999	88.346	-0.972941	1	1	1	1	1	193.573	224.616	132.132	4.17456	853.192	860.651	179.512	195.13	210.733	132.975	68.6	4.17456	853.117	857.258	860.651	4.08804	8	0	67.7286	88.3649	-22.3252	793.771	88.3649	-22.3252	793.771	
13868	21652	326.217	901.616	323.35	34.24	34.089	-0.957807	1	1	1	1	1	215.304	203.632	132.806	-171.275	583.416	683.18	215.304	211.058	203.569	132.806	-19.7881	-173.124	583.416	631.733	685.068	6.37056	17	0	48.8875	34.1182	-21.1712	629.239	34.1182	-21.1712	629.239	
13868	21704	292.967	518.338	292.956	-99999	110.561	-0.779758	1	1	1	1	1	160.328	150.341	130.36	-117.467	719.637	874.029	160.201	152.532	150.215	130.36	6.38831	-117.467	719.637	797.024	874.029	5.31224	7	0	34.3609	110.596	-14.5948	773.563	110.596	-14.5948	773.563	
13868	28521	110.069	263.81	103.267	-99999	65.28	-0.834904	0	0	0	0	0	138.52	101.104	130.257	36.9872	-566.375	-587.9	138.958	118.997	98.8668	131.278	82.5077	31.9004	-565.934	-581.23	-588.617	4.05527	7	0	63.5745	65.3241	41.6206	-212.238	65.3241	41.6206	-212.238	
13868	23959	330.908	738.889	330.9	-99999	95.217	-0.333573	1	1	1	1	1	208.885	283.782	133.402	19.6599	-848.593	-548.058	238.702	269.747	313.599	133.402	76.2351	19.6599	-848.593	-696.58	-548.058	4.107	9	0	76.3027	95.2415	17.1885	-629.568	95.2415	17.1885	-629.568	
13868	25181	353.622	1192.98	341.41	36.7973	35.676	-0.695043	1	1	1	1	1	67.3648	261.417	125.637	-108.108	630.041	475.961	60.9459	163.749	261.718	133.625	15.4344	-108.536	635.61	553.834	475.829	5.59864	9	0	71.6436	35.8305	-57.0238	-425.42	-19.6395	28.1234	807.286	
13868	28181	223.699	511.683	222.824	49.4359	51.044	-0.989353	1	1	1	1	1	207.06	259.859	131.511	-76.8115	702.663	648.307	207.048	228.667	260.18	131.592	26.0497	-77.4473	702.663	675.032	648.27	7.5921	7	0	76.4203	51.0822	-13.005	653.741	51.0822	-13.005	653.741	
13868	33803	354.843	996.615	354.45	21.9664	22.476	-0.830475	1	1	1	1	1	89.475	248.043	133.436	-154.644	-443.639	-575.726	89.3956	168.886	248.139	133.594	-10.3513	-154.802	-443.574	-510.16	-575.797	4.66199	10	0	86.7256	22.5089	-23.7763	-518.907	22.5089	-23.7763	-518.907	
13868	34614	220.134	521.84	220.041	70.594	70.528	-0.736318	1	1	1	1	1	120.407	217.219	133.891	-17.7872	841.043	716.062	120.37	173.949	217.219	133.955	56.3947	-17.7872	841.087	784.401	716.062	10.6503	7	0	72.5897	70.5585	10.3448	749.85	70.5585	10.3448	749.85	
13868	30611	126.71	413.517	122.339	76.7214	76.743	-0.594952	1	1	1	1	1	186.999	290.005	132.106	70.1422	-291.684	-313.929	184.716	237.438	291.294	133.841	100.628	69.5639	-291.226	-302.292	-314.295	4.05255	7	0	125.742	76.7685	24.8691	-322.478	76.7685	24.8691	-322.478	
13868	37876	203.029	427.769	200.279	35.2121	34.997	-0.987304	1	1	1	1	1	206.397	225.07	130.756	-65.6579	470.133	470.268	205.982	220.081	225.07	133.379	33.1533	-65.6579	470.149	477.003	470.268	4.35688	9	0	57.492	35.0186	-10.9904	468.262	35.0186	-10.9904	468.262	
13868	38859	345.146	864.741	344.546	-99999	-25.26	-0.777327	1	1	1	1	1	182.367	107.451	132.879	-148.878	128.992	311.071	182.59	139.271	107.48	133.341	-5.12572	-148.878	128.668	222	311.071	5.69378	9	0	66.6404	-23.9285	-2.11407	344.273	-23.9285	-2.11407	344.273	
13868	35968	237.29	548.795	234.655	-99999	94.011	-0.848196	1	1	1	1	1	201.27	89.8316	131.47	-50.1905	-768.71	-672.7	202.076	146.649	89.4258	133.243	38.2147	-50.5054	-769.311	-725.041	-672.366	6.08922	11	0	88.5543	102.728	-18.4292	-38.1482	50.8775	28.8138	-795.595	
13868	37925	285.075	651.103	283.897	-99999	115.848	-0.754023	1	1	1	1	1	199.937	107.209	132.753	-81.6745	-86.9784	73.2067	199.953	154.395	106.856	133.051	21.7566	-82.305	-87.1928	-10.7702	73.6054	4.43379	19	0	85.7841	115.866	-23.4185	22.4731	-37.9144	1.39987	18.2729	
13868	1293	290.678	902.259	289.761	-99999	60.929	-0.888428	1	1	1	1	1	212.552	340.218	131.079	-125.254	297.073	340.877	231.232	295.401	359.297	131.891	3.38877	-125.254	296.953	318.881	340.877	4.23891	7	0	49.9748	60.9544	-49.0861	325.702	60.9544	-49.0861	325.702	
13868	24665	189.033	392.199	189.031	-99999	89.705	-0.737692	1	1	1	1	1	188.868	331.087	134.815	20.2908	499.372	452.033	216.958	286.879	359.177	134.815	74.6826	20.2908	499.372	479.201	452.033	4.55291	10	0	45.0434	89.7342	0.599762	463.751	89.7342	0.599762	463.751	
13868	6638	397.34	972.344	397.335	-6.42062	-6.875	-0.784995	1	1	1	1	1	255.167	74.5227	133.96	-162.899	-415.337	-226	255.167	161.885	74.5227	133.96	-13.8407	-162.899	-415.337	-321.107	-226	4.92564	20	0	85.1063	-6.83505	-42.3399	-302.067	-6.83505	-42.3399	-302.067	
13868	7201	88.7644	201.803	82.8742	-99999	-5.004	-0.604587	1	1	1	1	0	65.4434	116.679	-101.633	-150.838	250.538	293.204	65.4492	92.7576	120.437	-101.633	-127.956	-154.365	250.538	273.579	296.059	4.55757	12	0	61.727	-4.9625	-80.1309	273.282	-4.9625	-80.1309	273.282	
13868	7890	172.837	397.335	172.436	-99999	-30.135	-0.808859	1	1	1	1	0	124.075	195.319	133.257	9.53513	230.84	325.846	123.999	155.968	195.353	133.586	66.8416	9.53513	230.641	275.181	325.846	4.61078	13	0	73.1169	-30.1223	15.2763	287.576	-30.1223	15.2763	287.576	
13868	78131	353.78	5214.2	351.198	68.4623	67.895	-0.73849	1	1	1	1	1	357.485	175.953	126.584	-133.871	227.461	377.001	358.41	266.322	175.531	127.862	-3.63456	-134.355	226.747	301.022	377.542	4.08631	9	0	119.147	67.9268	-12.5771	302.683	67.9268	-12.5771	302.683	
13867	17396	263.905	699.539	263.454	-26.1486	-24.454	-0.774977	1	1	1	1	1	163.239	242.884	133.663	-77.2677	-374.914	-507.52	163.239	209.671	242.942	133.663	33.1721	-77.6816	-374.914	-446.564	-507.676	5.09212	12	0	67.6989	-24.4161	-10.4775	-453.327	-24.4161	-10.4775	-453.327	
13868	11038	317.354	674.809	316.708	-99999	25.503	-0.939686	1	1	1	0	0	226.723	254.999	133.141	-170.135	-539.612	-617.398	234.642	255.268	262.955	133.421	-18.4129	-170.326	-539.533	-579.169	-617.418	7.84184	10	0	121.871	25.4874	-6.41442	-253.019	39.9574	-75.0955	-827.933	
13868	20932	313.094	725.949	312.966	-99999	-3.725	-0.887454	1	1	1	1	1	64.6494	98.7301	134.849	-130.325	316.43	470.34	64.6348	88.7064	98.7344	134.921	-4.99073	-130.325	316.398	382.161	470.34	6.28868	12	0	85.1827	-3.69528	-16.3727	395.354	-3.69528	-16.3727	395.354	
13868	23032	200.218	440.203	198.296	-99999	107.362	-0.833022	1	1	1	1	1	307.883	193.922	133.464	-14.5659	-281.417	-343.727	325.057	269.924	209.861	133.978	54.0707	-15.2678	-281.273	-305.446	-344.312	6.13987	10	0	81.147	114.926	-32.3834	-353.597	114.926	-32.3834	-353.597	
13868	23654	98.3777	218.986	97.7095	-99999	-1.458	-0.866403	1	1	1	0	0	155.389	184.772	130.732	42.4425	-700.41	-673.186	155.3	174.282	184.86	130.92	87.5202	42.0297	-700.467	-687.418	-673.066	6.13223	11	0	61.8002	-1.4302	22.4332	-673.358	-1.4302	22.4332	-673.358	
13868	20312	86.6703	205.776	86.387	74.6872	78.33	-0.865647	1	1	0	0	0	216.11	165.943	133.235	63.95	734.025	740.344	216.11	189.535	165.836	133.235	99.1289	63.6961	734.025	734.737	740.389	5.0436	10	0	72.2915	78.3575	20.2072	730.716	78.3575	20.2072	730.716	
13868	21312	329.375	3935.17	323.626	-14.1918	-13.441	-0.755043	1	1	1	1	1	89.2436	244.522	129.973	-108.845	-31.3352	-182.964	86.7969	163.867	244.891	133.672	9.66796	-109.485	-29.1857	-104.895	-183.302	5.29228	12	0	79.195	-13.4139	-3.88724	-108.631	-13.4139	-3.88724	-108.631	
13867	2222	85.2794	228.489	84.7841	-99999	-11.874	-0.95607	1	1	1	0	0	174.184	199.416	132.959	54.6526	-355.909	-336.078	174.135	185.27	199.465	133.353	93.4476	54.5776	-355.996	-345.976	-336.062	4.43198	10	0	68.6007	-11.8278	22.1697	-341.522	-11.8278	22.1697	-341.522	
13868	24791	239.683	534.633	238.836	82.2668	83.828	-0.683438	1	1	1	1	1	61.7278	244.279	125.123	-28.3745	341.35	340.104	61.7278	153.817	244.86	125.123	48.5772	-28.9709	341.35	341.723	339.999	5.46417	6	0	68.2719	83.852	11.1534	344.141	83.852	11.1534	344.141	
13868	22555	63.1269	260.853	62.6507	-99999	2.081	-0.67274	0	0	0	0	0	159.919	140.258	133.157	91.2228	-872.678	-831.524	160.012	150.167	140.256	133.352	111.553	91.2228	-872.882	-852.353	-831.524	6.72319	33	0	155.785	-5.35822	2.62936	680.439	-5.35822	2.62936	680.439	
13868	77659	174.459	340.081	174.038	-32.0022	-29.097	-0.937438	1	1	1	1	1	205.891	266.814	132.179	-29.6031	336.716	334.862	205.757	240.465	266.814	132.573	52.7611	-29.6031	336.714	341.804	334.862	5.17132	8	0	70.0107	-29.0729	-11.421	333.961	-29.0729	-11.421	333.961	
13867	5237	371.78	788.891	370.7	24.1701	23.938	-0.788157	1	1	1	1	1	240.336	151.646	132.395	-153.294	-431.734	-216.485	240.563	189.53	151.646	133.243	-9.19483	-153.294	-432.352	-324.519	-216.485	4.84937	12	0	44.862	23.9656	-25.4553	-306.702	23.9656	-25.4553	-306.702	
13868	28783	87.5394	262.666	87.538	-99999	33.193	-0.616328	1	1	0	0	0	199.336	174.693	133.266	77.6507	-800.469	-737.821	199.298	187.058	174.655	133.266	104.755	77.6507	-800.469	-769.628	-737.821	13.7313	15	0	104.011	33.2336	27.8214	-728.576	33.2336	27.8214	-728.576	
13868	26473	248.232	4575.44	245.693	81.8165	80.959	-0.950615	1	1	1	1	1	199.881	223.933	132.45	-99.36	-227.81	-185.603	199.878	208.896	224.524	132.945	13.909	-100.667	-227.976	-194.061	-186.968	12.8131	19	0	1710.65	80.9926	-38.062	-171.325	80.9926	-38.062	-171.325	
13868	77939	327.022	774.215	326.419	-99999	-22.284	-0.920096	1	1	1	1	1	115.32	193.06	133.586	-162.627	96.1889	208.136	115.345	153.753	193.264	133.586	-14.5158	-163.174	96.1889	153.411	208.303	7.09145	11	0	81.5433	-22.2557	-18.4653	153.772	-22.2557	-18.4653	153.772	
13868	27386	194.553	460.529	194.376	-99999	-19.985	-0.818376	0	0	0	0	0	172.939	78.8576	132.974	-15.2332	-549.356	-467.387	173.046	126.124	78.8805	133.116	57.4198	-15.2332	-549.41	-510.63	-467.387	6.69684	12	0	78.473	16.4164	8.08297	-488.979	16.4164	8.08297	-488.979	
13868	26502	468.988	1054.72	468.712	-5.59674	-5.232	-0.706056	1	1	1	1	1	207.28	267.41	132.22	-171.606	755.323	405.379	207.241	229.275	267.41	132.41	-23.5969	-171.606	755.511	582.131	405.379	4.78854	16	0	84.1394	-5.18128	-24.4691	551.52	-5.18128	-24.4691	551.52	
13868	30328	284.366	622.404	278.712	-99999	3.962	-0.732123	1	1	1	1	1	260.255	237.619	131.082	-65.9876	-261.666	-67.9472	261.581	251.962	238.609	132.621	35.9321	-65.8873	-263.094	-159.508	-67.156	5.51918	12	0	12.6126	3.99691	-2.40573	-150.018	3.99691	-2.40573	-150.018	
13868	32328	230.318	534.585	229.525	-99999	-29.837	-0.514556	1	1	1	1	1	234.284	290.464	132.758	52.824	28.7039	232.333	224.851	251.975	281.313	132.926	78.167	52.7973	28.4387	125.939	232.753	5.95598	11	0	82.942	-29.7961	20.0151	153.279	-29.7961	20.0151	153.279	
13868	30316	117.817	322.085	116.38	-99999	61.116	-0.839127	1	1	1	1	1	150.654	102.42	132.722	34.7117	-644.771	-604.693	150.69	126.304	101.834	132.928	83.1415	33.6893	-644.854	-624.938	-604.366	6.48806	11	0	65.5605	61.1366	-8.91556	-583.823	61.1366	-8.91556	-583.823	
13868	36766	312.612	807.591	310.062	-99999	105.792	-0.923229	1	1	1	1	1	72.3942	97.8963	133.109	-131.978	-272.225	-125.165	72.143	97.8506	97.3454	134.115	-4.8879	-133.226	-272.621	-206.82	-124.657	5.84405	12	0	159.206	105.825	-6.25289	-196.907	105.825	-6.25289	-196.907	
13868	37267	114.07	275.876	114.065	-99999	81.262	-0.955709	1	1	1	0	0	131.735	157.016	134.24	25.0383	280.736	299.491	131.642	147.529	156.923	134.24	80.2211	25.0383	280.736	289.578	299.491	5.88622	9	0	78.05	81.2768	15.1137	292.62	81.2768	15.1137	292.62	
13868	37867	23.6905	64.8582	23.6697	-99999	-29.597	-0.319473	1	1	1	1	1	174.867	193.836	130.288	118.114	-286.007	-279.883	174.901	184.722	193.87	130.288	125.123	118.114	-286.007	-282.11	-279.883	4.266	8	0	53.9489	-29.5662	22.0057	-243.29	-29.5662	22.0057	-243.29	
13868	42717	228.592	489.219	228.001	14.8292	15.245	-0.791367	1	1	1	1	1	332.128	186.031	133.973	-38.6358	125.596	140.622	332.128	260.221	185.686	133.973	46.8986	-39.1052	125.596	143.038	140.574	4.21227	6	0	67.6444	15.2713	8.94576	142.318	15.2713	8.94576	142.318	
13868	44860	42.7353	130.437	40.9636	105.406	106.266	-0.835725	0	0	0	0	0	215.216	196.791	132.92	99.2068	-789.958	-776.484	215.793	204.667	196.637	133.915	116.631	98.6801	-790.232	-784.511	-776.273	4.57064	13	0	79.1542	107.763	28.285	240.463	107.763	28.285	240.463	
13868	41500	199.833	583.324	198.496	-99999	31.678	-0.60594	1	1	1	1	1	206.278	288.25	129.677	12.7135	234.972	372.762	210.794	251.732	293.291	130.337	71.4766	12.5798	234.218	303.797	372.944	13.6911	10	0	168.232	31.717	-16.4738	410.678	31.717	-16.4738	410.678	
13868	27045	98.8989	334.481	98.3446	-99999	2.352	-0.946057	1	1	1	1	0	154.663	160.365	133.275	40.2213	-520.449	-489.615	154.66	155.829	160.353	133.275	86.3686	39.7105	-520.449	-504.92	-489.414	4.6095	13	0	73.0086	2.38565	19.3031	-494.096	2.38565	19.3031	-494.096	
13868	43905	288.01	599.613	285.151	-99999	-6.383	-0.855882	1	1	1	1	1	349.375	184.339	133.595	-94.3642	188.596	208.839	349.878	276.371	183.1	134.444	11.1123	-95.6927	188.52	197.856	209.245	4.1432	8	0	61.7866	-6.34978	1.27805	196.604	-6.34978	1.27805	196.604	
13867	3615	313.784	705.82	313.402	-99999	-40.501	-0.912994	1	1	1	1	1	272.616	332.195	132.996	-169	473.14	423.965	259.933	287.146	319.546	132.996	-18.1996	-169.357	473.14	442.861	423.909	4.92442	9	0	86.0836	-40.4704	-31.2988	438.828	-40.4704	-31.2988	438.828	
13868	26735	204.9	471.927	203.236	-39.5506	-40.916	-0.95557	1	1	1	1	1	172.789	245.762	132.548	-56.5167	81.7549	82.31	172.36	211.331	245.815	133.999	39.4274	-56.6472	81.8723	81.2594	82.3144	6.79167	6	0	72.609	-40.8966	-9.84482	76.0334	-40.8966	-9.84482	76.0334	
13868	29035	208.86	461.487	208.345	-37.8341	-38.03	-0.887495	1	1	1	1	1	171.042	298.439	132.919	-21.0352	524.546	501.467	170.843	222.746	298.439	133.341	44.97	-21.0352	524.636	505.841	501.467	5.94546	6	0	72.0373	-37.9983	-2.98073	500.916	-37.9983	-2.98073	500.916	
13868	52514	34.2553	145.907	33.3435	-99999	78.78	-0.95477	0	0	0	0	0	97.5383	107.24	133.049	101.913	-541.71	-544.003	97.443	101.35	107.576	133.071	116.64	101.29	-541.705	-544.407	-543.662	13.9173	11	0	112.726	78.8123	57.3088	-557.567	78.8123	57.3088	-557.567	
13868	53914	209.554	517.74	209.213	-99999	65.309	-0.972669	1	1	1	1	1	280.693	320.294	133.058	-71.3387	-562.712	-562.532	301.128	326.557	340.716	133.198	31.6717	-71.5261	-562.726	-559.461	-562.534	6.03521	7	0	72.9343	65.3136	-3.01924	-565.203	65.3136	-3.01924	-565.203	
13868	8308	272.999	612.382	272.62	86.7174	87.355	-0.998827	1	1	1	1	1	156.273	225.866	133.944	-126.142	802.162	815.467	156.273	175.861	226.053	133.969	-0.825547	-126.429	802.162	808.787	815.424	5.63752	8	0	80.2965	87.3738	-12.2244	774.621	87.3738	-12.2244	774.621	
13867	536	355.976	718.889	339.776	-33.7646	-35.785	-0.477543	1	1	1	1	1	81.8686	342.879	133.381	-16.7993	493.493	336.23	79.8246	216.286	353.077	134.719	55.9472	-23.0698	494.857	412.206	330.25	4.76871	9	0	41.5729	-35.7917	-5.48249	381.936	-35.7917	-5.48249	381.936	
13868	12102	280.944	621.688	280.287	38.9393	39.891	-0.95724	1	1	1	1	1	207.654	301.88	132.826	-121.447	-193.82	-125.297	207.654	255.91	302.084	132.826	5.06134	-122.061	-193.82	-161.431	-125.269	4.94182	6	0	69.9324	39.9196	-27.5151	-155.529	39.9196	-27.5151	-155.529	
13868	77441	231.86	533.471	231.848	-99999	-4.233	-0.921007	1	1	1	0	0	62.7066	126.511	118.376	-89.5032	769.702	844.238	62.7115	101.17	126.519	118.376	12.6474	-89.5106	769.702	797.272	844.241	4.76805	11	0	76.4028	-4.22565	16.9901	786.918	-4.22565	16.9901	786.918	
13867	1860	29.3796	100.201	29.1683	-99999	0.411	-0.711446	1	1	0	0	0	64.5989	84.0129	-59.511	-79.273	748.111	757.206	64.4765	74.1027	84.0266	-59.3753	-69.4917	-79.288	748.06	752.604	757.212	5.77513	8	0	77.2651	0.437481	-66.7906	760.225	0.437481	-66.7906	760.225	
13868	10480	481.576	1059.15	479.573	53.0647	53.949	-0.503679	1	1	1	1	1	82.9524	283.446	133.753	-107.907	-169.395	-530.056	82.3462	185.362	283.635	134.486	19.7489	-108.248	-168.314	-353.088	-530.455	5.54855	14	0	75.1982	54.0014	-6.68984	-366.482	54.0014	-6.68984	-366.482	
13868	15676	42.4694	98.9442	41.1291	-99999	114.484	-0.887763	1	1	1	1	1	220.457	228.893	132.553	96.3313	-164.721	-147.183	202.247	206.318	210.903	133.745	115.081	96.3313	-165.294	-156.026	-147.183	4.60669	12	0	48.5313	114.519	-25.7368	-83.6876	114.519	-25.7368	-83.6876	
13868	17260	139.222	301.294	138.582	-99999	-15.05	-0.491067	1	1	1	1	1	357.496	266.903	-22.5694	54.7267	263.55	325.265	262.009	306.647	352.784	54.9756	19.6062	-22.5694	325.648	289.342	263.55	4.13398	227	0	301.294	-15.0679	-9.56675	282.333	-15.0679	-9.56675	282.333	
13868	19261	206.53	484.561	205.786	-99999	92.358	-0.966701	1	1	1	1	1	159.103	111.303	133.057	-65.0105	-210.154	-185.199	159	134.576	111.125	133.069	33.6442	-65.6986	-210.155	-196.855	-185.019	5.53532	8	0	88.4649	92.3871	-7.13237	-191.569	92.3871	-7.13237	-191.569	
13868	19104	206.846	502.089	206.491	-99999	89.795	-0.979228	1	1	1	0	0	74.2718	91.1097	134.129	-37.0866	737.995	845.056	74.1656	76.0643	91.0069	134.458	49.2893	-37.0866	737.931	793.717	845.056	7.84832	9	0	88.4399	97.8191	-10.1933	-418.119	97.8191	-10.1933	-418.119	
13867	957	251.891	546.303	248.657	-99999	8.594	-0.974776	1	1	1	1	1	125.436	89.8902	132.512	-107.622	-120.349	-70.9114	125.533	110.858	89.7924	133.131	11.2129	-110.151	-120.447	-92.9548	-71.4339	4.01545	13	0	75.4827	8.62621	-35.727	-76.3905	8.62621	-35.727	-76.3905	
13868	16524	73.7818	190.086	71.3127	-99999	18.739	-0.963029	1	1	0	0	0	171.92	165.85	130.732	60.9819	230.179	243.285	171.977	168.978	165.766	132.666	96.4872	60.5318	229.63	235.973	243.301	5.5486	7	0	73.9656	18.7729	23.8259	233.579	18.7729	23.8259	233.579	
13868	17424	55.3561	127.585	55.1396	-1134.61	-19.912	-0.395495	1	1	1	1	1	200.893	234.24	134.007	113.972	620.539	659.211	200.804	217.067	234.24	134.092	122.43	113.972	620.379	639.225	659.211	4.14909	10	0	57.924	-19.869	-12.5901	-560.547	111.141	56.1367	759.809	
13867	13548	312.984	694.656	311.823	-99999	78.255	-0.962737	1	1	1	1	1	183.024	118.438	133.093	-169.536	553.2	525.158	183.059	148.47	118.067	133.557	-18.4073	-170.146	553.255	540.812	525.115	4.31948	6	0	65.8713	78.2856	-32.0852	543.166	78.2856	-32.0852	543.166	
13868	17068	59.7787	184.92	52.7354	-99999	100.807	-0.894956	1	1	1	1	1	187.857	198.813	133.954	85.4387	-239.537	-252.399	219.424	229.008	231.07	133.954	105.964	78.9539	-239.537	-243.313	-254.935	9.49176	8	0	98.561	100.837	1.01704	5.35855	100.837	1.01704	5.35855	
13868	19368	225.694	495.208	223.043	44.8623	45.027	-0.934067	1	1	1	1	1	221.837	170.909	131.824	-69.8147	-93.7092	-17.9413	222.064	188.634	170.807	132.675	28.7849	-71.4506	-93.9437	-65.4571	-17.3714	8.50457	11	0	74.2891	45.0428	-15.6151	-44.3384	45.0428	-15.6151	-44.3384	
13868	22579	180.952	416.038	180.557	-99999	28.083	-0.916214	0	0	0	0	0	139.915	125.887	132.626	-42.7934	779.68	809.312	139.882	127.855	125.868	132.626	45.9737	-43.1005	779.68	802.223	809.339	5.53601	9	0	92.8822	-999999	-999999	-999999	-999999	-999999	-999999	
13868	23979	191.27	446.275	189.736	-99999	42.008	-0.991223	1	1	0	0	0	315.392	329.181	133.421	-54.1592	-830.088	-817.793	328.444	335.596	342.324	134.227	38.9246	-54.6634	-830.134	-827.814	-817.755	21.6767	6	0	132.753	42.0394	2.68991	-781.145	42.0394	2.68991	-781.145	
13868	27279	196.988	482.294	196.987	-99999	59.305	-0.522816	1	1	1	1	1	162.088	219.979	133.021	32.2658	-789.096	-630.042	152.768	181.671	210.659	133.021	82.6228	32.2658	-789.096	-709.564	-630.042	4.43943	16	0	65.5682	59.3338	-34.6426	-503.71	59.3338	-34.6426	-503.71	
13868	28206	98.1443	287.91	97.9238	-99999	47.405	-0.976718	1	1	0	0	0	198.975	192.98	133.162	36.2847	-393.515	-388.327	198.921	192.771	192.987	133.162	84.8535	36.0844	-393.515	-388.255	-388.316	17.9491	6	0	124.516	47.4318	16.0122	-388.201	47.4318	16.0122	-388.201	
13868	33588	53.2639	147.823	52.4577	-99999	-43.929	-0.916122	0	0	0	0	0	174.658	165.805	133.103	84.7796	-370.495	-352.943	174.712	169.532	165.719	133.114	108.274	84.1166	-370.498	-362.959	-352.766	4.90209	11	0	73.8407	-43.8981	32.9738	-357.97	-43.8981	32.9738	-357.97	
13868	33374	168.82	400.257	166.571	-99999	101.776	-0.948574	1	1	1	0	0	104.542	72.027	132.979	-28.7982	811.124	813.711	104.624	88.0962	71.4577	133.717	51.5824	-30.1945	811.256	803.533	813.76	6.83348	6	0	72.7089	101.791	11.1019	804.256	101.791	11.1019	804.256	
13868	31353	350.717	772.349	349.425	33.4576	33.304	-0.362578	1	1	1	1	1	76.0492	325.053	134.144	1.08798	-413.808	-616.072	76.0153	208.067	326.04	134.161	67.0393	1.03157	-413.782	-507.519	-616.822	6.15759	8	0	67.9185	33.357	12.945	-534.055	33.357	12.945	-534.055	
13868	34307	289.51	614.351	273.581	-99999	1.398	-0.67739	1	1	1	1	1	62.8516	254.548	129.793	-57.6282	-205.441	-151.191	62.1092	162.867	265.072	130.514	31.0075	-67.8469	-205.683	-175.739	-148.814	4.20742	9	0	70.771	1.43736	-22.2707	-163.656	1.43736	-22.2707	-163.656	
13868	30712	307.338	675.883	307.297	-99999	-30.001	-0.995369	1	1	1	1	1	202.68	200.57	133.15	-171.186	653.157	624.666	202.714	210.102	200.604	133.15	-19.4495	-171.186	653.157	639.136	624.666	8.77145	7	0	122.054	-29.9772	-24.5979	635.414	-29.9772	-24.5979	635.414	
13868	79451	91.0251	218.277	85.0957	-99999	59.039	-0.840371	1	1	1	0	0	129.509	179.051	133.535	69.2688	20.4492	43.637	129.144	152.393	183.375	134.077	97.0237	66.7229	20.2784	32.7524	45.0939	4.91742	6	0	78.9332	59.0671	35.5586	34.3536	59.0671	35.5586	34.3536	
13868	42366	341.264	783.506	340.124	18.2585	19.158	-0.859226	1	1	1	1	1	192.677	346.438	132.511	-131.998	264.029	119.094	192.537	269.38	346.693	132.818	-6.36367	-132.665	264.138	202.543	118.782	11.2171	10	0	96.0006	19.1848	-41.9865	171.138	19.1848	-41.9865	171.138	
13867	975	143.375	611.986	140.912	113.207	109.773	-0.586756	1	1	1	1	0	233.493	122.193	-26.2037	-104.786	-894.83	-860.042	233.81	178.13	120.829	-25.9532	-66.3813	-106.246	-894.977	-875.41	-859.708	6.56127	10	0	90.3618	109.806	-58.2455	-809.143	109.806	-58.2455	-809.143	
13868	40357	373.5	853.547	371.284	92.7219	92.89	-0.499657	1	1	1	1	1	249.18	81.8946	132.772	-79.3031	-504.727	-253.274	249.521	168.405	81.0766	133.235	33.9051	-80.1059	-505.454	-369.864	-252.689	6.50266	9	0	78.4276	92.9369	-27.4606	-322.785	92.9369	-27.4606	-322.785	
13868	40710	21.7645	77.1641	21.16	-99999	-47.505	-0.837243	0	0	0	0	0	98.7816	90.6204	134.206	116.316	120.607	128.179	98.8359	95.2295	90.3236	134.206	124.844	115.862	120.607	124.8	128.355	4.50424	10	0	74.2332	-47.4805	53.767	140.471	-47.4805	53.767	140.471	
13868	48950	308.595	4037.87	308.444	100.749	100.213	-0.779161	1	1	1	1	1	123.868	291.352	133.706	-88.9197	79.9541	-50.7455	123.803	204.357	291.352	133.814	18.7023	-88.9197	80.0119	16.5682	-50.7455	7.63657	12	0	89.9697	100.251	-20.5066	-5.7706	100.251	-20.5066	-5.7706	
13868	34277	509.632	620664	406.414	-99999	72.668	-0.766719	1	1	1	1	1	157.439	185.818	131.569	51.4652	511.542	759.996	200.31	184.518	168.775	69.9414	70.2655	131.569	772.428	718.841	511.542	42.1456	1574	0	620664	72.7426	15.0523	641.189	72.7426	15.0523	641.189	
13868	7293	73.079	195.513	62.8528	-99999	98.351	-0.732388	1	1	1	1	1	209.797	251.156	131.671	85.0707	-438.155	-430.011	239.161	263.188	287.266	133.224	106.046	79.2765	-438.37	-434.002	-428.062	7.41299	7	0	104.714	98.3772	13.2059	-424.727	98.3772	13.2059	-424.727	
13868	8793	131.144	330.702	130.54	-57.011	-48.212	-0.636014	1	1	1	1	1	284.186	204.003	133.31	51.8957	-283.645	-220.933	284.186	243.227	203.761	133.31	92.4489	51.6845	-283.645	-252.797	-220.721	6.10833	12	0	37.6458	-48.1823	-28.6789	-171.044	-48.1823	-28.6789	-171.044	
13868	31806	177.474	410.627	176.753	-99999	73.248	-0.85369	1	1	1	1	1	166.448	79.5593	131.818	-20.2433	-376.084	-359.488	166.644	123.933	79.3693	132.271	54.5737	-20.3827	-376.089	-373.388	-359.426	4.62233	8	0	68.1599	73.2434	-2.90236	-367.56	73.2434	-2.90236	-367.56	
13868	7402	243.609	569.751	239.686	-99999	-36.944	-0.959244	1	1	1	1	1	193.543	151.18	131.759	-94.0035	492.879	559.818	193.655	175.486	149.868	132.063	16.9917	-97.1386	492.819	527.705	560.946	4.3016	9	0	58.0035	-36.9131	-25.2154	546.95	-36.9131	-25.2154	546.95	
13868	8022	106.706	360.303	105.934	-99999	21.155	-0.728268	1	1	1	0	0	312.447	298.743	133.157	53.9246	164.882	96.5323	319.177	312.378	305.368	133.717	93.8496	53.9246	165.399	130.632	96.5323	9.74574	12	0	164.758	23.6171	-116.513	566.729	-6.41286	-76.1268	64.8235	
13868	8122	192.319	493.81	192.106	-99999	49.913	-0.965741	1	1	1	0	0	300.687	343.463	133.846	-51.9333	-827.064	-803.581	316.317	337.147	359.138	133.846	40.7497	-52.1355	-827.064	-815.042	-803.57	5.43317	7	0	29.8506	49.9334	-2.56344	-801.533	49.9334	-2.56344	-801.533	
13868	11411	169.757	387.176	168.33	-99999	-42.508	-0.740705	1	1	1	1	1	112.431	181.465	131.528	10.8861	475.176	567.814	112.33	151.79	181.849	131.762	69.637	10.0845	475.025	517.083	568.502	4.66523	14	0	71.3072	-42.4794	14.6386	531.82	-42.4794	14.6386	531.82	
13868	18629	364.727	817.613	364.262	27.2774	0.785	-0.738303	0	0	0	0	0	295.939	165.388	134.246	-129.993	-641.477	-430.131	296.109	231.17	165.388	134.573	3.47386	-129.993	-641.719	-532.937	-430.131	4.91098	20	0	90.6404	28.6506	-14.0517	-523.002	28.6506	-14.0517	-523.002	
13867	21135	327.152	1118.62	325.302	-99999	11.122	-0.843148	1	1	1	1	1	357.336	183.153	108.918	-162.676	-595.623	-556.854	357.586	268.919	182.513	109.322	-26.6391	-163.855	-595.677	-575.464	-557.031	16.1136	7	0	68.9841	11.1363	-9.76625	-573.421	11.1363	-9.76625	-573.421	
13868	18392	291.103	642.109	290.485	-99999	26.961	-0.873435	1	1	1	1	1	205.877	123.907	126.709	-124.639	-572.424	-458.761	206.005	155.236	123.876	127.185	0.843474	-124.639	-572.631	-521.63	-458.761	4.22408	8	0	38.2645	26.9939	-31.5123	-499.976	-30.8561	31.8195	-540.629	
13868	18093	119.161	441.521	119.004	-99999	23.274	-0.77373	1	1	1	1	1	284.422	215.659	134.08	38.2511	10.3751	15.7635	291.804	253.737	222.947	134.197	88.6371	38.2511	10.3558	15.2429	15.7635	4.16138	9	0	74.5514	23.2916	-28.6702	23.0797	23.2916	-28.6702	23.0797	
13868	24139	28.4218	94.5465	28.3171	-99999	5.872	-0.687074	0	0	0	0	0	134.33	151.841	133.888	113.328	841.188	849.558	134.265	143.139	151.836	133.948	123.873	113.327	841.157	845.739	849.558	6.68597	12	0	74.5316	12.5157	61.1316	161.935	12.5157	61.1316	161.935	
13868	27950	229.243	530.234	229.241	-99999	7.165	-0.837571	1	1	1	1	1	76.011	132.866	134.137	-40.0669	-509.189	-375.247	76.0028	91.3714	132.858	134.137	42.4334	-40.0669	-509.189	-442.471	-375.247	4.73664	16	0	73.9835	7.19431	2.09862	-418.845	7.19431	2.09862	-418.845	
13868	27785	156.815	360.482	155.957	105.225	105.804	-0.958612	1	1	1	1	1	252.879	200.713	132.34	-12.2747	709.778	728.677	253.001	229.825	200.515	132.76	57.9495	-12.6184	709.753	713.265	728.794	4.33466	11	0	67.024	105.836	-2.08437	711.417	105.836	-2.08437	711.417	
13868	28615	345.902	1029.31	338.382	20.0737	19.403	-0.916752	1	1	1	1	1	325.275	179.239	133.261	-171.665	259.338	267.237	325.375	251.991	175.763	133.491	-23.0879	-177.77	259.336	261.525	266.393	4.21625	8	0	143.411	19.4411	-18.3172	252.719	19.4411	-18.3172	252.719	
13868	27048	269.303	591.412	267.629	-99999	93.229	-0.853332	1	1	1	1	1	185.879	117.019	132.194	-90.8202	-158.213	-30.2233	185.894	158.506	116.478	132.603	19.8882	-91.895	-158.417	-90.1265	-29.933	4.42506	13	0	81.0798	93.2658	-30.5971	-156.301	93.2658	-30.5971	-156.301	
13867	23149	232.466	662.078	232.448	-99999	23.6	-0.410853	1	1	1	1	1	120.369	159.693	126.936	-69.5536	-799.379	-685.413	120.342	137.325	159.666	126.936	29.2847	-69.5536	-799.379	-741.765	-685.413	4.05832	30	0	130.345	23.6166	-3.44196	-719.388	23.6166	-3.44196	-719.388	
13868	25549	235.833	661.784	235.561	-99999	-36.13	-0.25693	1	1	1	1	1	228.363	215.918	128.822	26.7187	-432.831	-221.162	222.686	216.368	210.211	128.822	78.7206	26.6058	-432.831	-326.467	-220.929	5.1811	6	0	73.4517	-36.084	-25.4269	-88.6093	-11.4639	-23.033	-443.687	
13868	29992	267.003	565.551	262.752	-99999	-13.413	-0.936002	1	1	1	1	1	147.736	199.95	133.449	-104.04	691.793	782.223	147.751	188.015	199.751	133.449	13.5451	-105.838	691.793	734.251	785.343	13.2231	8	0	68.2511	-13.3925	-11.2484	722.526	-13.3925	-11.2484	722.526	
13868	33685	40.9985	122.456	39.697	-99999	72.411	-0.782593	0	0	0	0	0	106.719	85.7507	133.693	103.83	568.207	583.67	106.82	96.6644	85.0554	133.967	118.258	103.163	568.082	576.447	583.952	5.43992	8	0	76.2371	72.4453	57.9448	442.888	72.4453	57.9448	442.888	
13868	32517	331.168	729.633	329.682	-15.9731	-16.14	-0.868515	1	1	1	1	1	296.987	118.467	133.03	-125.721	618.341	696.883	297.695	214.973	118.467	134.318	-7.44792	-125.721	618.154	639.062	696.883	5.04888	12	0	75.1903	-16.1166	-36.1441	649.622	-16.1166	-36.1441	649.622	
13868	38148	378.264	894.913	378.097	-99999	94.43	-0.758296	1	1	1	1	1	123.265	193.913	132.92	-123.9	246.237	510.928	123.127	166.937	193.805	133.04	-3.98814	-123.9	246.137	368.754	510.928	4.31055	13	0	72.3864	94.4526	-14.1876	375.791	94.4526	-14.1876	375.791	
13868	37056	319.033	958.172	308.838	-99999	-2.013	-0.837358	1	1	1	1	1	229.367	102.89	125.392	-109.908	-658.792	-508.304	232.624	178.597	102.418	133.212	2.96346	-110.398	-662.878	-588.571	-507.912	4.80535	12	0	71.1445	-1.97178	-33.6809	-558.623	56.0582	-1.11998	-626.396	
13868	41362	176.623	405.994	176.118	-99999	57.265	-0.832425	1	1	1	1	0	68.3287	135.173	133.848	-0.379249	-547.969	-458.23	68.0842	99.1428	135.108	134.272	63.7946	-0.379249	-548.172	-505.479	-458.23	5.23933	11	0	73.2906	57.2973	16.7357	-490.95	57.2973	16.7357	-490.95	
13868	42326	371.021	793.596	368.53	-99999	61.054	-0.694693	1	1	1	1	1	247.904	205.163	133.098	-85.0027	134.123	426.781	267.059	245.006	224.133	133.449	15.3905	-86.1171	133.772	275.013	428.414	4.55532	9	0	73.0776	61.6586	-52.9576	-440.753	61.6586	-52.9576	-440.753	
13868	36524	116.098	281.218	116.094	-99999	25.394	-0.987925	1	1	1	0	0	73.2309	87.2236	134.141	20.4386	535.978	553.838	73.2018	79.6416	87.1946	134.141	77.3743	20.4386	535.978	546.046	553.838	4.19929	8	0	66.565	25.415	32.0689	553.884	25.415	32.0689	553.884	
13868	38324	263.159	598.304	263.051	-99999	59.263	-0.841092	1	1	1	1	1	142.085	74.0744	127.231	-91.6786	200.802	328.377	142.018	108.046	73.9575	127.231	15.1004	-91.7574	200.802	260.422	328.427	5.57981	11	0	71.7646	59.2906	-38.3875	295.238	-27.7794	65.054	226.427	
13867	21395	56.0256	161.244	55.6299	-99999	76.876	-0.868461	1	1	0	0	0	312.037	335.374	133.913	84.4961	451.6	461.86	336.11	348.161	359.552	133.913	109.219	84.1261	451.6	457.017	461.888	4.23055	12	0	88.6236	82.0625	-24.7111	720.88	82.0625	-24.7111	720.88	
13868	47473	221.67	497.542	221.296	-99999	16.057	-0.512408	1	1	1	1	1	356.474	194.701	-81.0449	-170.662	108.768	227.875	356.709	280.431	194.701	-80.8632	-135.007	-170.662	108.557	167.879	227.875	10.5107	13	0	91.5728	16.0622	-79.1123	141.656	16.0622	-79.1123	141.656	
13868	49403	242.84	503.086	242.18	-99999	44.547	-0.985165	0	0	0	0	0	236.59	220.303	133.46	-106.187	-721.134	-702.734	250.553	239.305	234.233	133.875	14.2628	-106.392	-721.204	-704.621	-702.749	6.15616	9	0	38.6166	42.3457	-76.0474	-243.56	42.3457	-76.0474	-243.56	
13868	47664	184.494	441.574	183.819	-99999	-1.81	-0.946881	1	1	1	1	0	148.684	100.266	131.821	-44.9709	753.96	762.784	148.905	124.363	100.268	132.454	43.7165	-44.9709	753.99	757.291	762.784	4.62597	11	0	81.5928	-1.77671	-5.86248	757.258	-1.77671	-5.86248	757.258	
13868	38281	185.401	478.849	184.561	-99999	86.931	-0.968117	1	1	1	1	1	298.307	331.895	133.068	-46.4045	-249.534	-222.78	325.481	342.353	359.202	133.291	43.1552	-47.0029	-249.571	-236.012	-222.738	4.29808	8	0	50.5635	86.9486	-28.4836	-228.355	86.9486	-28.4836	-228.355	
13868	50291	273.701	562.307	266.544	24.4785	25.137	-0.73604	1	1	1	1	1	311.665	134.934	129.795	-56.6949	-677.481	-613.867	315.743	227.079	134.495	134.433	33.9625	-57.2579	-679.248	-652.247	-613.778	4.23342	8	0	65.9826	25.1562	-8.95542	-628.664	25.1562	-8.95542	-628.664	
13868	39751	218.7	486.587	215.562	55.2719	57.529	-0.775085	1	1	1	1	1	120.675	227.93	133.52	-40.6276	-451.849	-386.148	120.267	179.116	228.855	134.117	49.6195	-42.7937	-452.109	-415.423	-386.018	6.7404	6	0	77.9315	57.5606	5.62479	-412.425	57.5606	5.62479	-412.425	
13868	13655	172.654	1338.09	172.298	22.2258	22.37	-0.722746	1	1	1	1	1	237.786	141.342	133.366	14.2471	-410.564	-334.076	237.808	192.376	141.173	133.396	69.8564	14.0029	-410.582	-374.017	-334.066	6.30348	7	0	76.1027	22.4059	9.73557	-351.914	22.4059	9.73557	-351.914	
13868	15421	200.047	492.251	198.162	-99999	116.011	-0.992377	1	1	1	1	1	202.73	228.522	132.448	-63.7442	-588.104	-582.45	184.327	198.106	210.254	133.827	34.7793	-64.2125	-588.054	-586.613	-582.343	6.06901	7	0	61.0646	116.037	-24.3949	-576.525	116.037	-24.3949	-576.525	
13868	16821	207.147	465.163	206.403	-99999	-28.748	-0.908142	1	1	1	1	1	309.69	245.527	132.955	-60.1738	-671.821	-651.733	300.908	258.953	236.478	133.447	39.319	-60.3621	-671.843	-662.352	-651.777	5.78988	11	0	81.1706	-28.713	0.125496	-649.845	-28.713	0.125496	-649.845	
13868	15355	326.685	660.34	323.6	-39.2616	-37.984	-0.897922	1	1	1	1	1	190.485	250.922	131.324	-161.94	-741.473	-860.052	189.985	223.752	250.922	133.656	-11.3082	-161.94	-740.445	-807.558	-860.052	6.92136	11	0	104.091	-37.9336	-21.6675	-768.716	-37.9336	-21.6675	-768.716	
13868	18571	110.95	283.652	110.948	-99999	69.3	-0.745855	1	1	1	1	1	261.44	188.741	133.974	56.6557	-378.335	-410.577	283.141	247.032	210.442	133.974	95.0901	56.6557	-378.335	-394.443	-410.577	5.84775	9	0	53.2028	69.3276	-50.2341	-432.017	69.3276	-50.2341	-432.017	
13868	24484	256.379	640.536	256.064	-99999	-12.36	-0.947323	1	1	1	1	1	81.1667	154.932	133.816	-86.9121	-355.36	-257.451	81.1334	113.618	154.946	134.114	15.5357	-86.9121	-355.44	-319.573	-257.451	4.58213	12	0	70.622	-12.3265	-4.4595	-312.125	-12.3265	-4.4595	-312.125	
13867	1800	75.0038	188.364	73.4887	-99999	-30.35	-0.963635	1	1	1	0	0	122.521	117.202	132.67	64.2757	298.124	317.893	122.475	124.054	117.199	133.282	99.4914	63.8142	297.989	311.23	318.086	4.51705	10	0	73.2636	-30.3225	30.9724	315.243	-30.3225	30.9724	315.243	
13868	21867	24.6416	62.04	23.4287	-99999	49.801	-0.930822	1	0	0	0	0	337.054	343.434	133.684	111.624	-788.14	-783.508	352.376	355.812	359.133	134.471	122.919	111.283	-788.311	-785.759	-783.449	5.60932	6	0	47.3353	49.8256	71.4864	-706.834	49.8256	71.4864	-706.834	
13868	39318	61.0736	170.04	60.9068	-99999	-25.722	-0.944461	0	0	0	0	0	298.126	310.189	133.198	77.3895	539.035	518.557	290.071	296.364	302.161	133.198	104.587	77.3259	539.035	530.586	518.525	4.63347	14	0	74.9355	-9.46859	-36.2701	-554.756	43.3014	12.6095	528.495	
13868	29156	216.517	497.412	215.763	-99999	-42.766	-0.871776	1	1	1	1	1	93.4745	201.704	132.038	-51.1807	380.149	415.704	93.1771	147.421	201.753	132.698	40.7282	-51.1807	380.052	397.836	415.704	4.47514	10	0	60.4063	-42.726	-14.8922	413.339	-42.726	-14.8922	413.339	
13868	26168	90.2823	219.57	88.463	-99999	101.326	-0.958728	1	1	1	0	0	87.2172	106.864	133.565	47.8753	-151.912	-145.994	86.9111	99.314	107.012	134.249	91.1085	46.8067	-151.979	-147.232	-145.985	4.46955	8	0	75.6878	101.341	38.0906	-148.584	101.341	38.0906	-148.584	
13868	34431	124.227	260.88	123.142	-99999	75.996	-0.812163	1	0	0	0	0	268.587	335.001	132.795	31.3041	860.435	881.501	291.919	325.468	358.933	133.463	82.4287	31.0875	860.284	871.593	881.517	4.595	9	0	55.771	76.0164	27.0841	862.191	76.0164	27.0841	862.191	
13868	30440	129.598	4219.51	125.213	-99999	-44.93	-0.977002	0	0	0	0	0	217.444	221.437	128.764	10.8872	139.685	151.519	210.36	220.118	214.387	129.157	66.4841	10.7654	139.655	143.101	151.507	7.55523	19	0	159.131	25.9022	-0.603554	393.601	25.9022	-0.603554	393.601	
13868	75357	324.582	742.54	323.566	-99999	59.406	-0.939221	1	1	1	1	1	147.001	108.392	133.356	-163.287	-143.401	-36.662	146.948	120.102	108.314	133.419	-19.128	-163.637	-143.418	-95.9873	-35.8489	5.56082	9	0	54.5418	59.4266	-23.7344	-91.9385	59.4266	-23.7344	-91.9385	
13868	39774	214.504	469.999	213.961	107.981	108.567	-0.830501	1	1	1	1	1	252.615	123.864	132.925	-36.3986	519.439	511.109	252.907	191.104	123.864	133.377	46.105	-36.3986	519.453	512.419	511.109	6.19241	8	0	67.5094	108.601	-9.75168	520.914	108.601	-9.75168	520.914	
13867	3824	210.239	466.94	209.382	-99999	79.766	-0.781733	1	1	1	1	1	172.676	189.681	131.6	-33.265	-565.751	-441.955	172.547	187.757	189.589	132.266	52.4623	-33.265	-566.276	-499.768	-441.955	4.21859	12	0	68.5476	79.8038	-1.87088	-481.604	79.8038	-1.87088	-481.604	
13868	42961	34.9415	140.82	34.6812	-99999	97.37	-0.93196	0	0	0	0	0	321.71	306.775	126.403	95.7366	-609.765	-610.547	352.228	345.18	337.246	126.475	110.641	95.6029	-609.758	-611.722	-610.506	4.00685	15	0	101.458	22.4758	-10.9596	-271.447	22.4758	-10.9596	-271.447	
13868	43518	283.04	965.672	282.616	-99999	23.304	-0.691819	1	1	1	1	1	199.369	125.052	132.498	-66.4426	306.802	493.253	199.468	162.443	125.025	132.789	32.985	-66.4426	306.522	399.771	493.253	24.0297	14	0	315.321	23.3447	-57.4749	534.62	-16.4853	13.8241	463.019	
13868	41491	353.609	793.615	353.023	63.8879	64.719	-0.535484	1	1	1	1	1	183.523	337.06	132.595	-25.2228	-816.709	-544.372	183.436	264.349	337.096	132.727	48.8396	-25.3505	-816.891	-684.158	-544.065	6.01198	11	0	73.6178	64.7464	-5.23074	-627.192	64.7464	-5.23074	-627.192	
13868	41499	237.616	1227.34	236.102	82.474	82.181	-0.831147	1	1	1	1	1	169.463	225.703	132.147	-58.0251	-752.399	-878.378	169.424	199.234	226.16	132.288	33.7219	-59.0195	-752.313	-811.343	-879.146	5.60184	12	0	82.1741	82.2122	-1.3513	-773.492	82.2122	-1.3513	-773.492	
13868	45932	300.033	691.785	299.794	-99999	65.586	-0.767051	1	1	1	1	1	66.5097	182.985	122.794	-115.146	498.573	637.391	66.4346	128.38	183.028	122.794	4.65312	-115.333	498.573	567.085	637.476	4.33017	10	0	83.4314	65.617	-6.32515	573.284	65.617	-6.32515	573.284	
13867	10743	364.034	1050.42	362.762	106.565	108.5	-0.619881	1	1	1	1	1	61.8908	347.999	80.146	-142.483	-813.523	-802.103	60.9119	204.639	347.999	80.9341	-30.5174	-142.483	-813.66	-807.11	-802.103	6.15137	11	0	111.126	108.517	-0.379358	-790.741	108.517	-0.379358	-790.741	
13868	51617	333.48	838.168	332.164	-99999	-39.383	-0.901848	1	1	1	1	1	312.483	290.369	132.762	-168.674	-278.768	-149.639	300.224	285.067	278.036	133.717	-17.3032	-168.674	-279.221	-210.462	-149.639	6.717	10	0	195.041	-39.3556	-19.9744	-208.577	-39.3556	-19.9744	-208.577	
13868	51717	369.67	2390.87	369.611	27.0309	27.631	-0.773652	1	1	1	1	1	92.8599	249.61	133.462	-157.136	-631.678	-792.796	92.8599	174.506	249.622	133.462	-9.02122	-157.186	-631.678	-715.93	-792.807	4.43009	12	0	83.0521	27.661	-6.30776	-693.842	27.661	-6.30776	-693.842	
13868	51400	258.784	792.936	256.522	-99999	112.315	-0.967654	1	1	1	1	1	212.12	237.725	133.218	-47.5216	-522.902	-578.046	247.274	270.156	272.906	133.278	9.03129	-48.3208	-522.904	-507.9	-578.048	5.36479	13	0	102.116	112.35	-28.0893	-517.891	112.35	-28.0893	-517.891	
13868	50948	195.622	384.875	194.014	-99999	59.902	-0.375854	1	1	1	1	0	217.391	340.296	130.382	38.8389	362.696	480.65	235.67	297.81	359.611	130.638	83.3857	38.5394	362.266	420.976	481.31	4.1916	9	0	43.9421	59.9533	12.8281	460.25	59.9533	12.8281	460.25	
13868	52648	100.05	252.305	99.1755	-99999	-0.503	-0.580552	1	1	1	1	1	125.868	190.887	133.466	77.8815	243.554	293.729	125.724	158.392	191.302	133.603	105.392	77.528	243.432	268.711	294.066	5.49109	10	0	67.7957	-0.456554	-6.61584	358.254	-0.456554	-6.61584	358.254	
13868	52755	220.134	590.35	220.079	-99999	19.393	-0.776065	1	1	1	1	1	62.5342	104.623	66.7744	-83.5492	1.60848	155.42	62.5033	78.5263	104.601	66.8155	-13.6938	-83.5492	1.57654	74.6978	155.42	4.27804	15	0	91.0661	19.4213	29.0184	34.5952	-45.9887	-41.1973	29.5492	
13868	50867	311.229	691.553	310.649	61.787	62.013	-0.978924	1	1	1	1	1	238.95	170.72	132.225	-170.59	-187.984	-187.825	239.07	206.889	170.72	132.785	-19.4143	-170.59	-187.971	-189.368	-187.825	7.9262	7	0	72.6936	62.0493	-21.2718	-189.693	62.0493	-21.2718	-189.693	
13868	51167	103.044	240.23	103.028	-99999	67.425	-0.726513	1	1	0	0	0	109.347	71.888	133.823	54.8339	9.53584	62.2724	109.275	93.1874	71.8109	133.832	95.0638	54.8339	9.52824	39.3016	62.2724	7.53406	10	0	67.5782	67.4527	43.8065	50.4392	67.4527	43.8065	50.4392	
13868	57683	366.249	866.757	366.248	-99999	103.472	-0.735408	1	1	1	1	1	181.413	326.627	132.641	-125.058	253.682	38.0954	213.815	286.1	359.028	132.641	2.75243	-125.058	253.682	146.861	38.0954	6.69038	12	0	53.4578	103.501	-60.6828	89.7829	103.501	-60.6828	89.7829	
13868	57766	306.406	741.902	305.095	30.3705	31.762	-0.704092	1	1	1	1	1	213.759	88.7996	130.137	-68.4492	376.183	568.904	214.234	147.361	88.6818	130.882	25.9448	-68.6095	375.598	464.711	569.04	5.3213	12	0	74.0023	31.7988	-17.2454	502.124	31.7988	-17.2454	502.124	
13867	5614	126.337	406.61	126.287	-99999	-18.602	-0.774239	1	1	1	1	0	196.83	118.676	131.798	36.9816	839.609	865.216	196.851	157.372	118.697	131.798	84.1685	36.9816	839.609	852.348	865.216	5.40252	7	0	185.042	-18.5751	-26.9966	226.246	-18.5751	-26.9966	226.246	
13868	32256	326.175	735.208	324.79	73.3848	73.353	-0.751643	1	1	1	1	1	265.723	176.606	132.115	-118.172	584.921	769.175	265.911	226.87	176.466	132.87	9.26995	-118.476	584.287	683.112	769.339	4.19293	13	0	73.2373	73.391	-21.8155	675.092	73.391	-21.8155	675.092	
13868	37590	254.731	551.173	249.568	55.9292	56.239	-0.93031	1	1	1	1	1	220.098	113.207	132.912	-89.1413	-255.762	-259.035	220.098	164.818	112.93	132.912	19.7238	-94.0348	-255.762	-273.653	-257.438	7.27781	21	0	79.3235	56.2688	-30.6938	-261.845	56.2688	-30.6938	-261.845	
13868	78519	302.729	3285.27	302.388	-44.659	-45.781	-0.795544	1	1	1	1	1	169.695	259.538	133.457	-110.766	55.2137	-94.8863	169.566	228.378	259.538	133.727	13.9175	-110.766	55.368	-15.6273	-94.8863	4.22831	15	0	74.2686	-45.741	-18.543	-35.8275	-45.741	-18.543	-35.8275	
13867	3271	272.213	597.756	269.929	-99999	-9.51	-0.966035	1	1	1	1	1	126.337	194.247	132.854	-124.091	757.107	798.959	125.973	162.201	194.47	134.361	4.68768	-124.753	756.983	776.541	799.145	4.26243	13	0	69.887	-9.48246	-6.45688	757.539	-9.48246	-6.45688	757.539	
13868	35722	226.457	531.786	223.044	-99999	113.783	-0.972324	1	1	1	1	0	124.138	84.5203	133.282	-80.9893	-763.639	-727.375	124.115	105.489	83.3818	133.805	22.43	-83.3019	-763.728	-756.309	-726.01	4.63443	12	0	67.2734	113.805	-22.3938	-737.674	113.805	-22.3938	-737.674	
13868	36062	299.799	656.692	299.208	-42.7383	-45.157	-0.777073	1	1	1	1	1	297.221	114.933	133.362	-101.72	-662.746	-642.121	297.572	199.726	114.933	133.827	21.2326	-101.72	-662.817	-649.088	-642.121	4.48462	6	0	71.0435	-45.1311	-25.0098	-641.825	-45.1311	-25.0098	-641.825	
13868	44032	355.455	849.275	355.261	19.5733	19.715	-0.575872	1	1	1	1	1	259.85	130.263	132.695	-54.3759	539.514	811.084	259.904	198.925	130.263	132.805	34.2625	-54.3759	539.368	673.884	811.084	4.61589	14	0	96.4169	19.7672	-15.9682	692.343	54.2572	25.5732	657.884	
13868	43234	276.67	608.565	274.248	68.5786	68.819	-0.871024	1	1	1	1	1	139.253	275.556	133.034	-104.105	871.357	862.752	138.601	206.835	275.966	134.206	14.3208	-105.088	871.491	863.33	862.659	5.18495	8	0	76.4758	68.851	-21.6734	800.171	68.851	-21.6734	800.171	
13868	47283	157.78	648.827	156.872	-99999	70.356	-0.877558	1	1	1	1	1	244.938	198.698	132.443	-6.43289	567.378	511.824	256.243	232.863	209.754	133.238	64.0358	-6.43289	567.731	537.947	511.824	10.0163	10	0	46.9381	70.3899	-23.5299	514.348	70.3899	-23.5299	514.348	
13868	46258	312.26	720.482	307.809	-99999	41.942	-0.920408	1	1	1	1	1	232.005	344.099	131.623	-154.187	-246.328	-224.872	244.655	301.319	357.985	132.774	-12.2791	-157.204	-246.422	-235.263	-225.568	5.49424	6	0	50.8935	41.9616	-53.2279	-233.758	41.9616	-53.2279	-233.758	
13868	48098	81.2718	227.93	80.0154	-99999	84.584	-0.871475	0	0	0	0	0	240.115	200.71	133.786	64.3684	650.482	653.245	267.213	247.811	227.197	134.881	99.2281	64.3684	650.496	651.614	653.245	4.50775	9	0	81.0849	-999999	-999999	-999999	-999999	-999999	-999999	
13868	49999	92.1601	236.581	89.7499	-99999	-26.52	-0.995469	1	1	1	0	0	167.461	157.722	132.207	43.1692	527.016	528.516	167.586	163.995	157.594	133.314	87.4046	41.893	526.999	528.435	528.368	4.75789	6	0	72.0455	-26.4984	19.2547	540.198	-26.4984	19.2547	540.198	
13868	75143	229.443	502.173	229.27	-99999	52.851	-0.476251	1	1	1	1	1	207.29	267.917	133.157	-0.609706	-778.692	-606.188	223.839	242.692	284.543	133.157	59.6301	-0.667946	-778.692	-693.006	-606.053	5.81893	6	0	74.5461	52.8892	4.288	-649.444	52.8892	4.288	-649.444	
13868	79643	369.346	833.897	334.94	50.1954	52.37	-0.729588	1	1	1	1	1	120.124	332.945	133.136	-113.247	-556.147	-634.517	120.124	237.431	355.372	133.136	-2.66903	-138.073	-556.147	-599.678	-642.402	7.24292	16	0	107.651	52.4025	-53.5339	-610.239	52.4025	-53.5339	-610.239	
13868	51729	127.932	148.416	16.4558	-99999	61.05	-0.837636	1	1	1	1	1	90.6584	93.2815	131.205	116.767	6.36937	12.8287	90.5886	96.708	104.857	131.205	80.7428	23.9282	6.36937	35.9374	63.4016	12.1988	12	0	148.416	61.0849	-1.02869	72.7389	61.0849	-1.02869	72.7389	
13868	59100	127.006	300.813	124.677	-99999	2.13	-0.788591	1	1	1	1	0	206.905	263.783	131.4	49.4453	-709.738	-780.4	206.905	232.131	264.725	131.4	83.1016	48.6199	-709.738	-742.313	-782.359	5.27239	14	0	71.199	2.16958	22.2386	-743.574	2.16958	22.2386	-743.574	
13868	58526	217.159	542.927	216.857	-99999	9.61	-0.941245	1	1	1	1	1	197.053	143.908	133.511	-69.2732	-109.338	-58.1844	197.042	175.708	143.861	133.511	30.2705	-69.5376	-109.338	-83.5895	-58.0602	8.23006	14	0	140.809	9.64692	-19.4677	-67.1374	9.64692	-19.4677	-67.1374	
13868	41872	291.329	650.523	290.923	-99999	54.572	-0.768509	1	1	1	1	1	161.977	108.847	134.216	-87.5119	-844.883	-666.258	161.915	129.582	108.72	134.216	21.0939	-87.869	-844.883	-759.204	-666.096	5.38344	14	0	80.0247	54.5914	-24.1074	-712.029	54.5914	-24.1074	-712.029	
13868	46153	255.781	565.485	252.33	15.2799	14.241	-0.770673	1	1	1	1	1	62.6364	232.722	120.188	-64.3769	-302.791	-325.298	60.9498	148.425	233.174	122.241	29.779	-65.0053	-302.614	-312.98	-325.327	4.55495	7	0	74.2763	14.2686	0.405744	-314.693	14.2686	0.405744	-314.693	
13868	49951	237.024	661.441	236.331	-99999	75.532	-0.965081	1	1	1	1	1	90.4761	100.277	133.192	-89.801	-616.499	-563.118	90.3541	107.255	100.169	133.446	19.1527	-89.9185	-616.558	-590.356	-562.875	14.5942	36	0	159.743	75.5535	-8.68443	-585.312	75.5535	-8.68443	-585.312	
13868	45402	157.048	39131.7	149.602	-99999	10.642	-0.776125	1	1	1	1	1	167.866	110.552	132.531	12.5491	872.392	806.695	168.653	138.818	106.496	133.926	71.297	9.08898	873.209	836.724	806.357	57.417	28	0	358.467	10.6764	0.589549	779.502	10.6764	0.589549	779.502	
13868	52782	242.249	558.785	242.247	-99999	84.084	-0.700913	1	1	1	1	1	73.4758	162.437	133.573	-34.1614	-734.183	-584.472	73.3796	119.101	162.341	133.573	49.3832	-34.1614	-734.183	-660.21	-584.472	4.01407	13	0	75.932	84.1131	5.95292	-639.547	84.1131	5.95292	-639.547	
13868	52373	216.154	529.988	213.288	-99999	77.336	-0.867951	1	1	1	1	1	149.931	112.691	132.863	-29.8141	-413.292	-286.965	149.959	128.501	112.654	133.328	44.6253	-30.4983	-413.533	-355.755	-284.799	7.74197	16	0	83.6027	77.3652	-3.79601	-330.67	77.3652	-3.79601	-330.67	
13868	50324	163.775	385.822	160.966	-99999	52.487	-0.972092	1	1	1	0	0	315.714	342.272	133.365	-21.9952	-742.223	-712.934	332.023	342.457	359.243	134.709	55.4122	-23.3106	-742.519	-725.111	-712.979	4.13569	9	0	75.1318	52.5144	23.4284	-725.247	52.5144	23.4284	-725.247	
13868	17190	316.264	766.107	311.926	-99999	-40.247	-0.920091	1	1	1	1	1	62.319	155.717	134.851	-149.805	-495.706	-413.97	60.9949	111.722	155.763	138.841	-7.1742	-149.805	-496.69	-463.515	-413.97	5.65921	9	0	73.9593	-40.2254	-24.131	-449.59	-40.2254	-24.131	-449.59	
13868	50349	67.9584	190.96	67.3714	-99999	52.533	-0.882297	1	1	0	0	0	273.071	283.555	133.086	75.4753	673.87	641.738	289.519	293.618	300.088	133.1	104.665	75.0895	673.876	655.921	641.646	4.90137	10	0	67.8049	52.5774	-21.5076	636.189	52.5774	-21.5076	636.189	
13868	54677	133.992	362.535	132.559	-99999	100.77	-0.294915	1	1	1	1	1	188.411	118.511	-153.312	-113.361	-894.742	-789.44	117.593	153.025	188.295	-112.929	-133.066	-153.312	-788.336	-841.504	-894.742	4.83779	241	0	362.535	100.806	-85.5337	-724.476	100.806	-85.5337	-724.476	
13868	58838	114.642	269.073	113.669	78.8261	80.012	-0.965526	1	1	1	1	1	217.422	172.893	132.871	29.6507	518.208	508.858	217.422	199.698	172.366	132.871	78.5985	28.8387	518.208	513.591	508.856	4.48162	6	0	70.911	80.0466	10.6043	517.116	80.0466	10.6043	517.116	
13868	21409	150.39	536.156	150.249	-99999	10.121	-0.507634	1	1	1	1	1	355.969	257.131	-164.367	-87.5683	656.525	739.625	260.3	309.954	359.225	-87.5683	-125.941	-164.442	739.625	698.201	656.444	11.6722	367	0	536.156	10.173	-21.4354	747.023	10.173	-21.4354	747.023	
13867	10597	325.202	727.831	307.151	-99999	-47.551	-0.955312	1	1	1	1	1	248.806	315.005	133.67	-163.064	-779.094	-822.244	233.916	270.521	304.255	133.67	-23.1116	-180.521	-779.094	-801.65	-824.101	4.01155	9	0	45.6487	-47.527	-27.68	-771.116	-47.527	-27.68	-771.116	
13868	41740	106.94	255.715	106.26	-99999	8.192	-0.990384	1	1	1	0	0	320.824	300.455	133.368	30.0096	3.25857	9.36653	323.424	316.471	303.02	134.036	81.3069	30.0096	3.17062	8.31057	9.36653	4.33426	9	0	69.8789	8.22114	40.6421	5.44414	8.22114	40.6421	5.44414	
13868	43115	427.08	1042.4	425.421	-99999	-1.822	-0.723357	1	1	1	1	1	146.693	134.407	132.587	-171.534	765.471	468.453	146.737	140.925	134.401	133.182	-20.5396	-172.026	766.039	617.979	467.813	4.56074	8	0	75.4375	-1.77797	-25.3508	609.663	-1.77797	-25.3508	609.663	
13868	44515	266.525	561.683	265.371	-99999	-39.673	-0.973926	1	1	1	1	1	149.195	79.5026	133.138	-118.917	435.717	462.071	149.394	127.93	79.386	133.867	3.33423	-119.284	435.65	451.092	462.077	4.90068	8	0	72.8864	-34.9009	-41.546	402.33	-34.9009	-41.546	402.33	
13868	44265	455.054	995.352	455.007	-99999	28.267	-0.575098	1	1	1	1	1	173.081	101.186	132.525	-125.543	-522.636	-158.238	173.049	127.57	101.154	132.525	0.00820522	-125.543	-522.636	-343.583	-158.238	6.63389	16	0	98.5301	28.3043	-22.4618	-309.796	28.3043	-22.4618	-309.796	
13868	45519	401.61	2165.27	399.412	90.6981	92.207	-0.722135	1	1	1	1	1	335.625	85.8627	132.019	-146.239	-682.894	-549	336.014	204.929	85.307	132.51	-0.571507	-147.63	-683.132	-609.903	-548.717	5.04936	9	0	74.1005	92.2241	-33.5267	-599.419	92.2241	-33.5267	-599.419	
13867	10701	337.829	758.131	328.716	-99999	94.041	-0.899375	1	1	1	1	1	107.16	84.7606	134.046	-157.904	-62.3545	86.8757	107.053	95.6679	84.7992	134.046	-16.0533	-165.523	-62.3545	14.1327	91.8244	22.1643	10	0	58.2916	94.0621	-19.3291	23.0101	94.0621	-19.3291	23.0101	
13868	78262	201.626	457.639	200.774	-38.4829	-38.423	-0.677067	1	1	1	1	1	247.628	105.93	132.007	5.09587	806.054	865.312	247.628	178.157	105.425	132.007	62.7447	4.60941	806.054	829.071	865.786	4.9758	12	0	74.262	-44.3628	-43.0522	560.755	2.68718	-39.4582	818.353	
13868	47797	255.874	602.088	254.756	113.533	113.729	-0.823708	1	1	1	1	1	150.58	296.187	133.111	-64.874	-507.77	-442.768	150.023	220.95	296.187	134.024	32.0218	-64.874	-508.048	-477.683	-442.768	5.49025	8	0	83.8859	113.763	-17.2042	-465.64	113.763	-17.2042	-465.64	
13868	46339	87.2618	300.712	84.6821	-99999	101.744	-0.727295	1	1	1	1	1	62.6565	117.37	-49.0653	-110.533	470.886	490.769	61.3336	89.6394	117.654	-47.7032	-79.152	-111.1	470.449	481.083	490.905	11.2563	8	0	94.5293	101.79	-56.1387	488.324	101.79	-56.1387	488.324	
13868	46839	260.393	607.783	259.587	-99999	114.896	-0.925842	1	1	1	1	1	151.85	105.174	133.263	-110.491	372.992	300.044	151.92	127.944	105.043	133.997	12.6474	-110.491	373.232	332.712	300.044	5.75044	9	0	97.2549	114.922	-27.077	329.323	114.922	-27.077	329.323	
13868	47471	260.39	566.672	259.433	-99999	103.144	-0.784424	1	1	1	1	1	66.9731	172.643	134.377	-67.4976	-276.573	-157.679	66.6305	122.908	172.674	134.769	29.9666	-67.801	-276.786	-224.175	-157.377	6.18336	14	0	75.3262	103.173	6.90691	-211.523	103.173	6.90691	-211.523	
13868	49571	102.148	245.07	102.146	-99999	116.323	-0.931835	1	1	0	0	0	108.711	130.884	133.133	44.2048	349.733	393.186	108.578	120.052	130.751	133.133	86.5597	44.2048	349.733	367.21	393.186	5.4091	13	0	73.3684	116.349	28.2714	383.608	116.349	28.2714	383.608	
13868	51080	591.728	1385.88	591.654	-99999	48.397	-0.513278	1	1	1	1	1	211.459	343.88	133.347	-170.492	-94.7133	-584.706	226.591	292.167	359.035	133.384	-18.2059	-170.492	-94.6559	-340.084	-584.706	4.65398	17	0	62.9715	48.4333	-35.7587	-379.925	48.4333	-35.7587	-379.925	
13868	52380	88.6959	219.935	87.9003	-99999	-17.991	-0.785543	1	1	0	0	0	65.0636	115.232	81.8661	14.4785	-858.617	-833.374	64.8847	88.94	115.511	82.1649	47.7858	14.1631	-858.742	-844.394	-833.307	4.01043	8	0	66.5739	-14.5745	-54.4394	-741.835	98.1955	54.489	-810.321	
13868	57719	95.4238	221.002	94.0772	-99999	110.83	-0.749119	1	1	1	1	0	121.197	188.556	133.537	69.4771	-635.926	-623.106	120.215	152.896	188.429	134.553	100.396	69.4771	-636.132	-629.766	-623.106	4.19041	7	0	61.5024	110.868	33.9988	-618.98	110.868	33.9988	-618.98	
13868	49416	81.7504	197.271	81.108	-99999	114.318	-0.876544	1	1	0	0	0	215.667	181.241	132.732	63.9954	-644.636	-669.151	251.703	235.796	217.039	133.295	97.8896	63.9954	-644.446	-657.238	-669.151	5.56231	6	0	59.9036	114.345	28.1457	-651.957	114.345	28.1457	-651.957	
13868	59901	106.853	265.52	106.701	-99999	20.585	-0.841684	1	0	0	0	0	95.9621	79.0415	133.047	42.8724	184.471	238.807	95.9689	87.5763	79.0179	133.173	88.0308	42.8724	184.396	211.678	238.807	4.36074	14	0	81.7714	20.6064	52.899	221.659	20.6064	52.899	221.659	
13868	55831	131.556	303.736	130.714	-139.827	-13.399	-0.94847	0	0	0	0	0	221.917	182.539	132.379	10.1531	213.661	233.663	222.093	204.524	182.485	133.066	71.3676	10.0504	213.523	227.951	233.661	7.19197	6	0	61.5734	-8.38565	26.3492	-434.665	3.10435	52.6605	723.551	
13868	76014	194.606	498.294	184.94	-99999	116.014	-0.768231	1	1	1	1	1	72.0876	191.523	133.857	-2.75029	306.102	340.983	71.9262	133.986	197.737	133.894	61.6518	-9.96869	306.091	325.961	340.968	8.63215	6	0	67.4976	116.043	-26.0232	348.817	116.043	-26.0232	348.817	
13868	56408	127.486	632.775	127.152	-99999	69.079	-0.815228	1	1	1	1	1	137.689	91.4038	134.822	33.6267	269.7	329.057	137.61	115.284	91.3248	134.822	82.7259	33.6267	269.7	298.564	329.057	21.3063	21	0	85.4815	69.1083	-4.98955	336.142	69.1083	-4.98955	336.142	
13868	55541	298.076	736.531	296.287	-99999	105.475	-0.973757	1	1	1	1	1	283.452	325.885	132.05	-158.16	508.988	550.53	316.255	337.587	358.992	133.282	-12.6487	-158.661	508.792	529.871	550.564	7.71431	10	0	55.8361	105.496	-47.2715	314.442	105.496	-47.2715	314.442	
13868	49162	174.524	402.266	172.205	109.371	111.69	-0.892691	1	1	1	1	1	232.277	189.861	131.785	-21.5057	-533.18	-468.286	232.613	209.498	189.378	132.914	55.4492	-22.4063	-533.638	-500.865	-468.054	5.34094	9	0	79.3574	111.72	-0.65176	-487.357	111.72	-0.65176	-487.357	
13868	47369	250.784	554.445	250.339	-99999	75.767	-0.657034	1	1	1	1	1	86.9436	146.36	133.61	-34.4417	489.796	663.862	86.8052	108.23	146.273	133.895	50.2368	-34.4417	489.462	580.294	663.862	4.02531	11	0	67.2074	75.8084	10.1806	603.81	75.8084	10.1806	603.81	
13868	54674	73.2945	202.722	71.0995	-99999	38.419	-0.606639	1	0	0	0	0	300.447	346.797	133.01	80.235	822.53	818.891	311.668	335.701	359.545	133.502	106.221	79.4771	822.869	820.901	818.83	4.1116	13	0	71.4776	38.4469	77.4735	818.943	38.4469	77.4735	818.943	
13868	46874	130.066	367.645	128.12	-99999	-26.724	-0.762889	0	0	0	0	0	129.203	158.281	131.01	19.9762	-789.977	-736.76	129.082	146.051	158.621	131.449	78.4494	18.6555	-790.327	-757.001	-736.858	15.5348	6	0	105.987	5.68263	-123.506	420.07	37.6526	45.7653	153.344	
13868	77116	327.1	775.094	324.334	-99999	-2.832	-0.888415	1	1	1	1	1	333.171	178.753	130.776	-149.68	-111.553	-77.1393	334.418	260.671	178.753	133.225	-11.8234	-149.68	-111.773	-96.0343	-77.1393	5.98444	10	0	156.376	-2.81192	-8.78769	-103.675	-2.81192	-8.78769	-103.675	
13868	77216	80.1657	440.706	79.2556	-99999	46.738	-0.399511	1	1	1	0	0	61.8848	127.739	80.3007	122.518	-277.229	-268.133	135.527	102.499	69.0665	122.675	101.377	80.2287	-268.315	-272.7	-277.232	5.09759	109	0	440.706	46.7561	38.4557	-260.621	46.7561	38.4557	-260.621	
13868	50231	209.842	437.719	200.925	-99999	56.916	-0.817553	1	1	1	0	0	240.384	341.319	-43.3207	119.996	-891.758	-832.562	359.142	306.468	253.763	119.996	34.9615	-50.6281	-832.562	-864.188	-894.258	9.84867	412	0	437.719	62.8314	23.5556	-229.758	62.8314	23.5556	-229.758	
13868	53478	293.988	674.05	293.185	-99999	99.736	-0.805415	1	1	1	1	1	174.299	123.193	133.795	-98.7462	-469.006	-298.808	174.185	147.591	122.945	133.795	15.4761	-99.3822	-469.006	-386.19	-298.343	4.50442	16	0	75.5294	99.7687	-25.9464	-354.866	99.7687	-25.9464	-354.866	
13868	50936	63.2097	147.876	63.2077	-99999	61.884	-0.433525	1	1	0	0	0	83.396	116.937	133.324	107.434	374.497	421.218	83.3252	99.5283	116.867	133.324	119.72	107.434	374.497	397.96	421.218	4.60844	13	0	67.7684	61.9254	29.1193	-801.492	14.7954	-27.6682	596.217	
13868	54056	99.1238	239.294	97.9927	96.4259	97.193	-0.947354	1	1	1	1	0	213.031	172.106	131.661	43.9651	-38.762	-26.7601	213.232	195.646	171.864	132.315	86.2499	43.6068	-38.8286	-34.2415	-26.678	6.11381	9	0	84.0895	97.2216	32.928	-19.1522	97.2216	32.928	-19.1522	
13868	78361	176.474	380.013	174.651	105.023	104.656	-0.969903	1	1	1	1	1	201.484	248.465	134.088	-30.2124	300.161	266.677	201.447	221.503	248.94	134.749	50.677	-31.2276	300.316	283.754	266.633	6.36079	7	0	73.9175	104.693	-8.11721	265.347	104.693	-8.11721	265.347	
13868	56344	56.0462	156.781	51.4695	-99999	1.789	-0.946661	1	1	0	0	0	309.684	308.174	130.798	81.0065	105.234	114.277	310.321	309.298	308.999	132.987	106.227	79.554	104.515	112.471	114.302	5.04532	6	0	78.4674	8.54071	-28.7816	546.753	8.54071	-28.7816	546.753	
13868	58533	365.012	828.072	359.25	31.7654	30.484	-0.859082	1	1	1	1	1	95.5097	264.16	130.403	-158.842	-295.25	-422.471	93.7847	169.421	264.889	134.268	-17.5176	-159.789	-293.708	-360.916	-422.84	4.07052	9	0	80.0668	30.5209	-18.5407	-359.64	30.5209	-18.5407	-359.64	
13868	63488	166.887	393.896	165.013	-99999	-2.106	-0.924578	1	1	1	1	1	199.336	149.853	132.588	-20.9611	-145.596	-116.541	199.338	171.137	149.649	132.588	54.4652	-22.6604	-145.596	-137.715	-115.786	4.83974	19	0	94.0237	-2.07246	2.06044	-124.877	-2.07246	2.06044	-124.877	
13868	61535	246.69	567.206	246.359	-99999	0.829	-0.68921	1	1	1	1	1	261.211	92.5383	132.89	-32.9894	445.22	513.925	261.43	177.05	92.5383	133.119	49.8252	-32.9894	445.133	479.104	513.925	5.35416	8	0	45.0564	0.849505	-66.6434	536.056	0.849505	-66.6434	536.056	
13868	50627	360.152	731.719	340.896	41.8376	43.292	-0.887622	1	1	1	1	1	121.615	268.243	132.741	-165.01	-643.998	-721.687	121.1	198.737	275.799	133.904	-23.3813	-180.798	-643.694	-684.411	-725.633	8.59337	9	0	44.0613	43.3107	-16.2629	-672.153	43.3107	-16.2629	-672.153	
13868	57404	206.264	456.417	205.871	-99999	-26.314	-0.746026	1	1	1	1	1	160.664	115.704	134.11	-25.9592	540.948	661.733	160.694	139.916	115.669	134.11	55.0229	-26.2536	540.948	603.57	661.984	5.4626	12	0	68.8921	-26.2824	0.263256	625.338	-26.2824	0.263256	625.338	
13868	48446	88.0438	192.256	86.5706	-99999	81.116	-0.961603	1	1	1	1	1	206.472	184.953	131.983	49.6319	-154.278	-170.007	232.203	221.535	210.29	133.192	91.1822	49.4301	-154.18	-161.8	-170.042	7.27252	10	0	50.2489	81.1442	-26.6339	-194.466	81.1442	-26.6339	-194.466	
13868	57446	285.295	646.623	283.963	75.6816	74.87	-0.889716	1	1	1	1	1	252.486	125.589	132.256	-111.563	795.219	862.057	252.787	190.158	125.358	132.961	7.96242	-112.004	795.025	821.617	862.256	7.01348	9	0	86.4663	74.9044	-32.2398	793.887	74.9044	-32.2398	793.887	
13868	59012	45.1642	148.259	43.81	-99999	-33.1	-0.805802	1	1	1	1	1	247.905	221.215	132.166	98.2428	590.844	585.415	243.237	229.432	215.864	132.854	115.114	97.9439	590.929	588.979	585.111	4.76412	16	0	64.838	-33.0713	-25.5811	581.104	-33.0713	-25.5811	581.104	
13868	53093	143.943	410.493	143.085	-99999	-18.222	-0.402619	1	1	1	1	1	67.62	197.57	-6.85517	-65.8869	-242.295	-242.583	64.3702	130.43	195.024	-6.67596	-35.1401	-66.1336	-242.31	-243.475	-242.459	13.7887	15	0	97.599	-18.2317	-48.9103	-239.714	-18.2317	-48.9103	-239.714	
13868	51437	195.169	519.442	194.267	56.716	53.865	-0.711035	1	1	1	1	1	158.858	219.693	133.127	9.68849	-38.4771	-166.041	158.794	174.523	220.004	133.434	68.3966	9.45732	-38.1824	-109.108	-166.262	4.23733	11	0	145.085	53.9007	-4.05659	-146.464	53.9007	-4.05659	-146.464	
13868	53637	106.358	298.456	102.342	-99999	24.225	-0.952261	1	1	1	0	0	207.662	219.893	131.848	33.0242	167.116	190.193	215.118	222.395	227.431	132.791	81.8395	30.0546	166.843	180.166	190.722	13.6846	6	0	119.491	24.2475	11.1391	187.077	24.2475	11.1391	187.077	
13868	52218	244.523	533.342	242.665	33.8005	34.768	-0.947913	1	1	1	1	1	164.677	252.347	133.755	-91.5635	685.847	678.286	164.555	210.42	252.579	134.146	20.9319	-92.9683	685.876	682.629	678.503	8.38212	6	0	80.6013	34.7992	-6.31102	667.312	34.7992	-6.31102	667.312	
13868	58284	266.718	1477.35	263.51	-38.8142	-38.555	-0.854635	1	1	1	1	1	113.463	260.942	132.793	-53.3735	338.004	230.769	112.922	179.596	261.743	133.954	27.9429	-54.6042	338.447	293.45	229.67	8.3427	7	0	69.625	-38.5211	-6.11676	275.613	-38.5211	-6.11676	275.613	
13868	76846	116.641	291.669	115.715	-99999	98.557	-0.921115	1	1	1	0	0	119.374	85.4559	134.293	27.2969	-268.159	-243.38	119.261	98.2227	85.422	134.293	81.3121	26.3884	-268.159	-256	-243.315	7.59433	9	0	79.8565	98.5745	31.1194	-247.042	98.5745	31.1194	-247.042	
13868	56078	184.553	414.282	183.504	86.876	87.237	-0.75877	1	1	1	1	1	228.7	99.2158	132.228	12.9741	-352.894	-309.433	229.261	170.909	99.2158	133.021	67.3604	12.9741	-353.268	-325.346	-309.433	4.62862	6	0	65.6615	87.265	12.7841	-314.589	87.265	12.7841	-314.589	
13868	55211	188.721	475.979	188.696	-99999	17.734	-0.701597	1	1	1	1	1	353.073	220.637	-29.6938	98.6127	724.351	764.285	226.19	291.785	358.643	98.6127	33.6357	-29.7083	764.285	744.839	724.344	5.68912	326	0	475.979	17.7451	0.0897076	728.112	17.7451	0.0897076	728.112	
13867	23411	266.109	673488	265.896	88.3639	86.958	-0.818274	1	1	1	1	1	149.128	234.524	134.052	-75.7587	-124.054	-255.525	149.076	195.71	234.524	134.188	26.8702	-75.7587	-123.974	-187.302	-255.525	5.91416	13	0	154.981	86.9968	-41.0966	-251.847	86.9968	-41.0966	-251.847	
13868	79637	59.5258	175.98	58.7095	-99999	-10.001	-0.87975	1	0	0	0	0	147.911	155.817	133.235	79.1446	157.525	177.617	147.922	150.018	156	133.235	106.024	78.3757	157.525	169.266	177.674	5.76363	10	0	82.1154	-16.1252	67.0167	-724.558	35.1048	-38.2393	-426.033	
13868	53583	323.017	1074.51	320.102	127.373	83.977	-0.802279	0	0	0	0	0	324.043	187.578	132.517	-107.024	300.115	460.78	324.627	250.718	187.22	133.737	15.6747	-108.078	299.453	380.015	461.631	5.48123	16	0	78.4103	52.8586	-12.7162	-548.541	-25.6614	-49.0595	41.3829	
13868	51130	239.389	509.106	238.739	32.8841	32.682	-0.97711	1	1	1	1	1	174.068	229.762	132.952	-97.5543	-875.545	-857.979	174.068	200.889	230.026	132.952	17.3432	-98.1363	-875.545	-860.822	-858	5.03277	8	0	72.1178	40.1906	-19.4922	-170.124	40.1906	-19.4922	-170.124	
13868	75608	231.33	556.412	230.615	28.734	28.716	-0.6988	1	1	1	1	1	256.515	122.406	132.8	-52.4093	-250.805	-256.03	256.515	180.413	122.087	132.8	46.3178	-53.0411	-250.805	-258.02	-255.986	5.65386	8	0	79.9842	28.7452	-11.5709	-252.746	28.7452	-11.5709	-252.746	
13868	55192	128.763	700.43	127.208	-99999	-7.789	-0.993848	0	0	0	0	0	148.206	152.834	133.687	8.20976	-672.245	-668.821	148.214	155.219	153.004	133.687	69.9202	7.01727	-672.245	-671.509	-667.977	36.744	6	0	502.253	0.236969	-90.2438	-823.371	53.887	15.1764	-664.683	
13868	56727	303.472	744.414	302.45	-99999	42.067	-0.995129	1	1	1	1	1	136.311	165.166	133.289	-166.1	-285.47	-258.435	136.256	153.001	165.256	133.426	-16.6237	-166.947	-285.482	-270.722	-258.493	24.5414	11	0	128.719	42.102	-20.9376	-269.774	42.102	-20.9376	-269.774	
13868	58327	293.441	682.949	292.988	43.8142	43.323	-0.945301	1	1	1	1	1	280.625	178.05	133.185	-139.417	-800.232	-792.005	280.741	233.031	178.05	133.535	-5.10913	-139.417	-800.222	-803.237	-792.005	4.69382	8	0	79.0077	43.3525	-15.2833	-766.165	43.3525	-15.2833	-766.165	
13868	63711	95.9406	241.83	95.6917	-99999	112.577	-0.825255	1	1	1	0	0	75.1291	131.985	133.541	60.3936	665.26	686.856	74.8697	101.25	131.856	133.744	94.7586	60.3936	665.211	674.317	686.856	4.67293	6	0	63.2139	112.611	32.4273	676.7	112.611	32.4273	676.7	
13868	55607	25.6291	770.073	25.2212	-99999	-32.76	-0.800037	1	1	1	1	1	86.9547	90.4992	133.588	113.085	-185.378	-199.311	86.9922	88.7498	90.602	133.588	123.03	113.037	-185.378	-192.399	-199.442	639.77	6	0	762.144	-32.7315	-9.11778	-283.979	-32.7315	-9.11778	-283.979	
13868	59307	210.385	1482.68	208.832	114.047	115.549	-0.664484	1	1	1	1	1	165.657	273.085	131.767	-27.25	789.638	863.531	165.342	214.773	273.569	132.184	50.9112	-27.9846	789.265	833.839	863.37	4.87947	6	0	75.0612	115.592	0.205368	787.411	115.592	0.205368	787.411	
13868	15863	430.203	1573.06	430.175	-99999	36.371	-0.272032	1	1	1	1	1	76.087	215.936	133.922	18.7401	-155.975	233.829	70.367	140.43	210.22	133.927	77.2973	18.7401	-155.991	39.174	233.829	4.46553	12	0	75.8736	36.3452	4.52993	241.605	36.3452	4.52993	241.605	
13868	60138	341.717	850.776	341.709	-325.826	-16.587	-0.845049	0	0	0	0	0	338.517	196.924	134.087	-148.856	749.015	872.919	338.517	277.971	196.924	134.087	-7.52728	-148.856	749.015	822.72	872.919	9.93376	9	0	71.4696	-19.21	8.80697	-700.805	17.05	-24.1731	185.298	
13868	64817	364.533	1309.57	364.092	98.0984	98.849	-0.815516	1	1	1	1	1	173.746	276.681	131.904	-169.163	-709.401	-883.998	173.648	221.771	276.681	132.239	-17.2283	-169.163	-709.185	-801.197	-883.998	4.91581	13	0	87.0365	98.8833	-23.6014	-761.489	98.8833	-23.6014	-761.489	
13868	61498	103.258	247.263	103.129	-99999	23.889	-0.791681	0	0	0	0	0	104.374	77.5201	134.181	48.7448	657	708.039	104.347	90.1249	77.4685	134.181	91.5804	48.6434	657	682.424	708.112	5.23594	16	0	49.7422	-999999	-999999	-999999	-999999	-999999	-999999	
13868	62381	87.8094	239.641	84.9772	-99999	81.253	-0.968317	1	1	1	0	0	297.565	282.525	133.217	49.9295	290.284	294.305	323.043	313.096	308.113	133.36	90.7318	47.253	290.285	293.162	294.256	6.39547	7	0	89.1173	87.1583	-40.0699	463.153	87.1583	-40.0699	463.153	
13868	64422	119.442	258.075	118.64	-99999	46.652	-0.953101	1	1	1	0	0	118.506	123.967	133.136	25.2827	439.337	485.011	118.389	123.812	123.914	133.517	76.7262	25.2827	439.231	456.457	485.011	11.5957	12	0	81.5694	46.6794	27.0754	466.461	46.6794	27.0754	466.461	
13868	61867	264.051	495.447	264.027	-99999	-14.592	-0.90603	1	1	1	1	1	151.459	153.699	131.675	-78.9141	357.01	515.185	151.475	150.581	153.716	131.675	25.995	-78.9141	357.01	435.709	515.185	4.47758	13	0	69.4956	-14.5542	-7.71671	451.689	-14.5542	-7.71671	451.689	
13868	64999	350.473	759.122	349.141	-14.1466	-14.305	-0.792552	1	1	1	1	1	315.583	97.5753	133.726	-136.842	853.258	840.41	315.817	200.737	97.1327	134.043	2.01732	-137.658	853.236	855.02	840.477	5.5028	7	0	70.4349	-14.285	-35.2593	801.179	-14.285	-35.2593	801.179	
13868	5703	228.101	481.001	224.104	-99999	-9.186	-0.655975	1	1	1	1	1	308.256	190.925	130.832	-14.8192	231.882	354.852	310.205	251.335	190.925	133.419	59.1552	-14.8192	229.626	293.071	354.852	5.44148	8	0	56.7964	-9.15111	-43.1043	378.69	-9.15111	-43.1043	378.69	
13868	9403	62.9372	6261.09	55.4216	-99999	36.739	-0.858445	1	1	1	1	0	345.291	347.633	131.027	98.7238	-880.719	-845.495	356.792	358.245	359.349	131.083	103.534	97.5445	-880.751	-865.755	-840.896	3533.66	6	0	6126.48	36.7629	-30.2097	-785.456	36.7629	-30.2097	-785.456	
13868	9674	205.437	451.46	204.766	-99999	-22.097	-0.748567	1	1	1	1	0	66.5307	159.241	-0.742828	-163.144	796.441	875.506	66.556	113.515	159.6	-0.742828	-78.577	-163.714	796.441	844.149	875.544	6.10512	7	0	68.6254	-22.0572	-31.3323	802.075	-22.0572	-31.3323	802.075	
13868	63341	300.335	656.541	299.707	-99999	-0.48	-0.695959	1	1	1	1	1	198.182	170.572	131.581	-66.4867	475.334	688.887	198.282	181.28	170.573	131.944	18.9712	-66.4867	474.967	572.289	688.887	4.1142	16	0	75.3942	-0.447291	-17.0237	603.166	-0.447291	-17.0237	603.166	
13868	62818	293.522	678.218	292.826	-99999	85.777	-0.922935	1	1	1	1	1	158.266	130.215	130.412	-142.332	-646.218	-546.037	158.241	143.399	130.11	130.992	-7.23871	-142.376	-646.456	-599.792	-546.022	5.82804	9	0	65.7823	85.8037	-24.9652	-585.997	85.8037	-24.9652	-585.997	
13868	67516	261.361	581.993	260.288	-99999	-47.022	-0.991555	1	1	1	1	1	314.537	263.23	131.355	-122.747	-717.774	-712.06	299.899	280.529	248.458	132.159	2.96702	-123	-717.821	-717.896	-712.061	4.95243	8	0	72.7883	-46.9898	-14.8662	-711.287	-46.9898	-14.8662	-711.287	
13868	65402	410.339	17274.9	409.425	47.1837	46.779	-0.740584	1	1	1	1	1	149.591	275.199	133.587	-168.53	272.929	27.264	149.51	212.941	275.358	133.842	-16.832	-168.989	273.142	149.22	26.9981	127.985	15	0	3267.69	46.8217	-51.2087	72.3048	46.8217	-51.2087	72.3048	
13868	65825	124.856	314.945	124.599	-99999	17.212	-0.928285	1	1	1	0	0	140.723	150.214	132.843	21.4734	209.485	262.982	140.673	149.124	150.194	133.077	75.6859	21.4734	209.396	232.376	262.982	6.0778	15	0	82.3177	17.2343	17.0416	238.932	17.2343	17.0416	238.932	
13868	68425	72.1075	210.446	71.6249	313.162	50.685	-0.846387	0	0	0	0	0	234.06	194.903	133.294	73.9982	115.855	119	234.299	214.236	194.903	133.706	103.849	73.9982	115.806	115.309	119	5.68721	14	0	84.6693	-999999	-999999	-999999	-999999	-999999	-999999	
13867	1281	68.2583	179.327	66.9032	-99999	-21.187	-0.984619	1	1	0	0	0	146.955	149.955	133.019	68.7932	-121.875	-109.574	146.964	149.575	150.073	133.215	100.093	68.3685	-121.913	-117.318	-109.813	5.60825	7	0	74.1597	-21.1531	28.3352	-115.617	-21.1531	28.3352	-115.617	
13868	63232	307.046	833.251	306.276	-99999	-16.408	-0.987787	1	1	1	1	1	187.112	167.657	132.358	-170.75	-680.178	-718.688	187.178	177.748	167.629	132.687	-19.1614	-171.163	-680.136	-700.171	-718.666	5.76551	7	0	81.9039	-16.3838	-32.7198	-691.768	-16.3838	-32.7198	-691.768	
13868	8428	533.026	1368.72	533.021	-99999	94.124	-0.387758	1	1	1	1	1	249.388	329.903	133.986	-84.4488	-663.017	-183.592	278.863	319.645	359.377	133.986	24.9135	-84.4488	-663.017	-423.347	-183.592	4.03181	8	0	66.5924	94.1606	-21.8082	-346.333	94.1606	-21.8082	-346.333	
13868	69385	30.3459	105.537	30.0968	-99999	28.137	-0.884405	0	0	0	0	0	275.7	286.311	134.029	107.298	-802.294	-810.444	284.511	290.052	295.25	134.029	120.278	107.12	-802.294	-805.459	-810.509	4.95215	18	0	81.3519	28.1584	57.9624	-789.916	28.1584	57.9624	-789.916	
13868	9504	91.7215	226.676	90.0619	-99999	87.362	-0.988912	1	1	1	1	0	228.953	240.989	130.777	43.9262	269.326	253.655	256.129	258.543	268.359	132.388	87.3584	43.9064	269.478	261.504	253.65	6.88763	7	0	67.4369	87.3919	20.3185	247.972	87.3919	20.3185	247.972	
13868	64650	51.7376	140.108	50.5406	87.2117	88.017	-0.788938	0	0	0	0	0	222.029	196.734	132.482	92.4719	64.2683	81.7813	222.394	208.845	196.483	133.052	112.675	92.1092	64.0249	72.3626	81.9529	4.47033	11	0	69.371	88.0661	29.1985	63.1357	88.0661	29.1985	63.1357	
13868	63195	189.112	604.007	189.11	-99999	-13.755	-0.749848	1	1	1	1	1	204.373	168.177	134.15	-17.8874	669.427	775.603	204.388	185.826	168.192	134.15	58.5983	-17.8874	669.427	723.103	775.603	5.31916	12	0	45.3838	-13.7418	-19.1349	487.468	-13.7418	-19.1349	487.468	
13868	60692	274.498	625.521	273.641	14.7355	13.961	-0.960003	1	1	1	1	1	152.214	241.01	132.44	-125.284	665.789	664.706	152.052	191.528	241.064	132.993	1.74774	-125.553	665.757	670.459	664.692	13.1443	7	0	100.006	13.9986	-12.0165	660.306	13.9986	-12.0165	660.306	
13868	63383	276.546	351.278	268.5	-99999	100.38	-0.900656	1	1	1	1	1	94.5894	83.9493	134.334	-63.6818	569.555	660.399	94.4746	85.7786	83.8327	134.334	9.06097	-63.8979	569.555	626.053	660.49	6.10342	12	0	58.9206	100.39	2.56258	627.281	100.39	2.56258	627.281	
13868	7714	210.101	489.811	208.562	-99999	13.755	-0.984314	1	1	1	1	1	230.61	230.414	132.479	-70.3681	266.926	301.719	234.921	230.6	234.986	132.656	30.6473	-71.3149	266.895	289.309	301.835	9.21088	6	0	82.9613	13.789	-16.3819	282.667	13.789	-16.3819	282.667	
13868	79215	279.769	853.759	279.58	-12.9656	-11.534	-0.943772	1	1	1	1	1	215.409	97.5489	133.542	-116.201	679.596	680.739	215.464	165.761	97.5489	133.715	3.8792	-116.201	679.615	664.244	680.739	4.15815	10	0	86.6422	-11.5115	-41.8645	652.103	-11.5115	-41.8645	652.103	
13868	64873	72.3755	165.758	72.3752	-99999	80.515	-0.662582	1	1	0	0	0	287.646	333.743	133.818	84.5172	-691.153	-717.179	312.859	336.115	358.956	133.818	109.097	84.5172	-691.153	-703.69	-717.179	4.31738	8	0	60.1693	80.5482	42.458	-723.716	80.5482	42.458	-723.716	
13868	62586	145.127	308.469	144.221	-99999	-28.613	-0.981219	1	1	1	1	1	189.872	192.704	133.026	-8.38524	-86.0451	-59.3601	189.937	190.608	192.707	133.395	62.5738	-8.89287	-86.1113	-70.8829	-59.2643	4.65774	10	0	67.5974	-33.013	1.33532	-90.0348	-19.253	58.4042	-40.1329	
13867	793	277.652	619.802	275.299	88.2212	88.6	-0.930916	1	1	1	1	1	206.143	245.263	131.441	-128.793	-574.469	-653.573	205.967	225.787	245.515	132.462	1.91899	-130.005	-574.109	-616.719	-653.728	9.96596	8	0	110.383	88.6364	-25.9657	-619.369	88.6364	-25.9657	-619.369	
13868	61637	185.761	894.491	185.472	212.056	106.879	-0.712925	0	0	0	0	0	180.892	279.398	133.476	7.53774	445.238	353.387	180.831	229.081	279.472	133.556	65.342	7.41939	445.286	405.111	353.283	4.94139	15	0	75.1964	-999999	-999999	-999999	-999999	-999999	-999999	
13867	4249	547.25	1129.03	546.135	22.8893	22.308	-0.536378	1	1	1	1	1	304.039	124.113	133.33	-89.0679	273.195	724.507	304.177	197.838	124.113	133.574	14.9072	-89.0679	272.843	493.741	724.507	18.7578	7	0	96.6632	22.3538	-23.691	553.196	-49.0162	-5.73993	486.132	
13868	65401	340.679	1708.29	337.495	50.1994	49.19	-0.860251	1	1	1	1	1	284.806	171.511	132.594	-135.581	-225.311	-58.0999	285.194	224.435	171.324	133.798	-5.53836	-137.206	-225.905	-149.316	-57.4069	6.53292	7	0	74.2261	49.2288	-11.6478	-139.846	49.2288	-11.6478	-139.846	
13868	67201	101.4	247.981	100.823	-99999	99.671	-0.905748	1	1	0	0	0	111.548	88.8233	134.323	40.1742	251.034	274.629	111.434	96.6396	88.6613	134.323	86.8396	39.6537	251.034	260.479	274.841	5.40585	10	0	62.6958	99.7005	34.6999	259.674	99.7005	34.6999	259.674	
13868	68443	330.572	1204.45	330.568	-99999	96.566	-0.487888	1	1	1	1	1	130.422	87.6688	133.026	-19.4604	436.208	726.086	130.312	109.766	87.5584	133.026	58.203	-19.4604	436.208	582.126	726.086	100.613	18	0	368.342	96.6153	-17.1184	709.551	96.6153	-17.1184	709.551	
13867	758	294.152	621.148	290.995	52.5052	52.605	-0.940873	1	1	1	1	1	281.956	203.323	132.729	-144.561	-300.454	-310.488	282.083	229.827	203.386	133.091	-4.29507	-147.319	-300.453	-300.433	-310.582	8.87303	8	0	81.9529	52.6268	-13.2506	-305.457	52.6268	-13.2506	-305.457	
13868	61904	374.954	893.383	374.428	-99999	0.268	-0.630268	1	1	1	1	1	357.747	107.188	129.628	-123.911	147.986	249.313	358.144	221.217	107.188	129.952	9.61844	-123.911	147.916	190.208	249.313	4.87223	11	0	73.1257	0.28285	-16.677	199.774	0.28285	-16.677	199.774	
13868	64324	263.108	607.409	262.795	255.25	-42.306	-0.861141	1	1	1	1	1	95.6228	224.943	133.813	-78.4289	-162.792	-226.903	95.4823	168.466	224.943	134.079	26.246	-78.4289	-162.744	-180.541	-226.903	4.05944	13	0	93.4843	-42.2659	-28.9534	719.571	-42.2659	-28.9534	719.571	
13868	65219	181.684	443.044	172.93	-99999	-5.148	-0.703883	1	1	1	1	1	64.3056	178.246	12.6237	-112.294	687.914	724.179	63.6231	123.565	183.341	13.3524	-52.2106	-117.849	687.672	706.638	725.865	6.511	8	0	90.0989	-5.11596	-23.2715	700.294	-5.11596	-23.2715	700.294	
13868	68319	249.204	570.4	248.702	-99999	80.146	-0.905393	1	1	1	1	1	197.206	86.1295	128.523	-89.2809	336.599	375.611	197.237	143.778	85.9057	128.8	18.3065	-89.4065	336.548	357.087	375.664	5.13493	9	0	74.7982	80.1851	-27.4431	360.919	80.1851	-27.4431	360.919	
13867	12769	172.01	401.739	170.402	99.3751	100.35	-0.791434	1	1	1	1	1	166.858	249.62	132.827	16.6855	868.208	777.132	166.543	203.021	249.869	133.681	71.3823	16.2572	868.788	822.692	776.969	7.14272	10	0	73.31	100.392	11.4117	771.217	100.392	11.4117	771.217	
13868	66091	58.825	1.49677e+06	54.1022	-99999	79.983	-0.859388	1	1	1	1	1	226.554	231.091	127.029	81.3507	218.235	245.486	251.6	253.99	256.846	127.029	101.987	77.9754	218.235	233.31	243.99	150567	10	0	1.49674e+06	80.0161	-29.4464	314.109	80.0161	-29.4464	314.109	
13868	68470	196.927	794.83	179.898	-99999	87.104	-0.958285	1	1	1	1	1	253.829	299.856	131.433	-40.5061	-187.731	-167.556	280.79	305.839	329.342	132.561	37.7908	-45.4412	-187.852	-178.587	-152.896	5.06417	6	0	365.666	87.1308	-50.1691	-172.144	87.1308	-50.1691	-172.144	
13868	69770	133.447	403.884	130.607	-99999	74.951	-0.74067	1	1	1	1	1	121.687	92.97	132.15	35.3393	-292.539	-209.736	122.361	107.69	92.8843	134.253	84.4509	35.3393	-294.288	-252.393	-209.736	4.11159	12	0	140.868	74.9811	-16.4397	-168.846	-11.5689	-22.209	-237.842	
13868	82184	384.993	634.294	384.765	-99999	9.866	-0.666857	0	0	0	0	0	63.2338	88.0459	134.411	-74.2866	-281.373	39.6703	63.2093	67.2093	88.033	134.503	27.5406	-74.3317	-281.469	-121.761	39.7389	5.20317	16	0	71.9241	73.9159	30.6183	-140.644	73.9159	30.6183	-140.644	
13868	7949	126.788	304.221	124.889	-99999	-1.58	-0.918407	1	1	1	0	0	122.342	86.9715	132.331	25.146	694.526	747.301	122.577	107.396	86.681	133.132	77.8022	24.2043	694.286	721.129	747.59	7.0081	11	0	80.0244	-1.55995	26.668	729.2	-1.55995	26.668	729.2	
13868	66514	236.338	508.279	234.757	45.0417	44.22	-0.869423	1	1	1	1	1	300.063	173.382	133.175	-62.4358	-82.6593	-77.4359	300.423	241.357	172.782	133.837	31.7899	-62.9858	-82.6448	-80.2467	-77.3709	4.45087	7	0	70.4918	44.2475	-3.71366	-73.0712	44.2475	-3.71366	-73.0712	
13868	80229	180.149	401.962	179.537	-38.1217	-35.641	-0.678577	1	1	1	1	1	240.324	99.9118	132.78	23.9833	-403.534	-422.3	240.606	172.143	99.7465	133.049	76.2153	23.8546	-403.466	-416.967	-422.286	4.91729	6	0	66.6493	-35.6193	20.5344	-416.59	-35.6193	20.5344	-416.59	
13868	80429	94.5918	239.373	92.0294	-99999	81.157	-0.981434	1	0	0	0	0	88.9059	79.3427	133.951	43.0615	756.391	765.681	88.813	83.596	78.9599	133.951	87.2416	40.5859	756.391	761.327	766.252	6.10028	12	0	80.1694	81.1804	55.1306	730.704	81.1804	55.1306	730.704	
13868	69882	89.9957	216.653	89.9324	-99999	81.785	-0.855506	1	1	1	1	1	119.325	97.6927	131.022	55.6425	158.232	202.24	119.244	108.528	97.5976	131.069	93.2384	55.6362	158.207	180.083	202.244	4.52703	14	0	45.6512	81.8129	-40.6149	253.55	81.8129	-40.6149	253.55	
13868	65842	175.797	408.446	174.794	63.1994	63.247	-0.768587	1	1	1	1	1	246.144	147.961	132.851	1.4257	653.325	709.187	246.144	193.562	147.519	132.851	67.3593	0.719651	653.325	678.56	709.736	5.77731	12	0	73.2642	63.2842	1.26771	685.756	63.2842	1.26771	685.756	
13868	65689	328.01	683.257	314.856	-99999	116.919	-0.879535	0	0	0	0	0	73.5449	204.847	131.366	-152.336	614.059	615.893	73.3745	150.749	206.925	131.436	-12.4884	-164.641	614.067	603.834	619.158	4.9933	7	0	75.5312	57.7327	-21.0447	-292.823	23.7027	-26.6266	775.148	
13868	65257	205.017	437.482	204.849	94.4539	94.404	-0.444167	1	1	1	1	1	149.998	309.612	133.681	41.4294	-103.253	-191.513	149.884	227.623	309.612	133.755	87.1506	41.4294	-103.161	-150.92	-191.513	5.52266	7	0	67.1092	94.449	25.7575	-173.244	94.449	25.7575	-173.244	
13868	65657	211.099	493.934	210.951	-99999	-17.263	-0.937292	1	1	1	1	1	209.693	162.558	127.294	-65.9129	-531.174	-465.136	209.735	193.302	162.578	127.429	28.9819	-65.9129	-531.219	-497.133	-465.136	4.35405	11	0	69.4493	-17.2293	-16.535	-486.163	-17.2293	-16.535	-486.163	
13868	68899	315.037	897.895	304.883	-99999	101.486	-0.997937	1	1	1	1	1	224.814	230.307	133.982	-169.61	730.212	705.659	256.586	257.948	261.624	134.168	-22.5862	-179.451	730.222	716.546	704.596	8.0782	12	0	142.675	101.511	-15.6771	701.839	101.511	-15.6771	701.839	
13868	6951	123.914	302.602	123.316	-99999	12.691	-0.906398	1	1	1	1	1	180.015	148.161	131.509	26.6282	-210.551	-155.904	180.128	164.496	148.147	132.046	76.9166	26.6282	-210.769	-187.388	-155.904	5.36411	14	0	73.0299	7.79364	20.5265	37.062	7.79364	20.5265	37.062	
13868	68190	248.309	557.266	245.672	-99999	-16.173	-0.916398	1	1	1	1	1	277.62	316.248	132.72	-95.2207	36.039	111.926	272.384	283.055	311.464	133.687	19.1362	-96.7537	35.6465	81.5411	111.952	4.32996	11	0	90.1292	-16.1546	-25.733	83.0903	-16.1546	-25.733	83.0903	
13868	66154	332.637	910.317	332.533	24.504	22.905	-0.759404	1	1	1	1	1	289.663	104.959	133.833	-116.966	-817.548	-703.301	289.663	193.553	104.915	133.833	12.0494	-117.048	-817.548	-757.922	-703.27	5.87829	12	0	72.5179	22.9377	-28.5669	-723.996	22.9377	-28.5669	-723.996	
13868	69064	183.766	430.793	183.763	-99999	-44.38	-0.734249	1	1	1	1	1	199.355	117.676	133.018	-11.4106	-524.846	-447.535	199.406	157.887	117.727	133.018	62.5099	-11.4106	-524.846	-483.156	-447.535	4.82239	15	0	72.2183	-44.3546	2.17318	-468.27	-44.3546	2.17318	-468.27	
13868	65046	154.188	347.122	153.14	-99999	-18.589	-0.938865	1	1	1	0	0	82.1041	87.8687	133.799	-9.31929	9.54726	62.8503	82.1213	81.4011	88.0253	134.128	61.8527	-9.94064	9.42154	36.1124	63.1165	4.13729	12	0	82.74	-18.5703	32.8459	44.2998	-18.5703	32.8459	44.2998	
13868	68278	228.352	704.928	228.204	-99999	-21.145	-0.822406	1	1	1	1	1	66.8926	144.7	17.4015	-170.33	-855.794	-752.127	66.8678	105.334	144.725	17.5216	-75.7697	-170.33	-855.861	-802.468	-752.127	9.8983	11	0	113.798	-21.125	-11.5803	-824.319	-21.125	-11.5803	-824.319	
13868	65708	237.679	528.414	235.335	-99999	89.101	-0.936345	1	1	1	0	0	290.252	244.379	132.07	-86.9783	755.528	826.276	318.506	294.542	272.24	134.006	24.0168	-87.2423	754.895	792.79	826.301	5.23388	7	0	85.9504	89.1276	1.86565	767.642	89.1276	1.86565	767.642	
13867	1187	110.781	993.001	110.684	69.1708	68.45	-0.63151	1	1	1	1	0	267.505	191.074	132.428	65.4794	-578.036	-536.833	267.505	226.463	191.035	132.428	100.17	65.4081	-578.036	-559.716	-536.792	5.18524	12	0	72.228	68.4679	25.3035	-557.258	68.4679	25.3035	-557.258	
13868	65198	165.233	368.442	164.903	-99999	28.947	-0.979978	1	1	1	0	0	109.377	97.8041	134.164	-28.5223	798.766	818.653	109.344	103.117	97.7704	134.164	52.7035	-28.8183	798.766	808.173	818.689	4.04227	9	0	68.5987	28.9709	12.5283	798.156	28.9709	12.5283	798.156	
13868	66379	320.772	899.223	320.738	-99999	-33.43	-0.815272	1	1	1	1	1	123.281	157.058	131.908	-145.043	-494.119	-344.572	123.32	141.057	157.097	131.908	-3.65007	-145.043	-494.119	-410.318	-344.572	4.04712	15	0	56.1004	-33.3952	-32.132	-385.652	-33.3952	-32.132	-385.652	
13868	65797	62.6686	152.238	60.8914	-99999	31.874	-0.718102	1	1	1	1	1	91.8117	78.2109	132.984	86.8438	832.339	869.663	92.2313	84.9855	78.1176	134.046	110.442	86.627	831.389	850.663	869.831	4.87013	14	0	60.0318	31.897	29.9268	837.074	31.897	29.9268	837.074	
13868	70026	48.9164	195.006	46.976	-99999	93.346	-0.958413	1	0	0	0	0	138.681	136.743	133.511	91.6214	731.939	745.75	138.574	137.149	136.453	133.511	111.165	91.3492	731.939	736.697	746.445	11.9233	15	0	118.582	93.3742	43.1598	745.115	93.3742	43.1598	745.115	
13868	65262	81.5061	313.336	81.3491	-99999	24.86	-0.477295	1	1	1	1	1	351.516	311.053	-67.8617	-107.824	66.2854	9.78427	359.301	339.457	318.838	-67.8617	-87.4481	-107.824	66.2854	38.38	9.78427	4.56037	14	0	71.4058	24.8659	-90.237	9.30165	24.8659	-90.237	9.30165	
13868	65462	148.084	368.533	147.845	-99999	26.366	-0.78411	1	1	1	1	1	112.353	199.254	127.928	12.8836	36.4937	65.0418	112.322	156.731	199.331	127.928	69.6013	12.6943	36.4937	46.8158	65.1354	4.84527	11	0	87.955	26.3984	16.4757	60.6946	26.3984	16.4757	60.6946	
13868	65139	590.977	1339.68	590.406	-476.138	-10.723	-0.484633	0	0	0	0	0	255.367	82.6834	133.022	-153.833	-111.318	-597.57	255.367	168.872	82.5359	133.022	-9.4301	-154.096	-111.318	-355.306	-598.049	4.00071	9	0	60.0233	-999999	-999999	-999999	-999999	-999999	-999999	
13868	69339	263.701	579.943	262.629	107.112	106.999	-0.982503	1	1	1	1	1	243.224	203.558	132.428	-118.446	814.619	754.669	243.281	229.497	203.558	133.474	4.78819	-118.446	814.787	790.023	754.669	8.27463	6	0	76.1348	107.021	-14.986	753.711	107.021	-14.986	753.711	
13868	21801	43.9293	147.69	43.1998	-99999	83.897	-0.716819	0	0	0	0	0	189.575	216.099	133.33	104.338	-34.9315	-52.6816	215.846	229.381	242.806	133.33	118.066	103.881	-34.9315	-43.0315	-53.0469	5.99126	10	0	96.8717	91.0889	-20.4881	160.503	68.5889	34.3352	-54.1479	
13868	65709	311.266	697.726	296.016	-99999	55.582	-0.984188	1	1	1	1	1	209.125	217.723	131.977	-156.639	532.781	469.93	226.477	230.232	238.547	132.949	-19.1582	-170.314	532.95	501.366	471.381	4.5902	6	0	43.0463	55.6044	-21.1862	494.491	55.6044	-21.1862	494.491	
13868	70009	128.797	299.301	127.449	-99999	-32.325	-0.738202	1	1	1	1	1	184.977	96.734	131.034	40.2766	561.85	574.208	185.281	141.692	96.1298	131.333	84.8068	39.5888	561.814	570.662	574.264	4.34517	7	0	70.0797	-32.2984	35.3555	577.769	-32.2984	35.3555	577.769	
13867	1126	82.7259	214.921	82.6376	-99999	8.07	-0.856173	1	1	1	0	0	356.644	325.745	86.109	15.3073	-683.217	-711.46	359.208	343.46	328.272	86.1829	50.1105	15.3073	-683.192	-695.755	-711.46	5.24087	14	0	75.6005	8.09003	25.817	-697.399	8.09003	25.817	-697.399	
13868	70452	147.792	345.981	143.504	57.7719	58.398	-0.953113	1	1	1	1	1	218.061	196.946	131.144	-9.64137	-372.915	-366.043	218.518	200.494	196.57	132.768	61.4693	-12.1924	-373.139	-367.422	-366.099	4.90424	9	0	82.4226	58.4298	2.44053	-366.736	58.4298	2.44053	-366.736	
13868	71250	220.484	1525.27	219.835	110.934	116.66	-0.730129	1	1	1	1	1	185.13	339.9	133.081	-14.335	-523.792	-574.933	184.859	261.761	340.032	133.403	58.7996	-14.4814	-523.675	-549.435	-574.987	21.6747	8	0	807.959	116.699	-18.3444	-571.1	116.699	-18.3444	-571.1	
13868	83488	422.13	896.056	421.872	-21.4406	-21.688	-0.590457	1	1	1	1	1	251.38	137.177	132.218	-110.882	-372.53	-692.144	251.402	195.507	137.13	132.269	4.2079	-110.914	-372.464	-530.474	-692.298	4.73574	10	0	64.9165	-20.2019	23.6485	575.252	69.9681	-17.122	-616.002	
13868	20660	262.53	644.351	260.053	-38.1404	-38.657	-0.98535	1	1	1	1	1	199.586	249.785	132.263	-117.637	286.509	262.541	199.534	225.412	249.512	132.717	4.28429	-119.268	286.564	284.03	261.428	6.79396	12	0	75.5758	-43.5436	-23.9568	-383.493	94.4964	-11.0554	292.473	
13868	81982	156.989	443.533	156.94	-99999	-33.657	-0.921839	1	1	1	1	1	329.15	333.927	129.319	-10.515	-366.934	-428.708	318.611	322.197	323.387	129.357	56.168	-10.515	-366.918	-394.952	-428.708	5.44937	18	0	137.227	-33.6241	5.14791	-404.534	-33.6241	5.14791	-404.534	
13868	80503	390.148	804.481	388.692	-99999	-41.842	-0.783047	1	1	1	1	1	202.229	148.9	133.276	-170.14	107.476	340.001	202.276	187.558	148.518	133.276	-28.7843	-171.096	107.476	214.786	341.004	5.42154	14	0	80.8603	-41.8142	-31.3834	229.884	-41.8142	-31.3834	229.884	
13868	80535	102.422	222.844	102.42	-99999	116.216	-0.947589	1	1	1	1	0	130.115	155.621	133.828	39.9818	302.784	334.146	129.982	143.251	155.488	133.828	86.3029	39.9818	302.784	316.298	334.146	4.93531	12	0	50.3559	116.245	9.2191	332.745	116.245	9.2191	332.745	
13867	14627	288.523	630.224	286.771	-35.3566	-35.496	-0.715596	1	1	1	1	1	153.556	306.166	133.206	-44.0609	-144.36	16.3782	152.822	224.797	306.166	134.46	35.1146	-44.0609	-145.329	-69.6057	16.3782	5.64226	7	0	72.989	-35.4592	-9.60083	-41.6061	-35.4592	-9.60083	-41.6061	
13868	81198	387.362	942.577	386.518	-622.268	27.739	-0.514056	1	1	1	1	1	141.766	226.28	133.958	-33.6318	-116.416	-452.591	141.742	190.255	226.559	134.021	47.8372	-33.9552	-116.317	-282.671	-453.131	5.59154	14	0	216.649	27.7635	-10.2974	805.157	27.7635	-10.2974	805.157	
13868	81362	91.6823	234.488	90.9456	-99999	23.574	-0.766942	1	1	1	1	1	61.7449	114.05	-62.5818	-132.392	-466.585	-441.501	61.6816	88.4113	114.333	-62.5337	-97.2712	-132.987	-466.603	-453.183	-441.497	4.12165	8	0	51.5225	23.5951	-83.3392	-436.659	23.5951	-83.3392	-436.659	
13868	82469	236.778	557.294	236.776	-99999	1.266	-0.611701	1	1	1	1	1	61.8485	123.913	127.508	-19.3543	-322.084	-148.605	61.847	95.7505	123.911	127.508	50.517	-19.3543	-322.084	-238.896	-148.605	4.52634	15	0	72.0286	1.30897	7.786	-204.73	1.30897	7.786	-204.73	
13868	83581	54.5838	243.177	53.6574	-99999	86.268	-0.883092	1	1	1	1	1	310.303	332.091	133.765	85.3059	-858.242	-850.826	337.235	348.516	359.407	133.922	109.388	84.6259	-858.267	-854.332	-850.768	6.64927	7	0	159.615	86.3062	-5.41079	-106.423	86.3062	-5.41079	-106.423	
13868	82075	109.661	308.384	108.645	69.1553	69.585	-0.91678	1	1	1	1	1	194.244	238.963	132.858	36.0321	552.696	532.974	194.051	215.286	239.138	133.362	83.6594	35.6075	552.809	543.889	532.946	5.74988	6	0	124.082	69.6025	1.94345	545.254	69.6025	1.94345	545.254	
13868	21102	210	1641.74	208.299	-99999	-0.219	-0.743367	1	1	1	1	1	257.439	345.135	129.341	-37.7081	361.427	442.929	256.736	297.693	345.158	130.361	49.3313	-38.0133	360.76	413.348	442.899	16.0217	7	0	112.276	-0.188597	-8.90451	418.913	-0.188597	-8.90451	418.913	
13868	82695	168.761	331.755	168.457	-99999	87.584	-0.476213	1	1	1	1	0	93.2901	75.5489	133.147	56.3444	-836.091	-689.627	93.1899	92.6126	75.3089	133.147	94.0571	56.201	-836.091	-761.601	-689.423	4.37098	13	0	72.0652	87.6027	40.0234	-732.955	87.6027	40.0234	-732.955	
13868	82699	327.957	712.752	325.06	-99999	7.36	-0.92119	1	1	1	1	1	228.636	290.775	133.893	-169.124	-719.182	-819.038	230.941	262.231	293.676	133.893	-18.9238	-171.808	-719.182	-769.707	-819.842	4.6551	11	0	52.5579	7.39639	-29.5733	-752.886	7.39639	-29.5733	-752.886	
13868	83509	420.925	912.042	419.282	47.437	47.753	-0.603959	1	1	1	1	1	203.318	331.087	132.684	-67.3646	-585.284	-243.138	203.184	257.234	331.307	133.128	19.1689	-67.5524	-585.851	-417.544	-242.28	4.47296	12	0	68.4268	47.7974	-25.4279	-362.116	47.7974	-25.4279	-362.116	
13868	28603	242.078	592.618	241.734	-99999	106.439	-0.932152	1	1	1	1	1	92.4924	183.262	132.89	-90.8339	668.632	671.664	92.2476	135.092	183.14	133.207	20.0393	-90.8339	668.638	667.383	671.664	5.60885	9	0	94.8304	106.458	-6.18378	665.069	106.458	-6.18378	665.069	
13868	84730	80.6927	211.671	80.4707	-99999	34.576	-0.950879	1	1	0	0	0	124.592	152.232	133.152	58.4767	250.155	260.341	124.524	136.891	152.234	133.27	95.3318	58.392	250.131	255.581	260.357	4.40089	12	0	70.4714	34.6084	31.8787	248.154	34.6084	31.8787	248.154	
13868	24747	361.787	736.755	361.176	-442.396	-13.145	-0.576629	0	0	0	0	0	342.911	115.5	125.293	-52.2306	-420.229	-632.92	342.928	218.706	115.277	125.309	35.5968	-52.5532	-420.216	-515.918	-633.343	4.9366	6	0	64.9103	43.5029	67.1838	575.493	43.5029	67.1838	575.493	
13868	84694	193.741	422.812	193.737	-99999	110.055	-0.968666	1	1	1	1	1	191.388	227.655	133.457	-53.9402	-344.345	-311.542	174.093	192.399	210.36	133.457	39.726	-53.9402	-344.345	-328.134	-311.542	4.03131	9	0	49.9559	110.092	-22.3607	-316.657	110.092	-22.3607	-316.657	
13868	80623	138.865	751.834	138.156	-99999	33.029	-0.72688	1	1	1	1	1	117.276	203.246	133.918	40.4147	270.406	324.496	116.852	159.627	203.208	134.435	87.2387	40.4147	270.116	297.711	324.496	5.82772	8	0	346.801	33.0668	-42.4809	402.995	33.0668	-42.4809	402.995	
13868	82345	102.136	274.666	101.681	-99999	-26.419	-0.692789	1	1	1	0	0	190.785	145.285	132.136	57.0118	62.446	112.588	191.045	167.352	145.315	132.444	96.1039	57.0118	62.2105	89.0372	112.588	6.46618	10	0	93.2895	-26.3831	21.9032	-30.471	-26.3831	21.9032	-30.471	
13868	83045	319.82	681.26	318.385	-23.3407	-22.58	-0.862296	1	1	1	1	1	139.93	302	133.18	-128.531	372.581	297.456	139.514	226.394	302.239	133.968	2.89198	-128.947	372.779	344.461	297.261	4.48424	12	0	74.0782	-22.5399	-32.4766	326.991	-22.5399	-32.4766	326.991	
13868	81908	381.384	852.253	380.366	-99999	76.327	-0.792988	1	1	1	1	1	109.416	193.372	133.471	-129.19	-822.684	-566.023	109.26	133.791	193.285	134.275	-6.74424	-129.19	-823.299	-697.448	-566.023	5.23854	13	0	71.4702	83.366	-19.9048	550.972	-3.694	32.6899	100.395	
13868	85519	334.17	915.536	333.416	-99999	-34.558	-0.689055	1	1	1	1	1	75.42	204.615	-121.006	104.717	-894.619	-686.474	204.846	140.531	75.3951	105.099	-7.97807	-121.117	-686.126	-790.967	-894.72	4.72245	258	0	915.536	-34.5218	-7.2147	-713.016	-34.5218	-7.2147	-713.016	
13868	88919	363.684	811.441	362.37	-99999	21.966	-0.731922	1	1	1	1	1	200.072	77.2431	133.426	-120.249	-728.085	-502.643	200.047	145.186	76.6875	133.426	-1.36591	-121.098	-728.085	-619.223	-501.795	5.5468	13	0	76.5703	22.0048	-35.7581	-580.314	22.0048	-35.7581	-580.314	
13868	83300	74.5652	186.271	71.8904	-99999	87.597	-0.846035	1	1	0	0	0	66.3959	104.057	134.417	76.601	-533.209	-514.455	66.1051	84.0944	105.294	134.793	104.091	74.822	-533.349	-522.311	-514.396	4.22903	7	0	61.1362	87.6173	39.1819	-520.622	87.6173	39.1819	-520.622	
13868	80258	52.2096	155.998	52.2087	-99999	39.925	-0.771117	1	1	1	1	1	234.238	203.835	133.218	94.4654	813.789	796.576	240.512	225.494	210.109	133.218	113.863	94.4654	813.789	804.802	796.576	4.47353	10	0	75.6264	39.9519	-36.9701	749.297	39.9519	-36.9701	749.297	
13867	18151	174.067	348.331	173.394	-99999	41.153	-0.487146	1	1	1	1	0	95.089	107.008	127.144	15.5417	-878.757	-748.04	95.0406	97.3949	106.924	127.176	74.8645	15.1745	-878.815	-809.798	-747.61	5.56775	15	0	71.0653	41.1721	34.5336	-775.303	41.1721	34.5336	-775.303	
13867	19951	271.22	845.593	269.807	31.3503	29.481	-0.899547	1	1	1	1	1	306.527	204.123	132.984	-97.9157	167.785	247.907	306.996	251.95	204.123	134.14	15.2755	-97.9157	167.501	202.562	247.907	9.52404	8	0	67.8439	29.5174	-29.7129	217.863	29.5174	-29.7129	217.863	
13868	82451	88.8148	266.605	88.7243	-99999	82.309	-0.727532	1	1	1	1	1	68.0639	113.989	-83.9646	-147.661	726.555	767.493	67.9231	91.515	113.895	-83.8994	-115.987	-147.661	726.516	746.158	767.493	6.47407	6	0	100.097	78.7243	-73.6251	401.525	78.7243	-73.6251	401.525	
13868	83851	24.6489	88.6351	23.5675	-99999	6.65	-0.99701	0	0	0	0	0	199.672	204.426	131.146	108.179	-349.695	-348.787	200.659	202.194	205.495	132.141	119.936	108.108	-349.718	-349.333	-348.777	4.64539	8	0	71.0764	6.68728	27.2882	-341.699	6.68728	27.2882	-341.699	
13868	83410	24.9238	69.2889	22.9855	-99999	-15.904	-0.782075	1	1	1	1	1	142.891	139.21	133.706	114.345	-255.953	-266.339	142.909	139.291	139.617	133.706	123.174	113.122	-255.953	-260.974	-267.632	11.2806	9	0	50.6581	-15.8772	-41.3891	-360.308	-15.8772	-41.3891	-360.308	
13868	10607	139.929	315.394	139.078	-99999	28.609	-0.843404	1	1	1	0	0	184.396	132.841	133.109	18.1867	-475.287	-416.915	184.372	159.578	132.498	133.128	74.1414	17.5685	-475.295	-447.012	-416.461	4.64408	16	0	73.1393	28.642	13.1585	-428.879	80.922	31.1668	-490.03	
13867	19955	311.541	703.49	311.16	-99999	86.877	-0.903737	1	1	1	1	1	129.054	156.606	116.437	-142.036	-889.03	-722.374	128.947	134.805	156.477	116.52	-11.0723	-142.266	-889.068	-800.792	-722.246	5.35834	11	0	79.0618	86.9008	-22.7746	-764.049	86.9008	-22.7746	-764.049	
13868	84548	268.417	604.262	268.372	-593.467	104.102	-0.733463	0	0	0	0	0	129.819	319.109	133.727	-52.0448	-807.358	-847.881	129.819	224.212	319.132	133.727	40.5366	-52.0694	-807.358	-827.313	-847.886	4.26141	10	0	48.3005	104.095	50.9838	-799.897	104.095	50.9838	-799.897	
13868	80971	274.208	544.08	272.24	-99999	27.476	-0.952841	1	1	1	1	1	288.257	267.383	133.227	-128.218	432.275	366.304	296.864	281.595	276.12	133.337	1.40357	-129.276	432.31	398.53	366.103	5.23989	11	0	82.5336	27.5127	-30.4772	392.971	27.5127	-30.4772	392.971	
13868	71937	272.01	603.021	271.643	116.048	115.58	-0.894008	1	1	1	1	1	267.746	123.804	132.949	-89.5206	-136.12	-86.2959	267.903	199.647	123.804	133.275	16.8117	-89.5206	-136.139	-120.254	-86.2959	7.72124	15	0	96.9323	115.605	-18.924	-111.037	115.605	-18.924	-111.037	
13868	88250	255.871	569.021	254.315	-99999	99.626	-0.962204	1	1	1	1	1	172.96	193.925	130.58	-119.796	460.16	497	188.482	198.259	209.521	131.495	6.01011	-120.382	459.911	481.819	497.02	4.51406	7	0	61.2732	99.6615	-15.4923	484.126	99.6615	-15.4923	484.126	
13867	19288	269.974	613.184	269.296	-99999	64.039	-0.79366	1	1	1	1	1	160.334	137.698	131.959	-83.4723	411.278	569.186	160.278	148.687	137.624	132.104	22.077	-83.8664	411.168	488.272	569.469	5.77742	13	0	34.8298	64.0717	-14.9258	508.95	64.0717	-14.9258	508.95	
13868	88773	531.974	1291.78	531.6	16.1242	16.446	-0.617265	1	1	1	1	1	328.403	140.634	133.831	-158.374	-441.484	-841.077	328.432	227.752	140.494	133.878	-22.3557	-158.448	-441.431	-631.47	-841.319	4.94635	8	0	72.2606	16.4824	-16.5729	-616.008	16.4824	-16.5729	-616.008	
13868	86642	289.573	627.994	284.041	141.881	84.118	-0.883898	0	0	0	0	0	337.588	188.932	131.078	-109.216	774.042	772.564	339.615	265.499	188.134	134.882	10.8542	-110.092	773.746	781.887	772.348	13.0073	7	0	74.2339	90.8026	-20.4533	-259.661	57.1326	-41.0213	658.375	
13868	86440	141.604	293.424	140.405	-99999	102.842	-0.628772	1	1	1	1	1	178.291	107.455	128.918	39.4809	598.898	680.725	178.796	142.957	107.337	129.669	84.534	39.4809	598.201	639.324	680.725	4.8561	11	0	41.4628	102.875	1.075	702.53	102.875	1.075	702.53	
13868	85151	338.32	7541.04	331.213	-99999	19.407	-0.925889	1	1	1	1	1	318.862	269.596	133.192	-168.616	-309.197	-430.703	325.119	299.403	275.135	134.515	-20.7408	-173.73	-308.691	-370.718	-428.534	4.00841	23	0	1598.37	19.4415	-54.1481	-406.201	19.4415	-54.1481	-406.201	
13868	72234	256.721	580.908	254.076	-99999	65.617	-0.82653	1	1	1	1	1	195.003	338.609	130.672	-70.4342	179.681	120.896	214.15	285.205	359.156	132.857	30.1658	-70.4342	180.185	150.555	120.896	5.30957	10	0	44.9609	65.6535	-50.8021	129.801	65.6535	-50.8021	129.801	
13868	89315	110.835	285.377	110.09	-99999	62.365	-0.919542	1	1	1	0	0	145.823	184.467	133.608	35.5419	441.7	472.45	145.585	164.077	184.464	134.145	84.952	35.3972	441.552	459.028	472.473	4.24152	10	0	81.9902	62.4023	21.4513	460.552	62.4023	21.4513	460.552	
13868	89515	178.629	404.314	177.059	-99999	-41.661	-0.988214	1	1	1	0	0	77.4867	111.392	133.14	-39.079	-777.653	-759.896	77.452	94.6645	111.445	134.637	47.2385	-39.1229	-777.864	-773.857	-759.89	5.03521	11	0	70.2618	-41.636	5.3255	-752.954	-41.636	5.3255	-752.954	
13868	85868	164.144	349.714	162.885	-99999	-43.062	-0.941746	1	1	1	1	1	178.397	155.501	131.725	-20.2819	-138.966	-87.7605	178.457	167.743	155.283	131.784	56.2492	-21.432	-138.984	-109.224	-87.6155	5.46156	10	0	74.0013	-43.0307	2.25754	-103.173	-43.0307	2.25754	-103.173	
13868	87596	374.146	1112.8	367.983	13.8953	14.37	-0.777927	1	1	1	1	1	129.067	265.083	129.307	-137.047	494.263	280.409	127.099	196.421	265.125	133.895	-3.47085	-137.144	497.55	391.197	280.313	11.7605	16	0	146.319	14.4126	-38.8053	332.823	14.4126	-38.8053	332.823	
13868	85912	336.86	1024.25	335.088	45.8873	44.835	-0.83398	1	1	1	1	1	140.972	344.688	133.508	-132.12	-58.7315	-46.193	140.454	242.649	344.997	134.319	0.62023	-132.847	-58.7584	-52.0765	-46.3217	32.7907	10	0	310.641	44.871	-78.8284	-39.2694	44.871	-78.8284	-39.2694	
13868	88112	266.668	930.504	266.038	-99999	-21.47	-0.7735	1	1	1	1	1	117.439	141.021	129.356	-59.5448	652.041	836.465	117.438	130.24	141.037	129.485	35.8677	-59.6015	651.944	745.928	836.499	10.8334	11	0	43.5907	-21.4361	1.55124	725.281	-21.4361	1.55124	725.281	
13868	89812	271.39	593.871	270.506	-466.911	14.926	-0.539264	0	0	0	0	0	152.267	339.163	133.321	-12.2715	715.382	584.897	151.724	245.08	339.163	133.799	60.9203	-12.2715	715.883	649.719	584.897	4.58417	12	0	46.2855	37.2954	61.8041	181.236	37.2954	61.8041	181.236	
13868	85097	34.8779	122.306	33.2146	-99999	-7.35	-0.884033	1	1	1	0	0	284.778	294.599	133.645	104.228	-840.772	-852.029	282.331	288.549	292.228	133.892	118.685	102.909	-840.663	-846.403	-852.079	6.61269	16	0	68.8454	2.18616	-36.3999	628.127	-42.2638	-90.7734	-343.077	
13867	8662	244.223	575.962	243.77	-99999	55.933	-0.857432	1	1	1	1	1	341.565	238.493	125.714	-91.2137	-364.604	-352.979	359.249	297.868	255.974	126.011	22.2896	-91.3082	-364.66	-345.82	-352.986	6.98479	7	0	79.0284	55.9562	5.97398	-358.468	55.9562	5.97398	-358.468	
13867	9162	58.7138	163.131	57.3152	-99999	88.706	-0.974625	0	0	0	0	0	195.748	201.924	132.505	78.2581	-357.03	-340.071	195.643	197.138	201.987	132.589	104.586	77.0267	-357.049	-348.509	-339.663	4.30133	16	0	73.8029	88.7503	27.2681	-350.575	88.7503	27.2681	-350.575	
13868	87430	270.012	622.241	261.493	-99999	20.275	-0.935706	1	1	1	1	1	124.239	190.495	132.705	-106.444	-581.666	-511.629	124.069	166.1	189.325	133.213	11.724	-111.007	-581.785	-540.98	-505.347	7.15309	8	0	142.394	20.3082	-9.23801	-539.197	20.3082	-9.23801	-539.197	
13868	88530	224.061	496.198	222.296	20.1755	20.962	-0.941667	1	1	1	1	1	252.392	197.221	131.224	-83.3735	670.964	680.498	252.559	220.476	197.007	131.711	24.5349	-84.5934	670.909	673.73	680.536	5.32094	10	0	75.3865	20.9941	-17.2608	667.187	20.9941	-17.2608	667.187	
13868	89077	340.385	860.833	339.843	109.936	110.37	-0.778541	1	1	1	1	1	158.45	220.881	133.662	-88.8051	200.973	448.531	158.4	190.107	220.881	134.081	17.0461	-88.8051	200.643	319.714	448.531	9.75077	8	0	134.252	110.415	-10.2638	335.19	110.415	-10.2638	335.19	
13868	88182	381.664	1001.26	307.883	-99999	21.613	-0.963618	1	1	1	1	1	110.797	117.321	126.364	-129.703	-212.751	-383.299	111.734	114.691	118.216	138.028	-22.0616	-180.993	-209.012	-311.475	-416.378	10.688	7	0	186.506	21.6346	-21.1791	-311.686	21.6346	-21.1791	-311.686	
13868	87292	490.625	1157.59	461.771	112.166	112.866	-0.549083	1	1	1	1	1	62.8029	342.473	116.028	-123.062	-144.262	-423.192	61.2257	209.627	358.338	117.513	-9.83843	-136.497	-142.647	-290.727	-438.975	10.8739	12	0	150.21	112.909	-31.8724	-91.2959	112.909	-31.8724	-91.2959	
13868	88392	25.286	57.8623	25.286	-99999	-7.527	-0.503365	1	1	1	1	1	63.2231	78.7562	69.3575	56.816	686.11	701.628	63.2317	70.9885	78.7648	69.3575	63.0483	56.816	686.11	693.848	701.628	8.27281	13	0	43.6192	-7.46986	0.545329	728.346	-7.46986	0.545329	728.346	
13868	85269	247.305	589.26	247.303	-99999	60.943	-0.771308	1	1	1	1	1	191.927	338.194	129.293	-67.686	718.747	688.637	211.011	284.929	357.278	129.293	31.7337	-67.686	718.747	701.531	688.637	11.5027	8	0	60.25	60.9684	31.0025	661.706	60.9684	31.0025	661.706	
13868	87499	137.685	334.454	133.369	75.8356	75.499	-0.884829	1	1	1	0	0	218.76	202.046	126.089	13.5272	-879.487	-810.091	219.22	211.698	202.016	129.735	70.9288	13.3902	-881.408	-846.483	-810.015	6.76766	12	0	70.7411	75.5317	9.34729	-782.526	75.5317	9.34729	-782.526	
13868	88699	190.877	550.963	176.581	-99999	1.26	-0.804695	1	1	1	1	1	83.2989	193.753	133.556	-4.12366	-176.847	-172.707	83.2975	142.809	202.599	133.556	59.0074	-15.3445	-176.847	-174.656	-172.55	25.1079	8	0	158.112	1.30202	-24.0892	-165.391	1.30202	-24.0892	-165.391	
13867	15350	372.089	817.028	372.022	-99999	50.062	-0.805972	1	1	1	1	1	139.145	91.0031	133.808	-140.437	90.4544	327.902	139.094	115.903	90.9458	133.829	-17.563	-140.437	90.439	195.227	327.902	8.69305	8	0	55.7581	50.084	-31.5737	215.468	50.084	-31.5737	215.468	
13868	26875	116.311	277.245	114.006	-99999	92.589	-0.87404	1	1	0	0	0	201.616	242.319	132.282	30.1985	790.94	816.738	230.227	248.807	271.798	133.307	81.4636	29.1946	790.492	808.917	816.642	6.40846	7	0	70.6624	92.6033	19.1823	781.581	92.6033	19.1823	781.581	
13868	88135	201.343	1327.28	200.463	89.7336	90.542	-0.837004	1	1	1	1	1	217.26	147.048	132.16	-15.522	671.555	560.392	217.408	178.136	147.031	132.528	52.8323	-15.7464	671.741	624.5	560.023	7.36757	7	0	105.981	90.5758	-2.4014	604.167	90.5758	-2.4014	604.167	
13868	88145	221.025	464.753	220.346	-99999	85.669	-0.977968	1	1	1	1	1	224.695	196.517	133.03	-61.5116	834.94	735.939	238.158	224.436	209.963	133.03	35.0959	-62.0942	834.94	786.137	735.616	5.01393	13	0	43.7086	85.6995	-19.3265	728.426	85.6995	-19.3265	728.426	
13868	86531	41.1628	133.04	40.5998	-99999	115.721	-0.535033	0	0	0	0	0	94.9179	99.1243	105.867	89.6423	-894.811	-859.802	94.7855	96.9333	99.1162	105.867	96.7412	89.4625	-894.811	-877.639	-859.362	4.29348	15	0	80.9448	114.729	-66.5362	-492.216	87.4793	27.2367	-690.444	
13868	86060	144.308	354.055	141.808	164.688	-39.475	-0.957967	1	1	1	1	1	214.911	200.836	130.965	-6.14621	758.443	788.894	215.065	211.107	200.534	132.468	63.0388	-6.98931	758.02	776.679	788.955	6.28671	8	0	74.2594	-44.4368	-17.5425	682.488	-44.4368	-17.5425	682.488	
13868	86614	198.792	383.298	198.754	-99999	-22.963	-0.738788	1	1	1	1	1	121.981	143.063	132.036	-14.2352	111.827	243.514	122.007	126.918	143.089	132.036	55.9778	-14.2352	111.827	175.28	243.514	5.34102	13	0	71.8435	-22.9324	11.4641	193.87	-22.9324	11.4641	193.87	
13867	1779	104.285	532.654	98.1209	-99999	93.107	-0.690088	1	1	1	1	1	250.771	185.479	133.185	64.0355	-693.083	-716.398	279.926	244.727	211.331	133.185	97.077	58.8417	-693.083	-706.333	-716.528	4.87836	8	0	348.798	93.1367	-25.1883	-730.031	93.1367	-25.1883	-730.031	
13868	72929	156.549	538.661	156.499	65.2815	66.138	-0.667861	1	1	1	1	1	238.106	125.552	133.149	43.9287	59.4438	118.92	238.128	187.021	125.552	133.18	84.412	43.9287	59.4203	92.52	118.92	6.74837	6	0	71.1585	66.169	21.9777	102.812	66.169	21.9777	102.812	
13868	73129	172.254	429.469	170.572	-99999	101.086	-0.966307	1	1	1	1	1	102.077	82.4983	133.039	-34.8762	-641.055	-620.547	102.09	91.1998	82.3076	133.917	49.396	-35.627	-641.278	-629.139	-620.477	4.26707	9	0	77.3379	101.109	-3.05374	-624.513	101.109	-3.05374	-624.513	
13868	89164	115.201	350.222	115.053	-99999	6.081	-0.875463	1	1	0	0	0	138.09	84.1721	133.459	31.9956	270.077	275.858	138.154	111.045	84.1651	133.588	82.8496	31.9956	270.071	272.962	275.858	23.5444	8	0	83.5032	6.1148	45.4057	-322.198	6.1148	45.4057	-322.198	
13868	88623	541.126	1263.85	540.512	43.4965	42.684	-0.577847	1	1	1	1	1	100.814	277.416	134.277	-152.858	100.645	521.163	100.713	180.215	277.471	134.566	-5.71907	-152.877	100.262	317.424	521.257	4.02361	11	0	75.1871	42.7195	-7.35896	318.219	42.7195	-7.35896	318.219	
13868	85541	255.042	584.435	253.724	-99999	78.986	-0.905308	1	1	1	1	1	158.51	115.735	133.899	-94.4263	-606.33	-508.924	158.42	134.943	115.607	133.899	19.5329	-95.6553	-606.33	-555.204	-508.74	72.7741	14	0	167.644	79.0075	-23.6906	-533.532	79.0075	-23.6906	-533.532	
13868	88528	106.038	264.836	104.932	-99999	66.646	-0.816383	1	1	1	0	0	69.8079	123.117	133.723	52.0433	-315.908	-280.815	69.1962	96.6427	123.041	134.626	91.5911	52.0433	-316.243	-302.065	-280.815	4.80547	15	0	73.8608	66.6731	30.7621	-288.849	66.6731	30.7621	-288.849	
13868	86703	212.667	503.484	211.124	-99999	36.492	-0.965678	1	1	1	1	1	151.634	119.491	134.042	-73.5323	220.666	231.871	151.593	134.244	119.54	134.042	29.3566	-75.0605	220.666	226.047	231.938	6.09845	10	0	92.8092	30.0718	-70.2368	298.192	30.0718	-70.2368	298.192	
13868	86148	251.396	556.518	250.953	-99999	27.324	-0.986866	1	1	1	1	1	261.165	228.835	132.219	-112.746	-144.109	-113.921	269.739	248.784	237.458	132.352	8.75179	-113.027	-144.098	-137.935	-113.903	4.37527	8	0	58.1037	27.3554	-12.9596	-139.989	27.3554	-12.9596	-139.989	
13868	87579	83.6651	239.563	76.5337	-99999	30.12	-0.902934	1	1	0	0	0	86.66	77.4341	133.592	63.8328	-319.065	-291.544	86.6256	79.0849	76.1664	133.592	94.9763	58.5933	-319.065	-305.587	-291.319	16.5792	20	0	104.845	30.1474	35.9454	-298.01	30.1474	35.9454	-298.01	
13868	92819	282.943	2856.19	273.522	-34.7507	-34.475	-0.916341	1	1	1	1	1	308.794	200.271	133.505	-111.963	-174.001	-226.517	308.869	252.811	198.067	133.731	6.84004	-120.468	-173.95	-201.644	-228.99	13.9854	8	0	1762.58	-34.4399	-33.6963	-225.851	-34.4399	-33.6963	-225.851	
13868	91296	144.393	421.697	144.009	-99999	92.705	-0.992106	1	1	1	1	0	321.28	329.991	133.707	-9.54937	-312.909	-303.567	350.288	354.92	359.023	133.894	62.1858	-9.71559	-312.925	-306.714	-303.571	11.6832	6	0	50.5233	91.6021	2.05193	-337.985	91.6021	2.05193	-337.985	
13868	70818	207.471	480.617	205.911	38.1904	39.993	-0.948259	1	1	1	1	1	255.764	201.546	132.388	-64.9003	-563.815	-561.556	255.929	224.609	201.426	132.887	34.1961	-65.9123	-563.788	-569.749	-561.457	5.6471	7	0	85.0313	40.0262	-8.54043	-567.818	40.0262	-8.54043	-567.818	
13868	73918	300.666	672.222	298.529	-41.1667	-41.973	-0.960396	1	1	1	1	1	275.246	174.517	133.023	-147.56	-63.9106	-62.756	275.246	228.862	173.522	133.023	-9.91667	-149.425	-63.9106	-65.534	-63.0351	6.55067	6	0	80.5669	-41.9353	-17.3202	-61.3111	-41.9353	-17.3202	-61.3111	
13868	92984	274.178	606.476	273.119	79.0634	77.44	-0.636019	1	1	1	1	1	323.749	199.155	133.254	-26.8403	-620.179	-439.382	324.136	258.337	199.104	133.87	53.4486	-26.8934	-620.814	-531.551	-439.358	4.04193	9	0	66.5673	77.4679	16.5993	-528.713	77.4679	16.5993	-528.713	
13868	90785	177.042	373.37	177.02	-99999	-14.485	-0.927471	1	1	1	0	0	185.727	161.617	134.098	-28.588	816.724	881.21	185.747	177.332	161.634	134.115	52.4559	-28.588	816.719	849.723	881.21	4.98015	11	0	59.7084	-14.4613	4.50286	802.26	-14.4613	4.50286	802.26	
13867	98	348.051	866.223	348.007	-99999	64.177	-0.823733	1	1	1	1	1	202.168	338.999	133.132	-162.583	601.947	479.854	222.265	290.564	359.11	133.132	-14.6074	-162.617	601.947	540.417	479.838	4.28421	15	0	59.2695	64.1961	-19.1899	526.812	64.1961	-19.1899	526.812	
13867	2298	274.261	745.231	273.741	-99999	48.902	-0.849672	1	1	1	1	1	61.941	187.437	134.721	-88.1093	-523.513	-430.621	61.6449	124.107	187.381	135.157	19.4034	-88.1093	-523.639	-485.124	-430.621	4.65705	11	0	208.446	49.9168	-4.08158	486.184	115.667	-33.91	-247.328	
13867	4598	96.4254	238.411	95.2417	-99999	61.755	-0.514443	1	0	0	0	0	135.043	76.0704	133.179	76.9516	-359.542	-310.654	135.781	105.682	75.9998	133.787	107.326	76.9516	-360.155	-333.417	-310.654	4.45691	12	0	77.1528	61.7862	40.6746	-332.483	61.7862	40.6746	-332.483	
13868	90588	325.582	768.68	324.975	-99999	80.997	-0.36783	1	1	1	1	1	186.904	333.766	130.469	13.6356	-55.8948	-321.167	212.235	285.106	359.366	130.498	71.9826	13.3869	-55.83	-189.115	-321.568	9.5078	16	0	59.2314	80.9844	20.4989	-270.878	80.9844	20.4989	-270.878	
13868	92079	437.488	920.448	437.245	-99999	-22.143	-0.711375	1	1	1	1	1	163.783	94.3366	133.395	-163.589	-460.197	-149.877	163.809	122.748	94.3479	133.395	-23.0738	-163.652	-460.197	-313.001	-149.668	5.61564	18	0	67.804	-22.1007	-29.7029	-301.945	-22.1007	-29.7029	-301.945	
13868	28480	145.54	308.507	145.536	-99999	1.971	-0.708113	1	1	1	1	1	350.392	264.098	45.9775	-55.2832	-781.102	-839.451	351.01	307.551	264.715	45.9775	-5.25082	-55.2832	-781.102	-809.036	-839.451	5.25707	11	0	67.7343	1.98319	13.5276	-784.342	1.98319	13.5276	-784.342	
13868	91750	187.231	451.069	187.069	-99999	111.32	-0.894245	1	1	1	1	1	161.454	132.979	133.823	-28.7293	-387.128	-300.757	161.327	147.708	132.81	133.823	49.2268	-28.8423	-387.128	-349.544	-300.655	5.05078	14	0	104.723	111.333	0.170048	-331.066	111.333	0.170048	-331.066	
13868	91477	452.119	923.863	451.624	-41.2888	-41.632	-0.828189	1	1	1	1	1	205.689	300.394	131.49	-140.701	95.5428	-241.842	205.698	224.447	300.394	131.89	-10.7014	-140.701	95.8056	-77.9479	-241.842	4.12517	13	0	77.3282	-41.5977	-25.0543	-51.4383	-41.5977	-25.0543	-51.4383	
13868	92568	371.127	808.733	369.867	47.3879	47.61	-0.439958	1	1	1	1	1	222.985	195.458	132.717	-36.5245	-170.441	155.507	222.99	212.65	195.144	132.911	48.7533	-36.8264	-170.828	-5.87101	156.14	5.53483	14	0	61.1625	47.657	-1.32338	24.4811	47.657	-1.32338	24.4811	
13868	94968	147.309	361.286	144.435	-34.0163	-32.917	-0.957157	1	1	1	1	1	246.615	204.786	130.877	1.82344	687.92	733.888	246.816	232.821	204.365	132.845	63.8933	1.23992	687.367	708.552	734.265	12.9394	12	0	97.3801	-32.8858	-0.217222	702.732	-32.8858	-0.217222	702.732	
13868	94186	183.491	460.116	183.284	-99999	32.739	-0.929044	1	1	1	1	1	144.231	109.689	131.94	-37.2808	612.264	667.975	144.212	134.225	109.651	132.129	46.7581	-37.2808	612.191	643.983	667.975	8.1602	6	0	123.608	32.7649	-5.65816	655.083	32.7649	-5.65816	655.083	
13868	93657	323.306	682.712	322.143	33.1706	32.61	-0.859475	1	1	1	1	1	121.093	237.437	133.407	-151.301	-515.646	-587.379	121.093	198.693	237.4	133.407	-2.89121	-151.587	-515.646	-554.47	-587.432	4.39386	9	0	36.8664	32.6457	-13.8182	-551.043	32.6457	-13.8182	-551.043	
13868	94457	261.992	695.952	257.58	-99999	37.134	-0.422055	1	1	1	1	1	215.204	346.171	132.188	27.3335	-234.169	-38.7274	226.214	292.652	359.523	132.694	79.2363	25.9733	-235.066	-135.631	-36.3886	8.75995	8	0	127.428	37.1207	22.3667	-98.0387	37.1207	22.3667	-98.0387	
13868	92349	54.9821	151.537	53.8308	-99999	64.026	-0.838735	0	0	0	0	0	164.881	172.266	132.222	88.6924	-833.349	-809.321	164.808	165.445	172.306	132.222	110.115	88.5364	-833.349	-822.254	-809.238	6.15348	14	0	75.2186	64.0615	29.9239	-779.761	64.0615	29.9239	-779.761	
13867	3945	283.926	660.849	282.588	-99999	0.678	-0.849683	1	1	1	1	1	214.603	144.252	131.334	-99.125	-765.034	-619.135	214.698	180.708	144.155	131.637	11.0415	-100.006	-765.198	-698.683	-618.727	4.97006	15	0	78.1439	0.705141	-28.4521	-660.813	0.705141	-28.4521	-660.813	
13867	9303	171.483	397.015	170.744	87.1639	87.985	-0.971047	1	1	1	1	1	230.158	180.276	132.132	-25.9289	50.3157	82.886	230.232	207.585	180.216	132.438	50.212	-26.2924	50.3006	58.4385	83.0807	4.99856	16	0	73.5817	88.015	2.22621	61.9032	88.015	2.22621	61.9032	
13868	70571	61.5189	168.514	60.9035	-99999	44.321	-0.891989	1	0	0	0	0	179.746	196.052	132.7	76.2222	492.054	506.943	186.66	193.222	203.164	132.7	104.053	75.6738	492.054	500.897	507.039	5.8772	10	0	72.6431	44.3528	21.0164	506.203	44.3528	21.0164	506.203	
13868	73171	73.7875	164.341	72.3885	-99999	63.197	-0.639274	1	1	1	0	0	211.383	200.522	132.389	91.7869	201.287	260.005	231.275	227.438	220.312	133.289	111.509	91.7869	200.223	229.722	260.005	4.01938	6	0	50.3035	63.2472	21.8454	250.939	63.2472	21.8454	250.939	
13868	93066	81.7972	195.162	80.0906	-99999	94.705	-0.95473	1	1	0	0	0	309.32	329.514	132.999	55.5097	397.075	398.329	338.693	349.095	359.384	133.88	94.3377	54.7603	397.037	397.759	398.322	9.63381	8	0	60.1007	94.7234	-8.09468	394.833	94.7234	-8.09468	394.833	
13868	90906	310.732	727.552	310.129	-99999	100.612	-0.981287	1	1	1	1	1	291.026	223.389	133.935	-167.827	-623.927	-633.946	322.559	287.255	254.852	134.393	-16.3597	-167.949	-623.857	-635.184	-633.952	4.70818	6	0	67.8	100.636	-9.22874	-628.352	100.636	-9.22874	-628.352	
13868	74721	58.0845	168.278	57.485	-99999	63.318	-0.811972	1	1	0	0	0	325.602	339.356	131.924	85.6198	-86.2735	-117.42	345.352	352.222	359.271	132.161	108.663	85.3891	-86.1196	-101.739	-117.6	4.37895	15	0	48.4945	63.3463	32.9588	-137.147	63.3463	32.9588	-137.147	
13868	90512	159.094	386.544	158.235	-99999	46.684	-0.992833	1	1	1	1	1	170.121	187.586	132.899	-22.4956	-385.036	-369.565	170.068	178.349	187.402	132.899	54.797	-23.302	-385.036	-372.764	-369.46	12.6025	9	0	89.4131	46.7172	3.91245	-369.682	46.7172	3.91245	-369.682	
13868	30635	156.221	362.612	153.101	96.6498	96.34	-0.945425	1	1	1	1	1	234.991	177.56	132.393	-8.44709	-556.167	-549.014	235.195	208.139	176.825	133.023	59.8287	-10.6988	-556.204	-556.672	-548.375	5.06032	14	0	76.2934	96.3755	3.11308	-553.729	96.3755	3.11308	-553.729	
13868	90573	66.8171	181.51	66.8168	-99999	50.86	-0.449223	1	1	1	1	1	221.165	194.52	132.647	105.09	419.296	364.595	237.091	223.615	210.446	132.647	118.263	105.09	419.296	392.324	364.595	7.93849	13	0	57.7294	50.9066	-23.7983	154.234	50.9066	-23.7983	154.234	
13868	90567	86.8926	253.337	83.3929	-99999	97.59	-0.712427	1	1	1	1	1	321.831	328.991	134.008	76.6623	-217.522	-159.732	352.355	356.122	359.531	134.152	102.441	74.6079	-217.653	-188.919	-160.006	25.3472	6	0	75.4571	97.6214	19.216	-118.436	97.6214	19.216	-118.436	
13868	91667	287.785	750.657	283.58	-18.8721	-16.764	-0.82914	1	1	1	1	1	303.221	145.61	130.773	-84.1584	-264.907	-171.275	305.09	230.167	145.513	134.068	22.7626	-84.3258	-266.193	-214.363	-171.229	5.02428	10	0	70.2292	-16.7272	-4.28391	-210.174	-16.7272	-4.28391	-210.174	
13868	71813	359.106	744.121	359.005	-99999	-29.721	-0.830537	1	1	1	1	1	201.335	155.416	133.265	-170.287	-86.2392	94.4728	201.369	188.686	155.45	133.265	-18.0737	-170.287	-86.2392	7.80286	94.4728	7.37563	8	0	73.4773	-29.6862	-26.5907	20.1373	-29.6862	-26.5907	20.1373	
13868	99059	141.642	592.088	141.214	-99999	-3.181	-0.845043	1	1	1	1	1	183.485	120.463	132.045	10.3739	-123.321	-89.4958	183.703	151.655	120.466	132.4	71.5232	10.3739	-123.405	-106.683	-89.4958	5.1621	7	0	119.481	-3.15116	-30.0743	-74.3454	-3.15116	-30.0743	-74.3454	
13867	3339	344.874	783.097	343.069	-39.4799	-40.453	-0.747513	1	1	1	1	1	291.885	84.5695	133.377	-132.628	-262.606	-292.301	291.993	174.223	84.3578	133.507	9.41789	-134.234	-262.578	-283.439	-292.397	17.7527	9	0	84.4293	-40.4305	-35.4368	-347.34	111.05	-29.8825	-304.145	
13868	99961	261.28	734.642	260.2	-900.671	13.883	-0.823416	1	1	1	0	0	230.952	169.891	132.692	-94.7289	488.835	382.322	230.952	201.71	169.5	132.692	20.214	-95.7202	488.835	429.394	382.199	5.39721	8	0	63.5683	13.9034	-19.3156	822.762	13.9034	-19.3156	822.762	
13868	31586	320.22	828.806	300.844	103.363	102.805	-0.962516	1	1	1	1	1	166.548	251.792	132.972	-155.24	-784.875	-795.916	166.279	211.844	258.016	133.943	-19.4086	-172.357	-784.815	-790.987	-793.898	11.414	8	0	197.959	102.816	-31.2554	-754.847	102.816	-31.2554	-754.847	
13868	94539	243.929	567.751	242.822	90.1079	89.927	-0.952304	1	1	1	1	1	201.165	280.757	133.075	-95.1162	-381.796	-393.476	201.165	243.035	281.104	133.075	19.0681	-96.1568	-381.796	-391.784	-393.594	4.33755	10	0	68.6878	89.9643	-24.0857	-394.226	89.9643	-24.0857	-394.226	
13868	32597	192.032	429.247	189.491	-99999	96.073	-0.802745	1	1	1	1	1	84.3408	133.49	133.285	-17.603	178.381	280.193	84.1723	105.696	133.379	133.762	59.3362	-19.2294	178.034	234.386	281.257	4.61466	6	0	55.0247	96.0882	28.1918	236.545	96.0882	28.1918	236.545	
13868	89960	261.632	625.413	260.536	-99999	90.295	-0.872141	1	1	1	1	1	161.924	74.0378	133.768	-104.356	219.989	276.366	161.864	115.291	73.4474	133.857	15.0096	-105.219	219.964	248.269	276.378	24.6051	6	0	89.6514	90.3264	-28.9596	258.602	90.3264	-28.9596	258.602	
13868	74328	225.307	496.659	223.766	-99999	76.239	-0.957524	1	1	1	1	1	182.131	167.644	131.833	-82.11	-593.434	-535.884	182.28	167.147	167.642	132.914	25.8939	-82.4798	-593.664	-563.037	-535.79	5.20885	9	0	73.084	76.2629	-13.4671	-553.317	76.2629	-13.4671	-553.317	
13868	94020	166.621	817.689	161.366	-99999	-2.743	-0.564773	1	1	1	1	1	157.721	128.432	130.389	50.4776	-357.245	-254.521	157.614	143.736	128.435	130.477	90.1926	50.4776	-357.427	-317.571	-254.521	4.17113	14	0	78.3807	-2.7014	-25.8214	-180.781	-2.7014	-25.8214	-180.781	
13868	91231	372.726	1030.76	371.729	-99999	7.673	-0.80537	1	1	1	1	1	264.407	124.095	133.427	-159.896	-100.491	76.7224	264.757	197.425	124.095	134.206	-10.408	-159.896	-100.944	-5.02425	76.7224	4.28701	11	0	71.1558	7.71234	-26.2552	6.557	7.71234	-26.2552	6.557	
13868	90740	177.339	289.284	176.016	-99999	30.898	-0.765584	0	0	0	0	0	100.51	107.082	132.895	16.6418	-682.697	-563.489	100.475	110.663	106.988	132.895	71.6305	16.181	-682.697	-621.591	-563.018	5.49758	8	0	53.7196	-11.9686	57.2417	218.136	86.7414	28.6421	-589.068	
13868	90941	193.996	404.074	192.86	50.8642	51.069	-0.997597	1	1	1	1	1	225.558	203.861	132.133	-55.1336	840.269	870.965	225.575	218.809	203.752	132.925	36.5	-55.4272	840.322	845.251	871.065	6.61035	10	0	70.8974	51.0978	-3.63945	791.921	51.0978	-3.63945	791.921	
13868	93754	322.582	769.53	303.624	-99999	40.983	-0.978324	1	1	1	1	1	256.325	276.913	132.929	-163.537	594.822	532.943	269.066	280.554	291.513	133.402	-24.0505	-181.829	594.886	562.027	532.081	4.29792	14	0	111.423	41.0044	-28.6282	558.614	41.0044	-28.6282	558.614	
13867	7293	98.9917	259.664	95.7456	-99999	97.117	-0.953841	1	1	1	0	0	204.496	179.89	133.648	41.5783	656.953	652.096	204.385	190.418	179.196	133.648	86.2092	38.5279	656.953	657.318	651.177	4.62527	7	0	86.3247	97.1444	12.3524	646.451	97.1444	12.3524	646.451	
13868	93072	201.716	418.56	182.981	-99999	77.609	-0.721265	1	1	1	1	1	62.4845	124.036	-10.7994	121.383	596.294	706.795	129.802	95.9918	61.883	133.85	60.9582	-11.8636	717.218	656.313	595.439	5.9513	111	0	418.56	77.6349	-14.8032	591.084	77.6349	-14.8032	591.084	
13867	13896	264.156	644.049	264.155	-99999	84.825	-0.600997	1	1	1	1	1	326.052	196.77	132.973	-46.2606	-101.218	-245.859	339.381	274.754	210.099	132.973	43.4977	-46.2606	-101.218	-173.703	-245.859	4.12953	11	0	62.23	84.8609	-27.5138	-248.329	43.3409	9.25474	-100.647	
13868	96131	22.7565	77.288	21.887	-99999	-38.327	-0.841196	0	0	0	0	0	301.944	291.147	133.77	116.235	38.9615	31.8808	290.159	284.889	278.944	134.212	125.098	115.945	39.0949	34.8205	31.8564	5.44272	10	0	70.6176	-38.2993	53.6689	28.1586	-38.2993	53.6689	28.1586	
13868	96831	217.384	772.153	216.253	62.7548	61.896	-0.573605	1	1	1	1	1	64.1758	231.089	2.50028	-120.606	112.071	61.293	63.2666	148.846	231.089	3.141	-61.8721	-120.606	112.204	96.8451	61.293	4.73801	11	0	69.3199	61.9272	-21.3656	103.537	61.9272	-21.3656	103.537	
13868	97942	171.861	434.257	171.322	-99999	28.744	-0.863062	1	1	1	0	0	143.687	143.104	127.528	-31.0183	761.198	822.654	143.681	143.814	143.137	127.776	47.8095	-31.2076	761.031	792.107	822.72	10.6036	8	0	89.1716	28.7699	8.2252	777.266	28.7699	8.2252	777.266	
13868	95391	235.838	535.904	234.505	-99999	61.332	-0.993717	1	1	1	1	1	71.9635	113.257	133.519	-92.8049	-135.85	-97.0186	71.7685	87.7567	113.201	134.648	18.9382	-92.9859	-135.79	-120.27	-96.9636	4.22428	16	0	76.623	61.3604	-14.4467	-82.8999	61.3604	-14.4467	-82.8999	
13868	96191	37.1197	80.406	35.2421	-99999	72.449	-0.444711	0	0	0	0	0	321.019	336.345	133.479	117.411	-451.095	-423.732	343.177	351.421	359.357	133.977	125.542	117.067	-451.955	-437.627	-423.148	4.54343	8	0	45.8304	72.4858	70.1044	-415.131	72.4858	70.1044	-415.131	
13868	90863	147.511	361.145	147.466	-99999	81.306	-0.662359	1	1	1	1	1	301.39	221.807	131.683	47.0481	2.13943	90.1839	326.871	286.42	247.267	131.711	83.6647	47.0481	2.11794	40.7463	90.1839	4.42838	7	0	70.0275	81.3297	36.1966	40.635	81.3297	36.1966	40.635	
13868	90963	241.2	523.949	240.923	70.4117	68.413	-0.881347	1	1	1	1	1	177.038	299.264	134.675	-58.5684	-123.43	-197.127	176.927	241.398	299.264	134.923	38.1067	-58.5684	-123.389	-154.66	-197.127	5.46549	12	0	70.1521	68.452	-12.5857	-176.376	68.452	-12.5857	-176.376	
13867	6021	338.743	990.489	336.295	80.0886	80.264	-0.873148	1	1	1	1	1	154.379	247.125	131.856	-152.879	376.881	226.436	153.856	196.674	247.205	133.861	-10.5774	-152.987	377.869	300.635	226.379	5.56629	11	0	71.5945	80.3034	-24.4333	294.997	80.3034	-24.4333	294.997	
13868	97175	530.72	1158.95	529.781	63.4926	63.927	-0.56736	1	1	1	1	1	329.111	170.644	134.175	-127.903	198.923	629.312	329.112	251.671	170.083	134.18	2.85181	-128.159	198.917	415.906	629.998	5.56954	11	0	73.3846	63.9702	-5.50409	401.999	63.9702	-5.50409	401.999	
13868	97174	352.232	545.353	349.064	86.4765	85.713	-0.927287	1	1	1	1	1	225.215	199.028	129.344	-165.568	389.827	570.176	225.388	212.62	199.028	132.197	-21.9857	-165.568	388.679	472.596	570.176	4.76981	13	0	73.2116	76.1754	-37.8716	-387.906	45.4154	4.39377	-382.073	
13867	8499	115.576	356.012	98.9183	-99999	-34.514	-0.688074	1	1	1	1	1	106.246	163.062	-37.1253	-105.768	-891.06	-848.146	96.4982	130.199	163.118	-25.6914	-65.5204	-105.792	-898.12	-873.276	-848.132	34.2112	11	0	164.691	-34.4816	-59.251	-784.168	-34.4816	-59.251	-784.168	
13868	97655	301.761	652.409	297.751	64.6919	66.275	-0.937834	1	1	1	1	1	167.073	237.493	130.997	-137.883	-541.907	-643.153	166.828	193.202	238.173	132.982	-7.34474	-139.253	-541.214	-589.788	-644.259	4.651	15	0	78.2284	66.3083	-24.7581	-590.14	66.3083	-24.7581	-590.14	
13868	71881	72.9222	215.956	68.9975	-99999	-46.709	-0.843401	1	1	1	1	1	203.611	189.29	57.9243	113.67	-894.759	-864.059	188.679	197.27	203.67	115.641	87.4119	57.8024	-862.993	-883.452	-894.709	4.8761	42	0	215.956	-46.6888	34.2836	-494.776	-46.6888	34.2836	-494.776	
13868	97726	506.825	1047.04	506.812	-806.231	75.763	-0.630795	0	0	0	0	0	183.063	273.809	133.373	-111.822	-378.45	48.6933	183.063	215.629	273.809	133.373	-11.5185	-111.822	-378.45	-173.513	48.6933	5.23833	9	0	71.5789	-25.2246	-19.1159	136.637	-25.2246	-19.1159	136.637	
13868	95688	203.023	434.411	202.925	-99999	26.704	-0.85917	1	1	1	1	1	120.536	91.1459	133.147	-36.5601	-467.419	-362.343	120.505	101.292	91.0911	133.147	45.5157	-36.6251	-467.419	-420.003	-362.282	4.52838	13	0	55.7105	26.7124	1.36544	-395.915	26.7124	1.36544	-395.915	
13868	97288	503.221	1104.22	502.914	26.4507	26.833	-0.625879	1	1	1	1	1	290.389	90.154	133.052	-157.25	-595.534	-238.493	290.51	179.162	90.154	133.243	-13.032	-157.25	-595.737	-424.054	-238.493	6.06819	15	0	74.7135	26.8686	-28.3551	-399.6	26.8686	-28.3551	-399.6	
13868	97724	105.804	285.568	104.059	107.395	107.557	-0.481438	1	1	1	1	1	196.727	273.225	9.39142	-38.4602	894.38	842.573	195.822	234.615	273.572	9.99544	-14.6729	-38.6961	894.987	868.817	842.304	15.4069	10	0	102.592	107.604	-45.3122	786.115	107.604	-45.3122	786.115	
13868	95822	79.4937	190.325	78.7113	-99999	46.599	-0.788912	1	1	0	0	0	287.73	334.026	134.009	70.3902	-829.423	-831.26	302.038	325.523	348.798	134.368	102.322	70.121	-829.41	-830.464	-831.254	6.06959	6	0	73.0372	46.624	52.9576	-823.683	46.624	52.9576	-823.683	
13868	96222	162.113	341.333	161.782	-99999	51.364	-0.986289	1	1	1	0	0	321.836	342.918	133.499	-26.567	-432.622	-427.282	337.869	348.424	359.003	133.823	53.6223	-26.567	-432.641	-427.602	-427.282	7.74241	14	0	57.0946	51.3758	-15.4085	-425.157	51.3758	-15.4085	-425.157	
13868	98823	128.68	4480.07	126.541	-99999	-8.34	-0.627648	1	1	1	1	1	64.8247	152.959	127.194	47.914	-346.813	-302.778	63.3573	108.275	152.969	128.537	88.5732	47.914	-347.579	-324.68	-302.778	734.236	9	0	4174.64	-8.30927	-21.8417	-269.92	-8.30927	-21.8417	-269.92	
13868	95103	296.775	1065.87	278.757	88.2568	90.277	-0.707328	1	1	1	1	1	184.578	347.464	132.404	-66.3655	-770.588	-878.393	184.326	270.522	357.834	132.729	27.0858	-78.6835	-770.382	-828.771	-885.382	4.25323	10	0	45.448	90.3137	-32.5968	-825.391	90.3137	-32.5968	-825.391	
13868	96984	197.408	437.42	197.171	-99999	114.059	-0.982343	1	1	0	0	0	295.99	323.368	133.976	-60.51	-864.971	-850.238	331.666	345.442	359.085	134.173	36.7809	-60.51	-864.984	-857.387	-850.238	7.88774	13	0	55.8729	114.087	-33.1014	-837.517	114.087	-33.1014	-837.517	
13867	7988	307.862	663.265	306.827	98.9437	98.61	-0.978497	1	1	1	1	1	233.69	200.621	132.616	-166.438	-423.726	-480.461	233.732	217.686	200.498	132.997	-17.4761	-167.052	-423.658	-451.512	-480.428	4.90261	8	0	74.971	98.6368	-25.3656	-454.647	98.6368	-25.3656	-454.647	
13868	96240	400.45	838.78	318.137	-99999	1.656	-0.770188	1	1	1	1	1	132.955	95.6436	133.62	-114.347	518.924	714.632	132.953	109.774	86.0901	133.62	-22.3573	-178.488	518.924	642.274	765.295	8.14223	14	0	97.6761	1.69262	-28.6619	650.601	1.69262	-28.6619	650.601	
13868	96908	173.579	379.716	169.526	-99999	52.136	-0.864236	1	1	1	1	0	254.168	342.355	133.302	-11.3794	-451.326	-451.418	270.223	315.241	359.355	133.773	59.5828	-14.5041	-451.349	-450.504	-452.754	4.36379	7	0	41.2322	57.392	-12.4513	-380.149	57.392	-12.4513	-380.149	
13868	100008	94.7089	314.507	93.2019	-99999	102.048	-0.911085	1	1	1	1	1	295.421	327.424	132.423	45.9638	602.227	615.775	326.871	343.366	359.441	133.58	89.777	45.7434	602.04	609.203	615.79	24.4317	7	0	134.212	102.059	-37.0783	626.004	102.059	-37.0783	626.004	
13868	99648	215.434	492.648	215.131	82.87	81.445	-0.675414	1	1	1	1	1	112.454	265.454	133.873	-14.9178	519.666	533.389	112.454	191.019	265.652	133.873	60.451	-15.1324	519.666	517.93	533.394	4.02123	6	0	77.0718	81.4819	4.63704	526.911	81.4819	4.63704	526.911	
13868	31749	284.168	4135.79	281.545	59.5233	60.071	-0.900016	1	1	1	1	1	169.286	298.193	133.92	-106.933	696.786	641.282	169.022	235.554	299.258	134.559	10.1569	-108.379	696.92	681.755	640.619	4.64909	9	0	3554.31	60.1139	-13.4047	658.017	60.1139	-13.4047	658.017	
13868	73605	284.662	641.211	284.655	-99999	107.22	-0.82947	1	1	1	1	1	79.0909	113.747	133.677	-76.6201	467.791	651.13	78.9682	94.2939	113.624	133.677	20.6666	-76.6201	467.791	552.537	651.13	5.24192	15	0	77.0788	107.246	-13.4918	582.845	107.246	-13.4918	582.845	
13868	100547	41.4659	192.119	40.4796	8.30243	8.397	-0.898496	1	1	1	1	1	289.502	277.181	133.866	98.5568	13.4082	26.1812	290.812	284.533	278.245	133.866	115.73	97.7612	13.4082	21.2035	25.7821	5.76626	12	0	144.182	8.42634	-11.2212	72.598	113.376	23.5279	35.0304	
13868	32768	41.1862	173.09	39.7651	-99999	88.354	-0.98272	0	0	0	0	0	309.879	316.152	133.717	95.3913	-377.468	-380.684	337.49	339.574	344.558	134.077	113.675	94.7415	-377.527	-376.244	-380.841	4.59201	18	0	124.271	88.3741	71.7832	-382.322	88.3741	71.7832	-382.322	
13868	98146	395.622	740.023	395.497	-99999	-36.802	-0.59363	1	1	1	0	0	138.087	86.1886	133.601	-96.9306	-231.438	82.5308	138.15	124.657	86.2307	133.666	13.2783	-96.9306	-231.522	-75.4308	82.5308	7.39694	12	0	90.6997	-36.7814	32.1722	-764.374	-36.7814	32.1722	-764.374	
13868	99946	317.673	729.31	316.696	-44.8071	-42.672	-0.509737	1	1	1	1	1	358.663	119.801	93.6778	-42.2214	-856.367	-708.901	359.369	238.425	119.801	94.1725	17.0912	-42.2214	-856.821	-789.482	-708.901	4.34039	18	0	85.2145	-42.6485	10.1132	-763.148	-42.6485	10.1132	-763.148	
13868	100897	22.635	74.1495	21.2924	-99999	39.48	-0.973422	0	0	0	0	0	97.056	102.845	133.594	113.783	777.91	782.893	96.8272	99.5964	102.915	134.483	123.707	113.381	777.852	779.777	782.951	4.37129	9	0	67.9239	39.4921	66.599	771.394	39.4921	66.599	771.394	
13867	12834	228.941	570.116	228.606	-99999	94.745	-0.941975	1	1	1	1	1	173.958	134.84	133.551	-84.564	-216.912	-165.911	173.882	146.082	134.737	133.675	25.0955	-84.7612	-216.937	-193.958	-165.876	5.66555	9	0	76.4356	94.7718	-0.828706	-201.531	94.7718	-0.828706	-201.531	
13868	95098	128.411	270.914	128.203	-99999	47.41	-0.993937	1	0	0	0	0	244.605	258.668	129.493	2.58804	-881.126	-877.443	259.439	264.023	273.514	129.667	65.7138	2.58804	-881.144	-879.099	-877.443	6.48381	7	0	76.6906	47.4396	13.3274	-818.771	47.4396	13.3274	-818.771	
13868	97451	238.607	567.36	238.603	-99999	58.53	-0.596453	1	1	1	1	1	193.222	306.455	129.756	-32.2476	878.352	746.293	211.55	271.8	324.783	129.756	53.0458	-32.2476	878.352	809.906	746.293	10.4386	12	0	78.421	58.5712	-1.35115	760.658	80.4312	22.4909	790.294	
13867	11425	206.439	624.144	205.485	38.0878	36.973	-0.905467	1	1	1	1	1	147.433	243.474	133.718	-29.0482	824.753	748.411	147.433	189.098	244.051	133.718	46.2238	-29.6877	824.753	790.039	748.013	4.14937	10	0	69.3395	35.5182	-1.51201	-494.916	96.5582	-23.1569	-441.132	
13867	13225	184.858	474.361	184.551	-99999	-11.61	-0.653777	1	1	1	1	1	274.97	155.215	133.568	19.8995	-86.5684	-5.2294	275.036	215.679	155.149	133.641	75.9915	19.8273	-86.6206	-45.4706	-5.18801	7.32703	10	0	53.6325	-11.583	-35.0164	33.225	-11.583	-35.0164	33.225	
13868	99352	289.91	667.761	289.135	-99999	-3.228	-0.974502	1	1	1	1	1	223.232	224.336	132.74	-147.901	716.795	664.425	222.179	230.385	223.343	133.063	-7.82178	-148.112	716.862	687.908	664.403	7.32634	8	0	152.813	-3.19835	-20.1319	668.817	-3.19835	-20.1319	668.817	
13868	99056	174.009	392.533	173.445	-17.8009	22.766	-0.912825	0	0	0	0	0	204.602	286.865	133.575	-17.5201	499.072	480.317	204.382	243.24	286.865	134.081	56.6784	-17.5201	499.108	492.099	480.317	4.31989	11	0	66.5641	58.0368	-18.1752	170.287	-17.3332	-4.78461	486.523	
13868	100063	299.473	599.204	298.306	-99999	18.751	-0.9815	1	1	1	0	0	269.819	322.906	132.612	-159.202	-871.87	-860.549	275.6	296.601	328.894	133.11	-14.4774	-159.611	-871.904	-860.884	-860.682	6.28986	7	0	70.7802	18.7691	-35.3855	-817.027	18.7691	-35.3855	-817.027	
13868	100556	144.592	351.544	143.369	-99999	52.439	-0.905687	1	1	1	0	0	130.106	81.1058	134.201	4.52789	348.669	382.766	130.046	107.833	80.6822	134.201	68.9709	3.38332	348.669	370.414	382.983	4.74962	12	0	78.9942	52.4706	22.0758	378.367	52.4706	22.0758	378.367	
13868	100622	179.532	419.131	177.441	-99999	-3.725	-0.94226	1	1	1	0	0	62.9939	74.7751	134.006	-25.9732	-385.564	-312.346	62.867	73.2677	74.8617	134.894	51.8545	-26.8691	-385.85	-353.499	-311.644	5.7597	10	0	79.1085	-3.70142	34.7251	-349.528	-3.70142	34.7251	-349.528	
13868	37437	187.791	420.195	186.033	-99999	69.073	-0.935657	1	1	1	0	0	288.001	337.167	132.757	-43.5142	-377.966	-344.672	309.147	333.86	358.837	134.152	45.0943	-43.7632	-378.225	-361.708	-344.633	4.08279	8	0	52.6683	69.0997	-45.502	-367.166	69.0997	-45.502	-367.166	
13867	12329	66.7785	125.439	65.7884	-99999	113.301	-0.183302	0	0	0	0	0	276.959	323.58	92.1796	104.369	-894.601	-849.819	359.434	335.737	312.119	104.467	98.0839	92.0936	-849.454	-872.092	-894.916	4.79334	120	0	125.439	113.291	62.0158	-822.211	113.291	62.0158	-822.211	
13868	100098	61.4537	533.256	61.3318	-99999	7.004	-0.425161	1	1	1	1	1	355.789	319.044	5.91861	-19.5397	-808.971	-850.921	357.982	339.554	321.16	5.91861	-6.75715	-19.5792	-808.971	-830.038	-851.004	133.678	12	0	467.678	6.97371	-20.4043	-815.103	6.97371	-20.4043	-815.103	
13868	14922	324.464	720.815	304.077	-99999	65.108	-0.961349	1	1	1	1	1	262.47	326.808	133.841	-161.565	-691.352	-723.722	282.858	317.14	350.839	133.841	-23.724	-180.95	-691.352	-709.065	-726.51	6.82353	8	0	47.9487	65.1326	-40.1203	-714.786	65.1326	-40.1203	-714.786	
13868	98668	178.485	513.86	177.423	35.6149	35.289	-0.978091	1	1	1	1	1	158.874	216.129	132.419	-28.5098	58.1424	22.435	158.699	177.283	216.129	133.451	47.2165	-28.5098	58.2675	45.3053	22.435	7.14796	12	0	160.006	35.314	1.96774	41.9507	35.314	1.96774	41.9507	
13868	99768	285.329	626.668	285.159	-99999	2.026	-0.860788	1	1	1	1	1	160.714	285.451	128.853	-124.852	289.315	308.889	160.63	229.157	285.451	128.994	4.68469	-124.852	289.304	302.458	308.889	5.15896	9	0	71.0334	2.05506	-30.5098	299.843	2.05506	-30.5098	299.843	
13868	100444	340.884	747.415	336.173	114.466	113.512	-0.932511	1	1	1	1	1	276.117	195.301	132.223	-166.397	32.0374	160.151	276.361	241.265	194.208	133.559	-22.5887	-168.678	31.5829	89.7752	162.216	7.16278	16	0	76.5993	113.543	-19.3861	85.5032	113.543	-19.3861	85.5032	
13868	70548	157.014	423.242	156	-99999	-34.244	-0.547222	1	1	1	1	1	358.722	238.932	-150.98	-57.0761	-829.503	-795.535	228.209	288.942	348.76	-57.0761	-103.638	-151.61	-795.535	-812.906	-829.717	8.54296	274	0	423.242	-34.2089	-27.1897	-763.967	-34.2089	-27.1897	-763.967	
13867	17778	328.351	773.318	314.457	-99999	69.835	-0.97333	1	1	1	1	1	305.028	238.435	131.044	-170.072	-566.697	-627.438	327.584	295.912	257.003	134.232	-23.8841	-180.129	-566.414	-596.951	-628.122	4.42671	13	0	83.7318	67.6572	4.58499	-631.001	67.6572	4.58499	-631.001	
13867	17843	301.91	718.839	299.226	57.3521	58.21	-0.872043	1	1	1	1	1	143.014	295.934	133.174	-120.687	-507.554	-538.532	142.944	216.469	296.42	133.308	3.07384	-123.122	-507.526	-527.422	-538.932	11.7014	8	0	133.495	58.2291	-29.129	-531.893	58.2291	-29.129	-531.893	
13867	18443	231.092	584.07	230.984	-99999	68.208	-0.932984	1	1	1	1	1	276.508	189.247	133.477	-79.8734	-395.46	-381.017	297.904	253.927	210.606	133.576	26.976	-79.8734	-395.466	-388.211	-381.017	9.47959	9	0	67.0353	68.2483	-14.5665	-301.365	68.2483	-14.5665	-301.365	
13867	17701	158.624	379.636	156.701	-99999	99.003	-0.972666	1	1	1	1	1	207.303	168.552	133.045	-17.7323	631.046	646.561	207.271	187.013	168.087	133.43	57.1266	-19.2121	630.993	637.941	646.518	6.57455	9	0	81.0773	99.0395	-1.15841	642.378	99.0395	-1.15841	642.378	
13868	37342	312.801	844.431	310.438	-99999	57.093	-0.965065	1	1	1	1	1	337.81	282.678	134.204	-163.725	531.031	594.41	355.845	328.71	299.989	134.915	-15.1846	-165.23	530.915	565.425	594.313	4.88522	9	0	145.509	57.1206	-22.4135	572.156	57.1206	-22.4135	572.156	
13868	37642	137.602	343.215	136.863	-99999	75.1	-0.950091	1	1	1	1	1	226.391	186.731	133.035	4.94315	-121.884	-149.079	250.082	230.477	210.248	133.735	69.278	4.94315	-121.737	-135.651	-149.079	7.21132	8	0	65.9944	75.1295	-18.9471	-158.123	75.1295	-18.9471	-158.123	
13868	72082	180.597	421.642	179.891	-99999	44.283	-0.988384	1	1	1	1	1	228.088	197.143	132.419	-44.5824	-303.212	-306.285	242.036	226.316	211.01	133.114	44.2839	-44.5824	-303.164	-306.72	-306.285	5.24648	6	0	55.2902	44.312	-23.2665	-319.661	44.312	-23.2665	-319.661	
13867	20023	304.814	892.537	295.823	-39.6933	-32.516	-0.266635	1	1	1	1	1	63.2327	341.526	-95.4889	-159.275	-694.583	-617.426	63.2327	206.844	349.699	-95.4889	-128.1	-160.637	-694.583	-655.452	-613.972	17.9815	14	0	205.564	-32.5292	-87.7628	-633.296	-32.5292	-87.7628	-633.296	
13867	13428	82.6787	394.699	82.6702	-99999	110.91	-0.675535	1	1	0	0	0	199.462	154.85	133.314	82.8191	-497.256	-543.898	199.336	174.226	154.723	133.314	107.398	82.8191	-497.256	-517.278	-543.898	4.45943	6	0	68.3785	108.347	-21.285	378.43	108.347	-21.285	378.43	
13867	720	89.2425	269.367	89.2404	-99999	102.906	-0.917495	1	1	1	1	1	163.973	185.119	134.378	56.697	696.666	733.976	163.855	170.687	185.001	134.378	94.403	56.697	696.666	715.199	733.976	4.65442	13	0	89.3318	102.922	-40.1457	629.077	102.922	-40.1457	629.077	
13867	1120	307.327	1100.24	306.689	-99999	24.831	-0.980729	1	1	1	1	1	242.464	203.058	133.275	-164.955	488.134	428.841	250.251	229.506	210.832	133.528	-15.7119	-165.316	488.177	458.108	428.746	4.23447	14	0	95.0596	24.8586	-32.0045	447.311	24.8586	-32.0045	447.311	
13867	8828	192.093	389.142	191.038	-252.341	-33.734	-0.968069	0	0	0	0	0	213.506	186.05	132.776	-43.352	-258.431	-323.148	213.508	204.658	185.712	132.792	44.2239	-44.3131	-258.428	-294.107	-323.204	4.03762	8	0	68.5187	45.9045	-35.5577	655.473	75.2845	36.8318	-248.794	
13868	36641	189.427	457.997	182.55	96.6669	97.336	-0.733215	1	1	1	1	1	126.789	220.693	128.771	5.26081	-346.726	-441.244	123.856	172.675	220.693	133.729	71.2919	5.26081	-342.983	-394.664	-441.244	4.56695	11	0	75.0689	97.3835	13.4701	-407.198	97.3835	13.4701	-407.198	
13867	1429	344.817	971.077	343.754	13.1727	14.561	-0.872137	1	1	1	1	1	336.358	128.837	133.54	-95.163	142.729	262.327	336.81	249.166	128.837	134.467	-7.23409	-95.163	142.506	185.844	262.327	4.37581	11	0	51.2037	14.5892	-31.2243	458.347	-13.2808	-41.1967	157.023	
13867	6089	241.052	554.911	240.522	76.314	75.974	-0.91868	1	1	1	1	1	284.824	182.376	133.286	-79.4823	-76.5293	-39.8036	285	234.505	182.34	133.714	24.6614	-79.5185	-76.5545	-67.7188	-39.7862	6.1456	10	0	74.435	76.0098	-5.28804	-56.8689	76.0098	-5.28804	-56.8689	
13867	8826	201.065	578.732	200.914	26.4682	26.206	-0.605875	1	1	1	1	1	148.695	293.138	133.164	22.0327	581.352	497.643	148.604	219.886	293.138	133.254	75.8824	22.0327	581.423	540.037	497.643	5.43609	15	0	75.5864	26.2424	4.81714	521.47	26.2424	4.81714	521.47	
13867	8897	154.918	305.117	146.942	-99999	-24.806	-0.953367	1	1	1	0	0	95.4685	122.917	133.855	0.261359	-174.228	-133.779	95.4902	106.227	121.154	134.185	59.127	-6.40132	-174.342	-159.013	-130.554	4.77916	15	0	27.8904	-24.7997	26.8083	-154.265	-24.7997	26.8083	-154.265	
13867	9697	115.89	279.345	115.503	21.7591	109.972	-0.485083	0	0	0	0	0	135.43	222.099	133.444	80.0784	-710.474	-657.702	135.268	179.807	222.192	133.552	104.899	80.0192	-710.584	-687.237	-657.589	4.95411	9	0	73.1443	23.5444	26.8171	-666.289	23.5444	26.8171	-666.289	
13867	9797	89.3867	241.46	87.2653	-99999	61.87	-0.942077	1	1	1	1	0	162.663	132.595	131.904	52.6948	-719.021	-701.703	162.758	149.465	131.923	132.463	91.4882	51.3065	-719.14	-707.438	-701.86	8.1055	7	0	90.8933	61.8975	25.6937	-697.932	61.8975	25.6937	-697.932	
13867	9078	311.908	649.587	310.411	55.9074	56.393	-0.931107	1	1	1	1	1	160.113	269.579	131.91	-156.064	-698.397	-727.323	160.037	213.104	270.081	132.124	-12.2488	-157.221	-698.36	-723.889	-727.379	4.84432	6	0	44.9493	56.4215	-27.5204	-710.347	56.4215	-27.5204	-710.347	
13867	10958	53.6389	168.353	50.1213	-99999	100.857	-0.987861	1	0	0	0	0	295.92	291.759	133.855	84.2734	-272.171	-274.059	327.503	324.287	322.367	133.859	107.297	81.7189	-272.17	-273.089	-273.063	5.36883	10	0	96.017	100.874	42.0641	-266.502	100.874	42.0641	-266.502	
13867	11942	160.942	466.911	160.25	-99999	68.408	-0.535237	1	1	1	1	1	295.31	338.01	133.665	49.1305	533.842	663.056	316.696	337.839	359.621	133.723	90.9315	48.8327	533.757	598.528	663.516	5.79105	6	0	60.5934	68.3839	1.06425	650.51	68.3839	1.06425	650.51	
13867	13742	159.255	514.491	159.034	-99999	-12.644	-0.542414	1	1	1	1	1	67.0205	192.386	37.2189	-42.7052	-499.173	-444.648	65.048	128.048	190.413	37.2189	-3.13687	-42.7052	-499.173	-472.047	-444.648	15.4018	11	0	62.3613	-12.6111	-28.9323	-436.81	-12.6111	-28.9323	-436.81	
13868	38349	297.637	652.804	297.302	-18.4361	-18.714	-0.974253	1	1	1	1	1	216.173	135.083	133.354	-150.285	-807.769	-781.364	216.199	179.567	135.083	133.676	-8.8119	-150.285	-807.828	-786.137	-781.364	5.5159	7	0	68.8295	-18.6771	-33.5031	-761.157	-18.6771	-33.5031	-761.157	
13867	18863	242.378	556.254	242.375	-99999	115.024	-0.794668	1	1	1	1	1	174.884	323.042	127.874	-61.9673	-58.7888	-86.1546	210.903	284.624	359.061	127.874	32.734	-61.9673	-58.7888	-72.8905	-86.1546	4.86842	8	0	43.3734	114.998	-36.0922	-79.4323	114.998	-36.0922	-79.4323	
13867	17934	239.164	527.961	239.06	-99999	12.633	-0.937189	1	1	1	1	1	209.272	285.775	133.085	-85.2331	139.014	84.3949	213.195	248.259	289.731	133.179	21.2154	-85.2331	139.029	116.013	84.3949	6.27203	9	0	72.5138	12.6465	-24.1333	100.91	12.6465	-24.1333	100.91	
13868	41421	128.824	296.54	128.823	-99999	68.437	-0.559686	1	1	1	1	1	241.354	337.616	125.708	53.5188	-525.199	-571.155	262.785	310.786	359.047	125.708	89.4413	53.5188	-525.199	-548.201	-571.155	5.61405	10	0	50.8829	68.4854	46.3164	-562.052	68.4854	46.3164	-562.052	
13868	70978	99.8148	270.765	98.714	-99999	57.417	-0.905524	1	1	1	1	1	196.025	219.109	133.733	46.3633	-492.846	-453.167	187.002	198.689	210.284	133.733	89.4357	45.3862	-492.846	-473.078	-452.704	13.8475	12	0	53.2572	57.4595	-3.69694	-441.634	57.4595	-3.69694	-441.634	
13867	2395	187.877	9588.25	187.242	-99999	98.146	-0.620777	1	1	1	1	1	297.026	280.981	133.136	19.6366	256.195	404.075	327.759	319.469	311.627	133.136	76.1299	19.3114	256.195	330.364	404.605	304.785	14	0	9184.26	98.1773	-17.8274	444.871	116.787	-22.3755	289.755	
13867	209	332.334	806.147	331.44	-99999	63.937	-0.740572	1	1	1	1	1	327.26	200.181	133.946	-74.8755	467.138	243.47	337.514	273.234	210.165	134.416	29	-75.0445	467.483	356.384	243.264	4.49641	17	0	60.6329	63.9748	-30.499	307.783	63.9748	-30.499	307.783	
13867	3584	275.892	627.142	275.752	-99999	-36.19	-0.972655	1	1	1	1	1	295.488	326.459	133.294	-134.283	521.487	574.696	284.156	297.399	315.153	133.294	-1.79895	-134.371	521.487	545.307	574.69	8.39052	8	0	96.9802	-36.1642	-28.7497	50.621	-36.1642	-28.7497	50.621	
13867	7277	300.456	702.993	300.143	-99999	104.022	-0.945689	1	1	1	1	1	144.501	200.69	133.51	-146.356	405.869	490.81	144.359	167.495	200.571	133.802	-5.47941	-146.356	405.772	456.751	490.81	4.86002	8	0	72.6324	104.053	-9.72647	455.481	104.053	-9.72647	455.481	
13867	8777	123.344	287.846	122.478	-99999	78.689	-0.801377	1	1	1	1	0	196.825	120.748	132.616	41.9218	622.636	652.047	196.735	161.011	120.116	132.616	84.8841	41.2537	622.636	637.946	652.128	5.93853	6	0	76.8243	78.719	23.159	650.016	78.719	23.159	650.016	
13868	44904	359.855	849.492	310.088	-99999	-7.231	-0.849264	1	1	1	1	1	166.037	81.5073	127.328	-140.29	-17.1444	-148.736	168.463	119.557	69.7679	133.865	-21.1715	-180.322	-14.0984	-91.1517	-153.825	7.04482	10	0	125.475	-7.21583	-31.875	-103.792	-7.21583	-31.875	-103.792	
13867	9947	299.747	899.736	299.391	-382.923	-1.307	-0.799599	0	0	0	0	0	232.886	112.881	132.665	-78.2427	188.52	359.484	233.018	171.166	112.881	132.947	19.123	-78.2427	188.358	263.534	359.484	4.28029	11	0	66.462	36.5522	-17.6337	-761.49	36.5522	-17.6337	-761.49	
13867	10047	237.153	546.276	236.234	75.6039	76.07	-0.957722	1	1	1	1	1	252.783	164.725	132.216	-83.8909	-564.163	-534.161	253.005	216.52	164.725	133.092	21.7869	-83.8909	-564.294	-546.146	-534.161	6.38425	8	0	63.7715	76.0994	-14.9866	-540.442	76.0994	-14.9866	-540.442	
13867	14607	207.788	447.697	206.793	-99999	50.658	-0.563379	1	1	1	1	1	351.188	201.62	3.44711	-114.849	669.472	591.003	359.149	284.664	208.999	3.44711	-54.1279	-115.588	669.472	625.697	590.688	4.49841	10	0	70.5232	50.6694	-10.8298	633.507	50.6694	-10.8298	633.507	
13867	18262	167.787	505.916	167.771	-99999	71.953	-0.915002	1	1	1	1	0	140.688	90.3079	134.4	-23.7638	504.949	526.516	140.605	114.649	90.2256	134.4	55.1089	-23.7638	504.949	512.854	526.516	5.88172	9	0	205.829	71.9779	4.75837	527.813	71.9779	4.75837	527.813	
13867	17928	197.074	455.629	196.546	-99999	-0.079	-0.765114	1	1	1	1	1	175.854	120.916	133.739	-24.4347	-311.157	-209.105	175.854	146.468	120.747	133.739	53.5526	-24.8448	-311.157	-262.154	-208.833	9.19067	13	0	76.5409	-0.0496554	1.88762	-238.785	-0.0496554	1.88762	-238.785	
13867	19447	330.486	717.493	330.374	-99999	-5.076	-0.529764	1	1	1	1	1	108.828	156.265	133.682	-44.1186	414.689	687.169	108.829	127.597	156.27	133.74	48.3894	-44.1186	414.597	554.783	687.169	4.30956	15	0	74.4229	-5.03978	5.5198	574.196	-5.03978	5.5198	574.196	
13867	10274	224.044	961.688	224.024	-99999	37.466	-0.603214	1	1	1	1	1	279.539	198.917	132.419	-17.7905	692.029	548.704	291.271	250.386	210.649	132.419	58.1753	-17.7905	692.029	620.593	548.704	14.9853	21	0	187.767	37.5014	-27.7946	536.369	37.5014	-27.7946	536.369	
13867	15830	354.678	793.002	354.646	-99999	65.494	-0.495438	1	1	1	1	1	134.703	183.507	131.964	-44.5705	339.661	634.654	134.629	179.615	183.432	131.964	50.8908	-44.5705	339.661	490.718	634.654	5.5426	15	0	67.3829	65.5507	14.9541	351.85	65.5507	14.9541	351.85	
13867	22484	274.168	596.278	272.779	185.536	59.853	-0.864998	0	0	0	0	0	194.57	331.221	132.391	-88.5044	640.253	558.987	194.402	262.327	331.678	132.715	19.6525	-89.3321	640.331	603.447	558.621	4.39427	11	0	71.782	61.4614	-2.0519	837.393	61.4614	-2.0519	837.393	
13867	20214	469.639	1099.43	468.583	-99999	98.073	-0.512326	1	1	1	1	1	234.226	328.729	132.911	-96.5364	-842.386	-444.939	264.759	311.945	359.52	133.277	17.3745	-96.6827	-842.972	-644.296	-444.645	5.13558	8	0	50.9671	98.1001	-45.472	-549.467	98.1001	-45.472	-549.467	
13867	21114	206.82	494.651	198.959	-99999	33.814	-0.528098	1	1	1	0	0	216.531	343.504	132.708	30.9164	740.631	855.038	226.504	292.923	358.633	133.199	80.7875	26.9933	740.132	799.564	858.485	5.80573	6	0	82.6601	33.8522	28.2175	832.64	33.8522	28.2175	832.64	
13867	20687	94.1766	201.447	93.4884	-99999	46.697	-0.92576	1	1	1	0	0	320.534	343.593	133.785	45.683	591.191	612.234	335.115	347.017	358.365	133.896	89.5888	45.1465	591.167	601.723	612.332	4.08772	7	0	52.7494	46.7147	-23.5386	361.255	-4.55528	-50.6018	430.229	
13868	31018	38.017	120.719	36.3349	-99999	32.372	-0.967178	1	1	1	1	1	212.61	204.698	131.613	96.5907	805.117	810.668	217.985	213.885	209.785	133.239	114.934	96.5907	804.806	807.852	810.668	9.67258	6	0	76.9371	32.4021	-24.4558	779.93	32.4021	-24.4558	779.93	
13867	14153	159.225	359.869	157.585	56.6033	56.496	-0.986936	1	1	1	1	1	228.747	188.014	132.771	-16.7241	-67.1411	-52.1888	228.747	209.231	188.185	132.811	55.8322	-18.1463	-67.1441	-64.7382	-51.4918	4.51901	14	0	82.2723	56.5287	0.508556	-56.8426	56.5287	0.508556	-56.8426	
13867	15053	167.928	389.671	166.736	-99999	-40.358	-0.8227	1	1	1	1	1	192.164	165.308	130.942	1.12125	-79.2192	19.8439	192.301	180.787	165.354	131.904	61.3591	1.11424	-79.8932	-36.0588	19.8494	7.81387	15	0	78.6261	-40.3256	6.29904	-21.9314	-40.3256	6.29904	-21.9314	
13867	13512	407.024	905.309	401.865	-99999	-16.202	-0.697886	1	1	1	1	1	136.192	151.842	131.312	-163.284	-298.766	-30.7887	135.435	155.491	151.719	133.643	-11.9566	-164.413	-301.003	-160.425	-29.4232	5.1035	22	0	82.7489	-16.162	-15.3845	-153.76	-16.162	-15.3845	-153.76	
13905	457	244.119	562.503	243.89	-99999	33.442	-0.986656	1	1	1	1	1	129.124	167.053	133.64	-101.012	-138.851	-91.6411	129.086	141.159	166.993	133.64	13.499	-101.224	-138.851	-122.173	-91.5899	10.3072	14	0	111.678	33.4717	-11.1748	-112.767	33.4717	-11.1748	-112.767	
13905	23304	204.303	510.02	202.337	-99999	7.704	-0.946033	1	1	1	1	1	166.732	191.366	132.385	-57.5264	-92.8319	-28.8556	166.439	180.102	191.406	134.004	39.2564	-57.7695	-93.3065	-57.9659	-28.8221	4.46383	7	0	70.1537	7.73116	-4.98518	-48.8753	7.73116	-4.98518	-48.8753	
13905	29495	54.6776	145.873	54.5093	-99999	71.131	-0.916996	1	1	0	0	0	232.606	252.655	132.675	86.3472	-555.85	-574.595	254.825	263.077	274.929	132.826	107.817	86.3472	-555.812	-563.119	-574.595	4.20062	13	0	68.5714	71.1566	38.6332	-580.376	71.1566	38.6332	-580.376	
13905	29698	21.5403	135.505	21.5001	-99999	86.904	-0.675684	1	1	1	1	1	137.883	133.446	133.627	114.63	715.46	710.641	137.783	133.704	133.347	133.627	124.946	114.59	715.46	712.074	710.645	21.739	11	0	128.483	86.9235	-41.7599	655.194	59.6335	46.9641	571.536	
13905	26791	203.508	447.187	201.471	-99999	49.163	-0.991244	1	1	1	1	1	106.402	124.767	131.324	-66.0423	-81.3009	-48.2407	106.188	117.216	124.788	132.737	32.8111	-66.6399	-81.3972	-66.6048	-48.1911	8.02734	10	0	84.4911	49.1785	-6.45924	-58.9739	49.1785	-6.45924	-58.9739	
13905	30177	315.958	681.743	315.447	-99999	4.373	-0.871286	1	1	1	1	1	129.059	149.24	132.091	-102.314	118.71	312.237	129.054	132.995	149.339	132.091	6.77671	-102.615	118.71	200.573	312.532	5.11603	14	0	49.1464	4.40646	-15.4284	225.198	4.40646	-15.4284	225.198	
13905	36173	99.6531	235.301	97.9014	116.256	105.486	-0.369761	1	1	1	1	1	166.1	218.421	133.921	103.628	411.503	336.08	165.626	193.201	218.556	134.33	118.052	103.277	412.407	374.28	335.616	4.4304	20	0	50.9035	105.542	18.5261	191.567	-46.368	17.7438	525.635	
13905	39271	312.285	674.809	311.874	-44.6296	-46.804	-0.555144	1	1	1	1	1	265.66	88.0414	133.417	-7.64532	-700.705	-490.839	265.858	185.746	88.0414	133.643	60.0253	-7.64532	-700.977	-589.191	-490.839	5.08942	7	0	66.6833	-46.7669	6.22796	-547.291	-46.7669	6.22796	-547.291	
13905	35796	344.598	539.463	338.293	-99999	93.75	-0.899267	1	1	1	1	1	68.6234	95.6296	134.258	-168.804	117.417	264.566	68.5162	83.8468	94.67	134.258	-20.2501	-173.329	117.417	192.032	268.812	7.15472	7	0	53.6891	93.7588	-30.4688	199.494	93.7588	-30.4688	199.494	
13905	3544	356.746	792.196	355.678	113.8	112.962	-0.688031	1	1	1	1	1	342.188	192.878	133.709	-53.6506	5.69622	263.351	342.5	264.176	192.735	134.281	25.1568	-53.6828	5.20252	122.476	263.548	5.98496	11	0	77.861	112.993	9.94985	117.239	112.993	9.94985	117.239	
13905	28456	152.102	828.16	144.024	-99999	21.253	-0.848543	1	1	1	1	1	231.044	193.159	132.399	10.5432	403.795	466.896	231.161	209.593	193.978	132.833	68.931	6.5354	403.548	438.541	472.007	6.67233	11	0	32.0795	21.2643	-29.5099	494.697	21.2643	-29.5099	494.697	
13905	8419	283.544	664.903	270.793	35.851	34.8	-0.840718	1	1	1	1	1	305.61	179.677	133.026	-85.0638	-155.727	-69.105	306.458	237.783	173.231	134.383	13.5565	-89.5723	-155.946	-129.221	-61.261	4.44786	11	0	83.2907	34.8363	-3.20017	-123.335	34.8363	-3.20017	-123.335	
13905	13218	117.827	564.219	117.39	-99999	63.015	-0.84352	1	1	1	1	1	244.338	191.049	133.097	35.2727	-599.302	-636.153	264.249	237.358	210.781	133.466	84.6039	35.2727	-599.154	-618.115	-636.153	6.68749	10	0	262.558	63.0512	-24.2527	-648.308	63.0512	-24.2527	-648.308	
13905	11208	311.19	756.544	310.023	-99999	112.412	-0.970961	1	1	1	1	1	189.783	253.334	133.126	-166.335	606.88	567.059	224.984	247.298	289.035	133.126	-18.9969	-167.38	606.88	584.056	566.964	17.1336	8	0	107.206	112.437	-29.7896	581.673	112.437	-29.7896	581.673	
13905	12665	415.277	930.42	414.281	-23.6839	-24.521	-0.73571	1	1	1	1	1	235.915	196.074	132.812	-112.581	-244.597	84.4945	235.947	211.459	196.041	133.223	-0.686645	-112.848	-244.964	-88.3792	84.8175	6.04402	14	0	74.474	-24.4803	-15.6204	-65.743	-24.4803	-15.6204	-65.743	
13905	14065	480.802	1016.31	480.569	-99999	-33.909	-0.683916	1	1	1	1	1	305.491	319.605	133.751	-168.76	-130.438	-502.742	294.871	300.12	308.98	133.76	-16.4959	-168.852	-130.428	-317.534	-502.923	4.0654	16	0	37.4203	-33.8757	-20.1203	-322.485	-33.8757	-20.1203	-322.485	
13905	13535	136.239	366.551	136.113	-99999	44.35	-0.981769	1	1	1	1	0	337.243	345.147	133.789	-0.394717	-259.758	-238.614	351.119	355.097	359.035	133.907	66.7378	-0.394717	-259.78	-249.222	-238.614	5.38088	8	0	69.8783	44.365	-41.4112	-229.152	-18.345	68.4489	-228.376	
13905	16720	263.292	531.316	262.326	-852.747	55.203	-0.869368	1	1	1	1	1	258.539	141.728	133.133	-91.0844	700.996	770.832	258.874	200.425	141.728	133.972	21.5772	-91.0844	700.664	736.333	770.832	6.13027	12	0	40.3269	55.2342	-10.8435	557.453	16.5242	0.00633688	802.974	
13906	1737	265.034	607.622	262.766	48.4987	47.339	-0.813268	1	1	1	1	1	322.044	192.428	131.166	-90.4048	-606.939	-653.103	322.165	256.356	191.013	131.359	19.6677	-91.8395	-606.874	-633.046	-652.901	4.67941	8	0	71.2066	47.3765	0.730291	-629.229	47.3765	0.730291	-629.229	
13905	34711	71.8665	195.487	70.1499	-99999	88.2	-0.835075	1	1	0	0	0	227.896	188.854	133.051	75.3887	256.861	249.987	255.584	235.334	215.915	133.156	103.833	73.9059	256.867	252.81	250.056	6.36059	9	0	74.5037	88.232	18.5304	245.23	88.232	18.5304	245.23	
13905	18656	121.686	273.193	121.144	-99999	42.476	-0.957499	1	1	1	0	0	315.509	345.666	133.597	16.6547	442.632	451.975	328.736	344.242	359.021	133.835	75.1858	16.3688	442.619	447.237	451.976	4.69611	8	0	55.0946	42.5028	-14.8639	476.536	42.5028	-14.8639	476.536	
13905	20182	125.933	328.75	125.293	-99999	-35.705	-0.955311	1	1	1	0	0	158.864	156.242	130.392	9.2011	-799.858	-774.034	158.867	164.694	156.243	130.903	69.5522	9.11464	-800.011	-787.397	-774.008	7.28684	8	0	75.4208	-35.6771	11.6912	-760.64	93.0529	52.2535	-821.04	
13905	24824	201.639	4281.84	201.261	-99999	-16.207	-0.623211	1	1	1	1	1	66.4028	196.534	81.3298	-46.2207	476.29	561.077	66.1719	133.419	196.553	81.5605	19.9912	-46.2207	476.141	519.038	561.077	10.8629	12	0	38.4678	-16.1604	-18.4696	554.869	-16.1604	-18.4696	554.869	
13905	27681	243.366	660.166	243.165	-99999	61.415	-0.528531	1	1	1	1	1	191.939	339.826	128.321	-13.5134	-581.667	-712.522	211.17	285.444	359.168	128.321	58.1752	-13.6405	-581.667	-647.735	-712.63	4.49809	12	0	55.8529	61.4537	1.94768	-681.947	61.4537	1.94768	-681.947	
13905	87	145.786	345.238	145.744	-99999	-43.729	-0.894323	1	1	1	1	1	339.059	266.709	134.097	9.41718	497.045	517.138	325.382	289.513	253.015	134.132	71.8669	9.41718	497.041	508.874	517.138	9.43756	6	0	76.952	-49.1021	-25.6001	489.832	-49.1021	-25.6001	489.832	
13905	29599	607.53	1229.68	606.633	-106.632	57.345	-0.419132	0	0	0	0	0	247.728	174.106	133.685	-100.78	274.335	-276.349	247.668	217.414	174.092	133.985	11.2782	-100.805	274.98	-0.667363	-276.498	4.47453	13	0	37.0262	12.7009	36.8733	-737.857	-48.409	-95.6776	178.208	
13905	28758	244.39	650.429	243.574	-99999	7.301	-0.794842	1	1	1	1	1	300.558	157.75	130.897	-61.99	315.039	344.993	300.618	226.803	157.433	130.985	34.9135	-62.5936	315.01	321.654	345.121	4.9775	9	0	74.4123	7.33053	-11.1967	277.825	7.33053	-11.1967	277.825	
13905	31394	193.298	504.743	192.455	-99999	87.547	-0.968375	1	1	1	1	1	131.244	176.031	132.71	-50.1634	-102.86	-66.4088	130.95	153.969	175.931	133.52	40.9296	-50.1634	-102.937	-88.1588	-66.4088	8.00846	12	0	130.232	90.3564	55.5571	-575.549	90.3564	55.5571	-575.549	
13905	32594	267.263	564.286	266.128	-20.1203	-19.941	-0.910629	1	1	1	1	1	150.722	283.639	133.325	-96.0556	-807.293	-818.491	150.722	212.659	284.253	133.325	15.5617	-97.0028	-807.293	-818.507	-818.493	6.70386	6	0	80.7535	-19.8997	-18.743	-756.297	-19.8997	-18.743	-756.297	
13905	31150	325.207	746.15	325.205	-99999	108.59	-0.706926	1	1	1	1	1	182.578	285.505	132.929	-86.1371	732.107	517.382	216.582	257.623	319.51	132.929	19.1718	-86.1371	732.107	623.628	517.382	4.7616	13	0	74.9322	108.614	-20.8526	575.475	108.614	-20.8526	575.475	
13905	31250	314.855	1499.38	314.216	22.2844	21.828	-0.834353	1	1	1	1	1	242.027	93.8636	132.445	-108.219	674.769	806.162	242.276	178.466	93.8636	132.976	4.93982	-108.219	674.525	739.823	806.162	6.91472	13	0	76.0395	23.4526	-25.0273	290.753	39.3126	-36.4191	391.872	
13905	32120	291.202	625.75	289.711	-99999	-2.019	-0.831178	1	1	1	1	0	354.187	226.578	134.114	-121.447	858.645	867.381	354.142	275.44	225.801	135.004	13.4702	-121.834	858.539	873.273	867.328	5.14185	6	0	85.5356	-1.9965	-2.55922	808.773	-1.9965	-2.55922	808.773	
13905	32420	362.231	1021.07	361.487	46.4091	45.924	-0.825335	1	1	1	1	1	150.435	312.654	132.441	-153.957	657.79	510.347	150.193	228.123	312.676	133.019	-13.2042	-153.98	658.095	585.189	510.329	5.52144	11	0	74.8932	45.9579	-20.8694	569.774	45.9579	-20.8694	569.774	
13905	31009	275.576	564.279	270.267	-38.545	-39.515	-0.725223	1	1	1	1	1	176.709	261.711	134.638	-12.1745	25.6269	-181.489	176.709	217.203	262.42	134.638	57.6324	-12.927	25.6269	-80.6144	-186.392	4.76575	11	0	73.4084	-30.7767	-10.905	-157.409	-30.7767	-10.905	-157.409	
13905	30232	156.049	240.702	140.854	-99999	18.885	-0.915548	1	1	1	0	0	64.989	83.6504	133.813	8.23677	-453.721	-396.747	64.6674	81.6543	83.212	134.855	63.5339	-2.89954	-454.072	-427.523	-390.242	6.21245	8	0	35.0231	14.7254	-33.5594	-354.182	14.7254	-33.5594	-354.182	
13906	8826	243.994	519.352	240.288	-503.41	47.202	-0.951812	0	0	0	0	0	156.479	235.823	133.104	-87.3989	102.875	56.0942	156.209	195.355	235.901	134.141	22.4274	-89.9644	103.065	74.0134	55.6988	6.15597	11	0	82.039	88.8191	-69.5206	-762.929	88.8191	-69.5206	-762.929	
13905	30842	184.737	423.797	184.009	-99999	43.877	-0.936429	1	1	1	1	1	124.318	195.89	132.634	-32.6853	-569.794	-553.473	124.019	155.908	195.84	133.309	46.7381	-32.6853	-569.783	-572.301	-553.473	5.22674	13	0	73.6913	43.9035	6.76431	-565.584	43.9035	6.76431	-565.584	
13905	35048	42.6391	847.238	41.8716	105.041	83.157	-0.442235	1	1	1	1	1	185.356	220.811	133.855	117.245	367.176	352.945	185.144	203.64	221.21	133.978	125.081	117.066	367.253	361.506	352.684	5.28996	13	0	536.074	83.1799	21.5671	333.679	83.1799	21.5671	333.679	
13905	32279	139.436	319.055	138.258	-99999	35.514	-0.820282	1	1	1	1	1	210.132	201.614	128.942	13.0173	56.997	123.999	210.091	192.062	202.055	128.942	72.324	12.0926	56.997	93.1693	124.518	5.43781	12	0	72.2279	35.5459	9.07759	107.162	35.5459	9.07759	107.162	
13905	35237	170.468	405.366	170.45	-99999	110.965	-0.786882	1	1	1	1	1	61.7027	152.307	20.4749	-114.958	-74.9004	-26.7787	61.5677	107.155	152.18	20.4872	-45.7974	-114.958	-74.9056	-46.8308	-26.7787	5.06758	10	0	72.1182	111.002	1.88305	-61.7996	111.002	1.88305	-61.7996	
13905	38126	151.771	429.051	151.266	-99999	-11.195	-0.527654	1	1	1	1	1	64.2642	188.339	38.8472	-43.9611	825.327	850.364	63.856	126.151	188.352	39.1089	-2.36013	-43.9611	825.239	837.786	850.364	14.4022	6	0	143.397	-11.2126	-24.1564	803.107	-11.2126	-24.1564	803.107	
13905	1263	169.263	366.47	168.742	17.2474	15.962	-0.971211	1	1	1	1	1	192.573	249.545	133.104	-23.9134	-297.547	-307.867	192.469	213.797	249.545	133.573	51.9437	-23.9134	-297.589	-299.621	-307.867	5.11985	10	0	75.7392	15.9951	-8.53366	-307.036	15.9951	-8.53366	-307.036	
13905	38	335.555	2700.81	334.986	-99999	10.923	-0.884842	0	0	0	0	0	179.302	165.287	132.015	-166.437	-381.684	-231.047	179.289	174.251	165.258	132.015	-16.8636	-166.806	-381.684	-304.832	-230.875	4.97326	13	0	65.3879	-38.5585	-81.1089	-730.999	-38.5585	-81.1089	-730.999	
13905	1886	95.1202	226.632	91.2777	-99999	85.387	-0.897198	1	1	1	1	1	225.922	184.948	132.48	51.6982	-563.613	-574.225	252.892	231.092	211.101	132.968	91.0186	48.737	-563.552	-568.701	-575.504	5.66614	6	0	44.4581	85.418	-35.2586	-586.627	85.418	-35.2586	-586.627	
13905	3435	254.489	572.446	254.099	-30.6111	-31.954	-0.862859	1	1	1	1	1	273.143	124.655	133.3	-69.8269	-482.448	-490.943	273.168	207.708	124.435	133.345	24.8391	-70.0336	-482.441	-491.648	-490.809	4.25107	10	0	71.8518	-31.9351	-20.4023	-485.622	-31.9351	-20.4023	-485.622	
13905	907	239.901	778.995	239.215	-99999	78.755	-0.948185	1	1	1	1	1	169.473	223.285	132.712	-93.8222	-337.619	-283.168	157.019	184.153	210.955	133.106	19.6212	-94.0814	-337.72	-310.195	-283.136	4.19733	9	0	62.5906	78.7969	-18.1361	-301.181	78.7969	-18.1361	-301.181	
13905	4907	74.5297	228.433	74.0877	-99999	-7.935	-0.91635	1	1	0	0	0	107.194	86.0147	133.471	64.9455	-576.626	-558.938	107.203	97.1176	85.9299	133.471	98.9041	64.5285	-576.626	-567.261	-558.969	16.8841	11	0	108.521	-7.90398	59.6559	-567.943	-7.90398	59.6559	-567.943	
13905	2243	75.1205	216.421	74.9734	-99999	84.128	-0.847073	1	1	1	0	0	204.776	242.861	132.778	69.1191	500.222	504.242	231.082	249.973	269.225	132.843	100.701	69.0993	500.204	503.875	504.239	4.69182	12	0	84.5916	84.1638	3.18246	487.15	84.1638	3.18246	487.15	
13905	5506	251.598	583.256	250.346	-99999	-36.947	-0.985595	0	0	0	0	0	86.3391	74.3857	125.983	-117.488	169.545	203.247	86.3866	82.1141	74.4591	126.101	4.8944	-118.075	169.525	194.929	203.262	39.2505	7	0	185.068	-999999	-999999	-999999	-999999	-999999	-999999	
13905	8906	296.648	756.527	296.221	-99999	88.44	-0.872098	1	1	1	1	1	201.046	326.398	132.229	-130.595	-616.19	-561.896	228.549	291.571	354.092	132.598	1.26606	-130.595	-616.272	-588.376	-561.896	5.92711	6	0	76.1414	88.4725	-48.3681	-557.055	88.4725	-48.3681	-557.055	
13905	5510	234.456	539.63	233.74	30.0497	31.725	-0.831292	1	1	1	1	1	272.794	144.933	133.62	-54.5284	21.6517	71.0266	273.128	207.746	144.933	134.218	41.2203	-54.5284	21.4594	49.6624	71.0266	8.18816	9	0	71.1321	31.7674	-4.18766	52.5666	31.7674	-4.18766	52.5666	
13906	14667	87.5152	232.229	86.3191	-99999	24.356	-0.968994	1	1	0	0	0	275.595	256.097	131.28	48.8985	138.65	122.596	283.42	274.44	263.694	132.36	90.4624	48.8257	138.832	130.105	122.583	5.53018	9	0	79.9557	28.2757	-27.2536	-759.672	81.2357	28.7306	750.968	
13905	5656	170.869	415.137	169.751	-99999	55.303	-0.874892	1	1	1	1	1	132.219	218.921	133.097	-12.034	712.137	726.667	123.181	167.308	210.372	133.747	60.9516	-12.3788	712.07	719.245	726.645	6.68624	6	0	46.8705	55.3428	-20.5901	717.957	55.3428	-20.5901	717.957	
13905	9756	116.649	288.31	116.102	-99999	-32.355	-0.964574	1	1	1	1	0	275.833	232.691	133.398	26.499	196.85	204.424	265.701	247.04	222.304	133.398	78.2655	26.0221	196.85	197.955	204.485	4.72637	6	0	76.1253	-32.328	16.1641	193.503	-32.328	16.1641	193.503	
13905	10880	390.489	813.742	389.368	-99999	97.319	-0.700461	1	1	1	1	1	147.377	85.564	132.555	-160.642	523.978	756.912	147.266	103.102	85.4771	132.555	-19.823	-160.695	523.978	637.676	757.071	4.13013	6	0	38.8274	97.3479	-34.2565	654.231	97.3479	-34.2565	654.231	
13905	16194	36.9936	109.73	36.3352	-99999	-10.168	-0.854801	0	0	0	0	0	148.679	150.077	133.731	103.351	-523.326	-503.947	148.691	149.411	150.107	133.731	118.341	102.75	-523.326	-513.347	-503.754	5.98945	12	0	72.9204	-10.1313	31.4837	-497.4	-10.1313	31.4837	-497.4	
13905	18795	303.001	646.302	302.575	-99999	-21.841	-0.991303	1	1	1	1	1	117.536	168.845	134.199	-160.936	573.061	578.558	117.561	132.513	169.091	134.199	-16.4323	-161.26	573.061	570.3	578.705	4.908	10	0	66.6692	-21.8186	-15.9768	578.559	-21.8186	-15.9768	578.559	
13905	16530	270.299	540.084	269.093	-99999	22.718	-0.963019	1	1	1	1	1	149.333	112.699	133.574	-123.837	-790.114	-725.618	149.307	134.052	112.395	133.574	5.63074	-124.99	-790.114	-749.613	-725.461	4.44206	10	0	75.6117	22.7522	-26.5869	-734	22.7522	-26.5869	-734	
13905	18630	182.796	456.467	182.33	-99999	48.479	-0.915576	0	0	0	0	0	154.411	137.739	132.386	-34.3288	477.914	541.641	154.402	148.208	137.683	132.801	52.0212	-34.3288	477.738	519.915	541.641	5.35186	9	0	89.0721	-999999	-999999	-999999	-999999	-999999	-999999	
13906	13359	356.241	19135.1	343.516	-99999	50.653	-0.385744	1	1	1	1	1	222.288	271.163	134.013	-155.196	-753.638	-579.943	238.149	265.195	289.867	134.013	-14.8993	-165.463	-753.638	-663.542	-573.177	4.4236	8	0	337.06	50.6814	-30.7124	-642.529	50.6814	-30.7124	-642.529	
13905	19599	204.37	518.281	204.121	-99999	-7.137	-0.913656	0	0	0	0	0	73.805	113.939	132.417	-56.0738	197.166	262.449	73.8131	92.3446	113.998	132.417	37.1535	-56.3136	197.166	228.575	262.462	7.82443	7	0	81.1378	-9.21584	-19.9233	577.52	27.5242	-12.8768	343.457	
13905	19190	160.698	377.143	160.692	-99999	19.286	-0.211918	1	1	1	1	1	352.861	226.05	110.865	74.6183	500.744	590.875	358.9	296.223	232.09	110.865	92.8159	74.6183	500.744	547.631	590.875	6.57707	11	0	73.2736	19.3047	2.37045	550.821	19.3047	2.37045	550.821	
13905	20694	322.742	946.01	311.019	-99999	98.119	-0.97993	1	1	1	1	1	134.62	186.721	130.187	-170.32	425.863	486.719	134.073	160.724	188.229	133.485	-22.5958	-178.415	425.337	456.38	487.951	4.84089	14	0	101.931	98.1454	-15.8428	456.788	98.1454	-15.8428	456.788	
13905	23257	98.8551	242.351	97.8545	-99999	76.192	-0.835871	1	1	0	0	0	283.76	334.966	133.185	50.8477	243.324	256.497	307.111	332.99	358.856	133.965	92.3649	50.7955	243.201	249.738	256.504	5.09093	7	0	48.8073	76.1716	35.7609	246.048	76.1716	35.7609	246.048	
13905	21777	268.648	629.965	268.229	-99999	73.989	-0.869858	1	1	1	1	1	187.711	180.522	133.752	-101.84	-367.894	-246.027	187.626	174.996	180.508	133.752	15.8325	-102.088	-367.894	-305.628	-245.766	6.22159	14	0	93.179	81.7636	26.3461	-69.7049	81.7636	26.3461	-69.7049	
13905	22209	190.398	439.881	190.055	-99999	40.306	-0.800595	1	1	1	1	1	198.362	156.097	132.012	-17.7666	-669.716	-561.951	198.404	178.33	156.051	132.282	58.3954	-17.7666	-669.899	-613.493	-561.951	8.48269	12	0	87.1885	40.3266	-0.495653	-584.992	40.3266	-0.495653	-584.992	
13905	23909	207.434	804.738	207.35	80.7816	80.675	-0.761599	1	1	1	1	1	266.265	167.026	128.535	-38.6397	463.344	533.636	266.265	216.091	166.99	128.535	46.8442	-38.7053	463.344	502.695	533.665	4.32308	12	0	73.0397	80.6961	-12.4284	511.517	80.6961	-12.4284	511.517	
13905	29970	239.432	549.786	238.393	44.4404	44.918	-0.84824	1	1	1	1	1	159.311	257.512	132.594	-71.8928	-607.074	-672.937	159.131	217.602	257.726	132.953	36.3877	-72.4657	-606.951	-646.145	-672.905	6.50889	6	0	71.963	44.9472	-10.2304	-643.787	44.9472	-10.2304	-643.787	
13905	25560	209.156	522.606	206.598	-99999	72.344	-0.994546	1	1	1	1	1	82.9297	94.0955	133.381	-72.3861	109.458	117.95	82.8391	90.9514	93.5609	133.55	29.5085	-74.7123	109.443	114.817	118.144	4.66568	8	0	71.2206	72.3571	3.66906	112.118	72.3571	3.66906	112.118	
13905	26890	61.8824	121.154	61.3093	-99999	62.265	-0.950986	1	1	1	0	0	320.032	339.726	134.32	76.2712	45.6092	46.4876	339.53	349.311	359.422	134.32	104.969	75.734	45.6092	45.92	46.5071	4.04215	8	0	44.0797	62.2705	39.4038	41.3811	62.2705	39.4038	41.3811	
13905	31576	274.895	583.164	270.263	-99999	-40.831	-0.95208	1	1	1	1	1	289.693	312.657	130.237	-130.604	2.12056	62.288	276.48	286.047	300.265	132.584	0.489021	-132.623	1.49982	37.7666	62.5499	4.66049	8	0	77.3986	-40.8028	-23.1186	-22.9918	-40.8028	-23.1186	-22.9918	
13905	11729	61.4878	148.394	61.3448	-99999	101.728	-0.971747	1	1	1	1	1	298.682	311.369	134.108	74.7753	808.957	809.266	330.538	336.534	343.272	134.108	104.033	74.6687	808.957	811.081	809.201	4.37517	17	0	56.8337	101.765	-30.2109	263.984	101.765	-30.2109	263.984	
13906	16736	327.616	678.275	327.003	-99999	85.528	-0.933139	1	1	1	1	1	285.221	243.554	133.87	-163.457	807.104	681.855	312.008	302.565	270.337	134.434	-14.2504	-163.457	807.321	739.621	681.855	4.62805	13	0	75.6697	85.5566	0.996258	730.721	85.5566	0.996258	730.721	
13905	31913	293.733	1031.05	293.73	47.0803	45.575	-0.486085	1	1	1	1	1	153.982	324.202	133.549	4.05808	-522.703	-321.422	153.982	238.89	324.202	133.549	68.6355	4.05808	-522.703	-422.018	-321.422	27.9124	6	0	264.746	45.6221	-26.7257	-164.091	72.2421	-33.2165	-234.041	
13905	32607	281.367	693.015	281.145	-99999	53.745	-0.450993	1	1	1	1	1	224.78	339.321	133.03	10.3389	-799.342	-573.846	241.61	299.867	356.239	133.03	70.5599	10.2398	-799.342	-687.569	-573.669	6.85478	7	0	70.913	53.7279	9.03315	-624.92	53.7279	9.03315	-624.92	
13905	22949	308.704	696.894	306.671	-99999	50.987	-0.985236	1	1	1	1	1	162.339	142.22	133.049	-171.586	-277.985	-286.503	162.344	144.025	142.316	133.37	-19.5972	-173.264	-277.991	-282.718	-286.643	8.06724	7	0	41.0161	51.0046	-25.593	-280.725	51.0046	-25.593	-280.725	
13905	33305	218.571	532.764	217.779	-99999	116.009	-0.980371	1	1	1	1	0	170.515	168.377	128.62	-87.8006	-874.492	-863.059	170.354	174.102	168.27	129.095	20.3169	-88.0792	-874.588	-869.522	-863.051	5.29125	11	0	69.9747	116.039	-20.5558	-795.958	116.039	-20.5558	-795.958	
13905	33593	99.822	213.546	99.4728	-99999	38.62	-0.431596	1	1	1	0	0	308.911	347.086	133.504	88.284	518.396	598.333	320.86	339.834	359.18	133.654	111.318	88.284	518.116	558.513	598.333	5.8322	9	0	41.976	38.6078	-71.9655	609.291	38.6078	-71.9655	609.291	
13905	36700	90.3981	223.562	90.3576	-99999	66.068	-0.351413	1	1	0	0	0	305.812	327.722	133.756	93.5631	-668.915	-591.902	326.499	338.96	348.407	133.757	114.908	93.5561	-668.917	-629.835	-591.884	6.80963	10	0	63.8362	66.0987	71.0202	-607.976	66.0987	71.0202	-607.976	
13905	22387	134.5	327.266	134.262	67.1305	66.495	-0.932006	1	1	1	1	1	237.012	192.228	132.538	7.03519	-381.412	-379.664	237.029	211.209	192.247	132.585	70.5584	6.85802	-381.415	-379.919	-379.655	5.2974	9	0	71.076	62.4046	25.558	358.073	83.3646	-19.5138	-775.138	
13905	9175	185.33	443.021	184.69	13.092	13.106	-0.726682	1	1	1	1	1	163.188	295.619	133.28	7.26052	-542.211	-519.371	162.977	231.123	295.788	133.516	71.5478	7.00261	-542.239	-532.81	-519.316	14.3825	6	0	82.6013	13.1368	11.7206	-529.264	13.1368	11.7206	-529.264	
13905	8501	237.767	523.949	237.184	-99999	3.064	-0.89466	1	1	1	1	1	209.877	317.522	128.448	-80.835	-229.204	-210.245	210.732	261.021	318.69	128.668	21.6956	-81.0947	-229.232	-217.001	-210.268	7.10778	6	0	67.8539	3.09714	-19.3218	-217.443	3.09714	-19.3218	-217.443	
13905	7550	197.493	4395.47	194.471	-99999	12.099	-0.666315	1	1	1	1	1	355.489	278.871	113.549	-14.0597	709.128	833.837	359.278	320.273	281.176	113.549	48.5106	-15.2258	709.128	772.365	836.141	216.769	8	0	3995.84	12.1305	-24.9883	782.185	12.1305	-24.9883	782.185	
13905	9750	266.911	612.867	265.461	-99999	14.094	-0.765078	1	1	1	1	1	233.045	315.149	132.951	-66.8168	-725.138	-878.273	237.387	273.694	320.133	133.125	29.5684	-67.686	-725.009	-800.893	-878.907	4.59326	13	0	55.1765	14.1315	-14.0117	-794.989	14.1315	-14.0117	-794.989	
13905	9548	38.6661	130.153	36.7401	-99999	82.719	-0.833253	0	0	0	0	0	307.363	314.822	133.781	101.176	811.658	796.886	333.196	338.028	341.013	133.98	117.11	99.5755	811.779	803.72	796.726	4.43816	15	0	89.1493	46.989	-48.2681	188.129	28.529	67.431	793.388	
13905	24096	324.135	890.636	324.13	-99999	106.948	-0.922136	1	1	1	1	1	241.964	324.92	133.481	-165.731	-382.417	-475.336	275.454	317.221	358.411	133.481	-16.0497	-165.731	-382.417	-428.892	-475.336	4.24471	12	0	80.0935	106.97	-19.1935	-265.782	106.97	-19.1935	-265.782	
13905	15070	349.059	829.56	349.052	-99999	5.909	-0.818348	1	1	1	1	1	168.071	90.6978	133.204	-171.217	160.03	311.073	168.065	126.573	90.6911	133.204	-15.5006	-171.217	160.03	241.169	311.073	7.00934	11	0	67.5094	5.93571	-30.2628	248.735	5.93571	-30.2628	248.735	
13905	16370	196.025	774.172	194.885	-12.7666	-12.513	-0.461483	1	1	1	1	1	358.565	192.072	14.8959	-78.9312	-781.395	-743.434	359.268	275.079	191.804	15.2682	-31.0728	-79.106	-781.544	-762.344	-743.368	4.18723	6	0	100.613	-12.4971	-39.29	-739.365	-12.4971	-39.29	-739.365	
13906	151	274.276	605.518	272.902	-99999	22.291	-0.990774	1	1	1	1	1	175.991	185.503	132.626	-135.311	404.181	442.45	175.871	184.058	185.478	133.94	0.11233	-135.311	404.027	424.603	442.45	5.01159	8	0	64.4571	22.323	-20.8837	423.787	22.323	-20.8837	423.787	
13905	27659	292.298	634.782	286.132	-99999	116.727	-0.855659	1	1	1	0	0	320.149	173.787	125.254	-120.563	883.952	880.465	359.758	284.919	210.233	130.342	4.83276	-120.765	884.021	881.683	880.46	4.00963	9	0	47.9305	116.751	9.4471	794.96	95.1009	26.7865	806.027	
13905	20144	311.483	662.823	308.254	17.2157	17.222	-0.825077	1	1	1	1	1	227.231	191.257	130.843	-98.7387	185.029	385.375	227.242	213.782	191.191	133.319	14.1964	-98.8589	183.325	282.6	385.512	4.13058	12	0	67.9022	17.237	-17.6773	297.271	17.237	-17.6773	297.271	
13905	25896	330.86	879.233	330.608	-99999	-28.558	-0.893332	1	1	1	1	1	143.197	179.612	134.041	-162.258	-205.691	-63.6799	143.214	161.972	179.645	134.26	-13.8144	-162.258	-205.8	-134.503	-63.6799	4.19643	12	0	56.1445	-28.5182	-13.0672	-131.005	-28.5182	-13.0672	-131.005	
13905	27496	181.756	437.747	181.739	-99999	31.141	-0.964163	1	1	1	1	0	72.9747	85.4784	130.135	-50.0102	705.626	699.842	72.9391	84.6497	85.4427	130.135	40.2291	-50.0102	705.626	706.44	699.842	5.40808	8	0	72.9097	31.1534	-2.2835	709.866	31.1534	-2.2835	709.866	
13905	27108	170.852	410.772	169.867	-99999	114.06	-0.967222	1	1	1	1	1	70.8309	115.644	132.99	-29.2768	22.3659	33.4997	70.4873	92.227	115.547	133.856	51.3155	-29.356	22.4442	20.1245	33.5071	7.31064	7	0	89.1732	114.09	20.6475	23.8099	114.09	20.6475	23.8099	
13905	22554	145.072	386.527	144.886	-99999	86.522	-0.666302	1	1	1	1	1	63.4965	166.36	-69.9704	-161.785	755.014	799.416	63.2746	114.29	166.261	-69.8458	-116.526	-161.785	754.957	776.838	799.416	11.7001	9	0	89.4431	86.5605	-72.7989	758.864	86.5605	-72.7989	758.864	
13905	30363	220.294	552.978	218.415	-99999	51.318	-0.934469	1	1	1	1	1	271.905	343.069	132.766	-70.7058	81.7778	116.924	287.691	323.126	359.39	133.584	30.8411	-71.6606	81.6456	99.5368	117.093	4.10471	7	0	75.5894	51.343	-50.1992	113.727	51.343	-50.1992	113.727	
13905	34408	360.488	779.836	287.607	-99999	-2.425	-0.504577	1	1	1	1	1	62.3732	155.855	4.81904	-142.829	-417.923	-189.502	62.3759	120.989	179.935	4.81904	-87.6909	-180.186	-417.923	-274.768	-131.775	4.34849	16	0	69.041	-2.38965	-36.9404	-321.011	-2.38965	-36.9404	-321.011	
13905	36131	166.592	418.361	165.376	-99999	-8.753	-0.937328	1	1	1	1	1	72.9813	119.381	133.332	-19.5267	-592.601	-552.148	72.8396	98.2776	119.716	133.831	57.0426	-20.1219	-592.7	-573.09	-552.098	24.2208	9	0	99.1558	-8.73886	26.194	-565.288	-8.73886	26.194	-565.288	
13905	5867	238.44	557.171	238.166	-99999	77.326	-0.976396	1	1	1	1	1	207.672	150.302	133.117	-96.9483	-306.347	-307.181	207.604	182.113	150.169	133.2	16.7852	-97.1225	-306.347	-307.334	-307.152	4.78747	12	0	82.0916	84.7106	-5.59399	-69.0128	84.7106	-5.59399	-69.0128	
13905	16842	280.756	812.531	234.854	-99999	22.921	-0.848922	1	1	1	1	1	61.703	123.388	-130.23	90.4833	-647.92	-597.086	133.685	98.1657	61.5295	132.903	1.30166	-130.773	-589.387	-618.115	-648.033	5.30941	205	0	812.531	22.9323	3.63884	-606.697	22.9323	3.63884	-606.697	
13906	670	352.127	2344.17	350.849	45.8727	46.41	-0.72912	1	1	1	1	1	309.76	98.406	133.925	-114.368	-176.638	-63.6856	309.76	212.118	97.629	133.925	9.85516	-115.294	-176.638	-98.8455	-63.4559	4.92735	9	0	68.7856	46.4519	-25.3554	-92.4829	46.4519	-25.3554	-92.4829	
13906	4270	361.076	725.349	360.564	-99999	-18.183	-0.645061	1	1	1	1	1	128.799	91.1606	133.642	-102.984	-245.222	21.8651	128.892	113.744	91.1845	133.889	8.30415	-102.99	-245.505	-116.922	21.874	5.51077	14	0	52.0474	-18.1415	-17.6283	-89.5187	-18.1415	-17.6283	-89.5187	
13905	28540	362.908	1273.41	346.745	56.94	55.391	-0.871054	1	1	1	1	1	271.069	168.509	133.105	-159.243	502.245	347.498	271.158	216.914	165.152	133.397	-18.6823	-174.616	502.373	419.621	346.49	4.02021	9	0	41.3971	55.42	-50.991	367.736	55.42	-50.991	367.736	
13905	33612	216.011	1416.55	214.735	59.2254	59.887	-0.855105	1	1	1	1	1	248.753	174.974	132.992	-44.5654	-242.519	-153.36	248.753	222.597	174.046	132.992	40.2562	-45.3972	-242.519	-193.939	-153.121	4.52545	7	0	69.8012	59.9249	-1.02678	-184.019	59.9249	-1.02678	-184.019	
13905	2959	324.138	627.639	323.512	-621.972	55.107	-0.915851	0	0	0	0	0	133.075	276.793	132.889	-143.492	761.665	678.782	132.882	199.73	276.816	133.39	-9.02552	-143.531	761.764	723.733	678.78	13.1374	6	0	71.6593	-36.9403	-14.048	-373.723	-36.9403	-14.048	-373.723	
13905	23488	78.4878	198.308	77.5179	-1156.27	6.247	-0.828861	0	0	0	0	0	189.376	230.389	133.056	73.2414	-772.367	-799.323	189.313	209.504	230.741	133.233	102.91	72.5768	-772.273	-786.713	-799.379	5.18475	9	0	68.0386	110.484	-20.3623	-371.561	110.484	-20.3623	-371.561	
13905	33272	239.461	530.113	238.652	68.9114	67.759	-0.913372	1	1	1	1	1	202.607	299.091	132.062	-81.7039	-674.58	-705.333	202.538	251.905	299.447	132.22	23.4958	-82.1614	-674.578	-679.558	-705.587	4.98783	12	0	69.908	67.779	-12.5241	-705.685	67.779	-12.5241	-705.685	
13905	35486	89.7109	1005.84	87.5203	-99999	-25.429	-0.796899	1	1	1	0	0	256.439	241.038	132.402	55.5797	80.7526	118.57	248.614	239.401	233.023	133.314	95.59	55.1602	80.0685	102.406	118.553	5.12813	6	0	89.8046	-25.4026	24.1126	102.483	-25.4026	24.1126	102.483	
13905	35167	398.347	812.951	397.554	-294.817	-26.119	-0.669551	0	0	0	0	0	258.199	121.314	133.314	-113.534	447.124	723.555	258.367	199.698	121.314	133.849	14.6576	-113.534	446.569	594.829	723.556	5.31958	13	0	75.739	-999999	-999999	-999999	-999999	-999999	-999999	
13905	35252	248.187	617.36	244.233	-99999	61.467	-0.93991	1	1	1	1	1	114.106	101.303	133.652	-90.6791	-312.355	-224.796	114.036	106.06	98.9374	133.652	15.3522	-93.5953	-312.355	-276.094	-226.058	4.85902	10	0	69.1595	61.5031	-15.2964	-262.244	61.5031	-15.2964	-262.244	
13905	35465	37.6736	113.986	37.2752	-99999	4.108	-0.999342	0	0	0	0	0	167.37	166.082	133.162	96.5392	231.654	236.659	167.365	167.209	166.077	133.162	114.849	96.5261	231.654	233.961	236.663	5.72068	9	0	63.0794	4.1364	33.1443	239.64	4.1364	33.1443	239.64	
13905	36165	49.924	150.25	49.9221	-99999	-23.686	-0.209417	0	0	0	0	0	70.2615	97.1998	134.003	124.846	510.28	551.089	70.2886	82.9449	97.2269	134.003	128.475	124.846	510.28	531.048	551.089	6.21159	13	0	85.0316	-17.3012	53.7261	543.258	-17.3012	53.7261	543.258	
13905	24828	245.706	565.764	245.699	-99999	3.737	-0.803487	1	1	1	1	1	119.782	168.924	132.432	-85.6065	-632.701	-535.242	119.777	154.134	168.92	132.432	26.1203	-85.6065	-632.701	-581.79	-535.242	5.49272	8	0	81.092	3.76804	-6.51211	-568.947	3.76804	-6.51211	-568.947	
13905	25120	220.457	467.906	220.027	-99999	96.971	-0.520351	1	1	1	1	1	250.064	185.182	134.09	21.2415	414.41	239.631	280.43	247.799	215.366	134.09	83.0899	21.0615	414.41	324.106	239.403	4.76416	11	0	69.4909	97.0268	3.40145	301.098	97.0268	3.40145	301.098	
13905	29920	52.0934	422.06	51.5178	-99999	-39.194	-0.889987	1	1	1	1	1	311.104	300.127	133.489	86.3792	-634.631	-619.579	298.83	293.839	287.751	133.489	109.94	86.1074	-634.631	-624.712	-619.339	4.60936	8	0	395.964	-39.1812	-5.96302	-579.915	-39.1812	-5.96302	-579.915	
13905	4198	246.556	550.987	242.264	-46.69	-46.493	-0.909745	1	1	1	1	1	199.161	259.789	131.818	-81.4101	-73.2604	-167.974	198.911	221.41	260.398	133.447	22.5664	-83.5402	-72.5624	-121.089	-169.117	4.58394	12	0	62.0348	-46.4768	-18.7749	-140.339	-46.4768	-18.7749	-140.339	
13906	9897	120.217	425.855	116.538	-99999	-0.969	-0.588885	1	1	1	1	1	356.676	265.561	-9.67898	60.8747	3.33381	18.996	262.709	309.483	356.744	62.8699	26.3238	-9.84437	19.4377	11.7043	3.28866	7.8251	202	0	425.855	-0.985772	8.25286	11.624	-0.985772	8.25286	11.624	
13905	32560	99.9721	3574.52	95.3623	-99999	28.43	-0.519632	1	1	1	1	1	128.888	107.28	133.946	53.7447	-852.789	-843.45	129.399	116.513	107.248	134.345	95.8469	53.7447	-853.691	-852.219	-843.45	4.47744	9	0	118.083	28.4597	0.108096	-810.059	28.4597	0.108096	-810.059	
13905	19525	236.355	647.99	235.826	-99999	76.729	-0.54658	1	1	1	1	1	173.345	127.319	133.458	-7.97629	-480.903	-300.39	173.257	143.687	127.203	133.458	64.0315	-8.1893	-480.903	-390.101	-300.081	8.16146	15	0	176.276	76.7683	8.36357	-352.948	76.7683	8.36357	-352.948	
13905	37968	277.99	674.678	275.822	-31.4336	-31.052	-0.646153	1	1	1	1	1	302.326	176.434	132.066	-36.5659	661.125	837.068	302.423	246.091	175.109	132.231	41.3835	-37.5134	660.956	749.633	838.065	4.51242	9	0	133.344	-31.0174	-5.04989	734.28	-31.0174	-5.04989	734.28	
13905	39268	281.639	655.198	281.457	-99999	-22.423	-0.715006	1	1	1	1	1	65.4948	151.232	18.2457	-165.812	267.722	458.916	65.4897	113.7	151.267	18.3086	-80.8119	-165.848	267.668	355.169	458.993	6.56466	13	0	83.0937	-22.3966	-15.1354	310.319	-22.3966	-15.1354	310.319	
13905	37329	193.6	427.493	193.51	-99999	-17.274	-0.894988	1	1	1	1	1	64.7168	117.678	134.129	-40.3989	-113.194	-51.6826	64.7064	97.6682	117.698	134.207	46.8354	-40.3989	-113.217	-87.9981	-51.6826	10.0441	10	0	89.4048	-17.253	2.58075	-72.4349	47.407	23.9313	-114.862	
13905	39391	343.993	1716.44	343.455	15.0662	16.304	-0.718362	1	1	1	1	1	79.962	285.795	133.528	-107.78	86.2181	-44.4912	79.6609	183.069	285.795	133.909	12.4894	-107.78	86.4306	22.1599	-44.4912	4.09476	11	0	69.5233	16.342	-12.5629	8.99258	16.342	-12.5629	8.99258	
13905	32100	211.808	492.05	211.592	-99999	-1.894	-0.884634	1	1	1	1	1	160.281	135.735	133.517	-55.2827	-259.389	-168.498	160.335	141.332	135.737	133.703	39.3349	-55.2827	-259.475	-215.409	-168.498	4.29412	15	0	66.1417	-1.86325	-3.30523	-199.889	-1.86325	-3.30523	-199.889	
13905	33900	322.246	785.349	317.922	-99999	15.423	-0.901591	1	1	1	1	1	253.209	339.373	133.772	-165.28	148.374	127.557	258.039	310.114	344.049	133.772	-17.5018	-167.752	148.374	130.1	127.328	17.1164	9	0	175.565	15.4453	-37.123	126.561	15.4453	-37.123	126.561	
13905	30345	252.631	613.832	251.861	-99999	92.859	-0.955031	1	1	1	1	1	269.47	181.16	133.085	-102.726	-342.672	-338.37	298.771	254.558	210.238	133.82	15.5277	-102.726	-342.668	-340.59	-338.37	4.00931	8	0	44.6281	92.8903	-21.1232	-358.505	92.8903	-21.1232	-358.505	
13905	34345	428.817	916.131	428.257	99.918	99.095	-0.750839	1	1	1	1	1	151.926	217.074	133.251	-170.237	-590.778	-884.701	151.89	191.606	217.074	133.669	-17.9094	-170.237	-590.427	-736.69	-884.701	4.54582	17	0	35.9641	99.1392	-12.113	-686.771	99.1392	-12.113	-686.771	
13905	34645	272.815	626.803	270.559	-99999	55.916	-0.915383	1	1	1	1	1	194.976	103.241	131.574	-98.4901	-682.279	-579.755	194.97	156.649	102.612	131.771	8.13355	-100.414	-682.341	-639.635	-579.431	4.74386	15	0	80.8535	55.9494	-30.9293	-614.755	55.9494	-30.9293	-614.755	
13905	31304	159.634	383.756	158.233	-99999	99.525	-0.958118	1	1	1	1	1	115.173	172.425	133.013	-13.1479	-147.387	-144.895	114.895	136.68	172.624	133.576	56.945	-13.8834	-147.371	-150.072	-144.76	6.73943	7	0	71.3957	99.552	13.3435	-151.604	51.992	54.8234	-150.994	
13905	33852	255.485	536.811	254.137	86.0661	85.347	-0.909921	1	1	1	1	1	201.161	262.799	132.458	-96.0759	876.18	790.695	200.87	243.485	262.79	133.419	19.2276	-96.3416	876.497	838.695	790.599	8.12772	11	0	82.9265	85.3768	-23.2682	780.83	85.3768	-23.2682	780.83	
13905	34831	300.585	700.83	300.578	-99999	30.225	-0.860458	1	1	1	1	1	65.7981	192.369	86.7349	-170.664	235.544	318.081	65.7629	125.713	192.334	86.7363	-39.554	-170.664	235.544	289.419	318.081	5.43802	9	0	70.1367	30.2486	25.956	254.604	-11.6314	-23.9323	216.985	
13905	34754	322.499	748.179	321.944	25.913	26.733	-0.841694	1	1	1	1	1	267.199	84.1131	133.132	-113.343	273.501	362.294	267.233	170.221	83.8813	133.187	9.71063	-113.737	273.486	308.958	362.415	8.94834	9	0	82.138	26.7447	-38.0519	327.614	26.7447	-38.0519	327.614	
13905	36651	296.396	663.438	295.447	-137.447	-3.329	-0.83954	1	1	1	1	1	321.687	182.399	132.934	-112.343	-705.71	-619.953	321.977	250.054	182.28	133.49	12.5103	-112.576	-705.922	-659.788	-619.845	5.59585	13	0	69.5853	-3.29328	-6.47493	-739.95	95.6567	30.4573	-645.708	
13905	36651	251.191	535.254	249.349	-99999	-3.329	-0.807395	1	1	1	1	1	286.846	121.548	133.336	-48.2549	-777.518	-741.355	286.957	207.542	120.682	133.499	37.3193	-49.5747	-777.55	-764.007	-740.926	6.53351	10	0	70.4542	-3.29328	-6.47493	-739.95	-3.29328	-6.47493	-739.95	
13905	38551	307.454	684.102	307.325	70.3549	69.872	-0.63627	1	1	1	1	1	187.627	289.822	132.959	-43.6487	-306.777	-535.082	187.605	229.243	289.822	133.038	40.243	-43.6487	-306.684	-421.814	-535.082	6.87334	13	0	93.8447	69.9153	-12.139	-471.351	69.9153	-12.139	-471.351	
13905	38551	305.433	668.18	305.414	-99999	108.11	-0.861051	1	1	1	1	1	176.748	325.123	126.234	-140.175	280.276	264.538	210.602	284.845	358.985	126.234	-7.07692	-140.19	280.276	274.787	264.537	8.04332	8	0	47.2766	108.145	-46.3683	259.855	108.145	-46.3683	259.855	
13905	35718	250.806	594.509	249.174	28.7581	29.814	-0.979718	1	1	1	1	1	162.317	217.841	132.503	-108.506	-592.057	-614.095	162.075	189.507	217.908	133.776	11.8074	-108.822	-591.962	-600.183	-614.096	6.81154	8	0	122.501	29.852	-15.3416	-584.249	29.852	-15.3416	-584.249	
13905	39898	304.907	684.674	304.552	-99999	55.892	-0.566685	0	0	0	0	0	77.9346	122.781	133.251	-80.221	-435.78	-228.934	77.8308	104.337	122.717	133.443	36.3464	-80.221	-436.06	-321.945	-228.934	6.07327	15	0	90.9428	-999999	-999999	-999999	-999999	-999999	-999999	
13905	27100	139.823	340.913	139.644	-99999	49.751	-0.786639	1	1	1	1	1	82.928	168.819	133.738	26.1139	233.898	254.218	82.8711	123.352	168.867	133.738	78.1295	25.9742	233.898	246.043	254.206	6.42469	6	0	76.1798	49.7798	27.1976	242.651	49.7798	27.1976	242.651	
13906	14914	161.868	3881.17	161.365	61.2177	60.023	-0.776302	1	1	1	1	1	196.176	260.18	133.757	9.10592	795.636	717.322	196.176	230.555	260.424	133.757	72.8612	8.68913	795.636	755.457	717.188	8.09122	9	0	84.7869	60.0702	5.73013	721.197	60.0702	5.73013	721.197	
13905	6824	208.789	467.164	202.057	-99999	-38.865	-0.882482	1	1	1	1	1	193.886	157.902	133.199	-42.2504	-631.651	-547.676	194.026	162.418	159.386	133.413	42.0469	-45.9462	-631.726	-592.696	-542.593	4.61504	12	0	78.0435	-38.8347	-6.46737	-572.44	-38.8347	-6.46737	-572.44	
13905	9224	301.243	689.404	301.146	-99999	-40.12	-0.916801	1	1	1	1	1	267.659	322.489	133.15	-154.623	-607.942	-656.68	255.066	296.56	309.925	133.223	-6.78782	-154.623	-607.925	-643.361	-656.68	6.52544	11	0	39.1306	-40.0813	-28.6363	-639.912	-40.0813	-28.6363	-639.912	
13906	11384	264.669	626.495	264.366	-99999	31.373	-0.945927	1	1	1	1	1	98.8891	162.998	131.982	-108.701	-599.097	-516.274	98.8092	124.211	162.962	132.262	8.49067	-108.701	-599.18	-560.621	-516.274	11.6154	18	0	91.9361	31.4034	-5.87866	-556.788	31.4034	-5.87866	-556.788	
13906	11884	20.825	72.5892	20.3401	-99999	102.069	-0.886103	1	0	0	0	0	318.404	327.108	133.907	115.576	281.116	282.42	350.34	354.829	359.236	133.956	124.602	115.193	281.113	281.836	282.447	6.18387	7	0	70.6952	102.084	37.9622	256.472	102.084	37.9622	256.472	
13906	5524	60.7744	148.646	60.4582	-99999	-13.488	-0.314561	1	1	1	0	0	64.4545	114.998	-47.6139	-65.9822	601.324	628.708	64.3619	90.4082	115.15	-47.5753	-56.0483	-66.0275	601.273	614.358	628.8	4.83101	10	0	62.3335	-13.4587	-44.4527	617.04	-13.4587	-44.4527	617.04	
13906	11552	181.796	375.627	181.611	-99999	79.838	-0.618347	1	1	1	1	1	106.584	90.3656	134.255	26.3256	-17.3442	125.553	106.492	98.8521	90.2743	134.255	82.2963	26.3256	-17.3442	56.6157	125.553	4.14004	8	0	25.4826	79.8692	34.6254	81.381	79.8692	34.6254	81.381	
13906	10518	329.874	867.593	308.583	36.0614	36.677	-0.958223	1	1	1	1	1	196.756	280.054	132.083	-161.548	-778.018	-823.173	196.514	240.757	285.171	133.162	-23.8003	-180.775	-777.81	-802.188	-826.367	4.9566	8	0	70.9424	36.6934	-33.6795	-765.125	36.6934	-33.6795	-765.125	
13906	14361	358.869	723.626	358.826	-99999	3.265	-0.650526	1	1	1	1	1	182.117	150.814	133.441	-114.732	438.756	692.286	182.114	169.648	150.81	133.441	14.1449	-114.732	438.756	570.5	692.286	5.13247	12	0	74.7953	3.28407	-20.9139	598.239	3.28407	-20.9139	598.239	
13906	13350	224.722	522.924	224.508	-99999	50.417	-0.906871	1	1	1	1	1	196.658	292.088	126.911	-58.4487	-97.7957	-174.81	212.445	250.422	308.019	126.911	27.224	-58.5947	-97.7957	-132.975	-174.861	8.31006	8	0	71.862	50.4478	-16.0537	-157.372	50.4478	-16.0537	-157.372	
13906	17466	65.5131	188.238	64.6714	-99999	86.976	-0.965864	0	0	0	0	0	208.661	188.829	129.948	69.2972	-181.495	-177.681	208.605	200.899	188.675	130.243	98.9461	68.774	-181.56	-176.178	-177.761	7.5486	6	0	84.7862	87.0063	22.7203	-170.641	87.0063	22.7203	-170.641	
13906	18366	190.547	462.492	188.26	-99999	14.974	-0.683827	1	1	1	1	1	198.382	134.327	132.595	7.66192	743.921	869.142	198.521	165.67	133.73	132.919	70.5108	6.53408	743.612	807.61	870.434	7.83507	14	0	85.0044	15.0099	-21.1475	394.019	-39.7601	-6.51862	770.187	
13906	21088	221.748	3523.03	221.013	-99999	69.592	-0.81713	1	1	1	1	1	194.098	95.1225	-62.3853	32.7157	-894.899	-724.445	95.0429	143.909	194.201	32.7157	-13.4901	-62.5569	-724.445	-809.575	-895.188	7.02016	551	0	3523.03	69.5763	-0.140371	-746.616	69.5763	-0.140371	-746.616	
13905	24811	158.626	340.742	158.458	-99999	42.07	-0.806271	1	1	1	1	0	112.794	105.58	131.457	7.86366	647.676	739.402	112.749	107.212	105.532	131.479	72.3398	7.86366	647.66	697.048	739.402	7.43045	10	0	60.6412	42.0949	2.14187	475.244	42.0949	2.14187	475.244	
13905	29816	346.323	1179.43	345.089	20.2221	19.191	-0.745335	1	1	1	1	1	287.955	73.9068	133.951	-96.4873	98.9257	236.46	288.282	176.175	73.4353	134.369	19.0558	-96.9327	98.7835	162.087	236.654	6.21317	8	0	72.25	19.2224	-27.0325	180.379	19.2224	-27.0325	180.379	
13906	2158	197.116	441.465	191.388	-99999	57.521	-0.547003	1	1	1	1	1	70.5011	220.023	-1.57196	-112.488	-791.962	-748.974	61.462	138.789	214.732	-1.57196	-58.6499	-115.684	-791.962	-770.19	-747.525	7.52324	9	0	57.0973	57.5597	-38.7233	-754.727	57.5597	-38.7233	-754.727	
13906	4038	347.545	772.815	341.464	96.6071	97.469	-0.862686	1	1	1	1	1	167.825	312.299	129.118	-157.865	-476.123	-588.639	165.735	233.054	312.743	133.456	-16.7035	-158.692	-474.608	-529.803	-589.052	4.45153	14	0	73.5721	97.4886	-39.4801	-542.527	97.4886	-39.4801	-542.527	
13906	3062	366.399	1861.35	366.317	67.4156	66.056	-0.813608	1	1	1	1	1	144.695	259.916	133.749	-157.549	-172.543	-359.528	144.695	211.81	259.932	133.749	-12.1604	-157.608	-172.543	-260.525	-359.553	5.83263	15	0	82.7632	66.0938	-20.1595	-271.547	66.0938	-20.1595	-271.547	
13906	392	272.564	684.223	271.802	88.603	87.309	-0.827184	1	1	1	1	1	240.523	139.667	132.874	-90.6666	-774.031	-658.448	240.609	187.189	139.575	133.121	22.4502	-91.0431	-774.167	-715.481	-658.195	5.42338	15	0	82.1435	87.344	-24.386	-683.664	87.344	-24.386	-683.664	
13906	10142	112.618	212.53	111.825	-99999	6.16	-0.476145	1	1	0	0	0	80.9946	159.536	43.0879	-16.1942	-894.44	-841.847	80.4828	119.561	159.554	43.4336	14.0676	-16.2199	-894.868	-867.001	-841.833	5.13954	9	0	68.2347	6.18939	7.59725	-828.733	6.18939	7.59725	-828.733	
13906	691	136.308	302.902	132.947	-99999	-28.324	-0.634051	1	1	1	0	0	184.889	89.4679	133.611	58.8653	451.269	501.092	184.922	134.607	87.9233	133.611	91.5841	57.2492	451.269	469.176	503.572	4.4697	12	0	67.9752	-28.3062	30.0341	481.399	-28.3062	30.0341	481.399	
13906	99	82.1132	214.084	80.5567	-99999	22.525	-0.924565	1	0	0	0	0	179.518	150.594	133.462	58.9299	835.336	842.981	179.493	163.591	150.214	133.462	95.6925	57.4239	835.336	837.289	843.139	4.55041	11	0	72.3322	22.5593	33.0338	799.696	22.5593	33.0338	799.696	
13905	22323	122.095	309.163	121.687	-99999	55.305	-0.822023	1	1	0	0	0	87.3197	94.0573	132.663	37.2742	-828.596	-756.623	87.2298	91.8307	93.994	132.954	85.138	37.2742	-828.796	-791.454	-756.623	9.64668	17	0	82.6111	55.3334	37.8655	-760.165	55.3334	37.8655	-760.165	
13906	7849	247.659	600.136	247.18	-99999	77.369	-0.95104	1	1	1	1	1	275.051	334.83	133.446	-106.199	242.899	251.461	299.127	330.288	359.057	133.896	14.1819	-106.199	242.863	248.13	251.461	5.02641	9	0	45.3636	77.392	-31.9171	242.389	77.392	-31.9171	242.389	
13906	410	358.473	18057	357.993	65.0263	65.156	-0.837405	1	1	1	1	1	255.402	114.716	132.945	-166.106	-81.2031	55.6479	255.407	185.075	114.572	132.951	-17.563	-166.404	-81.2049	-13.9724	55.9528	9670.67	13	0	16257.2	65.1831	-56.1183	27.3442	65.1831	-56.1183	27.3442	
13906	2295	362.283	837.196	361.876	23.0795	22.765	-0.807887	1	1	1	1	1	299.883	98.5694	132.978	-163.594	-592.148	-631.882	299.883	199.606	98.3813	132.978	-15.9867	-163.943	-592.148	-614.868	-631.828	5.1986	8	0	80.9865	22.7946	-31.0102	-616.308	22.7946	-31.0102	-616.308	
13905	24452	142.731	372.773	142.334	-99999	36.021	-0.924669	1	1	1	1	0	123.632	124.656	133.654	0.377712	-761.285	-712.772	123.628	119.542	124.632	133.899	66.8888	0.259439	-761.383	-737.343	-712.748	5.0951	9	0	95.0249	36.051	20.2623	-727.483	36.051	20.2623	-727.483	
13906	1688	462.611	1089.26	461.781	-99999	65.677	-0.719657	1	1	1	1	1	71.5517	220.323	133.018	-168.622	13.1251	324.722	61.231	118.389	210.419	133.018	-29.1416	-169.068	13.1251	167.74	325.281	5.51128	13	0	76.3755	65.7135	-8.36116	152.687	65.7135	-8.36116	152.687	
13906	2645	334.792	767.07	333.858	72.1375	71.496	-0.803748	1	1	1	1	1	235.654	154.609	132.351	-138.871	175.302	350.863	235.832	191.414	154.609	133.103	0.763341	-138.871	174.785	267.056	350.863	5.40523	13	0	97.762	71.5314	-27.2241	282.222	71.5314	-27.2241	282.222	
13906	1085	179.669	412.589	178.935	-99999	24.848	-0.903202	1	1	1	1	1	200.945	172.302	131.99	-21.5749	-138.981	-54.2757	200.936	179.994	172.13	132.07	54.9457	-22.167	-139.013	-98.2297	-54.0959	6.34532	17	0	86.8124	24.8789	0.10689	-83.9078	24.8789	0.10689	-83.9078	
13906	3685	203.132	458.245	202.079	-99999	91.868	-0.927013	1	1	1	1	0	256.611	330.198	132.056	-54.5096	722.352	747.002	285	321.379	358.966	133.03	38.9699	-54.5096	722.232	734.224	747.002	4.82481	7	0	48.8993	91.8922	-9.78294	687.254	91.8922	-9.78294	687.254	
13906	5402	84.6681	289.212	84.5442	-99999	66.27	-0.758647	1	1	1	1	1	189.669	220.732	133.061	68.6429	519.069	564.011	179.214	194.656	210.318	133.155	101.041	68.6429	519.001	541.852	564.011	4.51833	10	0	114.389	66.3076	-11.3395	593.142	66.3076	-11.3395	593.142	
13906	8219	105.071	240.328	103.147	-99999	-13.077	-0.962095	1	1	1	1	1	64.484	90.0756	-137.506	-40.0345	56.6303	78.5023	90.1845	77.1506	64.1295	-39.6801	-89.3856	-138.972	78.5157	67.7353	56.2672	9.31664	97	0	240.328	-13.0473	-30.7653	82.5266	-13.0473	-30.7653	82.5266	
13906	12316	148.013	363.424	147.858	57.035	56.861	-0.637781	1	1	1	1	0	239.32	183.086	133.208	48.423	-488.254	-382.974	239.32	212.542	183.011	133.208	85.5984	48.3987	-488.254	-438.351	-382.844	9.94134	14	0	90.4122	56.9058	17.2291	-418.451	56.9058	17.2291	-418.451	
13906	12916	149.809	358.044	149.797	-99999	106.094	-0.816293	1	1	1	1	1	235.509	181.702	132.937	14.4495	-290.647	-362.43	268.734	249.096	214.924	132.945	71.5509	14.4495	-290.642	-328.737	-362.43	4.41675	14	0	69.963	106.135	12.5894	-340.176	106.135	12.5894	-340.176	
13905	31281	126.198	305.276	124.987	-99999	3.957	-0.927289	1	1	1	1	0	73.8353	125.762	133.462	25.2402	289.772	323.03	73.4819	95.6102	125.757	134.588	77.9713	25.2402	289.505	306.103	323.03	5.32931	10	0	79.0844	3.97973	24.071	313.55	3.97973	24.071	313.55	
13905	33181	368	884.685	367.706	-99999	47.41	-0.649237	1	1	1	1	1	155.964	93.5656	131.374	-27.7397	-777.203	-453.906	155.91	124.342	93.4515	131.374	39.5538	-27.89	-777.203	-621.215	-453.664	5.65084	16	0	84.8415	47.4436	3.07704	-566.66	47.4436	3.07704	-566.66	
13906	14486	376.165	3606.11	365.838	85.3888	85.374	-0.82657	1	1	1	1	1	120.482	229.251	133.755	-169.23	-150.446	22.6316	120.482	176.907	230.84	133.755	-21.6209	-179.195	-150.446	-60.8851	21.2691	4.85132	6	0	196.542	85.4099	-15.7703	-58.6722	85.4099	-15.7703	-58.6722	
13906	352	143.742	364.596	143.71	-99999	76.31	-0.931039	1	1	1	0	0	130.93	85.7813	133.109	5.64759	444.418	480.37	130.843	114.634	85.694	133.109	64.079	5.64759	444.418	455.512	480.37	4.68091	14	0	75.973	76.3372	23.9754	467.925	76.3372	23.9754	467.925	
13906	974	43.6632	131.752	37.3022	-99999	90.76	-0.715312	1	1	1	1	1	290.971	282.278	133.345	102.97	-4.7041	12.8248	319.392	315.581	306.748	133.345	115.221	99.804	-4.7041	5.65578	16.4564	16.1312	9	0	96.6986	90.7955	-6.44522	59.14	90.7955	-6.44522	59.14	
13906	682	316.908	715.908	316.081	-99999	-29.301	-0.879795	1	1	1	1	1	103.02	113.826	133.72	-162.865	-199.079	-100.892	103.054	107.966	113.728	133.72	-18.6631	-163.575	-199.079	-160.524	-100.619	4.27054	10	0	67.4537	-29.2836	-11.6609	-152.896	-29.2836	-11.6609	-152.896	
13906	682	162.37	361.964	161.511	-99999	41.949	-0.387726	1	1	1	1	1	222.22	345.961	-31.5535	38.8727	-894.606	-818.393	359.75	297.465	235.356	39.2046	4.11164	-31.5535	-817.948	-856.395	-894.606	6.23918	322	0	361.964	34.5264	-24.3259	-526.733	-9.51362	-3.8952	-771.153	
13905	24616	349.231	738.833	346.257	77.353	76.833	-0.893218	1	1	1	1	1	276.793	122.515	132.744	-170.978	86.7037	140.886	277.133	195.683	121.542	133.516	-16.9619	-172.839	86.5294	120.164	141.021	4.71802	9	0	67.9344	76.87	-32.7869	125.26	76.87	-32.7869	125.26	
13906	8379	326.558	705.698	322.588	33.0429	33.274	-0.814728	1	1	1	1	1	162.891	236.526	131.289	-105.326	-551.514	-755.585	162.519	198.283	236.717	133.718	6.8686	-106.007	-549.824	-645.565	-756.184	5.31348	13	0	72.5489	33.3109	-14.3417	-648.21	33.3109	-14.3417	-648.21	
13906	17979	147.057	326.113	145.249	-99999	46.817	-0.946046	1	1	1	1	1	171.16	156.232	131.93	-0.878277	-523.926	-468.463	171.158	168.191	155.995	132.705	64.5055	-1.7755	-524.186	-497.1	-468.102	4.21285	14	0	75.5323	46.8412	5.22502	-482.135	46.8412	5.22502	-482.135	
13905	22839	298.86	692.251	296.746	-99999	13.601	-0.656937	1	1	1	1	1	272.607	330.553	132.53	-54.2242	-689.468	-470.533	276.479	305.781	334.961	133.691	35.3832	-54.2485	-690.741	-582.145	-470.231	5.36079	10	0	73.2271	13.6308	-7.15584	-560	13.6308	-7.15584	-560	
13906	18941	129.373	465.504	127.81	-99999	-21.869	-0.432118	1	1	1	1	1	294.946	323.409	133.597	75.8985	692.641	803.005	287.729	302.532	316.683	133.976	104.314	75.6671	691.914	747.416	803.611	5.39824	12	0	186.003	-21.8166	38.4915	797.109	-21.8166	38.4915	797.109	
13906	17600	149.443	317.024	145.291	111.337	114.045	-0.819277	1	1	1	1	0	147.403	228.106	131.627	12.7198	316.25	297.456	145.419	189.975	228.362	134.478	75.0591	12.1318	316.586	308.581	297.355	4.40776	10	0	62.4124	114.088	8.86104	307.537	114.088	8.86104	307.537	
13906	15813	329.857	855.466	329.854	-99999	90.406	-0.773346	1	1	1	1	1	189.565	330.861	127.837	-142.815	325.82	201.871	217.876	290.133	359.171	127.837	-5.99212	-142.815	325.82	262.757	201.871	7.72022	14	0	45.0959	90.4404	-50.6171	244.98	31.0604	14.7846	282.209	
13906	19413	104.827	231.529	103.597	-99999	52.071	-0.912944	1	1	0	0	0	301.228	341.028	133.655	38.1067	-842.909	-838.774	317.447	337.595	357.716	133.843	85.4969	37.1687	-842.916	-840.994	-838.638	6.33383	6	0	49.0053	52.1036	29.7914	-827.088	52.1036	29.7914	-827.088	
13906	19085	446.557	997.381	444.892	-99999	92.3	-0.507167	1	1	1	1	1	189.885	328.146	129.224	-165.153	319.701	18.3392	218.76	287.322	357.9	129.255	-17.0785	-166.367	319.746	166.278	17.7392	5.62472	11	0	84.0514	99.1048	-58.4871	-464.094	84.6848	-54.4956	403.315	
13906	20954	282.551	650.899	280.933	89.9352	89.597	-0.496035	1	1	1	1	1	82.1445	267.61	133.947	2.06892	688.476	523.862	81.4329	174.944	267.92	134.526	67.9531	1.92504	689.192	606.856	523.566	4.80863	12	0	67.355	89.5819	-0.420836	510.767	89.5819	-0.420836	510.767	
13906	20468	352.73	1979.76	349.127	43.5978	39.425	-0.706364	1	1	1	1	1	62.4548	307.534	76.4999	-168.779	-297.76	-337.611	59.9147	183.96	307.534	79.0364	-44.5028	-168.779	-297.556	-318.734	-337.611	13.1175	6	0	1125.14	39.4642	-40.6009	-323.817	39.4642	-40.6009	-323.817	
13906	20279	186.103	454.247	185.885	-99999	116.986	-0.965071	0	0	0	0	0	128.294	137.617	130.46	-51.2496	-599.294	-564.513	128.16	132.111	137.524	130.46	39.1401	-51.4352	-599.294	-583.548	-564.463	4.80212	10	0	67.0549	88.7532	-69.0873	-432.18	88.7532	-69.0873	-432.18	
13906	21384	54.9068	169.926	46.032	-99999	11.644	-0.473492	1	1	1	1	1	238.964	272.404	134.29	111.538	-161.264	-139.479	242.61	263.076	281.094	134.29	120.757	106.814	-161.264	-149.01	-133.925	4.02188	7	0	106.85	11.6718	31.9149	-111.923	11.6718	31.9149	-111.923	
13905	2980	210.943	536.616	210.777	-99999	11.38	-0.755536	1	1	1	1	1	149.23	120.472	117.6	-49.0797	-888.348	-764.176	149.217	136.302	120.434	117.6	35.2087	-49.2281	-888.348	-823.972	-764.132	4.28245	12	0	72.7756	11.4038	-5.87336	-774.067	11.4038	-5.87336	-774.067	
13906	1035	306.252	722.395	305.797	-99999	112.01	-0.970008	1	1	1	1	1	78.794	154.064	133.363	-152.816	-548.788	-474.394	78.6023	111.234	153.936	133.801	-10.9892	-152.816	-548.875	-511.515	-474.394	5.45045	12	0	75.6173	112.03	-13.0048	-508.416	112.03	-13.0048	-508.416	
13906	2053	169.486	374.135	168.361	97.0225	95.918	-0.881936	1	1	1	1	1	178.423	253.795	133.333	-5.45842	195.107	140.228	178.423	210.734	254.585	133.333	60.0869	-6.17247	195.107	167.357	139.871	4.74828	9	0	71.6975	95.9495	5.34824	156.203	95.9495	5.34824	156.203	
13906	4930	206.3	479.539	203.777	-44.8668	-45.209	-0.899673	1	1	1	1	1	196.39	265.891	132.156	-48.6195	-532.307	-593.487	196.018	234.351	266.24	133.407	44.7037	-49.5937	-531.84	-567.508	-593.927	29.2869	15	0	94.7991	-45.1813	-9.8281	-579.196	-45.1813	-9.8281	-579.196	
13906	521	35.1072	96.3215	34.1763	-99999	93.732	-0.948326	1	1	1	1	1	221.872	225.379	132.189	99.9745	-133.902	-123.099	207.107	208.932	210.654	132.946	116.504	99.852	-134.149	-128.298	-123.05	6.118	15	0	63.8639	93.7752	-30.6547	-64.688	6.81516	-13.7859	-115.254	
13906	5499	297.597	718.455	297.014	-40.7347	-41.27	-0.833738	1	1	1	1	1	126.358	291.765	133.377	-110.844	549.284	563.666	126.123	213.945	291.816	133.736	14.3498	-110.977	549.269	560.881	563.651	5.13924	9	0	102.715	-41.2312	-15.0294	560.25	-41.2312	-15.0294	560.25	
13905	3945	319.424	816.593	294.372	-99999	27.126	-0.98358	1	1	1	1	1	317.634	267.79	132.561	-157.496	-727.587	-726.561	326.474	298.454	272.504	134.45	-22.7235	-180.301	-727.564	-727.281	-726.594	4.25861	6	0	49.7512	27.1558	-9.5609	-723.862	27.1558	-9.5609	-723.862	
13905	39376	169.734	447.842	168.773	-99999	66.84	-0.588161	1	1	1	1	1	284.463	338.239	133.405	33.1286	-685.927	-561.286	305.261	332.264	359.36	133.636	83.0915	32.7978	-686.216	-623.622	-560.866	4.01013	6	0	49.6377	66.8695	37.3721	-582.954	66.8695	37.3721	-582.954	
13906	5192	272.748	584.383	271.741	-99999	-1.976	-0.969973	1	1	1	1	1	105.627	126.663	132.284	-128.492	-156.061	-105.72	105.628	107.365	126.666	132.397	1.31215	-128.492	-156.09	-127.487	-105.72	4.50926	10	0	73.7177	-1.95543	-11.8564	-126.802	-1.95543	-11.8564	-126.802	
13905	1475	314.904	717.455	312.821	98.5054	98.024	-0.992408	1	1	1	1	1	215.203	95.0661	133.763	-144.62	736.775	690.752	215.203	175.249	93.9633	133.763	-17.6046	-146.374	736.775	723.588	690.716	4.00675	6	0	65.2456	98.0599	-42.4606	707.346	98.0599	-42.4606	707.346	
13905	2775	87.2271	204.098	86.0679	-99999	50.908	-0.877563	1	1	1	1	1	233.315	202.188	132.82	58.9302	761.851	730.594	241.722	225.681	210.188	133.839	96.4291	58.9302	762.222	746.57	730.594	4.72715	14	0	58.2638	50.9394	-35.7004	676.8	50.9394	-35.7004	676.8	
13906	10704	115.244	271.32	114.427	-99999	25.1	-0.873744	1	1	1	1	0	149.991	197.065	133.207	36.5734	299.805	335.218	149.884	177.1	197.12	133.364	84.3876	36.0506	299.767	313.167	335.572	5.24949	18	0	80.7595	25.1448	11.6375	316.095	25.1448	11.6375	316.095	
13906	18524	66.6116	151.481	66.6112	-99999	11.181	-0.785952	1	1	1	1	1	355.661	315.09	-10.972	40.9219	181.566	191.266	318.592	338.557	359.162	40.9219	14.8733	-10.972	191.266	185.607	181.566	5.47635	116	0	151.481	11.1665	-7.30944	179.036	11.1665	-7.30944	179.036	
13905	6664	163.784	357.213	163.663	-99999	77.226	-0.705245	1	1	1	1	1	261.232	200.047	133.296	28.3634	-94.5256	14.595	273.315	243.864	212.094	133.378	78.417	28.3634	-94.6005	-41.7193	14.595	6.27391	6	0	69.629	77.2642	21.0204	-29.5655	77.2642	21.0204	-29.5655	
13906	17508	249.266	540.074	246.592	-41.7574	-41.396	-0.939226	1	1	1	1	1	255.937	172.765	132.234	-96.2383	691.809	723.779	256.262	216.885	172.087	133.458	17.6199	-97.4234	691.515	714.959	723.829	4.66683	6	0	73.2978	-41.361	-19.0898	704.689	-41.361	-19.0898	704.689	
13906	18465	249.104	563.712	246.401	165.642	31.792	-0.941259	0	0	0	0	0	180.19	225.626	133.289	-97.0411	555.539	483.281	180.174	208.35	226.243	133.422	19.0279	-99.4808	555.584	515.464	482.876	4.31067	13	0	75.6062	-13.4634	28.5274	831.747	-13.4634	28.5274	831.747	
13906	20049	273.319	616.657	273.121	-99999	51.339	-0.962942	1	1	1	1	1	288.338	342.991	133.862	-132.639	35.7872	59.5271	304.359	331.66	359.067	134.048	0.761755	-132.639	35.7776	48.3743	59.5271	5.04638	9	0	62.2684	51.3475	-25.6887	43.2679	51.3475	-25.6887	43.2679	
13906	22221	174.409	390.605	174.373	13.2891	12.779	-0.865655	1	1	1	1	1	229.518	146.437	133.266	-15.3578	-336.385	-367.7	229.53	181.631	146.437	133.291	62.4018	-15.3578	-336.378	-352.963	-367.7	6.6934	7	0	66.1951	12.8181	-0.654594	-360.409	12.8181	-0.654594	-360.409	
13905	9730	80.6	201.467	79.6601	-99999	57.14	-0.959799	1	1	1	1	0	320.231	341.224	130.838	54.2454	-49.063	-42.9922	337.872	348.649	359.117	131.74	93.0459	54.2454	-49.1401	-45.88	-42.9922	7.8536	8	0	62.0061	57.1556	31.7701	-45.5264	57.1556	31.7701	-45.5264	
13906	4419	275.9	657.199	274.153	-99999	109.111	-0.654159	1	1	1	1	1	180.652	324.869	133.706	-81.168	-188.782	-278.943	214.212	286.838	359.427	134.238	26.0262	-81.8872	-188.525	-233.435	-279.306	7.03146	14	0	67.2455	109.138	-42.4553	-77.9498	17.0276	-18.2579	-225.232	
13905	36775	238.706	3596.18	237.621	-99999	39.622	-0.726691	1	1	1	1	1	185.165	87.7649	132.335	-42.1463	-99.0988	29.3707	185.516	136.817	87.6964	133.077	45.4827	-42.1952	-99.677	-34.9154	29.401	343.255	11	0	2973.17	39.6536	-42.2315	75.6244	39.6536	-42.2315	75.6244	
13906	1842	23.7894	81.7276	22.6221	-99999	54.364	-0.898208	0	0	0	0	0	277.164	279.497	132.438	113.025	-352.608	-363.892	294.057	295.53	296.622	132.993	122.619	112.609	-352.397	-357.961	-364.228	6.35081	16	0	73.6045	110.511	-10.6589	748.055	110.511	-10.6589	748.055	
13905	6651	23.7191	82.5776	22.903	-99999	109.998	-0.952246	1	1	1	1	1	183.444	181.346	133.127	111.597	-122.185	-129.658	217.996	216.585	215.791	133.906	122.721	111.597	-121.976	-125.627	-129.658	8.1831	8	0	74.0785	110.018	-24.2711	-69.7144	110.018	-24.2711	-69.7144	
13905	8651	225.306	518.833	224.292	-99999	-24.018	-0.817729	1	1	1	1	1	65.7263	156.936	50.2843	-136.043	565.567	643.719	65.7537	119.754	156.868	50.2843	-39.8621	-136.983	565.567	606.03	644.036	8.06913	16	0	86.1534	-23.9866	5.77771	593.046	-23.9866	5.77771	593.046	
13906	1398	295.11	680.738	293.97	73.558	73.585	-0.65372	1	1	1	1	1	134.694	279.247	133.412	-68.5121	-484.019	-640.164	134.546	205.517	279.743	133.622	32.9262	-69.0227	-483.831	-564.744	-640.541	6.23543	11	0	73.7648	73.6143	-10.4106	-578.128	73.6143	-10.4106	-578.128	
13906	8803	246.533	516.577	243.74	59.4076	54.313	-0.926872	1	1	1	1	1	165.586	237.125	132.282	-85.199	60.4996	-12.1276	165.36	191.672	237.609	133.877	19.3275	-85.9324	61.103	24.1333	-12.099	5.53454	6	0	72.6255	54.3415	-11.1086	17.7403	54.3415	-11.1086	17.7403	
13906	9406	308.302	615.35	305.495	41.8244	40.464	-0.931732	1	1	1	1	1	189.342	240.891	131.8	-157.416	48.8934	-27.4744	189.119	218.109	241.547	133.041	-9.77476	-158.702	49.3208	-0.639198	-27.6048	4.11933	10	0	66.4447	40.4935	-23.0708	-1.63126	40.4935	-23.0708	-1.63126	
13906	7276	44.0756	126.906	43.673	-99999	-37.888	-0.745064	0	0	0	0	0	112.573	117.603	133.008	99.9708	-428.679	-400.892	112.599	116.267	117.617	133.084	116.504	99.7389	-428.736	-414.75	-400.75	5.08997	14	0	70.8558	-37.8546	44.8646	-661.266	13.6954	23.7612	-476.902	
13906	9708	344.194	832.395	328.347	-99999	-30.402	-0.849322	1	1	1	1	1	83.8928	170.117	132.229	-160.627	444.096	534.733	83.825	134.49	170.015	132.479	-22.69	-163.684	443.956	497.974	548.803	24.045	6	0	194.087	-30.3725	-7.46655	491.458	-30.3725	-7.46655	491.458	
13906	6394	82.2557	347.457	82.0329	-99999	19.864	-0.602734	1	1	1	1	1	125.9	158.484	133.243	88.8125	37.574	98.1381	125.877	142.101	158.55	133.243	109.648	88.7255	37.574	67.0894	98.3221	14.0348	14	0	131.494	19.91	-32.5959	254.112	51.75	21.6812	252.02	
13906	10599	297.654	669.04	297.617	48.474	48.406	-0.829733	1	1	1	1	1	164.403	295.533	133.68	-103.676	883.022	767.09	164.403	232.461	295.547	133.68	11.0355	-103.697	883.022	833.499	767.07	5.77952	12	0	77.603	48.4504	-26.9123	774.924	48.4504	-26.9123	774.924	
13906	13239	205.044	435.327	199.972	-99999	22.203	-0.997037	1	1	1	1	1	269.738	257.796	133.278	-63.7939	640.181	657.214	276.691	264.99	265.453	133.278	31.5702	-68.5715	640.181	643.827	657.731	4.15899	12	0	82.9639	22.2307	-14.2221	640.94	22.2307	-14.2221	640.94	
13906	11724	120.542	316.019	119.549	-99999	24.796	-0.954497	1	1	0	0	0	130.721	147.305	130.615	15.202	840.57	864.345	130.695	135.587	147.306	131.469	73.0391	15.1224	840.311	853.361	864.346	6.10364	7	0	77.05	24.8312	25.3808	812.227	24.8312	25.3808	812.227	
13905	38072	183.629	414.006	181.798	-99999	54.079	-0.993953	1	1	1	1	0	309.472	301.688	132.985	-47.7396	-332.967	-316.464	326.393	321.001	318.604	133.76	42.5276	-48.7561	-333.053	-324.878	-316.35	4.09349	7	0	83.4048	58.8215	49.5788	-346.444	58.8215	49.5788	-346.444	
13906	13325	305.433	594.171	304.936	-99999	-35.86	-0.989885	1	1	1	1	1	257.25	279.107	132.708	-168.367	875.903	855.161	245.977	250.984	267.878	133.052	-16.9658	-168.367	875.936	858.202	855.161	10.7105	8	0	79.2548	-35.8346	-28.1714	799.327	-35.8346	-28.1714	799.327	
13906	14230	171.102	1649.77	169.04	21.8887	21.199	-0.766968	1	1	1	1	1	160.744	243.706	133.486	6.77773	-282.473	-356.936	160.744	204.037	244.687	133.486	68.9577	5.34191	-282.473	-318.197	-358.039	5.67782	11	0	79.0776	21.2147	8.0623	-333.292	21.2147	8.0623	-333.292	
13906	1197	104.63	245.183	103.626	-99999	79.386	-0.975469	0	0	0	0	0	278.303	293.575	134.04	35.4878	-329.624	-356.792	303.162	310.544	318.6	134.04	83.7848	34.5348	-329.624	-341.603	-357.043	4.3205	12	0	66.0964	-999999	-999999	-999999	-999999	-999999	-999999	
13906	16667	85.225	188.76	76.2103	-99999	-26.843	-0.986502	0	0	0	0	0	151.868	143.762	133.536	58.5759	-749.189	-739.576	151.959	146.545	143.209	133.907	91.9218	50.3537	-749.219	-744.586	-737.284	5.0143	13	0	69.2389	60.809	-12.196	651.697	60.809	-12.196	651.697	
13906	17038	149.004	555.049	147.762	-99999	30.46	-0.875594	1	1	1	1	1	132.881	205.084	133.656	5.88574	-455.579	-438.463	132.347	168.802	205.128	134.594	70.206	5.734	-455.701	-447.048	-438.444	19.4482	8	0	73.1447	30.4982	-23.0198	-432.104	30.4982	-23.0198	-432.104	
13906	16340	37.0641	99.8441	31.7474	-99999	2.388	-0.598058	0	0	0	0	0	185.031	195.341	131.538	116.613	-283.524	-258.739	183.916	187.547	195.42	134.616	124.484	116.596	-287.342	-272.531	-258.706	6.21803	14	0	61.3022	-999999	-999999	-999999	-999999	-999999	-999999	
13906	17991	202.746	5653.37	202.227	-99999	55.222	-0.737765	1	1	1	1	1	125.14	117.749	105.51	-41.8714	-893.119	-756.507	125.121	121.485	117.685	105.874	28.2552	-41.8714	-893.453	-828.507	-756.507	49.4032	8	0	1434.71	55.244	-42.6095	-736.878	55.244	-42.6095	-736.878	
13906	19360	94.0446	219.046	93.7887	-99999	86.536	-0.541199	1	1	1	1	1	180.43	119.948	132.973	81.55	-768.446	-718.851	180.504	149.825	119.849	133.11	108.191	81.55	-768.573	-743.116	-718.851	4.32692	10	0	57.4173	86.566	28.1318	-679.653	86.566	28.1318	-679.653	
13906	17030	325.456	731.29	324.008	13.0975	12.049	-0.865587	1	1	1	1	1	233.242	92.0687	132.715	-146.676	-219.346	-149.906	233.536	151.787	92.0156	133.262	-5.50308	-147.403	-219.433	-196.938	-149.537	6.2987	15	0	76.5446	12.0854	-23.1198	-189.102	12.0854	-23.1198	-189.102	
13905	23999	167.044	397.928	166.671	-99999	82.429	-0.994169	1	1	1	1	0	81.7481	81.481	132.819	-31.9618	99.8874	114.116	81.6538	75.0197	81.4377	132.819	49.8056	-32.3164	99.8874	104.276	114.126	4.11106	7	0	76.0662	82.4382	12.6566	111.811	82.4382	12.6566	111.811	
13906	15621	241.023	547.205	240.398	-32.2732	-34.197	-0.699703	1	1	1	1	1	145.527	295.581	133.335	-49.744	175.543	164.507	145.396	230.151	295.691	133.463	47.9809	-50.1338	175.533	177.753	164.347	6.40336	12	0	74.1259	-34.1678	-6.31196	168.974	-34.1678	-6.31196	168.974	
13905	8674	241.459	565.448	239.595	60.4052	59.947	-0.982237	1	1	1	1	1	179.949	232.775	132.566	-97.7368	-690.066	-657.765	179.838	201.69	233.12	133.428	15.7	-98.6379	-690.186	-675.021	-657.906	6.95523	10	0	96.398	59.9842	-17.0966	-657.761	59.9842	-17.0966	-657.761	
13906	784	230.869	593.962	228.585	-99999	-27.529	-0.99504	0	0	0	0	0	157.365	174.742	131.27	-70.7932	-669.292	-565.191	157.239	166.067	174.773	133.537	30.5578	-70.7932	-669.424	-619.545	-565.191	4.50469	10	0	54.701	-16.1382	39.0566	-276.854	-16.1382	39.0566	-276.854	
13905	6880	306	760.304	305.993	-99999	100.686	-0.988408	1	1	1	1	1	277.645	327.335	133.687	-167.172	-602.397	-577.587	309.175	333.951	358.864	133.687	-16.7031	-167.172	-602.397	-589.222	-577.587	5.89847	10	0	89.974	100.689	-26.9855	-571.096	100.689	-26.9855	-571.096	
13906	9375	191.548	502.297	191.227	-99999	114.832	-0.884586	1	1	1	1	0	119.927	91.6853	133.646	-44.2707	-338.508	-279.808	119.856	101.823	91.5538	133.897	46.5582	-44.2711	-338.636	-303.981	-279.808	5.69827	8	0	78.9524	114.858	0.986648	-295.14	114.858	0.986648	-295.14	
13905	5931	185.475	382.368	184.332	-99999	-41.663	-0.677449	1	1	1	1	1	151.687	178.153	133.407	8.1545	290.018	419.241	151.605	171.887	178.175	133.772	69.5725	7.84075	289.643	353.336	419.726	5.11998	15	0	76.3766	-41.6398	8.15784	374.598	-41.6398	8.15784	374.598	
13906	8647	206.72	524.014	205.81	-99999	114.597	-0.541025	1	1	1	1	1	228.4	81.0554	127.723	4.96051	288.169	362.748	210.392	136.641	62.4281	127.723	66.0367	4.40238	288.169	326.048	363.11	5.60282	12	0	78.4508	114.623	3.58659	348.18	114.623	3.58659	348.18	
13906	10358	206.351	518.311	205.175	73.1997	72.963	-0.929895	1	1	1	1	1	191.441	234.956	132.303	-59.5837	-500.857	-554.767	191.266	208.427	234.956	133.393	36.5254	-59.5837	-500.467	-531.127	-554.767	15.304	13	0	123.865	73.0009	-14.7664	-538.313	73.0009	-14.7664	-538.313	
13906	11756	69.4386	233.513	69.2622	-99999	67.354	-0.944045	1	1	1	0	0	162.392	155.379	133.238	66.8016	-31.4372	-16.3299	162.314	158.067	155.302	133.238	99.7944	66.8016	-31.4372	-24.1459	-16.3299	4.14355	21	0	144.246	67.3809	29.8584	-19.4266	67.3809	29.8584	-19.4266	
13906	10896	329.596	770.273	329.117	-99999	9.105	-0.921622	1	1	1	1	1	108.498	179.038	133.289	-162.717	582.484	703.459	108.371	152.741	179.028	133.726	-15.2122	-162.717	582.345	637.092	703.459	5.38721	14	0	71.4218	9.14072	-12.9685	638.909	9.14072	-12.9685	638.909	
13906	12696	107.086	258.041	105.405	115.779	114.213	-0.97386	1	1	1	1	1	206.201	219.039	132.275	28.2517	529.369	528.323	206.049	215.379	218.931	132.954	80.5117	27.2834	529.406	525.52	528.328	6.39966	8	0	78.0529	104.986	-15.9136	723.144	104.986	-15.9136	723.144	
13906	10590	129.392	285.984	129.202	78.1087	79.625	-0.662109	1	1	1	1	1	218.223	148.043	132.138	58.7314	-565.606	-643.296	218.301	181.23	148.035	132.246	93.8576	58.7218	-565.519	-601.951	-643.313	4.60224	8	0	73.2816	79.6642	29.4783	-613.209	79.6642	29.4783	-613.209	
13906	11991	106.603	277.656	105.888	-99999	57.894	-0.886526	1	1	1	1	1	148.25	193.627	133.263	40.4426	-520.37	-499.045	147.974	173.214	193.613	133.691	87.6165	40.2239	-520.432	-511.699	-498.998	6.31787	11	0	70.9534	57.9052	17.7681	-512.809	57.9052	17.7681	-512.809	
13906	16551	323.564	580.411	224.962	-99999	61.905	-0.978838	1	1	1	1	1	262.588	222.95	133.082	-84.9987	-638.276	-676.516	282.105	252.939	226.543	134.113	-22.6382	-179.86	-638.121	-665.431	-692.632	4.95844	10	0	106.692	61.921	-32.838	-656.986	61.921	-32.838	-656.986	
13905	39748	111.028	307.649	110.478	-99999	8.862	-0.982499	1	1	1	1	0	278.636	261.904	131.159	23.5393	-437.647	-435.39	281.416	273.163	264.682	131.195	76.5089	23.3543	-437.651	-433.217	-435.458	6.66678	11	0	84.0296	8.89239	19.3509	-434.81	8.89239	19.3509	-434.81	
13906	17643	115.425	316.251	114.203	-99999	110.463	-0.874753	1	1	1	1	1	192.428	141.915	133.359	32.9112	-188.411	-168.667	192.302	167.012	141.215	133.359	82.5848	31.8353	-188.411	-177.795	-168.625	8.43852	9	0	105.916	110.67	-75.0695	-666.255	110.67	-75.0695	-666.255	
13906	18043	153.763	415.156	140.951	-99999	9.697	-0.29783	1	1	1	1	1	67.4046	186.665	-94.2422	-136.457	-364.513	-302.404	68.9173	133.868	198.813	-94.2422	-117.328	-141.139	-364.513	-330.48	-297.013	5.40088	18	0	98.0817	5.26216	-50.3238	191.695	-44.7678	24.2267	-529.415	
13906	17839	166.804	410.482	164.269	27.06	26.95	-0.725771	1	1	1	1	1	155.238	266.665	132.062	19.5155	-557.966	-598.648	154.062	211.293	267.226	133.341	74.5001	19.081	-557.727	-571.979	-598.961	6.00799	12	0	97.5382	26.9827	10.0228	-579.615	26.9827	10.0228	-579.615	
13906	16398	201.25	447.415	193.565	70.3327	70.044	-0.936921	1	1	1	1	1	237.081	173.686	131.973	-46.341	693.178	724.732	237.493	205.904	170.429	133.316	40.9992	-51.621	692.89	716.981	724.029	5.43336	7	0	63.4716	70.077	-14.3349	708.703	70.077	-14.3349	708.703	
13906	17157	175.526	1334.56	175.359	-99999	-39.685	-0.592218	1	1	1	1	1	244.995	222.892	133.039	40.5202	-418.887	-272.178	232.568	221.385	210.446	133.039	84.4387	40.4738	-418.887	-346.688	-272.028	47.169	8	0	910.629	-39.6415	-15.8565	-197.882	-39.6415	-15.8565	-197.882	
13906	22287	368.423	1495.16	367.967	-99999	4.454	-0.839514	1	1	1	1	1	304.348	176.626	134.095	-170.541	545.486	707.391	304.348	240.806	176.528	134.095	-18.7032	-170.929	545.486	626.392	707.546	17.6456	11	0	192.374	4.48151	-26.4814	626.04	4.48151	-26.4814	626.04	
13906	21491	139.298	328.891	137.73	-14.4702	-15.311	-0.917087	1	1	1	1	1	230.136	157.857	132.916	16.9206	-148.345	-150.396	230.61	198.516	157.602	134.062	72.3108	16.7257	-148.307	-150.114	-150.377	12.9326	7	0	78.2696	-15.2726	10.4057	-151.499	-15.2726	10.4057	-151.499	
13905	20592	173.994	400.643	173.875	-99999	113.987	-0.879139	1	1	1	1	1	72.9052	123.948	133.509	-28.7169	25.1913	56.976	72.7504	100.228	123.818	133.617	54.1955	-28.7169	25.1578	47.1586	56.976	5.24346	8	0	74.4092	114.03	2.38103	358.816	46.5801	-0.3356	10.6028	
13906	20214	300.916	685.717	300.913	-99999	56.147	-0.743096	1	1	1	1	1	143.903	87.9701	132.375	-83.8853	-593.294	-392.992	143.838	119.147	87.9058	132.375	19.4088	-83.8853	-593.294	-497.354	-392.992	5.84265	14	0	60.6939	56.1799	-17.4478	-466.429	56.1799	-17.4478	-466.429	
13906	21031	242.1	577.768	241.487	-99999	15.51	-0.708651	1	1	1	1	1	125.825	118.515	132.854	-46.2089	533.541	691.773	125.887	116.286	118.497	133.279	45.4645	-46.2089	533.126	615.594	691.773	7.5632	11	0	76.721	15.5437	3.90257	637.652	15.5437	3.90257	637.652	
13906	13503	254.671	731.95	253.693	-99999	60.478	-0.874779	1	1	1	1	1	153.704	220.047	132.56	-83.9611	-788.998	-675.375	144.15	177.087	210.681	132.77	23.5316	-84.3908	-789.102	-732.627	-674.798	4.20971	19	0	64.6826	60.5215	-17.0518	-699.733	60.5215	-17.0518	-699.733	
13906	4160	287.282	634.817	285	-99999	-6.984	-0.832558	1	1	1	1	1	222.345	185.137	130.354	-95.2683	-858.407	-690.213	222.385	201.319	184.914	130.627	15.1824	-96.841	-858.584	-776.32	-689.263	4.62334	19	0	80.471	-6.946	-1.84476	-579.45	-6.946	-1.84476	-579.45	
13906	11022	141.267	49733.4	126.827	-99999	-27.389	-0.963059	1	1	1	1	1	330.224	329.645	132.9	21.0475	-102.933	-48.2204	321.647	320.307	323.756	132.9	71.6061	17.4496	-102.933	-68.3383	-39.1506	39.8196	20	0	49649.5	-29.3757	4.7485	-279.142	-29.3757	4.7485	-279.142	
13906	14888	148.785	337.73	147.432	-99999	109.471	-0.916757	1	1	1	1	1	237.769	176.318	132.748	-0.52307	-124.472	-110.413	272.45	241.569	210.473	133.708	66.4256	-0.802724	-124.566	-117.266	-110.39	6.26684	6	0	61.0552	109.506	-24.0613	-102.414	109.506	-24.0613	-102.414	
13906	17684	184.857	408.237	183.392	-99999	30.547	-0.969366	1	1	1	1	1	152.568	193.284	133.302	-44.6259	3.05885	10.569	152.355	177.142	193.437	134.03	45.0201	-45.3034	3.05908	4.25294	10.676	5.01037	13	0	77.2932	30.538	-0.399098	6.29379	30.538	-0.399098	6.29379	
13906	19625	271.811	489.657	271.431	-99999	49.328	-0.909946	1	1	1	1	1	183.177	165.589	133.162	-119.643	-246.859	-163.803	183.121	176.22	165.549	133.162	9.71043	-119.945	-246.859	-190.7	-163.708	4.77349	12	0	40.0625	49.3611	-12.6674	-190.474	49.3611	-12.6674	-190.474	
13906	8731	118.056	329.17	116.871	-886.564	-8.587	-0.448179	0	0	0	0	0	249.738	147.259	133.806	89.8138	46.2489	81.134	250.712	199.225	147.259	134.352	111.528	89.8138	45.8571	63.4749	81.134	6.08696	10	0	51.3836	12.228	-21.8243	-783.129	12.228	-21.8243	-783.129	
13906	20073	98.4131	237.937	98.4045	66.4997	66.919	-0.571421	1	1	0	0	0	234.225	201.645	133.961	94.9823	23.4178	-59.3967	234.225	221.077	201.645	133.961	108.94	94.9823	23.4178	-16.7941	-59.3967	7.45548	8	0	78.946	66.9701	33.6468	-28.7858	66.9701	33.6468	-28.7858	
13906	10863	91.2345	240.837	89.7369	-99999	20.083	-0.960611	1	1	0	0	0	173.995	176.955	133.409	75.5406	612.8	671.791	177.117	183.364	180.026	133.6	102.273	75.54	612.776	637.835	672.189	17.9206	20	0	102.862	29.753	-92.959	-660.146	29.753	-92.959	-660.146	
13906	17081	265.888	669.173	265.731	-99999	88.573	-0.625118	1	1	1	1	1	186.923	331.411	132.749	-40.1579	296.654	155.898	214.659	287.384	359.227	132.749	47.5664	-40.2657	296.654	225.07	155.818	4.67648	13	0	41.0605	88.6166	-11.2728	190.49	88.6166	-11.2728	190.49	
13906	17681	191.951	461.792	190.408	-99999	83.665	-0.910494	1	1	0	0	0	120.917	77.6717	134.044	-46.1735	825.02	864.876	120.821	93.9585	77.3122	134.044	43.8771	-47.6863	825.02	843.364	864.812	5.37827	11	0	75.8493	87.5646	-25.0216	832.908	-34.4154	24.7643	781.849	
13906	19027	115.11	933683	114.538	-99999	26.384	-0.99323	0	0	0	0	0	307.838	296.086	132.685	19.8734	-212.896	-215.059	316.16	308.544	304.348	133.153	76.1702	19.8734	-212.899	-211.407	-215.059	34.4355	15	0	933497	31.4729	-49.5776	811.386	31.4729	-49.5776	811.386	
13906	16059	21.3558	109.485	19.5946	-99999	75.87	-0.948027	0	0	0	0	0	294.448	296.3	132.488	113.972	367.196	365.669	318.138	321.466	318.995	132.712	122.658	112.971	367.229	365.995	365.594	5.03524	16	0	109.485	74.2197	-30.1684	-222.737	90.0897	62.2499	-227.134	
13906	6936	363.763	933.676	363.63	-99999	74.581	-0.780909	1	1	1	1	1	201.484	335.535	133.028	-162.213	197.349	32.8662	224.78	291.415	358.89	133.129	-14.0267	-162.213	197.409	113.869	32.8662	4.13575	14	0	83.7851	74.6128	-45.1952	91.8246	74.6128	-45.1952	91.8246	
13905	11367	176.966	427.834	153.974	-99999	46.375	-0.9891	1	1	1	1	1	237.74	240.952	133.111	-11.0585	299.323	337.796	252.262	252.949	255.616	133.111	50.3867	-30.9304	299.323	324.491	333.796	21.2696	8	0	103.83	46.4016	-31.1197	224.215	46.4016	-31.1197	224.215	
13905	11567	176.782	419.731	175.521	-99999	-37.242	-0.991435	1	1	1	1	1	264.805	297.569	132.58	-36.3391	-304.013	-272.31	253.066	268.243	285.955	133.176	47.0514	-36.9825	-303.985	-291.852	-272.295	5.66787	6	0	83.6399	-37.2094	-5.10237	-291.592	-37.2094	-5.10237	-291.592	
13906	20437	58.0652	188.485	57.2241	-99999	39.846	-0.946142	1	1	1	1	1	217.058	198.086	132.453	78.556	142.159	145.193	229.727	220.198	210.489	133.02	105.638	78.3279	142.13	143.617	145.215	4.92386	7	0	61.9073	39.8727	-29.2328	160.412	39.8727	-29.2328	160.412	
13906	21697	383.459	911.472	375.839	112.915	113.671	-0.862043	1	1	1	1	1	127.291	329.384	134.573	-169.58	467.294	555.5	127.291	227.407	333.523	134.573	-22.5608	-175.657	467.294	512.196	557.465	4.42348	8	0	71.0277	113.716	-27.8158	525.114	113.716	-27.8158	525.114	
13905	12285	23.5313	79.5732	23.0894	-99999	101.896	-0.843252	0	0	0	0	0	293.851	283.673	133.505	114.215	14.4774	7.12822	325.951	320.217	315.582	133.885	124.17	114.215	14.5863	11.2681	7.12822	6.46992	7	0	65.9874	-40.863	-72.7472	474.019	-40.863	-72.7472	474.019	
13905	17177	126.858	13548.3	119.21	-351.277	-30.983	-0.734489	1	1	0	0	0	261.445	202.819	129.075	40.9761	-498.559	-445.426	264.14	229.334	202.042	132.803	86.1132	39.2205	-500.608	-475.569	-443.662	5.91444	17	0	74.3676	-30.9543	58.289	-582.839	-30.9543	58.289	-582.839	
13905	525	67.0997	192.368	67.0384	-99999	7.006	-0.773993	1	0	0	0	0	347.859	331.898	133.612	78.3942	-440.922	-474.562	350.06	343.749	334.092	133.64	106.951	78.3942	-440.901	-460.148	-474.562	8.33532	10	0	73.8832	7.04069	48.6362	-452.733	7.04069	48.6362	-452.733	
13906	10580	20.2162	67.2511	19.756	-99999	55.165	-0.626974	1	0	0	0	0	329.583	341.823	133.207	120.798	-515.371	-524.667	346.566	352.847	359.098	133.495	127.106	120.798	-515.161	-519.84	-524.667	4.55654	13	0	67.2511	52.7007	-1.09913	329.638	102.191	-35.8157	202.72	
13905	18880	43.6439	127.956	42.0624	-99999	-34.253	-0.916446	0	0	0	0	0	248.026	254.533	132.096	95.4813	-309.497	-291.101	237.119	240.386	243.919	132.783	112.553	94.9064	-309.748	-302.313	-290.554	4.2052	6	0	64.8581	-36.5516	14.5214	-632.628	-36.5516	14.5214	-632.628	
13905	1395	311.318	719.007	309.968	108.722	108.42	-0.878614	1	1	1	1	1	156.875	265.807	132.226	-126.065	-157.736	-283.275	156.532	199.526	265.807	133.41	-5.43617	-126.065	-157.199	-212.749	-283.275	5.6086	12	0	71.6128	108.439	-20.887	-230.622	108.439	-20.887	-230.622	
13905	3406	304.468	659.898	303.565	-99999	50.573	-0.968757	1	1	1	1	1	121.83	90.5211	132.257	-167.885	736.581	723.535	121.962	97.0935	90.4633	133.081	-16.3308	-167.885	736.672	723.976	723.535	8.74644	7	0	112.489	50.599	-36.0597	731.869	50.599	-36.0597	731.869	
13905	4597	176.783	337.05	171.917	-99999	57.964	-0.981935	1	1	1	1	1	173.33	169.669	130.568	-35.6488	201.185	197.73	173.382	171.154	169.603	132.72	47.0658	-35.6488	200.771	200.236	197.73	5.86954	10	0	42.0132	57.9862	0.544545	203.756	57.9862	0.544545	203.756	
13905	199	396.154	1132.17	396.057	-99999	39.103	-0.675343	1	1	1	1	1	157.161	114.023	129.534	-117.912	220.003	520.557	157.124	131.333	113.978	129.585	-3.36046	-117.912	219.948	364.073	520.557	4.45006	15	0	287.969	39.1414	-22.5977	387.973	39.1414	-22.5977	387.973	
13905	6279	117.997	272.95	116.362	-67.2134	84.647	-0.856536	0	0	0	0	0	199.962	269.063	132.715	52.315	750.406	706.197	199.877	230.087	269.97	132.873	88.0095	51.6219	750.445	727.469	705.314	4.60651	9	0	76.817	98.5932	-23.6901	-842.965	-2.23676	-84.7464	321.798	
13905	14394	219.225	513.262	218.597	59.2349	59.288	-0.845198	1	1	1	1	1	290.776	172.739	133.195	-40.2061	731.934	779.85	291.094	236.203	172.739	133.721	40.0398	-40.2061	731.852	746.601	779.85	4.98261	12	0	94.0308	59.3114	-2.82939	739.876	59.3114	-2.82939	739.876	
13905	12253	202.344	477.48	201.782	-99999	49.466	-0.967487	1	1	1	1	0	136.955	182.035	130.677	-63.6885	858.849	883.863	136.793	159.939	181.979	131.198	33.5485	-63.6885	858.754	869.818	883.863	4.52862	19	0	96.2193	49.4913	-1.41882	807.869	49.4913	-1.41882	807.869	
13905	14053	268.777	599.53	268.674	-99999	6.542	-0.904352	1	1	1	1	1	87.376	204.208	133.564	-99.7144	679.457	740.204	87.3362	142.199	204.2	133.655	15.3156	-99.7144	679.431	711.502	740.204	7.34032	7	0	90.564	6.56669	-7.62473	709.37	-26.7333	-4.03366	712.87	
13905	10606	230.964	439.897	229.964	-99999	45.407	-0.809599	1	1	1	1	1	153.52	176.022	132.815	-36.2712	-347.774	-198.182	153.397	163.494	175.971	133.563	47.5086	-36.2712	-348.31	-272.977	-198.182	6.47986	13	0	74.1184	45.433	1.26854	-251.392	45.433	1.26854	-251.392	
13905	11517	170.838	393.396	170.379	18.1947	17.701	-0.919342	1	1	1	1	1	156.041	220.887	133.163	-23.4427	349.677	335.716	156.011	189.808	220.971	133.235	55.1777	-23.8058	349.676	342.867	335.661	4.94161	10	0	69.6382	17.7373	-0.969823	344.224	17.7373	-0.969823	344.224	
13905	19028	240.044	495.62	238.39	-431.154	43.431	-0.666292	0	0	0	0	0	179.19	323.749	133.226	-13.0175	646.603	529.886	178.237	256.839	323.749	134.336	69.1985	-13.0175	647.363	584.706	529.886	4.3301	12	0	67.6534	8.36906	49.05	-822.999	-15.4209	51.4704	-175.694	
13905	12297	196.613	462.288	194.547	-99999	108.524	-0.611155	1	1	1	1	1	194.518	310.731	131.839	11.2993	-591.185	-492.241	228.162	286.694	345.648	132.172	70.5029	10.5808	-591.455	-542.116	-491.286	7.1071	7	0	53.6559	108.56	5.83413	-504.104	108.56	5.83413	-504.104	
13905	19876	184.992	519.278	178.471	-99999	-10.253	-0.257714	1	1	1	1	1	358.199	216.466	29.0925	-15.5198	46.8309	145.658	356.728	283.172	209.944	29.1375	5.82802	-16.7786	46.7354	97.7329	149.466	4.50659	6	0	74.5303	-10.2802	-24.8705	166.794	-10.2802	-24.8705	166.794	
13905	19075	326.329	688.501	313.158	-99999	7.947	-0.970685	1	1	1	1	0	302.513	341.916	133.922	-169.606	-753.218	-819.263	304.979	325.117	345.976	134.064	-24.3656	-182.04	-753.188	-786.527	-822.548	5.43216	9	0	47.191	7.96877	-32.1344	-778.532	7.96877	-32.1344	-778.532	
13905	22251	238.434	534.336	238.426	-99999	-44.769	-0.908152	0	0	0	0	0	165.235	118.886	133.894	-75.2387	537.469	641.216	165.286	141.157	118.937	133.894	29.1982	-75.2387	537.469	588.807	641.216	5.66667	6	0	39.8832	-44.7362	34.613	261.54	-44.7362	34.613	261.54	
13905	20448	314.34	663.348	313.468	-37.6259	-35.879	-0.770272	1	1	1	1	1	82.2404	280.88	133.848	-107.009	-371.75	-362.325	81.7606	183.814	280.949	134.436	15.0883	-107.086	-371.702	-376.381	-362.316	5.57077	6	0	73.2995	-35.8317	-11.9585	-370.996	-35.8317	-11.9585	-370.996	
13905	27249	111.476	274.239	109.884	-99999	-18.56	-0.842798	1	1	0	0	0	282.618	336.474	133.353	40.2161	-449.259	-429.599	276.806	304.093	331.172	133.353	86.6279	38.7109	-449.259	-436.035	-429.576	5.85971	7	0	79.4107	-18.5391	39.6084	-433.267	-18.5391	39.6084	-433.267	
13905	3596	236.061	506.303	233.615	-39.7381	-38.918	-0.929558	1	1	1	1	1	167.065	224.188	131.626	-87.7862	-630.384	-682.19	166.822	197.086	224.186	133.771	24.6853	-87.855	-629.563	-662.197	-682.201	6.08394	12	0	67.7907	-38.8716	-11.2996	-655.202	-38.8716	-11.2996	-655.202	
13905	1194	207.783	461.086	206.821	-99999	-7.232	-0.72399	1	1	1	1	1	63.4225	196.083	82.0887	-73.9675	827.018	830.046	63.2287	133.513	196.477	82.3027	6.53582	-74.4712	827.055	818.312	830.225	5.77492	9	0	72.9509	-7.20708	55.3501	813.263	-7.20708	55.3501	813.263	
13906	15672	241.997	557.058	239.663	-99999	9.108	-0.942932	1	1	1	1	1	115.264	183.407	133.187	-92.0613	-669.648	-629.939	114.948	146.155	183.376	134.358	21.0346	-93.1096	-669.908	-641.387	-629.64	4.63836	14	0	74.8977	9.14151	-4.71064	-634.998	9.14151	-4.71064	-634.998	
13905	1485	31.7971	118.72	31.1397	-99999	23.245	-0.889381	0	0	0	0	0	169.217	185.188	133.83	108.49	-677.042	-669.121	172.62	179.824	188.814	134.418	120.838	108.49	-677.21	-673.222	-669.121	6.29286	9	0	85.9999	83.9445	-22.5573	2.44049	83.9445	-22.5573	2.44049	
13905	1714	288.272	628.659	286.174	59.403	58.645	-0.972593	1	1	1	1	1	202.889	300.634	132.152	-132.053	-380.59	-353.741	202.6	241.03	301.218	133.446	-5.17978	-132.542	-380.603	-373.713	-353.722	9.844	7	0	80.0189	58.6687	-33.0731	-388.969	58.6687	-33.0731	-388.969	
13905	4423	244.644	797.415	242.285	-99999	38.641	-0.855573	1	1	1	1	1	84.5162	216.021	133.52	-68.993	213.829	233.574	77.7429	144.181	210.464	134.705	32.4828	-69.8204	213.716	223.605	233.608	4.42822	7	0	61.865	38.6729	-18.0952	226.371	38.6729	-18.0952	226.371	
13906	15290	244.98	538.263	242.943	66.303	64.454	-0.943595	1	1	1	1	1	142.608	227.059	132.94	-92.9708	-148.458	-127.155	142.377	183.38	227.404	133.677	19.3317	-94.1668	-148.566	-133.367	-127.265	4.75659	10	0	77.5443	64.487	-8.37831	-134.962	64.487	-8.37831	-134.962	
13906	16090	333.148	1044.74	326.433	-99999	115.304	-0.777206	1	1	1	1	1	236.888	175.456	133.391	-90.1671	476.225	705.833	273.085	241.566	210.227	133.984	19.7651	-94.6619	475.764	592.764	709.403	4.42968	6	0	116.286	115.345	-26.4301	638.612	115.345	-26.4301	638.612	
13905	15909	295.358	690.296	293.008	-99999	20.374	-0.943749	1	1	1	1	1	128.801	94.5576	132.12	-137.262	385.657	490.192	128.953	106.598	94.0831	133.001	-4.80922	-138.455	385.401	433.221	490.736	4.07771	9	0	71.1145	20.4112	-15.1119	438.561	20.4112	-15.1119	438.561	
13905	22333	148.933	351.242	147.243	-99999	-12.102	-0.811389	1	1	1	1	0	154.301	90.2271	132.481	12.5181	-743.033	-687.984	154.631	123.488	89.7116	133.012	70.1917	11.8464	-743.258	-718.284	-687.407	5.78719	12	0	72.4566	-12.0807	25.005	-705.952	-12.0807	25.005	-705.952	
13905	22753	162.844	325.795	162.77	-99999	16.019	-0.550556	1	1	1	1	1	186.04	164.485	131.874	52.0756	166.462	305.031	186.034	172.277	164.466	131.908	87.2472	52.0756	166.411	232.881	305.031	10.8041	12	0	63.9973	16.0621	19.2467	257.733	16.0621	19.2467	257.733	
13905	20926	155.112	254.551	151.184	-1135.19	76.146	-0.966857	0	0	0	0	0	204.455	230.091	132.049	-14.7531	348.411	336.128	204.342	224.261	230.553	132.555	58.1601	-18.0654	348.481	344.309	335.94	28.4309	8	0	82.157	78.2648	19.2139	763.503	-18.6052	-34.5425	143.855	
13905	28437	124.92	311.435	124.299	-99999	95.911	-0.699014	0	0	0	0	0	158.053	178.812	132.117	38.5581	-627.288	-549.067	157.854	173.281	178.72	132.45	86.8897	38.4565	-627.62	-587.846	-548.973	8.97628	15	0	54.5169	105.599	-81.7741	-644.663	105.599	-81.7741	-644.663	
13905	25778	46.5326	140.06	45.9045	-99999	94.859	-0.918805	0	0	0	0	0	106.025	96.4493	134.076	90.1258	315.419	323.757	105.916	100.924	96.2123	134.076	112.089	89.5259	315.419	321.012	323.706	6.40393	7	0	79.4451	94.8735	44.0672	334.458	94.8735	44.0672	334.458	
13905	28001	300.773	682.047	300.633	-99999	49.435	-0.959621	1	1	1	1	1	207.974	138.986	133.081	-155.278	646.904	690.697	207.917	165.918	138.89	133.081	-8.81869	-155.405	646.904	673.292	690.724	5.49235	10	0	68.9233	49.4691	-31.747	673.505	49.4691	-31.747	673.505	
13905	25110	175.399	493.287	171.976	-99999	12.467	-0.982822	1	1	1	1	1	180.784	195.328	133.091	-36.4419	-662.577	-640.898	180.77	190.484	195.13	133.091	46.7917	-39.7717	-662.577	-650.636	-640.232	5.0749	11	0	154.289	12.4965	-3.19688	-639.926	12.4965	-3.19688	-639.926	
13905	22010	180.051	427.487	179.918	47.0789	45.521	-0.944379	1	1	1	1	1	187.634	265.297	133.131	-27.8985	-172.476	-177.545	187.634	223.049	265.344	133.131	50.5044	-28.014	-172.476	-169.725	-177.563	4.61392	8	0	85.9553	45.5535	-1.82951	-173.22	45.5535	-1.82951	-173.22	
13905	39314	190.709	1052	187.252	-99999	58.365	-0.571245	1	1	1	1	1	214.671	283.344	132.361	23.8847	-293.186	-156.894	232.507	267.329	302.51	132.971	77.5253	22.5649	-293.949	-224.637	-155.119	32.1917	12	0	594.177	58.4081	-12.9261	-161.203	58.4081	-12.9261	-161.203	
13905	37342	338.625	874.66	338.397	-99999	50.673	-0.826445	1	1	1	1	1	207.489	97.9774	133.192	-142.073	-146.938	16.226	207.431	153.23	97.8312	133.192	-5.56298	-142.224	-146.938	-66.5021	16.3597	4.56664	14	0	89.3454	50.7054	-40.8228	-40.8153	50.7054	-40.8228	-40.8153	
13905	39642	121.74	310.282	120.174	-99999	81.749	-0.925704	1	1	1	1	0	151.118	163.413	133.267	22.8401	-205.723	-160.191	151.027	156.347	163.362	133.584	77.3831	21.7055	-205.853	-183.125	-159.746	5.67728	15	0	77.944	81.7829	23.5978	-173.888	81.7829	23.5978	-173.888	
13905	38293	381.094	982.962	379.986	29.6348	30.544	-0.556236	1	1	1	1	1	61.7401	344.55	118.792	-82.1139	-708.056	-862.355	60.9146	200.32	344.55	119.404	14.382	-82.1139	-707.663	-784.014	-862.355	4.99148	8	0	56.2742	30.5836	-33.1824	-798.86	30.5836	-33.1824	-798.86	
13905	24041	213.113	1972.4	212.792	31.6667	31.641	-0.964474	1	1	1	1	1	165.514	216.675	132.793	-72.3576	632.526	615.835	165.46	194.39	216.707	132.998	30.7765	-72.4522	632.539	624.842	615.827	313.073	11	0	1570.14	31.6709	-6.83974	619.87	31.6709	-6.83974	619.87	
13905	40654	232.242	502.188	229.216	73.722	72.305	-0.915765	1	1	1	1	1	163.92	243.35	132.742	-75.6271	-409.466	-461.603	163.895	206.346	244.167	132.814	28.2286	-78.3882	-409.447	-436.603	-462.184	4.44398	8	0	63.4224	72.3317	-11.1974	-438.646	72.3317	-11.1974	-438.646	
13905	40395	312.273	757.045	311.644	-99999	100.4	-0.971638	0	0	0	0	0	248.062	308.054	133.09	-170.937	555.649	588.496	279.358	309.223	339.494	133.696	-18.6319	-170.937	555.597	572.363	588.496	4.48703	8	0	60.5061	47.1732	-14.4706	-670.235	-15.7368	-2.25675	714.482	
13905	5894	108.436	260.963	108.114	-99999	47.891	-0.528937	0	0	0	0	0	66.2696	121.006	38.1361	-24.6955	-756.567	-689.831	66.0794	96.6491	120.958	38.2835	10.0767	-24.7113	-756.736	-722.212	-689.824	4.40467	13	0	73.0487	80.9318	23.9572	-732.744	80.9318	23.9572	-732.744	
13905	9194	217.339	506.532	216.291	-99999	110.722	-0.928489	1	1	1	1	1	173.346	123.725	132.945	-71.3768	680.177	727.706	173.429	150.184	123.516	133.627	31.4258	-71.6703	679.98	708.476	727.711	11.761	6	0	80.2484	110.745	-21.1944	711.216	110.745	-21.1944	711.216	
13905	6098	171.035	466.411	171.032	-99999	114.112	-0.787002	1	1	1	1	1	116.137	84.2845	133.801	-3.3188	-507.354	-410.248	116.006	100.267	84.154	133.801	65.1379	-3.3188	-507.354	-458.882	-410.248	16.3137	15	0	87.7945	114.136	-24.2019	-398.577	114.136	-24.2019	-398.577	
13905	14882	125.96	295.427	125.956	-99999	35.249	-0.977456	1	1	1	1	1	157.647	187.241	133.074	12.6042	169.468	187.385	157.607	172.61	187.2	133.074	72.2415	12.6042	169.468	175.623	187.385	4.49897	9	0	64.0451	44.0191	2.08401	-153.143	44.0191	2.08401	-153.143	
13905	11824	121.565	9654.54	121.141	-99999	69.523	-0.848556	1	1	1	1	1	137.833	204.816	133.199	32.5381	-355.193	-348.844	137.594	171.187	204.797	133.458	82.8549	32.436	-355.204	-352.972	-348.839	5.54138	11	0	9284.47	69.5639	-23.2375	-350.851	69.5639	-23.2375	-350.851	
13905	18113	181.627	437.209	181.609	-99999	90.507	-0.658794	1	1	1	1	1	148.923	145.125	132.979	-3.81828	184.356	301.854	148.82	144.565	145.022	132.979	63.635	-3.81828	184.356	242.347	301.854	5.73072	15	0	76.2405	90.5349	-15.6927	69.8046	90.5349	-15.6927	69.8046	
13101	31713	181.611	406.158	181.586	-99999	99.186	-0.934354	1	1	1	1	1	192.243	127.488	133.126	-34.2509	-393.712	-374.318	192.136	162.418	127.374	133.142	47.645	-34.2509	-393.713	-388.397	-374.318	4.23597	11	0	70.7541	99.2012	-7.52864	-382.762	99.2012	-7.52864	-382.762	
13101	36765	144.366	354.56	142.153	-99999	101.939	-0.960497	0	0	0	0	0	186.573	178.361	132.836	-4.74447	-379.984	-413.627	218.494	214.509	210.246	132.836	62.6969	-6.68356	-379.984	-396.337	-414.647	4.24298	12	0	51.52	-30.6554	-84.2329	347.951	-30.6554	-84.2329	347.951	
13101	27976	323.527	724.968	323.102	48.3798	49.502	-0.88793	1	1	1	1	1	165.407	316.823	132.962	-150.053	-537.583	-530.375	165.226	242.621	316.823	133.338	-7.93347	-150.053	-537.608	-523.425	-530.375	4.44266	8	0	79.4763	49.5369	-36.1262	-527.925	49.5369	-36.1262	-527.925	
13101	29056	47.5646	117.929	47.0013	-99999	82.839	-0.945985	1	1	0	0	0	319.162	333.144	132.832	88.1895	-474.93	-470.446	344.936	352.041	359.092	133.341	110.786	88.1659	-474.986	-472.463	-470.444	5.21208	8	0	50.1915	82.8638	31.0697	-461.709	82.8638	31.0697	-461.709	
13104	4466	114.027	300.044	114.004	67.8557	66.273	-0.869422	1	1	1	0	0	192.144	226.567	133.019	36.5011	-307.119	-355.969	192.141	209.529	226.567	133.027	84.3145	36.5011	-307.116	-331.055	-355.969	5.11097	6	0	60.2121	66.3035	11.9855	-343.726	66.3035	11.9855	-343.726	
13101	39929	152.18	353.716	151.842	-99999	115.682	-0.986907	0	0	0	0	0	136.777	117.241	133.475	-15.8185	-861.223	-853.372	136.645	127.904	117.039	133.475	58.0884	-16.1171	-861.223	-863.798	-853.323	8.88011	11	0	68.0671	86.6254	-33.4593	-482.452	86.6254	-33.4593	-482.452	
13101	39783	142.934	339.946	141.568	-99999	27.988	-0.945757	1	1	1	1	1	214.114	262.349	131.675	-0.278603	116.691	120.457	222.687	242.617	271.513	132.216	63.6586	-0.952133	116.687	118.64	120.368	4.90501	8	0	71.5491	28.0241	5.47157	114.35	28.0241	5.47157	114.35	
13104	21418	133.436	319.225	132.617	-99999	82.764	-0.694279	1	1	1	1	1	136.928	223.737	133.461	43.1875	-801.508	-757.948	123.922	167.407	211.241	133.461	88.0729	42.5982	-801.508	-779.168	-757.702	4.76499	10	0	65.8248	82.8064	-30.5088	-558.496	82.8064	-30.5088	-558.496	
13101	36479	228.016	528.928	227.545	-99999	55.787	-0.930188	1	1	1	1	1	315.409	217.253	133.385	-71.0251	625.036	613.173	333.041	285.55	234.722	133.825	30.2648	-71.0251	625.044	622.333	613.173	6.35272	9	0	74.0525	55.8119	-24.4542	614.279	55.8119	-24.4542	614.279	
13101	36959	289.611	730.469	289.501	-99999	94.668	-0.900985	1	1	1	1	1	122.878	153.521	132.494	-102.429	582.355	738.127	122.751	153.041	153.413	132.578	9.05896	-102.429	582.32	651.195	738.127	5.00369	13	0	72.3517	94.7073	-13.8029	663.805	94.7073	-13.8029	663.805	
13101	38123	165.642	417.192	163.963	-99999	-3.188	-0.859267	1	1	1	1	1	330.781	240.3	133.84	3.66803	99.923	138.492	329.783	283.008	238.762	133.84	67.8883	2.10519	99.923	117.408	138.701	5.033	8	0	75.5242	-3.15796	14.6849	121.475	-3.15796	14.6849	121.475	
13104	5478	268.674	659.444	268.669	-99999	66.411	-0.691395	1	1	1	1	1	157.483	74.6932	133.56	-43.007	667.003	846.583	157.407	132.934	74.6172	133.56	38.7597	-43.007	667.003	758.798	846.583	4.8093	13	0	73.0879	66.443	-8.1137	778.33	66.443	-8.1137	778.33	
13101	9496	23.5059	76.2917	21.3538	-99999	30.586	-0.822748	0	0	0	0	0	92.0225	80.861	133.555	115.668	-88.3696	-85.1075	92.1307	85.8137	79.9436	133.777	124.095	114.012	-88.4222	-86.3076	-84.9571	4.1477	8	0	72.7088	36.0148	-34.8672	-101.208	36.0148	-34.8672	-101.208	
13104	21957	164.607	370.431	164.541	-99999	-20.64	-0.533945	1	1	1	1	1	353.869	217.001	23.6292	113.749	298.241	312.341	210.483	278.991	347.406	113.782	69.0136	23.6292	312.344	303.853	298.241	4.66872	201	0	370.431	-20.6396	15.228	296.606	-20.6396	15.228	296.606	
13104	103	260.595	600.554	259.746	-99999	20.255	-0.986502	1	1	1	1	1	292.286	290.725	133.75	-122.856	-294.903	-272.782	298.602	307.58	297.019	134.189	4.78129	-123.201	-294.977	-283.797	-272.857	5.94964	12	0	77.0432	20.2783	-20.9842	-282.579	20.2783	-20.9842	-282.579	
13101	9151	41.461	79.7954	39.4917	-99999	19.967	-0.933132	0	0	0	0	0	207.075	222.026	130.095	94.6016	79.0275	87.2285	213.281	220.622	228.772	130.254	111.574	92.9066	78.9921	84.0651	87.3069	5.77197	6	0	56.7101	21.1333	-1.65724	-714.255	21.1333	-1.65724	-714.255	
13101	7321	110.545	297.254	109.422	-99999	-29.841	-0.914608	1	1	1	1	0	101.045	76.9468	133.994	34.6638	649.274	686.711	101.079	89.6564	76.6273	133.994	83.0888	33.8953	649.274	667.237	687.444	30.1497	18	0	105.922	-29.8248	31.0671	674.834	-29.8248	31.0671	674.834	
13104	19247	143.867	359.092	142.71	-99999	62.488	-0.981653	1	1	1	1	1	92.3253	139.738	133.055	1.58072	-598.305	-576.786	92.0646	109.29	139.693	134.08	64.6992	1.47861	-598.359	-591.672	-576.756	6.44606	11	0	75.7236	62.5129	30.8061	-585.184	62.5129	30.8061	-585.184	
13101	9600	340.748	822.305	331.079	-41.735	-42.152	-0.930953	1	1	1	1	1	241.317	112.178	133.175	-170.253	-642.579	-671.707	241.509	175.649	108.626	133.695	-22.6916	-178.522	-642.534	-657.631	-673.065	11.6649	9	0	97.0898	-42.1346	-36.7669	-649.142	-42.1346	-36.7669	-649.142	
13101	13999	126.799	335.183	125.356	51.9628	51.027	-0.828714	1	1	1	1	1	171.369	222.653	132.775	27.0006	-291.115	-330.761	171.13	202.178	222.895	133.169	80.1029	26.0814	-290.999	-306.289	-330.923	16.898	9	0	104.824	51.0609	15.2168	-319.463	51.0609	15.2168	-319.463	
13101	15462	228.364	442.766	227.237	-99999	100.545	-0.942931	1	1	1	1	1	211.185	270.156	133.475	-75.3914	-845.841	-798.842	242.668	257.143	302.35	133.489	26.0315	-76.1973	-845.845	-810.287	-798.908	4.89142	9	0	78.9297	100.579	-18.6702	-771.834	100.579	-18.6702	-771.834	
13101	12452	319.617	725.591	317.334	47.3734	46.786	-0.947518	1	1	1	1	1	206.17	290.579	131.342	-163.1	-739.372	-822.264	205.94	248.224	290.914	132.349	-16.0101	-164.24	-739.13	-780.813	-822.537	4.58655	10	0	72.1151	41.2885	-9.74316	289.745	86.2785	-33.8935	-382.479	
13101	13846	163.66	385.337	162.257	116.77	116.446	-0.921285	0	0	0	0	0	148.341	221.098	133.306	-6.64248	188.43	153.73	148.019	181.671	221.206	134.298	63.3343	-6.93801	188.664	165.99	153.641	8.82475	11	0	81.1987	-16.7606	72.732	792.031	-16.7606	72.732	792.031	
13101	13846	44.0027	133.762	42.9274	-99999	-16.789	-0.990634	0	0	0	0	0	78.7968	82.2492	132.864	90.1596	793.468	794.147	78.7178	80.9225	82.3226	133.599	111.732	89.8414	793.477	793.449	794.151	4.46639	9	0	88.5047	-16.7606	72.732	792.031	-16.7606	72.732	792.031	
13101	12237	214.276	499.763	214.271	-99999	98.237	-0.917085	1	1	1	1	1	181.788	267.649	133.674	-50.6179	467.024	404.42	212.55	252.965	298.411	133.674	38.0969	-50.6179	467.024	440.691	404.42	25.9788	6	0	86.2147	98.273	-14.0153	395.032	98.273	-14.0153	395.032	
13101	12142	235.825	529.916	235.823	-99999	25.521	-0.909557	1	1	1	1	1	180.771	75.4867	132.573	-74.342	-200.099	-166.48	180.742	135.501	75.4575	132.573	25.7636	-74.342	-200.099	-179.621	-166.48	4.60374	6	0	75.3077	25.5477	-11.8826	-172.583	25.5477	-11.8826	-172.583	
13101	16594	100.657	263.252	99.9872	-99999	40.156	-0.97632	1	1	0	0	0	79.8706	82.214	133.317	41.2552	-97.4123	-62.3376	79.8247	75.1043	82.3308	133.317	86.3156	40.6833	-97.4123	-80.7551	-62.0855	13.9246	14	0	88.2559	40.1815	32.3842	-72.2738	40.1815	32.3842	-72.2738	
13101	18518	163.272	407.678	159.438	45.184	45.282	-0.861557	1	1	1	1	1	192.317	246.111	131.608	-0.506238	-599.332	-668.716	191.683	223.245	246.311	133.151	65.0269	-2.17805	-598.687	-630.71	-669.867	4.2893	15	0	57.5617	45.3148	4.39318	-637.972	45.3148	4.39318	-637.972	
13101	22754	308.206	683.344	307.165	-99999	-8.934	-0.788064	1	1	1	1	1	272.455	92.1939	127.087	-119.573	248.161	266.454	272.821	180.143	91.9583	127.559	5.38377	-119.909	248.11	259.205	266.533	5.64071	7	0	75.665	-8.91103	-33.0002	258.703	-8.91103	-33.0002	258.703	
13104	1581	243.817	551.094	241.811	32.8698	31.52	-0.941062	1	1	1	1	1	168.705	255.451	133.186	-88.9203	382.591	360.783	168.667	217.886	255.972	133.295	22.0031	-90.6887	382.595	384.236	360.394	5.59881	9	0	96.7992	31.55	-20.3449	371.71	31.55	-20.3449	371.71	
13104	3981	262.766	3740.43	261.939	89.7467	86.745	-0.846524	1	1	1	1	1	291.47	195.248	131.713	-85.9723	-309.193	-203.341	291.746	246.052	195.248	132.41	24.4736	-85.9723	-309.53	-250.322	-203.341	5.51058	9	0	76.5777	86.7835	-6.22169	-248.629	86.7835	-6.22169	-248.629	
13104	5061	79.2812	258.17	78.349	-99999	52.837	-0.998836	0	0	0	0	0	158.383	174.079	133.073	56.9261	747.388	753.039	158.285	163.016	174.019	134.002	94.761	56.9261	747.391	749.156	753.039	13.4897	8	0	120.646	-999999	-999999	-999999	-999999	-999999	-999999	
13101	9116	226.479	533.124	226.474	-99999	96.737	-0.888545	1	1	1	0	0	140.911	71.8184	134.343	-74.8478	817.119	865.094	140.801	103.75	71.7077	134.343	31.9991	-74.8478	817.119	848.19	865.094	14.2292	8	0	81.5751	96.761	-30.4458	841.942	96.761	-30.4458	841.942	
13101	35632	21.8843	53.5264	20.9546	-99999	57.92	-0.598733	0	0	0	0	0	325.344	340.932	134.403	121.324	528.243	523.254	343.482	351.693	359.765	134.403	127.682	120.741	528.243	525.577	523.056	4.55718	9	0	52.5807	57.9601	31.858	538.648	57.9601	31.858	538.648	
13104	2325	224.315	500.65	224.31	-99999	-5.978	-0.771512	1	1	1	1	1	82.3036	203.784	133.608	-39.4412	28.5146	95.1937	82.3104	136.302	203.791	133.608	45.6707	-39.4412	28.5146	72.3625	95.1937	4.61886	6	0	73.745	-5.95401	11.9548	68.5591	-5.95401	11.9548	68.5591	
13101	3837	131.252	327.354	130.097	-99999	17.189	-0.850826	0	0	0	0	0	169.381	115.363	132.68	20.1713	-753.435	-716.715	169.869	142.7	115.336	133.643	76.8164	20.1559	-753.761	-735.351	-716.71	4.4069	10	0	43.98	75.8694	1.03435	435.266	75.8694	1.03435	435.266	
13101	3994	202.02	618.681	199.858	43.7185	8.192	-0.225678	0	0	0	0	0	133.577	264.255	134.091	101.205	188.896	335.168	133.32	200.215	265.244	134.215	113.234	101.484	188.425	261.038	336.404	5.22221	12	0	69.8515	12.3854	-76.7604	538.313	42.0054	-30.9799	368.854	
13101	8777	57.863	64.8387	29.4673	-99999	92.679	-0.655258	1	1	1	1	1	192.435	172.752	132.841	113.565	-211.804	-201.351	192.329	173.003	153.715	132.841	113.918	94.923	-211.804	-201.539	-191.362	4.47409	10	0	44.5317	92.707	17.2984	-157.976	92.707	17.2984	-157.976	
13101	11035	282.005	1000.16	280.733	-99999	83.929	-0.919529	1	1	1	1	1	293.314	184.313	132.897	-124.573	-455.215	-430.218	319.861	264.545	210.397	133.546	4.45813	-125.095	-455.294	-442.765	-430.147	14.7199	7	0	252.385	83.9677	-24.326	-437.879	83.9677	-24.326	-437.879	
13104	18451	326.087	13514.7	310.124	-99999	44.315	-0.954683	1	1	1	1	1	114.018	196.839	132.628	-163.047	820.083	861.475	113.51	157.53	200.244	134.061	-21.1363	-176.865	820.074	843.463	862.064	36.2812	9	0	1356.21	44.3462	-30.2178	786.556	-0.973774	-31.3555	839.79	
13101	10340	296.792	625.624	295.275	-99999	8.888	-0.992355	1	1	1	1	1	263.627	191.403	132.554	-151.276	-319.183	-308.113	263.774	238.829	191.291	133.76	-12.1021	-151.533	-319.205	-310.248	-308.131	5.79068	6	0	70.5636	8.92902	-21.4481	-322.242	8.92902	-21.4481	-322.242	
13101	16654	63.6558	165.504	63.6505	-99999	-25.287	-0.439058	1	0	0	0	0	65.9735	122.739	-124.177	-149.023	390.369	401.575	66.0024	94.7376	122.768	-124.177	-137.517	-149.023	390.369	393.235	401.575	4.84029	10	0	67.146	-25.2667	-86.0878	357.613	-25.2667	-86.0878	357.613	
13101	12705	319.519	787.628	315.836	50.798	49.982	-0.954764	1	1	1	1	1	194.032	241.397	132.473	-168.568	-19.8893	-102.626	193.96	217.789	242.154	133.181	-19.2781	-171.306	-19.6778	-60.929	-103.323	11.8759	10	0	88.7085	50.0146	-27.913	-70.9037	50.0146	-27.913	-70.9037	
13101	13318	200.027	451.478	194.252	-99999	90.795	-0.963717	1	1	0	0	0	300.956	315.975	133.616	-49.7112	826.842	883.144	329.276	339.542	344.557	134.288	36.8452	-51.0049	826.684	846.628	883.63	8.46698	7	0	176.093	90.8174	12.4975	821.676	90.8174	12.4975	821.676	
13101	18533	144.975	362.443	144.015	-99999	80.221	-0.904367	1	1	1	0	0	96.0104	75.7613	131.243	1.06477	-741.716	-684.445	96.1146	83.6272	75.6696	132.11	66.6315	1.06477	-742.065	-713.698	-684.445	5.23665	10	0	83.6238	80.2425	31.0399	-706.37	80.2425	31.0399	-706.37	
13101	20213	145.971	353.632	144.362	-15.2856	-16.993	-0.967272	1	1	1	1	1	206.689	254.007	132.769	-2.75606	612.202	619.778	206.689	230.514	254.219	132.769	64.1234	-4.34588	612.202	616.524	619.761	6.32762	9	0	100.545	-17.7353	-5.10346	76.6233	-17.7353	-5.10346	76.6233	
13101	19631	279.431	665.982	279.061	-99999	106.393	-0.966263	0	0	0	0	0	131.285	178.57	132.742	-135.539	-270.324	-212.752	131.164	149.344	178.593	132.742	-2.65042	-135.872	-270.324	-241.38	-212.717	5.82577	9	0	70.8793	74.1814	-10.8326	424.51	-37.5786	-57.3523	66.8856	
13101	18803	390.841	901.525	390.838	-99999	57.64	-0.740627	1	1	1	1	1	265.807	341.026	134.056	-169.171	574.578	339.923	283.857	321.643	359.076	134.056	-19.3065	-169.171	574.578	459.605	339.923	4.87351	12	0	52.7449	57.6697	-44.3561	436.76	57.6697	-44.3561	436.76	
13101	21443	82.3694	209.813	81.2442	-99999	85.896	-0.962646	1	1	0	0	0	139.672	148.427	133.236	55.6998	9.16774	28.7922	139.46	145.306	148.303	133.92	94.1356	55.4499	9.01302	17.5502	28.8287	4.58028	9	0	74.3639	85.922	35.0231	23.6194	85.922	35.0231	23.6194	
13101	22523	81.8919	332514	81.8879	-99999	-20.236	-0.431893	1	1	1	1	0	65.2402	103.946	34.2759	2.8492	-579.489	-514.998	65.2634	86.5853	103.969	34.2759	19.3481	2.8492	-579.489	-547.975	-514.998	10.0328	9	0	70.18	-20.2005	13.4447	-546.883	-20.2005	13.4447	-546.883	
13101	17986	46.536	283.814	44.902	-99999	-18.101	-0.880131	1	1	1	1	1	356.419	345.079	47.8456	14.4198	-206.451	-180.234	350.879	346.046	339.425	48.3906	29.5239	13.9788	-206.714	-194.903	-179.801	6.17002	9	0	93.67	-18.1022	28.243	-188.159	-18.1022	28.243	-188.159	
13101	23386	141.103	333.564	139.174	-99999	-47.025	-0.947261	1	1	1	1	1	178.22	134.491	132.533	1.96835	-742.491	-727.002	178.377	158.87	133.689	132.852	65.3577	0.641603	-742.542	-736.581	-726.841	5.04868	9	0	55.2535	-46.9914	10.0439	-724.627	-46.9914	10.0439	-724.627	
13101	18389	127.964	388.009	127.85	-99999	45.936	-0.914121	1	1	1	1	0	109.865	128.134	133.823	17.7038	-527.374	-480.072	109.797	115.836	128.082	133.92	77.4645	17.7038	-527.415	-498.132	-480.072	15.6894	7	0	100.872	45.9598	21.2595	-488.668	45.9598	21.2595	-488.668	
13101	22720	299.796	669.849	299.793	-99999	18.905	-0.848647	1	1	1	1	1	174.57	112.232	133.527	-116.451	462.105	611.112	174.549	154.492	112.21	133.527	6.85065	-116.451	462.105	539.593	611.112	5.64442	12	0	66.2394	18.9422	-30.1595	562.635	18.9422	-30.1595	562.635	
13101	28785	324.016	874.536	324.012	-99999	91.663	-0.917031	1	1	1	1	1	246.933	330.389	133.683	-165.732	-158.8	-250.195	275.637	317.447	359.093	133.683	-16.0196	-165.732	-158.8	-204.453	-250.195	5.76057	13	0	55.0706	91.6946	-27.4291	-210.587	91.6946	-27.4291	-210.587	
13104	7551	415.129	1675.33	414.986	75.2896	73.511	-0.787344	1	1	1	1	1	306.552	73.6588	133.632	-155.706	-763.983	-583.688	306.552	197.482	73.5821	133.632	-21.4773	-155.799	-763.983	-679.952	-583.619	4.98684	13	0	74.5767	73.5459	-48.4637	-646.657	73.5459	-48.4637	-646.657	
13101	4112	305.594	731.745	304.502	-99999	49.162	-0.553389	1	1	1	1	1	197.556	85.9897	132.593	-18.5685	206.586	443.584	197.501	147.077	85.5127	132.594	47.9094	-19.196	206.585	323.268	444.337	8.72312	10	0	42.4654	49.211	-0.931599	364.453	49.211	-0.931599	364.453	
13101	37232	217.256	471.409	208.676	-643.924	-1.124	-0.784479	0	0	0	0	0	260.167	175.287	126.979	-19.4877	403.128	523.651	263.277	219.595	175.068	133.018	52.2567	-19.8427	399.303	457.164	524.299	4.06463	16	0	71.4817	-999999	-999999	-999999	-999999	-999999	-999999	
13101	40112	58.1762	162.922	52.4837	-99999	11.524	-0.713832	1	1	1	0	0	107.556	74.0592	132.739	95.7125	-477.134	-460.978	107.845	89.2732	70.7475	133.075	112.448	92.0987	-477.267	-468.569	-459.157	10.7291	8	0	90.4539	11.5518	64.815	-596.752	44.4518	0.717703	-463.211	
13101	37582	460.045	930.372	269.243	-99999	60.593	-0.638663	1	1	1	1	1	191.721	173.899	133.497	-48.7383	-821.073	-624.616	191.717	177.06	162.912	133.674	-22.5777	-180.544	-821.283	-653.393	-489.108	7.29431	6	0	38.5699	60.6325	-28.7246	-630.549	60.6325	-28.7246	-630.549	
13104	23855	83.1644	192.29	78.7306	51.8962	50.382	-0.932739	1	1	0	0	0	218.883	203.507	129.341	58.1588	-422.931	-393.752	219.307	214.091	203.395	133.153	94.9658	57.876	-424.349	-408.78	-393.598	5.06792	13	0	57.8496	50.423	22.3001	-407.239	50.423	22.3001	-407.239	
13101	4634	113.113	248.753	110.445	-99999	61.98	-0.667822	1	1	1	0	0	167.953	128.864	131.094	61.3462	1.5343	77.2406	168.028	146.385	128.075	131.325	94.8506	59.9835	1.31152	38.6077	78.9458	6.0936	11	0	51.2286	62.025	29.998	50.1012	62.025	29.998	50.1012	
13101	6832	302.364	681.896	299.182	-19.8277	-20.158	-0.905867	1	1	1	1	1	155.229	270.41	134.795	-131.655	203.6	269.308	155.211	222.561	271.458	134.834	2.63252	-134.528	203.596	231.006	269.98	4.13672	8	0	74.7472	-20.1284	-25.2311	235.404	-20.1284	-25.2311	235.404	
13101	9845	20.369	59.4298	20.1074	-99999	105.187	-0.75311	0	0	0	0	0	315.387	326.409	133.47	117.521	454.273	449.066	348.285	353.911	359.429	133.522	125.582	117.357	454.296	451.341	449.019	5.52844	12	0	57.7447	-999999	-999999	-999999	-999999	-999999	-999999	
13101	8895	143.53	352.606	143.399	-99999	-6.712	-0.890973	1	1	1	1	1	117.683	190.46	133.243	13.9203	39.6504	69.1227	117.645	150.97	190.471	133.35	71.8496	13.9148	39.6214	55.3777	69.1248	5.3234	11	0	73.7793	-6.67923	17.7681	54.9706	-6.67923	17.7681	54.9706	
13101	10455	182.83	418.725	181.963	94.6384	95.087	-0.81929	1	1	1	1	1	288.765	179.932	133.083	-10.7585	551.071	568.928	288.913	235.018	179.546	133.3	59.6969	-11.1901	551.039	555.458	569.076	4.59604	8	0	75.2984	95.1079	-2.67031	552.348	95.1079	-2.67031	552.348	
13101	7616	140.813	129.584	14.6524	-99999	-20.73	-0.34592	1	1	1	0	0	269.47	280.605	-84.2395	-80.4965	-889.899	-881.222	354.777	301.054	250.452	-50.4555	-68.6003	-89.3764	-816.996	-858.643	-899.45	5.75114	44	0	129.584	-20.7713	-45.2328	-816.164	-20.7713	-45.2328	-816.164	
13104	19879	282.796	753.296	282.786	-99999	83.338	-0.77392	1	1	1	1	1	247.554	185.05	130.648	-101.913	-311.268	-457.492	273.651	242.062	211.146	130.648	12.8871	-101.913	-311.268	-382.742	-457.492	5.27334	13	0	86.4504	83.3656	-21.5474	-407.22	83.3656	-21.5474	-407.22	
13104	23959	160.647	877.932	158.223	-99999	91.539	-0.707866	1	1	1	1	1	192.779	152.229	128.265	14.437	-414.86	-312.726	193.305	172.73	152.124	129.98	72.3909	14.437	-416.451	-364.38	-312.726	58.2866	14	0	543.939	91.5739	-26.6405	-269.73	91.5739	-26.6405	-269.73	
13101	13485	199.085	416.62	196.952	-510.512	96.313	-0.637403	1	1	1	1	1	254.377	172.941	132.911	26.014	-79.9281	-221.875	254.851	219.038	172.564	133.909	73.0406	25.8497	-78.8238	-148.911	-222.265	4.87555	8	0	62.4141	96.3317	-5.1528	186.784	96.3317	-5.1528	186.784	
13101	14065	215.017	523.089	214.73	-99999	11.178	-0.64016	1	1	1	1	1	357.264	194.502	64.1899	-73.7589	-697.631	-683.645	357.477	276.358	194.502	64.3682	-6.13905	-73.7589	-697.647	-697.083	-683.645	7.87351	12	0	111.911	11.1861	-3.53754	-690.456	11.1861	-3.53754	-690.456	
13101	23774	158.434	844.994	157.693	-99999	13.526	-0.983927	1	1	1	1	1	133.241	110.081	129.366	-26.1834	-727.072	-734.952	133.338	120.922	110.065	130.091	51.9048	-26.1834	-727.016	-729.661	-734.952	5.45343	7	0	457	13.549	-35.669	-725.289	13.549	-35.669	-725.289	
13101	6482	147.567	334.396	145.708	-99999	95.124	-0.893101	1	1	1	0	0	153.518	95.0312	133.748	9.4069	428.518	474.977	153.409	123.508	94.2721	133.748	69.7495	7.70755	428.518	448.737	475.339	5.50606	10	0	71.7253	95.1519	22.1608	465.342	95.1519	22.1608	465.342	
13101	21036	154.969	373.683	153.961	-99999	63.968	-0.909456	1	1	1	1	0	293.647	339.148	132.895	-9.47483	-379.046	-342.176	313.31	336.494	359.179	133.8	62.1751	-9.47483	-379.275	-360.983	-342.176	5.54424	7	0	67.1452	64.0059	-1.47798	-362.213	64.0059	-1.47798	-362.213	
13101	19450	146.896	441.799	137.607	-99999	100.972	-0.783381	0	0	0	0	0	224.129	305.996	133	22.6659	46.2394	53.799	255.155	298.89	342.652	133.735	74.8412	16.2015	46.1987	49.8117	55.3326	6.27413	6	0	179.217	88.5435	-43.2913	-190.732	88.5435	-43.2913	-190.732	
13101	29682	242.866	560.084	242.153	71.3033	71.851	-0.935332	1	1	1	1	1	284.989	199.628	133.071	-87.6553	177.518	222.61	285.043	244.01	199.409	133.219	19.9987	-88.1448	177.505	191.985	222.71	4.40052	11	0	76.8487	71.8787	-6.8973	195.675	71.8787	-6.8973	195.675	
13101	29608	167.873	1712.5	166.912	111.772	110.876	-0.774167	0	0	0	0	0	276.749	186.496	133.089	11.0312	-630.924	-562.856	276.99	230.619	186.144	133.443	72.293	10.7075	-631.074	-597.174	-562.698	5.85756	9	0	74.0433	33.035	-37.3285	-539.757	33.035	-37.3285	-539.757	
13101	24890	278.777	684.277	278.379	-99999	-28.95	-0.867302	1	1	1	1	1	203.145	116.163	133.079	-111.003	-359.266	-258.458	203.178	160.847	116.112	133.079	9.21345	-111.36	-359.266	-311.563	-258.307	4.40186	13	0	86.8078	-28.9195	-31.6675	-282.332	-28.9195	-31.6675	-282.332	
13101	25262	248.527	590.736	248.272	-99999	-7.215	-0.979795	1	1	1	1	1	187.519	163.892	133.326	-110.408	-242.588	-204.518	187.527	174.69	163.818	133.326	11.0629	-110.624	-242.588	-224.715	-204.461	4.84547	9	0	75.2744	-7.18325	-14.9118	-221.074	-7.18325	-14.9118	-221.074	
13101	26582	246.702	604.389	246.154	-99999	110.734	-0.857972	0	0	0	0	0	158.405	92.6389	133.015	-78.8443	-731.458	-627.603	158.45	131.151	92.5123	133.477	25.8481	-78.8443	-731.688	-678.042	-627.603	4.37634	14	0	86.0932	79.4624	-13.9941	-573.443	79.4624	-13.9941	-573.443	
13104	18800	74.529	234.719	73.4883	-99999	88.694	-0.887905	1	1	1	1	1	218.698	195.661	132.686	68.0117	108.263	82.345	232.93	221.328	209.599	133.612	101.133	68.0117	108.63	94.5249	82.345	12.4296	9	0	68.1126	88.7368	-34.0532	28.2891	88.7368	-34.0532	28.2891	
13104	20000	128.337	352.878	124.211	-99999	-21.03	-0.822155	1	1	1	1	1	67.4759	131.962	11.5038	-91.6192	320.411	345.534	65.5108	98.9514	132.162	14.6071	-38.5542	-91.9191	319.598	332.743	345.582	11.4927	9	0	110.794	-20.9933	2.79867	331.051	-20.9933	2.79867	331.051	
13101	27250	215.708	518.854	215.246	-99999	22.63	-0.904532	1	1	0	0	0	230.208	331.721	132.688	-53.2492	840.849	859.419	237.107	276.73	338.807	133.1	33.4687	-53.2492	840.801	851.505	859.419	5.072	9	0	90.5336	23.7712	-38.7791	106.177	23.7712	-38.7791	106.177	
13101	34832	288.899	865.504	288.897	-99999	34.646	-0.611264	1	1	1	1	1	66.6552	215.972	127.416	-40.6168	-202.625	-21.4666	61.2108	136.4	210.527	127.416	42.9906	-40.6168	-202.625	-112.745	-21.4666	16.4964	13	0	159.352	34.6957	-40.0509	4.89351	34.6957	-40.0509	4.89351	
13101	31850	213.503	459.077	211.693	98.7103	98.125	-0.925144	1	1	1	1	1	203.532	279.909	133.108	-60.684	-297.347	-277.892	203.224	241.192	280.205	134.212	37.0701	-61.2097	-297.668	-275.64	-277.924	4.33357	7	0	60.2753	98.1484	-15.7042	-275.689	98.1484	-15.7042	-275.689	
13101	33170	327.962	730.57	327.009	32.1822	31.762	-0.946002	1	1	1	1	1	318.01	200.864	133.091	-160.274	801.322	872.331	318.205	270.347	200.864	133.987	-16.2505	-160.274	801.096	845.825	872.331	6.49747	8	0	82.2629	31.7869	-0.968353	791.645	31.7869	-0.968353	791.645	
13101	38449	319.99	717.793	315.409	-40.4429	-41.653	-0.750118	1	1	1	1	1	357.453	151.466	29.6457	-125.637	520.719	697.822	359.603	263.065	150.895	32.4811	-55.9	-125.851	519.086	610.745	698.037	6.35353	6	0	68.8985	-40.9845	4.45248	205.92	80.6755	-91.4046	407.113	
13104	21249	249.443	546.308	249.251	-99999	45.678	-0.916583	1	1	1	1	1	233.595	344.692	127.758	-93.5186	-306.297	-278.212	247.824	302.861	358.996	127.932	16.9245	-93.5186	-306.303	-292.394	-278.212	4.58843	7	0	46.3024	45.7004	-40.7214	-286.504	45.7004	-40.7214	-286.504	
13104	22809	48.6197	134.013	47.7626	-99999	-45.597	-0.955197	0	0	0	0	0	142.911	121.929	132.646	90.8154	-128.336	-123.007	143.084	135.506	121.684	133.051	110.145	90.5305	-128.387	-125.639	-122.993	4.89568	6	0	70.3935	-999999	-999999	-999999	-999999	-999999	-999999	
13101	9668	74.9809	200.349	74.6626	-99999	-19.805	-0.762848	1	0	0	0	0	65.238	103.495	114.156	58.2083	779.01	809.502	65.0878	86.4939	103.517	114.398	87.1538	58.2083	778.902	793.17	809.502	6.40099	10	0	72.5382	-19.7737	63.5786	790.536	-19.7737	63.5786	790.536	
13101	13524	141.839	334.037	141.836	-99999	63.326	-0.864412	1	1	1	1	1	245.237	190.798	132.96	12.7598	-481.777	-529.946	265.067	242.557	210.628	132.96	72.9407	12.7598	-481.777	-511.996	-529.946	4.11359	8	0	65.4024	63.3641	10.2414	-517.492	63.3641	10.2414	-517.492	
13101	13403	101.698	276.12	101.45	-99999	69.208	-0.902252	1	1	1	0	0	311.442	337.008	134.219	42.9748	-192.902	-229.089	333.115	346.13	358.73	134.219	88.4211	42.7521	-192.902	-210.724	-229.183	12.508	12	0	49.0219	69.2322	36.9467	-225.035	69.2322	36.9467	-225.035	
13104	9602	72.2772	197.288	70.9134	57.7901	56.891	-0.959777	0	0	0	0	0	214.899	189.513	133.101	73.1817	-117.949	-93.2868	214.899	205.129	188.995	133.101	101.004	71.9434	-117.949	-105.241	-93.4451	5.81319	9	0	68.4634	56.9217	25.7765	-99.9858	56.9217	25.7765	-99.9858	
13101	17432	123.219	289.871	123.203	-99999	-7.42	-0.769862	1	1	1	0	0	63.1794	135.691	41.8566	-49.3513	-790.284	-751.308	63.1795	96.2951	135.7	41.8671	-5.52943	-49.3513	-790.289	-769.186	-751.308	5.91554	9	0	66.4891	-7.40001	-4.99954	-760.552	-7.40001	-4.99954	-760.552	
13101	16778	92.667	235.501	92.6608	-99999	84.726	-0.94065	1	0	0	0	0	203.283	196.674	132.776	47.1746	298.986	264.784	216.598	215.18	209.989	132.776	89.8482	47.1746	298.986	281.727	264.784	4.45614	12	0	70.1752	75.5165	-70.0665	-646.434	6.31654	-106.491	-423.219	
13101	13770	230.387	526.681	230.28	-36.4764	-36.794	-0.766509	1	1	1	1	1	192.864	237.457	133.532	-38.6478	-184.045	-329.347	192.842	219.99	237.457	133.61	48.1313	-38.6478	-183.983	-256.124	-329.347	6.03219	13	0	88.2288	-40.2305	-12.0703	1.39272	62.9895	25.5044	-266.439	
13101	14850	293.584	824.808	292.868	25.4772	24.515	-0.99771	1	1	1	1	1	224.554	202.603	133.321	-150.507	180.939	186.093	224.554	209.35	202.577	133.321	-12.4766	-150.594	180.939	187.046	186.141	18.464	6	0	112.879	24.5388	-23.4601	183.977	24.5388	-23.4601	183.977	
13101	16890	145.86	365.547	144.179	-99999	116.411	-0.986077	0	0	0	0	0	76.0291	105.932	132.727	0.751321	677.795	724.281	75.7055	86.916	105.83	134.291	64.5153	0.664388	677.649	695.271	724.297	7.97681	9	0	82.5996	-999999	-999999	-999999	-999999	-999999	-999999	
13101	19477	276.118	1641.36	273.105	-99999	53.084	-0.956753	1	1	1	1	1	240.764	201.844	134.191	-88.9735	870.456	725.801	249.106	228.859	210.186	134.191	19.5177	-88.9735	870.456	796.677	725.801	7.56926	13	0	62.2133	55.1131	-63.1422	-9.00334	-41.8169	-55.5109	768.167	
13101	22128	369.327	898.671	368.483	-99999	74.796	-0.79404	1	1	1	1	1	222.923	335.803	133.977	-161.621	247.568	59.019	246.345	301.133	359.495	133.977	-16.1562	-162.291	247.568	155.112	58.5864	7.13086	16	0	54.046	74.8134	-31.9164	142.406	74.8134	-31.9164	142.406	
13101	18427	328.569	715.561	322.687	-47.1409	-4.571	-0.531213	0	0	0	0	0	140.341	310.589	133.266	-24.727	703.746	484.618	140.341	228.751	311.417	133.266	44.0749	-28.7904	703.746	598.219	480.679	6.09376	7	0	71.4047	-21.2102	-31.609	52.794	-46.8402	-3.1481	555.03	
13104	5140	174.249	393.686	173.917	-99999	95.051	-0.897923	1	1	1	1	1	140.333	203.699	132.967	-21.2251	42.6689	88.438	140.093	177.691	203.59	133.263	57.0705	-21.2251	42.6074	61.2901	88.438	5.59682	11	0	75.8049	95.0814	6.81213	68.9807	95.0814	6.81213	68.9807	
13104	5860	329.035	705.204	328.053	33.3056	31.968	-0.91203	1	1	1	1	1	332.49	191.627	132.883	-157.803	-565.507	-619.212	332.589	267.086	191.265	133.144	-15.39	-158.392	-565.446	-591.739	-619.231	4.99277	7	0	78.1677	31.9969	-6.45181	-592.397	31.9969	-6.45181	-592.397	
13101	32668	104.014	292.919	104.004	162.608	-18.128	-0.819574	0	0	0	0	0	158.921	227.702	134.089	61.3529	-409.398	-432.556	158.921	188.391	227.702	134.089	92.5902	61.3529	-409.398	-419.802	-432.556	4.69524	9	0	68.9482	-12.6129	-89.3799	426.05	93.4571	-20.3668	66.6075	
13101	32849	129.174	307.088	129.029	-99999	50.171	-0.993971	1	1	1	1	0	188.144	181.976	132.552	6.16089	779.902	794.001	188.085	192.509	181.876	132.606	68.6803	6.09792	779.897	787.14	794.006	5.74224	6	0	72.0847	50.2059	9.79665	765.105	50.2059	9.79665	765.105	
13101	32777	93.654	342.229	93.6535	-99999	94.184	-0.675929	1	1	1	1	1	148.728	120.024	133.096	67.1838	284.441	344.443	148.62	134.463	119.916	133.096	100.115	67.1838	284.441	314.51	344.443	10.09	15	0	156.769	94.2017	-17.4382	409.037	94.2017	-17.4382	409.037	
13101	37963	65.7287	236.417	65.1844	-99999	-1.192	-0.871074	1	1	1	0	0	333.738	317.623	132.213	76.2568	730.841	704.769	333.383	330.118	317.052	132.37	102.471	75.97	730.928	717.976	704.705	11.6968	11	0	119.29	-1.16105	17.021	712.388	-1.16105	17.021	712.388	
13101	38803	226.42	659.297	226.191	-99999	96.212	-0.964336	1	1	1	1	1	196.554	226.391	133.304	-81.9358	-710.385	-647.663	181.435	196.096	211.312	133.304	25.5155	-82.1497	-710.385	-679.075	-647.603	5.38534	8	0	53.6102	96.2409	-34.028	-645.029	96.2409	-34.028	-645.029	
13101	39763	226.625	500.685	223.261	-27.7317	-28.86	-0.934706	1	1	1	1	1	203.495	285.32	132.213	-65.8069	407.735	348.599	203.335	238.976	286.466	132.825	28.7994	-68.1331	407.895	380.863	347.817	4.27359	12	0	63.6635	-28.8302	-24.5867	366.395	-28.8302	-24.5867	366.395	
13101	40340	425.625	975.016	423.635	-99999	71.363	-0.712387	1	1	1	1	1	188.349	73.0128	132.775	-147.315	-870.679	-577.119	188.269	143.806	72.0206	132.779	-15.1183	-148.355	-870.684	-724.362	-575.704	4.71051	11	0	75.5057	71.3972	-51.1198	-666.988	71.3972	-51.1198	-666.988	
13101	13844	114.619	285.717	114.036	-99999	29.669	-0.988309	1	1	1	0	0	123.285	99.6423	132.76	22.3572	591.128	601.794	123.251	114.402	99.4047	132.76	76.2416	21.8147	591.128	594.109	601.783	5.25373	8	0	76.4349	29.6984	31.9278	600.978	29.6984	31.9278	600.978	
13101	40132	287.596	652.59	284.934	-99999	96.8	-0.980887	1	1	1	1	1	126.779	101.165	133.383	-146.965	-118.654	-91.9986	126.708	121.472	100.679	133.914	-7.02034	-149.008	-118.751	-97.3396	-91.9687	7.77661	6	0	77.8407	96.8229	-23.7961	-92.2147	96.8229	-23.7961	-92.2147	
13101	7503	166.46	407.999	166.043	-99999	112.787	-0.909973	0	0	0	0	0	145.943	198.388	132.933	-19.7771	105.709	137.315	145.656	178.014	198.259	133.309	57.3698	-19.7771	105.649	116.204	137.315	6.76678	13	0	74.3604	97.9575	39.455	-304.923	97.9575	39.455	-304.923	
13101	15366	25.6254	114.195	25.0597	-99999	63.365	-0.746666	1	1	1	1	1	213.97	200.017	132.647	115.182	-375.726	-386.955	224.135	217.106	209.88	132.948	123.59	115.076	-375.563	-380.769	-387.038	12.3667	12	0	99.0462	63.388	-35.9374	-436.982	63.388	-35.9374	-436.982	
13101	17886	129.599	359.394	127.246	-99999	69.361	-0.600164	1	1	1	1	0	290.369	337.288	134.739	60.0472	100.239	191.917	311.658	335.78	359.597	135.275	96.8674	59.2228	99.6489	145.896	192.948	4.98586	7	0	43.6276	69.4023	57.9066	179.391	69.4023	57.9066	179.391	
13101	17538	307.112	664.233	307.075	-99999	-21.232	-0.998144	1	1	1	1	1	258.872	281.701	133.275	-171.236	-451.909	-446.962	252.223	258.2	275.053	133.275	-20.0826	-171.236	-451.909	-450.099	-446.962	7.54791	6	0	76.3167	-21.2069	-29.0154	-450.983	-21.2069	-29.0154	-450.983	
13104	4267	164.974	329.7	162.561	-99999	63.176	-0.973991	1	1	0	0	0	224.641	192.734	132.027	-24.4182	-870.102	-840.559	244.665	229.893	212.418	133.865	54.2521	-24.8737	-870.446	-855.218	-840.484	4.80836	7	0	87.6079	66.565	-23.9725	27.1992	66.565	-23.9725	27.1992	
13104	25421	113.919	217.448	89.308	-99999	65.467	-0.491119	1	1	1	0	0	152.905	80.3426	133.076	88.52	-811.958	-785.114	152.962	106.705	60.262	133.154	104.592	75.9099	-812.003	-795.093	-779.161	7.4623	9	0	57.7334	65.4854	32.251	-734.648	65.4854	32.251	-734.648	
13101	29119	122.494	461.408	122.298	-99999	-9.057	-0.399404	1	1	1	1	1	356.266	254.439	-126.626	-73.7719	156.459	197.415	253.026	303.937	354.853	-73.7719	-100.188	-126.626	197.415	176.24	156.459	5.15228	278	0	461.408	-9.08103	-41.1328	216.732	-9.08103	-41.1328	216.732	
13101	28418	205.677	499.523	205.675	-99999	25.616	-0.931059	1	1	1	1	1	165.684	97.6665	134.789	-50.0651	-301.306	-245.933	165.655	136.567	97.6372	134.789	38.8108	-50.0651	-301.306	-279.274	-245.933	5.77861	13	0	79.8604	25.6488	-9.33085	366.385	-19.3212	-69.658	188.332	
13101	34406	567.568	1257.37	564.968	-99999	64.168	-0.538298	1	1	1	1	1	296.06	254.041	132.072	-119.785	244.559	746.579	316.265	294.968	274.134	133.427	6.0488	-119.785	242.445	494.433	746.579	5.47633	9	0	93.7374	64.2305	-9.03602	505.749	64.2305	-9.03602	505.749	
13101	30397	320.227	705.937	319.801	82.2222	81.931	-0.543649	1	1	1	1	1	220.068	130.654	132.51	-55.3293	-304.043	-69.4018	220.073	186.77	130.404	132.556	43.5493	-55.512	-304.113	-175.443	-69.2799	5.59631	10	0	68.1872	81.9768	-8.46831	-140.059	81.9768	-8.46831	-140.059	
13101	32426	139.27	322.728	138.275	100.198	99.052	-0.890726	1	1	1	1	1	184.941	240.986	132.683	7.64902	-381.313	-397.833	184.94	215.802	241.368	132.685	70.9578	6.75074	-381.313	-390.303	-397.991	4.18542	9	0	74.1764	99.0753	8.85845	-393.356	99.0753	8.85845	-393.356	
13101	33146	277.169	606.459	275.287	-99999	-21.795	-0.919621	1	1	1	1	1	105.605	148.346	133.415	-105.684	734.407	860.268	105.593	128.37	148.721	133.905	10.0836	-106.543	734.201	791.62	861.242	4.88222	15	0	69.4714	-21.7838	-7.58754	775.805	-21.7838	-7.58754	775.805	
13104	3376	88.6637	194.79	88.6628	-99999	41.552	-0.762579	0	0	0	0	0	127.763	94.7154	134.449	63.8697	-209.201	-167.166	127.716	111.366	94.6679	134.449	99.3714	63.8697	-209.201	-187.716	-167.166	6.03496	13	0	37.8571	39.9484	-51.0635	796.224	26.4484	-17.3536	441.303	
13101	26298	174.962	358.702	173.457	-99999	-38.186	-0.71215	1	1	1	1	1	112.897	118.558	134.235	30.8378	-672.868	-541.401	112.919	121.334	118.602	134.559	80.1888	30.8378	-673.178	-605.57	-541.401	4.94512	18	0	87.5934	-38.1491	28.2223	-584.81	-38.1491	28.2223	-584.81	
13104	395	312.589	836.309	305.968	18.5932	15.681	-0.650446	1	1	1	1	1	65.4616	291.961	31.784	-171.342	674.275	643.44	60.4866	176.94	291.961	36.0817	-66.7298	-171.342	674.993	657.925	643.44	4.34801	9	0	112.307	15.7155	-2.34128	663.537	15.7155	-2.34128	663.537	
13101	31545	196.62	402.627	192.929	-919.73	-40.03	-0.753715	0	0	0	0	0	178.768	237.575	130.558	2.33099	-306.167	-435.282	177.447	212.901	237.575	133.315	62.5694	2.33099	-304.115	-361.974	-435.282	5.30812	14	0	84.7978	-999999	-999999	-999999	-999999	-999999	-999999	
13101	33705	53.1155	126.582	52.3673	-99999	18.289	-0.793799	0	0	0	0	0	179.617	150.649	133.758	91.624	279.553	290.831	179.639	165.003	150.216	133.817	112.429	91.115	279.537	285.329	290.985	4.74671	10	0	51.7763	25.2865	-10.3617	-675.071	25.2865	-10.3617	-675.071	
13104	5657	340.284	774.719	339.405	31.8679	29.999	-0.639761	1	1	1	1	1	289.648	132.695	133.147	-87.4151	-448.33	-248.324	290.109	198.773	132.695	133.704	20.8362	-87.4151	-448.819	-360.28	-248.324	4.01529	15	0	78.0741	30.034	-18.5749	-328.146	30.034	-18.5749	-328.146	
13101	33154	356.711	750.643	354.846	-99999	44.264	-0.71232	1	1	1	1	1	253.518	345.368	132.569	-104.824	153.074	399.393	266.795	314.391	359.251	133.83	9.80423	-104.868	151.972	270.823	399.465	5.13004	7	0	43.7622	44.3026	-39.7375	353.824	44.3026	-39.7375	353.824	
13104	4486	30.2934	161.333	19.8125	393.2	-11.942	-0.818823	0	0	0	0	0	63.1754	73.5182	128.192	112.328	502.668	505.727	61.3124	68.4661	78.3977	128.192	115.642	104.791	502.668	504.921	507.876	7.51439	6	0	160.475	36.613	27.2554	-238.809	36.613	27.2554	-238.809	
13104	5446	154.338	351.663	153.836	-99999	-31.649	-0.896385	1	1	1	1	1	165.392	94.5228	130.668	-3.16161	604.636	624.972	165.428	129.689	94.3194	130.668	62.3745	-3.56433	604.636	607.069	625.145	6.13299	11	0	75.5568	-31.6153	12.3414	617.705	-31.6153	12.3414	617.705	
13104	4179	40.4017	123.013	40.4	-99999	103.913	-0.636338	0	0	0	0	0	226.683	201.015	127.681	102.25	576.354	594.178	210.353	198.369	184.685	127.681	114.409	102.25	576.354	585.713	594.178	5.24113	6	0	74.3378	-31.8173	-0.581286	-436.421	-49.0473	-76.1624	63.8682	
13104	3183	129.867	295.148	129.613	-99999	84.711	-0.778676	1	1	1	1	1	223.303	196.819	134.465	47.7213	-826.606	-734.423	236.633	223.549	210.106	134.568	88.5101	47.6499	-826.684	-782.919	-734.327	6.41275	6	0	52.2694	84.752	-30.0026	-623.674	84.752	-30.0026	-623.674	
13104	4383	54.0403	166.789	53.2431	-99999	20.725	-0.893535	0	0	0	0	0	199.676	187.52	131.613	85.8685	842.948	866.239	199.652	195.36	187.228	131.613	107.656	85.1365	842.948	854.626	866.311	4.31668	9	0	85.0526	20.7574	30.2418	778.571	20.7574	30.2418	778.571	
13101	17961	322.922	740.345	319.305	80.6152	79.652	-0.932346	1	1	1	1	1	159.428	253.426	129.49	-160.942	861.668	773.928	159.17	212.503	254.006	130.482	-13.1384	-163.38	861.943	811.647	773.473	6.23662	11	0	84.2514	85.8719	-1.04234	-59.2595	-28.9881	-78.5578	846.223	
13101	19881	323.904	2022.84	314.18	108.78	107.91	-0.501283	0	0	0	0	0	358.667	99.0001	54.3418	-107.358	-533.671	-462.253	360.092	225.377	92.18	55.1928	-27.2259	-111.196	-534.042	-498.221	-460.525	5.96239	7	0	45.751	97.3156	-81.6816	798.97	50.3256	-17.1656	-645.055	
13101	19881	226.775	3422.43	226.491	-99999	50.297	-0.830278	1	1	1	1	1	143.561	218.637	132.603	-60.5824	-728.51	-637.667	135.572	173.526	210.733	132.831	36.7063	-60.5824	-728.639	-682.02	-637.667	4.94175	13	0	46.4767	50.3256	-17.1656	-645.055	50.3256	-17.1656	-645.055	
13104	10326	142.288	836.275	141.985	43.1784	41.251	-0.741405	1	1	1	1	1	162.705	222.958	132.898	20.4251	714.603	654.022	162.573	194.822	222.958	133.115	79.3847	20.4251	714.747	681.107	654.022	12.7509	8	0	85.5981	41.2826	4.35155	663.054	41.2826	4.35155	663.054	
13104	10087	323.095	723.797	322.662	-99999	-14.158	-0.235184	1	1	1	1	1	64.5861	325.296	-123.324	-51.5645	287.673	463.368	325.296	194.154	64.2655	-51.5645	-87.6876	-123.409	463.368	376.616	287.463	6.18237	521	0	723.797	-14.1869	-38.2091	384.992	-14.1869	-38.2091	384.992	
13104	7274	207.719	461.661	207.63	-99999	102.407	-0.844798	0	0	0	0	0	231.085	326.918	133.892	-50.2068	-11.978	-7.14163	263.153	310.956	359.027	133.892	41.7411	-50.2832	-11.978	-9.75895	-7.14081	5.68293	7	0	50.1247	97.9612	-38.9807	-804.969	97.9612	-38.9807	-804.969	
13104	11834	58.1092	182.88	55.5097	-99999	56.665	-0.965572	0	0	0	0	0	190.465	196.479	132.497	78.7039	-545.284	-552.519	199.312	200.632	205.166	133.596	105.279	77.6026	-544.992	-550.433	-551.951	5.53547	13	0	93.8691	79.3966	-61.8069	-739.863	79.3966	-61.8069	-739.863	
13104	16453	122.472	287.704	121.707	-99999	103.883	-0.867788	0	0	0	0	0	183.585	137.981	133.568	21.2	735.708	740.002	183.467	157.57	137.622	133.568	78.2788	20.477	735.708	739.698	739.967	4.94589	7	0	70.4072	-999999	-999999	-999999	-999999	-999999	-999999	
13101	23868	100.24	259.065	99.6222	60.6569	59.055	-0.543811	1	1	1	0	0	235.076	156.659	132.958	74.9609	-637.939	-623.448	235.583	192.632	156.659	133.293	108.351	74.9609	-638.02	-631.42	-623.448	5.62353	8	0	71.2721	59.0749	29.5648	-622.288	59.0749	29.5648	-622.288	
13104	17192	30.0897	121.458	28.6049	-99999	44.763	-0.983587	0	0	0	0	0	68.1131	72.8995	133.102	105.189	615.9	619.285	67.9304	70.8028	72.8993	133.89	119.263	104.516	615.897	617.679	619.205	5.66597	7	0	98.7327	44.7941	74.0674	617.553	44.7941	74.0674	617.553	
13101	19909	129.642	312.32	128.263	-99999	-37.639	-0.95851	1	1	1	1	1	165.168	190.049	133.673	11.0449	-348.693	-321.665	165.211	178.251	190.407	133.673	71.528	9.72284	-348.693	-336.003	-321.454	5.54297	10	0	75.7577	-37.6098	10.4261	-330.965	-37.6098	10.4261	-330.965	
13104	18605	249.301	476.834	249.207	-99999	53.028	-0.67756	1	1	1	1	1	100.797	83.0694	133.696	-67.6031	589.473	733.835	100.736	93.9904	83.0087	133.696	35.2753	-67.6031	589.473	665.221	733.835	4.30563	19	0	75.8377	53.0452	-6.08878	685.788	53.0452	-6.08878	685.788	
13104	602	265.802	600.919	265.682	-99999	-12.103	-0.938775	1	1	1	0	0	130.976	108.97	132.635	-125.083	-821.534	-768.571	130.998	122.108	108.984	132.732	2.64088	-125.083	-821.57	-798.115	-768.571	4.80895	10	0	81.548	-12.0751	-27.2779	-774.381	-12.0751	-27.2779	-774.381	
13104	2534	114.498	336.531	113.845	-99999	101.602	-0.974765	0	0	0	0	0	68.0113	91.3243	133.484	26.7019	-167.392	-137.301	67.8414	78.2171	91.3313	133.883	78.905	26.5028	-167.465	-155.495	-137.243	5.77795	13	0	123.97	-999999	-999999	-999999	-999999	-999999	-999999	
13104	9569	416.533	853.398	416.524	-99999	92.233	-0.68613	1	1	1	1	1	185.139	137.582	133.373	-171.304	-545.45	-266.882	185.033	162.303	137.477	133.373	-18.1196	-171.304	-545.45	-404.702	-266.882	6.10468	11	0	72.9119	92.2773	-28.1172	-383.907	92.2773	-28.1172	-383.907	
13104	9077	347.175	1004.72	347.018	-99999	36.391	-0.528387	1	1	1	1	1	195.153	109.955	131.45	-115.229	-781.283	-553.611	195.148	155.105	109.914	131.527	6.23515	-115.229	-781.41	-668.539	-553.611	5.61941	12	0	319.948	35.5245	-30.9116	52.5121	35.5245	-30.9116	52.5121	
13104	11563	299.748	650.792	236.722	-99999	-10.126	-0.759257	1	1	1	1	1	167.513	318.397	133.469	-34.8488	25.1809	94.9356	167.513	263.291	358.102	133.469	27.2882	-80.4964	25.1809	69.4775	112.302	6.42485	7	0	102.489	-10.0897	-47.6296	91.6259	-10.0897	-47.6296	91.6259	
13104	6245	42.1414	160.905	39.8302	-99999	39.762	-0.566562	1	1	1	1	1	215.859	225.734	132.183	111.697	-290.029	-257.346	227.557	233.207	238.239	133.367	122.344	111.577	-291.561	-274.555	-257.157	4.50896	7	0	87.9261	39.8169	27.9984	-256.967	39.8169	27.9984	-256.967	
13104	7799	290.148	771.84	287.84	15.7711	14.595	-0.857598	1	1	1	1	1	212.71	138.033	132.551	-69.7478	-610.955	-421.078	212.711	175.997	137.3	132.593	26.436	-71.0704	-610.98	-519.413	-419.432	8.1205	13	0	76.8059	14.6264	-17.7436	-484.835	14.6264	-17.7436	-484.835	
13104	16171	182.249	371.896	149.108	-99999	101.253	-0.629731	0	0	0	0	0	67.8331	182.267	-64.0381	-158.698	-84.0812	-72.7382	65.095	134.935	204.79	-61.8899	-119.969	-177.762	-84.4644	-77.3158	-70.4798	4.99149	6	0	90.4285	36.1033	-26.5683	223.752	36.1033	-26.5683	223.752	
13104	20271	299.832	665.329	297.664	88.8209	89.816	-0.891835	1	1	1	1	1	330.996	167.621	133.438	-111.374	-429.899	-390.446	331.854	250.691	167.502	135.215	9.9936	-111.495	-430.031	-416.211	-390.378	4.26795	10	0	67.3966	89.8367	-2.45046	-412.811	89.8367	-2.45046	-412.811	
13104	21712	252.524	573.011	248.884	86.6286	85.971	-0.844253	1	1	1	1	1	218.835	115.607	132.278	-84.2861	-758.929	-809.798	218.877	162.592	115.101	132.363	25.8083	-87.7464	-758.896	-796.274	-809.353	11.9014	12	0	87.7476	85.9998	-20.1534	-771.385	85.9998	-20.1534	-771.385	
13101	21213	43.7895	111.699	41.6649	-99999	103.242	-0.52454	0	0	0	0	0	311.707	326.948	133.824	111.86	-362.295	-330.363	343.737	351.771	359.868	134.18	122.368	111.225	-362.803	-346.219	-329.22	4.86605	7	0	57.276	93.7881	-21.7214	-609.287	93.7881	-21.7214	-609.287	
13104	21868	138.615	398.135	138.162	-99999	47.95	-0.922415	1	1	1	1	0	170.288	201.803	132.674	8.66393	-270.537	-220.174	170.208	190.011	201.821	132.759	69.7323	8.35396	-270.56	-249.696	-220.007	5.15303	15	0	82.6039	45.8716	-3.07857	603.62	-7.75841	-55.0568	-28.3444	
13104	12222	135.261	328.159	135.205	-99999	74.006	-0.941965	1	1	1	0	0	126.849	96.9096	133.804	5.29178	-451.425	-424.55	126.765	113.016	96.8092	133.804	68.7392	5.247	-451.425	-439.317	-424.531	7.03267	12	0	73.6479	74.0307	19.6919	-429.744	74.0307	19.6919	-429.744	
13104	15728	271.738	611.737	270.504	-99999	107.64	-0.925847	0	0	0	0	0	67.2273	176.201	133.874	-111.756	273.654	297.028	66.8226	116.554	176.326	134.612	8.52958	-112.109	273.627	281.193	297.112	4.04067	9	0	76.3798	40.2226	-127.381	616.46	40.2226	-127.381	616.46	
13104	25119	131.717	309.447	131.434	-99999	-45.502	-0.938508	1	1	1	1	0	348.131	295.627	134.103	14.0847	496.964	503.596	333.975	306.403	281.379	134.368	74.6846	14.0847	496.952	500.401	503.596	4.84573	10	0	75.3894	-45.4771	0.430568	495.224	-45.4771	0.430568	495.224	
13104	4584	255.762	554.509	254.665	-99999	-3.561	-0.749703	1	1	1	1	1	291.653	131.281	132.727	-52.2658	-617.047	-552.119	291.803	213.74	130.77	132.913	38.4801	-52.9276	-617.108	-580.694	-551.993	4.28568	8	0	68.7866	-3.52934	-4.88962	-569.636	-3.52934	-4.88962	-569.636	
13104	3745	300.319	709.172	299.218	-99999	97.653	-0.959168	1	1	1	1	1	200.614	129.147	131.833	-150.36	226.612	273.213	200.825	170.725	129.035	132.878	-13.7231	-150.36	226.559	237.915	273.213	25.1099	7	0	98.7618	97.6856	-32.1493	244.613	97.6856	-32.1493	244.613	
13104	9704	284.753	699.575	282.048	-99999	-38.94	-0.878761	1	1	1	1	1	146.087	204.153	132.873	-118.35	-259.487	-145.317	152.206	181.833	210.452	132.873	6.43442	-120.933	-259.487	-201.147	-144.547	6.78861	12	0	103.718	-38.9058	-18.9535	-185.472	-38.9058	-18.9535	-185.472	
13101	20371	76.6735	218.152	76.0169	-99999	-2.246	-0.967814	1	1	0	0	0	317.951	289.955	132.436	62.0302	-514.659	-514.785	317.375	305.17	289.209	132.927	96.6536	61.89	-514.648	-514.657	-514.77	7.3403	7	0	92.0351	-2.2258	31.3933	-516.758	-2.2258	31.3933	-516.758	
13104	11679	111.973	317.099	110.611	-99999	-43.066	-0.87469	1	1	0	0	0	114.545	161.355	133.19	48.2184	803.935	847.497	114.304	140.679	161.497	133.759	86.2432	47.9453	803.812	816.849	848.117	7.8916	19	0	101.704	-43.037	37.3562	797.918	-43.037	37.3562	797.918	
13104	11997	26.371	97.7371	23.8014	-99999	-13.936	-0.871194	0	0	0	0	0	223.677	231.042	133.25	111.361	558.145	560.778	219.237	224.105	226.595	133.412	121.683	109.228	558.092	561.534	559.788	7.98175	13	0	86.7277	-11.7586	24.3994	486.003	-11.7586	24.3994	486.003	
13104	13917	143.526	572.822	142.352	-99999	106.076	-0.973088	0	0	0	0	0	310.841	325.708	133.578	-5.71637	-354.385	-330.045	343.981	351.655	358.958	134.043	63.9404	-6.40318	-354.468	-341.227	-330.043	10.5382	10	0	271.33	81.4448	-80.212	-131.389	81.4448	-80.212	-131.389	
13104	7389	131.896	303.719	130.153	76.1604	75.248	-0.933972	1	1	1	1	1	234.096	199.594	133.056	29.232	697.42	764.949	234.325	219.496	199.594	134.679	77.0498	29.232	696.864	724.917	764.949	5.92077	14	0	75.592	75.2865	7.17944	727.367	75.2865	7.17944	727.367	
13104	6226	61.8242	143.241	61.8238	-99999	104.139	-0.774136	0	0	0	0	0	310.907	326.441	134.067	85.6602	-18.9526	-54.1206	343.517	351.408	359.052	134.067	109.828	85.6602	-18.9526	-36.4325	-54.1206	9.51588	14	0	46.2421	31.9377	75.9551	224.339	31.9377	75.9551	224.339	
13104	12057	306.414	789.54	305.986	-99999	-8.565	-0.966494	1	1	1	1	1	288.039	238.536	130.668	-170.998	359.653	363.38	285.432	260.367	235.854	131.076	-19.7898	-170.998	359.73	362.12	363.38	7.42697	15	0	85.8043	-8.54249	-24.4111	359.956	-8.54249	-24.4111	359.956	
13104	14206	328.184	688.041	328.181	-99999	41.252	-0.917158	1	1	1	0	0	268.934	346.18	134.391	-164.226	864.666	753.541	281.852	320.56	359.098	134.391	-16.242	-164.226	864.666	812.589	753.541	4.68868	12	0	48.0128	41.2759	-54.999	783.162	41.2759	-54.999	783.162	
13104	14750	314.906	694.429	299.769	91.0631	90.593	-0.989763	1	1	1	1	1	186.09	228.266	131.274	-164.949	-838.518	-821.308	186.09	209.453	230.145	131.274	-24.2144	-179.915	-838.518	-830.837	-820.487	8.10889	7	0	62.5157	90.6302	-24.8134	-775.009	90.6302	-24.8134	-775.009	
13104	15230	329.236	806.515	328.875	-99999	52.13	-0.800541	1	1	1	1	1	87.5816	188.105	132.391	-158.364	-690.764	-580.036	87.3919	143.222	188.045	132.664	-9.40166	-158.364	-690.94	-629.884	-580.036	4.22652	12	0	76.9843	52.1602	-16.1077	-623.55	52.1602	-16.1077	-623.55	
13104	17045	119.424	325.173	119.364	-99999	115.55	-0.894846	0	0	0	0	0	200.663	163.443	133.024	26.3891	-368.282	-331.407	200.554	180.674	163.311	133.073	80.2517	26.3891	-368.296	-349	-331.407	6.41579	8	0	98.561	96.596	-113.916	-383.29	96.596	-113.916	-383.29	
13101	23278	322.876	825.466	321.635	-99999	-10.714	-0.98121	1	1	1	1	1	326.923	291.332	133.599	-171.738	306.038	218.059	323.579	306.665	287.775	133.744	-21.8227	-172.312	306.063	266.568	217.174	10.1555	14	0	105.411	-10.6913	-27.3061	259.192	-10.6913	-27.3061	259.192	
13104	19483	125.879	275.589	124.478	-99999	101.116	-0.971209	0	0	0	0	0	106.644	86.1484	133.882	22.1851	-13.6732	21.6661	106.529	99.9344	85.9444	133.882	76.7958	21.2661	-13.6732	-2.9201	21.5831	4.7682	18	0	94.9312	16.7182	-10.8856	98.7135	16.7182	-10.8856	98.7135	
13104	19843	312.891	708.831	312.724	-99999	2.316	-0.882844	1	1	1	1	1	222.49	146.428	132.705	-139.035	671.231	804.727	222.49	184.617	146.377	132.705	-3.03541	-139.172	671.231	738.833	804.77	4.8182	9	0	67.9257	2.34735	-28.6259	734.889	2.34735	-28.6259	734.889	
13104	20443	333.066	747.488	331.277	-99999	-35.224	-0.926981	1	1	1	1	1	172.925	71.7277	133.453	-165.248	-446.85	-353.884	173.012	132.927	70.717	133.598	-21.5346	-166.284	-446.889	-401.913	-353.198	6.27583	10	0	73.5793	-35.1927	-46.8177	-391.747	-35.1927	-46.8177	-391.747	
13104	22603	357.115	721.948	356.588	-99999	4.377	-0.664427	1	1	1	1	1	153.929	133.014	133.439	-80.5801	-219.986	61.6641	153.924	141.066	132.979	133.439	17.6607	-80.8327	-219.986	-85.5163	62.045	4.49602	17	0	80.8637	4.41081	-10.3225	-56.268	4.41081	-10.3225	-56.268	
13104	22964	250.861	642.579	250.031	-99999	-9.445	-0.750537	1	1	1	1	1	64.586	233.865	36.8565	-146.55	-488.192	-499.535	64.2158	148.724	234.034	37.2747	-55.2055	-146.731	-488.166	-494.311	-499.553	4.74912	9	0	93.0799	-9.41223	-11.0462	-485.677	-9.41223	-11.0462	-485.677	
13104	19396	91.221	261.074	90.5973	-99999	103.238	-0.788647	0	0	0	0	0	307.771	264.621	129.006	59.1571	-298.191	-335.968	340.131	319.253	296.666	129.066	92.9117	58.7051	-298.158	-316.49	-336.087	7.4823	10	0	87.9948	51.4943	37.7834	-829.549	51.4943	37.7834	-829.549	
13101	19559	325.517	742.249	324.362	69.3179	69.537	-0.891258	1	1	1	1	1	295.136	154.599	132.956	-128.363	-459.551	-338.473	295.422	239.641	154.599	133.984	-5.90016	-128.363	-459.975	-398.592	-338.473	4.57721	11	0	72.0404	69.5762	-16.1252	-394.572	69.5762	-16.1252	-394.572	
13104	23521	335.514	782.766	334.061	102.923	102.718	-0.748687	0	0	0	0	0	309.82	84.9763	133.235	-79.5399	-611.669	-496.558	309.956	206.642	84.1208	133.41	11.3219	-79.8888	-611.736	-561.385	-495.776	7.37711	11	0	75.7653	-999999	-999999	-999999	-999999	-999999	-999999	
13104	5059	160.396	383.068	160.389	-99999	100.231	-0.829555	1	1	1	1	0	86.8572	93.7652	133.521	-5.06892	576.063	654.133	86.7426	83.178	93.6505	133.521	63.8973	-5.06892	576.063	614.929	654.133	4.03634	13	0	77.6046	100.254	30.4446	626.641	100.254	30.4446	626.641	
13104	8795	145.072	338.348	144.641	-99999	81.955	-0.773567	1	1	1	1	1	70.0365	130.592	20.5743	-91.9556	332.862	400.4	69.9428	100.274	130.681	20.5743	-35.7951	-92.2789	332.862	366.73	400.588	4.69598	12	0	40.971	81.9822	-3.62018	352.365	81.9822	-3.62018	352.365	
13104	8833	65.8407	135.593	61.814	-99999	80.006	-0.572259	1	1	0	0	0	128.985	84.7739	132.552	97.8553	504.456	530.166	130.139	106.784	83.1299	133.576	115.013	96.4906	503.672	517.583	531.01	4.29593	9	0	50.6284	80.017	52.9832	554.113	80.017	52.9832	554.113	
13104	8634	284.12	661.061	284.107	-99999	7.705	-0.951655	1	1	1	1	1	86.6295	80.0836	134.593	-138.405	-229.975	-154.115	86.6207	77.7074	80.0748	134.593	-1.24293	-138.405	-229.975	-189.48	-154.115	7.11313	9	0	82.643	7.72631	2.46658	-188.59	7.72631	2.46658	-188.59	
13104	12523	352.407	856.683	352.351	-99999	56.764	-0.822813	1	1	1	1	1	238.34	247.746	134.03	-169.02	846.223	676.897	256.115	271.042	265.521	134.03	-17.0387	-169.02	846.223	758.887	676.897	4.52693	12	0	75.7474	56.781	-14.888	724.957	56.781	-14.888	724.957	
13104	17074	345.403	1036.58	345.365	-99999	-8.499	-0.867285	1	1	1	1	1	304.97	307.891	133.769	-165.481	-273.619	-443.078	302.309	303.885	305.23	133.769	-17.7822	-165.481	-273.619	-355.781	-443.078	5.50432	14	0	166.068	-8.47554	-35.3351	-367.518	-8.47554	-35.3351	-367.518	
13104	15628	331.61	1.6933e+07	331.312	-99999	-11.76	-0.487633	1	1	1	1	1	63.7984	77.0294	14.6301	-135.657	421.605	716.077	63.8119	73.729	77.0016	14.6301	-62.7902	-135.814	421.605	567.819	716.315	17.0449	16	0	77.6934	-11.703	-19.9858	497.941	-11.703	-19.9858	497.941	
13104	12644	137.267	407.592	135.611	-99999	54.267	-0.945594	1	1	1	1	1	311.531	342.09	132.437	3.32613	-407.494	-379.512	328.099	343.338	359.087	133.983	68.5584	3.31287	-407.829	-393.798	-379.51	5.25937	6	0	62.5725	54.291	-3.2413	-379.874	54.291	-3.2413	-379.874	
13104	15267	155.317	375.232	154.526	-99999	61.448	-0.942868	1	1	1	1	1	106.191	159.904	133.814	-10.3155	-483.569	-478.572	106.013	129.965	160.001	134.123	60.3494	-10.7445	-483.572	-485.554	-478.584	10.1051	6	0	92.5123	61.4692	6.63339	-478.626	61.4692	6.63339	-478.626	
13104	18917	372.135	869.095	357.166	68.471	66.244	-0.878043	1	1	1	1	1	178.131	334.602	132.847	-169.663	390.5	497.974	177.635	259.099	340.509	133.938	-23.7369	-181.509	390.186	445.973	501.593	4.10677	6	0	62.1777	66.2747	-18.4815	452.047	66.2747	-18.4815	452.047	
13104	23009	142.151	315.936	140.772	-27.5766	-29.585	-0.985566	1	1	1	1	1	236.294	199.764	131.219	-3.58661	-659.459	-646.565	236.492	220.494	199.71	132.41	63.3215	-3.74323	-659.502	-656.483	-646.564	11.4416	6	0	76.2554	-29.5553	2.76239	-641.416	-29.5553	2.76239	-641.416	
13104	19366	89.3998	230.049	88.6729	-99999	59.182	-0.928855	1	1	1	1	0	146.341	179.507	132.855	52.7365	-614.015	-596.315	146.049	162.181	179.439	133.529	92.5764	52.7365	-614.151	-606.468	-596.315	8.36534	9	0	77.9223	59.2154	26.189	-602.083	59.2154	26.189	-602.083	
13104	23206	167.822	382.258	167.631	-99999	-10.695	-0.704277	1	1	1	1	1	63.7802	169.679	30.1091	-90.1413	428.786	477.632	63.7052	116.576	169.721	30.2049	-30.4037	-90.1836	428.744	452.513	477.644	4.17619	10	0	69.2769	-10.6546	-6.44196	450.434	-10.6546	-6.44196	450.434	
13104	13975	198.622	499.625	196.392	-99999	17.26	-0.909647	1	1	1	1	1	191.031	168.617	131.521	-51.6484	-476.817	-416.213	191.075	167.226	168.361	131.783	40.4178	-53.5344	-476.918	-446.521	-415.867	8.57264	13	0	105.467	17.2951	-9.64297	-432.519	17.2951	-9.64297	-432.519	
13104	20725	328.481	736.643	328.476	-99999	61.649	-0.966177	1	1	1	1	1	94.9737	172.868	133.601	-165.054	-216.878	-117.147	94.9031	129.144	172.798	133.601	-23.617	-165.054	-216.878	-184.099	-117.147	6.16945	13	0	71.7699	61.6762	-2.39735	-181.976	61.6762	-2.39735	-181.976	
13104	20965	240.639	600.069	240.626	-99999	57.786	-0.976002	1	1	1	0	0	114.157	134.292	134.386	-99.089	-871.504	-819.876	114.09	125.487	134.226	134.386	16.4559	-99.089	-871.504	-851.069	-819.876	7.96964	12	0	121.609	57.8035	-16.5998	-802.748	57.8035	-16.5998	-802.748	
13104	25022	378.842	878.598	377.979	79.9136	78.701	-0.744456	1	1	1	1	1	152.158	272.714	131.588	-134.731	403.839	640.484	152.027	207.106	272.938	131.879	-9.35643	-134.959	403.613	516.822	640.821	6.23759	6	0	71.2793	78.7228	-16.9665	536.7	78.7228	-16.9665	536.7	
13104	16290	193.055	394.631	192.579	-99999	10.413	-0.721608	1	1	1	1	1	149.97	172.346	132.89	-7.2233	476.776	605.754	149.921	158.329	172.334	133.164	62.7625	-7.2233	476.513	541.891	605.754	5.61047	15	0	76.0777	10.4526	3.12056	571.228	10.4526	3.12056	571.228	
13104	17610	193.968	191.419	171.31	-99999	-32.197	-0.941419	1	1	1	1	1	243.996	300.708	-51.6466	85.3182	-886.865	-815.252	290.517	260.811	230.478	85.626	7.46075	-67.3459	-815.236	-851.181	-898.796	6.07762	205	0	191.419	-32.1602	9.93211	-785.73	-32.1602	9.93211	-785.73	
13104	17154	187.082	450.333	187.074	-99999	-41.84	-0.890451	1	1	1	1	1	197.576	113.614	133.53	2.07687	517.402	607.703	197.624	168.954	113.662	133.53	55.2652	2.07687	517.402	559.591	607.703	10.2285	11	0	95.7103	-41.8143	2.53324	585.43	-41.8143	2.53324	585.43	
13104	24132	321.698	724.709	319.618	-25.8329	-28.708	-0.705543	1	1	1	1	1	106.423	270.458	133.906	-66.4535	259.381	75.3549	106.423	190.068	271.284	133.906	25.672	-67.6319	259.381	175.12	73.8645	4.26231	12	0	77.361	-28.6652	-10.0076	149.59	-28.6652	-10.0076	149.59	
13104	6658	26.2971	57.1443	26.052	-99999	85.118	-0.821735	0	0	0	0	0	318.397	332.369	132.271	111.171	-364.023	-370.199	345.051	352.063	359.155	132.271	121.556	110.974	-364.023	-367.004	-370.261	4.06558	10	0	41.8985	85.1437	75.5898	-376.518	85.1437	75.5898	-376.518	
13101	20	181.326	616.159	181.317	-99999	31.607	-0.845942	1	1	1	0	0	221.189	287.872	29.9239	-99.1431	-890.942	-788.948	231.087	258.084	297.77	29.9239	-43.1371	-99.1431	-890.942	-844.65	-788.948	4.21119	6	0	68.4243	31.6403	-45.9727	-785.191	31.6403	-45.9727	-785.191	
13104	21311	31.2263	108.25	30.8294	-99999	108.679	-0.830931	0	0	0	0	0	245.997	262.221	134.114	108.938	496.036	489.497	279.865	287.498	296.277	134.38	121.402	108.908	496.105	492.096	489.499	8.10059	13	0	74.1426	10.3434	27.4243	116.723	10.3434	27.4243	116.723	
13104	18838	30.7844	148.643	29.6062	-99999	74.454	-0.497167	1	1	1	1	1	168.56	170.901	129.405	103.863	444.431	455.119	168.474	169.004	170.914	129.405	117.545	102.897	444.431	451.392	455.212	10.0484	11	0	105.407	74.4752	-12.2805	590.653	74.4752	-12.2805	590.653	
13104	23758	220.255	517.214	219.145	-99999	116.049	-0.810709	0	0	0	0	0	180.038	322.682	133.052	-30.8037	-297.694	-325.945	216.058	287.167	359.39	133.495	50.6673	-31.2224	-297.688	-311.714	-326.012	5.81751	7	0	50.7902	-44.2797	29.0097	-80.2531	-44.2797	29.0097	-80.2531	
13104	23270	326.635	720.378	326.629	49.0631	49.527	-0.900345	1	1	1	1	1	249.09	93.4641	132.883	-146.112	423.669	484.483	249.09	177.712	93.4641	132.883	-11.1932	-146.112	423.669	451.557	484.483	5.99838	8	0	94.4174	49.5616	-39.4556	458.279	49.5616	-39.4556	458.279	
13104	21002	305.282	760.29	302.991	71.6895	68.629	-0.892198	1	1	1	1	1	330.824	176.517	133.63	-125.317	-193.452	-203.519	331.28	256.785	175.856	134.561	2.21706	-126.37	-193.38	-208.22	-203.405	71.0559	7	0	149.564	68.6561	1.69843	-208.268	68.6561	1.69843	-208.268	
13104	19959	347.476	9288.29	347.179	-99999	43.275	-0.503007	1	1	1	1	1	158.974	73.867	131.739	-25.6179	-172.377	112.591	159	110.38	73.8175	131.874	42.2189	-25.6179	-172.597	-31.9855	112.591	4.12736	12	0	61.2289	43.3199	-20.7078	56.8147	43.3199	-20.7078	56.8147	
13104	21399	312.173	705.082	310.002	-99999	4.447	-0.880067	1	1	1	1	1	247.704	116.837	131.448	-132.802	-421.444	-327.755	248.018	185.829	116.321	132.123	-3.08853	-134.045	-421.638	-375.119	-327.404	4.18802	13	0	88.4459	4.48535	-34.0004	-358.706	4.48535	-34.0004	-358.706	
13104	20652	307.601	684.546	303.817	23.8909	22.204	-0.906015	1	1	1	1	1	270.598	182.161	132.442	-144.366	-817.959	-731.077	270.927	224.694	181.564	133.366	-7.71334	-147.052	-818.238	-778.46	-730.998	4.1174	15	0	66.7173	22.2298	-21.2932	-746.41	22.2298	-21.2932	-746.41	
13104	22385	362.27	1113.33	346.991	15.828	14.997	-0.916422	1	1	1	1	1	107.84	290.153	126.137	-168.617	262.397	262.141	107.677	201.919	297.082	126.831	-27.1933	-181.24	262.137	261.6	261.35	4.52548	6	0	150.947	15.0335	-20.4393	256.585	15.0335	-20.4393	256.585	
13104	8701	241.47	995.533	241.464	-99999	-23.955	-0.648153	0	0	0	0	0	165.804	134.196	134.111	-46.8668	-519.688	-365.214	165.832	151.284	134.223	134.111	46.4425	-46.8668	-519.688	-438.353	-365.214	20.514	8	0	408.812	63.0413	5.74265	698.409	63.0413	5.74265	698.409	
13104	9541	227.397	4192.19	226.346	51.3355	51.132	-0.660735	1	1	1	1	1	239.864	83.8835	132.781	-7.99759	89.8631	173.838	240.536	162.249	83.8835	133.476	62.6898	-7.99759	89.4619	131.58	173.838	7.20803	9	0	130.559	51.1508	-14.5051	133.068	51.1508	-14.5051	133.068	
13104	24753	154.07	460.271	150.727	-99999	69.229	-0.98894	1	1	1	1	1	89.2636	93.4137	131.516	-13.3874	-638.918	-600.118	89.1598	92.7284	92.6585	132.047	57.7245	-16.092	-638.983	-619.728	-599.895	7.031	11	0	141.192	69.257	18.5059	-611.384	69.257	18.5059	-611.384	
13104	25015	143.413	366.457	143.41	-99999	16.987	-0.300508	1	1	1	0	0	354.273	292.871	-107.211	-147.747	-359.526	-237.561	359.593	325.547	298.19	-107.211	-128.999	-147.747	-359.526	-300.368	-237.561	4.36889	18	0	75.8075	17.0036	-81.5135	-318.315	17.0036	-81.5135	-318.315	
13104	11810	325.819	758.593	322.78	-16.119	-16.376	-0.818883	1	1	1	1	1	76.7096	247.335	133.619	-114.787	138.338	31.803	75.9178	161.282	247.441	134.892	3.64194	-116.163	138.731	94.1559	31.2784	4.62981	17	0	81.3233	-16.3401	-7.69696	91.5444	-16.3401	-7.69696	91.5444	
13104	9902	235.789	881.35	229.917	-99999	-7.658	-0.680481	1	1	1	1	1	351.971	185.284	38.606	-111.824	751.158	784.391	355.626	271.608	184.595	42.028	-40.555	-112.241	750.98	753.568	784.68	5.51768	8	0	68.0542	-7.64649	-2.87059	742.264	-7.64649	-2.87059	742.264	
13101	3744	124.669	251.408	124.525	-99999	76.291	-0.740564	1	1	1	0	0	304.144	320.828	134.256	47.7664	662.427	575.794	328.017	333.098	344.718	134.358	87.6227	47.7664	662.516	621.688	575.794	4.25749	14	0	51.1539	78.1724	-42.7065	483.962	33.7324	14.7394	678.699	
13104	1594	291.972	636.275	291.261	-99999	36.249	-0.964743	1	1	1	1	1	144.325	161.437	130.996	-153.175	-262.846	-210.123	144.309	145.838	161.395	131.644	-10.9588	-153.175	-263.014	-236.547	-210.123	4.91146	8	0	72.233	36.2609	-14.6114	-232.818	36.2609	-14.6114	-232.818	
13104	13053	30.1985	24.463	5.88521	-99999	84.096	-0.935432	1	1	1	1	1	74.059	74.3747	128.017	122.474	551.437	553.234	73.9071	75.3204	75.6511	130.057	115.884	102.551	550.662	555.256	558.989	16.7572	17	0	24.463	84.1192	7.77024	588.528	84.1192	7.77024	588.528	
13098	4663	149.607	377.188	149.227	-99999	42.637	-0.842843	1	1	1	1	1	181.865	140.006	132.546	19.5326	-446.045	-359.643	181.904	164.807	139.957	132.867	74.1552	19.5326	-446.219	-403.318	-359.643	5.74174	13	0	71.8213	42.669	16.1288	-388.759	42.669	16.1288	-388.759	
13098	5503	251.525	2821.65	249.127	15.4896	14.782	-0.844519	1	1	1	1	1	162.739	222.362	131.236	-75.251	-492.766	-615.942	162.152	198.067	222.362	133.249	28.8296	-75.251	-491.631	-551.748	-615.942	4.55762	13	0	74.9886	14.8054	-11.9178	-565.291	14.8054	-11.9178	-565.291	
13104	2310	239.633	519.439	238.032	-99999	11.847	-0.762761	1	1	1	1	1	72.0256	142.593	132.79	-66.3687	-619.029	-513.402	72.012	110.977	142.584	132.79	36.701	-67.7437	-619.029	-559.169	-512.592	5.18061	10	0	64.3309	11.882	13.3956	-552.041	11.882	13.3956	-552.041	
13098	5742	337.785	777.747	333.318	12.7338	12.398	-0.934772	1	1	1	1	1	230.958	168.409	130.823	-161.046	-730.637	-587.907	231.297	206.19	167.918	134.054	-15.9102	-161.86	-731.819	-658.708	-587.595	4.5854	11	0	85.8554	12.4359	-29.9486	-643.547	12.4359	-29.9486	-643.547	
13098	15502	129.162	279.463	97.7025	-99999	107.748	-0.752287	0	0	0	0	0	117.83	126.808	31.4053	111.966	-893.733	-839.395	129.504	122.957	117.298	133.777	81.1425	27.8033	-823.766	-860.462	-896.287	4.23285	28	0	279.463	56.321	53.3637	830.444	35.371	-41.3223	-744.69	
13098	15368	117.997	381.424	115.487	-99999	87.672	-0.614569	1	1	1	1	1	242.484	312.439	132.194	61.7075	562.351	503.623	269.938	305.725	340.575	132.194	96.1465	61.0843	562.351	532.347	501.312	34.2311	11	0	162.532	87.6507	17.9817	489.42	87.6507	17.9817	489.42	
13098	5358	236.179	533.513	234.851	-99999	-1.616	-0.986341	1	1	1	1	0	125.105	139.32	132.965	-99.548	-820.337	-794.469	125.093	132.001	139.325	134.013	17.0556	-99.7903	-820.517	-806.477	-794.438	4.29451	9	0	80.3048	6.98871	-12.0816	219.608	6.98871	-12.0816	219.608	
13098	5798	171.622	409.999	171.078	-99999	-11.64	-0.907835	1	1	1	1	1	180.076	149.27	131.48	-21.9529	668.586	737.182	180.184	164.46	149.283	131.972	54.8902	-21.9529	668.379	702.506	737.182	5.69667	10	0	73.4072	-11.611	-3.74989	718.114	-11.611	-3.74989	718.114	
13101	1148	323.388	1894.96	295.478	111.575	112.25	-0.713811	0	0	0	0	0	358.623	191.446	42.3232	-162.676	176.886	308.409	359.37	268.672	177.45	43.2647	-70.2041	-178.442	176.346	247.327	324.459	5.04173	11	0	107.705	71.8524	-70.7797	605.925	59.0824	54.9323	14.933	
13098	10669	183.387	402.219	181.125	-40.6766	-41.507	-0.792005	1	1	1	1	1	233.529	116.83	132.118	-2.13872	-94.1204	-63.9226	234.618	175.698	116.632	133.554	64.1246	-2.51619	-94.2758	-84.0251	-63.7887	4.23855	12	0	75.0743	-41.4702	7.61416	-72.3225	-41.4702	7.61416	-72.3225	
13098	12807	311.434	746.001	309.516	49.7206	49.06	-0.688355	1	1	1	1	1	193.022	249.124	132.443	-52.2362	491.483	251.67	192.991	210.667	249.188	133.656	37.7595	-52.3268	492.724	371.563	251.538	10.3986	15	0	106.869	49.1052	-16.6553	331.234	49.1052	-16.6553	331.234	
13101	1080	419.096	951.81	418.292	-650.766	56.83	-0.729833	0	0	0	0	0	287.673	110.109	132.69	-161.707	-503.73	-265.568	287.966	199.923	110.109	133.274	-14.4404	-161.707	-504.183	-384.512	-265.568	4.27836	14	0	54.5589	-999999	-999999	-999999	-999999	-999999	-999999	
13098	14738	271.403	1976.8	269.807	54.6317	51.493	-0.713073	1	1	1	1	1	297.376	113.377	133.799	-45.7571	-851.206	-772.134	297.783	204.581	112.813	134.259	44.589	-46.5063	-851.389	-811.182	-772.018	6.69598	8	0	83.3229	51.5237	-8.84441	-769.488	51.5237	-8.84441	-769.488	
13104	1393	256.859	551.982	248.617	-26.4912	-28.369	-0.926162	1	1	1	1	1	141.754	236.684	133.845	-87.6797	-406.08	-450.852	141.717	190.007	236.445	133.948	15.6947	-95.7231	-406.064	-418.86	-450.816	6.65689	9	0	63.3475	-28.3314	-12.6212	-422.598	-28.3314	-12.6212	-422.598	
13098	2475	90.3475	234.272	89.5725	-99999	85.198	-0.680158	1	1	0	0	0	169.385	117.15	132.33	73.4104	444.849	486.67	169.695	145.492	117.053	132.853	100.931	73.4104	444.45	465.243	486.67	4.05122	11	0	68.0382	87.9665	66.9236	309.998	87.9665	66.9236	309.998	
13098	125	224.506	570.198	224.5	48.4916	45.188	-0.612015	1	1	1	1	1	281.735	90.3505	133.787	31.8264	-740.502	-700.072	281.735	188.701	90.3505	133.787	71.966	31.8264	-740.502	-731.715	-700.072	4.66724	11	0	129.79	45.2022	28.3252	-719.251	45.2022	28.3252	-719.251	
13098	2369	326.263	685.699	304.969	-99999	29.591	-0.96426	1	1	1	1	0	272.486	336.656	133.464	-160.666	-775.746	-823.817	281.739	317.688	349.838	133.523	-23.1669	-181.387	-775.736	-803.242	-826.132	4.97108	9	0	54.1047	29.6138	-35.7963	-788.96	29.6138	-35.7963	-788.96	
13098	4180	151.109	310.412	150.71	-99999	81.49	-0.944053	1	1	1	1	0	309.395	333.474	133.785	-10.3437	-682.094	-645.417	334.878	347.281	359.032	133.921	61.7619	-10.5898	-682.131	-663.574	-645.387	5.10551	7	0	52.2056	81.512	-30.3707	-638.363	81.512	-30.3707	-638.363	
13098	5882	210.715	452.607	210.714	-99999	81.615	-0.940144	1	1	1	1	1	272.711	333.622	134.059	-66.7366	13.5903	32.5476	298.269	328.007	359.179	134.059	33.4106	-66.7366	13.5903	22.7232	32.5476	5.04327	6	0	48.3729	81.6364	-19.0598	27.2463	81.6364	-19.0598	27.2463	
13098	6002	335.23	830.194	321.296	-99999	19.549	-0.895646	1	1	1	1	1	210.945	321.764	130.809	-163.568	378.313	313.944	216.99	274.947	333.901	131.01	-22.225	-175.75	378.377	344.08	313.164	13.6361	11	0	143.672	19.5774	-41.8124	335.841	19.5774	-41.8124	335.841	
13098	253	28.586	213.324	27.7242	-99999	40.47	-0.840904	0	0	0	0	0	331.366	346.773	133.396	110.782	840.096	843.571	343.826	350.98	359.701	133.697	121.554	110.45	840.07	842.12	843.592	4.42423	7	0	121.56	40.4981	67.047	818.162	40.4981	67.047	818.162	
13098	5987	61.9603	168.42	60.3969	329.644	-3.71	-0.456043	0	0	0	0	0	199.123	232.969	133.011	114.912	86.527	131.788	199.123	213.873	233.766	133.011	119.634	114.806	86.527	110.167	133.121	5.79415	10	0	74.0979	54.9351	-11.6649	396.752	77.2351	12.955	9.98891	
13101	21620	490.821	1059.06	489.745	-39.5857	-39.363	-0.590006	1	1	1	1	1	114.699	341.109	133.702	-130.386	461.879	800.662	114.579	240.25	341.201	133.873	8.6665	-130.883	461.682	630.911	801.263	4.36492	8	0	70.5049	-39.3264	-34.7544	676.555	-39.3264	-34.7544	676.555	
13098	7834	280.497	603.415	279.454	-99999	-5.918	-0.984644	1	1	1	1	1	314.011	340.321	133.51	-137.39	542.521	598.916	312.141	322.557	338.692	133.704	-4.6523	-138.171	542.491	561.747	599.072	5.36198	6	0	67.7639	-5.90266	-31.6879	575.014	-5.90266	-31.6879	575.014	
13104	1124	181.227	412.043	178.992	-99999	97.017	-0.951156	1	1	1	1	1	274.182	328.652	131.597	-38.4849	-382.145	-375.645	304.052	329.607	359.215	133.286	46.3934	-38.8989	-382.37	-381.414	-375.627	4.60151	7	0	49.9633	97.0331	-5.9445	-378.457	97.0331	-5.9445	-378.457	
13098	2639	186.309	621.42	182.509	97.8291	98.071	-0.437929	1	1	1	1	1	122.174	286.472	133.965	60.2407	-764.708	-794.159	121.752	205.396	289.415	134.172	96.0106	58.8266	-764.653	-779.568	-794.777	5.89536	6	0	58.924	98.1083	24.1486	-780.424	98.1083	24.1486	-780.424	
13104	15743	241.174	582.399	241.171	-99999	95.842	-0.955802	1	1	1	1	1	270.939	329.023	134.038	-99.9095	-680.202	-673.065	300.951	329.978	359.035	134.038	17.0708	-99.9095	-680.202	-676.299	-673.065	4.40088	9	0	63.9256	95.856	-40.1683	-673.516	95.856	-40.1683	-673.516	
13098	2091	323.425	669.639	309.256	-25.186	-25.995	-0.986105	1	1	1	1	1	157.563	248.259	132.969	-155.57	-429.677	-455.516	157.471	196.04	249.483	133.56	-23.1432	-167.081	-429.692	-428.425	-462.497	4.86808	7	0	53.7855	-25.9648	-24.1507	-429.878	-25.9648	-24.1507	-429.878	
13098	1263	74.8004	191.964	73.8525	-99999	53.46	-0.779286	1	1	0	0	0	160.651	192.16	132.86	80.4909	629.846	669.62	160.292	174.084	192.099	133.6	104.597	80.4909	629.337	648.48	669.62	4.3287	14	0	69.8042	53.5036	24.0862	654.38	53.5036	24.0862	654.38	
13104	4547	137.994	330.08	137.719	-99999	99.348	-0.325758	1	1	1	0	0	125.723	84.722	133.621	87.5111	-806.666	-684.319	125.74	101.868	84.6084	133.708	109.388	87.5111	-806.89	-746.941	-684.319	5.07862	17	0	77.5055	99.3787	37.701	-724.528	99.3787	37.701	-724.528	
13098	6808	160.702	364.215	160.536	-99999	-18.25	-0.445033	1	1	1	0	0	123.075	129.623	4.53381	-67.1992	-894.008	-751.174	123.09	122.907	129.644	4.60443	-31.7616	-67.1992	-894.149	-822.588	-751.174	5.08369	16	0	110.075	-18.2357	-31.4651	-777.301	-18.2357	-31.4651	-777.301	
13098	7048	99.2354	432.001	98.166	-19.785	-19.72	-0.587226	1	1	1	1	1	241.487	183.659	133.108	79.5391	740.467	682.011	241.487	212.318	183.029	133.108	105.856	78.9784	740.467	711.016	681.357	14.1586	6	0	158.517	-19.6953	-6.99353	621.051	-19.6953	-6.99353	621.051	
13098	10614	508.586	3835.83	507.966	89.9678	89.149	-0.416243	1	1	1	1	1	142.896	273.53	133.857	-52.212	-190.95	-637.793	142.896	223.498	273.508	133.857	36.06	-52.4626	-190.95	-411.128	-638.312	5.0767	18	0	2659.72	89.2151	-23.0831	-413.984	89.2151	-23.0831	-413.984	
13104	2449	62.8474	184.534	62.6325	-99999	101.245	-0.742939	0	0	0	0	0	293.644	327.435	133.213	86.2619	402.421	378.451	325.229	342.419	359.139	133.372	109.972	86.2619	402.5	390.486	378.451	7.7167	15	0	87.509	-49.0679	-30.2284	-700.081	-49.0679	-30.2284	-700.081	
13104	17696	165.283	358.655	165.02	55.5388	54.939	-0.872305	1	1	1	1	1	283.824	196.708	133.56	-5.88444	83.5037	93.0904	283.824	238.855	196.584	133.56	64.2824	-6.11223	83.5037	84.6273	93.1052	4.63962	7	0	72.346	54.9672	8.62769	73.7529	54.9672	8.62769	73.7529	
13098	8159	185.555	397.155	185.237	-683.096	43.322	-0.857373	0	0	0	0	0	157.164	272.034	133.153	-2.85551	539.354	495.19	157.018	210.416	272.034	133.419	59.9543	-2.85551	539.415	521.137	495.19	4.84104	11	0	67.2267	98.4825	-3.08186	477.754	98.4825	-3.08186	477.754	
13098	1030	160.02	384.562	159.742	-99999	61.402	-0.975814	1	1	1	1	0	144.109	114.967	133.191	-20.1776	-163.636	-140.769	144.086	135.341	114.896	133.456	55.0115	-20.1776	-163.677	-150.805	-140.769	4.26415	6	0	71.2776	61.4279	7.73645	-146.135	61.4279	7.73645	-146.135	
13104	16268	295.9	636.612	294.757	36.6557	34.962	-0.958828	1	1	1	1	1	223.653	149.382	132.419	-147.529	-538.198	-586.174	223.711	179.843	149.08	132.685	-6.10702	-148.326	-538.159	-564.341	-586.052	13.9929	7	0	77.4531	34.9938	-31.331	-563.644	34.9938	-31.331	-563.644	
13098	2404	258.238	843.212	251.305	-99999	52.709	-0.409752	1	1	1	1	1	137.882	217.038	132.695	18.6903	622.299	831.788	129.599	170.228	210.494	132.695	74.1851	15.6472	622.299	729.98	837.76	4.72301	17	0	252.273	52.7598	6.11842	738.918	52.7598	6.11842	738.918	
13098	2884	214.823	485.278	214.124	-99999	104.81	-0.917078	0	0	0	0	0	200.354	167.929	132.804	-59.8795	734.978	820.814	200.263	181.441	167.579	132.907	36.2677	-60.1952	734.941	777.673	821.235	4.61075	13	0	69.8696	-10.3895	-28.023	23.4089	-21.4895	-32.0228	647.291	
13098	615	151.353	391.21	149.291	-99999	84.133	-0.575269	1	1	1	1	1	233.718	219.397	130.795	32.078	-730.661	-620.62	260.231	254.277	245.742	131.936	80.6858	32.078	-732.303	-677.097	-620.62	7.4232	9	0	61.9249	84.1615	19.1514	-656.405	84.1615	19.1514	-656.405	
13104	14027	28.7914	132.621	28.7885	-99999	109.957	-0.880989	0	0	0	0	0	217.193	228.174	133.07	107.65	-124.043	-116.483	199.914	205.333	210.895	133.07	120.566	107.65	-124.043	-119.426	-116.483	15.4412	12	0	112.839	0.4778	-35.4307	133.921	0.4778	-35.4307	133.921	
13098	12104	343.852	1080.33	313.634	-99999	-23.688	-0.892896	1	1	1	1	1	177.318	92.7066	132.4	-152.911	310.171	211.446	177.82	131.3	84.8589	133.666	-22.6142	-178.588	310.612	256.134	201.288	4.62132	11	0	214.62	-23.659	-70.0547	242.262	-23.659	-70.0547	242.262	
13098	15692	340.518	772.287	322.478	-99999	-40.335	-0.932489	1	1	1	1	1	352.685	328.956	133.876	-165.18	-704.195	-822.445	340.109	327.279	314.89	134.818	-23.0063	-180.97	-703.837	-766.369	-828.598	8.71483	10	0	45.9558	-40.3061	-23.408	-759.075	-40.3061	-23.408	-759.075	
13098	1686	232.163	559.064	231.931	-99999	60.049	-0.0736729	1	1	1	1	1	349.702	200.778	39.1116	9.66788	-432.622	-257.313	359.25	284.53	210.18	39.1191	24.882	9.65955	-432.76	-345.098	-257.275	6.65897	9	0	52.3044	60.0227	-2.46531	-248.859	15.3927	-34.95	-366.36	
13098	5406	297.947	682.341	296.981	100.048	99.315	-0.89333	1	1	1	1	1	138.166	257.479	133.35	-122.306	769.06	678.433	138.145	200.209	257.805	133.403	6.39892	-123.078	769.076	722.224	678.114	5.06829	14	0	79.8553	99.3466	-11.7563	704.731	99.3466	-11.7563	704.731	
13098	1829	366.362	807.665	365.958	-99999	-26.209	-0.786324	1	1	1	1	1	197.843	158.517	133.121	-165.129	400.633	605.528	197.938	181.348	158.534	133.404	-16.7399	-165.154	400.42	503.65	605.547	4.24958	14	0	61.882	-26.181	-27.5565	518.891	-26.181	-27.5565	518.891	
13098	4229	120.963	292.028	119.335	-99999	36.742	-0.998107	1	1	1	1	0	140.894	145.324	131.832	14.0874	-69.3356	-58.7174	140.784	144.226	145.268	133.16	72.9847	13.9007	-69.3631	-66.5859	-58.7119	5.84264	11	0	82.0693	36.7702	13.9633	-59.3486	36.7702	13.9633	-59.3486	
13104	10323	219.337	498.364	218.714	-99999	-5.244	-0.718988	1	1	1	0	0	73.2027	147.705	108.606	-43.6855	-893.625	-756.179	73.0291	112.436	147.758	108.954	32.2909	-43.7908	-893.906	-826.2	-756.107	5.92454	13	0	78.5892	-5.21938	4.71628	-781.297	-5.21938	4.71628	-781.297	
13104	22783	63.7343	168.421	63.5237	-99999	46.005	-0.885757	0	0	0	0	0	164.692	142.785	133.491	77.2329	-388.554	-368.911	164.64	153.407	142.688	133.491	105.299	77.0463	-388.554	-378.862	-368.856	5.02352	13	0	56.0978	-17.8366	-23.7676	-208.089	-17.8366	-23.7676	-208.089	
13098	1012	293.299	819.129	291.956	-99999	91.286	-0.871682	1	1	1	1	1	197.12	330.723	131.904	-126.607	519.025	540.968	225.31	293.656	359.505	132.608	3.28087	-127.096	518.97	529.365	541.013	19.981	9	0	135.472	91.3085	-41.4913	534.856	91.3085	-41.4913	534.856	
13098	5516	395.279	755.489	395.022	-397.146	41.419	-0.617052	0	0	0	0	0	219.934	173.216	133.258	-60.7377	258.511	-71.6927	219.935	210.375	173.216	133.375	18.3674	-60.7377	258.663	99.109	-71.6927	4.57958	9	0	71.6363	56.0031	-13.2282	-631.943	56.0031	-13.2282	-631.943	
13098	1687	362.661	766.537	359.703	-99999	100.203	-0.735102	1	1	1	1	1	82.8896	109.918	134.525	-124.184	-58.313	187.989	82.775	94.3244	109.51	134.525	2.07476	-126.257	-58.313	64.4169	189.947	8.19748	14	0	79.4545	100.238	-5.38222	75.725	100.238	-5.38222	75.725	
13098	4807	158.349	332.01	149.281	-99999	44.801	-0.946487	1	1	1	1	1	151.952	174.697	133.176	-9.92411	239.414	273.659	151.883	161.345	174.485	133.783	58.1631	-16.8307	239.204	260.399	278.295	4.19643	6	0	50.8689	44.8283	4.81455	243.516	44.8283	4.81455	243.516	
13098	9086	334.531	8245.36	334.526	335.073	70.582	-0.832611	1	1	1	1	1	94.1512	215.558	133.599	-130.699	-433.67	-596.71	94.1512	155.326	215.558	133.599	-2.06192	-130.699	-433.67	-509.696	-596.71	4.35031	11	0	85.7209	70.6196	-22.9287	157.25	70.6196	-22.9287	157.25	
13104	21378	138.563	318.978	123.562	-99999	101.34	-0.972579	0	0	0	0	0	152.124	154.643	129.249	21.0292	-253.582	-201.98	152.008	152.451	152.208	129.249	69.4157	16.8421	-253.582	-223.541	-188.615	5.85877	16	0	100.151	70.0687	-0.147545	161.587	70.0687	-0.147545	161.587	
13098	6457	59.5093	159.779	59.504	-99999	55.267	-0.787319	0	0	0	0	0	113.039	87.4643	133.797	88.0087	21.7394	49.5689	112.976	99.5793	87.3991	133.797	110.756	88.0057	21.7394	34.9007	49.5701	4.90205	10	0	75.2306	55.3035	60.1438	31.4108	55.3035	60.1438	31.4108	
13098	14635	158.249	371.68	156.306	-99999	-33.152	-0.945634	1	1	1	0	0	74.9727	109.909	133.261	-4.77042	-758.522	-696.425	74.8277	89.8405	109.991	134.677	61.7812	-5.17885	-758.946	-732.22	-696.258	5.08762	16	0	83.4831	-33.1373	24.634	-722.757	-33.1373	24.634	-722.757	
13098	13578	81.405	213.197	79.6637	-99999	114.904	-0.913676	0	0	0	0	0	296.853	318.924	132.288	61.8066	378.83	349.137	332.697	343.949	355.22	132.846	96.753	60.8159	379.031	364.058	348.693	5.46918	13	0	73.8255	91.9568	-25.7001	-462.004	44.1268	-39.2944	-153.678	
13098	14178	119.883	294.22	118.667	-99999	0.152	-0.939975	1	1	1	0	0	137.818	115.074	134.073	24.5204	337.627	376.426	137.819	126.009	114.701	134.078	79.0806	23.4288	337.625	358.072	376.776	4.21209	12	0	76.8062	0.180754	25.4364	368.479	0.180754	25.4364	368.479	
13098	8512	264.747	560.1	264.152	-99999	110.047	-0.966039	0	0	0	0	0	301.949	303.374	132.633	-119.641	-422.484	-491.21	336.404	342.382	337.753	132.696	5.83841	-120.07	-422.467	-458.294	-491.182	9.15633	6	0	73.8803	-999999	-999999	-999999	-999999	-999999	-999999	
13098	11152	46.8012	8.74222	2.20555	-99999	-32.488	-0.98258	1	1	1	1	1	334.147	334.655	125.246	123.303	379.621	378.976	322.922	327.22	332.055	134.325	116.748	95.308	381.205	370.886	365.159	4.58235	7	0	8.74222	-32.4687	-7.64019	331.729	-32.4687	-7.64019	331.729	
13098	6965	54.1683	401.815	51.4902	-7.41184	-8.202	-0.803311	1	1	1	1	1	120.885	130.13	133.844	91.1849	743.403	722.581	119.606	128.309	128.579	133.844	112.181	90.9231	743.403	732.795	722.239	4.70096	42	0	130.855	-8.17009	-1.65184	684.836	-8.17009	-1.65184	684.836	
13098	9005	175.25	876.264	174.924	-33.742	-33.419	-0.693606	1	1	1	1	1	216.524	90.623	133.165	26.5687	-163.033	-105.108	216.733	154.18	90.623	133.389	79.3616	26.5687	-163.135	-134.186	-105.108	15.4989	18	0	452.11	-33.4062	13.0759	-102.097	-33.4062	13.0759	-102.097	
13098	9376	179.696	671.001	173.649	31.3491	31.692	-0.756426	1	1	1	1	1	180.155	218.73	132.269	-5.86805	797.192	699.91	179.837	200.219	220.232	133.244	64.0147	-8.99255	797.969	744.522	696.736	13.7685	13	0	94.9118	22.444	-22.2568	463.568	22.444	-22.2568	463.568	
13098	9637	331.602	754.838	329.637	67.7016	66.873	-0.760022	1	1	1	1	1	270.984	86.7601	131.158	-133.648	-105.698	-168.112	270.994	171.125	85.9223	131.169	2.2116	-135.384	-105.695	-135.123	-168.36	5.63456	6	0	75.7939	66.889	-21.8105	-144.565	66.889	-21.8105	-144.565	
13098	8928	183.93	422.33	182.611	-99999	96.868	-0.832967	1	1	1	1	1	162.622	163.874	133.126	-1.12315	438.545	560.82	162.496	166.907	163.635	133.7	64.6091	-1.51332	438.167	498.489	561.285	4.84205	16	0	78.0473	96.8978	6.26184	519.747	96.8978	6.26184	519.747	
13098	7108	38.123	160.701	33.5349	-99999	26.494	-0.678674	1	1	1	1	1	233.151	256.411	131.249	107.342	672.599	675.795	241.409	254.634	267.814	131.284	117.769	104.043	672.591	674.931	675.999	4.37735	7	0	107.282	26.5362	6.71387	677.482	26.5362	6.71387	677.482	
13098	8920	79.7947	207.38	78.9728	-99999	37.875	-0.854979	1	1	0	0	0	64.6163	85.2663	65.3872	-0.825016	339.069	375.433	64.4501	71.7268	85.2229	66.0899	31.6269	-0.825016	338.664	357.344	375.433	4.41366	12	0	74.6039	37.8922	19.2308	360.372	37.8922	19.2308	360.372	
13098	3456	127.474	342.506	126.759	-99999	53.096	-0.644313	1	1	1	0	0	155.636	84.1663	132.802	61.8789	344.212	418.299	156.018	116.528	84.1055	133.262	94.0481	61.8789	343.895	374.774	418.299	7.57431	12	0	98.7832	53.1325	54.4262	398.187	53.1325	54.4262	398.187	
13098	1547	162.662	364.229	158.284	-99999	91.23	-0.767027	1	1	1	1	1	152.663	137.531	133.104	30.047	551.399	663.441	152.592	135.957	137.387	133.214	75.1649	29.8783	551.311	605.551	663.609	5.5608	15	0	88.3196	91.2607	22.2385	629.847	91.2607	22.2385	629.847	
13098	1485	46.364	125.987	38.38	-99999	-3.239	-0.995148	0	0	0	0	0	227.613	227.15	128.113	92.2243	-90.7892	-84.2249	226.775	226.765	226.177	132.779	112.073	90.4995	-90.7579	-85.5805	-84.7316	8.02596	15	0	77.8737	-3.21084	28.7903	-84.7844	-3.21084	28.7903	-84.7844	
13098	2445	203.633	457.329	194.47	-99999	38.834	-0.539523	1	1	1	1	1	288.815	344.67	133.609	22.6227	-643.533	-493.983	300.853	330.491	359.288	133.778	75.2883	17.7439	-643.775	-565.911	-487.041	6.7102	6	0	54.8535	38.8587	26.9228	-515.673	38.8587	26.9228	-515.673	
13098	4847	359.695	884.329	356.117	-99999	51.104	-0.719391	1	1	1	1	1	148.126	102.198	134.022	-149.328	-494.326	-287.689	148.068	117.32	102.049	134.022	-3.30428	-152.351	-494.326	-382.503	-285.825	8.37069	39	0	101.767	51.1404	-27.611	-218.807	51.1404	-27.611	-218.807	
13098	4378	188.765	476.656	186.872	-99999	-3.289	-0.938607	1	1	1	1	1	62.5203	82.7281	124.069	-51.9036	-613.207	-556.461	62.5166	77.257	82.1577	124.115	35.25	-53.537	-613.223	-585.307	-555.854	12.6588	8	0	86.0892	-3.26432	-3.20008	-526.769	-3.26432	-3.20008	-526.769	
13098	10910	269.159	595.926	269.067	-99999	96.991	-0.913404	1	1	1	1	1	187.968	253.185	132.765	-115.719	-388.375	-463.094	218.329	244.543	283.557	132.843	8.02439	-115.719	-388.344	-431.167	-463.094	4.48283	6	0	74.4837	97.0085	-26.9362	-444.368	97.0085	-26.9362	-444.368	
13098	8133	280.78	643.914	280.772	-99999	96.417	-0.933991	1	1	1	1	1	241.781	180.365	133.246	-124.017	-736.287	-830.422	271.974	241.374	210.557	133.246	4.75338	-124.017	-736.287	-783.816	-830.422	5.18133	10	0	50.948	96.4461	-16.1227	-758.446	96.4461	-16.1227	-758.446	
13101	4726	217.764	452.469	215.269	-99999	-26.652	-0.902778	1	1	1	1	1	252.251	220.726	130.802	-60.5498	-182.48	-89.0819	244.115	228.406	212.193	132.042	34.9541	-61.5493	-183.028	-136.335	-88.6841	4.98075	6	0	43.9403	-27.9874	-47.3341	-338.843	-27.9874	-47.3341	-338.843	
13101	5446	218.339	474.237	217.708	-99999	82.983	-0.328322	1	1	1	1	1	227.431	333.144	132.841	54.2256	109.289	282.603	253.343	306.186	359.379	132.888	93.5276	54.0669	109.175	196.21	282.989	5.09381	9	0	51.0966	83.0466	42.4514	223.54	83.0466	42.4514	223.54	
13104	18860	23.2956	53.1238	23.204	-99999	-7.952	-0.663621	0	0	0	0	0	205.527	195.735	133.99	117.521	746.708	759.768	205.536	200.609	195.705	133.99	125.795	117.461	746.708	753.339	759.818	7.51144	14	0	45.2964	-999999	-999999	-999999	-999999	-999999	-999999	
13098	9629	94.3913	162.771	73.1013	-99999	21.952	-0.651274	1	1	1	1	0	68.3692	118.052	-84.1652	-129.718	-191.401	-163.277	68.1328	100.504	132.175	-83.9579	-113.045	-142.385	-191.516	-173.426	-154.427	5.09107	9	0	50.721	21.9865	-56.171	-183.46	21.9865	-56.171	-183.46	
13098	11484	278.478	625.197	276.259	64.5969	64.793	-0.974583	1	1	1	1	1	171.661	232.968	132.696	-134.051	453.16	423.315	171.583	200.651	232.953	133.129	-1.59048	-135.771	453.216	434.255	422.968	8.71001	7	0	67.3648	64.8271	-16.5745	431.277	64.8271	-16.5745	431.277	
13104	24152	500.221	1207.09	499.636	-99999	-15.458	-0.576131	1	1	1	1	1	240.702	336.72	131.916	-133.607	-726.962	-316.743	235.753	287.835	331.879	132.248	-8.72131	-133.607	-727.416	-527.628	-316.743	9.00856	9	0	86.7815	-15.4209	-34.5684	-480.793	-15.4209	-34.5684	-480.793	
13098	9698	439.566	1075.8	438.372	-99999	7.114	-0.667532	1	1	1	1	1	84.3768	186.869	132.989	-167.26	-632.316	-334.68	84.1743	138.114	186.953	133.645	-18.7908	-167.432	-633.029	-484.563	-334.663	5.83919	8	0	77.8573	4.46159	-14.3924	-610.07	4.46159	-14.3924	-610.07	
13098	9818	116.758	291.646	116.757	-99999	58.299	-0.804458	1	1	1	1	1	271.923	340.741	132.349	38.5834	-604.49	-594.307	290.179	324.682	358.997	132.349	85.5309	38.5834	-604.49	-599.428	-594.307	5.27823	7	0	45.1388	58.2895	48.6655	-595.931	58.2895	48.6655	-595.931	
13098	10575	313.355	707.367	313.025	-99999	80.952	-0.965241	1	1	1	1	1	320.254	189.386	133.304	-143.65	742.757	706.771	345.667	300.858	214.734	133.608	-13.9574	-143.651	742.793	715.939	706.771	6.44816	7	0	71.57	80.9704	-1.13277	715.084	80.9704	-1.13277	715.084	
13098	12150	326.053	719.64	322.74	-787.784	116.235	-0.919699	0	0	0	0	0	263.927	188.994	131.802	-153.433	-404.437	-279.698	264.47	229.284	188.734	134.084	-13.9461	-154.027	-405.245	-346.948	-279.453	4.57652	13	0	162.561	87.4516	-79.0983	-423.177	87.4516	-79.0983	-423.177	
13104	7979	97.8021	241.39	94.7369	-99999	-18.718	-0.91162	1	1	0	0	0	178.542	163.214	133.157	50.0233	284.661	326.402	178.656	168.656	162.786	133.48	89.6926	47.4338	284.546	303.535	327.016	4.33225	17	0	72.5061	-18.6856	17.4588	316.233	-18.6856	17.4588	316.233	
13098	2090	351.393	764.379	350.276	64.9368	65.233	-0.865657	1	1	1	1	1	265.137	82.5285	132.503	-159.866	286.233	343.845	265.524	175.441	82.3779	133.271	-14.3021	-160.013	286.03	316.684	343.923	4.17806	10	0	62.8495	65.2718	-42.6289	323.095	65.2718	-42.6289	323.095	
13098	1136	95.6932	515.385	95.524	59.6151	60.845	-0.610682	1	1	1	1	1	193.42	269.594	133.261	75.7972	-37.1182	-39.8609	193.291	230.955	269.594	133.36	103.945	75.7972	-37.1178	-38.3003	-39.8609	18.2436	7	0	313.885	60.8852	18.8415	-44.0043	60.8852	18.8415	-44.0043	
13098	5576	62.2588	880.575	48.1781	-438.568	40.349	-0.597476	0	0	0	0	0	306.747	285.516	134.879	99.182	-678.015	-695.144	313.041	301.157	289.601	134.879	111.77	95.9972	-678.015	-690.401	-706.441	4.98628	10	0	103.131	-999999	-999999	-999999	-999999	-999999	-999999	
13098	3668	117.522	272.642	116.592	-99999	-5.716	-0.951671	1	1	1	0	0	179.849	159.004	131.245	25.4317	501.668	544.049	180.008	167.72	159.011	132.125	77.5805	25.4317	501.427	519.183	544.049	7.22562	7	0	65.3497	-5.69179	13.1899	537.713	-5.69179	13.1899	537.713	
13098	2303	64.202	218.746	63.2248	-99999	97.491	-0.935959	1	0	0	0	0	137.566	127.425	133.522	74.9815	441.141	461.608	137.454	132.654	127.08	133.522	103.257	74.1313	441.141	449.809	461.751	6.97092	14	0	117.404	97.5051	38.9989	451.454	97.5051	38.9989	451.454	
13098	10784	351.709	1014.67	350.18	-99999	53.065	-0.94265	1	1	1	1	1	319.088	273.567	133.757	-171.778	-553.131	-717.687	335.773	313.044	290.033	134.324	-19.8801	-172.579	-552.949	-634.084	-718.108	5.7311	12	0	42.8849	53.0862	-6.71401	-626.623	53.0862	-6.71401	-626.623	
13098	6767	319.116	725.118	319.109	-99999	42.33	-0.939162	1	1	1	1	1	279.423	319.985	133.363	-171.435	-594.709	-677.352	292.678	313.923	333.241	133.363	-16.9346	-171.435	-594.709	-643.624	-677.352	5.11778	10	0	69.0265	42.3525	-22.5422	-640.908	42.3525	-22.5422	-640.908	
13098	9221	154.039	323.838	152.55	-99999	60.612	-0.949459	1	1	1	1	0	289.789	263.422	132.425	-15.2286	-443.524	-454.613	308.951	285.833	282.561	132.972	59.6331	-16.0985	-443.519	-444.037	-454.806	4.58859	8	0	45.5107	60.6429	10.8247	-441.853	60.6429	10.8247	-441.853	
13098	9113	156.247	428.145	156.244	-99999	-36.278	-0.749239	1	1	1	1	1	102.224	189.901	133.596	17.1158	-192.462	-136.321	102.265	145.859	189.943	133.596	75.2669	17.1158	-192.462	-164.184	-136.321	6.54306	10	0	58.994	-36.2351	-19.6794	-118.861	8.81491	-9.36345	-169.014	
13101	4644	210.808	497.224	209.882	-99999	28.085	-0.818131	1	1	1	1	1	94.0853	192.02	133.657	-33.4767	-177.741	-98.9811	93.6973	145.925	192.008	134.347	51.4667	-33.5584	-178.053	-139.219	-98.96	4.90178	11	0	98.3471	28.1247	11.6843	-141.172	28.1247	11.6843	-141.172	
13098	14392	196.143	455.864	195.514	214.622	100.123	-0.505419	0	0	0	0	0	114.993	250.078	133.434	32.262	718.126	621.044	114.587	183.257	250.078	133.752	88.2698	32.262	718.478	665.367	621.044	5.55202	9	0	76.4259	-49.1412	2.03393	800.136	-49.1412	2.03393	800.136	
13098	12977	350.56	877.119	349.953	-99999	-6.062	-0.87193	1	1	1	1	1	87.4329	88.4145	132.886	-163.693	97.0649	275.844	87.4399	100.378	88.3034	132.886	-12.7383	-164.243	97.0649	193.366	276.017	6.67867	9	0	91.5914	-6.02672	-25.8011	196.474	-6.02672	-25.8011	196.474	
13104	12161	248.438	549.014	247.37	-99999	-8.451	-0.9176	1	1	1	1	1	237.874	205.098	132.598	-94.1268	-667.992	-576.928	237.921	221.353	205.034	132.991	18.3919	-94.5408	-668.155	-623.51	-576.78	4.67527	12	0	78.2546	-8.41528	-11.5172	-615.458	-8.41528	-11.5172	-615.458	
13098	13576	38.9213	93.0456	37.2014	-99999	35.396	-0.575581	1	0	0	0	0	324.217	346.874	25.4338	46.8043	894.141	873.804	358.312	346.359	334.635	47.1594	36.1684	24.7738	873.471	884.192	894.748	4.27628	25	0	93.0456	35.4121	28.2855	854.331	35.4121	28.2855	854.331	
13098	14578	131.291	2465.45	128.554	84.7368	83.743	-0.692194	1	1	1	1	1	213.014	163.351	128.048	34.5636	-124.174	-51.2763	214.193	188.389	163.351	129.939	82.4208	34.5636	-125.757	-88.5695	-51.2763	6.58277	12	0	2103.8	83.7726	-17.1303	-20.4709	83.7726	-17.1303	-20.4709	
13098	14397	269.668	619.841	268.147	-99999	68.664	-0.978032	1	1	1	1	1	192.822	157.244	133.658	-129.697	502.943	515.592	192.755	179.864	156.343	133.747	-0.130971	-130.843	502.928	508.352	515.769	6.17611	9	0	84.236	68.6879	-25.3592	513.617	68.6879	-25.3592	513.617	
13098	14637	312.423	761.952	309.776	-99999	91.457	-0.967996	1	1	1	1	1	107.956	180.864	132.538	-167.592	-528.788	-516.945	107.299	147.267	180.911	134.674	-16.1474	-167.993	-528.752	-523.16	-516.942	5.83917	7	0	77.1664	91.489	-18.953	-519.822	91.489	-18.953	-519.822	
13098	15117	225.014	544.822	224.266	-99999	78.738	-0.984873	1	1	1	1	1	211.751	193.054	133.032	-86.8446	246.905	218.462	236.408	220.548	217.659	133.032	22.5038	-87.3829	246.905	234.104	218.381	6.75308	9	0	77.1803	78.7723	-13.5936	228.097	78.7723	-13.5936	228.097	
13098	12014	218.359	496.258	213.89	105.939	105.146	-0.86522	0	0	0	0	0	142.576	239.492	129.86	-59.2004	-881.054	-875.352	140.303	197.541	239.492	133.7	40.8318	-59.2004	-881.071	-878.003	-875.352	5.8246	8	0	90.5311	23.2745	18.2014	5.28924	23.2745	18.2014	5.28924	
13098	13362	89.0331	243.128	88.2338	-99999	5.593	-0.669416	1	1	0	0	0	159.193	197.542	132.982	73.7544	-407.24	-356.419	159.187	182.022	198.174	132.982	103.688	73.4246	-407.24	-382.832	-356.485	5.69581	22	0	100.099	5.63377	28.8817	-371.151	5.63377	28.8817	-371.151	
13098	6249	289.934	597.21	288.862	-99999	27.728	-0.925827	1	1	1	1	1	149.937	190.283	132.614	-133.017	438.616	542.173	149.894	173.372	190.288	132.723	-2.54826	-133.926	438.572	484.726	542.413	6.5848	13	0	84.3086	27.7604	-17.1674	495.307	27.7604	-17.1674	495.307	
13101	1612	218.132	607.713	214.208	-99999	55.441	-0.880356	1	1	1	1	1	254.899	341.118	132.369	-60.4753	-607.643	-572.193	271.59	315.792	359.458	133.654	35.6407	-62.7059	-607.873	-589.625	-571.9	10.2368	10	0	77.8991	55.465	-15.8801	-576.96	55.465	-15.8801	-576.96	
13098	13073	311.933	630.137	309.99	-99999	-25.356	-0.990404	1	1	1	1	1	237.599	268.666	132.862	-168.412	-532.962	-504.943	229.659	236.674	260.859	132.862	-16.9049	-168.869	-532.962	-508.639	-505.127	5.66877	10	0	70.5476	-25.3337	-29.3514	-509.523	-25.3337	-29.3514	-509.523	
13104	5340	110.955	237.203	109.049	-99999	-21.624	-0.851323	1	1	1	0	0	86.8607	94.2765	130.965	38.4708	-780.542	-723.431	86.8755	89.9985	94.6137	131.115	83.8602	37.0172	-780.634	-751.79	-722.558	4.55922	15	0	54.0356	-21.5955	38.436	-737.676	-21.5955	38.436	-737.676	
13098	14290	189.033	448.278	188.148	22.6636	21.898	-0.851175	1	1	1	1	1	216.666	109.652	132.785	-15.5098	22.8313	-18.3985	216.688	164.755	109.29	132.824	56.1056	-16.2439	22.8406	4.33997	-18.3679	4.28012	12	0	76.8516	21.9181	-0.165015	-3.8706	21.9181	-0.165015	-3.8706	
13098	13882	266.734	627.565	265.051	-99999	99.202	-0.923783	1	1	1	1	1	283.671	186.793	132.338	-113.461	-505.418	-514.145	315.076	263.176	217.751	133.176	10.3872	-114.227	-505.392	-503.793	-514.18	5.31389	12	0	92.4037	99.2351	-9.84408	-511.352	99.2351	-9.84408	-511.352	
13101	5698	136.025	371.824	135.018	-99999	-42.844	-0.807618	1	1	1	1	1	270.048	307.409	-40.2714	72.0039	-890.839	-826.405	294.147	275.526	256.57	72.424	16.0142	-40.493	-826.135	-858.682	-890.973	5.66706	336	0	371.824	-42.8163	14.611	-800.073	-42.8163	14.611	-800.073	
13101	408	291.674	667.143	290.788	-99999	55.103	-0.966327	1	1	1	1	1	127.036	192.861	132.298	-145.372	-767.753	-720.418	126.818	158.532	192.798	133.146	-7.92232	-145.372	-767.917	-749.593	-720.418	4.59333	12	0	78.629	55.1175	-15.7114	-733.693	55.1175	-15.7114	-733.693	
13101	5436	84.6841	231.794	84.6711	-99999	50.795	-0.57362	1	1	0	0	0	182.066	156.285	132.98	83.4597	-530.73	-467.564	182.007	169.693	156.223	132.98	105.936	83.4552	-530.73	-500.594	-467.554	15.9611	15	0	83.8221	50.8401	24.3424	-485.455	50.8401	24.3424	-485.455	
13101	1091	296.567	656.786	294.91	-99999	-3.941	-0.801383	1	1	1	1	1	62.0828	250.333	86.993	-138.21	-255.067	-251.748	62.0828	151.579	251.05	86.993	-30.9032	-139.659	-255.067	-261.761	-251.437	43.0325	7	0	108.071	-3.91147	0.928555	-253.797	-3.91147	0.928555	-253.797	
13104	11235	185.136	514.902	184.685	-99999	7.652	-0.473763	1	1	1	1	1	75.3829	183.987	133.604	44.2269	-328.957	-209.336	75.3742	129.535	184.247	133.604	89.1557	43.98	-328.957	-268.464	-209.071	4.98677	12	0	107.191	7.70097	-18.12	-147.404	7.70097	-18.12	-147.404	
13101	2856	54.069	146.919	53.0697	-99999	22.096	-0.942497	1	1	0	0	0	296.083	316.039	132.115	83.1967	-354.035	-349.79	302.853	312.075	323.192	132.561	107.267	82.7275	-354.076	-351.679	-349.754	5.39728	6	0	72.1056	22.1314	51.0122	-361.536	22.1314	51.0122	-361.536	
13101	9929	34.8248	200.314	34.3191	-99999	-41.191	-0.753959	1	1	1	1	1	203.935	198.084	133.521	106.011	-68.7236	-86.7947	203.982	198.422	198.132	133.521	119.372	106.011	-68.7236	-77.176	-86.7947	7.83429	16	0	158.41	-41.1681	-42.5033	247.744	-41.1681	-42.5033	247.744	
13101	26872	186.156	430.107	185.729	-99999	84.928	-0.901427	1	1	1	1	1	189.398	116.728	133.29	-16.0398	27.4003	100.609	189.301	164.84	116.291	133.29	49.2364	-16.2389	27.4003	58.8941	100.76	4.9316	7	0	72.2794	84.9554	3.24656	77.7624	84.9554	3.24656	77.7624	
13101	8809	289.288	590.493	288.705	-433.375	92.063	-0.89507	0	0	0	0	0	314.395	191.631	134.931	-119.26	181.171	237.676	314.395	257.417	191.389	134.931	5.56494	-119.752	181.171	211.71	237.863	4.65577	11	0	67.1819	92.1059	33.7693	-76.3617	63.246	-18.9738	382.756	
13101	13995	241.073	609.667	239.904	-99999	-4.385	-0.876013	1	1	1	1	1	264.522	177.117	131.505	-81.9608	-630.076	-574.695	264.522	215.907	176.961	131.505	22.626	-82.8344	-630.076	-612.711	-573.948	44.524	21	0	101.148	-11.1197	-64.1337	-483.115	-11.1197	-64.1337	-483.115	
13101	21424	32.8291	95.0673	31.3192	-99999	-17.513	-0.972288	0	0	0	0	0	232.778	231.669	132.273	102.805	-295.591	-303.353	227.325	226.269	226.162	132.639	116.739	101.909	-295.522	-298.337	-303.135	4.58811	10	0	70.0629	-17.4826	30.7286	-292.165	-17.4826	30.7286	-292.165	
13101	22864	139.639	339.809	124.493	-99999	12.362	-0.859805	1	1	1	1	1	355.311	314.841	-59.7014	-167.731	636.039	682.825	359.182	336.328	313.71	-59.7014	-120.141	-180.724	636.039	662.483	688.782	8.69548	7	0	92.4667	12.3866	-13.6733	634.664	12.3866	-13.6733	634.664	
13104	24737	290.974	1538.78	288.957	45.4799	43.448	-0.780484	1	1	1	1	1	162.296	277.897	132.256	-99.7347	173.106	52.2298	161.944	214.375	278.521	133.139	18.1417	-100.353	173.717	101.821	52.2125	5.43715	6	0	74.1385	43.4699	-24.509	84.2896	43.4699	-24.509	84.2896	
13101	23791	256.566	540.07	254.923	-99999	-13.304	-0.918831	1	1	1	1	1	244.865	301.399	131.352	-110.497	-143.116	-100.426	240.229	272.257	297.255	132.692	13.779	-110.66	-143.465	-108.222	-100.47	4.51408	10	0	62.7462	-13.2755	-26.4814	-113.671	-13.2755	-26.4814	-113.671	
13101	8117	301.346	533.772	296.457	-99999	-46.393	-0.846286	1	1	1	0	0	127.42	117.475	132.176	-119.686	719.079	873.656	127.507	119.947	117.316	132.98	4.99497	-122.601	718.577	797.554	875.688	6.70945	15	0	34.9709	-46.3708	-20.0339	785.889	-46.3708	-20.0339	785.889	
13101	10277	162.324	389.656	161.536	-99999	88.381	-0.903105	1	1	1	0	0	233.261	300.017	132.336	-13.5695	-770.013	-758.876	260.819	289.007	327.907	132.586	56.744	-14.0302	-770.024	-765.239	-758.847	4.00492	7	0	61.7446	88.4111	4.67744	-757.385	88.4111	4.67744	-757.385	
13101	6687	298.382	718.186	297.629	104.837	105.483	-0.426955	0	0	0	0	0	336.409	166.423	134.064	26.8406	810.814	591.954	336.409	253.837	166.05	134.064	77.0039	26.5408	810.814	700.499	591.379	5.56397	8	0	80.3377	-999999	-999999	-999999	-999999	-999999	-999999	
13101	6777	336.176	736.673	335.492	-33.7444	-36.094	-0.865906	1	1	1	1	1	296.204	139.866	133.133	-158.56	-436.926	-395.58	296.412	208.692	139.818	133.509	-8.32335	-158.785	-436.967	-416.361	-395.511	4.48461	8	0	68.9076	-36.0685	-24.7235	-415.195	-36.0685	-24.7235	-415.195	
13101	7112	197.952	448.96	197.497	-99999	-12.985	-0.55649	1	1	1	1	1	273.03	318.232	133.212	36.6343	-330.128	-166.315	268.918	283.259	314.267	133.349	78.8961	36.5878	-330.328	-249.035	-166.143	5.81853	9	0	75.6688	-12.943	28.7832	-220.046	-12.943	28.7832	-220.046	
13101	7607	70.426	184.059	69.712	-99999	94.222	-0.620809	0	0	0	0	0	115.448	82.2264	132.202	90.9654	434.299	479.189	115.775	97.2647	82.1186	132.65	111.373	90.9654	433.955	454.883	479.189	7.05792	13	0	68.7763	89.9209	-25.545	789.512	-21.9091	40.8779	460.085	
13101	10847	164.16	390.866	163.98	-99999	102.845	-0.788403	0	0	0	0	0	193.749	185.365	131.663	-9.19268	-159.929	-240.068	225.935	229.408	217.563	131.763	62.5185	-9.21918	-159.848	-203.032	-240.078	8.83341	10	0	80.9533	-999999	-999999	-999999	-999999	-999999	-999999	
13101	28695	21.2442	54.3036	18.6924	-99999	111.794	-0.703345	0	0	0	0	0	204.594	193.021	133.14	120.894	-249.13	-257.194	222.162	215.74	209.003	133.14	126.006	119.296	-249.13	-253.663	-258.393	5.11009	11	0	54.3036	29.3557	-91.0341	655.232	-18.3043	-63.9969	519.713	
13101	11949	145.578	387.34	144.861	-99999	69.229	-0.583359	1	1	1	0	0	131.004	184.013	133.327	54.6773	-819.482	-710.315	130.712	156.578	183.934	133.747	95.1919	54.6773	-820.02	-764.076	-710.315	4.75688	12	0	78.341	71.2342	-18.0093	-42.3369	71.2342	-18.0093	-42.3369	
13101	14887	335.882	815.191	335.648	-99999	115.289	-0.627884	0	0	0	0	0	202.485	89.1219	129.833	-95.2214	1.42478	221.645	202.457	146.933	88.9901	129.973	22.1085	-95.2214	1.2788	117.34	221.645	6.75528	16	0	88.0576	-25.8526	-26.6639	-268.842	-25.8526	-26.6639	-268.842	
13101	14887	268.451	616.64	268.408	-99999	-25.878	-0.936626	1	1	1	1	1	152.928	86.072	133.682	-99.8091	-705.321	-597.642	152.957	127.537	86.0978	133.682	10.0741	-99.8328	-705.321	-660.663	-597.636	4.23474	10	0	68.7571	-25.8526	-26.6639	-268.842	-25.8526	-26.6639	-268.842	
13101	17659	238.065	540.445	236.745	-99999	102.528	-0.925967	0	0	0	0	0	248.196	327.246	132.715	-90.1284	-178.06	-166.333	279.928	319.733	359.468	133.595	21.5725	-90.4695	-178.103	-172.279	-166.302	4.25261	6	0	53.2791	2.97786	37.3137	-785.072	-31.9921	27.0102	221.36	
13101	15772	201.401	461.503	200.941	-99999	-18.308	-0.956589	1	1	1	1	1	151.873	194.703	133.374	-55.7915	-317.647	-270.105	151.848	171.432	194.725	133.7	38.7845	-55.9065	-317.732	-290.762	-270.094	5.87829	12	0	86.9979	-18.2666	-5.75288	-283.651	-18.2666	-5.75288	-283.651	
13101	20656	499.826	1061.95	498.67	-99999	24.654	-0.430149	1	1	1	1	1	351.64	261	85.344	-153.832	209.217	633.692	359.432	303.594	268.68	85.4542	-28.6427	-154.017	208.992	424.097	633.949	5.55543	6	0	78.031	24.6888	20.8581	333.151	-22.8312	-46.5677	440.075	
13101	24289	293.103	914.315	285.618	21.082	32.308	-0.821078	1	1	1	1	1	357.393	198.36	109.276	-126.63	-76.1688	-96.3237	357.464	274.309	195.255	109.382	-10.851	-132.717	-76.1563	-86.3952	-98.311	22.0588	8	0	262.219	32.3357	-35.5445	-101.07	32.3357	-35.5445	-101.07	
13101	29329	219.579	512.485	219.322	-43.5394	-42.879	-0.847202	1	1	1	1	1	261.376	169.324	133.087	-51.0662	213.417	285.826	261.49	211.113	169.324	133.297	40.7809	-51.0662	213.348	243.93	285.826	5.9679	15	0	80.4899	-42.8462	-9.27202	250.633	-42.8462	-9.27202	250.633	
13104	4801	143.698	381.858	142.826	105.475	104.424	-0.889529	0	0	0	0	0	179.556	252.661	132.492	10.4635	-543.523	-548.235	179.341	213.63	252.84	132.914	69.8326	10.1141	-543.499	-543.542	-548.251	16.5511	9	0	119.088	-999999	-999999	-999999	-999999	-999999	-999999	
13104	11379	475.959	1054.97	475.178	-99999	-30.184	-0.656538	1	1	1	1	1	77.5068	179.379	134.048	-164.698	461.952	815.36	77.5033	137.602	179.348	134.233	-15.4189	-164.936	461.744	636.627	815.652	4.97748	15	0	37.1197	-30.142	-26.9608	500.581	-30.142	-26.9608	500.581	
13101	736	488.594	1679.27	487.106	-99999	69.491	-0.326476	1	1	1	1	1	206.087	337.264	-49.2998	108.26	-888.265	-446.43	359.032	293.11	227.443	108.269	29.1382	-49.764	-446.406	-667.922	-889.587	4.88419	1523	0	1679.27	69.455	11.9025	-646.489	69.455	11.9025	-646.489	
13101	2307	73.3379	188.028	73.26	-99999	-8.244	-0.908426	1	1	0	0	0	119.161	96.2823	133.641	66.2529	-534.487	-517.35	119.17	107.81	96.2737	133.641	99.9759	66.1816	-534.487	-525.452	-517.327	4.17551	10	0	67.5669	-4.96019	40.6961	-360.594	-4.96019	40.6961	-360.594	
13101	868	258.464	582.286	258.372	-99999	109.748	-0.882123	0	0	0	0	0	206.998	75.7011	132.829	-87.6462	-688.484	-666.278	206.873	143.796	75.5499	132.829	21.082	-87.7302	-688.484	-673.502	-666.278	4.9785	7	0	73.2298	87.4142	-30.0103	-22.4531	87.4142	-30.0103	-22.4531	
13101	3132	71.5768	186.177	67.4517	-99999	26.129	-0.382883	1	1	1	1	1	350.83	297.057	-114.791	-138.933	398.043	430.803	359.012	330.46	302.067	-114.791	-127.795	-140.304	398.043	415.249	433.054	5.67419	6	0	59.4389	26.1277	-73.122	373.465	26.1277	-73.122	373.465	
13101	5968	245.537	567.827	244.55	-99999	9.146	-0.974915	1	1	1	1	1	75.4799	125.844	133.127	-104.355	555.909	583.603	75.2678	100.766	125.833	134.084	14.8129	-104.355	555.814	569.477	583.603	6.18404	11	0	71.179	9.17114	-1.48116	577.685	9.17114	-1.48116	577.685	
13101	2379	101.517	363.284	100.933	-99999	-10.863	-0.70779	1	1	1	1	1	90.9701	137.17	131.788	60.3268	681.112	735.384	90.9825	114.245	137.452	131.788	95.8911	59.8988	681.112	708.435	735.676	21.5591	12	0	186.367	-10.8262	-6.49782	743.193	-10.8262	-6.49782	743.193	
13101	353	71.1706	189.12	69.5521	-99999	86.825	-0.757068	1	0	0	0	0	139.305	113.386	133.265	79.9013	136.816	172.831	139.303	126.536	112.799	133.43	105.218	78.9781	136.712	154.167	173.762	6.41384	14	0	76.3273	86.8499	47.2183	167.916	86.8499	47.2183	167.916	
13101	1073	159.241	363.19	159.233	60.5491	60.202	-0.565242	1	1	1	1	1	147.436	271.331	132.491	33.748	-734.754	-728.269	147.436	210.838	271.331	132.491	84.7103	33.748	-734.754	-729.611	-728.269	6.32764	7	0	71.2092	60.2445	19.2465	-721.175	60.2445	19.2465	-721.175	
13101	2033	30.007	90.5077	29.2033	-99999	115.833	-0.826187	0	0	0	0	0	310.807	322.974	133.325	109.044	653.401	642.715	346.887	353.16	359.383	133.701	121.27	108.735	653.563	647.984	642.634	4.16508	12	0	65.0195	-999999	-999999	-999999	-999999	-999999	-999999	
13101	4313	309.72	627.906	307.358	-99999	93.391	-0.967665	1	1	1	0	0	272.168	329.883	133.043	-163.288	-855.943	-799.416	301.186	326.362	359.42	133.991	-15.5665	-164.589	-856.053	-824.865	-799.082	4.85288	7	0	43.2297	93.4088	-35.0509	-803.035	93.4088	-35.0509	-803.035	
13101	1210	56.1218	140.876	55.5937	-99999	55.131	-0.969573	1	1	1	0	0	331.36	341.53	134.428	79.9672	-567.55	-563.966	348.624	353.862	358.858	134.428	106.966	79.4506	-567.55	-565.194	-564.032	5.53102	7	0	48.8053	55.1432	38.3097	-563.874	55.1432	38.3097	-563.874	
13101	9079	284.049	618.865	266.312	-99999	0.522	-0.656276	1	1	1	1	1	358.406	168.669	-56.1221	120.702	141.366	201.637	156.091	256.446	358.406	132.267	37.3855	-56.1221	206.38	173.452	141.366	4.68246	415	0	618.865	0.560724	-27.2522	152.468	0.560724	-27.2522	152.468	
13101	5928	156.209	439.139	155.295	109.211	108.745	-0.812545	0	0	0	0	0	225.682	160.905	132.908	14.156	239.661	315.08	226.045	194.153	160.905	133.642	71.9127	14.156	239.264	274.577	315.08	4.0113	13	0	73.1221	90.3317	37.7445	-84.7151	90.3317	37.7445	-84.7151	
13101	8646	326.253	1315.66	325.419	-46.6168	-46.694	-0.819701	1	1	1	1	1	326.925	159.198	132.864	-110.7	-160.167	-29.0479	327.284	243.672	159.198	133.544	7.14478	-110.7	-160.473	-100.503	-29.0479	4.2505	10	0	74.8943	-41.7482	-14.3802	-730.988	39.1818	-28.5748	3.73308	
13101	9874	313.991	645.4	311.267	-99999	16.354	-0.956755	1	1	1	1	1	202.745	166.132	133.046	-164.242	-575.958	-496.428	202.727	179.188	165.667	133.046	-18.3768	-166.671	-575.958	-543.026	-495.702	4.5135	13	0	76.4856	16.3868	-28.8488	-533.94	16.3868	-28.8488	-533.94	
13101	7955	362.884	1842.92	362.52	22.9835	21.821	-0.814584	1	1	1	1	1	151.316	338.241	133.696	-151.41	-230.037	-353.099	151.202	246.013	338.311	133.876	-8.91296	-151.521	-229.973	-289.422	-353.147	163.222	9	0	986.801	21.8466	-54.286	-325.674	21.8466	-54.286	-325.674	
13101	24883	244.654	534.753	242.778	-99999	-30.067	-0.975575	1	1	1	1	1	251.224	248.972	133.571	-106.192	-54.5085	-37.7231	241.808	251.425	239.666	133.571	12.7353	-107.911	-54.5085	-43.3864	-38.3241	12.4016	9	0	81.7569	-26.9126	-17.1554	203.39	28.1474	-22.4949	-277.562	
13101	14808	183.322	356.605	182.588	-1189.97	37.904	-0.994019	1	1	1	1	1	194.908	225.553	129.052	-50.2931	212.836	198.635	194.85	210.052	225.553	129.776	39.671	-50.2931	212.779	206.405	198.635	4.08383	9	0	34.5181	45.6279	-108.709	386.665	45.6279	-108.709	386.665	
13101	13396	332.878	749.049	331.272	-14.5638	-14.752	-0.853293	1	1	1	1	1	70.9846	270.742	133.864	-128.583	47.522	43.4199	70.5869	164.608	271.128	134.527	-2.62097	-129.285	47.5158	49.7416	43.2638	5.77442	10	0	78.9876	-14.7113	-6.45628	45.2853	-14.7113	-6.45628	45.2853	
13101	19536	215.32	479.741	215.305	-362.887	78.02	-0.897057	0	0	0	0	0	139.782	222.25	133.616	-55.257	-346.26	-285.755	139.778	183.81	222.25	133.624	39.8843	-55.257	-346.262	-316.951	-285.755	5.60896	8	0	85.304	-999999	-999999	-999999	-999999	-999999	-999999	
13101	28780	262.694	593.452	261.075	48.0875	44.469	-0.931026	1	1	1	1	1	288.601	174.555	133.135	-98.8926	-159.33	-150.691	288.666	236.268	174.056	133.304	13.1874	-100.221	-159.327	-157.614	-150.864	8.05414	6	0	78.4703	44.473	-7.81406	-160.616	44.473	-7.81406	-160.616	
13101	28332	169.813	385.687	169.421	92.5043	92.072	-0.969143	1	1	1	1	1	205.231	227.099	131.258	-35.8421	777.284	770.809	205.157	219.79	227.099	131.63	48.5475	-35.8421	777.339	772.613	770.809	5.66562	8	0	68.5097	92.1038	-0.136374	747.986	92.1038	-0.136374	747.986	
13101	29336	138.049	290.273	137.897	-99999	-41.43	-0.888616	1	1	1	1	1	188.84	200.526	134.11	19.053	-654.794	-582.586	182.377	189.842	194.063	134.11	78.0987	19.053	-654.794	-616.527	-582.586	5.4397	13	0	56.1333	-41.391	10.7386	-598.333	-41.391	10.7386	-598.333	
13101	29884	290.257	608.864	286.558	-31.3117	-31.476	-0.567073	1	1	1	1	1	192.404	284.903	133.466	0.552725	259.556	24.5451	192.14	244.984	285.657	134.157	62.384	-0.696271	260.508	146.173	22.5283	4.12241	14	0	73.2187	-38.7375	-13.9617	285.634	-38.7375	-13.9617	285.634	
13104	400	198.435	483.918	197.547	-99999	94.749	-0.903128	1	1	1	1	1	250.588	329.496	133.013	-47.4976	755.76	769.852	279.923	319.731	359.204	133.702	43.0432	-47.6088	755.714	761.99	769.872	5.27203	6	0	61.5451	94.771	-14.9009	760.203	94.771	-14.9009	760.203	
13101	24153	65.0365	179.667	64.5343	-99999	66.511	-0.862021	1	0	0	0	0	307.516	337.561	131.547	75.5254	319.191	308.215	328.093	343.672	358.389	131.979	103.964	75.5254	319.241	313.872	308.215	41.5048	9	0	78.3839	66.528	30.5593	315.927	66.528	30.5593	315.927	
13101	34655	187.795	720.6	187.306	-99999	99.978	-0.829931	1	1	1	1	1	63.2064	132.985	0.723879	-151.653	1.58036	84.1312	62.9892	98.5199	132.912	0.992525	-74.5001	-151.807	1.43887	44.4802	84.1731	8.5094	11	0	190.046	100.008	-27.6529	28.5792	100.008	-27.6529	28.5792	
13101	30999	338.436	749.88	337.817	-99999	0.047	-0.833356	1	1	1	1	1	114.868	109.815	134.226	-162.535	145.592	288.42	114.867	112.015	109.845	134.226	-18.461	-162.742	145.592	211.31	288.557	5.32148	12	0	49.0796	0.0759944	-23.1313	209.459	0.0759944	-23.1313	209.459	
13101	32289	306.005	640.162	300.873	-99999	13.333	-0.858438	1	1	1	1	1	132.881	190.087	133.655	-118.239	552.171	702.437	132.865	157.328	193.375	133.655	6.83814	-121.719	552.171	633.948	704.235	4.87432	9	0	57.3747	13.3704	-10.1035	636.262	13.3704	-10.1035	636.262	
13101	33416	109.106	247.882	108.992	-99999	16.55	-0.419891	1	1	1	1	1	71.3849	167.297	117.173	73.9467	-127.837	-99.4015	71.2664	119.2	167.278	117.221	95.4323	73.9467	-127.862	-113.61	-99.4015	4.14405	6	0	62.3815	16.5886	0.397777	-67.3012	16.5886	0.397777	-67.3012	
13101	35707	281.931	630.465	281.125	47.1448	46.627	-0.8903	1	1	1	1	1	245.785	142.848	132.27	-120.798	-147.89	-84.6195	246.045	188.895	142.815	132.891	8.73797	-120.896	-148.068	-114.011	-84.6097	6.8182	8	0	78.5673	46.643	-22.3679	-103.106	46.643	-22.3679	-103.106	
13101	34050	289.37	2056.75	289.302	29.4529	36.434	-0.270488	1	1	1	1	1	358.3	82.8999	-28.1136	-107.727	-374.966	-336.626	358.358	220.473	82.8999	-28.0973	-67.8125	-107.727	-374.973	-356.522	-336.626	6.87105	10	0	108.019	36.3907	-50.1122	-358.954	36.3907	-50.1122	-358.954	
13101	37956	121.003	1122	118.596	-99999	-4.889	-0.699143	1	1	1	1	1	312.811	320.926	134.445	36.0561	-678.039	-626.112	311.28	314.32	320.768	134.445	82.1451	34.1558	-678.039	-649.596	-625.566	9.99515	15	0	155.313	-4.86432	-23.829	-589.72	-4.86432	-23.829	-589.72	
13101	36648	319.886	736.064	317.359	104.014	104.894	-0.93513	0	0	0	0	0	215.76	84.0074	131.763	-153.359	-424.749	-418.853	216.234	144.092	84.094	133.058	-9.18421	-154.476	-424.776	-434.231	-419.056	6.772	7	0	79.5562	81.1377	-32.6063	651.296	24.2877	-73.7172	184.925	
13104	17597	202.977	510.563	199.666	66.6819	64.623	-0.877308	1	1	1	1	1	233.595	168.552	131.236	-35.4566	-812.113	-725.32	233.987	203.316	168.098	132.605	45.3511	-37.0907	-812.767	-771.534	-724.973	4.06416	14	0	89.1357	64.6633	-4.12854	-734.364	64.6633	-4.12854	-734.364	
13101	39948	226.787	522.068	226.249	-33.2774	-32.989	-0.942623	1	1	1	1	1	238.961	172.513	133.013	-65.6555	227.973	307.179	239.067	213.4	172.513	133.513	27.9716	-65.6555	227.834	259.904	307.179	14.7401	9	0	68.1994	-32.9636	-15.2552	272.392	-32.9636	-15.2552	272.392	
13101	3967	339.788	1896.01	339.378	-32.3874	-32.696	-0.607419	1	1	1	1	1	307.093	168.207	133.391	-59.8475	-622.649	-864.565	307.093	237.673	168.038	133.391	36.6088	-60.0705	-622.649	-743.777	-864.86	39.6158	8	0	1003.92	-32.651	-25.901	-693.95	-32.651	-25.901	-693.95	
13101	2790	359.656	779.032	344.652	-99999	-2.219	-0.69573	1	1	1	1	1	358.42	191.413	-102.44	123.257	533.115	732.943	184.514	271.153	358.42	133.374	15.2344	-102.44	741.604	637.376	533.115	4.36174	865	0	779.032	-2.17553	-29.0315	590.425	-2.17553	-29.0315	590.425	
13101	4316	245.555	712.126	245.254	-99999	-42.907	-0.922862	1	1	1	1	1	185.323	116.756	132.853	-82.79	690.715	780.313	185.442	153.328	116.795	133.108	21.3938	-82.8019	690.634	729.62	780.324	5.04934	12	0	231.198	-42.8793	-25.8721	735.462	-42.8793	-25.8721	735.462	
13101	4926	25.5389	74.4608	25.5383	-99999	41.444	-0.739083	1	1	1	1	1	220.432	202.768	133.326	114.956	688.02	686.472	226.945	218.261	209.281	133.326	123.999	114.956	688.02	687.239	686.472	4.94543	7	0	54.9249	41.4675	-10.3352	675.674	41.4675	-10.3352	675.674	
13104	12795	68.9445	182.275	68.9359	-99999	4.505	-0.644085	1	1	0	0	0	192.401	184.583	133.032	86.9212	-344.683	-294.395	192.396	186.813	184.578	133.032	111.45	86.9212	-344.683	-318.409	-294.395	6.83728	14	0	74.5901	4.53457	25.4991	-297.499	4.53457	25.4991	-297.499	
13101	6833	120.626	495.085	119.386	-99999	77.573	-0.83378	1	1	1	1	1	209.014	274.551	132.037	32.2602	-624.562	-625.57	232.802	265.798	299.029	132.792	82.3108	31.9856	-624.58	-625.006	-625.567	100.502	7	0	178.321	77.5602	-13.0436	-623.331	77.5602	-13.0436	-623.331	
13101	9483	171.8	401.335	159.44	-99999	-48.991	-0.828489	1	1	1	1	1	289.714	317.65	131.985	11.2882	-342.969	-244.884	273.808	290.32	302.717	133.755	64.4303	4.21212	-344.035	-296.191	-238.021	7.55102	9	0	95.2148	-48.9583	9.38715	-272.653	-48.9583	9.38715	-272.653	
13101	16624	196.345	487.289	193.008	-99999	113.584	-0.831916	0	0	0	0	0	215.951	322.702	130.563	-29.6693	405.935	419.188	250.936	305.022	359.439	131.431	49.7704	-31.6299	405.899	412.437	419.349	5.67066	7	0	82.6036	65.1471	-17.0029	110.069	-35.4629	-44.2117	136.142	
13104	5034	218.599	1206.79	218.596	-99999	-22.992	-0.749351	1	1	1	1	1	174.749	80.0977	133.051	-33.0736	-315.007	-209.19	174.775	126.903	80.124	133.051	49.7809	-33.0736	-315.007	-262.852	-209.19	10.4935	15	0	558.05	-22.9548	-26.509	-261.552	17.7452	-13.2679	-259.695	
13101	13074	162.736	384.939	162.345	-99999	55.822	-0.831607	1	1	1	1	1	208.778	128.274	129.04	-11.5643	-398.484	-400.198	208.842	167.033	128.137	129.233	59.5897	-11.7019	-398.473	-402.257	-400.199	5.23788	7	0	75.5284	55.8476	1.46166	-397.888	55.8476	1.46166	-397.888	
13101	14641	48.2567	47078.7	47.4563	-99999	56.891	-0.65529	1	1	1	1	1	239.54	245.416	134.67	94.3716	-828.028	-805.75	257.355	259.601	263.473	134.67	114.245	93.6233	-828.028	-815.67	-805.9	49330.4	8	0	47039.9	56.9116	-39.5511	-696.245	56.9116	-39.5511	-696.245	
13101	19286	108.27	256.406	107.951	-99999	98.464	-0.442972	1	1	0	0	0	290.886	328.551	133.123	80.0771	372.089	458.206	321.713	340.715	359.494	133.129	106.934	79.9206	372.078	415.458	458.443	4.62647	7	0	49.59	98.5084	-42.1346	435.921	98.5084	-42.1346	435.921	
13101	18474	308.584	2509.87	303.406	-15.1576	-14.941	-0.653408	1	1	1	1	1	67.5117	254.715	133.08	-67.6168	-408.941	-530.716	63.9649	161.347	254.824	136.359	27.1823	-67.7046	-407.78	-456.165	-530.859	4.44371	14	0	79.4741	-14.911	3.29541	-461.917	-14.911	3.29541	-461.917	
13101	19927	156.022	598.126	148.992	-99999	33.523	-0.448911	1	1	1	1	1	263.249	348.659	130.103	69.6837	610.383	716.403	270.019	314.744	359.298	133.144	101.315	69.5582	605.659	661.019	716.61	4.31896	6	0	45.2703	33.57	-7.13421	660.013	33.57	-7.13421	660.013	
13101	22660	122.476	1283.08	117.617	-99999	0.237	-0.937167	1	0	0	0	0	71.541	74.4195	131.399	26.2673	828.031	874.656	71.4077	76.6687	74.3828	134.244	78.0146	25.2765	826.986	850.418	876.138	7.78122	9	0	1077.76	0.260469	38.2424	849.578	0.260469	38.2424	849.578	
13101	26174	32.75	113.16	31.7386	-99999	7.188	-0.940615	0	0	0	0	0	230.866	237.561	132.665	102.336	861.36	856.24	233.116	236.297	240.045	132.665	117.158	101.373	861.36	857.188	856.349	7.5652	11	0	85.3868	7.2174	32.9302	791.782	7.2174	32.9302	791.782	
13101	39807	131.643	372.698	131.391	-99999	86.048	-0.931964	1	1	1	1	0	306.757	266.19	133.11	9.85264	434.45	450.058	333.788	312.801	293.136	133.338	71.3892	9.85264	434.428	440.98	450.058	6.18098	10	0	138.146	86.0686	-23.4086	436.917	86.0686	-23.4086	436.917	
13101	24330	326.361	668.985	325.765	-99999	31.966	-0.904206	1	1	1	1	1	197.352	162.336	131.602	-147.605	-79.5866	82.0218	197.396	178.558	162.3	132.132	-10.5461	-147.605	-79.8131	-2.9926	82.0218	8.82193	12	0	112.613	31.9938	-25.7686	7.40917	31.9938	-25.7686	7.40917	
13101	34647	213.993	633.923	213.838	-99999	1.489	-0.766581	1	1	1	1	1	66.9328	183.196	-11.8111	-171.213	606.714	688.972	66.8496	125.07	183.194	-11.6965	-91.6214	-171.213	606.663	647.507	688.972	6.5414	13	0	45.6045	1.52243	-38.9343	631.877	1.52243	-38.9343	631.877	
13101	37432	70.9971	192.635	70.473	-99999	19.753	-0.594085	0	0	0	0	0	100.436	84.3106	133.827	90.3656	-424.747	-373.007	100.414	93.9997	83.8655	133.827	111.852	90.362	-424.747	-397.689	-372.831	7.3229	10	0	74.4706	19.7844	69.7388	-386.101	19.7844	69.7388	-386.101	
13127	62422	322.466	725.733	308.553	-99999	0.177	-0.973906	1	1	1	1	1	348.884	313.872	134.116	-167.422	95.1272	40.2021	348.964	331.954	312.165	134.856	-22.5451	-180.259	95.299	64.9503	37.9939	6.00522	10	0	54.3621	0.188617	-24.9008	60.3285	0.188617	-24.9008	60.3285	
13127	64043	177.948	391.51	175.185	-99999	-11.195	-0.940504	1	1	1	1	1	187.372	124.149	132.382	-27.9966	-83.9359	-61.305	187.659	162.107	123.271	133.136	48.5265	-29.7307	-84.0185	-74.2	-61.2243	5.21998	8	0	70.9661	-11.1792	-2.19063	-63.9644	-11.1792	-2.19063	-63.9644	
13127	61346	311.928	740.855	310.268	17.4983	16.898	-0.945219	1	1	1	1	1	246.414	153.017	132.26	-161.035	394.011	366.541	246.437	198.44	152.177	132.338	-14.5288	-162.352	394.025	373.692	366.719	4.60342	7	0	80.4865	16.9213	-28.8065	349.286	16.9213	-28.8065	349.286	
13127	56784	186.785	443.374	185.236	-99999	-35.755	-0.945862	1	1	1	1	1	154.896	146.32	130.154	-50.4272	201.823	216.069	155.003	147.722	146.361	131.538	39.611	-50.4272	201.343	209.365	216.069	10.7499	8	0	83.1751	-35.7325	-3.08846	214.575	-35.7325	-3.08846	214.575	
13127	10429	110.215	274.91	109.905	-99999	34.078	-0.893696	1	1	1	0	0	151.341	147.182	133.645	36.9783	-526.822	-475.191	151.371	148.529	147.143	133.917	85.2613	36.9783	-526.945	-501.301	-475.191	4.72085	13	0	68.2692	34.1106	18.6586	-488.117	34.1106	18.6586	-488.117	
13127	64456	181.027	421.837	181.022	-99999	-4.024	-0.871852	1	1	1	1	1	62.7661	152.94	15.8731	-138.037	201.624	222.923	62.7707	109.644	152.944	15.8731	-61.4523	-138.037	201.624	203.334	222.923	4.9899	9	0	80.2959	-4.00727	-33.8631	207.717	-4.00727	-33.8631	207.717	
13127	20192	365.03	1768.43	358.83	109.639	109.039	-0.918971	0	0	0	0	0	296.476	196.621	129.267	-157.35	47.4565	225.625	297.161	267.978	196.043	133.858	-25.2715	-157.884	45.5448	129.579	226.471	5.93341	13	0	76.4542	35.1497	-19.5189	578.767	35.1497	-19.5189	578.767	
13127	62317	593.273	1026.86	581.862	-99999	-4.852	-0.436039	1	1	1	1	1	78.6704	86.2753	134.131	-86.7323	-722.904	-222.766	78.6843	73.988	86.2808	134.165	16.3196	-86.7323	-722.974	-456.253	-222.766	4.69379	13	0	70.3585	-4.82977	-11.1244	-439.029	-4.82977	-11.1244	-439.029	
13127	62282	83.9448	212.991	83.6724	-99999	84.417	-0.72587	1	1	0	0	0	292.466	332.737	133.061	72.0951	222.594	181.825	318.867	339.155	359.266	133.111	102.52	71.946	222.627	202.274	181.724	4.88232	12	0	54.8831	84.4421	67.7446	180.775	50.6121	68.7309	191.273	
13127	62282	55.1614	128.85	55.161	-99999	50.584	-0.65713	1	0	0	0	0	307.83	343.35	133.694	95.6619	219.733	201.471	323.67	341.462	359.19	133.694	114.733	95.6619	219.733	210.566	201.471	6.6264	10	0	44.6959	50.6121	68.7309	191.273	50.6121	68.7309	191.273	
13127	62878	155.534	341.867	153.929	-99999	75.959	-0.693036	1	1	1	1	0	220.08	330.048	132.686	25.4661	-148.1	-138.799	243.741	299.961	354.634	132.807	79.2951	24.3013	-148.11	-143.339	-138.602	6.0546	7	0	51.4471	75.9856	24.4835	-142.798	75.9856	24.4835	-142.798	
13127	63766	212.403	475.868	211.184	-99999	111.443	-0.465183	0	0	0	0	0	270.636	324.597	133.395	36.2343	150.754	330.283	305.32	331.672	359.604	133.712	83.816	36.0536	150.189	240.106	330.548	4.99239	6	0	55.3634	83.1654	15.3123	820.375	55.7554	-78.6017	-102.342	
13127	62663	40.7188	105.812	40.5061	-99999	96.656	-0.817757	1	1	1	1	1	197.787	180.276	132.863	101.266	-346.538	-364.831	228.135	219.46	210.543	133.039	116.962	101.266	-346.451	-355.417	-364.831	11.6151	12	0	53.9806	96.6881	-37.23	-437.891	96.6881	-37.23	-437.891	
13127	63143	122.656	305.815	122.654	-99999	44.663	-0.708813	1	1	1	1	1	62.9913	127.845	17.5716	-66.6938	390.245	448.835	62.9402	99.4818	127.794	17.5716	-24.9162	-66.6938	390.245	415.112	448.835	6.43634	18	0	79.0004	44.7003	-14.2846	408.158	44.7003	-14.2846	408.158	
13127	62698	323.5	960.163	323.343	-99999	47.516	-0.5815	1	1	1	1	1	289.888	344.292	133.72	-51.8111	151.856	410.912	304.753	332.767	359.184	133.766	40.4869	-51.8418	151.795	280.916	410.978	5.44932	10	0	51.8254	47.5548	6.0516	342.371	47.5548	6.0516	342.371	
13127	64714	331.367	740.81	330.832	23.033	21.916	-0.698952	1	1	1	1	1	314.978	185.255	133.502	-82.1858	-305.504	-93.3283	315.036	243.622	185.132	133.597	23.7479	-82.5375	-305.58	-204.455	-93.2149	6.41832	13	0	76.37	21.9478	-0.587905	-198.009	21.9478	-0.587905	-198.009	
13127	64282	270.473	612.707	268.802	89.8837	87.669	-0.855136	1	1	1	1	1	290.615	142.39	133.363	-87.3604	440.198	419.187	291.445	215.312	142.39	134.779	24.5408	-87.3604	440.362	422.921	419.187	6.62898	9	0	91.9786	87.6909	-24.8422	420.054	87.6909	-24.8422	420.054	
13127	64402	312.655	675.068	310.712	170.293	62.704	-0.710161	0	0	0	0	0	61.895	296.024	88.5632	-111.436	-540.65	-526.416	61.1502	172.374	296.723	89.3218	-19.6355	-111.909	-540.733	-528.797	-526.612	5.46116	9	0	77.4056	-18.8998	-19.0173	144.657	-18.8998	-19.0173	144.657	
13129	3225	334.339	883.609	325.624	8.64913	8.06	-0.956726	1	1	1	1	1	226.15	181.698	132.491	-171.684	-308.828	-201.552	226.192	203.273	180.676	132.865	-23.446	-179.66	-308.927	-254.341	-199.441	4.37443	10	0	49.2716	8.08244	-18.079	71.8042	8.08244	-18.079	71.8042	
13129	2961	280.98	641.573	280.242	94.8141	95.85	-0.966794	1	1	1	1	1	179.266	249.017	132.952	-135.257	298.042	285.383	179.1	218.164	249.017	133.585	-0.818994	-135.257	298.063	306.42	285.383	5.34934	12	0	84.8048	95.8754	-29.5575	296.488	95.8754	-29.5575	296.488	
13129	2842	107.608	286.583	106.938	-99999	19.035	-0.886247	1	1	1	1	1	352.679	320.847	1.61014	-97.5966	673.245	690.755	358.64	340.272	326.772	1.61014	-46.8746	-98.2627	673.245	687.404	690.74	5.71029	10	0	85.2188	19.0467	6.79013	668.382	19.0467	6.79013	668.382	
13127	46632	257.377	581.939	257.176	-99999	72.907	-0.686478	1	1	1	1	1	80.9208	180.208	133.326	-52.0547	-794.493	-649.005	80.7635	134.543	180.124	133.461	41.4006	-52.0547	-794.617	-722.769	-649.005	5.02076	12	0	73.0394	72.9443	6.91984	-703.575	72.9443	6.91984	-703.575	
13129	4046	244.783	594.253	244.225	-99999	31.212	-0.993678	1	1	1	1	1	252.526	235.229	133.207	-109.163	-709.354	-717.98	262.3	246.259	245.051	133.207	12.2001	-109.682	-709.354	-716.858	-718.048	4.94809	9	0	65.2471	40.082	-15.9779	626.425	40.082	-15.9779	626.425	
13127	14382	69.2719	464.525	65.0462	-99999	86.333	-0.958999	1	1	1	1	1	234.22	229.079	133.256	76.4646	-835.81	-804.773	261.254	258.763	255.454	133.256	103.027	72.6238	-835.81	-819.262	-803.217	108.886	15	0	212.971	86.3649	-18.2471	-731.872	67.0949	5.38947	-784.456	
13129	5160	191.6	510.112	191.582	-99999	-19.694	-0.893881	1	1	1	1	1	155.328	114.595	133.418	-30.2955	652.723	738.31	155.351	131.386	114.618	133.418	47.8404	-30.2955	652.723	688.17	738.31	5.5645	39	0	143.417	-19.6653	-6.03943	704.511	-19.6653	-6.03943	704.511	
13129	2296	127.476	317.246	126.66	-99999	-0.825	-0.435744	1	1	1	1	0	257.897	328.911	132.994	77.5395	-236.071	-147.073	257.142	292.695	328.653	133.338	105.335	77.5395	-236.617	-191.746	-147.073	8.58937	6	0	82.4844	-0.770412	40.5765	-152.042	-0.770412	40.5765	-152.042	
13129	797	62.8943	440.897	61.5386	-99999	72.533	-0.508793	1	0	0	0	0	247.377	295.143	133.343	102.509	-475.606	-454.553	269.44	294.915	318.31	133.71	116.71	102.397	-475.681	-469.031	-454.213	4.33349	6	0	71.6516	79.7347	-21.2931	591.754	79.7347	-21.2931	591.754	
13129	2440	241.379	591.125	240.663	148.047	63.778	-0.840381	0	0	0	0	0	190.183	283.581	132.977	-67.5034	440.591	347.176	189.928	233.005	283.581	133.577	31.7619	-67.5034	440.876	392.659	347.176	5.86125	11	0	77.073	34.3648	-114.047	816.618	34.3648	-114.047	816.618	
13127	49236	143.622	321.871	140.244	-99999	100.169	-0.648	1	1	1	1	1	67.9651	173.911	-79.0718	-170.371	-98.1446	-88.9472	65.2898	119.359	173.796	-76.8914	-123.944	-170.371	-98.3182	-93.9946	-88.9472	5.0664	6	0	62.0902	100.21	-75.9622	-78.1507	100.21	-75.9622	-78.1507	
13127	15235	272.143	673.037	271.279	-99999	-5.203	-0.865728	1	1	1	1	1	119.454	84.6161	130.886	-102.768	-215.51	-87.2388	119.577	103.121	84.6221	131.606	10.0064	-102.768	-215.914	-157.397	-87.2388	5.31135	15	0	134.34	-3.77905	-7.13393	202.816	36.521	-10.375	-313.721	
13129	5182	334.618	659.345	333.881	-404.348	41.391	-0.719825	0	0	0	0	0	228.854	108.26	132.329	-78.7268	-194.089	27.5889	229.103	158.503	108.26	132.853	18.2246	-78.7268	-194.527	-95.3544	27.5889	4.83084	14	0	58.9381	-7.23693	-38.0546	-383.178	-21.3169	-18.2728	44.2514	
13129	3307	79.1259	235.957	78.7821	-99999	109.523	-0.919968	0	0	0	0	0	181.641	156.537	133.1	62.975	-425.971	-402.01	181.516	170.839	156.261	133.1	96.2072	62.7084	-425.971	-416.52	-401.856	9.26214	12	0	101.94	-999999	-999999	-999999	-999999	-999999	-999999	
13127	44457	67.4653	160.736	67.0344	-99999	96.95	-0.871546	0	0	0	0	0	155.702	134.8	133.589	75.8305	420.252	446.91	155.591	145.125	134.533	133.589	104.186	75.5092	420.252	433.045	447.15	10.1119	15	0	51.2479	69.6503	-37.1709	-177.884	-44.2697	-21.8221	729.957	
13127	12486	47.6798	140.602	47.0284	-99999	2.61	-0.687209	1	1	0	0	0	358.09	341.409	-131.13	-159.909	512.41	545.512	359.043	350.531	342.145	-130.819	-146.412	-160.021	512.114	527.988	545.656	4.56291	6	0	78.9547	2.63354	-32.9165	496.277	2.63354	-32.9165	496.277	
13129	2768	198.492	449.523	197.592	-99999	17.03	-0.945246	1	1	1	1	1	150.545	181.103	132.686	-50.9909	-836.005	-772.512	150.458	163.031	181.113	133.372	42.4264	-51.158	-836.227	-798.71	-772.509	7.45129	7	0	91.9659	17.0612	-3.53474	-764.555	17.0612	-3.53474	-764.555	
13127	3004	331.544	769.77	331.02	-99999	13.69	-0.751668	1	1	1	1	1	68.458	163.542	133.348	-120.546	8.49951	196.899	68.3834	116.664	163.562	133.578	10.0875	-120.706	8.30766	107.362	197.04	4.5167	16	0	71.7314	13.722	4.7829	100.132	13.722	4.7829	100.132	
13129	2044	57.109	164.434	53.6036	-99999	39.669	-0.974859	1	1	1	1	1	219.523	226.738	131.134	78.326	454.576	459.82	231.728	234.84	239.459	133.084	104.912	76.8763	454.169	457.464	460.058	5.35925	6	0	80.3034	39.6881	-38.0894	93.1668	39.6881	-38.0894	93.1668	
13127	45201	166.284	376.116	165.345	-99999	55.822	-0.911666	1	1	1	1	0	224.899	285.043	131.561	-19.3028	-172.847	-143.106	242.258	273.432	302.732	131.853	56.0122	-19.8816	-172.898	-159.463	-143.073	5.15102	7	0	66.7024	55.848	6.94794	-157.422	55.848	6.94794	-157.422	
13129	2224	26.5624	161.522	23.7511	-99999	99.815	-0.957604	0	0	0	0	0	177.009	175.03	132.456	109.623	580.433	586.572	176.994	175.853	174.882	133.09	120.42	107.526	580.263	584.022	586.98	14.4703	12	0	151.339	99.8407	37.2816	338.575	99.8407	37.2816	338.575	
13129	8176	308.666	706.075	305.682	30.1471	29.924	-0.897123	1	1	1	1	1	245.477	128.124	132.533	-141.1	788.24	849.37	245.859	186.938	127.24	133.522	-3.32241	-142.744	787.946	828.114	849.182	6.12824	9	0	80.1546	29.9522	-31.5191	788.386	29.9522	-31.5191	788.386	
13127	12786	65.2796	158.533	65.0689	-99999	0.483	-0.43155	1	1	1	1	1	358.372	315.921	57.5852	86.7554	229.597	269.318	315.937	337.186	358.523	86.8491	72.2486	57.5852	269.449	249.45	229.597	4.4265	162	0	158.533	0.517811	37.3332	244.681	0.517811	37.3332	244.681	
13129	9112	31.8069	108.757	31.6166	-99999	102.748	-0.867342	0	0	0	0	0	70.3922	80.922	133.153	108.149	790.823	806.698	70.2746	74.3763	80.8949	133.153	120.349	108.006	790.823	799.24	806.772	7.01695	11	0	77.1136	77.3049	-6.80142	-440.413	77.3049	-6.80142	-440.413	
13129	11152	67.6602	183.808	66.449	-99999	71.054	-0.839312	1	1	0	0	0	303.538	304.799	128.841	68.6924	-585.718	-611.192	325.788	326.36	327.028	128.841	99.9753	68.0867	-585.718	-602.9	-611.587	5.60102	11	0	74.8341	71.0821	63.8287	-608.024	71.0821	63.8287	-608.024	
13129	6880	377.651	867.314	376.963	-99999	47.808	-0.713165	1	1	1	1	1	196.68	290.371	133.816	-123.825	-300.474	-558.351	211.651	263.662	305.442	133.816	4.82907	-124.428	-300.474	-428.05	-558.659	4.99593	14	0	85.2078	47.8462	-33.6234	-468.432	47.8462	-33.6234	-468.432	
13129	10480	309.647	693.409	306.575	-99999	103.338	-0.997023	0	0	0	0	0	163.456	160.605	131.54	-167.887	-110.09	-116.019	163.489	161.792	160.488	133.521	-19.9293	-168.532	-110.194	-113.861	-115.897	4.19465	8	0	80.7552	24.815	28.4775	851.866	24.815	28.4775	851.866	
13127	52738	325.009	701.927	324.031	-33.018	-33.676	-0.929224	1	1	1	1	1	119.947	223.171	133.061	-168.93	-399.698	-361.883	119.616	180.817	223.171	133.948	-14.9785	-168.93	-399.798	-378.164	-361.883	4.49973	7	0	54.9672	-33.6456	-12.5994	-382.119	-33.6456	-12.5994	-382.119	
13129	10707	271.726	642.335	271.721	-99999	61.285	-0.971657	1	1	0	0	0	261.947	305.936	133.784	-133.165	877.356	884.27	281.138	310.428	325.127	133.784	1.43519	-133.165	877.356	885.722	884.27	4.66073	8	0	78.0512	61.311	-39.2652	820.896	61.311	-39.2652	820.896	
13127	12044	116.536	274.567	115.806	-99999	56.457	-0.779734	1	1	1	1	1	219.454	193.226	132.896	45.8444	-544.948	-616.363	237.302	221.798	210.905	133.473	90.7145	45.8444	-544.536	-580.919	-616.363	6.21907	16	0	57.8913	56.503	-25.4719	-668.142	56.503	-25.4719	-668.142	
13129	9957	124.882	302.422	122.305	-99999	24.851	-0.84305	1	1	1	0	0	275.371	324.538	132.28	21.6763	612.506	626.103	282.549	312.078	332.743	133.218	78.7561	20.2886	612.418	619.619	626.207	4.14818	8	0	77.5928	15.7621	-20.1031	-4.8116	15.7621	-20.1031	-4.8116	
13127	48514	206.665	514.099	206.664	-99999	21.624	-0.0572057	1	1	1	1	1	352.399	246.744	70.2278	124.8	167.038	335.331	253.515	306.714	359.17	124.8	100.898	70.2278	335.331	250.599	167.038	4.67217	574	0	514.099	21.607	59.4196	193.376	21.607	59.4196	193.376	
13129	54	279.193	985.079	277.647	-24.5019	-25.196	-0.76466	1	1	1	1	1	147.559	281.975	132.974	-63.5793	165.311	27.2089	147.397	206.671	282.717	133.282	28.3469	-64.4363	165.51	95.2474	27.1334	6.64056	9	0	88.3004	-25.1565	-15.148	134.158	-25.1565	-15.148	134.158	
13127	16388	71.1626	184.907	70.0353	-99999	-29.514	-0.928383	1	1	0	0	0	254.452	262.706	133.042	65.6887	-281.14	-264.596	245.208	249.275	253.59	133.053	99.0808	64.592	-281.144	-271.606	-264.488	7.10578	6	0	72.2777	-29.48	25.9395	-263.767	-29.48	25.9395	-263.767	
13129	5936	203.185	456.03	202.892	-32.481	-32.002	-0.793553	1	1	1	1	1	297.399	148.254	133.016	0.730116	376.745	398.837	297.565	228.419	148.254	133.245	59.0318	0.730116	376.757	379.688	398.837	4.08839	10	0	72.2213	-31.9782	-2.24	385.475	-31.9782	-2.24	385.475	
13129	4992	205.554	551.242	200.152	79.5728	79.988	-0.746248	1	1	1	1	1	248.284	104.51	133.173	-5.91388	-180.383	-174.309	248.679	175.266	101.1	133.63	61.7969	-9.27805	-180.409	-177.251	-174.211	16.5082	7	0	158.368	80.0184	-15.3129	-173.895	80.0184	-15.3129	-173.895	
13129	4826	347.551	774.301	344.38	-38.4303	-38.68	-0.4666	1	1	1	1	1	156.926	310.918	132.271	-4.76466	335.919	64.0696	155.826	222.719	311.005	133.685	48.1337	-4.78122	338.346	202.758	63.9473	4.77587	13	0	67.0053	-38.6285	1.55234	150.699	-38.6285	1.55234	150.699	
13129	1846	28.629	107.731	28.1842	-99999	41.05	-0.89935	0	0	0	0	0	171.559	182.464	132.995	107.198	-791.923	-790.26	171.512	177.235	182.628	132.995	119.907	106.831	-791.923	-792.064	-790.257	4.28583	7	0	85.411	41.0883	31.0053	-758.328	41.0883	31.0053	-758.328	
13129	5610	228.652	514.32	227.778	-99999	44.431	-0.967127	0	0	0	0	0	124.114	97.271	132.518	-90.706	-569.276	-555.215	124.143	107.671	97.216	132.929	21.212	-91.0836	-569.349	-552.203	-555.293	4.0829	7	0	81.2198	20.1838	-76.4602	-613.452	20.1838	-76.4602	-613.452	
13127	14602	367.861	643.707	365.932	-99999	18.856	-0.787114	1	1	1	1	1	136.932	149.985	130.604	-155.319	-512.233	-291.353	136.911	141.01	149.622	130.901	-21.2829	-156.04	-512.466	-409.759	-290.696	11.7181	11	0	85.8312	18.8779	-24.1587	-400.652	18.8779	-24.1587	-400.652	
13127	2301	77.0633	167.511	68.6782	-99999	-0.531	-0.608106	1	1	1	0	0	181.601	133.094	131.983	86.1363	-152.593	-144.448	181.731	152.407	130.663	132.083	107.747	79.8157	-152.611	-147.994	-140.33	5.18775	16	0	38.1294	-0.510808	28.0437	-136.119	-0.510808	28.0437	-136.119	
13127	5781	273.724	609.061	272.826	81.0698	80.526	-0.7194	1	1	1	1	1	229.902	153.097	132.087	-66.0281	-372.92	-202.721	230.094	194.824	153.097	132.729	34.0122	-66.0281	-373.511	-285.572	-202.721	5.06827	14	0	75.9787	76.4246	-13.43	192.428	36.0346	-102.333	-634.628	
13129	2857	257.232	587.133	257.226	-99999	-40.952	-0.974422	1	1	1	1	1	299.355	331.632	133.172	-118.111	785.437	816.109	286.532	300.139	318.808	133.172	8.22923	-118.111	785.437	812.483	816.109	4.74858	10	0	79.2442	-40.9204	-27.0754	794.051	-40.9204	-27.0754	794.051	
13129	3139	131.988	318.513	130.637	-99999	111.815	-0.915415	0	0	0	0	0	247.154	293.124	132.844	11.2629	408.628	412.302	282.028	308.076	328.478	133.162	72.9081	10.3239	408.605	414.859	412.268	4.60864	7	0	76.8849	-15.3896	-33.7437	312.244	-15.3896	-33.7437	312.244	
13127	26070	96.631	225.062	74.6729	-99999	93.034	-0.597333	1	1	0	0	0	202.7	260.928	132.422	87.5281	852.614	865.485	231.247	269.254	306.434	132.863	104.284	75.4571	852.485	861.016	871.267	4.26912	15	0	81.8583	93.063	15.4126	795.798	93.063	15.4126	795.798	
13129	5948	85.5012	200.419	84.9532	-99999	14.602	-0.910492	1	1	0	0	0	114.872	73.6151	133.711	61.7063	-2.25723	-8.74786	115.009	99.1616	73.4911	134.072	94.7167	61.6369	-2.19179	-7.29748	-8.71316	5.48227	7	0	65.8389	14.6296	60.5985	-7.18771	14.6296	60.5985	-7.18771	
13129	1158	364.267	761.342	293.443	-99999	14.046	-0.960567	1	1	1	1	1	256.666	252.867	133.41	-146.906	-595.116	-679.742	261.061	258.192	259.486	133.568	-41.2872	-166.386	-595.07	-645.89	-747.092	4.93249	11	0	99.7162	14.0799	-28.8942	-639.53	14.0799	-28.8942	-639.53	
13129	5565	41.0272	116.971	40.9881	-99999	-28.687	-0.689496	0	0	0	0	0	77.1408	81.7971	133.484	102.308	-593.942	-568.013	77.1736	80.14	81.83	133.484	118.363	102.308	-593.942	-580.491	-568.013	4.64376	14	0	68.475	-999999	-999999	-999999	-999999	-999999	-999999	
13127	57789	639.229	1445.25	636.724	-99999	-33.054	-0.649739	1	1	1	1	1	240.254	327.559	133.63	-165.042	71.2053	-482.553	229.903	269.087	317.717	133.63	-14.4208	-166.144	71.2053	-208.895	-484.735	6.20599	16	0	114.451	-32.9975	-34.2075	-259.584	-32.9975	-34.2075	-259.584	
13129	3226	68.3713	198.821	67.2301	-99999	34.325	-0.774609	0	0	0	0	0	203.447	177.747	133.971	78.6953	346.003	373.97	203.412	190.102	177.144	133.978	106.792	77.7774	345.999	361.822	374.311	4.5063	9	0	80.7266	61.984	50.5286	750.04	61.984	50.5286	750.04	
13129	2711	294.796	1251.68	293.127	67.5899	64.733	-0.778278	1	1	1	1	1	128.573	251.732	132.62	-107.947	-264.603	-372.981	128.298	191.784	252.253	133.175	16.726	-108.582	-264.258	-328.025	-373.118	4.30602	9	0	76.9406	70.1233	-30.9908	-818.101	70.1233	-30.9908	-818.101	
13127	14044	359.418	767.351	355.991	78.4662	78.88	-0.663683	1	1	1	1	1	82.1076	294.683	133.7	-71.7767	-492.173	-302.344	81.7294	191.333	294.828	134.134	24.1357	-73.0785	-492.477	-402.441	-299.911	7.13808	7	0	67.4925	78.9311	-16.5552	-378.91	78.9311	-16.5552	-378.91	
13127	51976	309.936	636.714	309.253	-748.914	-2.299	-0.597937	1	1	1	1	1	127.719	294.948	133.601	-34.8379	544.7	346.519	127.408	210.691	294.948	134.015	48.9479	-34.8379	545.14	445.973	346.519	8.21214	14	0	46.0922	-2.31756	28.3905	8.34838	89.7824	42.884	832.232	
13127	52336	209.868	496.541	209.573	-99999	52.288	-0.948691	1	1	1	0	0	70.5595	141.424	133.099	-60.5242	-854.418	-841.684	70.4121	108.239	141.364	133.376	35.8961	-60.5242	-854.393	-861.426	-841.684	5.62303	14	0	92.6986	52.3041	7.3257	-814.07	52.3041	7.3257	-814.07	
13129	870	148.272	358.911	147.426	-99999	9.094	-0.990972	1	1	1	0	0	73.5588	77.357	132.801	-13.4669	-268.804	-267.782	73.4995	79.8802	77.3322	133.573	59.8047	-13.5122	-268.911	-267.949	-267.781	5.893	7	0	67.3371	9.10999	17.5872	-262.023	9.10999	17.5872	-262.023	
13129	6825	262.039	619.99	262.029	107.622	106.832	-0.687929	0	0	0	0	0	168.377	289.587	132.809	-24.4175	506.563	673.935	168.377	222.947	289.587	132.809	43.0779	-24.4175	506.563	584.724	673.935	4.97739	8	0	72.7792	-999999	-999999	-999999	-999999	-999999	-999999	
13129	10305	183.512	472.027	182.089	-99999	82.627	-0.515564	1	1	1	1	1	236.768	333.162	132.572	33.1872	582.73	700.967	262.118	310.86	359.291	133.032	82.9103	32.9218	582.159	641.568	701.334	4.30891	9	0	61.7642	82.6594	3.0034	685.422	82.6594	3.0034	685.422	
13127	16486	244.156	551.884	242.195	-99999	80.194	-0.96278	1	1	1	1	1	270.169	227.865	132.447	-103.797	94.474	121.783	295.601	271.572	252.922	133.932	15.5043	-104.203	94.1869	111.243	121.787	9.89491	7	0	84.461	80.2242	-18.0282	109.456	80.2242	-18.0282	109.456	
13129	10189	306.169	663.285	305.216	58.8321	58.685	-0.867795	1	1	1	1	1	267.818	146.317	133.443	-126.291	437.221	538.893	267.857	208.661	145.96	133.534	3.39239	-127.047	437.188	491.566	538.931	5.47446	7	0	78.7388	58.7148	-27.9932	504.232	58.7148	-27.9932	504.232	
13129	10430	218.559	536.292	218.262	-99999	78.021	-0.997542	1	1	1	1	0	64.3409	107.316	128.102	-82.5115	568.047	569.839	64.249	72.8706	107.304	128.189	20.0232	-82.6547	568.038	574.512	569.86	5.15527	8	0	78.1405	78.0378	20.5907	575.793	78.0378	20.5907	575.793	
13127	5043	374.789	869.364	370.672	101.642	101.158	-0.717767	0	0	0	0	0	218.439	185.489	133.13	-158.298	-39.5387	169.66	218.397	212.788	185.037	134.026	3.73154	-160.302	-40.3999	91.9415	170.269	4.50319	16	0	82.8419	-999999	-999999	-999999	-999999	-999999	-999999	
13129	7292	367.642	809.693	367.584	-99999	101.146	-0.866024	0	0	0	0	0	188.315	101.435	133.735	-163.141	-812.125	-623.053	188.2	143.265	101.319	133.735	-26.3381	-163.141	-812.125	-733.992	-623.053	8.1135	17	0	75.4639	80.427	-26.2189	389.444	-8.73299	-53.8314	-15.5232	
13129	7220	209.991	479.398	206.84	95.9419	95.357	-0.837702	1	1	1	1	1	217.784	146.686	132.357	-31.9646	-771.31	-670.516	218.191	176.904	146.295	133.351	48.3472	-33.0859	-771.806	-726.134	-668.955	4.51642	18	0	60.9412	95.3968	-9.51695	-695.007	95.3968	-9.51695	-695.007	
13129	9620	873.046	2037.43	870.041	-25.9661	-25.837	-0.43698	1	1	1	1	1	100.892	241.134	133.274	-156.623	-665.402	135.829	100.74	153.041	242.032	133.756	-44.0808	-157.402	-666.381	-271.4	137.305	4.74222	7	0	70.873	-25.8101	-13.3697	-306.964	-25.8101	-13.3697	-306.964	
13129	9157	118.041	319.241	117.736	-99999	91.663	-0.447604	1	1	1	1	1	295.299	330.62	134.314	80.6164	-708.927	-610.304	324.002	341.931	359.405	134.314	107.123	80.4689	-708.927	-659.722	-610.051	6.78309	8	0	51.0661	91.6873	62.6684	-604.998	91.6873	62.6684	-604.998	
13127	4837	194.665	474.351	191.771	-99999	57.344	-0.873394	0	0	0	0	0	238.829	289.443	129.25	-46.8338	362.872	415.469	256.21	281.952	307.93	130.426	43.3869	-48.2759	362.543	397.15	415.551	9.35915	8	0	109.979	-999999	-999999	-999999	-999999	-999999	-999999	
13127	5437	22.67	71.2767	22.6623	-99999	80.028	-0.573022	1	1	0	0	0	123.687	106.099	132.961	119.616	-64.7475	-59.7706	123.595	114.765	106.008	132.961	126.415	119.616	-64.7475	-62.0342	-59.7706	5.63222	9	0	65.3829	80.0544	64.9577	-33.9364	80.0544	64.9577	-33.9364	
13129	7871	173.292	393.565	171.722	66.4739	65.471	-0.98267	1	1	1	1	1	189.074	219.226	132.306	-35.5949	-120.129	-137.998	189.011	204.342	219.416	132.726	47.7087	-36.7097	-120.081	-126.393	-138.095	6.56557	7	0	77.1415	65.5102	-0.771972	-131.809	65.5102	-0.771972	-131.809	
13127	57491	328.903	7430	328.483	22.8987	22.635	-0.854051	1	1	1	1	1	275.977	174.55	133.398	-133.333	-735.926	-578.09	276.064	236.188	174.55	133.75	-4.19864	-133.333	-736.119	-656.028	-578.09	11.4531	11	0	90.2956	22.6702	-17.3131	-640.367	22.6702	-17.3131	-640.367	
13129	11684	273.692	538.634	272.917	-31.797	-31.992	-0.953152	1	1	1	1	1	182.058	236.507	132.309	-131.137	187.604	150.471	181.866	216.626	236.507	133.018	2.48299	-131.137	187.723	166.376	150.471	7.8822	8	0	63.8403	-31.9525	-23.0975	164.568	-31.9525	-23.0975	164.568	
13127	21868	147.607	509.698	147.006	-99999	-1.383	-0.897689	1	1	1	1	1	185.664	121.832	129.149	-0.913105	-131.879	-108.201	185.806	153.413	121.74	129.454	64.0652	-1.12813	-131.941	-120.935	-108.1	10.1559	11	0	202.588	-1.36371	-32.0529	-97.4614	-1.36371	-32.0529	-97.4614	
13129	8116	44.8167	120.881	43.5724	-99999	71.086	-0.716313	0	0	0	0	0	150.855	119.591	132.344	102.622	-117.774	-118.109	151.235	135.557	119.142	132.802	116.993	102.224	-117.698	-119.759	-117.97	5.83344	8	0	68.2798	92.4786	-24.6421	-172.772	92.4786	-24.6421	-172.772	
13129	9831	250.12	578.447	248.913	25.1357	24.923	-0.93336	1	1	1	1	1	245.811	162.722	133.23	-96.5113	754.227	728.493	245.811	207.014	162.143	133.23	16.5738	-97.5421	754.227	732.139	728.659	7.06979	10	0	93.3322	24.9621	-19.6213	715.93	24.9621	-19.6213	715.93	
13127	3255	243.9	530.535	242.328	-21.0067	-19.661	-0.698648	1	1	1	1	1	280.724	114.77	133.197	-42.0168	246.301	252.907	280.724	191.414	113.877	133.197	50.2893	-43.2989	246.301	245.441	253.007	6.11734	7	0	74.3866	-19.0322	-11.5332	-109.563	-19.0322	-11.5332	-109.563	
13129	8425	124.806	300.811	124.143	-99999	-44.725	-0.826949	1	1	1	1	0	200.151	143.993	132.707	32.9309	-136.913	-90.601	200.243	174.681	143.712	132.79	82.3596	32.4991	-136.951	-110.634	-90.4784	5.32801	9	0	71.049	-44.6923	18.4274	-99.2703	-44.6923	18.4274	-99.2703	
13129	9134	96.7506	850.534	71.575	-99999	49.718	-0.911722	1	1	1	1	1	65.6301	95.4118	-40.9881	-92.8023	-642.733	-632.398	61.9263	82.3146	95.5455	-32.1278	-70.7399	-95.6049	-647.385	-632.99	-633.972	7.27965	9	0	23.6462	49.7578	-43.0458	-629.958	49.7578	-43.0458	-629.958	
13129	9134	284.18	682.174	283.551	-99999	87.261	-0.988313	1	1	1	1	1	325.216	283.231	133.163	-146.892	55.9385	61.0476	352.63	332.45	310.557	133.778	-6.70692	-146.892	55.9225	62.0727	61.0476	7.13772	8	0	84.3391	87.2878	-22.0693	51.7094	87.2878	-22.0693	51.7094	
13127	987	140.286	348.285	138.476	-99999	4.747	-0.806824	1	1	1	0	0	125.256	137.146	132.638	21.4391	-212.95	-133.914	125.158	139.462	136.893	133.007	77.2012	20.2678	-213.203	-173.294	-133.303	4.08075	14	0	80.3701	4.77916	20.9989	-156.645	4.77916	20.9989	-156.645	
13127	27512	22.5067	84.4916	21.9649	-99999	41.969	-0.808227	0	0	0	0	0	317.374	327.958	133.365	115.688	445.933	440.255	330.502	335.783	341.337	133.385	124.281	115.323	445.94	442.285	440.373	4.0668	12	0	79.4418	-4.88814	9.03449	622.469	-4.88814	9.03449	622.469	
13129	8786	48.6312	118.291	48.6311	-99999	74.541	-0.890164	1	1	0	0	0	328.549	335.485	133.334	90.0386	452.265	431.24	351.891	355.283	358.827	133.334	111.632	90.0386	452.265	441.838	431.24	4.50895	13	0	49.099	74.5511	-108.787	421.352	74.5511	-108.787	421.352	
13129	7196	63.6335	164.223	62.5819	-32.9053	-46.527	-0.610596	0	0	0	0	0	179.383	225.767	133.364	92.7844	-378.545	-386.824	178.811	203.615	225.993	133.822	114.059	92.5896	-378.543	-380.516	-386.923	4.17094	8	0	79.9144	-47.5185	-25.3199	-404.332	-34.3685	30.5763	-399.164	
13129	8036	220.643	483.03	219.843	-99999	41.946	-0.983354	1	1	1	1	1	122.04	93.4285	134.02	-76.4963	-199.249	-153.091	121.992	112.714	93.2787	134.02	25.6779	-77.1495	-199.249	-180.852	-152.654	5.3901	12	0	62.5478	41.967	-4.82737	-172.695	41.967	-4.82737	-172.695	
13127	1719	295.138	698.781	294.1	-99999	77.234	-0.851924	0	0	0	0	0	149.623	194.335	133.196	-112.801	402.096	550.233	161.461	193.592	206.384	134.066	13.6591	-112.801	401.603	480.395	550.233	5.20899	8	0	88.4039	-33.0968	-52.4588	-352.704	-33.0968	-52.4588	-352.704	
13129	7758	280.128	650.889	277.194	-99999	-9.282	-0.964784	1	1	1	1	1	248.785	338.014	133.369	-128.008	-498.902	-499.173	245.846	287.567	335.328	133.484	0.0625344	-130.695	-498.905	-491.538	-499.951	11.9549	12	0	118.108	-9.25019	-39.8788	-497.942	-9.25019	-39.8788	-497.942	
13127	23681	244.753	502.329	242.975	-99999	98.011	-0.924821	1	1	1	1	1	194.718	267.003	126.508	-100.056	637.102	633.676	209.971	257.358	282.486	126.874	14.0758	-100.468	637.104	636.456	633.683	4.76379	7	0	69.1251	98.038	-17.507	629.358	98.038	-17.507	629.358	
13129	9499	98.7717	313.835	98.7707	-99999	59.871	-0.609523	1	1	1	1	1	115.278	185.537	134.623	83.2694	-100.217	-53.6546	115.209	149.897	185.468	134.623	108.477	83.2694	-100.217	-76.82	-53.6546	5.30318	10	0	117.604	59.8636	-7.98252	-32.187	59.8636	-7.98252	-32.187	
13129	9202	238.697	549.452	238.383	-99999	51.659	-0.69074	1	1	1	1	1	69.4048	218.574	91.3532	-75.307	-360.709	-278.291	61.0891	136.243	210.456	91.5695	8.39547	-75.307	-360.819	-319.861	-278.291	5.46846	9	0	42.3428	51.6863	-2.94135	-308.511	51.6863	-2.94135	-308.511	
13129	8015	186.14	462.729	185.3	-99999	116.368	-0.607057	0	0	0	0	0	180.719	321.778	133.782	24.1106	133.465	84.5036	216.519	286.798	358.218	134.287	78.4513	24.1106	133.659	109.119	84.5036	16.3098	8	0	76.4423	33.7952	-91.8506	-448.418	33.7952	-91.8506	-448.418	
13129	11255	205.034	473.035	204.273	-99999	95.095	-0.98706	1	1	1	0	0	312.618	314.344	133.698	-68.8712	-289.983	-275.802	342.397	349.116	344.068	133.698	31.831	-69.6036	-289.983	-281.434	-275.746	4.32236	7	0	84.4454	95.1157	-9.52251	-279.85	95.1157	-9.52251	-279.85	
13129	8551	330.248	565.4	256.429	-99999	2.931	-0.585189	1	1	1	1	1	358.426	196.042	-163.987	-20.6626	-185.766	-48.6321	150.066	253.021	358.426	22.5117	-71.9291	-163.987	-10.284	-98.2102	-185.766	4.27215	590	0	565.4	3.67405	-21.0892	-549.486	3.67405	-21.0892	-549.486	
13127	20715	212.367	532.309	212.361	-99999	114.864	-0.871102	0	0	0	0	0	145.677	175.406	127.496	-57.3443	-784.748	-685.215	145.546	157.183	175.275	127.496	34.4106	-57.3443	-784.748	-735.068	-685.215	5.42123	13	0	73.1059	35.0995	-40.3556	766.926	35.0995	-40.3556	766.926	
13129	8932	315.816	713.296	314.112	-99999	100.173	-0.917752	1	1	1	1	1	172.827	91.7077	133.223	-149.186	552.64	654.831	172.755	148.587	90.8922	133.536	-13.0263	-150.277	552.515	605.893	655.242	4.47605	14	0	74.8821	100.2	-36.1252	613.477	100.2	-36.1252	613.477	
13129	8932	112.198	284.431	109.049	-99999	-23.49	-0.629769	1	1	1	1	1	156.091	114.871	132.654	60.8155	352.71	423.362	156.206	135.721	113.197	132.803	96.4962	58.7591	352.548	390.082	424.491	4.43124	14	0	102.859	-23.4498	4.41422	473.472	-23.4498	4.41422	473.472	
13129	9401	117.52	1057.43	116.91	-99999	-8.53	-0.617179	1	1	1	1	1	280.582	299.02	133.703	34.2868	-665.602	-610.05	277.911	290.179	296.121	133.703	83.7256	33.9029	-665.602	-638.187	-609.714	30.4369	19	0	129.133	-8.50183	-29.0488	-576.085	-8.50183	-29.0488	-576.085	
13127	52085	228.337	504.348	228.049	-99999	102.857	-0.772484	0	0	0	0	0	164.458	87.403	133.08	-36.2896	39.5055	170.102	164.435	131.023	87.2854	133.301	45.3054	-36.2896	39.352	103.84	170.102	4.16504	14	0	66.4212	51.75	48.14	152.716	51.75	48.14	152.716	
13129	7836	286.966	649.841	286.545	-99999	114.244	-0.982249	0	0	0	0	0	153.228	191.652	132.026	-148.432	355.737	391.525	153.057	167.186	191.522	132.433	-9.81963	-148.432	355.663	367.148	391.525	5.889	8	0	76.6208	41.1014	39.1362	-818.985	41.1014	39.1362	-818.985	
13129	9303	174.457	428.271	173.077	-99999	100.853	-0.393968	1	1	1	1	1	190.523	226.344	132.17	35.3659	-378.373	-517.222	174.451	192.567	210.523	132.627	84.4391	35.2974	-377.238	-447.559	-517.332	5.65991	7	0	45.9383	100.903	-51.632	-722.681	100.903	-51.632	-722.681	
13129	7985	59.8359	187.852	59.3868	-99999	42.578	-0.966882	1	1	0	0	0	273.707	275.065	132.873	78.5206	72.2908	53.5538	287.013	289.221	288.398	133.072	104.757	78.5196	72.3361	63.1238	53.5542	4.43124	20	0	90.5342	42.6011	40.5418	41.6627	42.6011	40.5418	41.6627	
13129	7155	325.933	694.303	325.924	97.5796	95.523	-0.838215	1	1	1	1	1	127.984	317.327	133.252	-111.565	-29.3852	-123.794	127.984	215.918	317.327	133.252	2.81743	-111.565	-29.3852	-71.641	-123.794	7.53099	15	0	76.3517	95.5525	-29.0886	-87.9489	95.5525	-29.0886	-87.9489	
13129	8393	58.4722	174.705	56.735	-99999	-8.921	-0.96099	1	0	0	0	0	127.617	124.486	132.048	78.0074	728.664	740.284	127.794	124.524	124.711	132.717	104.54	77.5271	728.565	733.401	740.742	5.17924	17	0	91.3582	-3.45859	-102.544	-816.858	27.8414	-0.82465	440.718	
13129	10684	239.626	548.226	239.212	-99999	-12.178	-0.773472	1	1	1	1	1	343.54	235.684	132.311	-69.6928	390.423	451.803	339.954	279.974	231.871	132.625	35.5179	-69.6928	390.298	426.463	451.803	5.35675	8	0	70.0467	-12.162	-16.0611	423.791	-12.162	-16.0611	423.791	
13129	8655	179.224	246.068	177.996	-99999	106.034	-0.805763	0	0	0	0	0	118.423	129.947	133.824	-9.82351	407.689	511.031	118.31	126.23	129.796	134.01	59.6106	-10.4819	407.552	456.747	511.547	4.4106	14	0	73.5699	-999999	-999999	-999999	-999999	-999999	-999999	
13129	8741	268.765	612.872	268.754	88.1291	86.807	-0.816989	1	1	1	1	1	303.449	121.415	133.67	-59.5355	-810.321	-829.017	303.449	218.354	121.415	133.67	30.312	-59.5355	-810.321	-820.248	-829.017	5.8338	8	0	84.4136	86.8232	-11.5705	-786.612	86.8232	-11.5705	-786.612	
13129	10235	180.804	428.454	180.616	-99999	114.825	-0.767674	0	0	0	0	0	62.4006	133.581	134.608	-10.6558	-333.277	-254.207	62.185	100.761	133.45	134.749	62.8046	-10.6569	-333.359	-294.625	-254.206	7.51642	17	0	79.0258	62.1019	-11.5262	-200.2	62.1019	-11.5262	-200.2	
13127	65006	377.75	862.372	377.332	-99999	0.23	-0.896241	1	1	1	1	0	110.087	97.7503	133.707	-169.707	803.468	860.137	110.087	109.74	97.7494	133.707	-15.3609	-169.72	803.468	801.355	860.141	6.96745	11	0	83.9716	0.238687	-20.4456	803.809	0.238687	-20.4456	803.809	
13129	10007	325.304	862.708	324.798	-99999	77.867	-0.880136	1	1	1	1	1	222.773	334.792	134.535	-162.846	-707.487	-771.32	247.157	303.452	359.311	134.535	-15.1375	-163.185	-707.487	-737.029	-771.655	10.9816	26	0	180.375	77.8979	-44.5435	-732.911	77.8979	-44.5435	-732.911	
13129	8565	297.852	713.672	296.848	-99999	49.662	-0.956303	1	1	1	1	1	120.278	159.967	130.032	-159.558	-498.744	-459.205	120.133	141.556	159.912	130.973	-15.4662	-159.564	-499.021	-484.211	-459.202	5.68982	14	0	75.3805	49.6966	-22.7586	-477.492	49.6966	-22.7586	-477.492	
13129	7188	207.672	453.801	207.33	-99999	68.939	-0.580867	1	1	1	1	0	199.729	337.447	-36.7581	86.0103	-894.052	-799.527	359.077	290.898	221.131	86.0473	23.8559	-36.9201	-799.498	-847.082	-894.178	9.41895	445	0	453.801	68.8938	42.286	-802.709	68.8938	42.286	-802.709	
13129	17183	266.974	597.22	264.752	84.693	84.142	-0.900184	1	1	1	1	1	135.618	229.791	133.356	-102.311	300.165	229.72	135.371	181.833	230.51	134.009	16.5276	-103.618	300.354	257.448	229.755	4.55321	8	0	76.6685	84.1829	-14.5742	249.547	84.1829	-14.5742	249.547	
13129	12033	133.396	354.793	131.902	-177.014	-19.22	-0.919132	1	1	1	1	1	252.638	203.576	132.405	15.9622	626.831	658.797	252.736	229.66	202.963	132.654	70.8027	15.0035	626.792	635.784	659.225	4.62261	11	0	98.3518	-19.1848	-32.014	158.125	-19.1848	-32.014	158.125	
13129	14093	28.2397	406.407	18.509	-99999	0.46	-0.891922	0	0	0	0	0	335.134	332.712	133.352	116.835	700.992	708.542	335.278	333.469	331.843	133.352	121.384	108.997	700.992	706.553	712.909	8.86151	12	0	406.407	80.2508	-62.8315	-131.5	80.2508	-62.8315	-131.5	
13127	53499	114.901	290.695	113.101	-99999	54.924	-0.620899	1	1	0	0	0	285.174	341.89	9.92194	-60.779	-894.151	-826.509	301.685	330.682	359.319	10.7539	-25.2164	-61.0659	-894.948	-860.806	-826.237	5.6824	9	0	60.8997	54.9431	-35.9088	-823.591	54.9431	-35.9088	-823.591	
13129	17953	62.9477	153.859	62.1299	-99999	101.99	-0.66004	0	0	0	0	0	292.248	327.092	-24.4775	-66.191	894.368	864.379	323.791	341.651	359.11	-24.0461	-44.8401	-66.3112	894.674	879.219	864.32	4.28813	12	0	55.4168	67.0742	-15.9377	-225.752	-3.01585	3.33804	704.45	
13129	12545	282.1	734.64	281.779	-99999	41.449	-0.983639	1	1	1	1	1	168.965	200.504	131.834	-145.017	-774.865	-733.252	168.901	184.931	200.457	132.145	-6.41649	-145.017	-774.918	-754.254	-733.252	4.96789	9	0	62.0741	41.4762	-10.4601	-704.403	41.4762	-10.4601	-704.403	
13127	49683	407.22	939.639	406.367	30.681	34.329	-0.70443	1	1	1	1	1	330.004	139.55	133.237	-158.279	-837.742	-632.067	330.127	243.634	139.331	133.457	-14.5632	-158.686	-837.929	-728.299	-631.81	5.14403	13	0	84.6233	34.3642	-13.4452	-715.366	34.3642	-13.4452	-715.366	
13129	14508	404.4	920.19	401.256	5.64631	5.319	-0.715564	1	1	1	1	1	279.264	139.04	125.894	-167.782	192.074	424.817	280.206	210.969	138.924	127.85	-18.0775	-167.961	190.408	311.931	424.949	5.93389	13	0	69.1338	5.34765	-23.0078	308.043	5.34765	-23.0078	308.043	
13129	15431	258.842	552.135	258.626	-99999	72.969	-0.48415	1	1	1	1	1	91.6313	114.45	130.365	1.06679	227.278	449.1	91.548	99.5012	114.364	130.413	61.412	1.03364	227.192	336.206	449.181	5.64565	8	0	43.9484	72.9972	16.2542	368.196	72.9972	16.2542	368.196	
13129	14843	252.029	551.825	250.708	104.192	101.54	-0.925093	0	0	0	0	0	250.022	197.795	130.969	-101.153	-758.122	-684.893	250.145	219.865	197.799	131.538	17.9444	-101.837	-758.319	-713.3	-684.781	4.49246	10	0	68.1691	-22.636	-78.0824	-105.477	-22.636	-78.0824	-105.477	
13127	25481	144.824	599.158	143.923	-99999	47.616	-0.348587	1	1	1	1	0	271.7	344.257	-162.6	-108.035	-888.877	-778.195	359.473	322.385	286.611	-107.831	-136.068	-162.6	-777.731	-833.115	-888.877	8.45439	470	0	599.158	47.5925	-89.7493	-779.102	47.5925	-89.7493	-779.102	
13127	58511	169.579	394.6	168.872	-99999	-3.972	-0.707512	1	1	1	1	1	188.216	75.7035	132.756	12.7272	-174.067	-136.125	188.545	131.892	75.5769	133.098	73.2347	12.5522	-174.175	-154.283	-136.087	5.4921	7	0	59.6446	-3.94743	16.4997	-141.248	-3.94743	16.4997	-141.248	
13129	14914	115.324	257.838	104.277	-99999	11.285	-0.657804	1	1	1	1	1	176.166	252.585	132.677	63.9272	-538.926	-555.606	176.166	217.535	260.834	132.677	93.8046	56.6162	-538.926	-548.47	-556.246	6.49637	7	0	58.6278	11.2659	-11.1117	-569.609	51.5459	-5.73148	-565.134	
13127	19397	142.673	352.526	142.236	-99999	82.334	-0.911977	1	1	1	1	1	149.778	97.6907	133.927	3.79884	575.549	588.119	149.846	122.77	97.5668	134.245	68.2946	3.73279	575.575	574.22	588.133	4.44267	9	0	79.0356	82.3594	17.4251	586.163	82.3594	17.4251	586.163	
13127	23477	266.042	589.259	264.07	-40.6235	-38.847	-0.591401	1	1	1	1	1	61.9907	216.389	116.311	-48.0598	-515.527	-650.991	61.0589	139.139	216.564	117.159	30.7806	-48.4715	-514.821	-578.945	-651.253	4.38301	12	0	52.4658	-38.815	8.66222	-583.213	-38.815	8.66222	-583.213	
13127	27341	395.556	820.965	393.655	-37.3006	-37.932	-0.814744	1	1	1	1	1	191.551	226.747	133.192	-168.115	-582.674	-812.012	191.548	216.253	226.747	133.245	-19.9853	-168.115	-582.637	-704.962	-812.012	5.28425	18	0	87.9097	-42.8338	14.5346	-260.476	-42.8338	14.5346	-260.476	
13127	2215	301.192	2069.78	297.848	-14.6996	-17.537	-0.837802	1	1	1	1	1	167.576	274.137	133.408	-111.48	87.8289	-42.6516	167.576	223.971	274.687	133.408	11.0288	-114.064	87.8289	20.7702	-44.6822	6.04723	8	0	57.1642	-10.7733	-13.7629	-421.793	-10.7733	-13.7629	-421.793	
13129	14269	140.911	312.92	139.213	-99999	-22.424	-0.883362	1	1	1	1	1	156.575	93.9866	132.512	10.5995	232.335	248.318	157.055	128.054	93.5351	133.387	70.1959	10.1344	232.195	243.414	248.517	4.87223	8	0	68.5356	-20.1843	20.0548	253.065	-20.1843	20.0548	253.065	
13129	14875	309.51	948.699	306.844	29.3138	28.932	-0.837055	1	1	1	1	1	173.676	239.012	132.241	-125.996	657.239	507.081	173.482	196.564	239.34	133.614	2.19225	-126.892	658.109	579.876	506.736	6.02669	9	0	83.9578	28.9707	-13.8111	562.427	28.9707	-13.8111	562.427	
13129	13116	86.4019	211.337	86.206	-99999	52.227	-0.956542	1	1	1	0	0	276.011	285.342	133.177	49.8836	-119.002	-134.822	292.332	301.701	301.696	133.313	91.8258	49.8836	-118.978	-126.451	-134.822	5.74981	10	0	74.5736	52.24	33.3581	-137.593	52.24	33.3581	-137.593	
13127	53938	291.214	651.508	289.126	-99999	116.8	-0.969597	0	0	0	0	0	121.611	154.705	129.67	-152.989	-192.214	-146.121	121.46	134.17	154.36	130.083	-13.1918	-154.625	-192.318	-170.984	-146.036	6.32307	7	0	78.3658	80.1297	-23.45	560.824	67.5797	79.7806	-421.54	
13129	15301	167.159	395.864	166.807	-99999	47.962	-0.785749	1	1	1	1	1	74.6419	114.356	132.717	-8.08689	17.068	95.0465	74.5254	94.8101	114.309	132.919	62.3203	-8.16678	16.9208	56.5322	95.0514	8.54901	15	0	76.3372	47.9874	27.1113	63.6286	47.9874	27.1113	63.6286	
13127	8180	330.044	724.912	330.04	-99999	84.888	-0.889696	1	1	1	1	1	230.996	332.648	134.065	-167.845	665.182	583.352	257.578	310.723	359.23	134.065	-16.0494	-167.845	665.182	622.348	583.352	4.35153	12	0	57.5561	84.9179	-43.8487	614.569	84.9179	-43.8487	614.569	
13129	12244	70.6978	192.497	69.023	-99999	89.193	-0.955749	1	0	0	0	0	308.113	287.578	132.813	69.5233	-127.467	-144.97	336.349	327.659	315.402	134.221	101.209	69.3544	-127.174	-136.269	-145.006	8.16479	8	0	82.2216	89.2205	44.8525	-151.635	89.2205	44.8525	-151.635	
13129	16607	230.71	513.77	230.31	-99999	102.458	-0.851433	0	0	0	0	0	154.57	76.9652	129.551	-56.6988	-75.2877	28.0202	154.453	106.367	76.9546	129.551	34.7463	-56.9832	-75.2877	-30.657	28.2707	4.31361	17	0	76.6499	26.8668	4.22845	-114.634	26.8668	4.22845	-114.634	
13127	7734	338.214	843.4	332.45	-99999	-45.666	-0.940006	1	1	1	1	1	120.725	148.147	133.634	-169.567	582.174	711.688	120.761	134.538	148.849	134.016	-22.1402	-171.76	582.041	645.429	716.508	12.4125	11	0	48.9482	-45.6416	-23.0715	650.153	-45.6416	-23.0715	650.153	
13127	11454	234.943	601.717	233.953	31.0545	31.653	-0.890629	1	1	1	1	1	116.126	217.68	130.598	-73.0139	-714.753	-761.223	115.705	169.396	217.68	131.476	28.2473	-73.0139	-714.615	-729.733	-761.223	6.05852	10	0	94.3924	40.9815	-46.3179	-495.287	40.9815	-46.3179	-495.287	
13129	13586	191.744	459.898	189.822	40.6862	40.398	-0.819654	1	1	1	1	1	230.648	125.402	132.269	-18.5933	576.867	621.136	230.915	179.629	124.718	132.668	54.9631	-19.8437	576.784	599.098	621.26	4.72359	8	0	75.178	40.4328	-2.13054	609.857	40.4328	-2.13054	609.857	
13129	12164	411.841	890.583	411.835	-99999	28.553	-0.625552	1	1	1	1	1	92.3661	174.196	131.997	-100.297	-879.956	-551.647	92.3335	145.529	174.164	131.997	12.0339	-100.297	-879.956	-721.415	-551.647	10.2876	15	0	103.029	28.565	-5.66375	-682.722	28.565	-5.66375	-682.722	
13129	12295	90.1164	232.434	88.1761	-99999	10.437	-0.883674	1	0	0	0	0	177.01	152.019	132.651	54.8721	413.382	446.507	177.407	164.736	151.845	133.902	93.9045	54.4072	412.856	429.277	446.682	6.21917	10	0	84.207	10.4689	26.068	441.193	10.4689	26.068	441.193	
13129	17575	205.144	447.519	202.566	-99999	23.833	-0.970763	1	1	1	1	1	141.14	95.0749	132.749	-61.69	521.233	541.233	141.359	120.569	95.2429	134.432	35.5873	-62.4804	520.894	537.32	541.273	4.58877	10	0	54.1848	23.8583	-16.649	550.76	23.8583	-16.649	550.76	
13129	14696	287.959	650.954	286.082	-41.9485	-42.699	-0.726035	1	1	1	1	1	200.599	292.912	132.544	-71.352	-246.955	-418.383	200.436	246.483	293.598	133	32.2538	-72.3884	-246.556	-338.403	-418.446	5.95096	6	0	71.3666	-42.6585	-17.5791	-373.711	-42.6585	-17.5791	-373.711	
13127	56855	272.534	628.709	269.229	-99999	116.781	-0.949995	0	0	0	0	0	294.141	322.482	129.034	-134.81	632.899	675.014	330.299	345.616	359.084	131.915	-2.48283	-135.059	632.047	647.156	675.05	5.57705	7	0	49.1189	20.208	-71.0854	-438.938	20.208	-71.0854	-438.938	
13127	59615	379.441	829.629	378.563	-14.1182	-14.413	-0.728641	1	1	1	1	1	91.7331	216.898	133.268	-129.899	838.524	599.196	91.5337	151.448	216.92	133.865	2.72448	-129.938	839.029	715.824	599.153	7.49573	13	0	79.1889	-9.34743	-9.06671	-747.471	73.8026	-1.40309	554.725	
13127	60095	135.779	329.209	135.776	-99999	5.633	-0.699835	1	1	1	1	0	191.55	175.21	133.317	30.3304	-516.653	-430.241	191.544	181.649	175.204	133.317	82.3578	30.3304	-516.653	-472.938	-430.241	4.75317	13	0	72.1059	2.41129	18.4871	-696.793	2.41129	18.4871	-696.793	
13129	20285	154.647	484.882	152.462	-99999	-15.861	-0.999767	1	1	1	0	0	100.047	111.185	131.27	-19.8033	-810.263	-802.847	100.025	104.595	111.204	133.444	56.3063	-19.8033	-810.243	-809.129	-802.847	11.5032	6	0	200.199	-15.8591	13.6486	-788	-15.8591	13.6486	-788	
13129	19446	265.676	625.432	251.348	-19.6266	-19.178	-0.680155	1	1	1	1	1	151.576	337.232	133.516	-35.4991	852.261	840.778	151.576	249.192	348.433	133.516	43.6504	-44.3674	852.261	846.141	839.913	4.11061	10	0	101.199	-19.1458	-34.6787	810.083	-19.1458	-34.6787	810.083	
13127	5992	134.132	324.932	132.746	-99999	-39.958	-0.662632	1	1	1	1	1	209.044	136.047	129.804	49.5836	-766.457	-692.756	209.09	167.689	135.703	129.804	86.5467	48.6625	-766.457	-736.475	-691.799	5.01622	17	0	81.3394	-39.9228	25.2558	-701.796	-39.9228	25.2558	-701.796	
13129	12603	205.667	462.324	204.941	-99999	20.897	-0.669432	1	1	1	0	0	190.872	83.853	134.063	2.28494	698.501	811.262	190.849	143.284	83.3539	134.063	65.3427	1.76169	698.501	758.379	811.422	4.05487	8	0	67.4729	20.9363	12.1668	767.828	20.9363	12.1668	767.828	
13129	13443	251.125	555.137	247.338	-99999	-24.222	-0.967852	1	1	1	1	1	293.424	245.923	132.836	-101.869	55.7296	114.989	285.937	259.367	238.293	133.429	13.6291	-105.034	55.6131	81.9757	115.104	5.04218	10	0	87.0323	-30.1928	-22.2782	115.522	-30.1928	-22.2782	115.522	
13129	16146	69.8786	188.328	64.1366	-99999	-37.852	-0.976225	1	1	1	1	1	188.791	204.168	131.715	69.7279	-848.078	-843.157	194.455	202.858	210.523	133.148	99.361	65.763	-848.2	-845.323	-844.612	6.3412	8	0	95.1508	-37.8269	-25.4449	-781.101	-37.8269	-25.4449	-781.101	
13129	16638	58.8165	150.045	54.4236	-99999	86.236	-0.731323	1	1	1	1	1	170.053	141.352	132.75	92.7706	-618.053	-595.376	170.045	154.33	139.18	132.855	110.876	90.254	-618.104	-606.647	-592.718	14.6731	12	0	65.9825	86.272	6.11806	-557.999	86.272	6.11806	-557.999	
13129	14236	198.573	437.693	197.046	-96.6803	88.568	-0.957227	0	0	0	0	0	238.709	190.257	132.206	-57.033	561.59	582.578	239.006	209.81	190.214	133.385	39.2399	-57.3218	561.409	572.158	582.609	6.66792	8	0	73.1723	-5.37035	-48.6847	96.9784	-49.1404	68.7418	762.13	
13127	9255	131.974	330.984	130.527	-99999	99.447	-0.989899	1	1	1	1	1	178.857	200.367	132.251	4.32605	-689.979	-678.765	178.708	186.632	200.442	132.943	67.7399	3.61819	-690.058	-684.357	-678.629	6.32804	13	0	76.7394	99.4742	0.975466	-668.658	0.664215	44.9721	-675.859	
13129	19850	313.394	679.33	311.809	-99999	57.67	-0.980523	1	1	1	1	1	96.5966	146.367	132.883	-171.759	-237.962	-200.689	96.3282	125.839	146.284	134.1	-18.9284	-172.079	-238.09	-222.216	-200.626	6.02581	11	0	69.1691	57.7004	-8.97867	-221.658	57.7004	-8.97867	-221.658	
13127	48617	71.9484	337.562	71.2371	-30.8675	-30.23	-0.793901	1	0	0	0	0	186.377	221.498	132.396	76.8985	-692.353	-718.38	186.121	200.903	221.546	132.906	103.783	76.855	-692.058	-707.089	-718.391	6.38441	7	0	88.767	-30.1896	25.2915	-698.2	-30.1896	25.2915	-698.2	
13127	4528	226.778	579.23	226.179	-99999	87.355	-0.972176	1	1	1	1	1	102.016	112.203	133.276	-80.2246	484.557	555.866	101.916	112.64	112.006	133.276	26.5095	-80.7916	484.557	520.873	555.992	7.96957	9	0	83.0082	87.3828	-13.1412	537.23	87.3828	-13.1412	537.23	
13129	16730	310.527	913.212	310.466	-99999	-18.95	-0.711823	1	1	1	1	1	113.142	162.189	133.22	-101.076	-751.416	-556.442	113.164	134.644	162.21	133.22	21.501	-101.076	-751.416	-645.967	-556.442	5.40489	14	0	56.8644	-18.9306	-9.44159	-629.916	-18.9306	-9.44159	-629.916	
13127	1726	188.135	418.118	187.848	-99999	58.022	-0.595999	1	1	1	0	0	276.802	341.007	-161.489	-56.5033	-889.322	-747.435	359.176	328.105	294.872	-56.5033	-109.334	-161.644	-747.435	-818.781	-889.541	5.93788	520	0	418.118	57.9928	-71.9212	-771.1	57.9928	-71.9212	-771.1	
13129	17474	270.93	599.772	270.572	-99999	56.309	-0.731907	1	1	1	1	1	200.953	174.301	133.157	-67.4293	108.85	286.014	200.888	183.191	174.207	133.157	30.3869	-67.658	108.85	195.262	286.191	5.78637	14	0	70.5004	56.3516	-13.1828	218.855	56.3516	-13.1828	218.855	
13129	20153	289.209	645.251	288.586	-99999	47.917	-0.966574	1	1	1	1	1	163.951	83.7396	132.535	-129.816	213.183	287.631	163.953	124.97	83.5736	132.783	-4.7177	-130.021	213.148	234.695	287.909	6.07969	18	0	81.6911	47.9386	-33.3811	247.053	47.9386	-33.3811	247.053	
13129	20179	312.68	730.735	312.347	-99999	4.567	-0.419648	1	1	1	1	1	181.893	185.267	129.279	-135.778	693.976	853.412	181.888	175.105	185.227	129.279	-2.08526	-136.034	693.976	774.693	853.554	4.88775	14	0	67.1624	4.59182	-19.9654	694.298	4.59182	-19.9654	694.298	
13129	18999	268.345	648.087	267.622	113.915	113.725	-0.780453	0	0	0	0	0	256.115	189.221	133.513	-49.2828	693.596	511.432	256.127	226.599	189.139	133.6	36.6106	-49.615	693.662	605.912	510.936	12.867	8	0	81.7666	81.8128	-39.1482	-791.641	60.9128	43.4509	-381.445	
13127	16236	264.255	616.079	242.411	-99999	49.673	-0.771001	1	1	1	1	1	65.7419	162.857	-57.1565	124.436	587.807	715.678	167.481	114.575	61.6365	133.387	34.2927	-64.8595	721.528	651.992	582.548	4.23822	123	0	616.079	49.7013	-19.5433	618.727	49.7013	-19.5433	618.727	
13129	19358	212.008	472.248	210.83	-99999	-8.256	-0.982634	1	1	1	1	1	101.61	84.0815	132.582	-72.808	535.287	574.523	101.642	97.5685	84.1032	133.303	29.4117	-73.2316	535.156	555.104	574.595	4.92259	10	0	80.812	-8.24056	-8.50469	569.704	-8.24056	-8.50469	569.704	
13129	19154	61.2658	142.579	61.1188	-558.288	54.256	-0.889831	1	1	1	1	1	192.596	220.596	132.187	79.4603	179.113	166.529	192.54	205.26	220.596	132.317	105.142	79.4603	179.148	173.027	166.529	4.8493	9	0	56.3535	54.2846	-30.8179	128.752	54.2846	-30.8179	128.752	
13129	18489	321.246	679.09	320.238	-99999	85.822	-0.94833	1	1	1	1	1	223.422	241.412	133.886	-165.477	247.391	144.372	250.296	263.848	268.19	133.886	-17.4827	-166.155	247.391	195.586	144.094	9.00504	12	0	85.9722	85.848	-32.131	185.651	85.848	-32.131	185.651	
13127	12271	420.197	847.5	419.415	-99999	40.571	-0.484896	0	0	0	0	0	142.047	120.287	133.308	-55.7174	183.585	547.249	142.096	122.447	120.24	133.651	29.3654	-55.7174	182.971	364.207	547.249	6.27718	15	0	72.4209	17.7422	-33.97	703.507	-4.08778	-5.32679	397.893	
13129	20192	111.554	259.091	110.98	-99999	65.416	-0.373008	1	1	0	0	0	310.896	338.904	-162.569	-115.926	-889.295	-792.582	359.552	345.438	331.381	-115.717	-139.099	-162.569	-792.075	-840.698	-889.295	4.9641	333	0	259.091	65.4456	-92.1564	-774.363	65.4456	-92.1564	-774.363	
13129	18110	129.368	234.416	104.242	-99999	17.233	-0.475441	1	1	1	1	1	351.604	262.318	-9.84543	34.4736	-238.06	-207.62	249.015	303.986	359.538	44.7738	16.0621	-10.9811	-201.524	-219.817	-238.94	4.67009	161	0	234.416	17.2685	5.18446	-211.129	17.2685	5.18446	-211.129	
13127	2584	345.438	997.342	344.613	79.832	82.319	-0.633666	1	1	1	1	1	358.708	95.1449	129.786	-80.8036	850.949	791.381	359.268	227.447	95.0949	130.26	21.709	-80.8426	851.068	825.701	791.401	4.16994	10	0	83.8567	82.3386	-5.38722	784.432	82.3386	-5.38722	784.432	
13127	60944	184	398.834	182.443	-99999	78.247	-0.765455	1	1	1	1	1	243.198	239.313	132.056	0.778395	-225.487	-348.362	267.709	260.535	263.874	132.111	61.2235	-0.23262	-225.441	-282.442	-349.426	4.13209	19	0	73.912	78.275	10.0561	-304.49	78.275	10.0561	-304.49	
13129	18824	25.4323	130.445	25.4071	-99999	92.004	-0.646178	1	1	1	0	0	323.731	330.68	133.984	116.732	341.66	324.747	352.542	356.117	359.49	133.984	124.547	116.732	341.66	334.094	324.747	8.85537	16	0	98.9667	92.0335	36.8551	302.897	92.0335	36.8551	302.897	
13127	17323	49.3338	135.017	47.8272	-99999	76.001	-0.894435	1	0	0	0	0	154.502	137.136	132.565	89.1808	-236.453	-226.938	154.536	145.546	136.75	132.869	110.773	88.0582	-236.542	-230.29	-226.902	5.9447	8	0	74.1914	76.037	40.6525	-221.985	76.037	40.6525	-221.985	
13127	65083	180.62	438.018	179.873	-99999	-14.019	-0.995191	1	1	1	1	1	113.008	129.189	133.36	-41.7984	-563.626	-527.419	113.021	119.617	129.197	133.539	45.0739	-42.3431	-563.641	-547.009	-527.28	5.09289	11	0	78.0999	-14	5.27079	-542.492	-14	5.27079	-542.492	
13127	8612	320.094	721.273	318.791	17.0414	15.796	-0.608348	1	1	1	1	1	101.551	277.679	133.834	-22.115	223.871	436.339	101.469	187.209	278.041	133.949	44.4569	-22.6953	223.748	324.797	437.193	5.52069	8	0	78.4246	17.6515	12.8218	351.948	17.6515	12.8218	351.948	
13127	53482	273.513	616.5	268.744	59.3454	59.1	-0.832785	1	1	1	1	1	288.873	151.144	129.873	-87.7718	131.729	199.388	291.234	216.761	150.898	133.435	20.7124	-88.1644	131.278	151.638	199.421	6.35948	6	0	74.6305	59.1346	-12.8856	163.345	59.1346	-12.8856	163.345	
13127	2802	238.779	498.06	238.474	-99999	-22.179	-0.91771	1	1	1	1	0	73.1034	116.781	133.3	-84.6761	738.842	823.174	73.0648	101.145	116.806	133.577	24.2883	-84.6761	738.742	777.531	823.174	4.17319	12	0	64.8084	-22.1578	0.857269	777.426	-22.1578	0.857269	777.426	
13127	57358	398.754	879.635	398.502	-99999	86.195	-0.880472	1	1	1	1	1	206.584	195.4	133.02	-168.497	188.703	-70.1182	233.579	227.768	222.391	133.215	-18.0135	-168.497	188.806	60.0714	-70.1182	9.35075	14	0	86.8321	86.2251	-19.8383	52.0775	86.2251	-19.8383	52.0775	
13127	9347	126.354	298.468	126.139	-99999	-38.783	-0.961016	1	1	1	1	1	205.499	190.788	133.688	9.49777	315.609	323.428	205.617	192.708	190.832	133.885	72.1435	9.49777	315.593	318.286	323.428	5.08806	8	0	71.5102	-38.7562	5.28086	320.548	-38.7562	5.28086	320.548	
13127	6872	323.758	716.177	321.853	24.4473	25.772	-0.969981	1	1	1	1	1	173.961	265.811	132.23	-169.63	601.369	624.867	173.805	211.548	266.251	133.045	-22.6221	-170.501	601.24	623.622	624.466	6.23148	12	0	75.7046	25.7986	-19.3	621.072	25.7986	-19.3	621.072	
13127	7388	335.289	809.024	334.614	-99999	58.542	-0.894191	1	1	1	0	0	220.75	305.068	132.003	-167.007	211.786	87.5428	239.082	281.034	323.544	132.003	-17.9358	-167.619	211.786	149.658	87.3007	7.00395	13	0	71.4977	58.5645	14.3003	804.405	58.5645	14.3003	804.405	
13127	8457	97.7579	469.173	95.9161	-99999	86.449	-0.485943	1	1	1	1	1	279.052	332.978	133.348	89.1818	637.347	702.218	306.121	333.91	360.992	133.35	109.628	88.8822	637.345	669.313	703.161	6.13189	17	0	100.203	86.4965	-1.07846	688.158	86.4965	-1.07846	688.158	
13127	10499	325.375	748.941	324.189	40.3775	38.887	-0.989069	1	1	1	1	1	149.408	241.959	134.167	-171.31	-185.635	-208.038	149.408	182.816	242.467	134.167	-24.0458	-172.352	-185.635	-202.799	-208.213	4.89365	7	0	76.3721	38.9132	-16.1919	-200.499	38.9132	-16.1919	-200.499	
13127	10499	203.502	428.97	202.534	-99999	59.506	-0.949354	1	1	1	1	1	140.01	112.671	134.302	-47.9757	443.648	522.723	139.942	129.503	112.497	134.302	37.476	-48.8561	443.648	472.792	523.09	4.6787	15	0	68.2375	59.5332	-5.24126	494.156	59.5332	-5.24126	494.156	
13127	6914	299.033	824.09	298.729	-99999	-38.003	-0.990681	1	1	1	1	1	89.8917	97.9377	133.847	-134.056	372.502	484.458	89.9316	96.4001	97.9811	134.104	-9.60525	-134.056	372.47	410.627	484.458	6.73743	10	0	47.8452	-37.9789	-18.4605	364.015	-37.9789	-18.4605	364.015	
13127	20171	228.238	604.562	228.235	-99999	116.384	-0.803312	0	0	0	0	0	203.394	88.9099	133.05	-33.4267	-401.893	-298.719	203.261	148.832	88.7768	133.05	44.9581	-33.4267	-401.893	-354.262	-298.719	12.5547	18	0	137.481	-999999	-999999	-999999	-999999	-999999	-999999	
13127	10698	131.132	425.365	131.005	-99999	-25.237	-0.769073	1	1	1	1	1	66.16	142.307	-1.33888	-103.094	553.397	584.75	66.1888	104.66	142.4	-1.33888	-51.6993	-103.2	553.397	570.173	584.766	8.02996	9	0	75.6004	-25.207	-40.0907	580.33	-25.207	-40.0907	580.33	
13127	13370	310.73	611.676	309.886	-99999	-21.353	-0.71575	1	1	1	1	1	170.744	136.104	132.645	-105.941	-690.139	-498.215	170.93	154.049	136.129	133.171	14.2323	-105.941	-690.643	-592.274	-498.215	6.75705	13	0	85.3404	-21.3196	-26.9919	-558.687	-21.3196	-26.9919	-558.687	
13127	48360	225.359	494.021	222.398	91.114	89.842	-0.754098	1	1	1	1	1	129.425	254.178	130.577	-45.0342	245.998	192.353	128.301	192.9	254.636	132.119	44.5443	-45.7225	246.741	217.755	191.976	5.12755	12	0	83.1833	89.8763	-5.62053	208.941	89.8763	-5.62053	208.941	
13127	14498	200.131	426.749	194.136	-99999	-16.529	-0.869665	1	1	1	1	1	312.95	251.14	128.633	-48.9944	-56.4664	-16.2551	310.003	271.343	245.959	133.817	46.9045	-49.0138	-58.4194	-27.5009	-16.2548	8.14388	10	0	60.6678	-16.5027	6.23662	-24.5803	-16.5027	6.23662	-24.5803	
13127	7317	276.479	657.58	276.343	-33.6702	-33.896	-0.719003	1	1	1	1	1	151.654	237.286	132.228	-63.3984	-836.783	-661.853	151.654	193.724	237.312	132.228	34.4617	-63.4823	-836.783	-748.646	-661.754	4.53713	6	0	80.2254	-33.8624	-5.64291	-715.252	-33.8624	-5.64291	-715.252	
13127	12743	224.557	574.647	223.49	-99999	39.4	-0.97138	1	1	1	1	1	314.683	346.834	132.817	-86.1707	616.198	646.888	326.838	343.678	359.194	133.702	23.778	-86.3182	616.077	631.405	646.895	5.2869	9	0	60.9883	39.4182	-27.2187	634.295	39.4182	-27.2187	634.295	
13127	49057	310.539	657.334	309.821	-16.6213	-19.094	-0.852879	1	1	1	1	1	340.481	165.764	133.94	-120.446	-832.66	-848.874	340.556	255.994	165.442	134.068	4.03456	-120.909	-832.65	-839.035	-848.876	4.88254	7	0	101.611	-19.0684	3.41916	-795.69	-19.0684	3.41916	-795.69	
13127	10848	103.744	440.525	103.597	-99999	7.438	-0.603812	1	1	1	1	1	159.401	101.048	131.864	71.6038	517.034	577.755	159.392	130.155	100.953	131.864	101.906	71.5232	517.034	547.627	577.841	7.96711	12	0	125.296	7.47016	31.7002	583.503	7.47016	31.7002	583.503	
13127	7983	312.162	741.753	300.525	-99999	52.515	-0.995516	1	1	1	1	1	307.435	322.342	133.798	-165.435	-755.383	-734.198	323.851	330.669	339.334	133.975	-21.5807	-176.34	-755.375	-745.297	-736.538	5.51461	6	0	28.8672	52.5171	-27.8955	-746.098	52.5171	-27.8955	-746.098	
13127	12461	92.0775	201.161	89.5315	-99999	16.465	-0.96565	1	1	1	0	0	231.251	221.798	130.918	47.7009	629.573	653.02	236.576	232.129	226.954	132.724	87.977	47.7009	629.115	636.845	653.02	5.5935	6	0	29.9159	20.0488	-26.9278	-211.544	55.7188	45.8692	-59.2503	
13127	14381	127.844	278.375	126.792	-439.086	-12.129	-0.822716	1	1	1	1	1	211.383	172.799	132.976	43.834	739.132	819.229	211.389	192.923	172.661	133.008	90.5273	43.0106	739.113	782.94	819.765	4.25917	15	0	65.0137	-12.0885	-19.7771	265.03	3.12151	10.1472	624.412	
13127	12827	53.0084	151.611	51.583	-99999	75.125	-0.833028	1	1	1	1	1	196.416	187.329	132.389	90.9344	176.715	147.441	220.04	215.465	210.819	133.291	111.678	90.6543	177.297	162.673	147.239	5.05044	16	0	78.1027	75.1622	-20.7185	74.2382	75.1622	-20.7185	74.2382	
13127	22856	93.0977	207.992	92.9771	-99999	40.199	-0.930044	1	1	1	1	1	236.591	202.629	133.149	47.5765	442.529	429.689	242.908	225.79	208.907	133.149	90.3903	47.4632	442.529	435.805	429.684	4.1746	7	0	47.7649	40.2301	-39.7984	406.934	40.2301	-39.7984	406.934	
13127	11999	238.496	553.553	238.492	-99999	88.884	-0.652529	1	1	1	1	1	141.888	192.283	132.61	-8.90894	-672.285	-488.829	141.787	171.94	192.182	132.61	55.5479	-8.90894	-672.285	-586.501	-488.829	6.69171	16	0	88.0876	88.929	7.18831	-560.363	88.929	7.18831	-560.363	
13127	11980	323.36	932.407	311.508	-99999	79.38	-0.977578	1	1	0	0	0	287.13	304.632	134.538	-170.574	-868.709	-849.464	311.988	322.362	329.119	134.538	-25.0346	-171.628	-868.709	-874.447	-849.364	10.5499	6	0	466.852	79.412	-30.6123	-829.939	79.412	-30.6123	-829.939	
13127	54610	345.751	793.783	345.395	5.27038	5.383	-0.892393	1	1	1	1	1	248.24	190.934	132.901	-167.812	577.223	736.4	248.245	222.045	190.934	133.211	-19.0368	-167.812	577.073	654.583	736.4	6.08662	16	0	56.847	5.40893	-25.8127	651.108	5.40893	-25.8127	651.108	
13127	21714	140.001	804.641	139.66	-99999	7.403	-0.686101	1	1	1	1	1	65.9665	152.27	10.4007	-87.5833	-592.619	-543.363	65.7427	109.195	152.262	10.6331	-38.0117	-87.5833	-592.743	-567.339	-543.363	36.0282	9	0	520.132	7.44365	-41.1911	-549.971	7.44365	-41.1911	-549.971	
13127	21831	188.16	417.946	187.297	108.407	107.572	-0.96046	0	0	0	0	0	206.646	262.485	131.28	-46.1388	-640.659	-626.628	206.418	230.822	262.485	132.1	41.4152	-46.1388	-640.716	-636.1	-626.628	9.42925	6	0	74.8418	63.2198	-11.5785	-740.753	63.2198	-11.5785	-740.753	
13127	55701	223.982	510.215	221.666	-99999	-22.06	-0.984375	1	1	1	1	0	322.906	322.209	134.452	-82.6229	147.685	186.002	315.998	309.441	315.843	134.452	24.4915	-84.8318	147.685	167.245	186.177	9.83623	6	0	79.6357	-22.0382	-6.64056	170.715	-22.0382	-6.64056	170.715	
13127	21717	190.075	441.614	189.63	-86.4155	34.555	-0.702873	0	0	0	0	0	130.625	250.11	133.241	31.1488	312.245	208.678	130.4	185.686	250.11	133.55	75.3234	31.1488	312.457	261.947	208.678	6.04593	8	0	80.1862	-999999	-999999	-999999	-999999	-999999	-999999	
13127	21957	205.894	475.013	204.911	-99999	60.492	-0.913801	1	1	1	1	1	139.026	219.83	132.741	-55.0447	-225.425	-238.062	129.128	169.242	210.324	133.638	39.1441	-55.0447	-225.361	-232.861	-238.062	7.80465	8	0	65.1895	60.5176	-14.917	-233.478	60.5176	-14.917	-233.478	
13127	54022	225.797	516.037	225.779	-99999	-30.128	-0.983732	1	1	1	1	1	179.151	178.706	133.91	-89.9334	-227.727	-202.673	179.185	176.638	178.741	133.91	21.9371	-89.9334	-227.727	-215.247	-202.673	5.97557	6	0	63.717	-30.1094	-12.1014	-213.277	-30.1094	-12.1014	-213.277	
13127	23495	92.9225	229.351	86.6715	-99999	0.367	-0.80095	1	1	1	1	1	118.448	172.881	133.763	71.0492	2.1085	26.7548	118.448	147.235	176.971	133.763	99.6068	66.7136	2.1085	14.7783	28.6249	4.54196	9	0	47.2921	0.403163	-32.767	63.0241	0.403163	-32.767	63.0241	
13127	26622	181.98	409.708	181.686	-99999	47.123	-0.901222	1	1	1	1	1	195.55	260.451	126.821	-38.6484	555.223	529.984	210.265	247.082	275.214	126.922	46.3597	-38.8264	555.249	534.589	529.983	5.10211	7	0	69.2154	47.1543	-10.4259	533.393	47.1543	-10.4259	533.393	
13127	24787	32.4927	73.4321	32.0594	-99999	69.757	-0.403506	0	0	0	0	0	309.619	337.162	133.38	120.105	-128.255	-137.884	331.085	345.094	359.006	133.552	126.85	120.105	-128.131	-132.903	-137.884	5.87107	8	0	48.2527	69.8022	63.0704	-155.983	69.8022	63.0704	-155.983	
13127	10177	271.465	695.889	271.131	57.3367	52.827	-0.443512	1	1	1	1	1	80.5923	320.425	133.415	7.89374	343.312	353.962	80.2993	200.945	320.425	133.56	71.6232	7.89374	343.306	348.427	353.962	4.23316	10	0	138.64	52.864	-4.2166	352.168	52.864	-4.2166	352.168	
13127	26336	217.74	530.843	216.027	81.9235	82.493	-0.967947	1	1	1	1	1	193.246	231.349	132.612	-76.8885	-581.423	-614.661	193.246	217.528	231.659	132.612	27.5973	-78.5592	-581.423	-596.158	-614.632	4.59356	9	0	81.5807	82.534	-9.94793	-597.652	82.534	-9.94793	-597.652	
13127	43836	181.77	424.114	180.599	-13.3157	-13.9	-0.881321	1	1	1	1	1	280.475	204.161	133.324	-27.1638	156.26	134.477	280.934	235.645	204.119	134.225	56.6231	-27.2999	156.367	142.923	134.467	6.53086	6	0	86.4974	-13.8672	7.19815	142.621	-13.8672	7.19815	142.621	
13127	54435	156.075	2975.2	153.304	-99999	-13.456	-0.90926	1	1	1	1	1	138.079	131.009	133.394	-1.17492	-729.94	-793.107	138.095	134.457	131.229	133.394	63.2865	-1.74599	-729.94	-763.289	-794.066	18.1334	8	0	2698.08	-13.4289	-21.8499	-774.207	-13.4289	-21.8499	-774.207	
13127	9698	144.499	338.613	142.381	-99999	34.029	-0.939931	1	1	1	1	1	165.977	139.47	133.603	-3.90236	399.687	423.066	165.938	150.216	139.003	133.603	64.4301	-5.95912	399.687	412.719	423.044	4.14703	10	0	78.824	34.0535	10.9958	415.455	34.0535	10.9958	415.455	
13127	15693	498.933	1140.24	498.929	83.7255	82.511	-0.617712	1	1	1	1	1	105.746	333.468	133.84	-163.378	396.253	68.5925	105.746	225.583	333.468	133.84	-12.4106	-163.378	396.253	233.688	68.5925	6.72092	10	0	77.1261	82.5572	-25.5176	217.297	82.5572	-25.5176	217.297	
13127	26104	335.329	694.205	316.986	34.4224	35.706	-0.948741	1	1	1	1	1	186.402	285.332	132.025	-165.177	-773.113	-821.104	186.188	237.688	290.218	132.823	-24.6276	-181.456	-772.974	-798.579	-824.518	6.38782	9	0	42.3721	35.7271	28.6795	-795.613	35.7271	28.6795	-795.613	
13127	21347	754.892	1993.99	754.705	-40.2328	-39.755	-0.357907	1	1	1	1	1	319.872	79.4514	134.02	-108.875	70.9556	740.038	319.922	186.283	79.4514	134.087	7.30921	-108.875	70.7936	400.154	740.038	5.59044	14	0	73.8043	-39.7131	-26.0333	450.617	-39.7131	-26.0333	450.617	
13127	20039	155.361	430.055	147.38	-99999	48.091	-0.930848	1	1	1	1	1	62.3503	97.0207	11.4183	-129.222	-524.491	-499.213	60.9994	80.2684	97.2368	14.8443	-58.9944	-133.398	-524.775	-510.589	-499.983	4.15887	6	0	123.126	48.1151	-5.28877	-513.904	48.1151	-5.28877	-513.904	
13127	20310	201.686	650.843	199.468	18.7094	18.962	-0.674632	1	1	1	1	1	252.447	143.553	133.067	0.835794	38.1201	137.851	252.808	191.26	142.898	133.482	67.2015	-0.324487	37.8579	82.211	138.744	4.04496	15	0	83.5251	18.9882	8.03725	103.468	18.9882	8.03725	103.468	
13127	12717	251.086	604.966	250.72	-99999	78.646	-0.977839	1	1	1	1	1	289.832	334.506	133.076	-113.163	-165.991	-151.19	314.389	336.623	359.135	133.422	10.1224	-113.17	-166.045	-158.151	-151.19	5.19013	10	0	69.4174	78.6684	-40.1386	-150.715	22.5484	26.434	-177.036	
13127	18848	229.361	478.298	226.381	69.1609	69.367	-0.89418	1	1	1	1	1	147.743	234.983	133.074	-74.1869	-74.0279	-58.2524	147.477	197.235	235.52	133.605	30.6507	-76.4649	-74.0557	-67.601	-57.8171	5.82768	6	0	74.8334	69.4011	-8.7885	-61.482	69.4011	-8.7885	-61.482	
13127	8358	33.9184	167.304	32.9412	-99999	83.729	-0.919257	1	1	1	1	1	169.628	181.636	131.814	101.494	137.983	142.509	169.533	175.506	181.957	131.814	116.172	100.616	137.983	140.634	142.6	5.8289	9	0	114.544	92.9096	-61.1344	-364.346	92.9096	-61.1344	-364.346	
13127	21376	328.425	801.468	325.493	-99999	-27.087	-0.757482	1	1	1	1	1	183.237	86.3514	132.527	-108.752	-403.419	-209.808	183.458	141.228	85.7808	133.118	10.1815	-110.061	-403.89	-303.593	-208.212	6.79751	12	0	77.3553	-27.0522	-25.6201	-281.887	-27.0522	-25.6201	-281.887	
13127	20828	275.971	630.414	275.181	-99999	93.965	-0.827974	1	1	1	1	1	63.7106	161.042	134.913	-115.983	410.753	462.253	63.6031	108.476	161.185	134.913	7.33956	-116.63	410.753	437.106	462.618	5.67031	13	0	80.2334	90.3677	2.07927	-150.063	8.49771	-9.59571	403.668	
13127	22268	205.174	467.787	205.163	-99999	97.538	-0.967644	1	1	1	1	1	116.897	173.343	134.244	-58.9655	500.381	536.33	116.785	139.31	173.231	134.25	35.544	-58.9655	500.38	516.332	536.33	5.97746	9	0	75.67	97.5573	-2.71807	524.014	97.5573	-2.71807	524.014	
13127	20592	94.7533	222.051	93.5159	-99999	-25.301	-0.680663	1	1	1	0	0	102.87	138.418	133.265	63.2657	-709.846	-659.725	102.683	120.74	138.694	133.722	100.463	62.8036	-710.288	-681.851	-659.512	4.80247	10	0	67.3749	-25.2786	33.9794	-667.379	-25.2786	33.9794	-667.379	
13127	18938	326.997	686.53	325.932	-32.2733	-31.197	-0.884401	1	1	1	1	1	106.973	241.439	133.102	-154.094	-551.364	-620.188	106.868	172.824	241.846	133.339	-10.4034	-154.749	-551.297	-590.89	-620.36	4.30724	11	0	70.1469	-31.1597	-8.56106	-582.542	-31.1597	-8.56106	-582.542	
13127	56281	207.786	463.359	202.765	81.2489	81.635	-0.720229	1	1	1	1	1	247.676	115.13	132.896	-12.815	126.414	172.653	248.171	181.701	112.387	133.481	57.4404	-15.9864	126.168	150.385	173.03	4.82755	8	0	74.0952	81.6723	2.2003	162.823	81.6723	2.2003	162.823	
13127	20264	362.746	3991.62	340.213	-99999	27.685	-0.883271	1	1	1	1	1	170.203	90.5463	132.987	-157.091	-687.204	-845.077	170.371	127.157	89.9429	133.459	-20.8753	-177.08	-687.036	-771.676	-836.355	10.8827	6	0	62.2952	27.7159	-33.3712	-768.456	27.7159	-33.3712	-768.456	
13127	18476	82.327	212.652	82.3232	-99999	-6.785	-0.862537	1	1	1	0	0	200.38	155.199	132.753	67.3104	4.08052	22.2956	200.388	181.091	155.206	132.753	97.4233	67.3104	4.08052	12.5795	22.2956	5.43422	7	0	76.1999	-6.75097	27.5716	17.8945	-6.75097	27.5716	17.8945	
13127	23156	198.431	571.789	195.999	-99999	27.877	-0.620985	1	1	1	1	1	189.457	121.708	131.885	3.90935	-207.119	-75.0418	190.48	155.821	121.676	133.385	68.7902	3.90935	-208.713	-141.88	-75.0418	5.40337	14	0	136.623	27.8884	-25.2711	-45.29	0.668399	-16.443	-187.321	
13127	5087	250.743	615.981	249.27	-99999	6.366	-0.986369	1	1	1	1	1	326.595	299.637	130.888	-114.66	-225.805	-195.78	328.688	316.332	301.553	131.638	7.83179	-115.336	-225.855	-212.009	-195.656	6.57472	7	0	98.2272	6.37666	-0.0625012	-211.903	6.37666	-0.0625012	-211.903	
13127	18858	190.076	546.05	189.835	-99999	9.003	-0.80768	1	1	1	1	1	352.326	289.904	-31.4955	121.512	-587.898	-494.503	292.644	324.259	355.145	121.706	45.184	-31.4955	-494.385	-541.033	-587.898	4.38022	525	0	546.05	9.03407	-11.9582	-567.787	9.03407	-11.9582	-567.787	
13127	17553	259.216	562.219	257.489	-38.8417	-38.297	-0.844898	1	1	1	1	1	134.785	272.082	132.85	-78.5823	126.323	80.4754	134.587	199.494	272.84	133.202	25.66	-79.6403	126.42	94.5591	80.3578	4.85041	7	0	72.8279	-38.2755	-15.4876	89.1223	-38.2755	-15.4876	89.1223	
13127	18316	215.045	723.465	213.176	91.0875	92.862	-0.609725	1	1	1	1	1	358.722	198.629	-40.3576	-171.329	-573.141	-521.755	359.211	278.196	197.947	-39.9619	-105.758	-172.211	-573.304	-547.469	-521.275	18.963	7	0	195.923	92.8764	-50.8115	-555.703	92.8764	-50.8115	-555.703	
13127	26246	91.6992	232.488	91.6578	-99999	94.942	-0.771925	1	1	1	1	1	201.657	180.925	132.951	64.2177	267.023	210.084	231.393	221.026	210.655	132.983	98.3073	64.2177	267.047	238.913	210.084	10.5151	17	0	72.1916	94.9804	-30.037	124.292	94.9804	-30.037	124.292	
13127	24802	255.191	558.873	254.563	97.9205	96.605	-0.332245	1	1	1	1	1	177.282	309.903	134.078	50.3233	-178.038	21.232	177.227	239.712	310.145	134.156	95.5754	50.3043	-178.238	-74.1237	21.5494	5.27389	9	0	74.97	96.6618	29.3424	-39.5265	96.6618	29.3424	-39.5265	
13127	28522	202.423	458.345	196.693	-99999	-0.894	-0.973325	1	1	1	1	1	216.041	242.918	132.818	-60.316	258.74	253.459	215.608	235.067	242.183	133.387	34.4895	-65.2662	258.757	250.811	254.598	7.26228	6	0	90.5403	-0.864552	-15.6373	246.4	-0.864552	-15.6373	246.4	
13127	24981	47.4441	121.903	44.8558	-99999	7.186	-0.670199	0	0	0	0	0	125.936	90.2327	130.996	104.924	-485.118	-478.394	127.836	109.644	90.2244	132.732	117.732	104.924	-485.313	-482.931	-478.394	4.93213	11	0	66.0631	92.5369	-17.6553	74.2577	92.5369	-17.6553	74.2577	
13127	26444	53.6802	148.675	50.6792	-99999	-48.671	-0.959453	0	0	0	0	0	193.192	204.516	132.354	83.7387	-499.71	-508.005	185.25	190.804	197.129	133.834	107.992	82.3056	-499.466	-504.031	-508.062	4.85138	9	0	74.7474	-48.6377	23.8108	-506.475	-48.6377	23.8108	-506.475	
13127	59442	403.784	914.466	403.026	52.6903	51.612	-0.710916	1	1	1	1	1	164.107	341.143	133.462	-150.059	-152.683	-376.447	164.107	258.791	341.29	133.462	-3.99338	-150.723	-152.683	-266.083	-376.768	6.94266	15	0	94.1062	51.648	-43.5401	-298.007	51.648	-43.5401	-298.007	
13127	28188	282.765	684.441	282.352	214.039	12.034	-0.931848	0	0	0	0	0	147.815	266.15	132.843	-122.208	-593.481	-607.764	147.667	207.543	266.15	133.223	5.27602	-122.208	-593.472	-594.173	-607.764	14.135	9	0	116.87	-999999	-999999	-999999	-999999	-999999	-999999	
13127	25679	274.126	612.7	272.957	-99999	-1.98	-0.943969	1	1	1	1	1	215.503	268.73	132.541	-127.66	868.709	817.966	214.604	247.139	268.058	133.405	2.59674	-127.892	868.86	844.445	817.942	4.4816	10	0	69.5553	-1.95965	-28.861	790.412	-1.95965	-28.861	790.412	
13127	25172	45.7417	172.153	44.5664	-99999	13.355	-0.805668	0	0	0	0	0	172.456	187.144	134.667	95.2679	247.254	260.116	174.453	183.463	189.103	134.798	115.57	94.2837	247.201	255.585	260.112	6.9654	15	0	103.55	8.07568	8.16379	-133.236	29.3357	-32.7096	49.2374	
13127	28476	135.862	331.539	135.031	92.1999	92.033	-0.979107	1	1	1	1	1	201.288	233.585	132.618	1.865	-236.735	-233.057	201.151	218.869	233.6	133.385	67.9944	1.82327	-236.784	-233.412	-233.062	4.93913	9	0	70.3389	92.0624	7.91059	-227.283	92.0624	7.91059	-227.283	
13127	25445	87.4395	196.505	76.4034	-99999	86.633	-0.995506	1	1	0	0	0	274.575	264.321	133.336	57.7572	636.665	640.466	301.764	295.52	291.691	134.054	90.8656	47.4608	636.666	638.915	640.706	6.88784	8	0	66.0602	91.679	-37.1068	-434.158	-4.97103	-41.2495	-334.437	
13127	8283	218.575	485.009	218.367	-99999	65.028	-0.784551	1	1	1	1	1	79.2838	197.057	133.906	-23.7112	-449.372	-356.153	79.2005	139.583	197.084	133.92	52.8462	-23.8426	-449.379	-407.993	-356.067	5.66563	11	0	71.0775	65.0558	16.7635	-397.558	65.0558	16.7635	-397.558	
13127	28087	34.8591	115.037	33.8235	-99999	28.009	-0.985247	0	0	0	0	0	312.498	316.935	133.971	100.501	-700.52	-699.641	321.151	323.661	325.814	134.495	117.299	100.029	-700.551	-699.505	-699.62	6.25533	8	0	82.5008	28.0355	45.6359	-705.419	28.0355	45.6359	-705.419	
13127	28380	53.4222	141.485	52.5667	-99999	85.795	-0.878293	1	0	0	0	0	287.777	294.853	133.418	85.2657	-641.571	-660.584	314.619	316.483	321.798	133.546	109.476	84.6396	-641.508	-652.798	-660.829	5.18765	12	0	73.678	85.8149	50.5136	-640.469	85.8149	50.5136	-640.469	
13127	27314	228.31	505.335	227.438	-99999	-41.914	-0.955302	1	1	1	1	1	209.881	141.968	127.164	-84.0656	417.592	460.527	209.929	182.659	141.671	127.164	17.2217	-84.8288	417.592	431.438	460.761	5.29151	12	0	77.5616	-41.8798	-20.4425	439.003	-41.8798	-20.4425	439.003	
13127	27657	318.65	616.793	317.62	-99999	-9.561	-0.660307	1	1	1	1	1	343.925	128.172	121.61	-87.4236	-885.708	-782.685	344.166	236.547	127.736	121.845	17.1668	-87.8429	-885.825	-832.522	-782.492	7.10951	10	0	52.5198	-9.54259	-81.8657	-773.778	-9.54259	-81.8657	-773.778	
13127	63513	473.137	645.886	473.016	-99999	-31.758	-0.907576	1	1	1	1	1	343.852	300.426	134.262	-169.604	-568.832	-672.662	333.907	294.278	290.482	134.262	-28.74	-169.604	-568.832	-683.205	-672.662	4.45927	10	0	71.6605	-31.7436	-9.45546	-624.913	-31.7436	-9.45546	-624.913	
13127	26558	116.787	259.175	116.479	-99999	-18.359	-0.90129	0	0	0	0	0	146.277	103.033	128.989	33.3337	475.773	523.921	146.298	127.712	102.836	128.989	79.3366	33.1398	475.773	500.105	524.003	5.97135	8	0	64.7503	-999999	-999999	-999999	-999999	-999999	-999999	
13127	28358	192.366	846.746	191.412	107.411	107.28	-0.86337	0	0	0	0	0	272.767	201.618	133.043	-26.9212	122.684	195.642	272.888	229.687	201.596	133.287	52.4685	-27.4899	122.608	151.643	195.981	6.26374	12	0	76.5431	34.5938	-8.44832	-108.797	34.5938	-8.44832	-108.797	
13127	25250	295.783	1009.74	295.696	35.3444	35.741	-0.494146	1	1	1	1	1	94.585	286.772	133.49	-11.2114	-711.7	-883.55	94.5343	190.557	286.772	133.529	60.5078	-11.2114	-711.652	-797.171	-883.55	4.71491	12	0	80.8153	35.775	8.9034	-764.776	35.775	8.9034	-764.776	
13127	820	156.684	359.648	156.679	-99999	64.767	-0.849296	1	1	1	1	1	109.921	187.786	133.501	6.45391	89.7729	136.217	109.846	147.686	187.712	133.502	67.9429	6.45391	89.7723	109.697	136.217	4.73716	13	0	74.5223	59.536	-19.2403	-330.957	85.946	-75.3036	122.197	
13127	1780	27.7484	94.0947	24.646	92.2924	94.104	-0.865976	0	0	0	0	0	213.982	201.883	132.354	111.136	-336.944	-333.822	214.47	207.868	200.736	133.279	121.278	109.469	-337.163	-335.025	-333.656	4.30374	6	0	77.1704	94.147	28.6582	-327.541	94.147	28.6582	-327.541	
13127	29157	47.3131	143.082	46.8743	-99999	99.699	-0.969998	1	0	0	0	0	187.227	190.724	133.069	86.639	-114.317	-117.493	218.447	222.161	221.988	133.069	109.795	86.2077	-114.317	-115.996	-117.523	6.7605	8	0	76.2216	99.7331	29.0024	-122.799	99.7331	29.0024	-122.799	
13127	27718	243.438	557.891	241.523	61.7146	63.514	-0.895541	1	1	1	1	1	241.761	120.292	131.941	-76.3544	4.68184	8.84933	242.284	182.615	119.91	133.003	27.0883	-76.9712	4.66988	8.62853	8.83575	4.4857	6	0	81.8101	63.5392	-15.1585	8.60203	63.5392	-15.1585	8.60203	
13127	25649	227.746	533.692	227.43	-99999	46.289	-0.60986	1	1	1	1	1	81.8072	191.635	131.371	-6.22799	-505.981	-364.865	81.7542	143.565	191.681	131.371	61.981	-6.35893	-505.981	-440.266	-364.597	6.46484	15	0	74.9169	46.329	13.9196	-422.409	46.329	13.9196	-422.409	
13127	24775	74.7023	218.352	74.573	-99999	-14.393	-0.825747	0	0	0	0	0	92.4124	82.162	133.73	75.7648	676.03	720.376	92.4289	90.8425	82.1785	133.73	104.012	75.7648	676.03	698.123	720.376	5.21416	24	0	114.365	-999999	-999999	-999999	-999999	-999999	-999999	
13127	61081	280.533	595.048	273.879	106.474	107.299	-0.984924	0	0	0	0	0	182.051	229.565	132.13	-133.477	-540.094	-505.494	181.994	200.743	231.955	133.493	-3.72385	-138.054	-540.332	-518.589	-506.436	4.59391	7	0	56.2969	-999999	-999999	-999999	-999999	-999999	-999999	
13127	65041	69.4232	189.926	61.4169	-99999	17.28	-0.642718	1	1	1	0	0	66.4067	107.664	-117.397	-157.509	-38.3762	-16.9447	61.3472	84.614	108.039	-112.577	-135.391	-157.862	-40.9855	-29.0308	-16.7646	5.5978	10	0	82.0733	17.3114	-79.5113	-46.8165	17.3114	-79.5113	-46.8165	
13127	24832	321.125	1150.16	312.333	-99999	94.11	-0.989398	1	1	1	1	1	269.167	273.973	133.415	-171.707	-440.449	-504.126	298.637	301.519	303.522	133.415	-23.9304	-180.257	-440.449	-471.791	-506.038	6.58843	7	0	53.3796	94.1256	-30.9915	-476.762	94.1256	-30.9915	-476.762	
13127	29055	241.82	613.795	237.693	-99999	69.244	-0.469675	1	1	1	1	1	222.425	336.152	132.37	19.1072	-424.125	-248.863	243.573	302.097	359.386	132.842	75.009	17.5885	-424.841	-336.274	-246.629	4.71636	7	0	72.1282	69.2205	21.6585	-296.038	69.2205	21.6585	-296.038	
13127	60654	246.724	600.803	242.886	-99999	-15.675	-0.942356	1	1	1	1	1	267.865	229.013	127.414	-109.588	720.413	733.22	263.611	239.933	224.094	130.984	11.5104	-109.621	719.348	738.035	733.216	12.1725	11	0	127.686	-15.6475	-14.4192	719.43	-15.6475	-14.4192	719.43	
13127	27604	86.3456	207.342	85.3011	-99999	68.657	-0.96781	1	1	1	0	0	192.931	225.26	132.235	55.169	-208.909	-218.579	214.239	227.472	246.926	132.928	92.012	54.9167	-208.902	-209.394	-218.687	5.10508	12	0	68.7319	68.683	23.6785	-215.739	68.683	23.6785	-215.739	
13127	26053	173.784	421.961	173.78	-99999	-31.661	-0.937502	1	1	1	1	1	174.676	126.179	133.918	-31.2117	66.1818	86.7961	174.712	153.745	126.215	133.918	49.9426	-31.2117	66.1818	73.2188	86.7961	10.6975	7	0	82.6536	-31.6367	-1.06633	78.7641	-31.6367	-1.06633	78.7641	
13127	28426	268.403	636.198	268.214	71.4646	71.971	-0.98834	1	1	1	1	1	193.615	245.691	134.229	-121.29	141.739	187.457	193.615	211.856	245.725	134.229	6.33421	-121.465	141.739	177.342	187.458	4.11598	7	0	94.3211	72.009	-24.1774	172.879	72.009	-24.1774	172.879	
13127	28943	178.374	1047.99	178.303	-99999	61.557	-0.833711	1	1	1	1	1	70.2475	81.8738	133.619	-12.3454	766.451	868.139	70.1727	75.8618	81.8034	133.674	60.5034	-12.3454	766.415	817.069	868.139	5.20294	14	0	488.502	61.5862	14.8976	819.379	61.5862	14.8976	819.379	
13127	34555	149.588	348.137	148.904	-43.9238	-43.787	-0.954379	1	1	1	1	1	183.069	231.63	132.321	-2.06496	-205.589	-244.682	182.978	206.117	231.723	132.738	63.588	-2.27008	-205.501	-220.851	-244.772	4.49057	12	0	66.9102	-43.7578	6.87297	-227.02	-43.7578	6.87297	-227.02	
13127	17325	39.0612	78.0122	38.6689	-99999	50.082	-0.804324	1	0	0	0	0	326.44	343.491	127.173	97.1142	656.208	638.877	341.963	350.351	359.174	127.489	112.107	97.1142	656.376	647.755	638.877	4.2132	13	0	42.5118	50.0763	-115.01	625.126	50.0763	-115.01	625.126	
13127	53950	42.8951	7.40436	1.2502	-99999	-41.318	-0.864861	1	1	0	0	0	71.3741	71.9051	-72.6485	-73.7639	-866.362	-866.171	75.7979	72.3949	72.2375	-37.0631	-55.6478	-74.3629	-884.583	-874.433	-866.068	4.48444	6	0	7.40436	-41.2964	-82.9973	-839.938	-41.2964	-82.9973	-839.938	
13127	34193	171.692	393.677	170.611	93.6675	92.452	-0.791923	1	1	1	1	1	293.174	197.494	133.441	-3.26665	441.602	469.344	293.365	238.478	197.229	133.699	69.0578	-3.96662	441.557	454.36	469.378	6.24688	7	0	76.3867	92.477	-7.6028	453.286	92.477	-7.6028	453.286	
13127	6325	478.1	1134.76	478.04	-99999	115.417	-0.62302	0	0	0	0	0	187.279	79.3361	133.811	-166.196	-858.941	-508.279	187.147	128.98	79.204	133.811	-17.3255	-166.196	-858.941	-683.307	-508.279	6.39699	13	0	89.2868	57.9929	-66.9038	792.138	-17.1771	6.96912	-211.308	
13127	923	115.989	312.403	115.649	-99999	62.395	-0.701327	1	1	0	0	0	118.012	180.223	133.423	51.5527	-429.997	-378.179	117.764	149.722	180.152	133.658	93.115	51.5527	-430.158	-403.797	-378.179	11.0328	13	0	97.571	62.4178	30.9496	-392.626	62.4178	30.9496	-392.626	
13127	2243	154.625	325.205	153.576	-99999	37.047	-0.912501	1	1	1	1	1	112.728	134.686	133.073	-2.07844	-396.341	-329.579	112.507	128.62	134.644	133.933	64.5509	-2.07844	-396.679	-366.776	-329.579	5.04962	10	0	51.6267	37.0767	18.1651	-353.869	37.0767	18.1651	-353.869	
13127	31178	406.083	904.581	376.039	-99999	114.445	-0.765083	0	0	0	0	0	273.737	310.975	132.587	-158.769	-408.009	-642.57	309.567	331.416	348.676	132.693	-25.645	-181.166	-407.92	-532.993	-662.238	4.14165	16	0	51.4743	2.06444	37.9335	-818.083	2.06444	37.9335	-818.083	
13127	35018	147.967	395.239	147.966	-99999	98.73	-0.829428	1	1	1	1	1	172.041	225.845	132.812	7.79089	-491.707	-433.701	156.527	183.445	210.33	132.812	70.4837	7.79089	-491.707	-462.329	-433.701	5.61056	11	0	54.4476	98.7704	-27.6706	-413.495	98.7704	-27.6706	-413.495	
13127	35258	121.451	331.607	119.99	-99999	110.371	-0.840037	0	0	0	0	0	278.843	247.465	131.092	23.607	198.877	237.754	313.809	294.523	282.027	132.296	80.1437	23.607	198.213	222.564	237.754	5.98422	8	0	91.9783	-10.8214	-13.1715	756.884	-10.8214	-13.1715	756.884	
13127	33601	363.112	875.862	361.197	-99999	98.301	-0.543662	1	1	1	1	1	195.29	328.269	126.304	-73.9689	518.813	788.372	210.319	277.254	343.98	126.757	26.52	-74.6347	518.186	653.957	789.136	12.0084	7	0	69.9292	98.3392	-21.2736	691.646	98.3392	-21.2736	691.646	
13127	8615	63.627	166.441	61.4199	-99999	40.766	-0.871845	0	0	0	0	0	231.216	261.846	131.691	79.0673	533.666	541.221	243.218	258.823	274.891	133.102	105.748	78.5663	533.406	537.73	541.306	4.73996	6	0	71.3195	55.5005	-29.8899	155.361	55.5005	-29.8899	155.361	
13127	10295	687.359	1224.04	684.579	-99999	70.115	-0.445335	1	1	1	1	1	137.601	130.448	129.945	-148.77	-696.935	-139.054	137.518	127.007	130.368	129.996	-21.5983	-148.77	-697.037	-393.56	-139.054	7.62702	16	0	83.4532	70.1566	-18.5441	-419.913	70.1566	-18.5441	-419.913	
13127	30070	317.481	715.577	316.097	99.2946	99.986	-0.939886	1	1	1	1	1	161.506	244.547	132.557	-155.19	675.059	583.126	161.456	209.058	244.72	132.727	-14.4082	-156.264	675.093	639.583	582.623	8.40391	11	0	69.6646	100.022	-18.0298	627.527	100.022	-18.0298	627.527	
13127	35350	165.298	403.981	163.49	-99999	99.835	-0.961086	1	1	1	1	1	172.705	147.864	132.967	-25.5554	-205.369	-180.064	172.609	164.165	147.414	133.061	52.5665	-27.2183	-205.39	-189.358	-180.134	4.31184	8	0	79.2167	99.8559	3.5603	-187.895	99.8559	3.5603	-187.895	
13127	34377	128.213	318.799	127.8	22.6845	22.281	-0.974848	1	1	1	0	0	214.915	196.087	132.085	6.75997	855.886	862.573	214.973	206.445	196.06	132.391	69.1801	6.68113	855.919	856.816	862.593	7.96586	8	0	100.739	22.3075	13.9626	797.219	22.3075	13.9626	797.219	
13127	60327	346.811	755.402	345.796	-99999	-8.815	-0.894558	1	1	1	1	1	245.032	309.701	133.094	-167.13	-515.04	-671.178	242.271	269.734	307.092	133.094	-22.4284	-168.064	-515.04	-586.432	-671.516	4.83175	12	0	76.0212	-8.78036	-34.9372	-596.375	-8.78036	-34.9372	-596.375	
13127	30184	320.007	966.522	317.561	106.418	104.266	-0.914299	0	0	0	0	0	249.146	149.757	132.153	-134.307	-72.009	63.2447	249.417	209.508	149.757	133.804	-0.885795	-134.307	-72.6806	1.36788	63.2447	5.52026	10	0	101.53	-999999	-999999	-999999	-999999	-999999	-999999	
13127	31763	311.441	687.961	310.787	45.7362	47.361	-0.851319	1	1	1	1	1	304.213	152.46	133.879	-129.152	-590.911	-529.592	304.305	221.196	152.276	134.042	5.50078	-129.553	-590.944	-563.386	-529.461	4.21048	11	0	59.1308	47.3605	-17.1387	-557.083	47.3605	-17.1387	-557.083	
13127	37838	95.4002	225.767	91.6107	-99999	67.342	-0.999742	0	0	0	0	0	132.845	127.887	129.844	40.1775	-420.605	-407.567	132.786	128.626	127.679	130.887	83.5747	38.4571	-420.605	-417.384	-405.487	4.44947	10	0	65.393	30.4542	-26.0021	500.23	30.4542	-26.0021	500.23	
13127	31460	151.535	365.519	149.083	-99999	-2.35	-0.543131	1	1	1	1	0	202.881	174.223	133.043	36.9517	-794.667	-686.027	202.914	184.935	174.062	133.099	88.5896	35.4785	-794.748	-736.234	-684.227	6.34863	15	0	69.1287	-2.32819	18.6481	-705.727	-2.32819	18.6481	-705.727	
13127	33831	166.293	468.184	165.69	-99999	71.177	-0.913944	1	1	1	1	1	269.985	198.2	132.898	-16.3627	-165.29	-160.971	281.279	245.249	209.262	133.148	58.2472	-16.6683	-165.292	-163.135	-160.961	4.77162	8	0	117.179	71.203	-20.0052	-162.393	71.203	-20.0052	-162.393	
13127	32080	271.537	595.288	271.532	-99999	9.672	-0.944692	0	0	0	0	0	139.885	109.61	134.116	-113.583	154.186	259.065	139.874	128.995	109.599	134.116	6.87956	-113.583	154.186	200.015	259.065	5.76186	11	0	71.5733	43.6288	-24.1231	215.427	43.6288	-24.1231	215.427	
13127	32572	190.032	460.564	189.628	-99999	55.138	-0.697891	1	1	1	1	1	104.611	180.209	133.465	-5.18578	-540.096	-437.863	104.548	144.44	180.289	133.465	67.6581	-5.55529	-540.096	-484.415	-437.803	6.79612	12	0	84.4004	55.1784	13.3437	-474.204	55.1784	13.3437	-474.204	
13127	50891	241.363	475.752	240.279	-99999	-34.644	-0.69059	1	1	1	1	0	115.947	117.022	133.69	-28.1931	-866.586	-695.732	115.987	102.086	117.08	133.69	47.4913	-28.4043	-866.586	-783.382	-695.479	5.60356	16	0	70.8318	-34.6235	16.3915	-751.712	-34.6235	16.3915	-751.712	
13127	35412	310.26	676.862	308.785	107.127	106.255	-0.865711	0	0	0	0	0	343.249	178.717	133.979	-125.135	-82.256	-83.263	343.342	261.518	177.785	134.146	2.71716	-125.982	-82.2438	-90.5437	-83.0496	6.0109	7	0	72.8085	-999999	-999999	-999999	-999999	-999999	-999999	
13127	33783	178.426	437.333	178.127	-99999	65.773	-0.899338	1	1	1	1	1	209.733	124.943	128.787	-23.8892	-312.316	-280.059	209.658	171.009	124.711	128.787	49.8126	-24.1249	-312.316	-298.218	-279.972	5.33804	11	0	72.5536	65.806	-2.98108	-286.621	65.806	-2.98108	-286.621	
13127	34959	109.402	263.834	108.552	-99999	-35.798	-0.936833	1	0	0	0	0	123.76	174.524	132.906	38.1566	-876.195	-873.76	123.515	144.374	174.565	133.702	83.1586	38.1566	-876.176	-875.994	-873.76	4.14452	6	0	71.8244	-35.7803	22.8543	-808.135	-35.7803	22.8543	-808.135	
13127	30403	179.945	435.768	179.66	-99999	-41.263	-0.972427	1	1	1	0	0	92.4737	114.989	130.142	-45.4673	779.772	804.845	92.5	103.125	115.034	130.38	41.5932	-45.4958	779.716	788.163	804.857	4.92221	12	0	86.3011	-41.2436	9.74866	783.543	-41.2436	9.74866	783.543	
13127	32245	90.649	247.192	89.2196	-99999	-1.147	-0.968146	1	1	0	0	0	78.9405	100.419	132.994	47.0061	284.729	294.435	78.8757	89.9648	100.636	133.281	89.7301	45.9058	284.695	290.463	294.572	4.37572	9	0	81.722	-1.12064	30.7315	289.415	-1.12064	30.7315	289.415	
13127	35789	181.318	426.922	180.677	-99999	32.581	-0.550729	1	1	1	1	1	233.907	264.937	133.161	44.8439	419.972	572.773	243.913	258.211	275.139	133.443	83.7568	44.8439	419.549	493.832	572.773	4.73443	7	0	73.2416	32.6232	-4.15574	527.334	32.6232	-4.15574	527.334	
13127	33868	244.028	1124.74	242.754	17.6622	17.098	-0.830605	1	1	1	1	1	120.842	219.186	133.044	-62.7745	61.7721	-41.2897	120.417	170.793	219.186	134.094	35.4122	-62.7745	62.3303	11.5672	-41.2897	10.9629	7	0	71.8946	17.1411	0.966868	4.64997	17.1411	0.966868	4.64997	
13127	31334	292.116	627.582	289.379	-22.8618	-23.077	-0.994308	1	1	1	1	1	220.376	149.328	132.35	-146.119	-582.87	-574.386	220.413	192.805	148.091	132.833	-10.4442	-147.985	-582.909	-583.572	-574.273	4.63051	6	0	70.2873	-23.0482	-33.4056	-580.319	-23.0482	-33.4056	-580.319	
13127	30024	197.228	451.409	195.382	-42.5912	-43.778	-0.867371	1	1	1	1	1	201.649	240.89	132.592	-44.242	-688.555	-625.185	201.649	234.112	241.009	132.592	45.9874	-45.9617	-688.555	-655.309	-625.191	6.435	7	0	124.461	-43.7492	-6.2129	-638.925	-43.7492	-6.2129	-638.925	
13127	14420	37.6029	93.8767	37.6029	-99999	73.333	-0.464038	1	1	1	1	0	173.321	140.409	132.118	114.348	184.211	188.08	173.237	156.762	140.325	132.118	123.288	114.348	184.211	186.236	188.08	4.97102	9	0	61.4083	73.3454	58.6478	193.372	73.3454	58.6478	193.372	
13127	9834	296.224	676.386	294.307	-99999	-16.139	-0.985452	1	1	1	1	1	207.91	158.963	132.662	-157.071	100.761	104.849	208.01	185.979	159.008	133.22	-13.0808	-158.412	100.709	102.512	104.844	20.7224	10	0	107.219	-16.1098	-29.6668	108.209	-16.1098	-29.6668	108.209	
13127	33364	174.066	423.983	174.061	-99999	-10.371	-0.696354	1	1	1	1	1	350.08	226.866	48.1406	-74.518	-859.75	-860.02	346.832	284.45	223.618	48.1406	-12.5422	-74.518	-859.75	-859.371	-860.02	10.5608	10	0	74.3366	-10.3681	-11.6371	-817.241	-10.3681	-11.6371	-817.241	
13127	31742	168.242	1455.36	155.942	-99999	55.738	-0.734323	1	1	1	1	1	128.446	113.763	134.16	1.83738	325.79	260.051	128.382	117.943	110.254	134.16	59.3305	-4.94928	325.79	290.423	259.065	5.60723	19	0	492.331	55.7729	-21.8355	255.325	55.7729	-21.8355	255.325	
13127	31634	38.9203	106.613	35.6114	-99999	62.12	-0.983417	1	1	1	0	0	337.785	339.616	132.046	96.6975	434.367	435.769	357.155	357.995	359.069	135.29	115.962	96.6975	433.807	435.712	435.769	4.19061	17	0	47.0765	62.1392	-31.7702	437.764	62.1392	-31.7702	437.764	
13127	35114	353.732	900.063	353.139	-24.5192	-25.416	-0.879133	1	1	1	1	1	137.888	317.374	133.205	-170.354	-134.042	-116.159	137.804	227.344	317.608	133.36	-18.8658	-170.688	-134.053	-124.993	-116.135	5.82011	6	0	52.0958	-25.387	-31.5256	-128.015	-25.387	-31.5256	-128.015	
13127	30119	123.259	306.61	122.429	-99999	-12.02	-0.947785	1	1	1	0	0	64.2915	103.622	108.119	-6.47831	309.123	322.567	64.1871	81.2635	103.747	108.519	50.1793	-6.86582	309.066	318.999	322.522	6.47047	7	0	81.0583	-11.9998	14.9101	321.084	-11.9998	14.9101	321.084	
13127	34952	240.022	542.533	238.579	89.016	87.308	-0.890719	1	1	1	1	1	168.111	233.834	132.982	-79.4417	-177.555	-255.309	168.111	207.473	233.867	132.982	24.6812	-80.6341	-177.555	-210.737	-256.082	6.62809	12	0	76.7089	87.3182	-8.02788	-220.317	87.3182	-8.02788	-220.317	
13127	33141	202.06	559.814	201.162	-99999	60.872	-0.870634	1	1	1	1	1	116.353	220.24	133.853	-37.6191	438.081	421.765	106.355	158.575	210.675	134.635	48.5491	-37.6191	438.153	429.883	421.765	34.355	6	0	135.85	60.9032	-31.0887	416.767	60.9032	-31.0887	416.767	
13127	34398	359.017	828.288	356.63	-99999	1.81	-0.665162	1	1	1	1	1	198.309	290.841	133.136	-91.0502	-144.229	116.315	198.309	248.914	291.255	133.136	15.9553	-92.7687	-144.229	-18.1296	117.874	8.02129	9	0	81.7673	1.84977	-24.4281	22.2303	1.84977	-24.4281	22.2303	
13127	31490	101.515	229.87	100.667	-369.001	57.587	-0.736736	0	0	0	0	0	198.347	264.726	132.721	65.7323	770.614	737.57	198.067	232.412	264.98	133.053	98.2117	65.5698	770.724	757.395	737.314	4.81814	13	0	65.2777	44.0635	-64.6192	-724.124	44.0635	-64.6192	-724.124	
13127	35638	334.198	655.461	333.271	-99999	94.634	-0.737558	1	1	1	1	1	214.13	186.19	132.074	-134.177	595.21	398.504	243.822	226.04	215.817	132.686	4.62866	-134.244	595.765	490.188	398.443	4.65612	16	0	65.7668	94.6737	-21.2751	477.164	94.6737	-21.2751	477.164	
13127	52327	102.39	237.548	92.2817	-99999	116.488	-0.768941	0	0	0	0	0	159.701	106.794	132.88	62.781	856.384	884.669	160.214	130.789	101.719	133.738	94.9021	55.6632	856.089	871.788	887.071	4.53142	8	0	73.1129	-999999	-999999	-999999	-999999	-999999	-999999	
13127	38752	316.409	743.665	313.126	-99999	5.226	-0.472091	1	1	1	1	1	62.1879	315.119	-169.133	-49.761	-392.481	-251.909	317.689	190.487	62.1879	-48.2121	-110.308	-169.133	-250.591	-321.085	-392.481	5.84151	434	0	743.665	5.23204	-45.3616	-278.395	5.23204	-45.3616	-278.395	
13127	39460	215.258	783.107	214.541	-99999	65.361	-0.900665	1	1	1	1	1	179.206	79.474	132.218	-55.4665	190.217	218.97	179.411	129.52	79.3947	132.855	38.7652	-55.4767	190.118	205.597	218.971	17.3148	7	0	157.826	65.3862	-35.5366	218.169	65.3862	-35.5366	218.169	
13127	40695	238.45	506.368	236.836	-99999	13.878	-0.97697	1	1	1	1	1	165.26	137.229	133.418	-91.7265	650.511	709.246	165.244	159.667	136.829	133.418	18.5378	-93.0724	650.511	678.075	709.612	4.34441	14	0	93.5573	13.9087	-21.5325	682.324	13.9087	-21.5325	682.324	
13127	41019	78.2186	262.469	78.0346	-99999	78.134	-0.527733	1	1	1	1	1	138.381	197.266	130.938	95.4537	533.233	569.494	150.541	180.052	209.455	130.958	113.602	95.4537	533.214	551.752	569.494	18.022	10	0	84.4266	78.1844	5.64197	624.036	78.1844	5.64197	624.036	
13127	12435	271.772	581.9	271.581	-99999	-48.639	-0.975273	1	1	1	1	1	70.4203	168.299	133.209	-116.707	277.867	295.721	70.4525	106.394	168.391	133.313	2.57256	-116.777	277.871	281.253	295.719	5.03917	6	0	72.4244	-48.6173	-13.8142	282.277	-48.6173	-13.8142	282.277	
13127	16995	411.118	11479.1	409.801	-99999	102.918	-0.630087	0	0	0	0	0	181.051	321.811	133.13	-106.52	215.236	-79.8034	213.279	288.17	354.102	133.13	8.47894	-107.261	215.236	69.9741	-80.178	4.4252	8	0	138.54	89.1419	-36.7818	-774.21	66.0019	-61.3147	-314.326	
13127	40699	106.124	265.197	105.773	-99999	102.564	-0.64088	0	0	0	0	0	100.578	167.038	130.58	67.6677	184.886	237.232	100.233	133.866	166.921	130.804	98.0711	67.6677	184.742	209.415	237.232	6.22727	9	0	70.1492	60.8756	4.70718	-531.103	-48.8544	-15.4447	748.829	
13127	39991	282.508	678.425	282.219	-99999	97.141	-0.920016	0	0	0	0	0	146.234	81.6803	133.854	-132.003	633.007	699.766	146.222	112.904	81.5692	134.114	1.91564	-132.003	632.937	669.571	699.766	4.61063	7	0	69.2791	-999999	-999999	-999999	-999999	-999999	-999999	
13127	36943	159.494	465.488	150.709	-99999	19.684	-0.828736	1	1	1	1	1	212.017	288.735	131.438	5.84918	-792.814	-760.721	217.502	258.45	297.812	132.517	66.1914	-0.965856	-793.085	-776.242	-759.763	5.18795	10	0	122.33	19.7115	-40.1316	-708.651	19.7115	-40.1316	-708.651	
13127	39703	111.277	208.075	98.5822	-99999	78.594	-0.664702	1	1	1	1	1	257.108	197.914	118.825	54.2143	887.578	842.424	276.246	242.949	209.497	126.429	89.6135	53.385	892.723	867.597	841.829	4.28254	11	0	43.9779	78.6147	-41.7666	764.203	78.6147	-41.7666	764.203	
13127	39235	350.236	798.014	336.005	-99999	2.444	-0.858027	1	1	1	1	1	254.32	340.017	133.541	-164.79	-592.96	-721.472	255.086	299.095	344.896	133.541	-21.9446	-177.707	-592.96	-660.349	-725.752	8.12847	12	0	60.6714	2.47381	-30.3761	-664.702	2.47381	-30.3761	-664.702	
13127	38278	66.2045	160.229	66.141	-99999	37.635	-0.889526	1	1	0	0	0	235.631	204.319	132.752	77.6842	585.376	569.312	241.545	229.602	210.193	132.752	103.427	77.6376	585.376	575.865	569.306	4.65342	7	0	55.7149	37.6642	0.28675	577.631	37.6642	0.28675	577.631	
13127	13989	65.0966	182.328	56.0642	-99999	82.427	-0.962636	1	0	0	0	0	91.5793	111.702	133.538	91.0644	-186.637	-167.005	91.3496	99.9795	112.602	134.156	103.625	83.959	-186.708	-179.881	-168.919	8.93616	23	0	100.563	82.4419	61.0524	-173.028	82.4419	61.0524	-173.028	
13127	38337	147.254	362.612	146.05	92.6304	92.888	-0.972396	1	1	1	1	1	238.347	199.2	131.801	-5.73348	105.984	134.518	238.501	220.967	199.091	132.683	62.4992	-6.00036	105.84	119.179	134.564	5.11147	10	0	78.2084	92.9202	4.69831	134.709	92.9202	4.69831	134.709	
13127	36656	126.464	731.4	125.744	-50.5972	-44.919	-0.658449	1	1	1	1	1	148.953	247.178	133.673	57.1179	323.367	306.576	148.441	198.261	247.178	134.149	96.1986	57.1179	323.474	314.876	306.576	43.0103	7	0	501.003	-44.9293	-6.01506	289.466	-44.9293	-6.01506	289.466	
13127	38336	285.06	735.201	269.458	-99999	113.246	-0.683841	0	0	0	0	0	70.9544	202.253	134.037	-47.1758	622.148	472.065	70.6656	140.273	209.398	134.271	38.4609	-56.6835	622.341	543.04	462.704	6.98934	8	0	95.3872	89.0965	-10.2932	-130.196	89.0965	-10.2932	-130.196	
13127	38000	120.985	294.198	120.453	-99999	116.083	-0.914265	0	0	0	0	0	122.625	83.0144	134.053	27.0438	523.568	560.982	122.493	105.498	82.6681	134.053	78.8101	26.5846	523.568	541.305	561.139	4.21856	11	0	74.6489	55.9754	68.5726	569.386	55.9754	68.5726	569.386	
13127	56550	306.433	753.816	305.756	-99999	70.43	-0.999863	1	1	1	1	1	264.535	271.342	129.616	-169.451	489.542	436.599	286.587	290.733	293.391	129.794	-21.2028	-169.783	489.543	465.631	436.311	6.77422	14	0	76.8651	70.443	-18.6248	462.91	70.443	-18.6248	462.91	
13127	58950	130.693	289.982	117.852	-99999	10.979	-0.586666	1	1	1	1	1	73.9698	146.702	133.633	67.9517	-635.206	-569.756	73.4506	113.557	153.739	134.174	97.6815	60.734	-635.731	-599.274	-563.402	4.97403	11	0	72.1947	11.0287	-28.5854	-460.469	11.0287	-28.5854	-460.469	
13127	39533	373.963	784.352	373.956	-23.3733	-22.892	-0.732083	1	1	1	1	1	267.333	193.244	133.805	-142.254	-388.935	-149.462	267.333	224.872	193.244	133.805	1.3111	-142.254	-388.935	-264.205	-149.462	5.03674	12	0	75.974	-15.0392	-18.0815	352.933	42.9508	-2.34562	-170.887	
13127	38218	515.92	1216.4	515.518	35.1241	35.836	-0.472177	1	1	1	1	1	77.0813	289.024	133.528	-84.0376	650.026	240.929	76.9299	178.993	289.024	133.714	6.43164	-84.0376	650.342	450.624	240.929	7.28878	12	0	128.21	35.8887	-5.28358	439.762	35.8887	-5.28358	439.762	
13127	41098	101.146	121.685	99.4105	-99999	24.684	-0.988907	1	1	1	0	0	234.877	245.75	133.059	39.5758	-67.3211	-92.2094	242.606	240.32	253.997	133.059	84.1709	38.4905	-67.3211	-78.8393	-92.2497	5.13985	8	0	74.7851	24.7173	20.4237	-86.3479	24.7173	20.4237	-86.3479	
13127	40508	269.305	614.697	268.811	-99999	-23.99	-0.879958	1	1	1	1	1	178.542	91.5116	133.138	-109.503	158.394	230.555	178.668	133.846	91.4667	133.349	10.4562	-109.731	158.331	189.49	230.603	4.3794	9	0	78.2973	-23.9826	-32.0603	205.106	-23.9826	-32.0603	205.106	
13127	40891	88.2908	225.457	87.8079	-99999	70.751	-0.647977	1	1	0	0	0	269.788	336.977	133.284	77.2525	158.047	165.244	291.579	325.21	359.132	133.591	105.276	77.2525	158.002	161.875	165.244	7.59854	10	0	67.4475	80.0273	-49.8772	-470.939	80.0273	-49.8772	-470.939	
13127	41371	187.265	382.31	182.927	-99999	0.005	-0.709825	1	1	1	1	1	229.443	255.04	84.2078	-7.28205	-892.66	-738.047	229.137	239.012	255.041	86.8481	32.7917	-7.28205	-895.381	-820.627	-738.047	4.90774	9	0	73.9614	0.0307542	-1.00242	-759.96	0.0307542	-1.00242	-759.96	
13127	38024	308.26	668.708	307.833	-99999	20.416	-0.711176	1	1	1	1	1	87.2805	144.658	131.574	-137.904	-320.4	-190.841	87.2336	105.499	144.634	131.848	-0.194479	-137.904	-320.72	-243.816	-190.841	5.8941	10	0	90.2822	20.4467	-8.09288	-244.296	20.4467	-8.09288	-244.296	
13127	18566	462.557	940.722	462.484	-803.892	17.666	-0.53424	0	0	0	0	0	254.844	188.971	133.711	-90.3075	101.773	495.586	254.841	241.221	188.971	133.747	21.733	-90.3075	101.717	303.494	495.586	4.92194	13	0	65.4836	12.8146	53.8466	-542.056	12.8146	53.8466	-542.056	
13127	40155	78.1611	175.349	77.466	-99999	27.108	-0.469207	1	1	1	1	1	107.311	164.305	133.587	97.4934	-649.059	-611.009	107.28	135.873	164.779	133.587	115.28	97.1468	-649.059	-629.722	-610.681	5.69369	10	0	57.8411	27.1539	5.56672	-540.422	27.1539	5.56672	-540.422	
13127	41727	176.219	619.751	176.15	-99999	88.606	-0.929865	1	1	1	1	1	244.905	195.982	131.889	-32.4541	90.2685	50.0563	258.846	234.934	209.906	131.947	49.5301	-32.4541	90.284	70.3604	50.0563	6.2047	9	0	104.019	88.6187	-22.8611	44.6597	88.6187	-22.8611	44.6597	
13127	36367	319.073	715.881	316.794	-99999	72.943	-0.957838	1	1	1	1	1	162.746	221.659	133.332	-170.458	-101.543	-169.265	151.145	179.839	210.359	134.715	-18.4961	-171.249	-101.144	-135.044	-169.457	4.23268	6	0	75.6105	72.9668	-15.0926	-137.554	72.9668	-15.0926	-137.554	
13127	40087	459.318	1082.45	457.726	-99999	100.558	-0.635067	1	1	1	1	1	117.145	78.5892	133.878	-166.854	526.738	866.86	117.03	100.127	77.8857	133.878	-17.1029	-167.821	526.738	698.741	867.949	5.21775	14	0	74.9669	100.587	-18.0466	682.018	100.587	-18.0466	682.018	
13127	42366	295.064	743.383	282.094	97.4976	97.884	-0.850068	1	1	1	1	1	184.098	347.709	133.867	-84.2791	-500.104	-428.411	184.022	268.957	355.111	134.017	19.458	-93.8418	-500.13	-463.127	-424.425	4.52141	7	0	68.4572	97.9271	-63.0115	-438.03	97.9271	-63.0115	-438.03	
13127	41094	367.998	863.383	366.057	-99999	75.549	-0.542353	1	1	1	1	1	242.963	285.853	132.49	-29.4536	438.905	761.919	266.254	282.846	309.51	133.542	41.3153	-29.4536	437.327	595.549	761.919	11.4939	9	0	80.2878	75.5906	-9.49922	637.636	75.5906	-9.49922	637.636	
13127	54138	390.352	960.758	358.744	-99999	80.17	-0.624776	1	1	1	1	1	197.53	72.3165	127.609	-85.9976	-264.869	-5.3031	197.438	129.045	61.4565	127.61	11.9795	-105.071	-264.87	-123.301	17.4602	6.14472	13	0	69.6987	80.2089	-52.86	-51.1389	80.2089	-52.86	-51.1389	
13127	39611	247.399	583.83	242.417	-99999	112.073	-0.926858	0	0	0	0	0	238.191	177.897	130.094	-81.0244	-768.263	-869.911	274.368	243.401	212.992	134.666	25.7703	-81.0244	-766.643	-816.374	-869.911	9.84762	10	0	78.7287	-38.1157	-15.9071	-808.203	-38.1157	-15.9071	-808.203	
13127	37234	317.613	746.898	317.544	-99999	90.589	-0.947053	1	1	1	1	1	239.192	330.678	133.109	-167.797	-130.048	-86.3093	267.54	312.987	359.045	133.171	-17.3452	-167.797	-130.057	-107.744	-86.3093	5.73944	8	0	52.9365	90.6121	-31.1674	-113.648	90.6121	-31.1674	-113.648	
13127	38195	342.656	980.817	342.231	47.7486	45.607	-0.89215	1	1	1	1	1	294.092	163.697	133.036	-165.202	-691.102	-585.646	294.226	228.836	163.697	133.406	-16.0811	-165.202	-691.231	-639.01	-585.646	45.4428	17	0	168.26	45.6402	-32.8913	-596.805	45.6402	-32.8913	-596.805	
13127	38497	67.1584	174.993	67.0785	-99999	89.066	-0.662413	0	0	0	0	0	147.29	145.645	133.781	86.9223	402.258	448.914	147.188	143.662	145.543	133.781	110.852	86.9218	402.258	426.193	448.915	5.64034	15	0	77.0129	87.0768	-18.6591	319.182	87.0768	-18.6591	319.182	
13127	51701	128.388	315.977	127.94	-99999	-47.599	-0.930159	1	1	1	0	0	133.036	90.2874	131.966	13.9254	596.073	618.719	133.249	114.816	90.3418	132.38	72.046	13.9254	596.024	607.652	618.719	4.19039	9	0	89.427	-47.574	25.6494	618.613	-47.574	25.6494	618.613	
13127	39167	59.095	118.31	56.6305	-99999	-19.343	-0.336263	1	1	0	0	0	274.303	309.633	132.182	111.241	293.462	332.019	267.201	287.32	303.945	132.645	121.569	110.821	292.627	311.186	332.902	4.08914	11	0	43.0328	-19.2936	63.9236	368.215	-19.2936	63.9236	368.215	
13127	41687	331.121	863.641	329.572	-99999	116.221	-0.925379	0	0	0	0	0	305.384	174.696	133.085	-166.001	-538.604	-584.178	342.166	276.437	210.934	134.137	-15.995	-166.381	-538.444	-561.844	-584.231	8.13324	9	0	99.6406	70.5164	-8.67386	595.22	70.5164	-8.67386	595.22	
13127	36610	204.75	475.583	204.641	-99999	50.186	-0.707219	1	1	1	1	1	189.835	132.311	133.097	-12.5162	-456.473	-326.147	189.796	155.985	132.231	133.129	60.9294	-12.5633	-456.499	-392.397	-326.13	4.26689	12	0	79.6917	50.2025	-29.19	146.197	50.2025	-29.19	146.197	
13127	39610	266.869	908.524	265.183	88.6834	89.612	-0.694835	1	1	1	1	1	178.725	343.612	132.638	-43.6943	-747.589	-854.525	178.024	256.118	343.729	133.534	40.3022	-44.0332	-746.982	-801.702	-854.677	5.51822	11	0	74.3785	89.6547	-6.31627	-793.938	89.6547	-6.31627	-793.938	
13127	36492	319.886	753.896	318.339	21.4983	22.06	-0.842806	1	1	1	1	1	240.502	129.738	132.567	-133.447	409.267	542.656	240.634	176.142	129.386	132.88	1.42816	-134.448	409.122	473.255	543.16	5.02791	13	0	79.9414	22.092	-28.8781	490.42	22.092	-28.8781	490.42	
13127	38292	230.248	441.748	230.229	-99999	-23.49	-0.794063	1	1	1	1	1	169.672	162.043	128.992	-57.0429	-201.75	-67.6185	169.699	167.023	162.07	128.992	33.1683	-57.0429	-201.75	-138.6	-67.6185	4.61117	14	0	73.2105	-23.462	-5.07158	-118.052	-23.462	-5.07158	-118.052	
13127	39372	282.913	2178.05	281.737	-16.5539	-17.172	-0.897763	1	1	1	1	1	202.394	300.731	132.507	-109.517	611.758	514.619	202.178	255.104	300.731	133.265	12.053	-109.517	612.047	563.65	514.619	5.76331	13	0	201.028	-17.1489	-29.9205	527.112	-17.1489	-29.9205	527.112	
13127	40454	132.433	304.025	132.419	-99999	-0.041	-0.737549	1	1	1	0	0	190.659	200.95	111.206	23.81	-891.974	-794.314	190.659	199.419	200.95	111.206	65.719	23.81	-891.974	-844.979	-794.314	4.68045	15	0	74.0881	7.2635	6.71815	421.77	-28.1165	-22.1077	-33.8767	
13127	55379	105.773	294.939	103.93	-99999	46.107	-0.720929	1	1	1	1	1	215.326	196.217	132.499	60.1244	223.214	151.247	230.064	219.814	210.656	133.831	96.5273	60.1244	224.449	188.395	151.247	11.1599	14	0	95.4765	46.1408	-28.1901	54.517	46.1408	-28.1901	54.517	
13127	55739	165.343	419.019	164.72	-99999	41.729	-0.87973	1	1	1	1	1	262.83	198.756	132.629	-11.1574	-583.222	-536.7	276.126	243.218	211.823	133.173	62.5994	-11.1574	-583.406	-555.711	-536.7	8.16529	6	0	77.5879	41.7694	9.0463	-551.544	41.7694	9.0463	-551.544	
13127	37704	105.704	265.076	105.244	-99999	96.27	-0.677016	1	1	1	0	0	178.199	120.288	133.138	65.1924	-281.148	-226.09	178.182	149.75	119.966	133.253	98.3297	65.0296	-281.23	-253.611	-225.984	5.68468	8	0	78.4254	96.3082	33.6251	-231.653	96.3082	33.6251	-231.653	
13127	39901	205.327	450.331	205.033	-99999	-1.181	-0.994007	1	1	1	1	1	87.1741	113.38	131.031	-70.4768	-478.973	-470.662	87.1694	94.0734	113.381	131.251	30.1898	-70.4768	-478.993	-467.812	-470.662	4.92656	7	0	75.9781	-8.09743	-45.5523	-49.4611	-8.09743	-45.5523	-49.4611	
13127	36231	154.377	347.536	150.039	-99999	-2.51	-0.914532	1	1	0	0	0	128.353	77.3744	132.53	-5.86065	835.063	860.216	128.356	100.277	76.4544	132.53	61.3651	-10.0304	835.063	844.932	860.948	4.89802	10	0	70.4123	-2.48303	22.1231	831.752	-2.48303	22.1231	831.752	
13127	40071	257.022	589.639	255.189	-99999	91.717	-0.963262	1	1	1	1	1	125.716	110.425	133.538	-112.297	-751.291	-687.236	125.62	114.407	110.299	133.591	9.62898	-113.985	-751.303	-719.944	-686.786	39.2305	6	0	95.0183	91.7388	-23.2972	-703.639	91.7388	-23.2972	-703.639	
13127	46391	300.047	812.103	299.932	-99999	49.507	-0.695219	1	1	1	1	1	131.527	187.577	130.919	-54.4048	196.155	423.224	131.47	155.318	187.55	130.919	30.7214	-54.4731	196.155	305.02	423.307	4.36623	16	0	221.14	49.5307	-1.32494	325.612	49.5307	-1.32494	325.612	
13127	23515	143.373	338.096	141.84	-42.3642	-41.224	-0.741623	1	1	1	1	1	227.288	141.718	132.564	26.8499	565.414	596.735	227.674	177.228	141.416	133.008	82.9681	26.1147	565.35	574.509	597.222	4.53999	14	0	75.976	-41.2039	12.042	592.541	-41.2039	12.042	592.541	
13127	22990	246.727	836.132	246.726	-99999	102.192	-0.728294	0	0	0	0	0	189	327.079	129.963	-57.5602	-1.61397	-82.8471	221.001	290.122	359.08	129.963	35.9726	-57.5602	-1.61397	-41.4509	-82.8471	6.6007	10	0	73.1215	85.8901	72.8701	-770.539	85.8901	72.8701	-770.539	
13127	45775	149.674	346.359	147.34	78.7396	77.283	-0.958404	1	1	1	1	1	231.585	198.598	130.997	-6.25806	648.049	687.973	231.995	220.308	198.598	133.231	62.2201	-6.25806	647.531	667.886	687.973	5.36026	10	0	71.5337	77.3243	-3.85275	661.091	77.3243	-3.85275	661.091	
13127	46827	141.192	290.143	140.254	-430.069	-46.313	-0.91794	1	1	1	1	1	162.399	219.342	133.693	11.6941	89.5086	51.8171	162.399	187.447	219.651	133.693	70.3622	10.9249	89.5086	71.3479	51.4892	4.30148	13	0	66.1188	-46.3103	-23.9241	-430.184	-46.3103	-23.9241	-430.184	
13127	45629	77.3737	187.352	76.1652	-99999	101.291	-0.586501	0	0	0	0	0	311.391	327.423	133.505	85.6651	-392.171	-335.134	342.783	351.087	359.142	134.207	109.839	85.6651	-393.097	-364.234	-335.134	4.19947	6	0	46.5325	63.4901	41.4975	175.183	63.4901	41.4975	175.183	
13127	59723	311.041	2123.22	310.496	-24.8142	-25.273	-0.476137	1	1	1	1	1	104.742	264.47	133.941	1.93862	20.1161	251.296	104.583	184.365	264.564	134.112	67.5588	1.87191	19.8434	135.543	251.437	110.956	7	0	1335.7	-25.216	-19.407	261.901	-25.216	-19.407	261.901	
13127	43275	209.381	469.27	209.032	-99999	99.787	-0.929492	1	1	1	1	1	259.233	327.824	133.637	-62.6087	-447.32	-426.8	290.44	322.914	359.153	133.732	34.6815	-62.8359	-447.33	-438.003	-426.787	4.28326	8	0	46.5071	99.817	-19.7188	-434.013	-11.263	2.1659	-443.704	
13127	47488	98.5107	391.98	98.5085	-99999	114.758	-0.715117	0	0	0	0	0	125.328	76.7087	133.928	67.3651	566.417	619.236	125.197	101.317	76.5775	133.928	98.4597	67.3651	566.417	590.865	619.236	4.25765	13	0	147.301	-999999	-999999	-999999	-999999	-999999	-999999	
13127	41938	322.873	740.084	322.346	-99999	92.443	-0.877295	1	1	1	1	1	178.898	74.7325	133.341	-167.981	192.835	216.748	178.925	114.061	74.5954	133.573	-13.7732	-168.231	192.831	203.777	216.731	6.93197	6	0	83.1252	92.4722	-52.3903	208.962	92.4722	-52.3903	208.962	
13127	46018	343.541	785.59	343.537	-99999	46.939	-0.807436	1	1	1	1	1	110.174	172.824	134.06	-115.152	265.396	490.202	110.12	150.078	172.77	134.06	2.02218	-115.152	265.396	367.191	490.202	5.21585	16	0	85.0476	46.9779	-12.1254	378.078	46.9779	-12.1254	378.078	
13127	43712	239.356	1186.32	236.667	-99999	14.804	-0.972875	1	1	1	1	1	145.015	115.261	133.163	-97.1712	749.104	764.448	145.082	119.846	115.205	133.513	17.7817	-99.1318	749.069	764.52	764.842	706.095	6	0	762.966	14.8371	-18.9084	753.89	14.8371	-18.9084	753.89	
13127	44382	136.065	322.61	136.063	-99999	105.36	-0.327541	0	0	0	0	0	209.175	272.234	-26.0109	8.04366	-890.677	-775.248	305.227	274.373	242.168	8.04366	-9.99835	-26.0109	-775.248	-833.044	-890.677	4.33405	359	0	322.61	94.3347	34.8202	-281.392	47.3847	24.0225	-793.413	
13127	63373	195.83	454.281	194.247	78.7981	77.845	-0.63818	1	1	1	1	1	145.406	266.272	133.23	23.4366	-285.79	-387.565	144.699	197.949	266.272	134.243	74.1456	23.4366	-284.808	-340.452	-387.565	6.58114	8	0	67.4606	77.8629	11.7488	-356.789	77.8629	11.7488	-356.789	
13127	44152	147.624	322.93	146.283	-99999	65.268	-0.963056	1	1	1	1	0	114.974	118.99	134.617	-2.89049	-126.54	-81.2444	114.9	112.653	118.915	134.617	65.5439	-2.89049	-126.54	-102.663	-81.2444	6.14556	11	0	90.6687	65.2832	15.5817	-89.4407	65.2832	15.5817	-89.4407	
13127	47753	249.989	686.328	249.717	-99999	0.089	-0.787057	1	1	1	1	1	122.252	106.795	133.905	-69.1846	159.422	303.368	122.252	114.359	106.767	133.905	31.8725	-69.4206	159.422	231.018	303.482	5.78028	13	0	150.798	0.120294	-7.75757	247.599	0.120294	-7.75757	247.599	
13127	46815	338.695	863.869	328.161	40.4658	41.074	-0.94705	1	1	1	1	1	106.546	225.606	133.419	-170.284	540.333	507.485	106.546	167.655	229.922	133.419	-23.4964	-179.36	540.333	522.588	509.792	4.57957	8	0	60.9458	41.1008	-12.8855	533.694	41.1008	-12.8855	533.694	
13127	65342	466.577	1046.07	465.012	-99999	15.85	-0.978846	1	1	1	1	1	210.039	194.132	130.604	-168.034	81.4711	-272.086	210.021	201.409	194.148	130.604	-22.896	-168.62	81.4711	-92.261	-273.312	9.66704	7	0	97.0647	15.8872	-21.1107	-104.591	15.8872	-21.1107	-104.591	
13127	43268	319.709	1560.21	317.09	-591.787	32.215	-0.847871	1	1	1	1	1	227.464	161.024	133.292	-127.627	74.4943	236.782	227.464	192.584	160.368	133.292	0.274627	-129.554	74.4943	155.571	238.297	18.4583	9	0	60.2314	32.2484	-18.2733	-362.065	32.2484	-18.2733	-362.065	
13127	6189	242.668	1093.99	241.721	-99999	18.196	-0.99724	1	1	1	1	1	121.353	105.851	132.393	-104.878	-667.844	-634.617	121.316	114.669	105.794	133.052	12.8259	-105.096	-667.864	-658.069	-634.583	5.3969	6	0	92.7299	18.2132	-18.0848	-637.945	18.2132	-18.0848	-637.945	
13127	44135	125.076	288.993	124.49	-47.1163	-46.493	-0.77358	1	1	1	1	1	242.888	161.848	132.467	38.3897	-677.358	-681.472	242.888	201.627	161.489	132.467	85.5615	37.9338	-677.358	-678.79	-681.434	4.33118	9	0	70.2497	-46.4642	17.3909	-674.464	-46.4642	17.3909	-674.464	
13127	46175	78.523	229.928	72.7536	-99999	15.661	-0.899784	1	1	1	1	1	243.233	247.365	128.211	61.8863	631.243	660.511	247.757	249.819	252.269	132.785	97.7545	61.8863	628.995	646.567	660.511	6.55741	7	0	105.689	15.6914	-27.4997	697.584	15.6914	-27.4997	697.584	
13127	46838	135.534	383.36	134.326	70.5542	68.304	-0.713645	1	1	1	1	1	273.219	198.516	127.458	26.1359	-500.629	-542.631	273.219	238.674	197.779	127.458	77.5521	25.1895	-500.629	-530.202	-542.704	13.0561	10	0	130.992	68.3436	12.9538	-533.902	68.3436	12.9538	-533.902	
13127	45109	114.073	272.61	113.759	-99999	67.315	-0.488303	0	0	0	0	0	71.0045	158.172	-5.22559	-60.4563	-828.279	-781.747	70.6852	117.098	158.102	-5.07821	-30.3897	-60.4623	-828.38	-807.353	-781.744	5.33325	10	0	81.2194	100.303	-25.7921	-793.565	100.303	-25.7921	-793.565	
13127	44769	119.817	307.116	118.809	-42.399	-42.998	-0.916426	1	1	1	1	1	197.446	243.77	132.523	23.9272	-360.187	-348.689	197.044	222.064	243.77	133.445	79.1712	23.9272	-360.202	-356.276	-348.689	5.84472	8	0	90.0429	-42.9712	10.2941	-357.72	-42.9712	10.2941	-357.72	
13127	43990	459.819	2515.76	459.811	76.7339	76.332	-0.7676	1	1	1	1	1	282.4	75.5092	133.577	-167.476	58.9597	326.041	282.4	174.434	75.5092	133.577	-38.369	-167.476	58.9597	166.65	326.041	8.58107	13	0	74.9345	76.372	-35.4787	187.922	76.372	-35.4787	187.922	
13127	44350	436.387	857.332	436.326	-99999	-0.855	-0.702914	1	1	1	1	1	165.108	142.423	132.379	-171.393	-252.404	45.4285	165.111	162.24	142.424	132.392	-22.9447	-171.393	-252.417	-109.069	45.4285	9.0898	13	0	92.4395	-0.812527	-24.8996	-91.2546	-0.812527	-24.8996	-91.2546	
13127	43785	310.649	737.279	308.343	33.1733	33.209	-0.366534	1	1	1	1	1	258.481	114.227	133.676	42.7155	-426.374	-170.995	258.756	184.281	113.638	134.021	82.3334	42.2916	-427.202	-301.346	-169.841	4.96412	11	0	82.6521	33.2396	22.5499	-261.968	33.2396	22.5499	-261.968	
13127	51147	283.891	698.944	283.123	-99999	43.322	-0.978331	1	1	1	1	1	91.0057	140.594	132.492	-144.64	-467.946	-446.497	90.8497	118.091	140.526	133.06	-5.98711	-144.819	-467.995	-461.819	-446.464	4.24712	9	0	66.1458	43.3571	-18.3753	-455.924	43.3571	-18.3753	-455.924	
13127	52947	338.57	3187.93	335.727	-99999	65.69	-0.60151	1	1	1	1	1	209.321	234.968	133.265	-155.709	-773.354	-612.481	229.891	242.494	256.484	133.265	-11.4087	-157.989	-773.354	-693.152	-612.347	4.92066	24	0	264.27	65.7181	-29.4275	-663.603	65.7181	-29.4275	-663.603	
13127	62145	226.106	548.894	224.95	-99999	9.758	-0.909719	1	1	1	1	1	171.376	140.476	132.205	-71.8717	-338.452	-250.15	171.599	152.96	140.465	133.253	31.7074	-71.8717	-338.869	-292.946	-250.15	8.17774	11	0	75.108	9.79689	-11.4122	-280.13	9.79689	-11.4122	-280.13	
13127	46235	131.168	722.071	129.78	-99999	64.372	-0.784063	1	1	1	1	1	234.684	199.017	133.718	43.5125	500.493	414.517	245.065	227.088	209.087	134.598	88.2552	43.3619	501.127	458.416	414.298	6.96549	11	0	372.124	64.4146	-28.9907	352.597	64.4146	-28.9907	352.597	
13127	44134	351.788	968.757	350.863	34.1839	33.592	-0.871556	1	1	1	1	1	212.869	150.045	131.617	-158.243	-575.974	-392.289	212.999	178.445	150.045	132.415	-5.88769	-158.243	-576.378	-473.676	-392.289	34.6232	12	0	232.789	33.6127	-22.6231	-393.818	33.6127	-22.6231	-393.818	
13127	43263	20.1542	71.2897	19.7021	-99999	92.038	-0.642247	0	0	0	0	0	102.358	114.741	133.337	121.824	-590.618	-580.588	101.986	108.172	114.635	133.649	127.53	121.824	-590.798	-585.751	-580.588	5.39753	11	0	71.2897	-999999	-999999	-999999	-999999	-999999	-999999	
13127	42451	369.825	865.839	367.28	32.3466	31.528	-0.752598	1	1	1	1	1	101.05	322.895	130.439	-155.894	-505.787	-548.304	100.415	214.468	323.517	131.196	-10.0144	-157.281	-505.598	-540.164	-548.122	5.24532	6	0	70.8056	31.5638	-27.8027	-537.421	31.5638	-27.8027	-537.421	
13127	47611	180.104	406.376	179.636	-99999	0.681	-0.812736	1	1	1	1	0	76.3343	161.509	134.166	-7.02953	754.714	823.716	76.1571	118.255	161.533	134.494	61.4195	-7.07465	754.56	786.021	823.746	4.68887	12	0	63.9832	0.707525	28.6428	779.735	0.707525	28.6428	779.735	
13127	42844	258.379	525.47	258.286	-99999	-39.81	-0.929648	1	1	1	1	1	99.5031	74.1714	134.062	-106.228	-537.308	-451.143	99.5487	81.7964	74.2169	134.062	14.7694	-106.228	-537.308	-491.682	-451.143	8.56099	10	0	72.2442	-32.2274	-15.0843	410.784	15.1926	-10.8717	-538.718	
13127	11162	247.613	4548.18	247.596	37.0948	36.636	-0.85464	1	1	1	1	1	178.569	295.878	133.344	-68.5059	406.321	329.636	178.569	236.031	295.878	133.344	29.3075	-68.5059	406.321	371.749	329.636	153.113	13	0	2096.71	36.6654	-47.8294	334.35	36.6654	-47.8294	334.35	
13127	42171	246.756	571.06	246.237	-99999	0.312	-0.848058	1	1	1	1	1	289.16	162.954	133.853	-75.8241	144.236	167.943	289.418	222.901	162.954	134.291	31.3257	-75.8241	144.159	157.523	167.943	6.28667	8	0	80.8306	0.348953	-7.49603	157.479	0.348953	-7.49603	157.479	
13127	46194	31.9436	137.835	29.2826	-99999	111.084	-0.939331	0	0	0	0	0	75.091	78.8492	130.25	105.785	573.235	587.094	74.9312	75.5306	78.9242	131.52	117.653	104.827	572.88	580.647	587.508	5.34002	31	0	110.75	90.5958	-28.3101	75.0467	-44.6942	63.7008	590.345	
13127	51877	177.151	391.554	176.32	-21.6683	-22.348	-0.65027	1	1	1	1	1	226.57	103.819	132.574	9.37558	228.152	203.499	227.173	166.08	103.819	133.106	70.5885	9.37558	228.328	214.84	203.499	4.04453	6	0	64.4007	-22.3298	9.73646	209.063	-22.3298	9.73646	209.063	
13127	51519	53.5176	132.912	53.4251	-99999	91.64	-0.752045	0	0	0	0	0	296.848	330.213	133.69	92.8722	234.259	225.629	325.545	342.195	358.967	133.69	113.19	92.8018	234.259	229.964	225.611	6.20998	10	0	60.5477	91.6624	16.8743	289.45	91.6624	16.8743	289.45	
13127	8676	154.582	682.615	154.333	-99999	75.171	-0.709616	1	1	1	1	1	197.738	233.574	125.389	-4.09252	530.65	456.708	209.535	222.727	245.448	125.433	61.7859	-4.23697	530.692	489.175	456.615	4.80628	12	0	376.497	75.2168	-8.64606	471.071	75.2168	-8.64606	471.071	
13127	53103	43.9152	111.821	43.5619	-99999	116.721	-0.814672	0	0	0	0	0	304.069	322.823	133.547	99.1073	454.975	436.786	340.62	349.916	359.448	133.547	116.37	98.9346	454.975	446.017	436.691	12.6798	12	0	50.1736	-999999	-999999	-999999	-999999	-999999	-999999	
13127	58782	51.8237	173.176	46.7229	-99999	9.479	-0.576893	1	1	1	1	1	159.709	189.932	132.919	105.796	-862.283	-839.25	159.61	176.262	193.233	133.001	117.858	103.133	-862.359	-849.541	-836.699	4.26465	11	0	107.723	9.51354	-8.35354	-750.333	9.51354	-8.35354	-750.333	
13127	56143	98.2977	221.781	96.9399	-99999	21.889	-0.428145	1	1	1	0	0	352.296	306.193	-29.8828	-76.7327	68.7239	139.319	359.495	332.988	312.762	-29.6297	-51.2492	-77.1356	68.3121	103.479	139.898	4.16564	6	0	57.5036	16.0492	-31.423	272.717	16.0492	-31.423	272.717	
13127	63858	47.4727	136.665	46.9132	-99999	105.173	-0.823434	0	0	0	0	0	302.434	325.36	132.93	95.0155	-171.518	-186.547	335.086	346.723	358.295	133.388	113.84	95.0155	-171.372	-178.14	-186.547	10.0065	13	0	68.0846	-999999	-999999	-999999	-999999	-999999	-999999	
13127	7882	106.606	266.78	106.491	-99999	-1.155	-0.99371	1	1	1	0	0	175.01	178.099	133.204	27.2087	-442.78	-436.133	175.004	178.278	178.1	133.287	80.2728	27.2087	-442.787	-440.24	-436.133	5.56527	8	0	71.0329	-1.12714	13.8596	-435.851	-1.12714	13.8596	-435.851	
13127	62959	330.859	734.984	329.335	22.3454	21.118	-0.901205	1	1	1	1	1	318.679	167.788	133.452	-152.607	-140.453	-199.093	319.043	243.424	167.539	134.28	-9.51736	-153.15	-140.304	-171.151	-199.013	4.6297	10	0	71.6156	21.1496	-5.88816	-177.717	21.1496	-5.88816	-177.717	
13127	62739	105.868	194.099	103.533	-99999	-6.058	-0.606522	1	1	1	1	1	335.654	274.919	133.869	81.4978	13.4625	-33.3988	334.084	301.302	272.705	134.217	99.7054	81.4552	13.7391	-7.40712	-33.753	5.42875	12	0	64.6953	-6.03665	-1.35372	-101.449	68.1934	-9.23517	14.9482	
13127	65139	472.408	1066.06	469.635	-15.9856	-16.199	-0.475832	1	1	1	1	1	341.26	165.415	133.598	-81.1338	-356.234	21.0511	341.368	255.583	165.044	133.784	28.8061	-82.5507	-356.557	-163.517	22.9271	4.42448	17	0	78.1526	-16.1626	2.33193	-181.945	-16.1626	2.33193	-181.945	
13127	60952	289.652	670.222	289.434	112.222	111.683	-0.86326	0	0	0	0	0	154.294	284.197	133.821	-113.066	324.725	254.835	154.294	216.239	284.337	133.821	11.8854	-113.214	324.725	277.718	254.781	5.53285	12	0	78.778	-999999	-999999	-999999	-999999	-999999	-999999	
13127	48587	334.948	1442.02	288.827	-99999	-43.799	-0.963474	1	1	1	1	1	302.971	226.506	133.19	-141.964	247.567	211.72	289.289	243.06	214.238	133.327	-26.6752	-180.691	247.584	230.091	187.132	76.1109	7	0	725.24	-43.7634	-17.8073	222.006	-43.7634	-17.8073	222.006	
13127	49907	301.21	661.477	300.79	-99999	-25.19	-0.994364	1	1	1	1	1	288.196	303.704	134.059	-164.405	515.29	523.316	280.308	288.604	295.785	134.059	-16.2566	-164.771	515.29	515.661	523.339	4.99476	7	0	76.5974	-25.1631	-19.6988	513.254	-25.1631	-19.6988	513.254	
13127	48096	325.565	730.682	322.365	-99999	8.299	-0.911928	1	1	1	1	1	150.751	284.879	133.045	-158.092	480.915	507.378	150.705	222.585	285.762	133.148	-12.2362	-160.944	480.91	491.813	508.018	4.61703	6	0	79.4024	8.31634	-17.4319	492.125	8.31634	-17.4319	492.125	
13127	52448	214.708	546.649	214.026	-99999	72.273	-0.950508	1	1	1	1	1	291.949	336.393	133.552	-70.8987	19.4498	64.4067	314.581	336.239	359.177	133.552	30.7928	-71.5553	19.4498	41.6945	64.5005	4.03109	6	0	57.5569	72.2923	-63.79	31.8049	72.2923	-63.79	31.8049	
13127	48588	284.496	720.226	283.624	59.9472	60.125	-0.935925	1	1	1	1	1	168.046	220.83	130.777	-141.212	558.958	613.072	168.02	192.539	220.887	130.997	-6.04195	-141.796	558.868	586.815	612.891	9.08771	18	0	171.437	60.1594	-17.0591	592.281	60.1594	-17.0591	592.281	
13127	48386	129.225	275.392	121.334	-99999	-1.261	-0.692034	1	1	1	1	0	64.0049	153.902	-88.5585	-168.641	-664.023	-651.329	63.7074	110.39	159.259	-88.2694	-132.531	-173.844	-664.055	-658.631	-651.114	4.46585	6	0	74.387	-1.22209	-109.072	-633.795	-1.22209	-109.072	-633.795	
13127	49106	147.452	349.766	146.738	-99999	25.338	-0.984401	1	1	1	1	1	194.612	181.322	132.657	-12.1508	306.493	317.467	194.69	185.309	181.293	133.348	60.4632	-12.1508	306.405	311.709	317.467	4.03714	9	0	66.6219	25.3681	-0.534883	314.585	25.3681	-0.534883	314.585	
13127	51266	398.575	878.662	395.01	-180.781	84.224	-0.583105	0	0	0	0	0	95.8473	331.998	133.402	-85.9812	-377.069	-602.173	95.136	207.648	333.424	134.246	20.3632	-86.9049	-376.138	-494.59	-603.425	4.58258	11	0	83.6031	46.5362	-26.2563	-547.793	46.5362	-26.2563	-547.793	
13127	53066	242.837	717.092	242.381	-99999	46.664	-0.512846	1	1	1	1	1	211.456	344.501	132.013	7.11293	396.266	555.539	225.969	292.458	359.284	132.103	68.935	7.0424	396.152	475.719	555.731	5.30179	8	0	102.916	46.7115	-1.28342	528.057	46.7115	-1.28342	528.057	
13127	52729	305.723	545.397	299.707	-99999	71.518	-0.974233	1	1	1	1	1	189.653	200.329	132.837	-153.345	507.175	482.661	212.003	235.15	221.624	133.051	-14.8288	-155.849	507.207	483.562	482.607	4.05137	6	0	58.9481	71.5427	-20.4334	481.763	71.5427	-20.4334	481.763	
13127	61245	227.312	509.399	227.198	32.4735	32.433	-0.925984	1	1	1	1	1	262.626	185.947	132.819	-77.7207	-612.606	-582.533	262.656	227.308	185.947	132.921	27.4771	-77.7207	-612.631	-589.548	-582.533	4.63564	7	0	67.3188	32.4546	-6.46385	-589.424	32.4546	-6.46385	-589.424	
13127	62925	183.283	388.752	181.309	-99999	-29.705	-0.475907	1	1	1	1	1	242.233	344.704	131.261	65.6761	556.637	689.736	232.684	285.218	336.167	131.526	93.7248	65.3734	556.229	620.853	690.898	4.37652	9	0	70.583	-31.8034	3.57762	-202.858	39.6366	8.56002	284.035	
13127	61129	150.618	345.011	149.166	68.5361	65.782	-0.794252	1	1	1	1	1	297.648	194.572	133.177	28.1812	-537.035	-522.986	298.406	250.746	194.472	134.215	77.8729	28.0813	-537.249	-522.778	-522.983	4.18225	6	0	71.1198	65.8095	15.8614	-530.979	65.8095	15.8614	-530.979	
13127	48486	250.311	547.227	250.307	-746.857	11.479	-0.876697	0	0	0	0	0	165.002	295.151	133.704	-79.1221	360.517	340.232	165.002	229.899	295.151	133.704	27.1814	-79.1221	360.517	350.466	340.232	9.60904	9	0	45.504	-37.5888	2.25185	669.534	-37.5888	2.25185	669.534	
13127	9642	151.437	389.115	150.07	-99999	47.492	-0.983912	1	1	1	1	1	180.197	194.094	132.561	-11.8669	759.121	796.41	180.07	187.378	194.059	133.736	60.1751	-12.0213	758.913	774.83	796.458	5.00801	12	0	80.2867	47.5127	5.46508	755.423	47.5127	5.46508	755.423	
13127	50904	521.144	1518.94	519.994	-99999	24.386	-0.742996	1	1	1	1	1	102.35	85.4864	129.837	-169.001	715.217	290.404	102.323	93.011	85.4379	129.854	-21.5261	-169.655	715.232	503.656	289.541	6.85304	19	0	82.8494	20.1108	-38.874	564.333	20.1108	-38.874	564.333	
13127	51210	207.139	443.684	200.032	-99999	90.533	-0.903727	1	1	1	1	1	144.481	199.395	132.971	-52.5064	-662.754	-616.322	144.325	176.581	201.195	133.169	39.7281	-58.8687	-662.824	-632.023	-617.969	8.04316	10	0	89.3053	90.5624	-3.31204	-623.541	90.5624	-3.31204	-623.541	
13127	52171	256.559	542.622	254.222	93.0321	92.845	-0.457515	1	1	1	1	1	207.672	259.9	132.215	17.1653	-742.587	-523.955	207.65	238.16	260.051	132.971	73.4219	17.2776	-744.122	-634.854	-523.371	4.13799	6	0	50.4324	92.8761	9.94904	-591.857	92.8761	9.94904	-591.857	
13127	53971	179.268	393.316	179.215	-99999	6.296	-0.986605	1	1	1	1	1	104.109	121.128	133.434	-41.6605	584.723	613.733	104.102	110.439	121.123	133.434	45.8593	-41.6874	584.723	602.005	613.738	5.77627	7	0	67.4943	11.0447	13.3151	604.779	11.0447	13.3151	604.779	
13127	54997	102.834	267.623	101.451	-99999	71.238	-0.891167	0	0	0	0	0	183.52	151.059	133.68	42.6561	379.066	409.915	183.439	166.671	150.421	133.68	87.6719	41.4545	379.066	394.736	410.307	5.74835	13	0	80.0401	-16.4086	-81.6504	554.262	-16.4086	-81.6504	554.262	
13127	56577	292.531	622.652	281.917	-99999	72.13	-0.950195	1	1	1	1	1	158.677	131.008	133.64	-126.593	366.34	453.37	158.594	136.684	130.925	133.64	-6.56633	-126.593	366.34	401.494	453.37	12.1792	13	0	97.7395	72.1641	-27.1409	407.12	72.1641	-27.1409	407.12	
13127	59297	283.662	666.297	282.683	43.6832	24.418	-0.691726	0	0	0	0	0	286.555	190.346	133.25	-38.174	48.4651	-148.285	286.67	248.327	189.984	133.598	36.7853	-38.3218	48.8041	-47.3873	-148.55	5.32618	7	0	75.1541	43.9704	5.01502	-61.5489	43.9704	5.01502	-61.5489	
13127	64320	125.373	209.144	123.946	-99999	76.175	-0.77094	1	1	1	0	0	254.81	273.241	131.64	27.4504	30.6761	-32.9007	278.664	286.397	297.35	131.64	80.5798	26.1704	30.6761	-4.73378	-33.459	4.13169	14	0	45.5058	76.2041	32.0478	-14.7114	76.2041	32.0478	-14.7114	
13127	60715	51.3467	137.901	50.6453	-99999	89.323	-0.789196	0	0	0	0	0	126.088	159.393	133.356	95.9705	-135.45	-128.302	125.571	142.16	159.291	133.91	114.752	95.9705	-135.551	-131.599	-128.302	4.03604	7	0	68.5581	89.3611	41.1628	-138.378	89.3611	41.1628	-138.378	
13127	61436	277.372	633.225	272.719	-99999	98.36	-0.992015	1	1	1	1	1	247.365	290.69	130.693	-136.686	-206.723	-184.561	277.948	294.025	321.949	133.499	-2.94371	-138.431	-207.003	-189.857	-184.378	4.73492	7	0	81.1332	98.3738	-25.5393	-189.488	98.3738	-25.5393	-189.488	
13127	913	132.489	313.82	131.637	-99999	6.57	-0.854778	1	1	1	1	0	77.8088	105.678	133.529	17.4104	-252.895	-198.288	77.6552	92.1501	105.684	134.137	77.08	17.2818	-253.229	-222.957	-198.231	4.09396	15	0	62.6332	6.60057	41.0686	-210.065	6.60057	41.0686	-210.065	
13127	5113	513.42	1388.21	492.223	-17.3458	-17.659	-0.620723	1	1	1	1	1	174.845	227.278	132.312	-165.582	-796.23	-408.099	174.801	202.815	229.441	132.571	-22.9072	-178.866	-796.536	-594.246	-392.633	11.0531	23	0	211.551	-17.6262	-29.7229	-559.88	-17.6262	-29.7229	-559.88	
13127	62106	27.9456	123.522	27.0372	-99999	-27.195	-0.974024	0	0	0	0	0	178.52	185.094	132.966	107.527	555.769	558.239	178.438	179.852	185.224	133.66	119.91	107.409	555.653	557.467	558.25	23.6478	11	0	106.742	-27.1622	27.6748	564.342	-27.1622	27.6748	564.342	
13127	55720	243.161	556.811	239.816	-40.4869	-39.322	-0.930289	1	1	1	1	1	174.257	216.017	131.913	-92.2846	149.048	77.6798	174.124	191.51	216.635	133.552	20.0832	-93.7233	149.68	109.826	77.5359	5.76565	6	0	81.0469	-39.29	-9.94919	105.942	-39.29	-9.94919	105.942	
13127	56080	50.1592	151.411	49.5962	-99999	34.499	-0.950987	0	0	0	0	0	76.797	80.8958	133.047	85.5019	-706.167	-692.701	76.7373	78.7011	80.8563	133.581	109.485	85.5019	-706.34	-699.689	-692.701	7.36915	11	0	74.0688	34.5174	40.4813	-692.849	34.5174	40.4813	-692.849	
13127	49700	351.511	748.761	349.833	54.7476	55.005	-0.891526	1	1	1	1	1	159.074	322.024	133.352	-171.276	695.056	742.896	159.074	239.855	322.54	133.352	-18.9944	-172.867	695.056	728.667	742.921	4.04974	9	0	74.0071	58.28	-16.3695	-258.096	7.89004	1.14115	823.876	
13127	52734	217.204	519.16	216.289	-99999	107.695	-0.916946	0	0	0	0	0	206.875	173.956	133.067	-60.1675	456.052	544.715	206.789	192.304	173.679	133.411	39.7062	-60.6824	455.918	508.721	544.761	7.49534	8	0	81.939	-999999	-999999	-999999	-999999	-999999	-999999	
13127	48094	150.354	722.915	148.897	95.7768	95.48	-0.961761	1	1	1	1	1	200.173	243.884	132.462	-1.15565	-353.239	-314.731	200.146	214.51	244.685	132.657	60.5273	-1.85752	-353.279	-337.862	-314.091	4.97377	6	0	93.6994	93.6203	-25.9893	-441.819	93.6203	-25.9893	-441.819	
13127	49173	281.247	695.607	280.384	76.3838	76.119	-0.925118	1	1	1	1	1	165.336	279.306	132.395	-120.196	-738.928	-717.281	165.199	216.45	279.498	132.749	3.27795	-120.607	-738.973	-719.903	-717.42	9.94739	12	0	113.761	76.1527	-26.3742	-709.384	76.1527	-26.3742	-709.384	
13127	50037	145.513	365.844	145.419	-99999	42.193	-0.898144	1	1	1	1	1	243.317	203.417	132.811	3.8075	-124.865	-178.75	249.963	229.976	210.042	132.871	68.242	3.7874	-124.84	-151.601	-178.758	4.0785	13	0	58.5655	42.2287	-17.464	-190.252	-1.53131	3.09143	-205.14	
13127	50706	134.534	317.719	132.121	-99999	48.259	-0.969153	1	1	1	1	1	132.567	111.416	132.803	3.9868	203.529	209.141	132.621	122.545	111.215	133.318	67.2111	2.12281	203.625	198.208	209.248	7.6813	13	0	77.1123	48.2681	17.7096	202.993	48.2681	17.7096	202.993	
13127	57351	319.941	683.412	304.85	-99999	-3.745	-0.989536	1	1	1	1	1	325.798	274.343	134.417	-165.819	-710.132	-721.57	324.625	297.51	270.333	134.417	-23.1119	-180.619	-710.132	-716.034	-721.998	6.76834	7	0	54.7338	-3.71897	-20.7612	-712.189	-3.71897	-20.7612	-712.189	
13127	52389	262.519	624.579	262.427	-99999	-1.585	-0.987331	1	1	1	1	1	158.767	151.919	133.546	-126.793	511.293	534.583	158.768	147.23	151.944	133.546	3.33153	-126.87	511.293	522.681	534.591	5.10776	8	0	68.9893	-1.56725	-20.808	534.503	-1.56725	-20.808	534.503	
13127	4334	248.07	733.042	248.06	113.455	115.435	-0.968816	0	0	0	0	0	258.985	134.222	131.421	-74.7373	472.88	527.313	258.985	202.934	134.222	131.421	24.726	-74.7373	472.88	500.833	527.313	9.5394	20	0	258.765	-999999	-999999	-999999	-999999	-999999	-999999	
13127	48927	126.859	298.714	126.76	-99999	-13.116	-0.554663	1	1	1	1	1	64.1176	168.976	41.4417	-29.5611	-413.992	-409.064	64.0533	116.4	168.991	41.4953	5.77516	-29.5611	-413.996	-411.397	-409.064	8.85586	7	0	59.1057	-13.0932	-35.1134	-404.432	-13.0932	-35.1134	-404.432	
13127	52167	262.544	562.04	259.73	-99999	12.062	-0.958285	1	1	1	1	1	326.504	262.142	133.226	-114.11	-779.721	-821.41	330.56	293.169	265.663	134.258	9.63334	-115.71	-779.596	-796.787	-822.015	5.75352	12	0	81.2924	12.085	-0.769164	-782.391	12.085	-0.769164	-782.391	
13127	53595	185.893	398.812	185.184	-99999	-8.575	-0.984902	1	1	1	1	1	274.771	279.948	133.363	-48.8135	-390.153	-359.889	272.085	270.437	277.433	133.363	41.7606	-49.4845	-390.153	-375.089	-359.816	4.38808	7	0	74.2398	-8.56111	-31.7305	-390.263	-8.56111	-31.7305	-390.263	
13127	17171	302.037	689.556	301.985	-99999	-45.144	-0.951511	1	1	1	1	1	130.863	177.03	132.685	-152.654	73.9231	151.797	130.915	160.762	177.09	132.685	-10.8067	-152.683	73.9231	109.382	151.808	6.36412	11	0	64.1669	-45.113	-20.8066	114.266	-45.113	-20.8066	114.266	
13127	53852	382.738	2749.13	382.727	47.9894	44.94	-0.660418	1	1	1	1	1	105.594	345.888	133.588	-133.586	67.2401	-60.2426	105.594	231	345.888	133.588	4.31114	-133.586	67.2401	2.80393	-60.2426	4.35406	7	0	76.8326	44.9768	-27.2271	-10.2436	44.9768	-27.2271	-10.2436	
13127	52436	140.075	345.976	119.493	-99999	10.89	-0.749783	1	1	1	1	1	63.8442	141.112	-29.9075	57.8843	272.471	296.953	154.488	109.183	63.8317	73.1146	21.4495	-29.9075	300.456	286.984	272.471	5.20582	113	0	345.976	10.9034	-2.31553	284.745	10.9034	-2.31553	284.745	
13127	52796	210.293	565.53	209.898	-99999	54.259	-0.674257	1	1	1	1	1	317.347	201.329	133.604	-4.15899	836.722	728.992	325.874	267.439	209.681	133.604	64.8983	-4.41456	836.722	782.697	728.748	6.61743	12	0	81.4022	54.2892	-34.1044	686.68	54.2892	-34.1044	686.68	
13127	52796	203.868	813.524	193.758	-43.3697	-45.018	-0.78845	1	1	1	1	1	158.833	284.731	133.291	-9.20313	-148.913	-184.096	158.409	223.778	291.398	133.87	57.5386	-14.5914	-148.793	-165.74	-187.884	9.8085	16	0	196.047	-44.9908	-30.2043	-190.213	-44.9908	-30.2043	-190.213	
13127	49723	249.45	631.698	247.576	-99999	101.585	-0.964969	0	0	0	0	0	280.03	327.448	130.576	-112.244	-471.948	-463.592	311.463	335.319	359.259	132.372	10.0518	-112.244	-472.296	-468.467	-463.592	4.56516	8	0	44.5553	56.1204	-77.3945	-463.361	56.1204	-77.3945	-463.361	
13127	50994	247.397	536.491	244.029	-563.68	-27.135	-0.96891	0	0	0	0	0	146.737	218.82	132.481	-98.6209	-306.299	-319.603	146.292	176.684	219.029	134.509	15.1168	-99.8353	-306.026	-316.08	-319.33	6.45157	8	0	67.659	90.2974	-37.0012	-769.627	90.2974	-37.0012	-769.627	
13127	59500	291.515	715.093	290.054	-99999	109.84	-0.955784	0	0	0	0	0	277.32	176.33	133.308	-138.571	-484.03	-486.48	311.866	261.12	210.385	133.832	-2.7838	-139.418	-484.012	-485.727	-486.483	4.48277	7	0	53.2766	-999999	-999999	-999999	-999999	-999999	-999999	
13127	56033	168.003	378.638	165.529	-99999	73.328	-0.430125	1	1	1	1	1	189.933	335.901	130.133	64.2153	-173.656	-215.336	210.787	284.638	358.863	131.201	97.6045	64.2153	-172.928	-194.644	-215.336	4.85112	7	0	47.764	73.361	56.1856	-210.978	73.361	56.1856	-210.978	
13127	54388	119.638	283.569	119.494	-99999	9.082	-0.837229	1	1	1	0	0	117.287	86.9595	133.966	37.6569	-407.118	-343.884	117.314	102.208	86.9467	134.076	84.7879	37.6509	-407.179	-376.879	-343.881	5.14475	12	0	70.7149	9.09857	43.3846	-364.462	9.09857	43.3846	-364.462	
13127	55013	169.553	390.052	168.901	-99999	-45.353	-0.262562	1	1	1	1	1	350.301	240.7	132.511	76.9169	-750.216	-635.272	336.383	281.668	226.431	132.639	105.669	76.846	-750.603	-692.005	-635.157	6.23524	6	0	71.5587	-45.3429	35.6837	-687.698	-45.3429	35.6837	-687.698	
13127	55816	104.389	246.802	103.84	-99999	99.015	-0.847327	1	1	1	1	1	194.616	240.982	126.034	34.169	55.2824	44.7883	210.176	232.603	256.757	126.034	79.6525	33.668	55.2824	47.7053	44.7712	7.65271	7	0	79.383	99.047	14.6162	37.9941	99.047	14.6162	37.9941	
13127	60187	39.4974	88.8995	39.4963	-99999	7.366	-0.377516	1	1	0	0	0	281.603	316.644	14.875	-0.288304	889.006	879.038	283.909	301.513	318.951	14.875	7.52739	-0.288304	889.006	883.896	879.038	5.47497	6	0	51.007	11.1947	6.40333	-187.854	11.1947	6.40333	-187.854	
13127	48640	235.784	571.446	234.929	-99999	-30.23	-0.999979	1	1	1	1	1	227.568	231.876	132.764	-97.3826	698.427	718.022	218.101	223.056	222.401	132.764	17.7327	-97.4156	698.427	713.35	718.026	7.01011	6	0	79.5737	-30.1955	-13.5947	701.675	-30.1955	-13.5947	701.675	
13127	87	319.692	813.677	318.144	-99999	115.478	-0.908158	0	0	0	0	0	208.603	322.924	132.986	-161.089	-224.457	-183.753	244.764	302.547	359.6	132.986	-14.5627	-162.541	-224.457	-203.498	-183.642	19.0071	8	0	93.599	-999999	-999999	-999999	-999999	-999999	-999999	
13127	3339	112.474	279.524	112.365	-99999	88.199	-0.761382	1	1	1	0	0	136.124	128.28	133.669	46.913	528.261	597.456	136.049	125.926	128.179	133.749	90.1008	46.913	528.198	562.02	597.456	4.6553	14	0	72.4958	88.2334	34.3738	580.893	88.2334	34.3738	580.893	
13127	55520	246.841	525.111	245.33	59.7493	61.654	-0.930331	1	1	1	1	1	146.895	249.622	132.51	-85.7279	728.542	695.254	146.551	189.172	249.907	133.434	18.9386	-86.1106	728.665	711.612	695.287	4.00763	6	0	80.2238	61.693	-7.30132	697.767	61.693	-7.30132	697.767	
13127	60080	69.1853	680.667	47.0077	-99999	54.338	-0.775936	1	1	1	1	1	86.4893	90.8953	133.131	93.7754	-626.548	-650.591	86.4271	89.1536	95.1428	133.131	103.519	77.2198	-626.548	-643.78	-664.096	13.9778	10	0	396.566	54.3546	-3.50502	-708.78	54.3546	-3.50502	-708.78	
13127	2265	165.118	337.817	159.822	23.857	23.044	-0.884911	1	1	1	1	1	201.12	226.276	128.292	-13.573	-23.6545	-92.5973	200.312	214.673	226.276	132.977	59.7167	-13.573	-21.3329	-56.5577	-92.5973	6.50571	12	0	64.3461	23.0669	0.733442	-68.8934	23.0669	0.733442	-68.8934	
13127	48370	145.543	402.267	143.134	-99999	78.645	-0.781193	1	1	0	0	0	249.546	334.133	132.811	18.407	-838.396	-822.884	273.431	316.404	359.504	133.734	75.5812	17.4478	-838.54	-830.363	-822.854	9.30301	8	0	97.4774	78.6788	23.3399	-814.858	78.6788	23.3399	-814.858	
13127	48850	178.745	390.209	178.06	-99999	81.477	-0.873194	1	1	1	1	1	114.389	181.819	133.214	-16.8441	544.16	609.223	114.191	141.915	181.836	133.559	55.4782	-17.058	543.996	577.16	609.342	4.40976	6	0	57.7378	81.5061	11.013	590.941	81.5061	11.013	590.941	
13187	1275	174.419	460.216	174.191	-99999	73.541	-0.950525	1	1	1	1	1	242.756	187.566	132.971	-31.5396	640.104	625.188	265.852	237.829	210.595	133.186	50.9091	-31.5396	640.128	633.058	625.188	11.7235	10	0	105.957	73.5767	-28.947	619.409	73.5767	-28.947	619.409	
13193	12914	199.162	1377.37	199.156	107.782	106.712	-0.713531	0	0	0	0	0	144.648	253.609	133.671	-14.413	718.587	646.763	144.648	199.692	253.609	133.671	62.4663	-14.413	718.587	676.074	646.763	7.39193	13	0	78.1724	60.1475	-53.4743	273.881	-5.97246	80.4266	824.648	
13181	18148	170.122	395.185	169.528	-99999	-33.707	-0.948697	1	1	1	1	0	118.424	89.9399	132.013	-27.4162	465.989	514.617	118.531	102.028	89.9671	132.38	52.0729	-27.6142	465.891	488.521	514.665	4.27567	12	0	71.7251	-33.6748	12.1052	499.88	-33.6748	12.1052	499.88	
13193	17398	243.558	545.702	242.216	48.2491	46.761	-0.976093	1	1	1	1	1	203.178	254.481	132.616	-100.724	-32.526	-69.1915	203.151	227.777	254.722	132.883	15.6858	-101.749	-32.4732	-53.8029	-69.3271	6.42771	8	0	75.8027	49.1949	-29.4841	41.915	49.1949	-29.4841	41.915	
13193	12505	260.758	593.188	260.352	-99999	14.474	-0.977925	1	1	1	1	1	151.937	116.166	133.494	-121.015	116.718	150.316	151.996	133.117	116.143	133.779	5.03191	-121.122	116.706	124.219	150.326	5.28658	9	0	71.5252	14.4947	-27.961	134.674	14.4947	-27.961	134.674	
13193	14545	210.255	591.737	210.125	-99999	76.232	-0.871188	1	1	1	1	1	245.649	333.658	133.225	-54.2213	715.22	749.649	269.448	314.098	357.53	133.328	39.8864	-54.2213	715.204	733.249	749.649	4.4537	11	0	166.673	76.2601	-22.4874	735.89	76.2601	-22.4874	735.89	
13193	13406	215.213	497.577	213.459	-99999	48.933	-0.766163	1	1	1	1	1	171.67	217.917	132.588	-29.9226	214.663	344.571	163.671	186.858	210.228	133.929	51.9905	-29.9226	213.582	279.341	344.571	5.4538	10	0	36.4216	42.8772	-17.6324	-215.155	86.8472	-5.12514	16.5873	
13193	17376	376.88	929.817	367.059	-33.2784	-32.616	-0.860725	1	1	1	1	1	302.161	97.8219	133.388	-170.661	-274.812	-296.7	302.277	197.721	92.604	133.597	-22.6123	-178.537	-274.795	-287.771	-298.192	6.91415	8	0	129.961	-32.5752	-30.8874	-288.989	-32.5752	-30.8874	-288.989	
13193	20584	174.541	440.283	173.854	-99999	1.306	-0.932134	1	1	1	1	1	61.8644	105.457	123.984	-41.7399	-565.632	-538.376	61.6432	85.9658	105.456	124.624	42.5467	-41.7399	-565.731	-549.243	-538.376	5.35215	9	0	108.927	1.33177	11.0106	-548.093	1.33177	11.0106	-548.093	
13193	23041	301.428	685.303	298.58	-99999	-34.359	-0.883102	1	1	1	1	1	233.382	295.724	132.433	-135.843	-449.678	-338.595	222.507	249.419	285.11	133.489	-0.682218	-137.468	-450.242	-387.298	-338.539	7.73354	9	0	79.7448	-34.3266	-27.4806	-381.795	-34.3266	-27.4806	-381.795	
13187	7034	304.839	1754.6	301.263	85.533	85.017	-0.4949	1	1	1	1	1	358.591	114.023	84.1104	-73.3636	670.036	747.975	359.52	235.488	112.191	84.6778	5.10743	-74.5604	669.766	708.516	749.072	17.2931	7	0	127.547	85.0264	-47.5355	712.373	85.0264	-47.5355	712.373	
13187	7154	150.096	369.055	148.126	-99999	-24.26	-0.822375	1	1	1	1	1	235.32	322.381	-46.2893	71.8223	-890.045	-869.87	315.87	272.266	227.723	73.444	13.2702	-46.2893	-869.617	-880.048	-890.045	5.16242	258	0	369.055	-24.242	8.33722	-814.44	-24.242	8.33722	-814.44	
13193	19599	160.132	401.715	158.817	-99999	104.721	-0.978633	0	0	0	0	0	317.755	326.46	132.823	-21.5432	671.313	707.448	350.479	354.865	359.268	133.934	56.2138	-21.7124	671.101	689.791	707.473	9.01068	7	0	64.5297	14.2445	-18.3229	167.516	14.2445	-18.3229	167.516	
13181	19145	273.964	602.276	273.6	46.0091	45.972	-0.96635	1	1	1	1	1	228.693	113.345	132.789	-110.979	31.4939	65.0153	228.762	181.104	113.345	133.135	6.85706	-110.979	31.4323	50.9582	65.0153	4.80912	8	0	68.6291	45.9989	-27.8214	54.9129	45.9989	-27.8214	54.9129	
13193	25368	220.774	453.312	219.211	107.621	106.434	-0.910371	0	0	0	0	0	204.416	227.569	131.468	-68.0098	-752.406	-838.345	204.467	213.312	227.569	132.867	32.0493	-68.0098	-751.771	-795.527	-838.345	5.56658	12	0	66.352	66.6261	18.2864	-791.122	66.6261	18.2864	-791.122	
13181	19756	295.58	7587.78	293.902	-25.2235	-24.729	-0.82877	1	1	1	1	1	161.04	240.821	132.484	-110.613	-289.994	-433.667	160.628	203.276	240.823	133.837	13.9767	-110.654	-289.181	-364.092	-433.676	5.21347	10	0	71.5955	-24.6895	-18.2377	-373.426	-24.6895	-18.2377	-373.426	
13193	26075	75.2992	62.211	29.8658	-99999	36.093	-0.561236	1	1	1	0	0	151.23	127.335	131.474	115.476	478.005	486.036	151.361	121.155	90.7017	131.601	111.582	92.7141	477.951	488.113	499.591	4.90403	8	0	42.5809	36.1145	35.5898	510.473	36.1145	35.5898	510.473	
13193	2947	102.126	258.963	101.365	-99999	-24.769	-0.867239	1	1	0	0	0	314.613	271.287	132.944	45.1633	166.434	189.29	307.12	281.118	263.481	133.429	90.715	44.9764	166.344	176.465	189.332	4.24717	6	0	71.3244	-24.7477	33.9881	177.335	-24.7477	33.9881	177.335	
13181	8954	100.311	239.821	94.3963	-99999	101.546	-0.669287	0	0	0	0	0	245.534	312.625	129.088	65.3878	678.728	660.113	273.697	309.444	344.866	132.59	98.938	64.8482	679.998	669.787	659.985	8.07096	9	0	64.9881	-46.2502	67.7758	802.245	-46.2502	67.7758	802.245	
13193	3278	222.963	502.365	221.743	154.181	-19.942	-0.996811	1	1	1	1	1	192.291	233.583	133.114	-82.5324	-577.229	-574.528	192.318	201.552	233.843	133.567	22.8092	-83.2355	-577.25	-571.103	-574.625	6.01009	9	0	74.0101	-19.9076	-24.1056	-745.431	-19.9076	-24.1056	-745.431	
13181	26114	181.746	386.848	180.117	-99999	-30.456	-0.931204	1	1	1	1	0	72.5552	94.7388	134.112	-34.2494	-181.17	-121.725	72.59	80.4226	95.0236	134.112	48.7434	-35.8362	-181.17	-151.09	-121.467	4.35119	11	0	41.9104	-35.6603	-20.6153	-250.032	-35.6603	-20.6153	-250.032	
13181	28514	134.872	330.537	134.136	-99999	94.031	-0.658248	0	0	0	0	0	73.6433	147.266	133.197	40.3791	-438.759	-377.662	73.3386	107.62	147.299	133.443	88.0152	40.0811	-438.965	-402.837	-377.525	5.05656	14	0	74.5566	-43.1616	12.0119	786.891	-43.1616	12.0119	786.891	
13193	3174	38.1408	115.176	36.2816	-99999	25.864	-0.976285	1	0	0	0	0	297.159	286.797	133.388	98.6979	-414.741	-413.661	305.457	300.807	294.768	134.587	116.162	98.0913	-414.927	-414	-413.631	5.53711	8	0	74.3509	25.8786	55.4327	-410.362	25.8786	55.4327	-410.362	
13193	6154	283.336	630.26	281.637	111.798	112.352	-0.959993	0	0	0	0	0	291.598	189.042	132.478	-128.724	-437.193	-424.002	291.835	243.844	188.668	133.347	0.77598	-129.416	-437.272	-426.365	-424.041	4.08845	6	0	55.5089	-999999	-999999	-999999	-999999	-999999	-999999	
13181	29378	186.288	410.812	186.285	-99999	26.052	-0.954506	1	1	1	1	1	155.463	172.866	133.695	-33.6341	605.068	682.862	155.433	166.469	172.836	133.695	47.4285	-33.6341	605.068	638.213	682.862	4.49361	12	0	67.826	26.077	-1.65037	649.253	26.077	-1.65037	649.253	
13193	14803	185.81	464.915	184.552	-99999	15.243	-0.951517	1	1	1	1	1	270.01	240.996	132.531	-46.7344	666.271	687.97	275.012	256.866	245.769	133.725	44.8038	-46.7344	665.963	685.579	687.97	5.01893	7	0	85.271	15.278	-9.23669	674.458	15.278	-9.23669	674.458	
13193	17563	177.618	405.094	176.121	30.6786	29.911	-0.974169	1	1	1	1	1	222.925	193.87	132.039	-40.3185	-677.901	-661.819	223.074	209.256	193.831	133.356	46.7853	-40.4513	-678.151	-664.282	-661.812	5.2856	9	0	72.0096	29.9454	-5.36445	-655.855	29.9454	-5.36445	-655.855	
13181	5691	134.593	327.16	133.316	-99999	-37.912	-0.906675	1	1	1	0	0	91.7841	75.7685	133.186	12.7524	576.658	630.554	91.9261	81.0551	75.6963	133.746	73.2248	12.1271	576.419	603.745	630.713	6.44808	10	0	75.3866	-37.8879	43.3787	615.601	-37.8879	43.3787	615.601	
13181	2008	324.862	684.369	301.515	-99999	-41.94	-0.902588	1	1	1	1	1	153.683	181.111	133.271	-142.515	354.402	472.817	153.731	168.748	179.392	133.271	-15.1611	-161.247	354.402	418.571	486.389	4.60725	12	0	73.0663	-41.9041	-27.5865	429.143	-41.9041	-27.5865	429.143	
13181	3208	67.0338	180.402	66.0115	-99999	-11.384	-0.961035	1	0	0	0	0	121.419	105.799	133.272	72.5196	-874.503	-858.184	121.487	116.818	105.391	133.542	101.109	72.0499	-874.564	-867.747	-858.058	6.87729	9	0	73.8959	-11.3574	42.2223	-814.44	-11.3574	42.2223	-814.44	
13193	15067	428.749	923.153	427.518	-99999	-8.088	-0.558705	1	1	1	1	1	358.313	179.394	51.06	-168.778	-279.191	38.8012	358.425	276.234	179.043	51.2298	-67.2586	-169.228	-279.415	-120.921	39.5172	4.5151	18	0	80.7888	-8.06991	-15.6457	-178.258	-8.06991	-15.6457	-178.258	
13181	1637	285.452	556.073	284.48	-99999	72.697	-0.791149	1	1	1	1	1	101.891	95.2302	130.456	-93.5301	-211.125	-41.2565	101.808	87.3199	95.147	130.456	12.8069	-93.5301	-211.125	-131.76	-41.2565	6.17289	14	0	77.4459	72.7337	-10.6248	-113.245	72.7337	-10.6248	-113.245	
13193	5423	315.525	711.388	314.135	112.399	110.909	-0.948325	0	0	0	0	0	241.056	183.349	132.27	-167.648	-779.694	-713.972	241.224	212.325	183.385	133.134	-17.1669	-168.066	-779.924	-741.873	-713.917	5.89766	10	0	108.152	77.9046	18.1715	625.982	40.6646	53.1409	-54.7062	
13193	4713	89.5317	222.585	86.8561	-312.388	41.917	-0.877303	0	0	0	0	0	196.423	238.632	132.855	61.2993	-181.471	-204.598	196.174	215.322	239.855	133.534	96.3215	59.8512	-181.21	-196.928	-204.744	4.89339	6	0	74.0096	89.513	-29.9493	337.211	89.513	-29.9493	337.211	
13193	8649	90.6408	238.57	89.6727	-99999	54.208	-0.951716	1	0	0	0	0	151.142	175.92	133.538	52.2591	-256.741	-243.331	159.5	173.537	184.863	133.933	91.5058	52.1243	-256.792	-249.703	-243.358	4.05067	18	0	75.3733	54.2366	21.7384	-240.163	54.2366	21.7384	-240.163	
13193	8613	130.552	431.655	125.453	-99999	107.619	-0.606282	0	0	0	0	0	64.2194	154.965	51.2364	-22.5051	-299.547	-254.262	63.7605	111.076	158.189	51.5296	13.1421	-25.1498	-299.723	-276.372	-252.507	4.76233	9	0	44.8294	-21.0253	70.6674	408.218	-21.0253	70.6674	408.218	
13187	2357	120.98	294.715	119.891	-99999	43.929	-0.832093	1	1	1	1	0	146.689	183.045	133.111	31.9731	237.275	289.372	146.533	166.645	183.231	133.362	82.2212	31.24	237.146	262.197	289.518	6.06426	12	0	79.6163	43.961	15.7909	264.419	43.961	15.7909	264.419	
13193	14364	46.2066	721.577	44.8907	79.1509	77.758	-0.88873	1	1	1	1	1	292.258	266.187	134.619	100.436	-595.337	-591.342	304.767	292.36	278.317	135.54	117.103	100.436	-595.296	-592.967	-591.342	4.11243	22	0	176.3	77.7845	-23.7663	-577.478	77.7845	-23.7663	-577.478	
13193	15084	392.694	1305.31	381.332	73.2049	73.466	-0.783047	1	1	1	1	1	343.659	168.371	131.636	-169.886	392.35	546.376	343.791	251.638	163.232	131.868	-22.4855	-178.584	392.224	471.173	550.881	26.159	12	0	64.7662	67.9368	-30.184	321.991	82.8168	-33.4621	530.006	
13193	17244	223.548	2707.68	223.546	-38.7153	-39.961	-0.513471	1	1	1	1	1	204.523	267.535	130.623	7.68873	-79.5637	96.1523	204.523	236.412	267.535	130.623	69.5182	7.68873	-79.5637	8.40493	96.1523	106.207	7	0	2222.53	-39.9048	-26.3787	136.625	70.9352	7.50207	118.369	
13193	15298	229.922	565.081	229.919	-99999	20.137	-0.813199	1	1	1	1	1	78.5126	153.288	132.75	-53.7419	-795.066	-684.548	78.4896	110.818	153.265	132.75	38.1031	-53.7419	-795.066	-738.51	-684.548	6.20824	14	0	76.8607	20.1634	9.56018	-722.241	20.1634	9.56018	-722.241	
13193	14540	210.04	498.799	206.237	-99999	65.265	-0.815861	1	1	1	1	1	221.509	333.076	132.931	-37.5015	-358.292	-327.401	241.623	298.976	354.481	133.399	46.9661	-40.4082	-358.377	-341.984	-328.309	7.08399	6	0	65.6006	65.295	-22.4103	-350.793	65.295	-22.4103	-350.793	
13193	16220	138.656	4744.52	105.659	-99999	-18.678	-0.912791	1	1	1	1	1	184.787	146.607	133.292	35.9347	-305.37	-290.906	184.809	160.225	136.305	133.292	69.1914	6.44761	-305.37	-295.772	-284.684	107.169	10	0	3065.74	-18.6439	-38.3577	-274.554	-18.6439	-38.3577	-274.554	
13187	8062	264.277	530.339	263.349	-810.641	31.462	-0.98147	1	1	1	1	0	180.665	235.053	134.289	-119.85	-4.34207	-38.3652	180.665	207.511	234.996	134.343	6.38461	-120.684	-4.33043	-21.9406	-38.5258	4.44968	9	0	65.0046	31.4998	58.3359	571.608	31.4998	58.3359	571.608	
13181	9626	207.984	485.168	207.98	-99999	32.505	-0.775753	1	1	1	1	1	196.075	163.514	134.108	-30.165	-850.299	-728.259	196.038	181.289	163.477	134.108	50.8216	-30.165	-850.299	-790.035	-728.259	5.26607	14	0	70.2287	32.5336	-4.58335	-744.819	32.5336	-4.58335	-744.819	
13193	22789	269.123	606.982	267.442	-99999	63.269	-0.915175	1	1	1	1	1	336.431	253.095	133.602	-118.334	655.308	672.344	356.794	309.438	272.871	134.865	10.3437	-118.628	655.211	673.486	672.323	6.80786	11	0	67.4993	63.3006	-16.4986	661.13	63.3006	-16.4986	661.13	
13193	19826	93.1144	246.308	93.109	-99999	79.158	-0.737073	1	1	0	0	0	187.375	233.435	132.774	61.4445	835.812	800.852	212.163	236.65	258.223	132.774	99.0691	61.4445	835.812	815.118	800.852	8.69833	8	0	85.4914	79.1931	31.9196	776.121	79.1931	31.9196	776.121	
13181	27136	288.548	731.968	288.364	-99999	88.639	-0.58189	1	1	1	1	1	238.534	331.67	133.541	-39.8473	227.079	437.734	266.213	314.426	359.427	133.644	47.1214	-39.8473	226.954	331.829	437.734	6.15752	7	0	60.6859	88.6796	-1.7279	394.544	88.6796	-1.7279	394.544	
13193	23562	258.313	556.998	257.319	-99999	68.715	-0.972024	1	1	1	1	1	283.079	337.577	132.855	-117.879	700.064	716.248	304.372	333.984	359.095	133.819	8.37252	-117.879	699.995	708.057	716.248	4.5195	11	0	50.0734	68.7383	-24.0329	706.995	68.7383	-24.0329	706.995	
13193	22266	159.862	337.56	156.234	-99999	113.648	-0.993347	0	0	0	0	0	155.217	173.718	131.623	-22.2582	-659.953	-646.13	154.98	164.994	173.166	132.612	53.5224	-24.8	-659.972	-655.079	-645.879	4.30539	6	0	37.6306	90.503	-2.74258	803.155	-27.487	6.51479	794.298	
13193	18725	307.797	692.29	306.629	-99999	-2.641	-0.899091	1	1	1	1	1	314.191	194.693	132.912	-138.035	418.228	495.35	314.426	255.828	194.475	133.531	-1.91748	-138.434	418.043	461.332	495.49	4.4337	10	0	73.2589	-2.62086	-19.6494	448.544	-2.62086	-19.6494	448.544	
13187	9911	182.658	401.946	181.012	-99999	26.349	-0.985948	1	1	1	1	1	134.706	141.273	133.795	-43.977	226.439	256.658	134.676	135.486	140.926	133.795	43.709	-45.5486	226.439	240.95	256.935	9.29247	10	0	83.024	26.3801	-2.30644	242.745	26.3801	-2.30644	242.745	
13193	26046	312.983	656.976	312.276	-40.1338	-42.404	-0.831575	1	1	1	1	1	132.573	312.623	133.254	-118.146	66.6601	99.5368	132.573	218.415	313.013	133.254	4.12448	-118.72	66.6601	87.2287	99.5105	5.71726	7	0	69.5815	-42.3806	-28.0833	81.4766	-42.3806	-28.0833	81.4766	
13193	25374	127.566	299.36	127.312	-99999	56.392	-0.245005	1	1	0	0	0	270.391	341.405	-168.103	-134.474	-885.969	-785.801	359.21	323.537	288.05	-134.414	-151.254	-168.103	-785.602	-835.721	-885.969	4.38722	316	0	299.36	56.3581	-85.6177	-753.996	56.3581	-85.6177	-753.996	
13193	5657	319.41	676.955	315.045	28.4188	28.051	-0.971879	1	1	1	1	1	204.052	285.05	131.864	-168.119	-763.314	-796.948	203.797	243.769	286.174	132.973	-20.9071	-171.12	-763.276	-777.003	-797.22	4.51832	10	0	73.072	28.0793	-32.8519	-755.222	28.0793	-32.8519	-755.222	
13193	1483	172.96	377.82	169.42	-99999	-10.93	-0.543907	1	1	1	1	1	127.888	114.54	134.006	57.5179	-700.519	-552.469	127.97	122.659	114.286	134.436	88.0094	56.2066	-701.139	-629.706	-550.101	5.98506	16	0	79.6942	-10.8994	39.9591	-601.079	-10.8994	39.9591	-601.079	
13181	8737	217.356	508.979	212.109	-99999	62.366	-0.602837	1	1	1	1	1	71.053	219.946	67.5409	-53.6652	351.334	441.452	59.9716	136.736	212.532	68.6955	6.82253	-55.6196	350.538	396.23	442.75	5.25909	10	0	49.4959	62.4076	-1.39631	419.745	62.4076	-1.39631	419.745	
13181	11137	95.5198	250.203	94.1322	-99999	55.28	-0.904672	1	1	1	1	1	179.068	219.006	133.037	48.8506	-467.681	-454.439	169.87	190.285	210.376	134.157	91.4816	48.7155	-467.803	-461.274	-454.414	7.3402	12	0	67.2643	55.318	-37.9883	-435.892	55.318	-37.9883	-435.892	
13193	177	255.798	593.924	253.874	-99999	92.323	-0.991105	1	1	1	1	1	177.135	156.368	130.983	-120.143	-396.404	-374.672	177.217	170.958	156.199	132.641	5.63732	-120.351	-396.532	-383.822	-374.575	6.36295	15	0	75.1271	92.3567	-27.479	-384.344	92.3567	-27.479	-384.344	
13181	6950	206.493	585.141	196.933	68.9627	67.227	-0.678242	1	1	1	1	1	179.342	317.6	134.066	7.46448	-24.4468	-84.7048	179.342	251.394	324.392	134.066	67.3583	1.26513	-24.4468	-56.3099	-87.3144	11.504	9	0	157.566	67.263	-13.3506	68.58	67.263	-13.3506	68.58	
13181	7550	265.403	1036.77	263.765	65.952	64.679	-0.830135	1	1	1	1	1	243.608	171.567	130.701	-75.7949	-461.43	-315.937	244.176	206.252	171.567	132.055	25.1075	-75.7949	-462.139	-393.655	-315.937	6.26229	15	0	75.8952	64.7075	-15.0466	-376.797	64.7075	-15.0466	-376.797	
13193	9344	230.431	533.663	230.015	79.7485	80.39	-0.676938	1	1	1	1	1	321.695	202.691	133.768	-9.09172	-642.598	-508.043	321.848	263.291	202.656	134	58.5071	-9.13137	-642.79	-578.461	-507.993	5.06932	13	0	74.3858	80.4128	19.229	-574.25	80.4128	19.229	-574.25	
13193	6919	166.171	329.375	166.067	-99999	23.213	-0.722324	1	1	1	0	0	165.407	133.01	133.381	5.78913	751.864	851.414	165.38	143.029	132.983	133.381	69.5969	5.78913	751.864	800.159	851.414	6.41865	9	0	70.0305	23.2394	18.2589	790.959	23.2394	18.2589	790.959	
13193	6121	343.698	790.12	343.185	47.0482	46.638	-0.919309	1	1	1	1	1	313.647	180.459	133.923	-159.102	467.477	572.642	313.806	247.231	180.459	134.386	-19.5364	-159.102	467.357	504.681	572.642	6.03392	16	0	78.1189	46.6715	-22.4525	506.248	46.6715	-22.4525	506.248	
13193	6481	160.115	366.757	159.758	-99999	79.28	-0.965843	1	1	1	1	1	287.468	334.19	133.865	-18.3413	507.461	517.286	312.204	332.631	359.016	134.206	56.9987	-18.3413	507.44	512.894	517.286	8.49345	6	0	54.5897	79.2837	6.98429	508.195	79.2837	6.98429	508.195	
13187	10248	206.544	496.312	205.742	-797.987	2.421	-0.928919	1	1	1	1	1	217.776	157.714	131.808	-60.9935	806.592	844.469	217.955	189.702	157.714	132.546	35.3696	-60.9935	806.364	826.27	844.469	11.1497	6	0	61.3005	2.44671	-27.6274	518.028	19.0367	-10.8866	766.743	
13193	14313	806.968	2049.8	806.715	-11.7985	-12.936	-0.393069	1	1	1	1	1	129.087	339.059	133.656	-167.185	-87.337	-803.244	129.046	236.329	339.059	133.752	-27.2851	-167.185	-87.1176	-440.97	-803.244	8.04073	16	0	90.6247	-12.8752	-35.3905	-486.756	-12.8752	-35.3905	-486.756	
13193	21491	164.017	450.404	163.97	-99999	56.371	-0.948964	1	1	1	1	1	168.358	219.192	133.561	-19.434	549.37	579.221	159.489	184.694	210.333	133.603	57.0184	-19.434	549.362	564.311	579.221	11.4278	10	0	108.311	56.3991	-19.8702	583.859	56.3991	-19.8702	583.859	
13193	20913	51.8341	167.441	50.0307	-99999	24.934	-0.948831	0	0	0	0	0	186.468	204.253	132.142	91.3811	381.949	393.509	190.358	199.164	208.143	132.142	113.919	91.3811	381.949	389.816	393.509	7.55439	21	0	119.875	24.9657	26.2899	401.755	24.9657	26.2899	401.755	
13193	19693	326.885	698.726	286.539	-99999	-47.823	-0.962225	1	1	1	1	1	121.252	199.993	128.428	-146.032	533.24	557.136	119.467	164.829	208.435	135.081	-21.32	-178.178	532.566	546.411	559.733	5.85888	12	0	72.4753	-47.7861	-12.6302	553.238	-47.7861	-12.6302	553.238	
13181	13304	355.711	785.232	354.619	-31.7575	-32.816	-0.848729	1	1	1	1	1	245.157	106.828	132.002	-151.005	-534.965	-384.78	245.603	163.806	106.828	132.921	-14.2094	-151.005	-535.319	-478.32	-384.78	5.63383	13	0	71.0599	-32.777	-43.8423	-453.322	-32.777	-43.8423	-453.322	
13181	16784	254.352	347.589	252.954	-99999	16.592	-0.936219	1	1	1	1	1	160.494	182.956	133.328	-7.05312	667.149	811.162	160.475	180.868	182.998	133.328	15.515	-7.52264	667.149	710.234	811.804	4.29229	9	0	8.68964	16.6257	-22.1894	717.537	16.6257	-22.1894	717.537	
13193	2853	73.1507	221.219	72.0269	-99999	103.131	-0.988226	0	0	0	0	0	113.903	133.482	132.772	65.253	530.152	518.835	113.746	120.079	133.487	133.501	97.8106	64.9928	530.312	526.812	518.74	11.04	6	0	102.29	-999999	-999999	-999999	-999999	-999999	-999999	
13193	26139	127.761	315.851	127.675	-99999	107.411	-0.9929	0	0	0	0	0	203.035	182.014	133.338	7.61306	-672.403	-674.262	236.67	227.748	215.626	133.338	70.1248	7.5327	-672.403	-673.56	-674.266	4.01061	9	0	73.7088	43.7611	-24.919	-163.205	43.7611	-24.919	-163.205	
13193	10635	343.234	802.626	342.566	111.975	112.004	-0.799878	0	0	0	0	0	63.4956	234.261	134.498	-155.004	-557.399	-606.771	63.1051	153.755	234.261	135.027	-9.44518	-155.004	-557.342	-575.771	-606.771	7.8212	12	0	77.0254	79.0558	70.0242	234.314	-7.07422	-21.3395	-531.025	
13187	6287	136.846	333.846	136.845	-99999	15.543	-0.790479	1	1	1	1	1	64.306	148.432	39.6725	-63.8644	37.9357	66.9516	64.2882	107.583	148.415	39.6725	-11.6575	-63.8644	37.9357	50.8836	66.9516	6.84655	9	0	86.3918	15.5762	-1.60727	51.7479	15.5762	-1.60727	51.7479	
13193	9185	90.5928	240.416	89.7665	-99999	116.881	-0.486107	0	0	0	0	0	279.812	322.515	133.575	89.7112	280.755	346.381	316.252	337.181	359.363	133.728	111.549	89.4642	280.529	314.017	346.752	13.9599	7	0	71.4658	64.0849	51.4109	751.963	30.8049	-25.7414	-38.8129	
13193	6554	163.511	160.302	162.526	-99999	98.968	-0.703471	1	1	1	1	1	228.7	233.6	130.299	-9.32013	159.144	240.772	259.691	262.482	264.46	130.299	61.8189	-10.1735	159.144	202.729	241.096	6.59198	6	0	116.821	99.0062	-22.5359	247.608	99.0062	-22.5359	247.608	
13193	7645	433.593	990.451	427.994	-99999	90.027	-0.72836	1	1	1	1	1	324.883	226.659	133.471	-166.779	587.643	874.211	353.309	296.802	253.927	134.178	-21.3332	-169.988	587.021	726.893	877.394	12.341	11	0	74.4414	90.0634	-33.4482	692.591	90.0634	-33.4482	692.591	
13193	7885	147.814	1313.34	146.183	-99999	103.09	-0.942647	0	0	0	0	0	202.975	178.319	133.381	-1.38177	-496.797	-547.643	235.398	222.857	210.557	134.574	66.5647	-1.73104	-496.414	-522.416	-547.746	4.70652	12	0	81.4482	-999999	-999999	-999999	-999999	-999999	-999999	
13193	8240	358.187	797.489	357.681	-30.1076	-33.557	-0.695943	1	1	1	1	1	357.215	194.573	134.708	-95.7957	637.863	853.341	357.337	278.114	194.462	134.873	14.1902	-95.9221	637.738	743.12	853.533	4.00984	13	0	68.0806	-33.5186	-17.1998	719.128	-33.5186	-17.1998	719.128	
13193	9800	22.5465	31.3523	10.6465	131.431	5.25	-0.753192	0	0	0	0	0	108.614	114.69	132.619	124.038	-859.901	-859.691	106.877	113.797	118.555	135.538	126.725	118.705	-860.296	-859.939	-854.865	4.11448	11	0	31.3523	53.4564	-26.9542	170.501	97.1464	-12.2786	-779.944	
13193	6812	318.246	724.448	316.955	-99999	88.604	-0.980271	1	1	1	1	1	93.1081	170.233	132.581	-169.87	687.202	730.235	92.7664	125.684	170.131	133.843	-20.8199	-169.87	687.139	703.993	730.235	5.97635	12	0	76.7337	88.6291	-18.5665	702.858	88.6291	-18.5665	702.858	
13193	9487	137.933	390.241	137.645	-99999	5.083	-0.921166	1	1	1	1	0	122.804	105.649	133.39	6.78916	-260.054	-209.569	122.804	113.497	105.572	133.414	69.314	6.54996	-260.063	-236.508	-209.497	8.39212	10	0	110.452	5.10525	22.1168	-222.496	5.10525	22.1168	-222.496	
13193	10207	288.926	1969.8	279.883	-99999	60.509	-0.0570298	0	0	0	0	0	170.982	138.125	134.022	-95.0874	193.125	58.6836	170.913	149.675	134.987	134.022	20.6603	-100.732	193.125	123.754	56.5011	624.897	11	0	431.753	79.0839	33.5597	-95.8617	79.0839	33.5597	-95.8617	
13193	11767	347.947	983.12	346.711	-99999	115.277	-0.399412	0	0	0	0	0	233.706	322.948	132.952	-14.2607	-147.062	153.801	269.402	314.372	359.046	133.438	60.0229	-14.2607	-148.116	3.04372	153.801	18.4608	6	0	64.8803	63.9975	-112.648	-211.967	63.9975	-112.648	-211.967	
13193	18969	115.439	289.797	115.344	-99999	40.579	-0.879801	1	1	1	0	0	220.273	271.442	131.821	29.5465	290.912	304.165	232.98	257.935	284.195	131.821	80.6529	29.466	290.912	300.053	304.17	4.91277	6	0	80.4871	40.6084	12.2733	293.403	40.6084	12.2733	293.403	
13193	19208	345.016	770.808	344.789	-99999	64.256	-0.924311	1	1	1	1	1	233.43	218.753	132.96	-165.957	647.594	481.49	253.551	248.255	238.836	132.96	-17.6905	-166.129	647.594	566.686	481.395	23.37	15	0	98.849	64.2857	-21.3477	555.86	64.2857	-21.3477	555.86	
13193	21248	49.0498	132.461	49.0306	-99999	21.268	-0.811581	0	0	0	0	0	156.463	188.743	133.101	97.7745	-569.515	-560.733	159.78	174.543	192.06	133.101	114.481	97.7745	-569.515	-563.964	-560.733	4.00447	8	0	65.9843	-23.5228	31.013	-560.902	-23.5228	31.013	-560.902	
13193	18788	267.606	583.002	266.504	-99999	-7.368	-0.929547	1	1	1	1	1	178.204	116.048	131.343	-117.122	486.227	548.04	178.226	137.021	116.377	131.386	8.89596	-118.068	486.216	520.629	548.161	7.72815	6	0	70.5672	-7.33886	-29.0285	537.223	-7.33886	-29.0285	537.223	
13193	20828	159.413	413.238	157.336	-99999	4.982	-0.963652	1	1	1	1	0	121.094	97.6022	133.622	-17.8339	186.129	219.994	121.088	107.932	97.0919	133.622	56.442	-19.8035	186.129	200.563	220.388	6.05788	11	0	79.1336	5.00572	14.0315	206.659	5.00572	14.0315	206.659	
13193	18799	113.848	261.015	113.254	-99999	-4.315	-0.937726	1	1	0	0	0	100.86	135.358	133.124	27.2662	226.631	246.399	100.768	117.754	135.438	133.487	80.5061	27.0741	226.549	238.466	246.414	5.26023	8	0	72.4655	-4.30849	32.4336	234.58	-4.30849	32.4336	234.58	
13193	22402	313.171	850.897	311.232	-99999	61.376	-0.896902	1	1	1	1	1	297.728	229.132	132.949	-141.672	17.1692	143.855	317.034	283.842	248.212	133.338	-2.41589	-143.14	17	87.4087	144.117	4.05062	14	0	97.6669	61.4022	-11.519	83.4432	61.4022	-11.519	83.4432	
13193	25127	264.127	620.65	264.125	-99999	-18.288	-0.798937	1	1	1	1	1	185.61	141.25	133.041	-89.3826	109.667	243.561	185.631	169.106	141.271	133.041	21.4415	-89.3826	109.667	177.97	243.561	4.83155	13	0	76.1432	-18.2552	-19.1604	196.205	-18.2552	-19.1604	196.205	
13181	15519	200.732	504.61	197.239	-99999	44.819	-0.720287	1	1	1	1	1	237.486	221.568	131.018	5.41135	488.739	637.162	251.562	246.193	235.359	131.47	59.5592	4.0659	488.315	557.806	639.654	9.99287	19	0	111.692	44.865	-8.47498	580.263	44.865	-8.47498	580.263	
13193	25972	165.21	367.605	162.717	-99999	-29.149	-0.956459	1	1	1	1	1	205.871	154.874	125.529	-27.8942	230.647	237.122	210.526	186.952	158.805	125.8	47.2596	-29.9759	230.608	238.368	237.445	5.05126	10	0	73.6198	-29.1204	-4.13466	232.775	-29.1204	-4.13466	232.775	
13181	13033	327.295	758.411	327.241	-99999	-28.051	-0.609192	1	1	1	1	1	144.902	193.203	132.579	-38.5221	33.4488	306.828	144.938	169.623	193.235	132.612	41.2635	-38.5221	33.4134	166.71	306.828	5.34753	15	0	75.257	-28.0082	1.34509	184.939	-28.0082	1.34509	184.939	
13181	12160	164.114	358.587	164.11	-99999	-24.294	-0.682972	1	1	1	1	1	68.8741	170.404	-5.02613	-114.425	708.775	775.662	68.9019	116.853	170.432	-5.02613	-62.5828	-114.425	708.775	742.024	775.662	4.67236	8	0	63.8508	-24.2507	-39.3953	736.85	-24.2507	-39.3953	736.85	
13193	10945	57.1982	176.212	53.9789	-99999	65.682	-0.639541	1	0	0	0	0	314.961	338.242	133.82	99.3184	-718.422	-752.776	335.529	347.773	360.588	133.82	115.422	97.4971	-718.422	-736.573	-754.731	4.75395	18	0	84.5468	65.7103	76.5912	-770.76	65.7103	76.5912	-770.76	
13193	10478	177.129	409.036	176.674	-99999	-0.857	-0.9907	1	1	1	1	1	189.668	165.299	132.611	-40.6638	-405.61	-389.432	189.711	181.58	165.3	133.046	45.2596	-40.6638	-405.653	-397.646	-389.432	5.25349	8	0	65.0212	-0.83787	-5.70063	-390.747	-0.83787	-5.70063	-390.747	
13193	13232	401.113	2403.5	388.778	32.892	33.3	-0.727309	1	1	1	1	1	252.234	77.8274	131.119	-171.443	-349.732	-183.109	253.12	162.753	76.3107	132.591	-22.4813	-174.117	-350.824	-261.467	-173.371	12.4819	6	0	35.9848	33.3357	-38.5445	-247.785	33.3357	-38.5445	-247.785	
13193	17794	235.586	512.135	234.166	88.3689	88.402	-0.747021	1	1	1	1	1	278.811	132.639	133.332	-38.5398	-404.482	-344.187	278.811	205.865	131.967	133.332	45.874	-39.7255	-404.482	-374.821	-343.811	4.65796	11	0	72.9105	88.4266	-1.91324	-365.953	88.4266	-1.91324	-365.953	
13193	13889	228.705	559.339	226.466	-99999	85.466	-0.359483	1	1	1	1	1	220.319	315.93	133.535	49.3986	-197.338	-10.1709	247.082	295.714	343.348	133.535	91.2533	48.0729	-197.338	-102.911	-8.50153	5.74203	8	0	72.2374	85.5112	29.912	-19.8405	-42.6688	54.7154	-60.8875	
13181	12736	222.825	527.593	221.77	-99999	60.984	-0.972432	1	1	1	1	1	98.9098	149.402	132.678	-81.0512	-466.955	-439.87	98.7268	119.534	149.437	133.282	24.822	-81.4634	-467.045	-452.497	-439.794	5.41519	8	0	75.0674	61.0134	-8.98001	-445.185	61.0134	-8.98001	-445.185	
13193	14248	309.402	778.494	309.042	36.61	35.646	-0.971393	1	1	1	1	1	129.968	252.669	133.531	-146.289	196.645	220.645	129.968	180.596	252.79	133.531	-12.409	-146.621	196.645	195.744	220.677	6.73407	6	0	100.683	35.6778	-12.4872	201.143	35.6778	-12.4872	201.143	
13193	12820	223.464	519.122	222.447	-99999	45.775	-0.816363	1	1	1	1	1	235.464	344.679	132.32	-55.32	-823.839	-777.865	249.231	308.703	359.013	133.144	41.743	-55.32	-824.004	-799.881	-777.865	4.73156	7	0	51.1733	45.7985	-16.9068	-776.33	45.7985	-16.9068	-776.33	
13193	13061	91.8731	205.336	90.8672	-99999	35.743	-0.805505	0	0	0	0	0	162.478	216.253	133.171	67.0873	594.441	625.051	156.504	184.315	210.801	133.72	99.5269	66.8445	594.263	606.959	625.193	5.67289	12	0	56.6886	44.0644	18.9253	617.351	44.0644	18.9253	617.351	
13193	14141	208.301	478.974	208.119	-99999	-15.962	-0.908369	1	1	1	1	1	64.4167	103.958	123.944	-60.4009	-442.644	-355.013	64.4003	85.0762	103.976	124.107	31.3653	-60.4009	-442.709	-400.181	-355.013	5.27238	16	0	79.3367	-15.9337	16.5831	-391.828	-15.9337	16.5831	-391.828	
13193	17773	312.187	801.924	307.751	-99999	41.564	-0.597709	1	1	1	1	1	220.049	344.145	132.363	-52.9836	150.492	362.433	232.751	295.836	358.65	132.792	38.4701	-55.0156	150.01	257.192	365.152	6.2298	6	0	126.329	41.6006	-17.384	304.052	41.6006	-17.384	304.052	
13193	15732	247.354	542.352	246.938	-99999	58.451	-0.970846	1	1	1	1	1	99.2411	123.551	134.243	-99.428	278.545	348.762	99.1641	118.133	123.432	134.317	16.8074	-99.7299	278.53	311.244	348.835	4.74733	11	0	72.8022	58.4787	-15.6955	319.547	58.4787	-15.6955	319.547	
13193	16222	172.907	409.25	172.54	-99999	78.743	-0.91898	1	1	1	0	0	299.699	334.369	-168.353	-5.09932	-885.746	-842.253	359.061	340.701	324.311	-4.95554	-86.2465	-168.547	-842.201	-865.09	-885.807	5.14053	368	0	409.25	78.7624	-25.6531	-835.075	78.7624	-25.6531	-835.075	
13193	17219	248.59	607.859	247.899	-99999	101.398	-0.733152	0	0	0	0	0	194.385	343.224	127.276	-60.1165	580.623	516.049	210.036	284.751	359.311	127.598	33.5503	-60.2983	580.73	548.817	515.978	14.7888	9	0	50.8068	-23.7585	-67.049	-448.975	-23.7585	-67.049	-448.975	
13193	19969	94.9313	228.502	94.479	-99999	-39.257	-0.968745	1	0	0	0	0	137.329	116.219	133.355	41.7415	408.973	401.192	137.38	127.662	116.154	133.375	87.0769	41.3297	408.973	405.514	401.147	4.30316	6	0	79.4371	-39.237	36.3003	403.764	-39.237	36.3003	403.764	
13181	3438	266.618	635.796	264.363	96.0124	95.2	-0.86806	1	1	1	1	1	196.222	295.835	131.726	-95.1092	165.994	77.9971	195.772	240.005	296.062	132.989	18.8698	-95.8686	166.558	114.062	77.9362	5.53042	9	0	75.566	95.2384	-29.9286	95.9235	95.2384	-29.9286	95.9235	
13193	21070	271.265	662.317	269.473	-99999	87.896	-0.929934	1	1	1	1	1	204.907	120.694	132.58	-119.001	591.929	550.745	205.161	163.969	120.528	133.514	6.71372	-119.733	592.067	567.686	550.965	22.5579	11	0	84.4172	87.9343	-31.9923	570.248	87.9343	-31.9923	570.248	
13193	18954	263.971	581.72	263.056	13.7485	15.906	-0.644347	1	1	1	1	1	61.9065	256.842	118.64	-55.6763	547.223	527.042	61.2169	162.988	256.842	119.223	35.6725	-55.6763	547.307	540.249	527.042	8.10785	7	0	80.8373	15.9542	8.39909	542.195	15.9542	8.39909	542.195	
13181	19287	360.37	771.665	353.937	61.1528	60.114	-0.786322	1	1	1	1	1	323.442	122.136	134.148	-139.633	238.666	148.826	323.469	225.334	118.045	134.193	-4.59625	-144.483	238.686	179.385	148.411	4.87696	6	0	70.8637	60.1316	-18.4833	179.571	60.1316	-18.4833	179.571	
13187	7202	126.392	396.286	120.728	-99999	47.132	-0.988709	1	1	1	1	1	175.994	180.02	129.946	10.7191	-154.043	-170.273	175.852	179.144	179.89	132.693	70.0179	7.89956	-153.636	-160.78	-170.532	6.70392	6	0	206.242	47.1655	11.3014	-163.872	47.1655	11.3014	-163.872	
13193	23999	310.212	712.624	309.535	-99999	91.794	-0.964714	1	1	1	1	1	84.4661	136.153	133.644	-163.948	212.481	153.136	84.3611	101.667	136.096	133.644	-16.4006	-164.577	212.481	178.103	153.319	27.6734	8	0	90.6654	91.814	-7.686	181.601	91.814	-7.686	181.601	
13193	18688	159.568	360.15	158.961	49.7353	51.509	-0.857869	1	1	1	1	1	169.286	254.43	133.021	0.840266	-290.334	-309.681	169.227	213.505	254.627	133.13	68.5493	0.469546	-290.313	-304.437	-309.745	7.18028	10	0	73.0058	51.5449	4.14872	-310.416	51.5449	4.14872	-310.416	
13193	20609	276.447	616.098	271.742	-32.2979	-33.665	-0.717973	1	1	1	1	1	265.375	166.4	129.921	-42.2029	544.864	729.086	266.667	220.285	166.4	133.273	42.8683	-42.2029	541.834	635.423	729.086	5.21173	18	0	76.8813	-33.6145	-14.6844	645.663	-33.6145	-14.6844	645.663	
13193	25457	155.939	366.012	155.479	44.8437	43.451	-0.846542	1	1	1	1	1	257.073	188.424	132.552	4.60048	569.407	623.302	257.187	222.645	188.364	132.775	67.4649	4.44364	569.325	594.027	623.394	6.59651	14	0	71.3093	37.2767	-29.971	-579.85	78.6467	-7.16709	200.439	
13193	24933	187.64	423.711	187.552	-99999	-48.447	-0.6984	1	1	1	1	0	150.972	127.838	134.026	4.15309	-834.666	-702.979	151.027	140.944	127.893	134.026	70.2871	4.15309	-834.666	-766.639	-702.979	4.94551	13	0	76.8331	-48.4285	16.2725	-732.199	-48.4285	16.2725	-732.199	
13181	32445	56.0922	151.388	53.2814	-99999	101.182	-0.953813	0	0	0	0	0	267.9	275.397	128.129	75.671	470.61	474.25	299.179	303.879	307.108	129.319	101.774	74.197	470.589	471.084	474.574	5.53435	8	0	73.0891	67.0007	-24.4196	-582.656	67.0007	-24.4196	-582.656	
13181	33165	375.778	857.512	375.416	-99999	81.782	-0.799866	1	1	1	1	1	304.935	185.659	133.519	-146.83	-373.411	-592.586	330.624	270.936	211.268	133.808	-7.51031	-146.83	-373.213	-481.595	-592.586	9.86162	14	0	55.4291	81.8151	-4.90407	-477.291	81.8151	-4.90407	-477.291	
13181	5157	124.937	310.163	124.935	-99999	-4.535	-0.870213	1	1	1	1	0	124.93	173.051	133.715	23.6931	-426.408	-392.756	124.935	150.978	173.056	133.715	79.4236	23.6931	-426.408	-409.854	-392.756	5.05385	11	0	73.9936	-9.49837	-24.7424	62.4666	-9.49837	-24.7424	62.4666	
13181	15745	117.75	286.761	114.785	-99999	112.104	-0.896344	0	0	0	0	0	225.987	259.372	131.898	24.176	-228.889	-217.155	260.65	277.052	294.927	132.968	78.333	22.4828	-229.195	-215.091	-217.361	4.55804	10	0	89.6249	65.3326	-59.2961	-792.313	13.6926	-15.9855	6.60564	
13181	4607	352.424	781.982	350.404	29.0904	28.908	-0.724622	1	1	1	1	1	139.132	259.409	133.343	-96.6247	311.606	79.6518	138.97	202.447	259.917	133.648	7.89028	-97.6559	311.845	206.291	78.5443	5.70566	13	0	79.3551	28.9468	-18.5144	176.212	28.9468	-18.5144	176.212	
13181	6047	310.043	711.006	308.682	54.283	53.616	-0.941461	1	1	1	1	1	266.081	164.765	132.439	-151.754	148.703	204.052	266.315	214.394	164.666	133.247	-8.59986	-152.233	148.542	182.779	204.022	5.89581	8	0	84.678	53.6375	-23.1677	182.21	53.6375	-23.1677	182.21	
13181	6877	309.177	695.733	308.878	-99999	55.625	-0.849616	1	1	1	1	1	70.0825	219.369	102.593	-160.336	-886.994	-824.059	61.3414	134.846	210.776	102.593	-29.5658	-160.587	-886.994	-854.998	-824.004	9.64997	9	0	60.7451	55.6606	-12.2044	-809.372	55.6606	-12.2044	-809.372	
13181	7597	274	643.163	273.485	87.4325	86.172	-0.99011	1	1	1	1	1	208.272	240.756	130.401	-140.252	638.872	644.326	208.261	224.944	240.765	130.492	-5.31531	-140.655	638.866	643.676	644.344	8.76102	7	0	102.914	86.1898	-20.5711	636.979	86.1898	-20.5711	636.979	
13181	5998	106.642	263.488	106.571	-99999	-25.253	-0.854833	1	1	1	0	0	357.426	300.21	133.549	44.1402	744.181	747.276	349.553	321.49	292.302	133.607	88.3393	44.1402	744.179	746.56	747.276	16.4363	9	0	87.5352	-25.226	34.6493	746.026	-25.226	34.6493	746.026	
13181	8878	125.963	317.871	125.397	-99999	22.525	-0.967778	1	1	1	1	0	170.771	144.401	133.302	11.1808	-115.912	-110.754	170.786	156.61	144.342	133.458	72.33	10.7818	-115.921	-111.504	-110.766	7.37487	7	0	95.5064	22.5571	12.0576	-109.145	22.5571	12.0576	-109.145	
13181	11440	151.946	693.978	151.92	-99999	70.699	-0.821117	1	1	1	1	1	254.703	330.577	132.998	3.66747	-397.086	-375.149	276.842	315.217	352.716	132.998	68.2702	3.66747	-397.086	-387.372	-375.149	9.07566	7	0	119.177	70.7265	1.38292	-380.578	70.7265	1.38292	-380.578	
13181	11560	49.5195	120.196	49.1966	-99999	50.064	-0.881565	1	1	1	1	1	263.67	286.971	132.533	89.2077	486.255	486.584	279.347	291.074	302.795	132.533	110.727	88.92	486.255	486.34	486.589	5.04413	8	0	53.2554	50.0913	5.17945	475.484	50.0913	5.17945	475.484	
13181	7839	286.364	749.362	285.021	-99999	114.925	-0.794598	0	0	0	0	0	187.308	323.199	131.087	-100.301	304.682	208.941	223.296	291.435	359.925	131.087	15.2835	-101.305	304.682	255.45	208.446	5.81379	13	0	58.4982	67.9788	-34.5336	152.351	67.9788	-34.5336	152.351	
13181	6812	276.438	608.632	275.659	-99999	106.308	-0.93983	0	0	0	0	0	66.9418	109.177	133.775	-126.055	596.487	676.723	66.7741	88.7949	109.071	134.352	4.26447	-126.188	596.284	636.818	676.757	6.51358	11	0	73.138	-999999	-999999	-999999	-999999	-999999	-999999	
13187	746	271.763	617.001	270.494	56.312	55.592	-0.987255	1	1	1	1	1	253.939	178.308	133.157	-121.146	-215.286	-207.328	253.939	233.434	177.776	133.157	-0.381999	-122.289	-215.286	-203.819	-207.275	16.1928	7	0	94.238	55.6073	-13.9694	-211.668	55.6073	-13.9694	-211.668	
13181	4461	420.196	931.844	420.188	-99999	-5.259	-0.421605	1	1	1	1	1	358.334	127.865	30.848	-123.412	485.986	799.269	358.334	244.908	127.865	30.848	-56.6586	-123.412	485.986	639.429	799.269	4.16298	13	0	72.1413	-5.24639	-28.9853	549.855	72.9636	-25.4671	681.861	
13181	6985	113.824	331.823	113.773	-99999	18.699	-0.342437	0	0	0	0	0	355.139	300.256	133.525	99.2118	229.877	322.829	360.994	333.487	306.112	133.525	114.571	99.2118	229.877	275.566	322.829	4.78384	13	0	70.028	20.444	64.5893	-198.651	81.714	-24.4727	-175.735	
13181	9132	327.666	769.479	317.941	-99999	66.749	-0.952234	1	1	1	1	1	314.721	277.829	133.573	-171.159	-802.127	-884.878	335.663	316.432	297.646	134.458	-22.4268	-179.58	-801.844	-844.867	-887.137	8.19968	10	0	51.6379	66.7719	-6.21747	-812.205	66.7719	-6.21747	-812.205	
13181	10269	273.956	599.166	273.18	-99999	72.414	-0.918873	0	0	0	0	0	297.283	217.06	132.836	-117.716	568.999	637.988	320.22	278.506	239.736	133.544	8.25166	-117.716	568.85	604.802	637.988	7.36507	6	0	73.1451	-3.9089	-1.06031	-582.741	-3.9089	-1.06031	-582.741	
13181	9862	200.322	440.172	198.81	71.0531	68.884	-0.693798	1	1	1	1	1	126.672	281.289	133.562	9.85938	237.818	230.891	126.672	202.036	282.401	133.562	67.6885	8.8501	237.818	237.312	230.787	5.22736	6	0	70.2658	68.933	6.42326	228.972	68.933	6.42326	228.972	
13181	8001	57.4631	1042.69	57.372	-99999	-17.039	-0.825559	1	1	1	1	1	140.364	166.23	132.765	85.2451	-730.232	-711.288	140.344	153.265	166.249	132.839	109.097	85.2451	-730.264	-720.531	-711.288	43.8385	10	0	817.668	-21.145	-25.9382	-26.4524	-31.545	-16.0473	-531.157	
13181	9081	189.331	422.829	188.523	-99999	84.449	-0.895142	0	0	0	0	0	83.6101	144.197	133.074	-32.5089	-261.096	-195.488	83.2977	116.339	144.1	133.797	51.6898	-32.5089	-261.376	-228.046	-195.488	6.3305	9	0	67.988	60.7755	11.8092	-205.936	60.7755	11.8092	-205.936	
13181	12299	94.2653	247.316	93.9223	-19.9842	-21.447	-0.899892	1	1	1	0	0	228.205	188.289	132.17	51.0224	-613.295	-589.766	228.296	210.766	188.25	132.411	90.2798	50.9626	-613.358	-601.792	-589.744	8.84155	10	0	89.2281	-21.4117	21.3054	-597.398	-21.4117	21.3054	-597.398	
13181	15899	209.38	475.316	208.469	-99999	33.978	-0.880792	1	1	1	1	1	256.558	348.497	133.215	-50.4201	-266.571	-230.879	267.198	314.126	359.569	133.215	41.2666	-51.2106	-266.571	-249.214	-230.763	6.21951	6	0	69.9584	34.0025	-14.009	-238.328	34.0025	-14.009	-238.328	
13181	14771	163.423	386.974	161.781	-99999	-46.846	-0.9863	1	1	1	1	1	182.328	199.234	127.293	-32.7917	666.242	678.236	182.339	188.46	199.438	127.982	46.6617	-33.7089	666.133	669.435	678.334	5.63827	12	0	77.2989	-46.8046	-3.66727	663.063	-46.8046	-3.66727	663.063	
13181	12043	241.103	1862.72	239.308	-26.6947	-26.067	-0.689201	1	1	1	1	1	153.172	316.648	133.386	-24.0259	-438.123	-509.723	153.073	233.298	317.501	133.505	55.3585	-25.4032	-438.056	-482.489	-509.775	4.85634	7	0	72.8504	-26.0503	5.92071	-539.475	-26.0503	5.92071	-539.475	
13181	12195	351.157	766.942	351.118	31.2556	31.09	-0.87186	1	1	1	1	1	150.604	273.207	133.883	-158.755	379.772	244.289	150.604	225.576	273.207	133.883	-14.1432	-158.755	379.772	322.795	244.289	6.68386	8	0	58.6916	31.1252	-32.1038	306.923	31.1252	-32.1038	306.923	
13181	19730	278.452	621.005	277.28	114.395	114.455	-0.86917	0	0	0	0	0	248.725	129.528	132.713	-102.018	418.875	494.202	249.248	179.158	129.528	133.729	16.9873	-102.018	418.661	447.456	494.202	5.70206	12	0	77.8637	31.5012	-15.2273	-618.869	31.5012	-15.2273	-618.869	
13181	19564	440.922	692.355	440.715	-99999	-1.774	-0.231095	1	1	1	1	1	109.935	115.27	130.784	24.2883	-342.779	78.9516	109.937	125.824	115.258	130.784	82.5459	24.2706	-342.779	-128.528	79.0234	4.59927	15	0	44.2775	-1.72961	24.3617	-62.8245	-1.72961	24.3617	-62.8245	
13187	9302	461.33	1070.23	461.103	63.0563	65.291	-0.63144	1	1	1	1	1	67.8005	317.945	134.028	-139.518	845.76	579.099	67.8005	189.39	318.034	134.028	-17.6771	-139.586	845.76	721.816	578.93	5.46908	15	0	76.3056	65.3351	-10.5981	701.158	65.3351	-10.5981	701.158	
13181	21729	122.177	434.314	120.36	110.11	108.125	-0.740899	0	0	0	0	0	202.254	273.392	132.753	46.0443	-604.582	-645.59	201.636	237.123	273.604	133.624	89.1565	45.7802	-604.103	-626.264	-646.125	5.68824	19	0	194.414	-999999	-999999	-999999	-999999	-999999	-999999	
13181	22101	370.996	887.879	370.607	-99999	104.375	-0.808899	0	0	0	0	0	193.776	342.805	128.68	-133.543	-460.197	-675.399	210.178	283.907	359.382	128.68	-2.94408	-133.769	-460.197	-568.03	-675.659	5.75604	15	0	44.4667	-26.0709	35.874	-797.922	-26.0709	35.874	-797.922	
13187	7710	395.924	2401.71	393.21	36.3666	35.605	-0.787735	1	1	1	1	1	144.086	348.643	133.457	-156.668	-656.664	-825.43	144.086	245.754	350.182	133.457	-12.8065	-158.854	-656.664	-742.921	-825.796	6.61164	12	0	49.0635	35.6338	-45.652	-745.222	35.6338	-45.652	-745.222	
13181	4248	298.951	631.052	298.752	65.9285	63.427	-0.988066	1	1	1	1	1	207.183	246.578	132.119	-158.892	-626.304	-673.783	207.181	220	246.597	132.136	-13.6011	-159.035	-626.303	-654.929	-673.799	5.65366	6	0	67.6027	63.4634	-27.9426	-646.879	63.4634	-27.9426	-646.879	
13181	5611	351.046	574.51	320.495	-162.819	101.984	-0.67295	0	0	0	0	0	210.816	222.538	132.794	-104.931	-795.274	-584.967	210.845	212.167	223.402	132.99	2.53244	-126.129	-795.489	-680.286	-564.179	6.6498	16	0	81.3504	-999999	-999999	-999999	-999999	-999999	-999999	
13181	10762	124.263	368.984	123.697	-99999	51.484	-0.693157	1	1	1	1	1	187.27	98.0733	127.245	41.9129	557.975	565.813	187.616	142.807	98.0144	127.637	84.7996	41.9129	557.941	562.065	565.813	8.13037	7	0	115.221	51.5134	8.65984	568.519	51.5134	8.65984	568.519	
13181	7561	224.172	3160.91	219.67	-99999	58.746	-0.742932	1	1	1	1	1	217.508	339.573	130.003	-28.2965	-544.97	-454.049	234.402	296.998	358.972	132.004	51.4455	-29.7201	-545.966	-499.592	-453.649	20.1976	7	0	55.6586	58.7812	-5.05646	-477.306	58.7812	-5.05646	-477.306	
13181	7312	186.671	1803.5	185.81	-99999	34.202	-0.670354	1	1	1	1	1	61.7058	199.644	-41.843	-166.097	-616.671	-610.567	61.0312	130.057	199.605	-41.269	-103.99	-166.097	-616.736	-613.272	-610.567	180.662	7	0	1433.23	34.229	-54.1432	-607.166	34.229	-54.1432	-607.166	
13181	7672	113.935	909.15	111.694	90.8633	89.223	-0.764139	1	1	1	0	0	169.848	222.202	133.014	47.8705	-103.758	-153.028	169.511	195.268	222.63	133.728	90.5539	46.7264	-103.262	-129.897	-153.483	6.12272	14	0	74.8218	93.4994	-23.0971	-374.331	93.4994	-23.0971	-374.331	
13181	10027	295.575	702.48	295.077	-99999	13.19	-0.886346	1	1	1	1	1	173.158	139.722	133.461	-141.95	654.835	751.415	173.229	157	139.689	133.727	-3.73552	-142.111	654.701	704.592	751.48	5.0303	11	0	52.1424	13.2156	-28.5905	705.768	13.2156	-28.5905	705.768	
13181	19320	34.2675	103.739	33.1751	-99999	111.349	-0.586674	0	0	0	0	0	276.548	302.5	132.951	112.8	169.97	174.528	310.541	323.902	337.368	133.588	123.141	112.8	169.828	172.241	174.528	5.16835	8	0	74.2841	-23.2073	-4.77389	-47.3636	-23.2073	-4.77389	-47.3636	
13181	13567	173.261	382.253	172.245	-99999	10.076	-0.766036	1	1	1	1	1	106.767	139.279	133.858	3.85505	-585.175	-479.448	106.749	127.321	139.187	133.889	71.5091	3.17743	-585.2	-528.751	-479.204	4.27698	13	0	46.2205	7.38454	19.5395	-488.687	7.38454	19.5395	-488.687	
13181	13597	272.571	704.495	270.579	-99999	5.481	-0.967986	1	1	1	1	1	111.928	84.7864	131.858	-124.686	270.524	348.904	111.979	101.503	84.4477	132.259	2.01498	-126.193	270.435	308.173	349.144	4.57919	10	0	81.9411	5.50696	-29.1213	321.295	5.50696	-29.1213	321.295	
13181	14528	182.541	948.832	178.992	-99999	91.59	-0.688351	1	1	1	1	1	228.567	328.576	58.8532	-66.5911	-894.538	-815.286	256.882	307.874	358.62	59.3016	-4.47294	-68.9886	-894.837	-854.063	-814.539	6.91018	9	0	75.0292	91.6221	-49.5213	-804.599	91.6221	-49.5213	-804.599	
13181	13049	177.004	393.824	176.504	-99999	-0.948	-0.962428	1	1	1	1	1	161.54	129.61	134.082	-38.5834	-529.104	-523.312	161.579	144.743	129.638	134.208	47.4074	-38.9445	-529.107	-530.094	-523.307	4.21195	9	0	67.6909	-0.921431	-12.4126	-515.7	-0.921431	-12.4126	-515.7	
13181	20392	184.191	610.608	183.459	-99999	55.23	-0.683219	1	1	1	1	1	197.226	82.5521	132.584	4.92043	-603.418	-538.808	197.479	139.873	82.3768	132.919	69.0099	4.71852	-603.596	-570.765	-538.759	22.413	10	0	221.095	55.2605	-0.907008	-541.607	55.2605	-0.907008	-541.607	
13181	5726	20.157	63.7759	19.6713	-99999	52.235	-0.852296	0	0	0	0	0	334.271	342.805	132.104	115.138	271.593	266.479	350.407	354.897	359.162	132.518	123.902	115.138	271.717	269.041	266.479	7.50837	10	0	63.7759	52.2632	60.8991	235.133	52.2632	60.8991	235.133	
13181	4297	24.2648	87.453	22.0536	-99999	95.702	-0.743268	0	0	0	0	0	201.593	192.116	133.139	117.923	-615.557	-602.97	201.483	195.956	191.183	133.139	124.182	116.711	-615.557	-609.549	-601.315	5.6159	21	0	83.4536	95.7375	32.8231	-607.99	95.7375	32.8231	-607.99	
13181	23988	205.993	442.872	204.731	-99999	80.889	-0.938426	1	1	1	1	1	265.001	215.779	132.71	-63.0227	-667.45	-662.44	290.617	256.507	241.146	133.616	37.4006	-63.2962	-667.604	-654.534	-662.413	4.02432	6	0	49.8995	80.9237	-4.26931	-653.88	80.9237	-4.26931	-653.88	
13181	1375	109.468	736.583	107.593	-99999	-12.232	-0.865907	1	1	1	1	1	101.474	83.8007	133.032	43.3268	-241.323	-185.622	101.69	92.7431	83.6001	133.838	85.9099	42.6756	-241.753	-216.892	-184.986	4.01673	20	0	159.401	-12.2043	9.07477	-178.663	-12.2043	9.07477	-178.663	
13181	635	196.217	456.332	195.539	-99999	-27.11	-0.926723	1	1	1	1	1	70.2625	147.882	133.056	-45.1955	-546.128	-532.342	70.0727	109.915	147.95	133.598	44.0803	-45.2726	-546.143	-542.317	-532.321	20.0327	11	0	88.1148	-27.1038	7.8724	-540.546	-27.1038	7.8724	-540.546	
13181	7763	170.316	404.572	169.49	31.2496	31.756	-0.994136	1	1	1	1	1	196.57	242.619	132.732	-27.9925	-141.151	-138.221	196.558	210.12	242.896	132.926	49.6029	-28.5436	-141.137	-144.121	-138.247	4.65226	8	0	70.251	31.785	3.32413	-146.75	31.785	3.32413	-146.75	
13187	8664	464.962	1016.93	464.318	44.8474	44.537	-0.733989	1	1	1	1	1	181.97	265.405	133.509	-157.499	870.18	522.82	181.97	229.269	265.469	133.509	-27.6095	-157.715	870.18	710.083	522.243	4.46818	12	0	82.5403	44.5792	-22.3967	660.867	44.5792	-22.3967	660.867	
13187	8280	336.944	712.413	333.88	37.084	38.088	-0.922478	1	1	1	1	1	282.516	157.79	133.244	-148.072	-750.278	-628.01	282.607	217.093	156.982	133.607	-13.1229	-149.861	-750.391	-700.382	-626.212	4.38258	17	0	86.0674	38.1249	-25.2426	-682.649	38.1249	-25.2426	-682.649	
13181	25211	278.231	626.009	276.136	-99999	35.353	-0.961423	1	1	1	1	1	246.113	339.229	133.172	-123.425	751.529	771.631	257.071	293.944	351.023	133.523	-0.508297	-124.979	751.523	753.442	771.778	5.71591	6	0	71.4016	35.3894	-52.4057	755.626	35.3894	-52.4057	755.626	
13181	15529	44.6741	131.862	43.9694	-99999	110.992	-0.889182	0	0	0	0	0	248.871	264.833	133.485	94.4142	21.6806	9.41891	283.479	291.524	299.689	133.873	113.946	94.1766	21.8195	15.7775	9.3534	6.84056	9	0	71.0626	92.1983	-31.324	-117.527	92.1983	-31.324	-117.527	
13181	13871	221.034	517.405	219.936	-99999	-27.966	-0.903276	1	1	1	1	1	170.981	82.7543	132.045	-57.7779	587.385	652.73	171.14	132.775	82.4111	132.398	34.1441	-58.318	587.274	619.931	652.979	6.5914	10	0	72.4105	-27.9331	-12.7449	634.253	-27.9331	-12.7449	634.253	
13181	14831	431.384	961.228	431.159	-99999	16.096	-0.454105	1	1	1	1	1	205.215	85.9939	133.339	-38.5369	-54.784	318.772	205.273	154.895	85.9755	133.438	41.8347	-38.5369	-54.9634	133.553	318.772	4.74732	11	0	68.5362	16.1566	-7.9958	184.495	16.1566	-7.9958	184.495	
13181	12187	154.955	389.16	154.816	-99999	86.902	-0.941403	1	1	1	0	0	101.244	95.8164	133.247	-14.1554	437.673	481.993	101.144	96.4758	95.6885	133.247	59.5672	-14.2684	437.673	460.658	482.025	5.18236	11	0	81.8631	86.9199	21.2792	467.19	86.9199	21.2792	467.19	
13181	3898	99.4528	249.855	99.4454	-99999	27.374	-0.762001	1	1	0	0	0	199.494	153.796	132.218	59.4137	-403.982	-354.587	199.465	178.37	153.765	132.223	94.788	59.4137	-403.985	-378.975	-354.587	4.31792	12	0	75.0481	27.4126	24.19	-364.615	27.4126	24.19	-364.615	
13181	16864	117.146	2181.65	115.16	-99999	21.842	-0.88882	1	1	1	1	1	132.03	182.233	132.818	32.822	680.187	705.764	131.815	157.69	182.848	133.226	81.7691	31.6964	680.101	690.744	706.572	11.5323	23	0	796.268	21.8742	-9.41418	694.898	21.8742	-9.41418	694.898	
13181	19995	167.012	398.595	166.975	-99999	23.916	-0.703987	1	1	1	1	1	125.103	102.932	132.357	10.8478	-338.426	-227.093	125.08	110.808	102.905	132.377	72.2717	10.8478	-338.446	-282.439	-227.093	4.08186	15	0	83.3928	23.9529	20.2795	-263.047	23.9529	20.2795	-263.047	
13181	1759	204.198	452.245	203.881	-99999	105.817	-0.962692	0	0	0	0	0	186.156	153.831	133.185	-65.464	-79.8715	-58.6234	186.105	175.073	153.71	133.483	33.4569	-65.464	-79.9186	-63.3841	-58.6234	10.0876	7	0	76.9121	-28.8463	-76.4464	-51.552	-28.8463	-76.4464	-51.552	
13187	11364	356.715	834.002	355.969	-480.39	-45.779	-0.837896	0	0	0	0	0	272.518	146.982	132.424	-167.997	-457.49	-323.889	272.828	191.659	146.982	133.043	-11.2892	-167.997	-457.749	-391.817	-323.889	4.31844	13	0	62.1633	-999999	-999999	-999999	-999999	-999999	-999999	
13181	19027	89.2007	260.22	85.9137	-99999	85.849	-0.665036	1	1	1	1	1	166.411	102.1	131.196	74.9475	577.976	586.931	166.71	133.362	99.9402	131.551	102.269	73.1705	577.942	582.338	587.34	11.7269	8	0	105.205	85.8738	31.6097	587.022	85.8738	31.6097	587.022	
13181	23467	206.726	485.689	206.43	-99999	68.579	-0.961576	1	1	1	1	1	160.711	149.982	133.987	-63.3883	189.392	247.442	160.642	156.581	149.846	134.037	35.3336	-63.5855	189.381	219.399	247.526	4.40264	8	0	65.1561	68.6088	-10.6755	224.707	68.6088	-10.6755	224.707	
13181	21655	113.24	295.054	113.159	-99999	29.094	-0.829956	1	1	1	0	0	169.251	122.994	133.61	46.1148	330.738	384.628	169.218	145.688	122.92	133.61	88.1278	46.0556	330.738	354.676	384.662	4.80946	12	0	72.1508	29.1155	27.2991	376.253	29.1155	27.2991	376.253	
13181	25644	317.97	741.191	316.808	-99999	-11.627	-0.936421	1	1	1	0	0	281.918	334.944	132.812	-170.247	778.315	847.127	277.995	311.633	331.31	133.786	-15.993	-170.327	778.064	819.263	847.131	90.6606	7	0	152.645	-11.5978	-28.8797	800.271	-11.5978	-28.8797	800.271	
13187	7130	358.652	810.251	357.639	30.4549	28.879	-0.45758	1	1	1	1	1	76.4088	221.331	133.761	-18.0362	172.565	-115.672	76.274	153.439	221.692	133.934	55.0366	-18.0442	172.872	31.6112	-116.174	5.10904	13	0	74.7985	28.9259	15.0113	23.5161	28.9259	15.0113	23.5161	
13181	27680	148.619	342.258	148.344	-99999	77.661	-0.94937	1	1	1	1	1	243.611	197.494	132.697	-7.14089	-338.331	-356.283	255.889	232.849	209.698	132.959	62.9148	-7.14089	-338.297	-347.49	-356.283	12.2014	9	0	58.8217	77.6867	-23.4135	-414.685	77.6867	-23.4135	-414.685	
13181	818	350.748	761.79	348.932	100.48	98.924	-0.872314	1	1	1	1	1	290.915	93.4802	133.262	-147.975	-126.062	-74.2984	291.485	195.167	93.1746	134.37	-10.5007	-148.403	-126.22	-104.771	-74.1283	7.22143	9	0	81.898	98.9548	-26.3406	-98.7827	98.9548	-26.3406	-98.7827	
13187	8063	772.759	1803.6	770.443	-16.9651	-18.337	-0.529583	1	1	1	1	1	206.608	267.91	131.884	-147.944	-116.878	-813.475	206.555	250.912	267.909	132.202	-26.0674	-148.283	-116.379	-465.768	-814.246	5.67193	15	0	408.029	-12.1	-67.6294	-614.414	-12.1	-67.6294	-614.414	
13181	17754	288.812	638.767	288.036	-99999	51.181	-0.96444	1	1	1	1	1	159.122	170.637	130.25	-146.214	550.418	625.916	159.043	163.282	170.579	130.961	-6.69979	-146.214	550.227	591.437	625.916	4.88075	9	0	70.886	51.2129	-22.0599	600.155	51.2129	-22.0599	600.155	
13181	14021	345.497	755.596	342.113	82.124	81.316	-0.836686	1	1	1	1	1	222.294	114.927	127.17	-169.001	-203.294	-80.8225	222.864	153.638	114.574	128.36	-17.4251	-170.545	-203.822	-142.279	-79.6762	6.03644	17	0	72.3698	81.3543	-27.9746	-131.812	81.3543	-27.9746	-131.812	
13181	19447	309.055	707.405	308.452	18.9949	17.678	-0.777981	1	1	1	1	1	352.774	147.4	134.45	-82.1534	467.458	538.44	353.141	252.914	147.4	134.906	20.2285	-82.1534	467.372	492.946	538.44	7.67052	9	0	74.3943	17.7009	-24.9868	501.082	17.7009	-24.9868	501.082	
13181	18300	357.151	977.425	357.15	-99999	75.487	-0.576122	1	1	1	1	1	186.67	335.538	128.08	-93.5822	-449.566	-686.717	210.309	284.541	359.176	128.08	17.8808	-93.5822	-449.566	-568.846	-686.717	6.67409	15	0	50.5705	75.5222	-33.2193	-616.292	75.5222	-33.2193	-616.292	
13181	18656	54.465	171.755	54.2264	-99999	-0.059	-0.989706	1	1	1	1	1	186.61	195.249	133.853	80.4373	699.456	702.752	186.589	190.621	195.249	134.088	107.232	80.4373	699.432	701.377	702.752	10.0286	8	0	97.7275	-0.0250171	-15.2729	702.03	-0.0250171	-15.2729	702.03	
13181	24965	30.0841	91.9125	29.4344	-99999	69.799	-0.843022	1	1	1	1	1	215.266	221.196	130.465	105.144	-219.943	-206.263	204.214	207.568	210.246	130.787	118.127	104.893	-220.128	-212.731	-206.179	5.39586	17	0	59.7763	69.8445	-25.3774	-120.344	69.8445	-25.3774	-120.344	
13181	27406	156.546	392.285	156.541	-109.835	-19.581	-0.71943	1	1	1	1	1	219.332	159.172	131.89	23.7691	-714.159	-809.292	219.332	187.367	159.172	131.89	77.0203	23.7691	-714.159	-759.801	-809.292	9.58705	8	0	99.4859	-19.5545	-45.7734	-254.183	-19.5545	-45.7734	-254.183	
13181	18910	87.0329	228.342	86.6033	-99999	76.643	-0.77127	1	1	1	0	0	183.07	132.678	133.845	63.7561	90.1281	93.652	182.982	158.378	132.325	133.845	98.0364	63.4293	90.1281	90.8637	93.7259	4.63471	8	0	83.0545	76.6817	26.7699	90.184	76.6817	26.7699	90.184	
13181	18442	371.419	2239.83	370.972	52.551	51.672	-0.873064	1	1	1	1	1	236.327	143.659	132.551	-171.564	-316.253	-126.722	236.414	197.184	143.659	132.935	-23.3785	-171.564	-316.448	-224.354	-126.722	4.08745	12	0	73.858	50.9861	-39.1273	-481.639	-12.9339	-59.3151	-402.995	
13181	18481	322.504	820.743	321.917	-99999	38.475	-0.405507	1	1	1	1	1	273.801	347.139	133.321	6.63139	563.161	849.772	285.724	323.924	359.227	133.474	69.5234	6.5762	562.84	705.834	849.968	9.81899	11	0	43.1583	38.5373	7.03243	740.407	38.5373	7.03243	740.407	
13181	23259	201.606	445.907	201.052	-99999	37.175	-0.920475	1	1	1	1	1	284.385	228.207	132.594	-54.3702	-235.483	-191.807	296.193	264.654	239.848	133.101	41.1862	-54.3702	-235.614	-208.926	-191.807	5.59169	7	0	70.2984	37.1962	4.84774	-209.151	37.1962	4.84774	-209.151	
13181	39007	141.884	340.339	141.716	-99999	1.629	-0.763071	1	1	1	1	1	89.4396	170.469	131.662	20.35	606.914	634.71	89.3472	127.944	170.467	131.785	73.7437	20.35	606.857	619.676	634.71	6.53961	6	0	83.6395	1.6555	31.1876	622.218	1.6555	31.1876	622.218	
13181	29935	170.907	338.277	160.053	41.6885	40.252	-0.972889	1	1	1	1	1	225.563	191.102	132.616	-20.2313	646.324	675.851	225.603	208.052	190.989	132.836	50.2063	-29.8615	646.29	658.822	680.235	4.07534	11	0	54.3012	40.2786	-8.18431	659.103	40.2786	-8.18431	659.103	
13181	10079	519.368	1833.01	516.475	-99999	112.648	-0.459594	0	0	0	0	0	183.136	324.079	106.977	-132.65	894.538	459.37	217.702	287.712	359.4	108.244	-11.9775	-132.718	896.882	677.623	459.271	4.06824	11	0	113.832	25.3482	-128.413	178.341	25.3482	-128.413	178.341	
13181	36102	179.857	392.626	177.125	40.2599	38.609	-0.902329	1	1	1	1	1	185.519	225.352	131.092	-24.4377	854.09	789.933	185.219	201.916	225.373	133.254	50.5026	-24.491	855.078	824.348	789.63	4.01855	8	0	48.2223	38.644	-2.38456	774.562	38.644	-2.38456	774.562	
13181	41587	93.1721	167.387	80.5615	-99999	63.821	-0.866027	1	0	0	0	0	308.333	335.055	134.288	63.3269	-826.342	-853.538	328.318	343.847	359.169	134.288	93.2932	52.2155	-826.342	-842.091	-857.836	4.78671	11	0	45.0448	63.8462	31.8194	-859.224	63.8462	31.8194	-859.224	
13181	39853	251.418	545.462	251.128	-99999	95.656	-0.946207	1	1	1	1	1	257.959	299.954	133.998	-108.813	-131.771	-89.5553	287.913	302.615	329.977	133.998	10.8794	-109.011	-131.771	-112.906	-89.5455	5.46077	7	0	83.6489	95.6766	-25.7048	-102.687	95.6766	-25.7048	-102.687	
13181	40130	338.66	687.911	337.415	-23.1783	-24.248	-0.871073	1	1	1	1	1	158.449	267.983	132.666	-157.362	-721.952	-850.335	158.021	225.174	267.983	133.73	-9.99096	-157.362	-721.538	-780.5	-850.335	10.7848	10	0	61.7959	-24.2205	-23.9521	-754.406	-24.2205	-23.9521	-754.406	
13193	3829	228.169	771.788	216.979	84.0716	86.019	-0.61765	1	1	1	1	1	174.155	348.224	133.056	4.15542	-593.448	-581.105	174.155	265.43	357.064	133.056	64.9206	-2.62433	-593.448	-587.348	-580.123	25.1495	15	0	299.37	86.0491	-12.9025	-574.619	-35.3409	62.6373	-602.862	
13181	39226	233.428	527.122	233.108	-99999	-25.806	-0.925971	1	1	1	1	1	66.0194	114.987	64.3281	-146.893	-542.5	-460.001	66.0438	89.6136	115.087	64.3481	-43.9894	-147.132	-542.506	-506.502	-459.843	4.83376	14	0	78.1299	-25.7759	-14.0372	-511.773	-25.7759	-14.0372	-511.773	
13181	21199	131.215	364.057	128.889	-99999	-8.856	-0.931796	1	1	1	1	1	190.675	170.218	132.885	17.7503	-618.088	-565.423	190.685	180.201	169.922	132.885	72.5616	15.926	-618.088	-594.609	-564.026	18.924	20	0	85.6718	-14.4056	-8.03334	-539.731	-14.4056	-8.03334	-539.731	
13181	18920	203.561	423.124	202.452	-513.142	70.654	-0.87944	1	1	1	1	1	120.32	218.676	133.559	-42.0152	184.236	173.684	120.236	170.694	219.299	133.717	45.661	-42.6804	184.236	178.675	173.537	8.53805	7	0	70.7558	70.6775	-14.6284	263.338	70.6775	-14.6284	263.338	
13181	24223	134.251	323.348	132.738	100.991	101.601	-0.514572	0	0	0	0	0	220.25	154.311	132.813	65.0142	545.245	637.354	220.291	183.265	153.963	132.852	98.3199	64.4783	545.194	589.045	638.634	4.10683	21	0	73.3862	96.1775	8.69152	703.891	96.1775	8.69152	703.891	
13181	6980	80.7138	244.624	78.1581	-99999	64.161	-0.944434	1	1	1	1	1	217.557	190.819	132.46	59.3159	229.985	235.105	237.86	223.581	210.641	133.11	95.4246	57.5369	229.932	231.962	235.601	21.1879	6	0	82.1897	64.1912	-31.4975	235.418	99.8012	-16.8591	192.629	
13181	24941	270.197	581.733	266.024	-99999	108.625	-0.636286	0	0	0	0	0	166.5	142.594	132.977	-19.7924	603.197	812.73	166.426	139.599	142.941	133.07	52.83	-20.2218	603.101	708.033	813.936	5.14596	13	0	74.0444	-0.36409	16.0218	688.884	-0.36409	16.0218	688.884	
13181	31817	53.8599	181.834	53.8595	-99999	45.414	-0.435741	0	0	0	0	0	110.459	92.2867	134.119	111.939	-186.628	-141.055	110.407	101.051	92.2348	134.119	122.955	111.939	-186.628	-163.989	-141.055	4.33893	14	0	50.6295	22.6335	-18.6149	-793.717	-33.8665	-46.6044	-89.6205	
13181	32787	348.132	1008.31	344.665	-99999	41.911	-0.671404	1	1	1	1	1	286.415	296.3	132.175	-171.744	-285.629	-439.825	299.458	303.828	309.49	133.363	-21.2663	-172.379	-284.242	-360.652	-441.259	5.62552	20	0	89.3245	41.9403	-21.3035	-355.877	41.9403	-21.3035	-355.877	
13181	37041	208.16	514.005	207.397	-99999	23.974	-0.917062	1	1	1	1	1	351.592	271.261	18.8746	-169.449	-579.951	-552.858	359.144	319.483	278.477	18.9899	-74.8171	-170.013	-579.973	-559.006	-552.829	5.87046	6	0	96.1847	24.0024	-34.3168	-566.11	24.0024	-34.3168	-566.11	
13181	41121	26.7786	64.6348	26.2483	-99999	36.728	-0.930809	1	0	0	0	0	340.314	347.684	133.428	108.763	170.647	175.611	351.815	355.588	359.343	133.428	120.871	108.271	170.647	173.343	175.649	4.2748	6	0	52.1879	36.7507	75.5738	178.008	36.7507	75.5738	178.008	
13181	40336	281.836	757.634	244.958	-99999	104.224	-0.845411	0	0	0	0	0	236.283	228.462	133.17	-72.7811	-763.546	-639.697	268.954	263.033	260.692	134.064	16.9123	-105.278	-764.103	-689.74	-631.857	85.3478	7	0	281.598	41.4856	-75.9934	523.578	-35.1844	-28.606	-377.584	
13181	38380	145.346	336.605	143.607	66.1275	64.704	-0.893883	1	1	1	1	1	258.684	190.548	132.477	12.2034	-502.538	-466.407	259.167	228.328	190.249	133.548	69.4619	11.7905	-502.761	-488.036	-466.234	4.41937	10	0	68.8539	64.7442	6.15379	-479.429	64.7442	6.15379	-479.429	
13181	16227	238.907	531.104	238.104	-99999	-35.151	-0.94007	1	1	1	1	1	85.6954	97.2411	133.516	-91.2647	-482.316	-408.01	85.7402	94.1909	97.2813	134.093	21.4603	-91.2647	-482.524	-444.48	-408.01	5.5485	8	0	73.2567	-35.13	-13.2102	-428.331	-35.13	-13.2102	-428.331	
13181	18754	118.176	350.774	117.594	-29.6669	-30.652	-0.827881	1	1	1	1	0	197.157	243.243	132.586	43.081	706.708	647.849	197.048	217.686	243.332	132.869	84.0585	42.9119	706.866	680.788	647.71	4.23732	13	0	84.7411	-30.6182	0.165127	660.63	-30.6182	0.165127	660.63	
13181	14068	314.788	772.996	314.726	-99999	81.29	-0.931252	1	1	1	1	1	275.347	185.611	133.659	-150.792	-764.075	-864.432	300.803	255.513	211.052	133.659	-8.56341	-150.844	-764.075	-813.964	-864.451	5.99173	11	0	61.2932	81.3208	-6.88734	-775.728	81.3208	-6.88734	-775.728	
13181	18636	166.786	347.538	166.241	-604.282	101.946	-0.516668	0	0	0	0	0	194.076	307.059	132.902	53.9083	-199.345	-292.132	193.726	250.172	307.059	133.184	92.753	53.9083	-199.039	-245.205	-292.132	4.01278	11	0	66.1057	82.1171	-22.6413	-502.637	82.1171	-22.6413	-502.637	
13181	24445	67.6095	207.241	67.0025	-99999	64.067	-0.903492	1	0	0	0	0	82.4554	73.066	133.764	71.1631	405.143	426.718	82.3821	77.883	72.8402	133.764	102.053	70.6208	405.143	415.89	426.889	8.62766	10	0	78.7452	64.0884	73.7091	420.514	64.0884	73.7091	420.514	
13181	26605	309.441	713.544	309.355	104.746	104.065	-0.705363	0	0	0	0	0	68.484	224.286	133.541	-60.5272	646.132	466.017	68.4479	138.415	224.286	133.599	28.3701	-60.5272	646.176	557.057	466.017	4.53707	12	0	72.9056	-999999	-999999	-999999	-999999	-999999	-999999	
13181	17549	77.1729	191.189	75.9505	-99999	75.963	-0.818339	1	1	1	0	0	293.267	335.261	133.037	69.7613	585.31	586.2	316.344	337.66	359.049	134.031	101.874	69.7613	585.293	585.85	586.2	4.24195	10	0	74.0117	75.9846	40.3804	578.365	75.9846	40.3804	578.365	
13181	4004	411.935	925.397	410.499	-99999	-9.633	-0.716921	1	1	1	1	1	351.596	252.25	133.202	-136.327	-599.557	-307.973	348.831	305.713	249.191	134.143	-10.125	-136.402	-600.433	-460.038	-307.886	5.44227	6	0	76.7772	-10.1057	-13.2884	-376.363	-10.1057	-13.2884	-376.363	
13181	32089	564.62	1551.83	563.852	-99999	103.907	-0.337925	0	0	0	0	0	314.147	326.717	-100.658	101.212	-894.927	-370.061	359.226	353.475	346.623	101.318	1.37746	-100.895	-369.781	-633.112	-895.238	4.76408	1806	0	1551.83	-999999	-999999	-999999	-999999	-999999	-999999	
13187	2224	323.84	836.861	300.426	-99999	-36.676	-0.970674	1	1	1	1	1	326.808	281.338	127.326	-163.496	-762.222	-822.009	316.215	292.622	267.46	133.509	-23.3752	-179.924	-761.128	-793.347	-825.773	7.44524	9	0	113.09	-36.6669	-15.5122	-701.199	-36.6669	-15.5122	-701.199	
13187	4264	45.9251	116.483	43.6531	-99999	49.53	-0.606979	1	1	1	1	1	183.545	217.966	133.532	108.58	309.991	319.874	175.464	193.459	211.621	133.771	120.525	107.442	309.896	315.171	320.279	6.92582	8	0	56.8711	42.9041	-31.7177	249.774	42.9041	-31.7177	249.774	
13193	2384	345.213	3350	344.393	-16.6456	-15.763	-0.768706	1	1	1	1	1	341.676	128.648	133.504	-107.752	-659.203	-544.401	341.708	241.857	128.328	133.555	11.5619	-108.412	-659.23	-589.383	-544.265	7.08261	9	0	95.0805	-15.7288	-8.22326	-582.743	-15.7288	-8.22326	-582.743	
13181	32453	444.678	916.328	442.522	-452.521	-25.297	-0.615168	0	0	0	0	0	112.56	297.847	133.483	-125.592	-257.254	-563.13	112.399	205.856	298.279	133.773	8.41203	-126.612	-256.926	-414.822	-564.4	5.72371	15	0	72.179	59.9611	-60.5284	416.501	59.9611	-60.5284	416.501	
13181	36863	188.853	352.981	188.099	-99999	97.545	-0.904384	1	1	1	1	1	190.478	143.867	133.335	-29.163	-774.345	-700.856	190.367	164.514	143.756	133.335	46.7398	-29.163	-774.345	-747.058	-700.856	4.25808	6	0	46.2774	97.5849	-1.03848	-721.238	97.5849	-1.03848	-721.238	
13181	4995	106.014	381.003	98.2333	-99999	106.938	-0.731559	0	0	0	0	0	168.854	200.127	132.516	60.4011	88.7924	147.182	168.732	185.795	201.776	132.516	92.4751	55.711	88.7924	119.033	153.124	4.69986	14	0	121.046	55.4917	-31.2606	213.324	-48.3683	-20.9189	77.7406	
13181	3967	165.831	388.552	152.325	-99999	-9.488	-0.531751	1	1	1	1	1	63.7078	155.597	133.799	51.7166	199.705	289.263	63.6823	113.741	163.644	133.831	89.2207	44.5283	199.671	248.442	297.298	12.3114	12	0	99.4115	-9.43068	-9.02871	352.437	-9.43068	-9.02871	352.437	
13181	25159	155.892	426.863	153.223	-99999	110.419	-0.937673	0	0	0	0	0	145.775	98.9359	131.953	-11.4502	763.642	766.052	146.163	121.989	98.4425	133.367	59.5214	-12.4702	763.786	757.908	766.425	19.141	10	0	137.705	-14.6054	-10.6352	747.83	-14.6054	-10.6352	747.83	
13181	25519	63.4004	178.181	57.1627	-99999	65.832	-0.927121	1	0	0	0	0	328.531	337.386	134.438	81.251	-844.693	-863.608	349.145	354.092	359.001	134.438	105.066	75.5684	-844.693	-855.52	-865.919	16.4881	10	0	65.6888	65.8532	30.0968	-863.283	65.8532	30.0968	-863.283	
13181	33317	168.249	387.868	165.825	-99999	83.916	-0.976632	1	1	1	1	1	256.317	236.289	130.402	-33.2518	522.539	531.774	282.804	270.507	262.392	132.108	49.4305	-33.8853	522.224	531.063	531.855	5.60039	6	0	79.4131	83.9438	-6.52215	525.86	83.9438	-6.52215	525.86	
13181	31399	456.778	367975	456.153	78.8997	78.702	-0.544052	1	1	1	1	1	130.417	332.579	133.605	-104.334	-160.55	-492.208	130.207	231.827	332.579	133.903	13.7286	-104.334	-160.144	-325.622	-492.208	15.9412	18	0	1240.37	78.7513	-61.4585	-463.524	78.7513	-61.4585	-463.524	
13181	35305	187.735	403.574	187.604	-99999	90.716	-0.926204	1	1	1	1	1	275.313	330.709	134.182	-44.2088	83.5883	100.739	303.72	331.979	359.152	134.182	45.1373	-44.3321	83.5883	92.6065	100.744	4.72885	8	0	45.244	90.7407	-7.43081	90.8854	90.7407	-7.43081	90.8854	
13181	4775	389.422	4308.43	386.397	90.0563	89.057	-0.487993	1	1	1	1	1	98.9616	287.4	133.964	-35.3907	322.476	31.127	98.8448	194.976	287.849	134.102	48.2423	-36.6921	322.692	176.78	28.7846	100.124	9	0	3348.02	89.1122	-35.1644	17.232	89.1122	-35.1644	17.232	
13181	40852	229.118	497.796	229.036	28.1345	26.087	-0.725746	1	1	1	1	1	284.886	136.17	132.75	-31.4566	-651.542	-600.898	284.886	211.283	136.17	132.75	46.722	-31.4566	-651.542	-635.428	-600.898	5.57601	10	0	71.0442	26.1109	-1.80602	-618.169	26.1109	-1.80602	-618.169	
13181	38373	242.007	607.032	242.002	-99999	69.026	-0.834735	1	1	1	1	1	173.658	96.1493	133.434	-77.8197	476.881	558.045	173.579	124.262	96.0704	133.434	27.9696	-77.8197	476.881	509.391	558.045	5.90359	12	0	134.503	69.0618	-21.6658	534.23	69.0618	-21.6658	534.23	
13181	37671	70.0456	233.56	67.0349	-99999	92.977	-0.688407	0	0	0	0	0	270.922	266.448	133.048	72.1523	307.051	286.344	300.113	294.801	295.805	133.413	102.208	70.7028	307.381	298.2	286.338	9.41917	9	0	116.349	48.3663	-74.4482	362.178	48.3663	-74.4482	362.178	
13181	37923	81.5453	209.774	81.4667	-99999	-13.334	-0.676033	1	1	0	0	0	64.3091	92.8424	-94.09	-144.285	-771.224	-715.096	64.3244	80.5846	92.8577	-94.09	-119.213	-144.285	-771.224	-743.712	-715.096	6.61643	13	0	74.8478	-13.3191	-84.5848	-759.553	-13.3191	-84.5848	-759.553	
13181	37013	115.369	290.256	114.765	-99999	-35.094	-0.90678	1	1	1	1	1	135.499	179.839	132.607	32.9203	-542.7	-511.681	135.355	153.629	179.958	133.029	79.9197	32.8193	-542.768	-530.572	-511.638	6.06531	11	0	70.5839	-32.2374	-37.3344	89.7742	-32.2374	-37.3344	89.7742	
13181	41680	277.224	866.548	277.03	-937.769	96.104	-0.76138	0	0	0	0	0	264.546	155.157	134.148	-77.2015	221.601	363.308	264.546	209.533	155.091	134.148	28.14	-77.3502	221.601	291.893	363.407	8.0941	15	0	50.0776	-999999	-999999	-999999	-999999	-999999	-999999	
13181	37870	178.995	386.834	177.748	-99999	84.524	-0.940954	0	0	0	0	0	110.807	77.123	132.463	-38.0559	-833.942	-804.853	110.72	97.0682	76.5712	132.512	47.4691	-39.1517	-833.958	-810.038	-804.944	6.65107	6	0	72.4653	-6.99649	-33.2914	-426.341	-6.99649	-33.2914	-426.341	
13181	28485	352.238	1655.39	344.189	126.565	-8.384	-0.701677	0	0	0	0	0	353.99	106.011	125.467	-87.0143	720.012	821.268	359.163	243.788	106.011	131.087	11.3955	-87.0143	717.5	775.217	821.268	4.49771	6	0	75.7947	-999999	-999999	-999999	-999999	-999999	-999999	
13181	25799	381.04	725.548	313.143	-99999	84.189	-0.801755	1	1	1	1	1	121.854	98.339	133.866	-125.262	167.18	341.153	121.758	107.545	89.3286	133.866	-23.8034	-178.427	167.18	273.112	382.264	5.44959	9	0	37.2482	84.2129	-36.0454	288.11	84.2129	-36.0454	288.11	
13181	28559	200.349	453.06	200.344	-99999	37.505	-0.951551	1	1	1	1	1	126.617	201.935	131.28	-53.689	377.718	378.384	126.575	165.758	201.892	131.28	39.2485	-53.689	377.718	377.823	378.384	7.83702	7	0	71.6152	37.5372	1.9031	376.758	37.5372	1.9031	376.758	
13181	27848	56.5098	156.887	55.1345	-99999	42.9	-0.995464	1	1	0	0	0	87.2431	92.2384	133.169	78.4806	651.631	655.422	87.1624	89.7543	92.1016	133.823	105.826	77.7736	651.586	654.273	655.47	4.39093	9	0	77.9901	42.4088	-17.986	210.164	42.4088	-17.986	210.164	
13181	25649	236.944	551.061	236.939	-99999	83.538	-0.779615	1	1	1	1	1	126.467	202.26	131.82	-83.7582	37.696	91.9417	126.371	176.222	202.165	131.82	29.0083	-83.7582	37.696	68.0737	91.9417	4.93608	9	0	73.8589	83.5699	-4.29255	65.8439	83.5699	-4.29255	65.8439	
13181	4215	296.162	711.166	295.462	-99999	26.634	-0.898738	1	1	1	1	1	281.015	226.333	127.335	-160.906	320.676	346.849	289.355	261.34	234.49	127.335	-16.6701	-161.569	320.676	334.279	346.91	5.88637	6	0	96.2768	26.6535	-24.468	333.099	26.6535	-24.468	333.099	
13193	9221	331.617	810.062	331.117	63.3777	62.755	-0.778488	1	1	1	1	1	158.201	343.339	133.046	-134.413	758.08	701.318	158.199	248.109	343.501	133.049	-0.991059	-134.864	758.081	720.954	701.257	4.52446	9	0	116	62.7954	-17.1617	705.745	62.7954	-17.1617	705.745	
13193	10661	391.06	834.305	369.618	22.4995	21.197	-0.49436	1	1	1	1	1	63.9081	347.807	71.416	-103.332	-697.636	-857.213	60.8429	211.247	361.293	73.4168	-18.9794	-111.502	-695.851	-779.906	-864.454	4.17826	9	0	50.3246	21.2281	-15.1413	-756.535	21.2281	-15.1413	-756.535	
13181	26334	320.433	1486.6	317.969	102.5	100.883	-0.77199	0	0	0	0	0	78.7194	243.94	133.701	-106.175	-708.2	-830.959	78.3442	154.49	244.822	134.302	8.45355	-107.152	-707.875	-770.611	-831.994	4.30957	13	0	60.5358	66.9631	39.5006	601.527	-27.9169	-14.0652	-288.641	
13181	31736	212.104	487.079	211.58	-99999	23.743	-0.971631	1	1	1	1	1	205.821	155.734	132.528	-72.2653	-263.085	-256.116	209.616	183.205	159.407	132.944	30.3416	-72.3289	-263.041	-261.947	-256.082	4.48391	17	0	83.0887	23.7769	-16.581	-258.473	23.7769	-16.581	-258.473	
13181	34543	313.145	1082.66	298.408	-99999	108.816	-0.95164	0	0	0	0	0	165.6	224.585	132.962	-148.35	-132.425	-212.538	148.329	178.603	210.247	134.199	-13.6448	-161.029	-132.07	-173.695	-215.947	11.8703	6	0	202.122	-999999	-999999	-999999	-999999	-999999	-999999	
13181	4356	245.023	523.024	243.743	-30.7387	-32.644	-0.762585	1	1	1	1	1	196.438	236.929	132.479	-51.4519	507.902	357.045	196.267	213.466	236.929	133.437	43.666	-51.4519	508.697	427.294	357.045	6.91754	10	0	60.1968	-32.6088	-12.8656	404.603	-32.6088	-12.8656	404.603	
13181	31282	340.796	1035.2	315.354	-99999	44.301	-0.857129	1	1	1	1	1	227.114	273.278	132.63	-141.449	374.773	226.084	240.987	266.21	280.685	132.63	-15.8301	-162.559	374.773	295.319	214.217	12.5604	8	0	389.487	50.6427	-39.0304	-269.635	13.4327	13.6466	53.4153	
13181	34882	319.404	700.36	319.022	-99999	93.473	-0.888021	1	1	1	1	0	204.029	329.861	133.122	-159.856	812.242	818.892	233.126	294.876	359.137	133.445	-13.7092	-159.868	812.217	817.603	818.891	4.22538	8	0	43.4714	93.4989	-42.0797	810.948	93.4989	-42.0797	810.948	
13181	34694	422.929	998.485	398.764	76.5956	77.256	-0.378311	1	1	1	1	1	64.1704	345.702	47.3261	-168.1	373.184	190.66	61.0632	210.329	359.965	48.9039	-64.8487	-179.043	375.024	277.759	181.428	6.65856	11	0	59.4637	77.2926	-21.8408	301.148	77.2926	-21.8408	301.148	
13181	33770	369.756	840.252	369.416	-99999	-9.752	-0.723692	1	1	1	1	1	288.176	137.715	132.903	-111.714	94.0489	323.207	288.315	212.684	137.715	133.126	0.867678	-111.714	93.8913	198.366	323.207	5.26218	13	0	61.3151	-9.72023	-24.0536	222.909	-9.72023	-24.0536	222.909	
13181	35210	364.639	813.397	364.635	13.0242	13.161	-0.810018	1	1	1	1	1	214.087	72.3447	132.584	-135.742	564.933	764.995	214.087	149.953	72.3447	132.584	-1.62306	-135.742	564.933	669.659	764.995	7.54533	13	0	74.6575	13.1879	-47.9549	700.762	13.1879	-47.9549	700.762	
13193	8151	153.687	124861	137.393	-99999	86.728	-0.160981	1	1	1	1	1	252.928	258.252	132.867	18.9524	532.9	600.821	280.087	280.35	287.284	132.867	69.7398	8.65444	532.9	570.125	610.879	201419	7	0	124851	86.7549	-18.8849	627.712	86.7549	-18.8849	627.712	
13181	31295	233.239	636.53	231.853	-99999	102.601	-0.958332	0	0	0	0	0	234.584	194.25	133.525	-85.506	118.557	182.98	250.707	230.393	210.108	133.525	23.3956	-86.8084	118.557	151.076	183.361	4.44017	6	0	72.4462	17.5768	10.6735	390.805	17.5768	10.6735	390.805	
13181	31655	221.115	518.005	219.402	-99999	-17.87	-0.968273	1	1	1	1	1	244.19	292.928	131.689	-80.0379	-266.932	-242.262	238.461	261.155	287.632	132.249	24.3491	-81.1212	-266.997	-259.453	-242.347	5.06069	10	0	75.041	-17.8368	-19.132	-253.61	-17.8368	-19.132	-253.61	
13181	32975	158.873	431.787	157.907	-99999	95.373	-0.969137	1	1	1	1	0	101.857	83.2834	133.946	-19.1871	113.375	136.459	101.787	89.3923	83.1554	134.05	56.0998	-19.4511	113.362	122.046	136.505	6.68382	9	0	105.486	95.3936	3.82819	173.558	95.3936	3.82819	173.558	
13181	35594	178.081	1158.63	176.591	89.2609	89.274	-0.76724	1	1	1	1	1	277.363	178.813	133.149	2.99471	-10.7876	55.1649	278.14	230.962	178.808	134.284	68.6472	2.98807	-11.3182	25.6939	55.1678	5.52126	10	0	71.5311	89.3074	14.6727	28.8728	89.3074	14.6727	28.8728	
13181	35883	153.659	369.816	153.095	-99999	48.769	-0.935811	1	1	1	1	1	261.896	290.321	133.582	-15.274	22.234	33.6778	277.152	298.068	305.592	133.626	59.9709	-15.274	22.2305	27.8181	33.6778	14.7085	7	0	117.946	48.7908	9.48849	24.2239	48.7908	9.48849	24.2239	
13181	40383	148.715	519.918	148.712	87.3583	86.492	-0.515397	1	1	1	1	1	124.734	239.722	134.063	47.4107	705.698	673.659	124.734	186.379	239.722	134.063	95.5328	47.4107	705.698	690.163	673.659	5.9998	9	0	69.3589	86.5387	14.9311	677.466	86.5387	14.9311	677.466	
13181	35925	76.7596	458.646	76.364	-99999	49.153	-0.902569	1	1	1	1	1	62.7134	92.0261	102.745	32.254	-26.6785	-25.2747	62.4707	77.3126	91.9699	103.093	67.7119	32.254	-26.6882	-26.0264	-25.2747	40.4564	7	0	199.683	49.169	14.6623	-23.6984	49.169	14.6623	-23.6984	
13181	36657	246.017	544.789	245.153	-99999	-25.303	-0.909234	1	1	1	1	1	66.1851	144.694	64.195	-166.799	-85.7231	-70.0576	66.214	110.886	144.954	64.195	-49.8883	-167.624	-85.7231	-75.9669	-70.0952	4.66973	6	0	66.0048	-25.2746	-12.0281	-71.821	-25.2746	-12.0281	-71.821	
13181	4309	50.53	240.941	48.2033	-99999	62.112	-0.660064	1	1	0	0	0	308.72	339.899	129.226	95.5541	-481.436	-494.185	328.17	345.639	359.633	129.226	112.447	93.3872	-481.436	-488.575	-494.79	4.54904	14	0	132.891	62.1317	43.1345	-491.473	62.1317	43.1345	-491.473	
13181	999	136.813	332.203	135.697	-99999	6.689	-0.95476	1	1	1	1	0	135.641	135.356	133.742	-1.02825	94.0161	93.0728	135.633	137.583	135.04	133.742	65.8285	-2.01977	94.0161	92.1861	93.123	5.60445	6	0	71.0355	6.71978	12.0594	94.1725	6.71978	12.0594	94.1725	
13181	27254	225.558	480.738	223.062	-99999	89.342	-0.635521	1	1	1	1	1	244.646	255.217	132.518	-20.2234	447.335	605.04	272.458	278.996	283.357	133.212	63.4816	-20.8128	446.513	532.022	605.675	11.5041	6	0	90.7126	89.3831	-8.1117	549.586	89.3831	-8.1117	549.586	
13181	25826	97.3109	299.106	96.9768	-99999	36.076	-0.847819	0	0	0	0	0	258.55	232.256	133.43	58.7291	-76.5508	-132.156	269.874	256.128	243.49	133.516	94.9555	58.5644	-76.505	-102.635	-132.305	5.46377	18	0	95.6887	-999999	-999999	-999999	-999999	-999999	-999999	
13181	29337	298.045	657.399	296.628	-99999	-25.093	-0.961446	1	1	1	1	1	141.661	179.647	132.899	-148.022	800.121	879.405	141.689	161.103	180.216	132.906	-5.94896	-149.291	800.12	848.683	879.436	4.3431	10	0	69.0048	-25.0626	-11.0108	793.717	-25.0626	-11.0108	793.717	
13181	25170	124.918	317.403	124.915	-99999	78.914	-0.855577	1	1	1	0	0	120.967	133.176	133.75	26.6672	-785.481	-722.797	120.877	125.338	133.086	133.75	80.7355	26.6672	-785.481	-752.908	-722.797	4.95846	13	0	84.4171	78.9487	27.9164	-732.001	78.9487	27.9164	-732.001	
13181	35389	135.326	351.877	133.799	-99999	-40.693	-0.88317	1	1	1	1	1	201.269	175.547	132.216	15.166	-608.67	-551.825	201.534	188.012	175.267	132.95	73.054	14.5701	-609.005	-580.761	-551.838	7.44008	9	0	89.2652	-40.6664	11.2887	-565.452	-40.6664	11.2887	-565.452	
13181	35208	258.889	663.058	258.822	42.8294	43.943	-0.864824	1	1	1	1	1	194.796	242.698	134.085	-85.6232	745.017	624.276	194.796	212.002	242.698	134.085	20.4532	-85.6232	745.017	686.097	624.276	4.38392	12	0	68.4356	43.9879	-16.126	660.529	43.9879	-16.126	660.529	
13181	32252	402.797	912.173	402.169	-99999	1.447	-0.766331	1	1	1	1	1	180.015	327.834	130.749	-140.572	-441.731	-195.215	179.98	252.987	328.108	130.825	-21.4196	-140.622	-441.784	-332.25	-194.777	6.5892	10	0	74.7	1.48646	-42.6103	-297.424	1.48646	-42.6103	-297.424	
13181	35132	232.105	704.996	232.102	33.2307	32.779	-0.150137	1	1	1	1	1	167.486	342.847	134.111	101.533	-539.492	-687.766	167.486	254.506	342.847	134.111	117.354	101.533	-539.492	-614.225	-687.766	7.17959	10	0	195.581	32.7694	38.1862	-662.316	32.7694	38.1862	-662.316	
13181	33646	376.945	12661.7	376.677	-99999	17.913	-0.641587	1	1	1	1	1	162.681	114.261	132.311	-111.725	-297.37	-14.635	162.696	138.517	114.24	132.481	10.5971	-111.725	-297.569	-155.89	-14.635	24.5174	13	0	1131.66	17.9589	-52.0597	-46.8397	17.9589	-52.0597	-46.8397	
13181	41315	141.396	955.356	105.962	-99999	-25.278	-0.966793	1	1	1	1	1	343.782	314.163	133.71	32.394	409.031	416.724	335.882	316.554	302.329	133.769	65.9098	-0.442159	409.027	413.403	408.726	23.2293	7	0	498.899	-25.2638	-20.9859	415.014	-25.2638	-20.9859	415.014	
13181	37354	172.626	550.886	172.123	-99999	-37.934	-0.829567	1	1	1	1	0	143.222	97.0501	132.49	-6.66005	601.853	691.602	143.382	121.341	97.0935	132.908	62.7716	-6.66005	601.603	646.725	691.602	4.77681	14	0	75.4204	-37.9009	15.2732	660.669	-37.9009	15.2732	660.669	
13181	39022	77.5205	200.49	75.8927	-99999	53.342	-0.496851	1	0	0	0	0	279.54	341.66	132.611	91.0924	177.469	164.454	296.028	327.809	359.391	132.734	111.622	90.3078	177.51	171.064	164.139	8.14723	9	0	62.77	53.3802	74.239	172.272	53.3802	74.239	172.272	
13181	37113	253.102	665.608	251.556	-99999	42.165	-0.771111	1	1	1	1	1	266.348	197.22	132.916	-60.2003	55.499	-90.0739	279.915	245.286	210.424	134.107	36.88	-60.2003	56.4114	-16.7844	-90.0739	5.23425	15	0	53.9209	42.2041	-6.505	-46.1492	42.2041	-6.505	-46.1492	
13181	35162	251.046	610.599	251.044	-99999	84.27	-0.9376	1	1	1	1	1	148.601	224.01	133.65	-100.964	-399.743	-351.953	135.358	173.431	210.767	133.65	16.2713	-100.964	-399.743	-376.76	-351.953	5.13158	10	0	60.7279	84.2789	-18.9244	-368.789	84.2789	-18.9244	-368.789	
13181	32533	241.128	567.487	240.448	104.389	106.049	-0.76343	0	0	0	0	0	132.979	222.481	133.383	-38.9735	545.148	404.433	132.828	177.823	222.58	133.739	48.7192	-39.1216	545.406	472.793	404.335	6.23345	10	0	86.73	91.5009	-23.714	-818.973	48.5409	-30.2073	384.974	
13181	31036	322.429	729.687	322.404	104.942	103.777	-0.94592	0	0	0	0	0	179.935	243.935	133.628	-170.649	-81.5756	-155.526	179.935	222.196	243.935	133.628	-16.9927	-170.649	-81.5756	-119.894	-155.526	7.28576	15	0	88.7608	14.767	-93.9629	-519.408	0.636953	-13.1696	205.976	
13181	35956	97.7279	252.436	96.209	19.3052	20.542	-0.808457	1	1	1	0	0	176.035	217.247	132.783	49.2616	590.361	590.133	175.495	205.339	217.255	133.539	94.9875	48.687	590.334	593.326	590.078	5.65814	7	0	68.1701	20.5791	7.74442	595.582	20.5791	7.74442	595.582	
13181	32289	38.5362	116.421	38.2633	-99999	-32.303	-0.979664	0	0	0	0	0	333.906	325.689	133.291	95.9833	532.988	533.304	323.851	320.311	315.573	133.555	114.623	95.9833	532.994	532.683	533.304	4.14115	8	0	77.2515	83.2448	-0.00305851	791.01	83.2448	-0.00305851	791.01	
13181	1649	200.511	471.727	198.972	358.322	104.468	-0.586481	0	0	0	0	0	249.854	175.339	132.818	25.632	-521.849	-372.695	250.269	212.553	175.324	133.586	74.8411	25.5048	-522.819	-451.006	-372.506	5.50337	16	0	74.7959	0.531249	35.0646	-494.257	0.531249	35.0646	-494.257	
13181	38642	281.639	807.153	281.12	-99999	-10.256	-0.242568	1	1	1	1	1	357.994	135.393	-81.8696	-149.676	260.123	417.626	358.394	247.055	135.393	-81.7459	-115.867	-149.676	259.839	339.011	417.626	26.1214	8	0	214.234	-10.2449	-81.7681	341.589	-10.2449	-81.7681	341.589	
13181	37262	126.907	309.672	126.882	-99999	17.062	-0.931425	1	1	1	0	0	75.0164	119.093	133.573	18.4664	280.862	309.058	74.9913	93.8384	119.074	133.592	75.2288	18.4664	280.858	297.036	309.058	4.73109	12	0	72.8884	17.0935	22.9164	300.257	17.0935	22.9164	300.257	
13181	41512	176.957	408.466	176.951	43.361	42.219	-0.984826	1	1	1	1	1	175.708	217.022	132.989	-37.1791	-12.7612	-24.4401	175.708	194.329	217.022	132.989	47.076	-37.1791	-12.7612	-11.814	-24.4401	6.47738	7	0	76.9286	42.249	-0.237427	-13.3791	42.249	-0.237427	-13.3791	
13181	30225	303.318	710.535	301.441	-99999	116.202	-0.759207	0	0	0	0	0	198.061	134.977	132.36	-89.1522	48.8439	-141.56	198.126	175.302	134.548	133.224	18.5493	-89.4107	49.5535	-46.9124	-142.166	4.30069	9	0	95.4524	91.3907	-54.4308	424.862	9.51069	-20.1138	-217.402	
13181	30906	250.527	574.734	250.392	22.24	19.56	-0.915026	1	1	1	1	1	123.193	248.573	133.359	-82.0656	200.574	194.911	123.142	182.522	248.573	133.476	23.5598	-82.0656	200.577	196.158	194.911	4.41639	6	0	75.5686	19.586	5.59562	-65.622	98.166	-77.0185	361.886	
13181	32106	205.516	553.491	204.371	-99999	107.82	-0.739369	0	0	0	0	0	187.221	323.488	133.185	-14.9794	-23.562	-58.7521	220.984	289.43	357.954	133.185	58.6529	-15.8635	-23.562	-41.3952	-58.9264	4.70877	12	0	88.6564	83.8265	-21.5612	217.878	83.8265	-21.5612	217.878	
13181	35226	230.987	525.943	230.972	-99999	57.98	-0.690691	1	1	1	1	1	305.834	192.25	133.575	-20.9186	-461.872	-590.561	323.996	266.536	210.406	133.586	57.2551	-20.9186	-461.864	-526.728	-590.561	7.35894	12	0	57.2089	58.015	-20.9518	-585.99	58.015	-20.9518	-585.99	
13181	33675	96.1521	233.635	94.3478	-99999	0.702	-0.871634	1	1	0	0	0	124.899	146.025	132.684	51.8617	283.243	326.556	124.62	133.971	146.024	134.256	92.4863	51.8617	282.405	304.201	326.556	4.62917	11	0	71.0962	0.733352	24.9072	312.402	0.733352	24.9072	312.402	
13181	33688	193.685	473.089	193.685	-99999	92.593	-0.793798	1	1	1	1	1	272.072	330.184	133.967	-22.368	817.097	718.71	301.067	329.132	359.179	133.967	55.0341	-22.368	817.097	768.532	718.71	5.12106	13	0	64.0959	92.6199	11.3398	736.002	92.6199	11.3398	736.002	
13181	30953	80.6095	210.592	79.6011	-506.811	-23.765	-0.918737	0	0	0	0	0	212.87	187.302	131.704	57.6836	-573.5	-560.954	213.227	198.097	187.285	132.574	95.5703	57.6267	-573.58	-568.669	-560.938	4.58948	10	0	76.6804	-999999	-999999	-999999	-999999	-999999	-999999	
13181	32467	60.6595	157.923	60.6582	-99999	104.442	-0.885657	0	0	0	0	0	200.556	177.824	133.255	80.4084	-206.279	-225.341	233.261	221.311	210.53	133.255	107.131	80.4084	-206.279	-215.986	-225.341	5.84165	17	0	66.8957	43.3205	-18.8268	202.298	43.3205	-18.8268	202.298	
13181	33574	293.935	964.173	293.929	48.3457	47.536	-0.673025	1	1	1	1	1	88.6415	309.11	134.341	-35.4037	580.205	492.756	88.6415	192.776	309.11	134.341	37.5577	-35.4037	580.205	543.195	492.756	4.2581	7	0	60.5798	47.586	2.36865	526.098	47.586	2.36865	526.098	
13193	9621	25.5835	80.3817	24.9032	-99999	-37.393	-0.966371	0	0	0	0	0	150.386	143.228	133.847	110.475	-562.723	-558.954	150.428	147.941	142.995	133.847	121.433	109.879	-562.723	-561.062	-558.853	5.39185	8	0	67.3509	-37.3677	50.9999	-562.595	-37.3677	50.9999	-562.595	
13181	40105	270.716	5057.34	268.145	-31.6077	-32.853	-0.733176	1	1	1	1	1	323.171	167.879	133.324	-53.4037	57.0521	170.126	323.78	244.772	167.334	134.157	39.6369	-54.7201	56.5928	112.634	170.288	28.9181	12	0	272.154	-32.8204	-37.4897	164.234	-32.8204	-37.4897	164.234	
13181	4591	131.73	239.526	131.623	-99999	55.971	-0.952802	1	1	1	0	0	335.888	330.884	126.661	5.62567	-35.2431	-77.5404	353.413	354.062	348.411	126.706	68.2825	5.62567	-35.2289	-62.7607	-77.5404	5.69696	8	0	90.0215	56.0002	34.1134	-68.9845	56.0002	34.1134	-68.9845	
13181	5551	28.9105	93.197	28.9091	-99999	-36.328	-0.649612	1	0	0	0	0	119.088	135.275	17.0007	-2.78537	-894.944	-881.612	119.129	127.472	135.317	17.0007	7.56239	-2.78537	-894.944	-887.858	-881.612	4.13361	10	0	70.5502	-36.3073	3.21512	-817.699	-36.3073	3.21512	-817.699	
13181	39337	56.9628	180.949	56.1348	-99999	69.908	-0.987812	1	1	0	0	0	94.5085	91.1404	133.694	80.7058	17.7226	25.6021	94.4013	97.8323	90.7703	133.955	106.007	80.5328	17.7023	20.6917	25.6864	4.19382	18	0	96.7305	78.9934	-7.20166	48.5612	78.9934	-7.20166	48.5612	
13193	11805	294.46	988.645	234.219	-99999	76.262	-0.614414	1	1	1	1	1	208.429	98.7145	130.228	1.11948	498.416	336.751	208.342	139.571	71.0799	130.228	48.3811	-32.4556	498.416	397.224	295.006	17.8808	6	0	501.363	76.2984	-29.9277	303.008	76.2984	-29.9277	303.008	
13181	40770	143.439	346.58	142.66	-99999	55.22	-0.773775	1	1	1	0	0	181.674	105.093	134.062	24.7258	267.704	316.249	181.64	144.803	104.686	134.099	77.3011	24.313	267.693	291.044	316.735	5.13019	14	0	71.7272	55.2557	20.0487	301.144	55.2557	20.0487	301.144	
13181	37949	209.755	479.064	199.282	-99999	110.595	-0.737268	0	0	0	0	0	185.08	324.439	125.669	-16.0201	632.219	617.926	213.059	286.034	359.559	132.83	58.0302	-16.4583	633.086	624.372	617.882	6.24428	7	0	49.4929	43.8408	69.1539	-161.431	43.8408	69.1539	-161.431	
13181	41789	140.74	354.125	140.633	-99999	40.288	-0.97421	0	0	0	0	0	188.396	168.204	133.587	-4.46933	809.268	821.396	188.372	177.687	168.158	133.671	64.7786	-4.46933	809.261	818.442	821.396	9.43258	7	0	83.4536	-999999	-999999	-999999	-999999	-999999	-999999	
13193	8247	111.367	258.818	109.311	-99999	-9.356	-0.725139	1	1	1	0	0	193.565	149.047	133.545	40.8067	-408.93	-375.719	193.576	167.655	148.815	133.545	88.0459	38.785	-408.93	-390.334	-375.494	5.38086	9	0	69.9527	-9.31836	22.6584	-381.871	-9.31836	22.6584	-381.871	
13181	39488	317.082	1015.91	316.71	-20.613	-21.745	-0.682658	1	1	1	1	1	317.291	142.385	133.562	-54.7133	-828.114	-648.305	317.291	223.653	142.243	133.562	31.4353	-54.9411	-828.114	-752.38	-648.061	4.21875	17	0	72.4956	-21.711	-3.43866	-711.889	-21.711	-3.43866	-711.889	
13181	642	38.343	725.621	36.7359	-99999	85.992	-0.946067	1	1	1	1	1	185.399	190.28	128.472	96.8142	237.957	249.76	212.326	218.525	217.186	128.472	111.44	96.7366	237.957	243.754	249.756	14.6298	28	0	689.819	86.0321	-32.196	294.228	86.0321	-32.196	294.228	
13181	10682	503.548	819.459	503.229	-99999	-10.11	-0.640531	1	1	1	1	1	162.199	173.444	134.161	-166.697	-820.597	-428.97	162.21	159.353	173.451	134.161	-3.23693	-166.716	-820.597	-615.043	-428.947	6.2613	15	0	50.0163	-10.0708	-19.2477	-597.43	-10.0708	-19.2477	-597.43	
13187	2928	173.394	406.849	172.679	58.5427	57.938	-0.977864	1	1	1	1	1	220.86	175.85	134.102	-27.889	-825.769	-792.25	220.86	195.823	175.701	134.102	51.8981	-28.4672	-825.769	-814.775	-791.871	6.05683	16	0	77.962	57.9637	-5.83985	-772.332	57.9637	-5.83985	-772.332	
13187	1400	20.3094	74.7988	20.2993	-99999	17.126	-0.880577	0	0	0	0	0	110.246	116.662	133.604	115.351	541.78	547.856	110.223	113.291	116.643	133.613	124.551	115.351	541.776	545.171	547.856	6.45398	10	0	72.9739	17.1551	54.5972	559.792	17.1551	54.5972	559.792	
13193	11018	407.761	964.374	406.845	-99999	71.334	-0.751995	1	1	1	1	1	302.603	225.843	133.405	-147.261	-513.949	-231.146	325.053	287.13	248.172	134.043	-9.93073	-147.287	-514.493	-375.362	-231.119	5.38219	8	0	78.2008	71.3679	-13.1815	-375.945	71.3679	-13.1815	-375.945	
13187	7	72.6198	177.266	72.2318	-99999	105.257	-0.810016	0	0	0	0	0	284.719	326.144	133.646	76.0234	475.149	488.503	317.564	338.297	359.217	133.807	104.67	75.8772	475.124	481.358	488.535	4.4489	6	0	65.0527	13.2966	-42.8434	-92.8797	13.2966	-42.8434	-92.8797	
13187	1514	262.899	600.459	262.068	-99999	25.059	-0.955679	1	1	1	1	1	98.3783	173.747	132.991	-117.634	-340.341	-340.561	98.3497	137.181	173.865	132.991	7.47706	-118.445	-340.341	-343.62	-340.532	7.82776	9	0	93.557	25.0929	-11.8883	-341.881	25.0929	-11.8883	-341.881	
13187	7043	208.111	438.807	207.661	-99999	-4.036	-0.996327	1	1	1	1	1	247.694	243.334	133.092	-72.4942	-599.388	-581.104	246.434	245.065	241.982	133.206	29.9117	-72.7895	-599.397	-592.403	-581.107	4.50299	6	0	69.5678	4.25383	1.33584	-74.2779	4.25383	1.33584	-74.2779	
13187	9748	148.291	345.974	146.583	-99999	7.825	-0.512385	1	1	1	1	1	355.078	243.94	33.4101	94.395	264.968	338.128	246.391	302.139	358.808	94.395	61.3846	32.6682	338.128	302.33	264.114	4.69623	314	0	345.974	7.86441	19.7315	287.668	7.86441	19.7315	287.668	
13187	7397	65.4508	184.135	62.973	57.7136	57.447	-0.9288	1	1	0	0	0	206.628	231.394	131.802	74.3693	23.3576	16.3742	206.409	218.78	232.035	132.374	102.265	72.6305	23.3868	20.2266	16.19	4.2259	11	0	84.4373	57.4906	28.8034	-1.52716	57.4906	28.8034	-1.52716	
13187	971	320.601	5358.95	317.637	-99999	94.742	-0.934244	1	1	1	1	1	196.761	266.158	132.383	-169.414	420.307	470.563	226.24	270.651	295.915	132.864	-19.6526	-170.611	420.259	440.956	470.946	2119.19	18	0	4750.51	94.7702	-22.6095	437.953	94.7702	-22.6095	437.953	
13187	5251	114.134	313.161	112.586	-99999	25.099	-0.84379	1	1	1	0	0	196.081	152.148	132.851	33.7242	31.2052	53.8952	196.245	167.49	152.081	133.16	84.7583	32.7043	31.15	40.4105	54.4576	11.2844	13	0	109.285	25.1306	16.5661	44.6411	25.1306	16.5661	44.6411	
13187	4175	419.488	1928.49	363.058	-99999	1.125	-0.780995	1	1	1	1	1	266.163	230.043	133.029	-134.615	-592.788	-835.136	266.516	245.252	225.206	133.029	-21.3459	-176.363	-592.788	-733.138	-872.618	9.93014	16	0	119.203	1.16657	-29.329	-722.148	1.16657	-29.329	-722.148	
13187	2386	34.2223	129.335	30.7354	-99999	51.649	-0.81656	0	0	0	0	0	97.134	99.339	132.967	103.424	-408.999	-407.723	97.0359	98.0025	100.374	133.705	117.981	102.059	-409.409	-406.365	-407.624	8.97858	19	0	95.007	51.6774	66.4351	-402.744	51.6774	66.4351	-402.744	
13187	4459	111.4	318.377	110.412	-99999	75.779	-0.988134	1	1	1	0	0	320.646	294.323	129.302	26.0603	472.238	493.314	344.369	334.97	318.014	129.678	76.6916	25.5917	472.272	486.197	493.54	7.08789	21	0	110.255	75.7996	1.31105	482.017	75.7996	1.31105	482.017	
13181	10877	145.685	257421	145.391	-99999	65.16	-0.431365	1	1	1	1	1	337.006	273.963	126.109	73.5454	-289.479	-389.882	357.41	324.743	294.368	126.109	94.3728	73.5454	-289.479	-336.214	-389.882	6.50495	29	0	293.569	65.1111	12.8738	-404.375	65.1111	12.8738	-404.375	
13187	7512	186.075	439.302	185.18	-99999	110.836	-0.956172	0	0	0	0	0	307.616	249.513	132.994	-40.6467	355.689	377.282	342.573	313.077	284.221	133.845	46.3741	-40.6467	355.653	366.084	377.282	5.81113	7	0	73.9767	63.7195	-16.1281	753.189	-29.7805	-58.5479	213.639	
13187	10646	171.286	394.598	170.645	-99999	-34.196	-0.791789	1	1	1	1	1	143.355	205.121	133.015	2.06113	109.062	199.321	148.521	179.289	210.495	133.523	67.5897	2.06113	108.732	153.866	199.321	5.81169	12	0	44.2047	-25.7206	-55.3522	142.417	-25.7206	-55.3522	142.417	
13181	15240	311.697	703.051	311.547	-99999	-5.892	-0.7119	1	1	1	1	1	63.002	172.9	59.0758	-156.485	-517.528	-322.902	62.9704	110.226	172.907	59.1813	-49.9775	-156.485	-517.624	-417.167	-322.902	6.38329	13	0	71.1291	-5.85943	-5.91625	-455.454	-5.85943	-5.91625	-455.454	
13187	4945	332.332	897.97	331.037	12.9777	12.154	-0.92614	1	1	1	1	1	178.072	239.987	132.385	-160.303	541.792	406.753	177.881	210.12	239.987	133.551	-16.4431	-160.303	542.223	478.455	406.753	10.6778	21	0	131.426	12.1917	-26.8934	458.004	12.1917	-26.8934	458.004	
13193	14828	185.719	543.499	184.975	-99999	93.757	-0.80981	1	1	1	1	1	168.786	90.7321	133.501	-17.4268	-276.516	-205.776	168.679	132.417	90.2113	133.501	57.4574	-18.012	-276.516	-237.694	-205.59	75.5863	8	0	189.747	93.7781	3.18321	-216.419	93.7781	3.18321	-216.419	
13193	15068	20.7337	69.8057	19.75	-99999	-38.291	-0.621916	1	1	1	1	1	294.53	310.051	132.913	121.379	658.992	655.048	281.787	289.757	298.061	133.524	127.173	121.379	659.154	657.263	655.048	4.19635	8	0	69.8057	-38.2849	-73.8136	784.495	32.9551	-18.6372	506.764	
13187	4299	315.919	732.573	315.913	-99999	87.786	-0.9487	1	1	1	1	1	187.304	106.397	133.949	-169.759	-305.042	-282.113	187.204	146.687	106.296	133.949	-18.5198	-169.759	-305.042	-299.466	-282.113	6.84129	6	0	90.6804	87.8015	-34.3795	-294.563	87.8015	-34.3795	-294.563	
13187	3161	239.223	585.205	238.781	-99999	30.013	-0.815048	1	1	1	1	1	144.081	182.086	133.785	-37.603	629.235	789.554	144.015	162.199	182.052	134.143	46.7922	-37.603	628.99	708.399	789.554	4.61074	11	0	77.1248	35.5448	25.0181	639.125	23.6747	-5.2405	685.782	
13193	15319	35.9083	98.9776	33.8059	-99999	116.116	-0.597989	0	0	0	0	0	203.941	228.147	133.233	113.329	-467.395	-454.728	185.536	198.464	211.273	133.369	122.917	112.252	-467.484	-460.708	-454.039	6.94156	8	0	67.2609	43.1977	-23.2901	215.706	43.1977	-23.2901	215.706	
13187	5613	306.517	671.112	305.624	-99999	5.749	-0.99713	1	1	1	1	1	271.587	276.694	132.827	-169.911	-165.912	-179.924	273.377	270.499	278.513	133.565	-19.2646	-170.004	-165.86	-172.741	-179.931	4.87977	8	0	70.1184	5.75869	-24.0936	-176.062	5.75869	-24.0936	-176.062	
13187	1678	149.652	375.213	149.599	-99999	75.614	-0.898213	1	1	1	1	1	280.961	240.353	133.328	1.42225	523.573	580.245	304.639	282.715	264.022	133.328	67.4654	1.3786	523.573	551.214	580.254	4.00721	6	0	74.8458	75.6475	-2.26219	557.85	75.6475	-2.26219	557.85	
13181	16749	195.88	430.19	194.074	-99999	-24.021	-0.877714	1	1	1	1	1	167.477	81.4003	130.707	-31.1543	323.034	382.811	167.727	129.009	80.9156	131.245	45.2456	-32.209	322.841	348.9	382.967	4.37122	11	0	66.1622	-23.9968	-5.9152	368.11	-23.9968	-5.9152	368.11	
13187	9952	169.75	577.588	169.543	-99999	8.235	-0.545908	1	1	1	1	1	221.126	114.344	132.173	42.6311	-380.634	-284.334	221.239	168.872	114.338	132.279	87.6218	42.6259	-380.75	-331.237	-284.329	9.78973	11	0	236.603	8.2644	10.5386	-273.597	8.2644	10.5386	-273.597	
13187	7671	239.498	575.883	239.026	-99999	72.541	-0.965225	1	1	1	1	1	122.857	177.586	134.479	-65.8927	102.9	216.844	122.77	146.923	177.503	134.934	28.6027	-65.8927	102.796	151.959	216.844	5.36189	14	0	74.8488	72.5672	-8.33401	167.881	72.5672	-8.33401	167.881	
13193	13001	237.119	533.147	235.59	-99999	24.668	-0.988143	1	1	1	1	0	79.4049	73.0061	132.472	-101.97	565.416	553.089	79.5187	72.1637	73.0005	133.718	15.9333	-102.177	565.545	557.361	553.079	5.38936	8	0	70.7241	24.6927	-4.88218	564.559	24.6927	-4.88218	564.559	
13187	6041	103.618	215.945	91.0768	-99999	100.837	-0.500065	1	1	1	0	0	181.198	118.744	132.037	85.842	337.658	385.185	182.256	146.717	111.053	132.889	106.612	80.2117	336.743	363.77	390.486	4.36643	11	0	46.7673	100.868	40.3309	386.48	100.868	40.3309	386.48	
13181	10493	131.591	484.652	129.893	81.5177	81.163	-0.850761	1	1	1	1	1	191.303	241.706	132.593	35.7106	115.604	47.2827	190.863	211.763	241.706	134.031	81.4767	35.7106	116.367	82.9635	47.2827	4.817	13	0	72.6621	81.2057	13.9108	58.4335	81.2057	13.9108	58.4335	
13187	1167	62.0799	200.765	60.4384	-99999	99.457	-0.737903	1	1	1	0	0	279.114	318.879	132.438	87.1296	-186.375	-182.131	309.161	329.643	350.023	133.64	110.441	87.1296	-186.587	-184.285	-182.131	4.52709	7	0	81.6958	99.491	24.7859	-185.003	99.491	24.7859	-185.003	
13187	280	250.395	622.619	249.57	54.6258	52.539	-0.907315	1	1	1	1	1	120.239	233.471	133.288	-81.9787	-323.638	-297.894	119.961	170.138	233.471	134.034	23.5354	-81.9787	-323.833	-293.362	-297.894	17.2714	7	0	108.766	52.5754	-5.09947	-294.625	52.5754	-5.09947	-294.625	
13187	4969	43.1181	7388.48	42.8414	-99999	62.262	-0.725426	1	1	1	1	1	290.6	308.889	133.186	99.4502	-350.144	-338.166	310.097	321.996	328.386	133.186	117.384	99.4502	-350.144	-343.285	-338.166	4.25894	7	0	803.652	62.2863	37.6822	-347.118	62.2863	37.6822	-347.118	
13187	3964	352.546	797.455	352.544	-99999	37.604	-0.872943	1	1	1	1	1	83.7574	216.154	134.069	-168.56	742.651	865.715	77.8482	143.298	210.245	134.069	-17.5856	-168.56	742.651	804.158	865.715	4.24025	11	0	42.0613	37.6348	4.66042	772.901	37.6348	4.66042	772.901	
13181	7216	21.0561	55.7426	18.6408	-99999	33.779	-0.634376	0	0	0	0	0	105.959	117.133	126.56	116.099	-113.99	-104.035	105.745	110.717	118.127	126.846	120.273	114.961	-114.292	-107.835	-102.89	4.00849	8	0	55.7426	18.677	-14.5415	-390.613	18.677	-14.5415	-390.613	
13187	1857	332.476	787.886	332.382	-99999	39.769	-0.914244	1	1	1	1	1	192.092	125.891	132.768	-163.115	595.374	726.188	192.051	163.287	125.821	132.789	-20.8684	-163.166	595.366	651.622	726.224	6.30889	12	0	72.3132	39.7947	-30.9168	659.182	39.7947	-30.9168	659.182	
13187	6539	56.8955	142.979	56.3032	-99999	88.278	-0.52812	1	1	1	1	1	222.074	195.65	132.758	102.697	722.527	682.97	236.082	222.578	209.427	132.92	117.763	102.523	722.749	702.826	682.764	5.27221	16	0	55.4739	88.3091	-22.4635	552.094	88.3091	-22.4635	552.094	
13187	7259	104.081	295.071	102.982	-99999	76.442	-0.846318	1	1	1	1	1	248.677	186.724	130.668	49.5123	30.1701	19.9502	273.192	242.7	210.662	131.578	90.04	49.5123	30.3276	26.0428	19.9502	9.57599	11	0	55.6276	76.4677	-27.1196	-2.87722	76.4677	-27.1196	-2.87722	
13187	10027	333.098	834.692	333.089	-99999	111.651	-0.911283	0	0	0	0	0	185.001	324.154	132.756	-168.439	-66.8347	-38.5649	219.963	289.07	359.117	132.758	-18.2233	-168.439	-66.8349	-54.1572	-38.5649	6.65572	8	0	53.6156	56.8141	-34.1743	-170.72	56.8141	-34.1743	-170.72	
13193	18135	107.458	242	107.376	-99999	114.094	-0.946072	0	0	0	0	0	88.7115	73.8946	133.849	36.6013	-684.357	-642.501	88.581	82.0819	73.7332	133.849	84.12	36.5393	-684.357	-665.423	-642.464	5.43996	11	0	71.2275	-22.3893	36.7547	-654.791	-44.4593	60.0713	-640.161	
13187	8775	237.652	508.057	237.106	-99999	-8.988	-0.899924	1	1	1	1	1	83.9809	187.564	133.037	-78.5147	736.733	755.703	83.9911	139.826	187.721	133.037	28.8956	-79.0352	736.733	747.873	755.665	4.96446	7	0	62.0459	-8.95979	-1.83639	741.624	-8.95979	-1.83639	741.624	
13187	10543	254.745	2210.89	253.533	-18.5147	-19.439	-0.850442	1	1	1	1	1	161.163	233.753	132.651	-73.0226	-76.9234	-203.418	161.033	188.777	234.01	133.158	27.5408	-73.4515	-76.64	-142.088	-203.752	4.1401	13	0	79.4783	-19.4144	-9.27756	-151.619	-19.4144	-9.27756	-151.619	
13181	18962	194.403	450.895	193.194	-99999	94.897	-0.882441	1	1	1	1	1	155.293	184.958	133.111	-35.5889	451.776	537.364	155.157	176.783	184.538	133.227	47.5156	-36.4833	451.722	492.013	537.857	4.45784	12	0	65.1553	94.9352	-1.72379	508.721	94.9352	-1.72379	508.721	
13181	21842	173.606	345.377	172.789	-765.409	103.302	-0.918071	0	0	0	0	0	183.162	238.105	132.694	-25.3783	-661	-620.587	183.101	209.974	238.386	132.889	54.0926	-25.9093	-661.056	-636.667	-620.56	4.2815	7	0	62.9016	-41.6318	-114.893	-208.887	-41.6318	-114.893	-208.887	
13181	4065	93.1464	200.325	92.4301	-99999	92.323	-0.458677	1	0	0	0	0	265.294	330.119	132.838	93.4854	-216.047	-163.485	294.041	327.658	359.35	132.941	112.218	93.2892	-216.161	-191.477	-163.168	4.5076	11	0	43.9249	92.3048	69.9596	-177.877	92.3048	69.9596	-177.877	
13187	741	375.467	885.124	374.511	-18.0753	-22.673	-0.761958	1	1	1	1	1	331.587	119.093	133.31	-151.299	518.266	634.685	332.105	221.541	119.093	133.975	-6.8989	-151.299	518.056	573.326	634.685	4.23824	7	0	74.8738	-22.6326	-30.5024	571.045	-22.6326	-30.5024	571.045	
13181	20970	128.355	321.828	128.052	-99999	68.711	-0.815342	0	0	0	0	0	105.309	184.282	133.967	34.9318	542.356	559.884	105.231	144.205	184.411	133.967	84.0754	34.7247	542.356	552.588	559.945	7.52242	11	0	86.3535	72.2447	23.9716	564.696	72.2447	23.9716	564.696	
13187	4665	229.387	544.702	229.349	64.2657	63.485	-0.669645	1	1	1	1	1	215.076	151.064	131.068	-46.781	643.614	772.652	215.076	181.677	151.054	131.068	42.7999	-46.8054	643.614	708.311	772.664	7.39016	10	0	79.9344	63.522	-10.1726	716.736	63.522	-10.1726	716.736	
13187	5585	234.74	536.644	233.735	-99999	53.26	-0.65365	1	1	1	1	1	187.89	128.949	133.334	-43.6694	-791.816	-651.921	187.829	157.713	128.829	133.334	44.5562	-44.4995	-791.816	-721.612	-651.366	5.81249	16	0	76.3328	53.2961	-8.33929	-684.738	53.2961	-8.33929	-684.738	
13187	3698	136.145	295.308	136.028	-99999	-30.745	-0.786332	1	1	1	1	1	142.634	197.688	132.829	32.4693	-130.964	-58.1922	142.669	166.337	197.782	132.829	80.7851	32.3891	-130.964	-94.0934	-58.1341	4.32749	12	0	66.2079	-30.712	17.5641	-80.2951	-30.712	17.5641	-80.2951	
13187	1523	66.2672	231.318	64.4477	-99999	103.512	-0.514076	0	0	0	0	0	61.7879	105.096	-62.3857	-104.932	-778.535	-759.116	61.5699	86.3119	105.44	-62.3243	-81.4457	-106.42	-778.6	-767.86	-759.139	4.48137	26	0	128.965	-999999	-999999	-999999	-999999	-999999	-999999	
13187	3923	206.146	478.193	205.181	-99999	63.735	-0.860931	1	1	1	1	1	237.268	338.932	132.489	-44.2176	-385.963	-362.796	256.959	307.991	359.094	132.952	44.1161	-44.5885	-386.021	-374.722	-362.751	4.80884	6	0	47.5962	63.7498	-13.75	-374.772	63.7498	-13.75	-374.772	
13187	4043	306.278	709.537	305.408	-99999	96.891	-0.988192	1	1	1	1	1	296.513	241.423	134.211	-165.109	791.142	781.758	326.876	302.532	271.436	134.373	-16.677	-165.718	791.129	789.535	781.665	5.47721	9	0	77.1559	96.9235	-10.3451	773.471	96.9235	-10.3451	773.471	
13187	4462	312.787	711.947	311.139	-22.2283	-23.842	-0.922204	1	1	1	1	1	192.765	278.724	132.587	-147.959	425.883	327.634	192.507	242.717	278.795	133.432	-8.18155	-148.674	426.126	383.117	327.655	7.17694	7	0	71.3271	-23.81	-31.4534	370.478	-23.81	-31.4534	370.478	
13181	946	322.132	678.237	322.039	-44.6613	-45.816	-0.687639	1	1	1	1	1	233.523	114.633	132.595	-52.0961	-164.265	-395.155	233.523	181.755	114.592	132.595	29.2072	-52.1143	-164.265	-276.294	-395.231	4.28612	9	0	64.5466	-45.7741	-16.2348	-316.349	-45.7741	-16.2348	-316.349	
13181	1186	302.936	709.57	301.751	-99999	94.123	-0.982974	1	1	1	1	1	156.82	92.3402	133.574	-158.565	198.423	221.163	156.728	122.79	92.3055	133.64	-13.5071	-159.539	198.42	208.521	221.66	6.80334	8	0	86.1224	94.1495	-42.9392	211.888	94.1495	-42.9392	211.888	
13187	526	256.648	642.493	255.69	-99999	13.625	-0.900578	1	1	1	1	1	78.6926	137.701	132.944	-98.1992	-283.426	-192.772	78.5033	106.54	137.686	133.802	18.7121	-98.1992	-283.806	-234.818	-192.772	5.21186	11	0	73.836	13.6499	-3.28726	-228.224	13.6499	-3.28726	-228.224	
13187	9037	484.804	500.969	477.992	-99999	-39.342	-0.644463	1	1	1	1	1	153.351	143.482	133.388	-80.7393	150.259	466.059	153.396	155.113	143.527	133.388	-4.98069	-80.7393	150.259	320.111	466.059	6.87881	14	0	79.165	-39.2952	-13.6356	323.663	-39.2952	-13.6356	323.663	
13193	23718	235.102	523.577	231.61	-99999	7.566	-0.98696	1	1	1	1	1	121.547	104.969	133.243	-94.243	-80.0604	-45.0261	121.556	117.787	104.213	133.366	17.3298	-97.4814	-80.0718	-62.5279	-44.5664	4.23882	10	0	83.641	7.58662	-18.2632	-51.7441	7.58662	-18.2632	-51.7441	
13181	4307	52.6582	130.564	51.608	-99999	113.517	-0.956556	0	0	0	0	0	309.828	323.557	128.433	78.6976	-93.6317	-94.4889	345.075	352.134	359.104	129.435	104.081	78.6976	-93.5697	-94.0982	-94.4889	4.54074	8	0	47.9307	-999999	-999999	-999999	-999999	-999999	-999999	
13187	11490	249.535	632.421	249.534	-99999	-15.854	-0.655721	1	1	1	1	1	64.4611	184.905	-2.43473	-166.315	-450.524	-305.963	64.4792	124.776	184.923	-2.43473	-84.4352	-166.315	-450.524	-378.366	-305.963	4.3818	13	0	74.8383	-15.8161	-32.5339	-404.932	-15.8161	-32.5339	-404.932	
13187	10712	208.812	553.548	206.917	-99999	35.444	-0.992226	1	1	0	0	0	84.6158	100.066	131.422	-72.4901	835.466	855.27	84.486	97.9439	99.8763	132.425	29.1641	-73.3244	835.369	841.875	855.443	5.58443	11	0	114.508	35.4727	6.04111	820.306	35.4727	6.04111	820.306	
13181	11367	179	396.854	177.814	-99999	7.479	-0.75223	1	1	1	1	1	197.297	119.164	132.496	2.07129	516.917	608.933	197.774	158.611	119.095	133.285	66.2311	1.97618	516.421	560.889	609.006	5.78733	11	0	67.5562	7.50591	-40.0519	645.853	7.50591	-40.0519	645.853	
13193	18211	316.456	685.435	315.097	60.9228	60.976	-0.979656	1	1	1	1	1	171.745	250.764	131.929	-171.497	-730.55	-745.625	171.631	205.777	250.944	132.611	-21.4598	-172.105	-730.455	-739.543	-745.74	5.70294	9	0	72.2874	61.0084	-25.2146	-720.834	61.0084	-25.2146	-720.834	
13193	18823	185.137	453.387	183.576	-99999	-23.096	-0.78979	1	1	1	1	0	114.076	82.1774	133.877	-12.6292	47.4407	152.014	114.103	97.7728	82.0358	133.879	63.1103	-14.0889	47.4387	104.61	152.523	5.60372	13	0	69.6322	-23.0619	14.803	124.237	-23.0619	14.803	124.237	
13193	18647	143.138	361.472	142.458	-99999	86.221	-0.755062	1	1	1	1	1	209.53	179.247	129.829	26.8796	433.876	527.247	209.431	196.01	179.033	129.829	78.365	26.3237	433.876	481.712	527.62	5.41609	13	0	75.4796	86.2568	8.23796	494.953	86.2568	8.23796	494.953	
13187	10235	178.708	433.699	177.854	-99999	51.012	-0.999046	1	1	1	1	1	248.462	242.737	130.765	-45.3713	-524.973	-522.241	264.447	262.234	258.758	130.902	41.667	-45.9649	-524.975	-525.837	-522.093	4.16582	7	0	103.011	51.0318	-3.09066	-532.985	51.0318	-3.09066	-532.985	
13193	24786	64.0964	182.527	63.5087	-99999	20.572	-0.605597	1	1	0	0	0	266.029	294.943	133.313	99.1498	613.274	657.925	272.471	286.993	301.648	133.313	113.955	98.8902	613.274	634.279	658.38	14.1452	7	0	89.9087	20.6173	-24.7652	632.262	20.6173	-24.7652	632.262	
13193	2188	69.3251	182.961	69.0107	-99999	113.287	-0.882551	0	0	0	0	0	134.167	160.281	133.515	70.3046	681.936	683.907	134.038	149.615	160.212	133.515	102.654	70.0011	681.936	680.244	683.892	7.45683	6	0	75.2874	27.2936	27.0895	676.981	27.2936	27.0895	676.981	
13193	1959	74.7902	145.405	74.3757	-99999	68.939	-0.902845	1	1	1	1	1	220.029	189.397	133.789	68.1716	37.3511	54.2619	241.617	226.234	210.819	133.789	100.822	67.8041	37.3511	45.9539	54.3533	4.1093	6	0	51.1025	68.9798	-30.3444	81.8832	68.9798	-30.3444	81.8832	
13193	10468	269.409	1112.53	267.557	36.0765	34.571	-0.527393	1	1	1	1	1	90.6775	287.995	133.434	4.6704	310.689	194.765	89.9719	190.681	287.995	133.959	64.8014	4.6704	311.136	254.41	194.765	9.59031	16	0	146.603	34.6073	-14.9475	195.592	34.6073	-14.9475	195.592	
13193	9760	264.156	821.031	264.008	-99999	8.004	-0.725189	1	1	1	1	1	298.176	129.865	131.734	-54.8498	-690.049	-610.332	298.231	212.98	129.865	131.8	39.289	-54.8498	-690.076	-650.017	-610.332	16.5553	8	0	122.585	8.03022	-63.8427	-599.42	8.03022	-63.8427	-599.42	
13193	57	218.284	498.439	217.091	-99999	-36.725	-0.886928	1	1	1	1	1	101.773	204.384	133.647	-54.6351	251.424	284.287	107.435	159.438	210.324	133.882	39.4635	-55.5341	251.381	268.447	284.135	4.28037	10	0	49.7246	-36.7021	-18.0051	275.679	-36.7021	-18.0051	275.679	
13193	10374	93.6306	584.474	93.0958	-99999	30.265	-0.541347	1	1	1	1	1	332.138	316.398	133.915	57.5499	585.539	632.477	341.615	332.319	325.875	133.915	95.0324	57.5499	585.539	608.803	632.477	12.171	15	0	135.831	30.3023	-25.7049	651.282	30.3023	-25.7049	651.282	
13193	13570	160.027	398.92	159.619	-99999	12.885	-0.978903	1	1	1	0	0	75.4861	84.4782	128.983	-29.2082	-308.471	-292.652	75.4602	79.2117	84.4634	129.37	50.1142	-29.2082	-308.541	-300.733	-292.652	7.46673	7	0	94.9877	12.901	9.34245	-293.24	12.901	9.34245	-293.24	
13181	5996	216.647	499.676	216.583	-99999	1.801	-0.987171	1	1	1	1	1	187.296	174.417	133.354	-82.289	516.366	517.687	187.294	175.578	174.412	133.354	25.7417	-82.3407	516.366	518.171	517.692	5.21223	7	0	82.3818	1.8288	-13.8971	528.473	1.8288	-13.8971	528.473	
13193	16316	65.0843	546.15	64.6181	-99999	83.264	-0.922825	1	1	1	1	1	87.5531	73.0604	133.569	73.2183	288.591	306.548	87.5661	80.0602	72.9445	133.904	103.539	73.1259	288.492	297.453	306.579	45.1591	12	0	449.232	83.2998	12.1767	325.26	83.2998	12.1767	325.26	
13193	22780	559.429	1574.5	540.232	107.618	109.841	-0.536168	0	0	0	0	0	61.7907	346.281	122.268	-159.312	-713.266	-350.587	61.445	208.044	356.263	122.615	-24.5885	-169.04	-713.693	-526.453	-338.393	5.20089	6	0	80.7552	-999999	-999999	-999999	-999999	-999999	-999999	
13187	6459	357.679	2900.99	357.674	99.7142	99.076	-0.79679	1	1	1	1	1	175.772	305.623	133.792	-141.594	331.135	145.466	175.772	237.321	305.623	133.792	-6.54302	-141.594	331.135	239.185	145.466	6.82433	13	0	116.003	99.1134	-37.7691	212.219	99.1134	-37.7691	212.219	
13193	20361	322.691	723.047	306.043	-99999	76.929	-0.970476	1	1	1	1	1	281.147	217.948	132.412	-164.062	-680.742	-722.379	305.237	273.148	238.642	132.412	-24.3355	-180.13	-680.742	-701.379	-725.031	8.92891	11	0	57.861	76.9523	-18.8642	-689.255	76.9523	-18.8642	-689.255	
13181	10609	130.236	298.654	129.624	-99999	47.375	-0.241838	1	1	0	0	0	265.517	344.154	134.321	104.015	70.844	169.257	280.352	320.162	359.362	134.321	119.083	103.857	70.844	120	169.714	10.2931	9	0	46.8656	47.4038	64.6444	159.729	47.4038	64.6444	159.729	
13193	25676	241.935	1026.08	240.968	-99999	81.284	-0.520313	1	1	1	1	1	190.063	333.659	133.502	-10.5131	382.556	253.765	215.517	288.393	359.66	133.502	61.8165	-11.1413	382.556	318.299	253.283	4.21515	13	0	50.3584	81.2728	0.0109295	288.706	81.2728	0.0109295	288.706	
13193	24824	25.286	75.8981	24.9865	-99999	61.198	-0.661819	0	0	0	0	0	322.915	306.298	133.578	115.089	-560.654	-560.633	342.299	333.179	325.462	133.768	125.044	115.089	-560.673	-560.161	-560.633	4.16204	10	0	62.0738	61.2124	65.5583	-568.966	61.2124	65.5583	-568.966	
13181	21054	174.085	801.197	172.535	50.362	49.723	-0.86204	1	1	1	1	1	236.44	197.54	132.062	-15.2008	78.5206	159.119	236.543	215.449	197.422	132.678	58.4284	-15.9582	78.1822	118.332	159.451	5.39054	15	0	78.6193	49.7592	1.06447	129.866	49.7592	1.06447	129.866	
13187	720	262.49	647.554	260.291	-99999	18.228	-0.601648	1	1	1	1	1	159.055	191.191	128.725	-23.0718	-880.222	-672.251	158.746	178.349	191.146	129.596	53.3269	-23.6937	-881.341	-776.435	-671.846	7.73846	15	0	103.259	18.261	4.04369	-720.559	18.261	4.04369	-720.559	
13187	1920	94.9984	141.471	94.267	-99999	17.085	-0.922088	1	1	0	0	0	277.422	266.648	133.101	47.5367	481.643	445.314	282.84	279.215	271.998	133.762	90.9121	47.5367	481.911	461.806	445.314	4.52538	8	0	55.5844	17.1145	-15.7263	447.289	17.1145	-15.7263	447.289	
13193	2418	85.7132	2767.43	85.0654	-99999	-39.87	-0.433882	1	1	1	1	1	256.536	292.5	132.727	92.5578	421.158	485.808	243.946	263.485	280.03	132.813	113.345	92.5467	421.011	453.767	485.841	6.04058	7	0	2335.82	-39.8269	-3.73329	530.629	-39.8269	-3.73329	530.629	
13193	5538	274.44	576.757	273.104	-13.4131	-14.41	-0.898009	1	1	1	1	1	196.712	330.621	133.07	-103.646	153.879	153.982	196.291	262.279	330.795	133.924	13.8756	-103.982	153.882	147.314	153.97	7.17953	7	0	69.036	-14.3738	-34.4171	146.821	-14.3738	-34.4171	146.821	
13181	17847	177.773	542.627	174.691	-99999	1.245	-0.951023	1	1	1	0	0	61.8274	75.7884	91.1943	-68.4098	399.347	459.413	61.826	75.1607	75.823	91.1943	7.28495	-69.3396	399.347	425.228	462.288	9.22578	28	0	262.969	1.26981	9.2081	422.052	1.26981	9.2081	422.052	
13193	5884	320.484	691.475	319.697	59.4403	59.28	-0.981235	1	1	1	1	1	236.92	182.718	133.244	-159.524	-45.7728	48.8853	236.92	215.231	182.523	133.244	-22.1914	-159.973	-45.7728	-14.3344	49.4838	5.54305	16	0	92.3314	59.3114	-24.9401	-7.57884	59.3114	-24.9401	-7.57884	
13193	6844	180.995	583.316	180.926	-99999	61.657	-0.904701	1	1	1	1	1	186.022	114.25	133.072	-27.2704	-327.805	-286.111	185.952	154.036	114.149	133.072	51.1299	-27.327	-327.805	-306.598	-286.097	4.07314	9	0	68.3994	61.6866	-1.49572	-298.582	61.6866	-1.49572	-298.582	
13193	6377	163.272	396.534	162.753	-99999	69.369	-0.95269	1	1	1	1	1	153.68	198.271	132.598	-16.2125	739.098	785.849	153.54	172.495	198.235	132.944	56.9108	-16.3576	739.009	761.796	785.863	4.96044	10	0	78.5292	69.4005	6.29285	751.262	69.4005	6.29285	751.262	
13193	7831	92.7724	231.695	92.7505	-99999	-28.762	-0.876826	1	1	0	0	0	185.028	154.819	133.216	49.9189	-406.609	-379.506	185.061	168.971	154.846	133.216	92.0362	49.8997	-406.609	-392.664	-379.501	6.95652	9	0	77.5047	-28.7294	26.9621	-381.834	-28.7294	26.9621	-381.834	
13193	9113	136.682	337.817	134.761	-99999	15.198	-0.502731	1	1	1	1	0	354.416	282.62	63.0164	11.3407	-763.828	-663.26	359.38	322.904	286.367	63.2042	31.6144	10.8178	-764.074	-715.762	-662.217	4.34695	6	0	68.4054	15.2088	36.6407	-727.64	15.2088	36.6407	-727.64	
13193	7302	259.071	603.907	258.621	-99999	-26.779	-0.656454	1	1	1	1	1	66.2959	156.575	117.5	-58.2643	100.425	266.033	66.2085	113.028	156.686	117.7	31.0135	-58.3653	100.224	184.234	266.075	4.51724	10	0	89.349	-26.7486	3.47379	195.566	-26.7486	3.47379	195.566	
13193	7220	188.583	413.832	188.577	-99999	-2.165	-0.678761	1	1	1	1	1	62.7214	166.834	5.21924	-113.665	-42.9107	58.6555	62.7239	111.078	166.837	5.21924	-57.3712	-113.665	-42.9107	8.20797	58.6555	4.80222	11	0	74.1107	-2.23703	-8.15536	-318.762	-2.23703	-8.15536	-318.762	
13193	13809	48.4668	142.494	48.3378	-99999	88.471	-0.831616	1	0	0	0	0	233.99	221.721	133.122	94.2588	653.729	628.219	247.792	241.654	235.474	133.122	113.52	94.199	653.729	640.91	628.169	5.80634	17	0	78.5205	88.5159	-5.025	630.782	88.5159	-5.025	630.782	
13193	13347	99.8157	248.958	85.4669	-99999	1.927	-0.384272	1	1	1	1	1	179.421	232.448	133.759	104.585	-283.052	-222.763	179.421	210.199	241.611	133.759	116.067	100.012	-283.052	-247.991	-212.714	4.40028	9	0	74.9305	1.9809	28.6639	-103.728	1.9809	28.6639	-103.728	
13193	13827	171.44	399.827	170.609	-99999	-11.264	-0.81675	1	1	1	1	1	112.084	163.19	131.603	-3.14847	-540.764	-449.683	112.097	137.193	163.409	131.603	63.1215	-3.70615	-540.764	-495.803	-449.105	4.32689	15	0	75.6158	-11.2312	11.9263	-485.985	-11.2312	11.9263	-485.985	
13181	15051	267.18	626.8	267.162	-99999	114.145	-0.991464	0	0	0	0	0	185.133	154.169	132.734	-129.051	-364.447	-327.677	185.002	171.925	154.038	132.734	1.03285	-129.051	-364.447	-348.114	-327.677	4.93091	11	0	72.8741	55.0039	-18.4839	365.024	55.0039	-18.4839	365.024	
13193	16557	138.753	350.89	137.235	-99999	47.963	-0.852664	1	1	1	1	1	208.69	273.641	129.09	11.2306	349.438	375.007	223.538	256.549	289.301	129.363	69.8461	10.2383	349.431	362.126	375.176	8.71064	6	0	75.872	47.9965	-3.4933	373.35	47.9965	-3.4933	373.35	
13193	13708	131.881	304.032	131.878	-99999	-42.448	-0.919154	1	1	1	1	1	298.687	246.617	132.927	14.9695	540.993	567.644	285.395	258.492	233.325	132.927	74.0454	14.9695	540.993	553.249	567.644	5.30246	7	0	71.974	-42.4121	-3.41919	560.671	-42.4121	-3.41919	560.671	
13193	16588	47.3164	118.068	43.9768	-99999	69.867	-0.429223	1	1	1	0	0	275.598	308.971	133.373	115.16	616.122	638.076	297.29	315.297	333.122	133.473	123.046	114.363	616.015	627.269	640.028	7.4166	11	0	58.6906	69.9193	-56.9151	633.292	69.9193	-56.9151	633.292	
13193	19157	266.668	923.495	264.725	80.2845	81.446	-0.683818	1	1	1	1	1	62.1627	220.718	76.4591	-106.889	-747.235	-846.396	61.9244	144.74	221.398	76.6952	-19.9682	-108.257	-747.133	-786.636	-846.749	7.55373	10	0	74.2239	81.4809	1.47899	-755.902	81.4809	1.47899	-755.902	
13193	23153	73.9159	196.611	73.3685	-99999	54.091	-0.742153	0	0	0	0	0	177.827	132.38	133.079	77.6864	-701.336	-693.6	177.765	155.401	131.987	133.079	103.911	77.3162	-701.336	-702.24	-693.385	4.50075	10	0	75.4266	-999999	-999999	-999999	-999999	-999999	-999999	
13181	1896	41.9635	117.897	38.2044	-99999	78.397	-0.880351	0	0	0	0	0	125.592	108.927	130.272	98.8941	-369.29	-356.189	126.922	118.879	108.729	133.331	115.057	98.6582	-370.131	-363.819	-356.201	4.83792	7	0	72.703	-999999	-999999	-999999	-999999	-999999	-999999	
13181	5976	107.095	247.242	105.548	-23.9405	-24.81	-0.907611	1	1	1	0	0	233.452	182.68	133.54	43.2539	-117.631	-99.537	233.452	210.061	181.956	133.54	85.8724	41.9449	-117.631	-111.067	-99.1928	4.13601	10	0	73.7921	-24.7818	18.7175	-105.718	-24.7818	18.7175	-105.718	
13193	20550	309.624	670.683	309.141	50.8608	47.762	-0.809231	1	1	1	1	1	112.238	335.912	133.96	-72.4349	-175.817	-207.884	112.238	219.215	336.345	133.96	22.8385	-72.5766	-175.817	-185.338	-208.017	7.3578	6	0	58.118	47.8058	-14.16	-193.874	47.8058	-14.16	-193.874	
13193	20670	169.626	390.004	166.541	-99999	-40.886	-0.891861	1	1	1	1	1	188.572	199.162	131.216	-9.85393	-456.032	-370.086	188.352	199.007	199.209	133.777	62.6356	-9.85393	-457.276	-412.474	-370.086	11.9757	10	0	127.023	-40.8479	1.12617	-395.236	-40.8479	1.12617	-395.236	
13193	23070	270.206	1138.17	268.264	-35.7828	-35.242	-0.875685	1	1	1	1	1	164.096	252.988	133.083	-92.1218	427.862	538.784	163.799	209.741	253.35	133.862	16.3119	-93.0811	427.553	475.654	538.96	5.66684	6	0	72.0901	-35.2113	-11.1244	491.559	-35.2113	-11.1244	491.559	
13181	12500	276.206	585.136	274.13	-99999	102.138	-0.966832	0	0	0	0	0	129.819	174.498	132.68	-129.142	-184.229	-129.332	129.46	159.09	174.366	133.698	1.06518	-129.392	-184.336	-161.117	-129.322	4.46093	9	0	72.9528	69.1867	-3.85429	-509.64	11.7667	-30.2759	-362.423	
13193	2447	271.006	598.692	270.966	-99999	99.525	-0.8212	1	1	1	1	1	194.559	145.181	131.797	-86.6158	-312.291	-160.601	194.445	165.289	145.064	131.797	21.9797	-86.6409	-312.291	-238.583	-160.579	4.23365	17	0	92.8875	99.5571	-14.5158	-216.844	99.5571	-14.5158	-216.844	
13193	4462	302.394	1052.07	296.555	-99999	70.066	-0.89128	1	1	1	1	1	205.693	168.648	131.959	-144.817	-549.96	-642.296	206.302	175.711	168.554	133.625	-5.55558	-144.886	-549.441	-598.963	-642.302	5.41884	6	0	60.3585	70.0993	-22.6071	-599.009	70.0993	-22.6071	-599.009	
13181	11472	296.983	738.024	237.888	-99999	25.211	-0.998393	1	1	1	1	1	190.219	186.327	131.296	-64.6845	108.84	115.013	194.158	195.294	190.315	132.996	42.182	-64.7775	108.891	117.372	115.022	4.41527	11	0	43.4319	25.2335	-17.4667	123.148	25.2335	-17.4667	123.148	
13181	13339	353.782	790.026	351.981	11.7013	9.908	-0.893025	1	1	1	1	1	287.67	120.944	132.907	-169.321	567.562	622.934	287.825	206.559	120.009	133.225	-22.4621	-170.231	567.538	587.628	623.538	4.43272	10	0	72.5098	9.93924	-32.7561	588.39	9.93924	-32.7561	588.39	
13193	9022	92.0861	226.709	91.1997	-99999	62.552	-0.84269	1	1	0	0	0	65.6408	111.039	134.497	56.4582	-616.333	-607.522	65.2045	89.6207	111.086	135.045	96.0836	56.2678	-616.344	-615.272	-607.514	6.75734	6	0	70.374	62.5788	54.3669	-607.958	62.5788	54.3669	-607.958	
13181	17512	72.2034	186.562	70.4802	105.112	105.079	-0.930523	0	0	0	0	0	207.129	225.189	131.299	72.7528	-733.867	-767.153	206.861	214.542	225.189	132.9	100.732	72.7528	-733.304	-747.656	-767.153	4.42202	15	0	69.3078	73.7136	-25.349	252.631	73.7136	-25.349	252.631	
13193	8339	152.724	399.605	151.848	31.5157	30.01	-0.638747	1	1	1	1	1	241.542	148.462	133.137	23.4021	198.973	163.566	241.678	185.55	148.271	133.26	86.6197	22.7586	199.03	176.67	163.531	6.49756	8	0	80.3827	30.0428	15.8566	172.24	30.0428	15.8566	172.24	
13193	9779	75.7723	195.215	74.4229	-99999	84.047	-0.858047	1	1	0	0	0	299.284	332.564	133.59	68.6888	-691.789	-677.002	325.413	342.45	359.313	133.919	100.976	67.8536	-691.868	-684.141	-676.803	5.57717	8	0	73.1198	84.0343	33.1916	-673.353	84.0343	33.1916	-673.353	
13193	14751	360.344	3.74283e+06	358.247	-99999	69.21	-0.852051	1	1	1	1	1	63.598	88.7439	134.798	-160.333	84.1332	-94.0809	63.5188	75.6555	88.0699	134.798	-13.198	-161.767	84.1332	-5.29393	-94.5059	4.72763	17	0	3.67428e+06	69.2331	-27.9304	-20.4584	69.2331	-27.9304	-20.4584	
13193	16551	220.368	543.161	218.864	-99999	107.152	-0.666268	0	0	0	0	0	193.577	342.315	126.062	-20.1174	-142.3	-208.491	210.122	283.992	359.859	126.338	52.4733	-20.871	-142.17	-177.155	-208.805	4.27752	9	0	44.5476	-999999	-999999	-999999	-999999	-999999	-999999	
13193	12592	560.291	1451.14	559.422	-99999	65.512	-0.472883	1	1	1	1	1	263.524	319.946	118.776	-144.138	-885.332	-396.925	284.004	301.54	340.529	119.001	-17.2702	-144.269	-885.763	-642.078	-396.583	4.75093	11	0	74.3728	65.5408	-37.0705	-597.148	65.5408	-37.0705	-597.148	
13181	10846	112.777	270.322	111.739	-99999	-46.392	-0.942527	1	1	1	0	0	80.4483	116.952	133.203	32.347	-597.581	-571.378	80.2776	96.1465	117.125	133.956	80.5029	32.1723	-597.709	-589.552	-571.266	5.38026	11	0	67.1445	-46.3678	46.2145	-582.763	-46.3678	46.2145	-582.763	
13181	11206	198.536	452.121	182.374	-99999	24.55	-0.767044	1	1	1	1	1	120.281	71.7877	134.087	-3.81787	-119.827	-10.8455	120.253	93.2262	67.8478	134.087	59.1759	-16.8561	-119.827	-60.5956	-2.15404	7.84163	14	0	55.4199	24.564	-12.9378	-5.75955	24.564	-12.9378	-5.75955	
13193	18902	215.627	507.575	213.836	44.0878	43.841	-0.962573	1	1	1	1	1	229.744	188.113	133.202	-73.103	138.816	109.946	229.763	207.088	187.279	133.376	30.0938	-74.4609	138.856	118.426	109.898	4.12832	7	0	77.9367	43.8588	-12.9033	117.749	43.8588	-12.9033	117.749	
13193	19142	253.9	637.588	253.708	41.884	41.059	-0.734756	1	1	1	1	1	295.818	187.291	132.828	-57.9592	83.6353	205.61	295.907	235.671	187.291	132.963	41.2089	-57.9592	83.5493	147.166	205.61	5.74799	11	0	72.925	41.095	-1.74972	155.381	41.095	-1.74972	155.381	
13193	20690	77.6111	281.382	76.0204	-99999	43.267	-0.833585	1	1	1	1	0	325.233	344.953	125.202	62.4172	200.793	162.85	338.719	348.725	358.953	125.42	93.5403	61.2229	200.92	181.188	162.478	14.0693	12	0	79.1848	43.2847	51.0375	159.549	43.2847	51.0375	159.549	
13193	18084	155.75	345.753	154.023	-99999	75.938	-0.833023	1	1	1	1	1	137.256	222.179	133.043	6.7313	754.382	730.856	125.109	168.229	210.93	133.378	69.6298	5.60746	754.438	742.572	730.699	7.1115	7	0	49.2054	75.9689	-15.4213	711.412	75.9689	-15.4213	711.412	
13193	21324	258.612	763.272	258.393	-99999	107.943	-0.806711	0	0	0	0	0	66.2963	163.535	56.7688	-154.501	565.121	677.695	66.089	115.084	163.412	56.9443	-48.7192	-154.501	565.022	621.181	677.695	5.25972	11	0	56.36	39.8806	-96.7653	577.241	39.8806	-96.7653	577.241	
13193	18445	144.69	349.814	143.349	-99999	-23.482	-0.950036	1	1	1	1	1	305.724	248.566	132.599	4.05392	682.906	696.892	298.6	276.98	240.917	133.392	65.0874	3.64915	682.79	692.618	696.886	8.76805	6	0	77.6943	-23.4527	-3.74487	682.995	-23.4527	-3.74487	682.995	
13193	19650	129.289	359.687	127.301	-99999	1.65	-0.870433	1	1	1	0	0	156.027	103.708	133.954	19.9066	128.835	146.646	156.025	126.732	103.212	133.954	77.1507	17.991	128.835	138.255	146.82	10.1753	9	0	112.25	1.68094	22.6681	142.461	1.68094	22.6681	142.461	
13193	21932	223.919	488.889	220.103	-99999	-15.049	-0.981793	1	1	1	1	1	217.305	249.838	130.379	-83.4621	-313.005	-280.725	212.374	220.877	245.621	132.51	22.811	-84.9881	-313.353	-293.289	-280.405	7.35362	6	0	79.0629	-15.0199	-19.3968	-292.677	-38.3899	10.2252	-255.125	
13181	24768	255.563	645.177	255.046	24.0889	24.893	-0.933484	1	1	1	1	1	227.73	127.201	131.918	-87.5128	694.454	769.017	227.889	184.128	127.201	132.392	15.8792	-87.5128	694.371	723.101	769.017	19.8603	12	0	152.311	18.7782	-19.7531	91.3379	84.2582	-9.86032	399.727	
13193	18566	236.393	533.882	234.279	-99999	100.888	-0.941249	1	1	1	0	0	293.445	327.401	131.769	-91.8529	-855.649	-794.659	324.678	341.895	358.993	133.747	20.9757	-91.8529	-856.266	-825.394	-794.659	4.76824	6	0	52.2213	100.905	-18.5085	-795.394	100.905	-18.5085	-795.394	
13193	25943	91.1036	224.175	89.5138	-99999	115.679	-0.966772	0	0	0	0	0	183.508	167.266	134.144	46.9515	201.674	202.793	183.376	176.948	166.524	134.144	89.3762	45.5083	201.674	206.252	202.584	6.11706	6	0	76.3508	22.3886	-64.0378	749.255	22.3886	-64.0378	749.255	
13193	24826	349.668	989.792	348.503	77.259	76.964	-0.873626	1	1	1	1	1	299.174	167.345	133.19	-153.591	-279.773	-424.268	299.174	239.314	166.761	133.19	-12.1113	-154.585	-279.773	-356.175	-424.362	6.51162	6	0	97.1417	77.0006	-19.387	-365.998	77.0006	-19.387	-365.998	
13193	147	143.76	338.237	142.961	-99999	56.31	-0.929495	1	1	1	1	0	311.153	341.455	132.316	-5.54867	322.593	343.746	328.727	344.313	359.194	132.621	63.5248	-5.99738	322.484	333.246	343.819	4.48659	6	0	43.7254	56.343	-11.6976	210.251	56.343	-11.6976	210.251	
13193	3387	38.0204	102.136	38.008	-99999	-18.487	-0.242941	1	1	1	1	1	65.0088	93.4817	-60.239	-70.0428	-793.273	-770.398	65.03	79.3807	93.5029	-60.239	-65.4493	-70.0428	-793.273	-781.984	-770.398	4.26456	10	0	57.8342	-18.4652	-61.4922	-667.294	-18.4652	-61.4922	-667.294	
13193	4265	144.444	397.515	144.331	-99999	94.671	-0.987359	1	1	0	0	0	78.2646	76.9241	133.858	-8.36536	-846.825	-826.74	78.1563	77.7999	76.8158	133.858	62.7234	-8.36536	-846.825	-835.361	-826.74	4.63694	15	0	105.332	94.6915	26.9868	-813.835	94.6915	26.9868	-813.835	
13193	4965	158.593	364.028	157.25	-99999	11.632	-0.88961	1	1	1	1	1	185.537	117.954	132.569	-9.37248	-805.715	-803.967	185.605	150.952	117.39	132.727	61.4166	-10.3977	-805.722	-804.797	-804.013	14.6057	7	0	56.1347	11.6649	-39.2518	-801.64	11.6649	-39.2518	-801.64	
13187	4027	56.9844	169.084	56.9153	-99999	2.607	-0.649732	1	1	0	0	0	206.202	243.983	126.714	92.0354	-845.797	-870.415	206.158	224.825	243.983	126.757	109.242	92.0354	-845.769	-858.224	-870.415	17.526	10	0	73.9196	2.59269	20.7764	-814.249	2.59269	20.7764	-814.249	
13193	11222	226.856	504.188	226.85	34.9429	33.473	-0.941476	1	1	1	1	1	183.459	242.599	133.979	-80.9625	-35.5368	-73.4908	183.459	213.716	242.599	133.979	25.5198	-80.9625	-35.5368	-48.6148	-73.4908	4.34411	9	0	72.051	33.4997	-15.4811	-52.4188	33.4997	-15.4811	-52.4188	
13193	9324	126.141	321.057	126.134	32.4768	31.734	-0.829518	1	1	1	1	1	167.908	237.782	132.719	29.7829	659.864	641.16	167.908	202.283	237.782	132.719	80.4042	29.7829	659.864	652.292	641.16	11.0997	7	0	79.2672	31.7729	4.01889	639.919	31.7729	4.01889	639.919	
13193	11400	177.493	955.418	177.485	-99999	17.686	-0.367264	1	1	1	1	1	268.152	346.049	133.544	82.9239	99.2341	250.402	273.691	312.524	351.588	133.544	108.281	82.9239	99.2341	174.899	250.402	29.5864	7	0	461.427	17.7358	52.0623	220.253	17.7358	52.0623	220.253	
13209	21535	123.069	319.697	121.832	-99999	-38.952	-0.910915	1	1	1	0	0	87.0873	100.591	133.402	21.501	-470.519	-425.236	87.1388	91.4766	100.804	133.478	77.5129	20.454	-470.553	-445.526	-424.796	7.04956	19	0	85.6797	-38.931	32.7149	-437.195	-38.931	32.7149	-437.195	
13209	23214	237.09	541.349	235.166	-99999	26.517	-0.985678	1	1	1	1	1	134.528	95.2154	132.222	-98.4615	230.092	242.262	134.65	120.891	94.875	133.009	15.4861	-99.533	230.155	236.118	242.283	5.65349	9	0	78.6229	26.5406	-23.1566	237.541	26.5406	-23.1566	237.541	
13209	19146	68.8173	162.042	68.453	-99999	102.319	-0.426992	0	0	0	0	0	277.297	327.047	134.74	107.213	89.9584	128.016	309.338	334.413	359.351	134.74	120.622	107.076	89.9584	108.769	128.224	4.48419	6	0	52.5279	-999999	-999999	-999999	-999999	-999999	-999999	
13209	22267	70.5435	177.484	68.805	-99999	29.079	-0.894446	1	0	0	0	0	103.427	71.9742	133.787	72.7119	418.217	419.4	103.402	87.662	71.0194	133.804	102.287	71.2622	418.216	419.691	419.354	5.0595	7	0	69.4943	29.1046	72.6232	419.289	29.1046	72.6232	419.289	
13209	53549	196.147	1042.86	192.699	-99999	16.437	-0.870579	1	1	1	1	1	322.332	225.038	132.952	-32.6555	-353.59	-339.018	327.754	278.11	228.875	133.459	49.2789	-35.2042	-353.65	-345.466	-339.133	5.70096	12	0	659.207	16.465	-30.3548	-340.965	16.465	-30.3548	-340.965	
13209	19234	63.987	180.285	63.8355	-99999	109.907	-0.622884	0	0	0	0	0	303.288	324.88	-12.9663	27.5535	-890.242	-845.902	359.303	348.489	337.658	27.565	7.44108	-13.05	-845.889	-868.278	-890.332	8.06769	203	0	180.285	-10.5318	17.8184	805.428	-27.9218	-59.5461	-280.32	
13209	64997	170.85	385.723	169.651	91.5012	88.916	-0.87503	1	1	1	1	1	189.274	270.257	133.404	-9.04824	-300.898	-338.712	188.736	235.331	270.257	134.451	64.09	-9.04824	-300.696	-313.271	-338.712	4.71049	8	0	82.2163	81.7243	-36.7462	538.131	81.7243	-36.7462	538.131	
13209	19505	224.181	842.115	222.351	-99999	109.389	-0.965551	0	0	0	0	0	243.666	176.455	132.749	-77.73	-184.285	-159.971	278.251	244.14	210.58	134.006	27.938	-78.2378	-184.299	-172.266	-159.989	23.4013	9	0	260.029	-999999	-999999	-999999	-999999	-999999	-999999	
13209	22025	267.73	640.859	266.793	45.1842	43.842	-0.885635	1	1	1	1	1	203.978	335.389	132.215	-87.7174	-187.739	-256.173	203.761	266.915	335.622	132.677	19.4613	-88.0281	-187.64	-220.715	-256.299	4.95084	10	0	80.7615	43.8663	-25.302	-234.874	43.8663	-25.302	-234.874	
13209	14912	252.419	594.965	251.198	92.9077	92.207	-0.69441	1	1	1	1	1	111.671	225.66	133.231	-20.0327	-589.467	-751.336	111.371	166.375	225.981	133.734	52.4388	-20.2878	-589.045	-668.086	-751.611	4.85935	13	0	80.0853	92.2524	11.0752	-664.79	92.2524	11.0752	-664.79	
13209	26798	289.543	693.353	288.024	-99999	72.469	-0.751487	1	1	1	1	1	92.4683	197.622	111.311	-121.237	-891.379	-760.534	91.6926	146.106	197.539	112.449	0.322786	-121.237	-892.104	-818.605	-760.534	6.29065	11	0	101.888	72.4982	-11.1411	-780.707	72.4982	-11.1411	-780.707	
13209	29457	249.569	675.543	249.291	-99999	-6.093	-0.739627	1	1	1	1	1	62.8827	203.32	-10.9902	-168.725	-726.327	-594.106	62.8897	132.632	203.476	-10.9902	-91.6563	-168.912	-726.327	-661.641	-593.968	12.2942	10	0	83.3316	-6.05925	-43.5046	-676.852	-6.05925	-43.5046	-676.852	
13209	26469	385.157	903.304	382.641	109.03	107.783	-0.775918	0	0	0	0	0	223.056	115.079	131.507	-141.594	533.156	774.921	223.374	173.121	114.578	132.647	-16.1508	-142.17	532.289	643.546	775.635	4.19121	13	0	75.5064	-999999	-999999	-999999	-999999	-999999	-999999	
13209	24058	169.725	385.501	169.72	-99999	-34.802	-0.860257	1	1	1	1	1	160.04	197.565	133.589	-6.07116	673.738	759.71	160.08	175.318	197.604	133.589	63.9851	-6.07116	673.738	719.725	759.71	4.58138	10	0	72.3304	-34.7672	8.03174	718.872	-34.7672	8.03174	718.872	
13209	27095	228.315	700.761	227.218	-99999	90.961	-0.685484	1	1	1	1	1	182.305	324.632	132.732	-13.7876	-710.124	-809.382	210.789	282.148	353.754	132.732	59.3414	-14.5748	-710.124	-760.63	-809.782	5.03959	10	0	47.3929	90.9927	-6.51212	-791.646	90.9927	-6.51212	-791.646	
13209	29375	310.001	714.529	309.61	-99999	104.56	-0.951289	0	0	0	0	0	126.2	188.088	133.345	-163.795	-350.473	-293.921	126.081	158.541	188.051	133.345	-13.7731	-164.161	-350.473	-314.181	-293.835	5.7624	10	0	82.2607	-999999	-999999	-999999	-999999	-999999	-999999	
13209	25077	196.421	399.112	195.864	-99999	6.356	-0.211377	1	1	1	0	0	269.598	308.365	133.645	102.929	-566.382	-378.615	271.589	300.38	310.468	133.645	117.901	102.746	-566.382	-474.086	-378.106	4.90542	11	0	69.2858	6.39091	46.0894	-449.395	6.39091	46.0894	-449.395	
13209	49449	82.3191	273.927	81.9033	-99999	-15.487	-0.39037	1	1	1	1	1	65.9502	97.9001	-124.668	-158.055	-622.072	-689.681	65.8039	81.9328	97.9178	-124.506	-140.848	-158.055	-621.727	-655.883	-689.681	7.31905	8	0	67.532	-15.2406	-74.2066	-671.328	-15.2406	-74.2066	-671.328	
13209	26264	70.2883	189.376	70.1095	-99999	108.83	-0.978693	0	0	0	0	0	313.877	325.1	133.63	64.6143	284.716	279.767	347.946	353.375	359.197	133.676	99.0551	64.4861	284.719	282.143	279.753	5.46508	10	0	61.7443	-999999	-999999	-999999	-999999	-999999	-999999	
13209	15258	337.463	912.684	302.769	-99999	-23.546	-0.903995	1	1	1	1	1	81.7161	195.876	133.22	-137.078	532.232	457.623	85.2984	149.252	210.822	133.518	-17.0914	-168.413	532.312	491.161	450.453	4.60705	6	0	207.931	-23.5205	-26.3975	477.909	-23.5205	-26.3975	477.909	
13209	17418	120.465	304.069	120.116	-35.4667	-37.62	-0.753401	1	1	1	1	0	216.11	165.316	131.114	46.3417	-142.377	-77.3856	216.193	193.123	165.242	131.267	83.3582	46.2943	-142.484	-114.31	-77.2775	5.53348	14	0	75.1951	-37.5887	16.9637	-100.015	-37.5887	16.9637	-100.015	
13209	24500	357.871	714.166	357.334	-99999	70.52	-0.812082	1	1	1	1	1	160.066	198.85	132.932	-138.606	211.062	437.146	159.96	173.019	198.772	133.349	-10.3601	-138.611	210.763	316.447	437.152	5.453	14	0	52.8289	70.5455	-19.9369	324.351	70.5455	-19.9369	324.351	
13209	2660	357.463	898.223	353.695	-19.0061	-17.953	-0.404118	1	1	1	1	1	68.6231	340.975	110.391	-33.0991	426.19	252.158	65.8735	203.434	341.117	111.839	38.9643	-33.1615	427.965	340.184	252.059	4.43196	10	0	96.3532	-17.9603	3.46758	318.377	-17.9603	3.46758	318.377	
13209	3500	358.274	786.616	356.986	102.289	103.814	-0.819783	0	0	0	0	0	357.294	141.054	134.464	-138.864	558.943	626.952	357.576	258.557	140.748	134.866	-10.5268	-139.588	558.881	591.594	626.985	4.78552	8	0	73.9907	42.4865	-23.2692	69.0952	42.4865	-23.2692	69.0952	
13209	31452	348.523	801.726	347.7	78.3003	78.939	-0.690647	1	1	1	1	1	245.928	116.584	132.685	-116.661	419.685	620.749	245.973	176.18	116.418	132.773	16.5673	-117.278	419.606	529.025	621.013	5.40754	13	0	80.1846	78.9782	-33.7709	561.47	78.9782	-33.7709	561.47	
13209	33385	63.3365	189.027	62.5264	-99999	20.669	-0.868315	1	0	0	0	0	247.552	221.161	133.635	78.2199	725.352	715.632	251.096	235.666	224.385	134.331	107.272	78.2199	725.553	720.453	715.632	9.00375	8	0	77.9412	20.7088	10.569	710.245	20.7088	10.569	710.245	
13209	103818	359.436	843.308	359.271	89.1013	88.219	-0.404378	1	1	1	1	1	245.304	116.563	133.314	-31.9604	-432.168	-142.842	245.304	169.266	116.494	133.314	59.4668	-32.0059	-432.168	-287.135	-142.705	6.11049	14	0	99.578	88.2647	-0.378838	-235.146	88.2647	-0.378838	-235.146	
13209	37787	234.906	491.743	232.164	-463.769	46.729	-0.970536	1	1	1	1	1	229.036	196.109	132.413	-94.1032	-311.622	-274.353	229.251	215.104	195.875	134.149	19.3343	-95.0131	-311.999	-291.871	-274.3	4.4167	9	0	68.503	46.7345	-23.2191	-693.574	46.7345	-23.2191	-693.574	
13209	44479	114.585	314.559	114.017	-99999	-23.164	-0.600601	0	0	0	0	0	112.335	156.626	133.676	80.9733	-430.688	-344.372	112.288	134.815	156.63	133.839	102.333	81.05	-430.945	-388.97	-344.189	6.76172	21	0	100.12	-9.82966	45.3598	456.919	-38.1897	28.5517	-841.247	
13209	45163	223.747	490.907	222.801	-32.5154	-34.815	-0.979622	1	1	1	1	1	239.077	190.743	133.05	-82.9449	-28.382	-41.9193	239.077	214.303	190.647	133.05	25.0544	-83.8746	-28.382	-43.5364	-42.0032	6.47804	8	0	77.6629	-34.7811	-11.4136	-39.5937	-34.7811	-11.4136	-39.5937	
13209	102823	101.207	261.895	100.814	-99999	20.092	-0.504333	1	1	0	0	0	110.732	137.553	133.625	86.7238	-312.795	-228.005	110.624	122.713	137.531	133.82	109.111	86.7219	-313.117	-270.658	-228	5.26313	15	0	74.5914	20.1375	40.5352	-249.828	20.1375	40.5352	-249.828	
13209	24991	54.322	159.067	53.6996	-99999	100.109	-0.822551	1	1	0	0	0	162.846	160.601	130.885	85.2152	-94.7463	-67.8369	162.676	163.846	160.438	131.233	108.818	85.0469	-94.8092	-80.1404	-67.7762	5.35145	15	0	75.6525	95.4525	-25.2607	550.82	95.4525	-25.2607	550.82	
13209	104192	324.913	772.338	323.306	96.692	95.545	-0.903966	1	1	1	1	1	246.563	150.628	131.564	-145.832	37.2519	167.754	247.01	202.155	150.628	133.006	-13.4766	-145.832	36.7377	90.3764	167.754	5.10087	11	0	137.728	95.5798	-29.2029	105.771	95.5798	-29.2029	105.771	
13209	28028	170.569	528.078	167.705	-99999	56.54	-0.806743	1	1	1	1	1	71.3824	163.788	36.8678	118.165	-853.145	-739.487	164.811	118.008	70.9895	119.97	77.4973	36.5608	-738.708	-795.351	-853.544	4.72163	217	0	528.078	56.5086	26.0946	-793.817	73.3686	37.5842	-806.14	
13209	53520	319.595	709.745	319.279	-99999	90.122	-0.641249	1	1	1	1	1	283.144	330.919	128.399	-72.3377	474.458	717.867	311.314	335.062	359.14	128.595	26.7951	-72.3377	474.221	595.032	717.867	5.83626	11	0	56.7333	90.3371	-71.6747	713.748	90.3371	-71.6747	713.748	
13209	29347	255.599	601.818	255.272	-39.8458	-41.464	-0.943151	1	1	1	1	1	249.206	163.082	132.026	-107.455	371.591	367.578	249.206	208.41	162.982	132.026	11.3193	-107.76	371.591	362.748	367.555	4.90382	6	0	72.1276	-41.4242	-24.6799	361.941	-41.4242	-24.6799	361.941	
13209	30327	274.192	1198	274.145	-99999	58.831	-0.993033	1	1	1	1	1	326.25	340.494	134.184	-138.091	-777.896	-787.958	344.672	352.245	358.916	134.184	-2.33687	-138.091	-777.896	-778.296	-787.958	4.15282	8	0	273.953	58.851	-31.483	-754.358	58.851	-31.483	-754.358	
13209	32120	300.31	671.496	298.762	-42.1621	-43.628	-0.779874	1	1	1	1	1	170.571	238.606	133.309	-73.4025	-413.841	-615.763	170.39	200.782	238.606	134.519	24.2754	-73.4025	-412.902	-510.043	-615.763	7.4808	10	0	73.2691	-48.4113	-16.4892	-238.918	-48.4113	-16.4892	-238.918	
13209	34040	161.184	399.984	160.142	-99999	30.419	-0.908019	1	1	1	1	1	77.7316	108.097	132.982	-10.5691	-95.8292	-33.6458	77.5139	89.8713	108.063	133.921	59.9348	-10.5691	-96.2309	-66.9785	-33.6458	5.65509	12	0	74.3196	30.4359	9.64239	-48.1381	30.4359	9.64239	-48.1381	
13209	105166	389.18	819.149	388.946	111.701	108.625	-0.759804	0	0	0	0	0	101.822	347.29	133.181	-159.063	738.896	808.618	101.78	221.201	347.418	133.235	-15.0475	-159.138	738.879	778.557	808.601	5.13904	7	0	72.6397	57.5874	-111.807	416.427	28.3974	25.2599	691.799	
13209	33430	337.966	737.924	336.148	-99999	-44.238	-0.874133	1	1	1	1	1	198.209	148.235	132.952	-161.811	592.921	745.334	198.259	166.897	148.018	132.952	-14.0248	-163.522	592.921	670.067	745.855	5.76473	9	0	69.0791	-44.2025	-28.895	676.278	-44.2025	-28.895	676.278	
13209	103619	257.654	641.491	256.166	84.0388	82.702	-0.656276	1	1	1	1	1	163.427	339.038	133.241	-5.58496	-353.869	-477.089	162.567	247.975	339.038	134.223	61.6877	-5.58496	-353.169	-416.413	-477.089	11.981	12	0	122.957	77.216	-20.2731	-594.906	77.216	-20.2731	-594.906	
13209	104099	180.547	403.555	179.97	-99999	-36.45	-0.958513	1	1	1	1	1	139.427	187.524	130.599	-41.0581	636.522	645.92	139.469	168.484	187.678	130.599	45.3074	-41.5986	636.522	633.253	646.076	6.16399	13	0	72.7212	-36.4207	0.77002	637.904	-36.4207	0.77002	637.904	
13209	15107	42.5215	153.733	41.3373	-99999	31.612	-0.984353	1	1	0	0	0	292.807	302.832	133.771	94.8026	484.985	493.378	302.706	307.136	313.013	133.771	113.225	93.7985	484.985	487.809	493.694	5.40087	7	0	91.7225	31.6465	-7.41641	485.272	31.6465	-7.41641	485.272	
13209	33068	181.816	555.632	179.627	-99999	56.671	-0.920635	1	1	1	1	1	272.131	193.525	133.162	-28.2293	-361.399	-357.032	290.358	250.102	210.917	134.316	52.8459	-29.0947	-361.436	-359.313	-356.984	6.82042	7	0	185.557	56.6923	-35.3221	-360.483	56.6923	-35.3221	-360.483	
13209	36974	208.491	492.045	207.825	-99999	112.121	-0.873051	0	0	0	0	0	263.811	192.107	133.583	-39.2655	746.17	656.622	281.592	247.256	209.699	134.098	45.7968	-39.3058	746.403	702.956	656.571	4.86469	13	0	60.1708	-999999	-999999	-999999	-999999	-999999	-999999	
13209	39370	175.607	391.407	170.606	37.2458	35.727	-0.976003	1	1	1	1	1	193.805	220.228	131.732	-34.5304	-555.359	-577.517	193.641	211.111	221.258	132.859	47.3243	-38.2092	-555.166	-563.424	-577.797	4.93696	6	0	60.209	35.7631	-3.58154	-568.351	35.7631	-3.58154	-568.351	
13209	38826	72.7674	291.044	64.5512	-99999	-13.664	-0.670674	1	1	1	1	1	64.0777	108.036	-2.83704	-46.6314	462.144	479.674	64.0934	88.9626	112.758	-2.83704	-27.614	-53.1122	462.144	471.671	481.44	5.36932	12	0	189.425	-13.6188	-32.7549	488.751	-13.6188	-32.7549	488.751	
13209	41491	342.483	973.078	311.925	-99999	-47.1	-0.895086	1	1	1	1	1	303.143	239.484	132.385	-146.999	-288.971	-166.234	288.531	254.498	220.164	133.448	-20.4394	-170.329	-289.485	-222.571	-151.831	15.5683	9	0	208.495	-47.0779	-28.9753	-209.414	-47.0779	-28.9753	-209.414	
13209	36086	374.247	1071.44	373.56	94.6526	94.457	-0.805863	1	1	1	1	1	216.296	82.6992	132.178	-144.517	624.811	836.541	216.401	149.624	82.5842	132.489	-6.01778	-144.746	624.622	730.55	836.696	4.55969	14	0	57.8861	94.4901	-44.5623	737.595	94.4901	-44.5623	737.595	
13209	37438	214.271	485.577	212.415	-99999	107.619	-0.693438	0	0	0	0	0	226.669	78.2837	125.428	-21.3121	468.992	508.535	210.708	135.545	61.0415	126.382	52.6193	-21.6488	468.75	488.404	508.643	4.47128	8	0	48.999	56.8804	-25.0764	408.478	56.8804	-25.0764	408.478	
13209	25423	21.3937	87.1123	20.3562	-99999	98.782	-0.609676	1	1	1	1	0	174.18	159.27	132.737	120.097	348.158	353.776	174.443	166.529	158.741	132.999	126.437	119.805	348.044	350.959	353.997	4.24014	10	0	86.1886	98.8047	42.5936	379.299	98.8047	42.5936	379.299	
13209	18616	301.911	645.389	298.311	-99999	96.741	-0.968162	1	1	1	1	1	298.312	251.336	126.956	-162.706	-672.82	-625.135	329.106	305.033	281.63	130.429	-14.8937	-162.706	-673.568	-641.135	-625.135	7.9528	8	0	76.1184	96.7648	-19.8009	-636.603	96.7648	-19.8009	-636.603	
13209	23056	28.5534	87.8174	26.4077	29.9008	28.223	-0.750324	1	1	1	1	1	146.301	149.679	129.202	107.964	-515.625	-530.134	150.704	153.29	153.216	129.202	117.978	106.228	-515.625	-524.031	-530.716	6.7007	7	0	70.9302	28.2479	-17.2872	-611.502	28.2479	-17.2872	-611.502	
13209	24351	63.8421	203.974	63.056	-99999	52.576	-0.881521	0	0	0	0	0	315.104	342.5	133.297	77.1906	-213.695	-204.906	331.208	345.106	358.963	133.987	105.605	77.1906	-213.8	-209.308	-204.906	4.10151	6	0	90.5613	52.6057	68.1225	-208.924	52.6057	68.1225	-208.924	
13209	26259	321.024	738.463	320.662	-99999	-48.128	-0.369116	1	1	1	1	1	334.949	290.654	128.407	-24.3166	341.373	618.225	319.875	298.891	275.534	128.484	44.2119	-24.3622	341.184	475.613	618.354	6.29175	9	0	78.4537	-48.075	-8.4493	496.993	-48.075	-8.4493	496.993	
13209	27579	230.706	970.455	230.645	-99999	39.798	-0.966947	1	1	1	1	1	305.53	346.671	133.945	-91.4623	808.278	834.202	317.992	338.917	359.14	133.945	21.2979	-91.5168	808.278	821.57	834.201	6.75594	10	0	310.587	39.8107	-44.845	821.918	39.8107	-44.845	821.918	
13209	102683	333.668	642.466	332.92	-99999	14.741	-0.993984	1	1	1	1	1	178.912	182.369	122.29	-160.986	-885.455	-726.612	178.896	181.9	182.292	122.29	-15.1834	-161.541	-885.455	-798.621	-726.305	5.63924	14	0	74.7138	14.7739	-27.0025	-742.068	14.7739	-27.0025	-742.068	
13209	30069	63.8156	187.362	60.2321	-99999	107.593	-0.940401	0	0	0	0	0	248.724	244.147	130.029	77.5105	686.025	714.282	282.383	282.651	277.839	133.049	104.614	77.5105	684.871	698.577	714.282	4.52644	8	0	85.0356	-29.6427	-21.638	808.908	-29.6427	-21.638	808.908	
13209	48950	158.438	366.722	157.775	-99999	-11.954	-0.299374	1	1	1	1	1	350.678	215.558	-24.6935	-72.3252	302.589	368.642	347.509	279.574	211.815	-24.4973	-48.457	-72.3252	302.325	335.281	368.642	4.08232	8	0	52.7569	-11.9443	-73.2631	378.052	-11.9443	-73.2631	378.052	
13209	52550	41.714	88.5899	22.8441	-99999	110.861	-0.721948	0	0	0	0	0	180.167	175.576	-49.5468	-64.5545	-888.328	-872.121	219.325	214.44	210.291	-35.3995	-51.0048	-64.5545	-899.965	-887.03	-872.121	10.0688	7	0	82.8569	63.6308	-22.2355	221.406	37.0608	-91.5876	-820.827	
13209	30487	179.286	439.966	179.019	100.002	98.988	-0.958742	1	1	1	1	1	189.962	232.954	132.598	-40.1919	-460.216	-446.682	189.892	215.255	232.954	132.849	47.0826	-40.1919	-460.239	-454.959	-446.682	6.89115	8	0	100.519	91.5367	42.372	-556.361	91.5367	42.372	-556.361	
13209	30177	75.7977	199.59	75.1427	68.7768	66.13	-0.796866	1	1	0	0	0	230.546	192.316	132.412	73.3039	-678.331	-653.342	230.868	210.045	192.291	132.878	102.694	73.2488	-678.472	-668.945	-653.318	6.09358	11	0	75.5799	66.1694	24.1506	-653.497	66.1694	24.1506	-653.497	
13209	95423	158.152	371.282	158.147	-99999	66.396	-0.887668	1	1	1	1	1	117.839	160.257	133.801	-8.06872	441.263	495.017	117.763	142.834	160.181	133.801	63.5844	-8.06872	441.263	467.481	495.017	4.74857	13	0	72.194	66.4111	15.6158	475.184	66.4111	15.6158	475.184	
13209	34006	302.194	697.503	301.514	-99999	-40.068	-0.961359	1	1	1	1	1	203.423	153.104	131.847	-160.856	-568.371	-517.889	203.516	176.917	153.004	131.99	-14.667	-161.352	-568.398	-543.83	-517.834	5.21522	9	0	71.415	-40.0379	-29.4806	-537.281	-40.0379	-29.4806	-537.281	
13209	31522	288.407	656.948	287.194	-99999	61.852	-0.445096	1	1	1	1	1	225.316	339.792	132.909	-4.3574	595.371	820.15	244.298	302.069	359.35	133.245	64.2514	-4.56796	594.799	707.457	820.49	5.48066	6	0	61.5687	61.9011	-28.2955	718.993	61.9011	-28.2955	718.993	
13209	46529	174.143	920.153	173.916	-35.0729	-37.654	-0.78703	1	1	1	1	1	162.901	220.635	132.868	-3.44562	-78.2668	-168.818	162.841	193.189	220.635	133.038	64.3291	-3.44562	-78.1485	-122.047	-168.818	5.61768	13	0	81.4639	-37.6194	3.88744	-138.027	-37.6194	3.88744	-138.027	
13209	40926	339.964	2630.85	339.534	82.6092	82.235	-0.79379	1	1	1	1	1	348.033	199.28	133.159	-144.892	506.993	629.827	348.241	269.83	199.28	133.491	-3.21138	-144.892	506.843	570.332	629.827	7.97592	12	0	110.79	82.2532	-15.1271	567.155	82.2532	-15.1271	567.155	
13209	40471	336.493	889.925	330.082	82.6381	80.57	-0.925224	1	1	1	1	1	171.754	222.441	129.649	-171.786	-23.1825	-145.289	171.277	198.412	223.027	133.411	-22.0932	-173.889	-21.7243	-79.5269	-145.985	6.4651	11	0	75.4649	80.6065	-20.2664	-82.5663	80.6065	-20.2664	-82.5663	
13209	40489	178.157	560.293	178.155	-99999	-40.357	-0.841415	1	1	1	1	1	200.791	125.226	132.607	-17.9695	-627.549	-570.356	200.837	164.753	125.272	132.607	56.129	-17.9695	-627.549	-599.819	-570.356	8.62125	9	0	207.706	-40.3269	-1.25141	-581.674	-40.3269	-1.25141	-581.674	
13209	36241	219.675	490.542	219.674	-99999	92.564	-0.923052	1	1	1	1	1	154.362	84.5518	133.4	-72.1942	-534.28	-501.851	154.256	119.596	84.4459	133.4	30.5115	-72.1942	-534.28	-517.878	-501.851	4.31784	7	0	73.9927	92.5946	-25.7083	-506.62	92.5946	-25.7083	-506.62	
13209	37554	164.999	385.176	156.344	-99999	80.661	-0.938888	1	1	1	1	1	220.81	186.971	133.056	-12.8316	-702.927	-747.27	246.068	229.128	210.866	133.056	55.828	-20.9319	-702.927	-726.206	-749.541	6.15861	12	0	63.4306	80.6829	2.85562	-717.052	80.6829	2.85562	-717.052	
13209	40580	104.499	251.049	103.261	-99999	-15.483	-0.918475	1	1	1	1	0	136.219	112.769	132.78	39.302	-705.293	-668.817	136.412	126.383	112.636	133.465	85.2423	38.8852	-705.542	-688.141	-668.619	5.50612	12	0	66.4106	-13.4067	-16.2511	-402.64	-13.4067	-16.2511	-402.64	
13209	37495	271.218	694.154	270.221	-99999	90.438	-0.909034	1	1	1	1	1	107.496	224.766	133.795	-105.199	200.775	247.026	93.2535	151.97	210.949	133.863	13.8308	-106.017	200.763	223.833	247.161	6.45242	10	0	78.1613	90.4777	-14.5046	227.946	90.4777	-14.5046	227.946	
13209	23774	179.096	394.965	178.385	-99999	82.784	-0.789527	1	1	1	1	1	275.049	196.633	133.288	-5.13004	255.655	175.262	288.191	250.536	209.476	133.602	63.569	-5.35647	255.857	214.779	175.122	4.36213	11	0	37.7683	82.8203	-27.908	153.614	82.8203	-27.908	153.614	
13209	37402	248.111	613.193	243.67	36.1781	36.003	-0.911246	1	1	1	1	1	294.735	189.144	129.701	-74.3528	-595.425	-521.037	296.429	246.902	189.144	133.723	23.9187	-74.3528	-596.203	-567.384	-521.037	12.6101	10	0	84.4101	36.015	-0.750503	-564.053	36.015	-0.750503	-564.053	
13209	26049	258.566	534.566	258.504	-684.874	3.962	-0.807502	1	1	1	1	1	136.544	304.868	133.739	-55.9518	-96.1949	-143.831	136.513	216.292	304.868	133.785	35.0688	-55.9518	-96.1825	-120.511	-143.831	4.53076	9	0	40.0531	3.99907	-42.2228	115.07	3.99907	-42.2228	115.07	
13209	24622	34.1634	88.1117	33.1058	-99999	82.852	-0.674842	0	0	0	0	0	189.725	186.453	132.695	111.423	656.058	631.441	215.897	211.827	212.431	133.288	122.095	111.312	656.659	644.451	631.31	4.91434	15	0	60.3863	82.8766	-5.19867	626.44	82.8766	-5.19867	626.44	
13209	29662	244.573	619.417	244.436	-99999	114.233	-0.961077	0	0	0	0	0	183.293	150.534	133.617	-97.5611	93.59	164.183	183.163	166.045	150.386	133.617	18.5324	-97.6815	93.59	130.767	164.217	7.20539	10	0	69.1901	91.5303	50.5865	775.461	91.5303	50.5865	775.461	
13209	34057	239.629	576.689	239.231	-99999	93.159	-0.981318	1	1	1	1	1	164.961	113.342	133.404	-98.3343	183.887	190.601	164.857	147.443	113.081	133.418	14.9715	-98.6741	183.886	187.596	190.536	5.88306	6	0	73.072	93.187	-21.8547	188.149	93.187	-21.8547	188.149	
13209	31516	306.448	853.003	305.452	-99999	73.74	-0.935073	1	1	1	1	1	260.301	336.185	129.223	-166.068	320.839	311.38	283.168	322.677	359.33	129.967	-17.5549	-166.249	320.653	315.923	311.366	5.59739	9	0	56.5394	73.762	-39.0289	312.512	73.762	-39.0289	312.512	
13209	34756	208.987	504.272	208.605	-99999	107.075	-0.805032	0	0	0	0	0	77.6404	85.414	133.518	-38.8237	605.738	714.488	77.5662	68.8767	85.2915	133.771	49.6706	-38.8237	605.557	666.219	714.488	6.24776	12	0	72.8035	-999999	-999999	-999999	-999999	-999999	-999999	
13209	32680	92.4724	241.44	90.9287	-99999	76.941	-0.933264	1	1	1	1	1	319.685	332.892	132.649	50.5402	-571.899	-606.805	343.372	352.168	356.986	134.027	92.0706	50.5402	-571.568	-588.437	-606.805	4.04995	17	0	63.9136	76.95	0.861085	-632.706	-47.62	53.6881	-572.346	
13209	32246	320.51	803.185	310.966	-99999	35.446	-0.97352	1	1	1	1	1	218.914	260.528	131.85	-171.194	385.987	441.533	229.87	251.029	274.11	132.566	-23.7242	-178.259	385.89	414.159	445.994	4.75162	7	0	109.686	35.4657	-14.4654	-262.778	-19.4843	33.0032	851.803	
13209	90711	178.385	398.079	177.476	-99999	69.675	-0.955398	1	1	1	1	1	199.127	134.939	131.755	-33.0284	-66.8088	-56.8419	199.054	168.487	134.583	131.775	48.0833	-33.8682	-66.8095	-63.4439	-56.8184	4.78983	8	0	78.0901	69.7071	-5.27184	63.801	50.1471	-25.1893	-169.683	
13209	38955	331.705	987.531	331.333	-99999	32.603	-0.974885	1	1	1	1	1	124.854	204.996	133.207	-157.161	-777.474	-640.826	129.892	169.822	210.082	133.545	-12.3859	-157.161	-777.53	-710.701	-640.826	13.7916	16	0	89.9537	32.6347	-14.2009	-697.387	-29.3153	-18.6938	-699.586	
13209	36233	242.886	547.583	242.649	-99999	57.519	-0.898937	1	1	1	1	1	62.9116	159.806	134.316	-75.0898	-571.715	-500.912	62.7797	106.218	159.762	134.491	26.3699	-75.1189	-571.769	-537.682	-500.908	4.37281	7	0	64.7157	57.5491	5.40901	-531.443	57.5491	5.40901	-531.443	
13209	39452	107.993	240.602	107.636	-99999	26.105	-0.820447	1	1	1	1	1	65.5782	118.578	-79.8596	-164.849	44.8529	84.2229	65.5483	92.2019	118.727	-79.8596	-122.573	-165.13	44.8529	64.3325	84.3507	4.59085	11	0	41.4142	26.1395	-56.0792	53.9787	26.1395	-56.0792	53.9787	
13209	41132	272.551	1166.19	272.024	-99999	85.159	-0.84468	1	1	1	1	1	326.271	196.065	134.106	-90.4156	497.038	416.77	339.857	274.166	209.447	134.549	22.5894	-90.4156	497.218	455.812	416.77	4.9342	8	0	243.971	85.1873	-26.7851	433.521	85.1873	-26.7851	433.521	
13209	3312	185.94	426.257	185.016	-15.2864	-16.123	-0.914084	1	1	1	1	1	247.464	202.425	132.013	-36.2431	-410.473	-349.956	247.58	229.644	202.378	132.702	47.7631	-36.3952	-410.753	-377.591	-349.908	5.28882	9	0	72.0035	-16.0887	-2.25584	-373.577	-16.0887	-2.25584	-373.577	
13209	25200	117.464	280.361	114.4	114.093	113.281	-0.79936	0	0	0	0	0	229.354	161.584	132.945	42.0622	727.178	721.257	230.827	194.84	161.289	134.986	88.9642	41.6724	727.535	722.947	721.411	4.0897	11	0	72.8584	84.0292	0.327601	845.838	-38.4008	-55.0295	748.956	
13209	26702	69.0568	182.501	63.8048	-99999	-19.425	-0.440412	1	1	0	0	0	131.579	109.544	133.567	103.576	270.158	321.86	131.601	119.354	107.161	133.567	116.657	101.42	270.158	297.632	325.997	4.75179	14	0	76.1442	-19.3834	53.7631	330.336	-19.3834	53.7631	330.336	
13209	33641	154.502	369.064	154.501	-99999	115.521	-0.547107	0	0	0	0	0	107.913	228.765	132.952	49.3482	-808.424	-760.808	89.7595	150.208	210.611	132.952	91.0933	49.3482	-808.424	-784.789	-760.808	4.65476	9	0	50.9122	31.7774	-25.2521	-569.434	31.7774	-25.2521	-569.434	
13209	35681	109.741	272.333	109.102	-99999	56.758	-0.913764	1	1	1	0	0	312.162	265.564	133.117	35.6695	262.372	274.81	330.023	309.264	283.135	133.32	83.2137	35.3107	262.351	270.112	274.79	7.28321	7	0	74.3303	56.7852	25.5507	262.213	56.7852	25.5507	262.213	
13209	39064	241.67	502.22	239.047	63.2907	62.025	-0.974615	1	1	1	1	1	213.234	192.235	130.837	-98.1452	627.463	686.741	213.362	202.815	191.789	132.212	15.5991	-99.2388	627.176	656.336	686.683	6.42851	6	0	77.3645	62.0575	-21.4734	658.324	62.0575	-21.4734	658.324	
13209	38453	142.312	636.662	132.602	-99999	94.571	-0.780776	1	1	1	1	1	61.8798	145.441	-33.1589	-135.657	606.998	616.642	61.7716	106.699	150.889	-33.1589	-88.0846	-143.561	606.998	612.245	617.584	39.6531	8	0	306.612	94.6021	-50.6842	615.429	94.6021	-50.6842	615.429	
13209	38954	87.7569	236.535	87.2742	-99999	58.781	-0.674096	1	0	0	0	0	217.967	253.536	133.231	65.562	-780.38	-818.527	236.344	260.807	271.97	133.263	102.467	65.1657	-780.363	-799.651	-818.585	5.06325	15	0	80.9668	58.7933	9.26465	-789.979	58.7933	9.26465	-789.979	
13209	42369	145.518	345.527	145.236	-99999	8.463	-0.993715	1	1	0	0	0	353.039	333.344	134.643	-8.44221	-819.281	-811.361	355.716	348.297	335.994	134.914	62.9363	-8.44221	-819.293	-812.259	-811.361	4.79226	7	0	67.8331	8.48387	40.5139	-809.03	8.48387	40.5139	-809.03	
13209	45129	109.102	325.76	109.07	-99999	70.546	-0.548602	1	1	1	1	1	121.032	204.282	133.804	84.92	-90.4201	-42.5139	120.952	162.627	204.211	133.804	106.514	84.9213	-90.4201	-68.2198	-42.5048	9.46395	10	0	91.0678	70.5869	-9.73919	6.41042	70.5869	-9.73919	6.41042	
13209	45858	216.672	494.976	216.306	-39.3605	-39.284	-0.911496	1	1	1	1	1	238.479	184.338	133.444	-64.1717	812.219	754.126	238.479	218.854	184.151	133.444	36.1021	-64.4788	812.219	769.059	754.098	6.99342	6	0	76.513	-39.2542	-12.8319	716.044	-39.2542	-12.8319	716.044	
13209	46610	302.011	743.761	301.534	-99999	-35.485	-0.983867	1	1	1	1	1	112.562	76.8474	134.358	-162.948	398.56	373.788	112.685	94.0456	76.888	134.784	-14.8092	-162.948	398.554	390.96	373.788	14.1151	6	0	93.9977	-35.465	-28.267	378.973	-35.465	-28.267	378.973	
13209	47965	137.949	334.889	130.076	-584.581	-5.691	-0.956911	1	1	1	0	0	222.721	194.713	126.748	20.3697	-747.87	-680.309	223.168	213.692	194.183	132.724	72.628	19.1759	-750.04	-717.979	-679.61	7.33932	20	0	81.5261	-5.66146	-15.7269	-591.138	-5.66146	-15.7269	-591.138	
13209	45206	110.081	549.443	106.891	-99999	42.787	-0.88138	1	0	0	0	0	341.419	343.553	131.759	50.7354	182.067	125.673	354.967	347.573	356.93	132.499	86.3086	49.6657	182.504	153.972	125.367	6.41581	11	0	353.573	42.8126	57.0185	152.992	42.8126	57.0185	152.992	
13209	94590	77.925	188.531	77.3728	-99999	-37.871	-0.954797	1	1	0	0	0	117.761	146.903	133.008	61.7359	-650.975	-646.28	117.647	131.964	146.946	133.535	97.3451	61.7359	-650.983	-650.157	-646.28	5.85266	11	0	70.5775	-37.8518	36.1637	-638.357	-37.8518	36.1637	-638.357	
13209	45907	121.872	282.168	120.272	-99999	103.537	-0.817592	0	0	0	0	0	205.518	143.266	133.32	31.6342	603.101	614.863	205.677	171.924	142.655	133.694	83.3306	30.647	603.084	608.886	615.108	4.65625	12	0	79.5016	51.5286	-21.9135	-374.813	51.5286	-21.9135	-374.813	
13209	42716	113.072	308.452	112.899	-99999	104.228	-0.969223	0	0	0	0	0	179.028	198.219	133.363	27.6179	681.942	649.954	211.63	220.231	230.857	133.521	79.2738	27.6179	681.974	668.745	649.954	4.98198	18	0	97.3683	40.2269	47.0443	-357.079	40.2269	47.0443	-357.079	
13209	46796	325.173	722.511	323.767	19.7425	18.716	-0.926908	1	1	1	1	1	224.324	167.297	131.171	-161.608	-534.981	-412.034	224.48	195.951	167.117	132.04	-18.1708	-161.956	-535.282	-480.172	-411.793	8.05184	12	0	74.8779	18.7568	-32.9959	-465.996	18.7568	-32.9959	-465.996	
13209	1056	98.7669	285.933	97.5175	-46.0328	-47.498	-0.710273	1	1	1	0	0	182.181	244.345	132.814	64.0264	2.61646	-27.0898	181.405	212.638	244.35	133.694	98.8717	64.0189	2.99913	-12.6748	-27.0923	5.15732	12	0	68.069	-47.4503	25.8388	-28.1123	-47.4503	25.8388	-28.1123	
13209	43522	211.751	649.78	209.948	75.562	74.504	-0.853427	1	1	1	1	1	279.676	186.315	133.578	-28.0553	-31.475	61.5485	279.833	238.797	185.409	133.956	47.7171	-28.782	-31.6431	13.4981	62.2356	6.75168	10	0	71.1278	74.5221	7.89741	19.4663	74.5221	7.89741	19.4663	
13209	3926	322.298	853.077	322.06	-99999	66.599	-0.729606	1	1	1	1	1	194.756	335.618	133.146	-93.3362	-244.48	-424.562	215.611	282.374	356.589	133.146	16.4212	-93.4927	-244.48	-333.232	-424.696	11.387	12	0	54.6022	69.042	-44.6721	207.239	69.042	-44.6721	207.239	
13209	54743	179.835	404.599	179.267	20.443	18.502	-0.949251	1	1	1	1	1	181.211	230.289	132.083	-38.5725	561.807	545.553	181.062	211.68	230.289	132.619	48.8009	-38.5725	561.902	551.579	545.553	5.08571	6	0	76.101	18.523	-3.32203	551.886	18.523	-3.32203	551.886	
13209	57543	186.113	562.893	186.098	-99999	60.818	-0.922027	1	1	1	1	1	137.729	198.561	132.307	-35.7728	-215.072	-166.215	137.658	168.959	198.491	132.312	47.7043	-35.7728	-215.073	-193.223	-166.215	13.1785	20	0	221.395	60.8398	6.14328	-186.368	60.8398	6.14328	-186.368	
13209	31894	321.696	617.109	294.439	-99999	-22.304	-0.974173	1	1	1	1	1	241.535	264.162	133.096	-155.379	-772.186	-826.239	234.55	246.821	258.614	133.096	-24.4822	-180.385	-772.186	-801.904	-836.549	4.87287	9	0	38.3751	-22.2753	-24.2578	-766.105	-22.2753	-24.2578	-766.105	
13209	33314	270.583	615.431	266.855	-19.5026	-21.369	-0.743899	1	1	1	1	1	166.597	244.395	132.126	-75.5091	-499.198	-646.686	166.13	207.077	244.93	133.278	30.7832	-77.1349	-498.27	-576.133	-648.021	5.20865	13	0	82.6065	-21.4476	-15.1344	-472.861	-21.4476	-15.1344	-472.861	
13209	39209	74.8583	499.275	74.3045	-99999	19.105	-0.825717	1	1	1	1	1	189.218	151.325	132.438	70.4183	-591.257	-576.226	189.487	170.112	151.303	132.892	101.909	70.4183	-591.376	-583.282	-576.226	26.1407	7	0	374.325	19.129	-23.6086	-547.422	19.129	-23.6086	-547.422	
13209	36602	34.8983	106.829	34.1929	-99999	-44.436	-0.884891	0	0	0	0	0	169.557	185.151	133.232	102.89	627.421	629.151	162.438	170.845	178.35	133.59	118.36	102.625	627.412	628.567	629.146	4.93931	7	0	74.1836	-44.3946	33.9313	621.598	-44.3946	33.9313	621.598	
13209	36521	157.094	376.03	155.454	-99999	108.064	-0.869804	0	0	0	0	0	128.853	204.586	133.6	0.718107	402.912	415.728	128.353	168.541	204.68	134.326	69.008	-0.0470437	402.768	418.984	415.599	7.23215	6	0	80.9349	11.9106	-35.8838	-448.237	-7.8294	-99.4889	-424.355	
13209	49856	312.217	712.576	312.161	39.4938	37.809	-0.894922	1	1	1	1	1	250.906	112.349	130.299	-145.904	318.205	330.387	250.906	184.156	112.335	130.299	-10.0982	-145.92	318.205	322.187	330.405	11.6023	14	0	116.444	37.8381	-37.1368	325.611	37.8381	-37.1368	325.611	
13209	3005	80.8002	226.272	80.7472	-99999	-28.715	-0.823812	1	1	0	0	0	155.774	125.442	134.022	62.207	394.551	413.729	155.807	139.676	125.46	134.022	99.2127	62.158	394.551	407.099	413.728	9.75486	7	0	90.0744	-28.6903	39.5541	410.869	-28.6903	39.5541	410.869	
13209	37612	304.826	724.377	304.57	-99999	6.074	-0.976497	1	1	1	1	1	130.372	193.318	133.8	-160.115	-215.185	-170.443	130.365	166.629	193.285	133.8	-12.6922	-160.362	-215.185	-194.299	-170.429	5.2807	10	0	90.4352	6.10767	-7.29366	-190.628	6.10767	-7.29366	-190.628	
13209	38212	234.144	502.952	234.137	-99999	108.912	-0.751609	0	0	0	0	0	180.66	325.011	133.589	-41.3674	-810.517	-868.119	214.765	287.095	359.117	133.589	45.3501	-41.3674	-810.517	-836.599	-868.119	4.09836	10	0	41.5987	82.1953	-12.9997	809.305	82.1953	-12.9997	809.305	
13209	44375	198.073	447.772	195.219	21.9455	18.568	-0.815291	1	1	1	1	1	186.279	284.615	132.545	-24.5256	441.484	382.681	185.407	238.607	284.778	134.033	55.8858	-25.5028	442.083	412.82	382.429	5.30453	13	0	81.6537	18.6026	-10.7691	396.507	18.6026	-10.7691	396.507	
13209	47811	336.971	736.478	335.847	-99999	48.099	-0.774362	1	1	1	1	1	123.567	162.633	132.599	-126.63	275.59	481.306	123.452	136.056	162.617	133.19	2.86768	-126.75	275.112	380.695	481.635	5.2688	13	0	74.8077	48.1354	-16.0316	387.912	48.1354	-16.0316	387.912	
13209	46781	306.402	721.026	306.287	-99999	22.132	-0.964245	1	1	1	1	1	153.36	124.581	133.251	-166.418	-679.507	-631.176	153.345	140.953	124.556	133.332	-16.5428	-166.418	-679.528	-652.289	-631.176	4.44899	18	0	83.104	22.1501	-30.9476	-641.273	22.1501	-30.9476	-641.273	
13209	100096	147.957	325.989	147.911	260.059	104.299	-0.653355	0	0	0	0	0	250.243	126.389	132.679	54.3348	-604.467	-599.108	250.243	192.143	126.354	132.679	87.0623	54.3265	-604.467	-604.384	-599.1	4.6324	6	0	63.8655	33.1776	-90.8069	502.953	-9.48235	72.3308	-372.001	
13209	37949	286.032	566.1	284.676	-99999	53.744	-0.983567	1	1	1	1	1	208.855	182.824	129.366	-147.868	703.345	747.983	208.84	194.635	182.709	130.261	-11.3155	-148.241	703.182	716.274	748.083	8.25065	9	0	50.0702	53.7742	-26.4658	711.792	53.7742	-26.4658	711.792	
13209	39363	144.806	306.454	137.686	-99999	-43.773	-0.874398	1	1	1	0	0	99.1825	121.21	133.187	19.9837	-196.357	-123.052	99.2296	110.395	120.2	133.376	76.6968	14.5036	-196.461	-153.202	-119.025	6.46147	11	0	83.2575	-43.7339	30.7203	-147.505	-43.7339	30.7203	-147.505	
13209	49100	52.1228	158.167	51.3613	-99999	87.477	-0.629535	1	0	0	0	0	306.193	331.678	132.45	95.5321	-381.294	-406.218	333.586	346.576	359.422	132.45	113.866	94.9942	-381.294	-394.08	-406.624	4.83191	14	0	90.947	87.5086	75.2889	-416.102	87.5086	75.2889	-416.102	
13209	98925	124.563	436.514	124.561	-99999	-44.31	-0.953059	1	1	1	1	1	189.469	203.367	132.317	15.4642	715.355	756.163	189.52	196.48	203.417	132.317	73.8205	15.4642	715.355	735.55	756.163	4.96288	11	0	133.129	-44.2876	-19.1447	740.593	88.9924	74.6974	812.038	
13209	50611	273.67	772.018	272.857	-32.5048	-32.12	-0.92715	1	1	1	1	1	280.073	190.759	132.632	-100.871	474.355	575.052	280.118	251.252	190.759	133.38	9.13843	-100.871	474.054	523.317	575.052	5.70955	12	0	76.3629	-32.0821	-21.8299	532.838	-32.0821	-21.8299	532.838	
13209	52422	318.668	810.419	317.535	60.5822	60.003	-0.723295	1	1	1	1	1	139.093	331.082	132.176	-95.0675	331.64	223.134	138.436	231.474	331.082	132.981	13.8152	-95.0675	332.044	282.108	223.134	6.02744	10	0	87.0254	60.0468	-33.1102	256.854	60.0468	-33.1102	256.854	
13209	51739	161.106	382.614	160.737	-99999	64.14	-0.709657	1	1	1	1	1	150.497	195.491	132.083	-5.08558	356.203	423.645	150.423	169.694	195.638	132.083	64.3629	-5.37331	356.203	395.055	423.685	6.58966	6	0	82.5763	72.1728	-14.2564	-101.212	31.4828	-0.694287	560.016	
13209	6449	116.95	284.282	115.643	-99999	111.225	-0.886512	0	0	0	0	0	85.8012	135.872	133.516	39.1265	-662.964	-622.897	85.3904	104.744	135.744	134.677	85.5336	39.1265	-663.487	-638.54	-622.897	8.25427	10	0	77.0889	74.1555	-21.2263	598.461	25.6955	-19.7475	-150.163	
13209	11129	106.982	327.813	105.938	-99999	-40.055	-0.776997	1	1	1	1	1	157.651	190.28	132.037	49.5613	244.518	302.437	157.697	174.187	190.637	132.037	90.5766	48.7161	244.518	274.018	302.964	13.8826	14	0	128.521	-40.02	-16.2826	344.278	-40.02	-16.2826	344.278	
13209	48203	358.709	809.388	357.969	30.1761	28.663	-0.633409	1	1	1	1	1	303.171	150.543	133.591	-72.8377	-214	-461.742	303.398	229.454	150.516	134.001	26.2834	-72.8749	-213.558	-336.302	-461.821	5.31884	8	0	73.3294	28.7054	-10.7813	-358.282	28.7054	-10.7813	-358.282	
13209	58017	75.4592	204.923	73.1739	-99999	-44.488	-0.71103	1	1	0	0	0	275.234	320.983	132.108	83.4164	-388.15	-416.017	259.819	284.496	307.052	133.729	107.141	83.4164	-387.53	-397.87	-416.017	5.46524	12	0	84.3764	-44.4619	57.8803	-399.972	-44.4619	57.8803	-399.972	
13209	59697	288.496	739.702	288.275	-99999	-6.363	-0.668178	1	1	1	1	1	63.0996	186.722	115.336	-85.5963	685.631	850.69	63.0207	121.514	186.729	115.484	13.2699	-85.5963	685.497	768.562	850.69	4.71763	12	0	52.0513	-6.32743	-4.46665	755.96	-6.32743	-4.46665	755.96	
13209	55106	361.086	1037.62	361.067	-99999	31.543	-0.89131	1	1	1	1	1	73.9977	123.426	133.796	-170.549	575.367	762.336	73.9616	98.4961	123.39	133.796	-18.5336	-170.549	575.367	669.044	762.336	5.18669	14	0	90.9344	31.5709	-32.8374	385.356	9.33095	-57.839	420.322	
13209	57626	243.258	640.019	243.153	-99999	56.748	-0.602425	1	1	1	1	1	308.301	341.663	133.709	-18.7272	-462.054	-275.655	326.06	343.098	359.442	133.735	57.2904	-18.7548	-462.088	-369.068	-275.612	6.54667	7	0	61.2391	56.78	18.9152	-329.441	56.78	18.9152	-329.441	
13209	55993	165.849	381.341	165.482	-99999	9.441	-0.840788	1	1	1	1	1	109.007	183.915	133.581	3.40029	-643.266	-574.458	108.858	146.075	183.904	133.891	66.9204	3.40029	-643.403	-611.879	-574.458	4.52939	12	0	74.5888	9.48158	20.8605	-599.78	9.48158	20.8605	-599.78	
13209	101816	252.019	604.063	251.631	-99999	38.782	-0.937947	1	1	1	1	1	149.215	202.448	133.138	-97.8932	-403.886	-324.987	149.14	166.225	202.403	133.497	13.6601	-97.8932	-404.019	-369.251	-324.987	4.60873	12	0	73.4835	38.8179	-9.08275	-361.807	38.8179	-9.08275	-361.807	
13209	58872	250.391	927.737	250.246	-12.995	-16.212	-0.519326	1	1	1	1	1	97.7127	272.522	132.732	-31.1394	125.3	59.5894	97.7127	188.743	272.619	132.732	54.3674	-31.2084	125.3	91.2531	59.5343	4.88274	11	0	69.6309	-16.1717	1.90097	81.2088	-16.1717	1.90097	81.2088	
13209	58285	243.747	584.32	242.209	-99999	110.146	-0.869264	0	0	0	0	0	217.4	324.422	132.075	-81.652	-543.054	-503.97	251.162	305.006	358.913	133.407	25.927	-81.652	-543.296	-523.268	-503.97	5.74579	7	0	55.817	55.1807	-22.7502	537.649	55.1807	-22.7502	537.649	
13209	54186	190.314	438.198	190.303	-99999	-18.541	-0.994275	1	1	1	1	1	332.517	282.166	131.507	-46.6852	-550.205	-527.052	326.711	315.86	276.36	131.507	38.2709	-46.6852	-550.205	-535.323	-527.052	5.81833	8	0	68.8887	-18.5126	5.70972	-540.898	-18.5126	5.70972	-540.898	
13209	59131	241.194	456.978	240.774	-99999	77.998	-0.916411	1	1	1	1	1	152.399	122.686	133.787	-82.5039	-59.4967	35.7633	152.31	145.438	122.469	133.787	23.2404	-82.8008	-59.4967	-12.0785	35.9791	7.15291	12	0	78.53	78.0382	-10.7382	1.96085	78.0382	-10.7382	1.96085	
13209	63751	332.265	829.765	330.76	17.8783	17.732	-0.720636	1	1	1	1	1	97.4374	323.486	131.326	-90.9844	-660.874	-752.833	96.4852	211.082	323.486	132.409	20.4861	-90.9844	-660.482	-704.261	-752.833	7.57673	6	0	69.8801	17.7775	-20.9853	-707.404	17.7775	-20.9853	-707.404	
13209	62445	159.626	335.507	151.381	-26.982	-28.631	-0.543433	1	1	1	1	1	259.068	171.417	128.909	51.3234	-394.571	-299.676	263.869	216.175	171.417	133.366	91.5258	51.3234	-399.569	-351.19	-299.676	4.16302	11	0	57.8893	-28.6003	17.2277	-336.291	-28.6003	17.2277	-336.291	
13209	62363	300.611	695.367	300.606	-99999	-23.691	-0.754522	1	1	1	1	1	99.7079	196.118	133.33	-74.6896	-381.707	-189.196	99.735	150.821	196.145	133.33	24.8457	-74.6896	-381.707	-291.453	-189.196	8.91704	17	0	79.5354	-23.6631	2.05529	-283.542	-23.6631	2.05529	-283.542	
13209	64878	160.351	373.256	158.9	98.7423	96.78	-0.955574	1	1	1	1	1	178.937	226.201	133.169	-17.1823	-320.784	-337.015	178.937	201.395	226.482	133.169	57.1184	-18.5876	-320.784	-331.906	-336.829	4.36082	7	0	72.5776	96.8113	2.11273	-319.633	96.8113	2.11273	-319.633	
13209	107384	56.8119	134.303	32.2572	-99999	97.7	-0.52338	0	0	0	0	0	196.456	186.52	-91.9356	-109.096	-889.653	-878.907	227.928	218.766	223.348	-91.5741	-103.739	-126.938	-891.09	-876.51	-889.517	5.81336	18	0	109.075	-999999	-999999	-999999	-999999	-999999	-999999	
13209	37116	274.981	726.437	274.676	-99999	55.364	-0.936898	1	1	1	1	1	71.2372	121.196	129.919	-128.604	25.1883	100.352	71.1435	97.8441	121.188	130.072	0.307551	-128.725	25.1393	61.7839	100.372	4.05337	9	0	75.409	55.3941	0.168778	63.0018	55.3941	0.168778	63.0018	
13209	48592	63.4729	155.853	62.356	-99999	105.263	-0.846076	0	0	0	0	0	296.13	326.332	132.594	81.4805	-806.378	-825.346	328.814	344.046	359.577	133.085	106.938	81.0673	-806.245	-815.732	-825.517	5.72019	14	0	60.4669	36.8012	-6.44853	711.513	-5.85883	2.4035	-673.271	
13209	6427	324.946	2785.31	324.465	-32.6245	-33.077	-0.610172	1	1	1	1	1	74.3793	295.407	134.079	-49.6472	-464.848	-604.024	74.0711	190.469	295.424	134.341	33.3896	-49.6485	-464.705	-516.022	-604.062	5.21035	14	0	118.312	-33.0352	-7.38505	-538.777	-33.0352	-7.38505	-538.777	
13209	92808	77.4654	161.897	77.464	-99999	56.446	-0.980492	1	1	1	0	0	329.555	341.412	133.958	57.8372	718.972	726.972	347.23	352.758	359.088	133.958	95.8385	57.8372	718.972	722.993	726.972	4.75925	8	0	51.7001	56.4542	16.3542	728.335	56.4542	16.3542	728.335	
13209	56759	305.011	861.091	305.009	-99999	104.658	-0.804552	0	0	0	0	0	193.598	342.746	127.7	-119.258	492.628	393.708	210.044	284.646	359.193	127.7	4.10085	-119.258	492.628	443.506	393.708	5.36358	11	0	45.2679	85.6494	-20.3706	380.53	85.6494	-20.3706	380.53	
13209	54886	209.413	502.879	207.88	-99999	114.564	-0.979284	0	0	0	0	0	245.315	186.752	130.623	-64.8554	310.542	275.737	281.501	258.122	222.626	132.115	31.5842	-64.8586	310.526	294.761	275.737	5.60872	10	0	78.5529	-7.65629	-25.903	323.048	-7.65629	-25.903	323.048	
13209	65273	162.561	367.925	161.773	48.2171	47.656	-0.684857	1	1	1	1	1	262.398	177.046	132.666	31.3899	440.611	532.709	262.752	221.61	177.046	133.169	80.3925	31.3899	440.214	486.311	532.709	5.14018	12	0	80.6434	47.6993	2.79288	496.249	47.6993	2.79288	496.249	
13209	62176	328.118	769.84	327.309	54.6098	56.295	-0.920071	1	1	1	1	1	253.091	143.818	133.195	-167.12	670.276	737.23	253.091	195.173	143.555	133.195	-15.0076	-167.867	670.276	709.121	737.284	4.63767	9	0	82.5805	56.3312	-31.4009	701.339	56.3312	-31.4009	701.339	
13209	62339	171.243	411.316	170.409	112.138	111.951	-0.934487	0	0	0	0	0	263.28	194.755	132.783	-18.8875	-682.845	-658.631	263.447	229.432	194.587	133.23	54.7534	-19.1567	-682.822	-681.443	-658.484	7.22118	13	0	80.2387	50.6823	-57.6608	-721.206	50.6823	-57.6608	-721.206	
13209	60166	354.786	829.514	352.789	301.015	-12.72	-0.86894	0	0	0	0	0	142.71	327.38	131.967	-147.374	794.607	688.329	141.92	233.475	327.533	133.43	-11.78	-147.626	794.862	751.054	688.231	10.5336	8	0	76.1774	-33.6246	-80.4887	636.708	-33.6246	-80.4887	636.708	
13209	64881	354.459	730.003	352.451	17.2432	14.411	-0.882684	1	1	1	1	1	103.722	293.588	132.929	-154.674	654.638	599.404	103.303	185.215	294.418	133.866	-20.134	-155.101	654.892	624.264	599.296	4.42928	6	0	63.6198	14.4478	-15.9185	623.623	14.4478	-15.9185	623.623	
13209	92932	165.123	367.755	164.017	31.1473	31.839	-0.786636	1	1	1	1	1	291.171	181.186	133.291	23.3644	61.4158	102.577	291.761	234.24	181.112	134.067	75.7739	23.3067	61.3702	70.3763	102.653	8.26267	12	0	75.5042	31.87	16.1974	73.4084	31.87	16.1974	73.4084	
13209	59091	321.748	708.816	320.951	-599.715	65.447	-0.858314	0	0	0	0	0	281.23	102.276	133.676	-119.351	-551.213	-468.411	281.492	193.917	102.243	134.326	6.25259	-119.396	-551.426	-509.21	-468.397	4.81683	10	0	41.8483	-999999	-999999	-999999	-999999	-999999	-999999	
13209	56363	251.494	665.047	250.507	-30.3118	-31.06	-0.876524	1	1	1	1	1	119.629	260.873	133.463	-61.5683	513.433	455.233	119.223	182.043	260.873	134.324	28.0558	-61.5683	513.664	490.191	455.233	4.1434	15	0	171.42	-31.0241	-2.61363	481.946	-31.0241	-2.61363	481.946	
13209	57323	235.937	626.192	235.276	-99999	-46.315	-0.718865	1	1	1	1	1	117.812	204.333	132.784	-37.3815	652.035	788.738	117.865	161.964	204.524	132.784	48.5331	-37.9655	652.035	721.842	788.999	7.36661	9	0	142.556	-46.2829	-18.1878	743.172	-46.2829	-18.1878	743.172	
13209	12979	352.444	821.106	350.596	-99999	33.246	-0.881133	1	1	1	1	1	201.051	337.443	129.609	-169.945	-764.352	-884.787	211.423	278.818	348.604	129.713	-22.2909	-171.398	-764.313	-822.631	-885.33	4.55472	11	0	50.6668	33.2837	-31.2456	-790.831	33.2837	-31.2456	-790.831	
13209	63703	231.992	581.961	231.551	-99999	106.643	-0.767696	0	0	0	0	0	178.643	325.778	129.679	-42.4886	-18.5556	-66.6741	211.928	285.368	359.338	129.824	43.3291	-42.6713	-18.5186	-42.5668	-66.7354	4.66817	9	0	57.5717	12.939	-29.9129	-606.88	12.939	-29.9129	-606.88	
13209	13465	128.52	307.489	128.426	-99999	56.054	-0.887131	1	1	1	1	1	208.432	151.096	133.569	19.0773	270.241	279.984	208.411	180.162	151.032	133.651	76.1434	19.0773	270.234	275.13	279.984	4.83762	8	0	65.8711	56.084	-15.5917	237.891	56.084	-15.5917	237.891	
13209	61329	62.7993	194.58	61.1636	385.867	18.097	-0.792262	0	0	0	0	0	199.533	222.347	131.882	84.0866	739.22	709.623	199.124	212.927	222.46	132.584	108.043	83.5717	739.57	725.769	709.093	7.45333	26	0	158.019	-999999	-999999	-999999	-999999	-999999	-999999	
13209	62649	348.589	952.92	348.362	-99999	41.447	-0.509745	1	1	1	1	1	352.765	203.37	97.5931	-68.7704	457.373	190.272	359.374	284.421	209.883	97.7087	13.7725	-68.7704	457.541	324.45	190.272	5.60576	14	0	48.3066	41.4624	-38.5878	286.763	41.4624	-38.5878	286.763	
13209	65306	38.2021	330.033	37.927	-99999	26.57	-0.81977	1	1	1	1	1	173.827	194.756	133.888	104.698	465.454	477.386	173.723	184.043	194.726	134.086	119.244	104.698	465.388	471.398	477.386	9.29281	31	0	284.166	26.5911	-27.2868	572.705	26.5911	-27.2868	572.705	
13209	95216	390.482	834.754	390.311	-99999	-16.4	-0.62901	1	1	1	1	1	64.5875	199.336	94.6224	-158.154	-179.044	81.7633	64.6009	143.786	199.355	94.631	-24.2533	-158.264	-179.054	-46.0029	81.8499	4.19282	14	0	37.5327	-16.3706	17.798	-96.4763	-16.3706	17.798	-96.4763	
13209	48934	289.834	864.999	288.852	-99999	-42.223	-0.910765	1	1	1	1	1	157.668	204.562	132.227	-131.733	-665.102	-557.661	164.204	187.964	211.237	132.797	0.564171	-132.062	-665.338	-611.041	-557.535	4.99938	13	0	216.155	-42.1849	-26.3348	-587.714	-42.1849	-26.3348	-587.714	
13209	48417	315.269	692.651	311.65	86.8718	86.28	-0.759605	1	1	1	1	1	124.299	315.175	133.062	-108.505	756.924	715.911	124.167	226.001	317.148	133.217	13.492	-111.278	756.944	745.473	715.69	4.70116	6	0	78.8861	86.3208	-15.6384	718.647	86.3208	-15.6384	718.647	
13209	53989	59.0336	175.411	58.5707	-99999	-39.444	-0.224635	0	0	0	0	0	69.6137	72.2757	97.3257	69.9879	-885.82	-834.466	69.656	71.3937	72.2892	97.3368	83.7615	69.8173	-885.87	-860.037	-834.095	6.02833	16	0	82.8801	-39.4348	66.5413	-820.816	-39.4348	66.5413	-820.816	
13209	57878	164.412	397.722	163.921	-99999	-40.925	-0.865088	1	1	1	1	1	144.637	193.42	133.061	-12.4854	498.904	552.885	144.51	175.585	193.467	133.483	60.7514	-12.4854	498.733	520.79	552.885	7.53959	10	0	74.8476	-40.899	7.4125	536.62	-40.899	7.4125	536.62	
13209	56773	204.552	502.616	204.549	-99999	8.046	-0.861861	1	1	1	1	1	172.756	95.475	133.057	-44.5773	574.773	637.758	172.747	133.125	95.4658	133.057	42.6308	-44.5773	574.773	601.374	637.758	8.56841	15	0	90.7602	8.07462	-8.79963	619.529	8.07462	-8.79963	619.529	
13209	57992	104.043	272.604	102.11	-99999	54.283	-0.925114	0	0	0	0	0	167.864	134.458	134.446	39.588	733.525	748.922	167.801	150.676	133.951	134.446	86.3381	37.7473	733.525	742.91	749.275	4.75197	15	0	77.3451	-999999	-999999	-999999	-999999	-999999	-999999	
13209	55015	249.324	585.145	248.815	-99999	48.395	-0.869807	1	1	1	0	0	174.746	76.8434	132.573	-92.4765	-862.045	-826.347	174.926	121.599	76.7881	133.005	22.0543	-92.4765	-862.14	-842.769	-826.347	5.06939	14	0	85.3848	48.418	-24.2465	-807.621	48.418	-24.2465	-807.621	
13209	59824	241.855	1300.26	239.817	-99999	-0.935	-0.8293	1	1	1	1	1	192.636	84.8311	133.669	-74.7089	-516.775	-467.581	192.637	137.616	84.1114	133.669	28.7026	-76.4719	-516.775	-492.857	-466.875	11.7061	15	0	638.629	-0.902425	-66.4546	-456.857	-0.902425	-66.4546	-456.857	
13209	12542	301.836	764.855	301.41	-99999	93.321	-0.866666	1	1	1	1	1	201.277	81.791	132.082	-129.095	-402.4	-312.942	201.355	138.999	81.6842	132.448	2.75179	-129.095	-402.508	-357.228	-312.942	20.0333	9	0	172.488	93.349	-38.4078	-342.466	93.349	-38.4078	-342.466	
13209	59372	323.909	712.834	321.511	11.5618	9.283	-0.948156	1	1	1	1	1	116.82	223.632	133.065	-169.772	-310.705	-312.528	116.371	168.829	224.074	134.43	-18.6679	-170.611	-310.723	-314.71	-312.649	4.26495	10	0	75.5975	9.31497	-16.809	-315.41	9.31497	-16.809	-315.41	
13209	57530	210.688	444.152	208.343	-41.4822	110.751	-0.665239	0	0	0	0	0	215.291	165.201	132.129	21.52	482.568	316.554	215.335	194.328	164.372	132.27	68.37	20.8803	482.718	401.759	314.703	4.74369	11	0	65.4179	-43.4906	3.41178	367.007	-43.4906	3.41178	367.007	
13209	61802	372.438	4718.04	371.371	14.7723	13.812	-0.822612	1	1	1	1	1	349.444	192.15	133.343	-162.179	140.735	298.896	349.643	275.744	191.863	133.767	-18.636	-162.535	140.522	217.605	299.197	4.62749	13	0	68.7467	13.8409	-2.97232	212.018	13.8409	-2.97232	212.018	
13209	65032	221.817	509.562	221.05	110.498	110.857	-0.791641	0	0	0	0	0	280.833	132.876	133.68	-21.2387	465.493	517.917	280.988	206.94	132.512	133.901	57.0216	-21.5239	465.417	494.927	518.035	6.22659	7	0	73.4147	7.6263	1.2631	-336.703	7.6263	1.2631	-336.703	
13209	99775	331.687	2021.19	331.544	43.8872	42.885	-0.929222	1	1	1	1	1	126.814	254.1	133.077	-169.128	-706.457	-664.796	126.781	190.923	254.1	133.165	-18.5602	-169.128	-706.468	-687.413	-664.796	9.85959	20	0	957.502	42.9259	-51.8455	-650.508	42.9259	-51.8455	-650.508	
13209	63989	64.0965	155.976	53.7902	-99999	92.341	-0.905396	1	0	0	0	0	268.703	254.86	132.119	82.2583	-217.103	-206.835	298.114	287.838	281.968	133.688	104.873	75.5953	-217.648	-208.282	-210.755	4.71588	11	0	77.6653	92.3747	50.2298	-207.783	92.3747	50.2298	-207.783	
13209	64935	69.9762	180.507	69.9752	-99999	114.832	-0.48428	0	0	0	0	0	301.398	323.235	134.066	99.9174	62.3995	119.415	337.357	348.386	359.194	134.066	116.745	99.9174	62.3995	90.7151	119.415	6.53241	9	0	51.1103	-0.66378	-0.716693	-62.9114	-0.66378	-0.716693	-62.9114	
13209	64362	195.89	465.646	195.783	-99999	-20.831	-0.938427	1	1	1	1	0	65.2536	123.947	109.884	-73.5711	-265.472	-235.704	65.2774	93.9153	124.008	109.884	18.9211	-73.6662	-265.472	-243.31	-235.692	7.71892	9	0	71.3199	-20.805	1.77668	-239.124	-20.805	1.77668	-239.124	
13209	60774	157.834	436.988	155.899	-99999	-32.965	-0.927679	1	1	1	1	1	240.079	286.984	132.433	-13.7254	508.364	533.181	229.301	254.69	276.842	133.592	59.4593	-14.3533	508.242	517.128	533.374	27.5682	6	0	142.623	-32.9288	-30.0308	746.191	-32.9288	-30.0308	746.191	
13209	60547	341.796	771.574	341.792	-99999	0.943	-0.870511	0	0	0	0	0	229.121	337.75	133.789	-165.466	-669.597	-793.871	229.416	283.323	338.045	133.789	-15.9277	-165.466	-669.597	-731.874	-793.871	4.28507	13	0	46.0338	96.569	-34.8966	811.024	96.569	-34.8966	811.024	
13209	99331	85.5716	13.854	3.37595	-99999	65.491	-0.725396	0	0	0	0	0	335.365	335.287	126.445	123.686	169.72	167.805	357.049	349.96	344.908	131.166	99.5989	66.1616	173.921	149.36	123.454	11.6346	6	0	13.854	87.623	-113.885	-763.442	87.623	-113.885	-763.442	
13209	63116	44.9464	895.285	44.7701	-99999	-4.148	-0.430773	1	1	1	1	1	135.509	141.343	132.531	94.0657	-389.222	-410.436	135.514	137.551	141.311	132.531	113.562	93.9379	-389.222	-400.493	-410.536	6.61372	6	0	192.099	-4.1172	-18.4143	-464.655	-4.1172	-18.4143	-464.655	
13209	13864	328.527	854.142	327.887	-99999	16.631	-0.897826	1	1	1	1	1	353.7	290.088	-180.048	109.695	204.516	342.964	295.09	327.344	358.908	110.257	-36.0448	-180.048	343.159	276.918	204.516	7.74884	875	0	854.142	16.6584	-40.1983	278.487	16.6584	-40.1983	278.487	
13209	63139	111.216	284.222	110.902	-99999	97.067	-0.779495	1	0	0	0	0	78.1767	105.182	133.062	52.7938	792.977	864.096	78.0158	90.2283	105.071	133.305	90.6615	52.7938	792.786	826.279	864.096	5.23987	16	0	79.7579	97.0914	55.2595	815.866	97.0914	55.2595	815.866	
13209	63619	229.468	936.576	229.098	-99999	88.768	-0.931547	1	1	1	1	1	75.1438	160.957	133.271	-77.973	-156.761	-152.027	74.9168	120.566	160.855	133.612	28.5865	-77.973	-156.731	-162.384	-152.027	5.67474	12	0	497.178	88.8015	6.58379	-161.327	88.8015	6.58379	-161.327	
13209	13891	28.087	80.8168	27.329	-99999	87.491	-0.713875	1	1	1	1	1	207.476	196.059	132.357	112.567	783.772	768.79	221.484	215.792	209.779	132.849	122.743	112.517	784.18	776.269	768.753	4.53315	14	0	63.4641	87.5192	-49.7871	616.762	87.5192	-49.7871	616.762	
13209	52645	141.623	350.644	141.04	-99999	85.961	-0.749204	1	1	1	1	1	185.912	216.777	132.275	15.8588	147.032	74.3033	212.83	228.067	243.701	132.275	73.6363	15.3696	147.032	110.502	73.9936	10.7103	11	0	71.094	85.9946	9.66596	91.9957	85.9946	9.66596	91.9957	
13209	55364	145.527	338.041	144.446	-99999	-4.133	-0.978317	1	1	1	1	1	259.493	296.535	132.888	-4.81873	383.666	403.109	258.199	272.914	295.733	132.888	62.3136	-5.77462	383.666	393.333	403.173	5.09982	6	0	70.9725	-4.10807	-8.66523	394.317	-4.10807	-8.66523	394.317	
13209	96888	244.675	537.019	243.41	-99999	-21.721	-0.958571	1	1	1	1	1	140.342	148.917	131.218	-106.985	-871.252	-830.882	140.363	145.271	148.792	131.541	11.3921	-107.776	-871.341	-853.055	-830.737	7.88495	11	0	61.2332	-21.7178	-18.2569	-797.891	-21.7178	-18.2569	-797.891	
13209	55314	49.522	154.644	49.5216	-99999	54.848	-0.493056	1	1	1	1	1	172.402	141.639	134.457	109.573	-81.7942	-52.0534	172.34	156.841	141.576	134.457	121.784	109.573	-81.7942	-67.2481	-52.0534	6.41413	11	0	64.1142	54.8752	39.7785	0.76306	54.8752	39.7785	0.76306	
13209	57528	552.917	1264.94	552.908	-99999	39.984	-0.331676	1	1	1	1	1	62.0188	157.059	78.5819	-59.135	-569.96	-44.1461	61.973	109.626	157.014	78.5819	-0.556427	-59.135	-569.96	-309.639	-44.1461	5.47	13	0	57.4075	39.9955	30.1398	-428.42	82.9255	1.31342	-245.029	
13209	57679	284.541	637.232	283.3	-99999	30.655	-0.981316	1	1	1	1	1	112.25	155.193	132.475	-140.107	225.091	283.699	112.039	139.201	155.198	133.506	-4.10285	-140.274	225.001	248.174	283.716	7.02825	7	0	74.6177	30.6749	-14.2448	250.138	30.6749	-14.2448	250.138	
13209	59425	200.369	470.876	192.669	46.2174	44.829	-0.835191	1	1	1	1	1	114.733	219.619	128.611	-32.3423	-852.812	-849.123	111.141	168.715	220.059	133.985	52.1452	-33.4905	-852.667	-850.722	-849.096	6.53595	9	0	73.2933	44.8656	13.2539	-794.974	44.8656	13.2539	-794.974	
13209	63577	225.054	447.788	224.094	-99999	80.305	-0.946734	1	1	1	1	1	106.027	121.921	133.199	-83.7302	15.5654	56.5839	105.912	123.714	121.798	133.326	24.9905	-83.9804	15.5248	38.9536	56.6014	4.37854	7	0	64.4032	80.3166	-5.443	42.9187	80.3166	-5.443	42.9187	
13209	62654	359.751	1719.19	359.088	63.5358	61.691	-0.81487	1	1	1	1	1	226.303	94.9665	131.852	-145.778	-646.058	-827.563	226.433	164.882	94.8725	132.236	-15.285	-145.879	-645.818	-727.861	-827.678	5.26583	6	0	87.5936	61.7261	-39.6368	-744.754	61.7261	-39.6368	-744.754	
13209	66540	217.073	482.237	216.223	-99999	63.397	-0.957495	1	1	1	1	1	104.158	109.371	133.115	-82.0025	-123.32	-123.289	104.109	109.058	109.284	133.801	25.7649	-82.1171	-123.102	-126.32	-123.294	7.28889	8	0	77.7076	63.4207	-11.0563	-122.577	63.4207	-11.0563	-122.577	
13209	71625	230.878	549.606	230.376	-99999	82.017	-0.818041	0	0	0	0	0	186.321	97.7761	132.989	-53.5578	-809.888	-710.304	186.303	145.992	97.5512	133.134	38.9456	-53.843	-809.965	-756.863	-710.26	4.99558	8	0	72.3447	83.9357	-71.9824	747.574	83.9357	-71.9824	747.574	
13209	68038	207.019	559.358	207.016	-99999	-28.594	-0.87551	1	1	1	1	1	181.319	86.0449	130.448	-50.1276	349.234	376.546	181.351	131.32	86.0776	130.448	40.2809	-50.1276	349.234	357.888	376.546	4.35899	12	0	142.609	-28.5647	-9.29584	367.15	-28.5647	-9.29584	367.15	
13209	68638	272.99	651.995	272.216	-99999	46.433	-0.963543	1	1	1	1	1	114.509	180.706	133.08	-128.594	311.856	308.246	114.366	154.897	180.649	133.482	3.72071	-128.883	311.908	304.021	308.361	9.95214	10	0	90.0512	46.4581	-16.6378	304.122	46.4581	-16.6378	304.122	
13209	69478	348.668	711.453	348.635	-99999	-28.842	-0.92518	1	1	1	1	1	235.46	239.888	132.434	-163.263	-615.325	-758.956	226.429	230.715	230.856	132.434	-29.3367	-163.263	-615.325	-679.069	-758.956	4.62514	12	0	49.4766	-28.8096	-22.7224	-674.553	-28.8096	-22.7224	-674.553	
13209	72118	251.734	544.046	250.886	-99999	83.046	-0.563572	1	1	1	1	1	133.769	194.758	132.254	-53.1575	611.39	764.21	133.535	160.167	194.698	132.642	48.2476	-53.2378	610.797	700.226	764.296	4.35187	14	0	57.3765	83.0843	-2.17396	702.249	83.0843	-2.17396	702.249	
13209	43616	201.732	458.318	200.75	21.5947	21.991	-0.898224	1	1	1	1	1	129.459	219.965	133.263	-39.2216	-150.603	-196.554	129.088	178.957	219.965	134.155	48.6128	-39.2216	-150.463	-169.182	-196.554	4.57927	11	0	72.4728	22.0226	4.33506	-177.076	22.0226	4.33506	-177.076	
13209	47816	235.237	559.95	235.06	93.5927	90.761	-0.466915	1	1	1	1	1	290.275	127.698	133.525	32.905	746.947	881.724	290.396	210.415	127.698	133.605	76.7781	32.905	746.853	811.642	881.724	6.16872	11	0	96.7977	90.7754	18.2129	786.491	90.7754	18.2129	786.491	
13209	67154	321.312	723.069	320.772	88.38	86.75	-0.652212	1	1	1	1	1	119.415	340.988	132.739	-95.2505	605.97	574.545	119.016	234.37	340.988	133.085	22.2124	-95.2505	606.036	593.198	574.545	8.60758	9	0	72.4246	86.7861	-17.6501	573.946	86.7861	-17.6501	573.946	
13209	69434	166.819	872.839	164.816	-99999	93.805	-0.886076	1	1	1	1	1	171.117	95.3475	131.135	-14.4308	-652.939	-637.834	171.826	133.502	95.1437	132.71	58.9957	-14.6261	-653.094	-645.723	-637.794	54.0847	9	0	492.16	93.8294	-27.9165	-631.956	93.8294	-27.9165	-631.956	
13209	57620	288.736	678.44	288.31	-99999	11.316	-0.634301	1	1	1	1	0	179.105	96.2639	132.245	-78.5745	686.977	858.539	179.273	122.447	96.251	132.492	34.5853	-78.5745	686.729	775.972	858.539	19.6149	10	0	101.601	17.1778	-46.3956	-609.098	17.1778	-46.3956	-609.098	
13209	54350	261.915	562.359	261.548	102.834	100.732	-0.893293	1	1	1	1	1	202.191	332.789	132.607	-91.5964	722.729	744.842	202.04	266.625	332.789	132.927	20.3474	-91.5964	722.675	739.495	744.842	7.57531	6	0	74.6322	100.77	-23.2294	721.739	100.77	-23.2294	721.739	
13209	56172	148.722	364.261	147.516	-99999	-29.109	-0.917351	1	1	1	1	0	120.865	81.5425	133.624	-3.50252	-510.246	-474.832	121.003	100.341	81.3042	133.908	65.3609	-4.35465	-510.307	-490.661	-474.828	7.09787	8	0	78.7393	-29.0814	18.0588	-479.624	-29.0814	18.0588	-479.624	
13209	56772	31.7571	991.052	30.8756	24.6829	24.695	-0.97196	1	1	1	1	1	232.051	227.584	132.527	104.019	-566.559	-558.658	235.903	234.836	231.199	132.527	117.613	103.199	-566.559	-561.58	-558.862	44.8725	17	0	961.749	24.7313	-11.2585	-518.311	24.7313	-11.2585	-518.311	
13209	92758	211.963	496.906	210.632	-99999	80.975	-0.52266	1	1	1	1	1	171.562	134.798	133.11	32.2804	676.554	856.764	171.865	159.068	134.706	133.806	80.0404	32.2804	675.496	765.782	856.764	4.74743	15	0	74.1972	81.0151	21.7647	767.649	81.0151	21.7647	767.649	
13209	64525	47.3704	134.769	46.1114	-99999	31.133	-0.807031	0	0	0	0	0	281.133	260.834	132.612	92.2285	-123.881	-126.817	291.613	278.084	270.583	133.626	114.231	92.2285	-123.868	-123.35	-126.817	7.56781	15	0	71.5648	-999999	-999999	-999999	-999999	-999999	-999999	
13209	62719	150.405	387.753	147.233	-99999	89.167	-0.574163	1	1	1	1	1	116.533	204.947	133.528	54.4095	-119.693	-32.7774	116.431	161.542	206.74	133.528	92.0466	53.3109	-119.693	-76.1143	-30.4853	4.98936	12	0	99.0395	89.2167	-31.7184	31.0184	58.0467	-41.6875	-20.8363	
13209	63052	162.315	401.443	161.959	-99999	38.567	-0.659795	1	1	1	0	0	197.733	137.649	132.327	21.1662	-382.867	-283.226	197.807	160.361	137.586	132.488	78.5829	21.0786	-383.013	-335.331	-283.167	6.12501	14	0	77.8772	38.6035	15.911	-309.113	38.6035	15.911	-309.113	
13209	71678	173.39	397.048	173.328	-99999	77.994	-0.888718	1	1	1	1	1	286.377	197.591	133.629	-15.0792	713.163	719.5	298.659	254.402	209.847	133.682	59.223	-15.0792	713.16	716.525	719.5	4.76753	7	0	51.8693	78.0105	-29.2395	709.908	78.0105	-29.2395	709.908	
13209	69104	345.842	777.054	344.998	-41.8986	-43.888	-0.539597	1	1	1	1	1	228.601	98.2432	133.487	-54.9568	91.4104	343.734	228.827	151.805	98.2275	133.9	52.8854	-55.024	90.8395	222.497	343.809	9.39085	13	0	88.1536	-43.8453	-13.5485	275.092	-43.8453	-13.5485	275.092	
13209	66847	361.556	864.651	361.346	-99999	79.766	-0.935974	1	1	1	1	1	210.29	98.3144	131.682	-133.153	-372.038	-162.668	210.29	154.6	98.3144	131.682	1.12383	-133.153	-372.038	-269.78	-162.668	6.8399	15	0	43.8318	79.7908	-54.8299	-578.927	79.7908	-54.8299	-578.927	
13209	69487	360.24	2792.81	358.738	118.778	116.43	-0.788316	0	0	0	0	0	299.957	186.781	132.778	-158.628	-352.114	-178.777	300.432	237.958	186.781	133.959	-6.75495	-158.628	-352.895	-259.545	-178.777	4.94456	12	0	51.0736	-999999	-999999	-999999	-999999	-999999	-999999	
13209	68804	231.722	587.286	231.649	-99999	107.042	-0.842151	0	0	0	0	0	116.699	205.258	134.065	-67.4081	-559.03	-490.672	116.551	153.3	205.136	134.124	29.7167	-67.4081	-559.059	-525.324	-490.672	7.17499	13	0	110.839	-999999	-999999	-999999	-999999	-999999	-999999	
13209	67831	317.057	607.056	316.499	-99999	108.346	-0.90414	0	0	0	0	0	323.135	308.926	126.236	-168.726	-708.912	-797.128	357.063	349.52	342.842	126.236	-23.6507	-169.067	-708.912	-752.11	-797.393	7.14904	12	0	76.4872	25.1718	-33.2582	-219.218	25.1718	-33.2582	-219.218	
13209	69271	301.52	661.949	301.02	64.8442	65.705	-0.941348	1	1	1	1	1	248.265	175.015	133.047	-151.704	-324.202	-275.999	248.265	204.267	174.954	133.047	-7.62073	-151.973	-324.202	-293.668	-275.984	10.2595	9	0	104.864	65.7367	-24.9162	-294.511	65.7367	-24.9162	-294.511	
13209	71040	93.4894	515.991	85.6879	-99999	14.763	-0.739455	1	1	1	1	1	196.38	143.163	132.367	69.5255	-416.654	-400.129	196.376	166.112	141.44	132.382	97.9086	63.5334	-416.656	-408.009	-396.906	7.27165	15	0	134.146	14.7853	-1.83097	-383.828	14.7853	-1.83097	-383.828	
13209	67681	246.634	550.335	245.757	-99999	-1.506	-0.954169	1	1	1	1	1	189.371	164.173	131.623	-109.148	743.32	766.874	189.626	165.479	164.175	132.443	13.0609	-109.148	743.258	761.008	766.874	8.29685	7	0	57.1363	-1.48093	-25.2718	746.892	-1.48093	-25.2718	746.892	
13209	68750	125.294	311.076	124.516	-99999	89.198	-0.860041	1	1	1	0	0	114.279	137.144	133.649	27.7006	-262.121	-200.931	114.089	125.503	137.074	134.097	80.4527	27.4803	-262.367	-232.119	-200.802	5.10548	14	0	85.0301	89.2263	29.4683	-216.767	89.2263	29.4683	-216.767	
13209	71150	28.9561	871.397	28.1099	-99999	44.187	-0.600662	0	0	0	0	0	271.46	277.837	132.373	109.613	231.268	244.61	285.297	290.568	291.497	132.373	121.048	109.389	231.268	237.762	244.839	4.03417	9	0	735.694	10.0321	-12.194	330.485	10.0321	-12.194	330.485	
13209	51906	106.668	251.533	106.441	-99999	85.376	-0.792963	1	1	1	1	1	262.367	196.881	133.592	53.2882	753.119	730.157	275.783	242.529	210.212	133.592	93.7827	53.0821	753.119	740.774	730.175	8.84359	8	0	60.6965	85.399	-39.6105	698.223	85.399	-39.6105	698.223	
13209	66939	185.216	406.589	183.708	-99999	31.399	-0.982227	1	1	1	1	1	342.06	328.521	132.197	-46.2612	-516.255	-547.383	351.919	338.197	338.815	132.421	41.3949	-47.3276	-516.221	-526.019	-547.679	18.8951	10	0	70.1913	31.429	-4.0807	-541.428	31.429	-4.0807	-541.428	
13209	67885	346.469	792.388	345.09	113.041	111.335	-0.90444	0	0	0	0	0	346.073	182.796	133.306	-167.494	361.003	332.808	346.375	263.678	182.737	133.987	-16.7484	-168.105	361.077	340.891	332.793	5.08743	7	0	83.5289	92.6681	9.61828	-126.675	92.6681	9.61828	-126.675	
13209	67909	372.585	828.965	368.396	60.466	57.412	-0.823647	1	1	1	1	1	347.159	128.907	133.312	-162.148	228.786	218.036	347.985	240.157	127.423	134.543	-16.7766	-164.347	228.932	218.622	218.478	7.50346	8	0	82.3929	57.431	-9.90112	205.229	57.431	-9.90112	205.229	
13209	69349	283.175	675.622	282.494	-99999	89.21	-0.982177	1	1	1	1	1	123.544	187.01	133.304	-133.04	228.6	287.272	123.379	155.633	187.035	133.685	-2.47066	-133.268	228.573	249.445	287.39	5.09498	11	0	74.2517	88.9942	-11.5278	182.768	88.9942	-11.5278	182.768	
13209	70467	354.103	791.89	352.515	-99999	78.217	-0.752685	1	1	1	1	1	325.474	250.158	133.09	-129.283	-157.95	63.5195	350.11	315.693	274.345	133.694	1.9762	-129.721	-158.456	-45.4818	64.0751	4.14916	6	0	76.491	78.2564	-7.26153	-48.1022	78.2564	-7.26153	-48.1022	
13209	67624	289.261	664.551	288.215	-99999	10.986	-0.919473	1	1	1	1	1	116.914	73.281	133.203	-121.618	-325.387	-203.654	116.95	89.0855	73.1056	133.445	0.907476	-122.266	-325.479	-274.824	-203.262	4.35776	13	0	74.1682	11.0007	-22.8283	-264.887	11.0007	-22.8283	-264.887	
13209	70420	147.311	389.753	147.118	-99999	87.504	-0.982349	1	1	1	1	1	203.999	186.603	132.938	-12.4601	-124.655	-126.083	203.913	189.978	186.523	133.007	60.7388	-12.5735	-124.657	-125.875	-126.083	12.9028	7	0	102.575	87.542	3.85445	-129.362	87.542	3.85445	-129.362	
13209	66849	152.424	351.404	149.925	-99999	65.13	-0.864472	1	1	1	0	0	160.948	125.652	133.232	5.2578	-323.351	-254.957	160.873	144.067	124.258	133.232	67.3931	3.30793	-323.351	-288.894	-254.129	8.63036	12	0	87.2312	65.155	9.73053	-272.45	65.155	9.73053	-272.45	
13209	66474	326.449	843.686	325.578	32.226	33.082	-0.375643	1	1	1	1	1	61.9624	346.488	31.3396	-120.897	-782.376	-818.908	61.9624	206.312	347.107	31.3396	-41.0177	-121.483	-782.376	-805.385	-819.041	5.30659	9	0	68.3457	33.1121	-38.7662	-779.216	33.1121	-38.7662	-779.216	
13209	67914	224.785	500.305	222.061	-99999	109.563	-0.974254	0	0	0	0	0	206.062	222.127	131.449	-88.0371	454.575	470.107	240.012	254.717	256.133	133.032	22.3767	-89.0594	454.474	466.163	470.153	6.1172	8	0	80.3056	1.58075	10.5819	-242.591	1.58075	10.5819	-242.591	
13209	70914	303.536	623.357	302.8	-99999	78.948	-0.998592	0	0	0	0	0	63.0758	96.8137	132.665	-167.321	585.896	577.454	62.9577	80.1451	96.7132	133.177	-17.4184	-167.528	585.898	581.214	577.449	5.23418	8	0	71.042	45.7784	-64.344	247.35	45.7784	-64.344	247.35	
13209	67370	247.65	56.926	10.3806	-99999	28.379	-0.913478	1	1	1	1	1	334.265	329.847	127.633	119.728	126.311	121.359	343.627	316.855	288.901	130.728	22.507	-84.417	127.389	75.5611	19.8553	24.1065	29	0	56.926	28.4163	-13.4636	56.5116	28.4163	-13.4636	56.5116	
13209	75262	263.457	617.162	263.083	-99999	49.361	-0.906115	1	1	1	1	1	127.455	76.654	132.865	-92.8645	-843.294	-719.117	127.484	99.7199	76.5975	133.202	22.8538	-92.8645	-843.423	-777.241	-719.117	5.51722	10	0	102.783	49.3758	-28.9688	-743.493	49.3758	-28.9688	-743.493	
13209	76881	293.094	608.937	291.843	-100.528	-43.316	-0.88666	0	0	0	0	0	122.057	250.953	133.378	-126.485	-8.52496	9.13324	121.684	187.667	251.145	134.117	4.69832	-126.832	-8.55958	7.109	9.18155	4.48809	6	0	80.1267	40.5716	-2.72122	-97.8079	40.5716	-2.72122	-97.8079	
13209	75959	349.507	731.635	348.266	32.5681	30.186	-0.799998	1	1	1	1	1	103.268	304.906	131.088	-150.379	-548.618	-544.949	103.015	212.719	305.443	131.43	-4.26094	-150.966	-548.611	-548.697	-544.817	4.90526	6	0	64.3538	30.217	-25.0336	-549.361	30.217	-25.0336	-549.361	
13209	77639	203.193	470.968	200.186	-99999	55.831	-0.965657	1	1	1	1	1	148.811	113.653	133.622	-59.5922	-742.649	-707.164	148.747	129.592	112.929	133.622	34.7219	-62.5133	-742.649	-730.074	-707.029	5.32344	11	0	81.1739	55.8571	-10.0936	-717.499	55.8571	-10.0936	-717.499	
13209	9573	258.245	549.435	257.193	-20.0004	-22.449	-0.935712	1	1	1	1	1	168.741	219.454	132.73	-100.583	-190.239	-281.289	168.544	193.223	219.454	133.7	12.7404	-100.583	-189.935	-227.464	-281.289	4.87792	13	0	64.1297	-23.9588	-40.2927	-116.41	-23.9588	-40.2927	-116.41	
13209	70138	203.667	462.01	203.127	-99999	114	-0.915835	0	0	0	0	0	274.435	195.876	133.081	-50.9483	-88.8597	-60.4036	310.323	270.65	231.574	133.574	41.5101	-50.9483	-88.9443	-71.2804	-60.4036	5.15219	13	0	75.9152	-999999	-999999	-999999	-999999	-999999	-999999	
13209	69946	304.384	663.788	304.294	-99999	30.688	-0.955888	1	1	1	1	1	183.42	124.328	133.935	-159.947	840.897	871.852	183.384	155.953	124.279	133.935	-15.5189	-160.022	840.897	847.265	871.868	6.21808	7	0	67.9844	30.7266	-31.8262	800.62	30.7266	-31.8262	800.62	
13209	105786	153.045	331.18	151.679	-99999	63.761	-0.98737	1	1	1	0	0	196.895	205.148	131.691	-18.461	832.577	827.356	196.683	203.539	205.146	132.688	57.0297	-18.7328	832.657	830.57	827.345	4.25131	6	0	61.7111	63.7926	5.30854	784.554	63.7926	5.30854	784.554	
13209	72795	303.064	650.902	301.008	-99999	41.43	-0.650197	1	1	1	1	1	173.752	113.488	133.203	-54.2244	-758.218	-531.6	173.705	141.858	113.167	133.203	38.4737	-55.6807	-758.218	-644.371	-530.195	6.81348	15	0	55.9962	41.4642	-8.17634	-603.167	41.4642	-8.17634	-603.167	
13209	74031	248.41	447.251	247.952	-99999	16.564	-0.97069	1	1	1	1	1	84.975	145.036	132.824	-104.371	-477.786	-446.957	84.8523	122.147	145.017	133.266	15.2886	-104.371	-477.818	-469.063	-446.957	8.34411	9	0	45.2424	18.836	-15.6054	-466.457	18.836	-15.6054	-466.457	
13209	9226	274.117	606.312	273.732	-367.57	-10.403	-0.99696	0	0	0	0	0	235.493	200.629	132.924	-137.055	-752.404	-738.104	235.499	218.113	200.629	133.277	-2.48595	-137.055	-752.381	-752.615	-738.104	8.54619	9	0	98.6706	-28.1657	-44.1429	-335.156	-43.2657	-82.7638	-705.895	
13209	11386	157.472	393.444	157.3	-99999	41.232	-0.850126	1	1	1	1	1	256.792	203.063	132.862	-5.18924	-93.7502	-146.482	263.325	236.496	209.543	133.008	64.0489	-5.18924	-93.6774	-120.534	-146.482	6.66054	9	0	58.3602	41.2716	-25.204	-164.408	41.2716	-25.204	-164.408	
13209	1758	264.686	623.038	263.072	63.9377	62.491	-0.881616	1	1	1	1	1	301.745	161.212	133.54	-85.3131	237.518	272.883	301.907	232.165	160.441	133.868	23.6439	-86.2746	237.463	258.629	273.013	4.11871	8	0	78.5558	62.53	-10.4947	251.336	62.53	-10.4947	251.336	
13209	74723	332.298	677.432	327.499	-16.148	-16.819	-0.933539	1	1	1	1	1	256.658	198.605	133.17	-168.386	-512.294	-401.536	256.698	225.098	199.23	133.367	-20.0927	-171.153	-512.353	-457.191	-398.033	7.54638	11	0	48.975	-16.7856	-22.6694	-455.178	-16.7856	-22.6694	-455.178	
13209	76283	291.778	639.884	291.541	80.9421	78.024	-0.783706	1	1	1	1	1	261.137	85.8657	133.273	-86.9516	-808.003	-755.194	261.139	166.895	85.7791	133.275	22.5688	-87.1216	-808.003	-796.647	-755.07	4.56455	11	0	66.7227	78.0516	-25.3741	-763.161	78.0516	-25.3741	-763.161	
13209	48425	256.004	622.276	253.134	-99999	17.421	-0.972528	1	1	1	1	1	288.481	229.014	132.638	-111.702	441.378	462.773	294.06	261.459	234.541	133.193	9.74242	-113.994	441.361	448.518	462.682	5.34244	14	0	74.6832	14.5574	5.16184	-279.693	14.5574	5.16184	-279.693	
13209	2269	255.954	572.136	254.459	16.4271	14.455	-0.935423	1	1	1	1	1	193.63	284.949	132.679	-104.138	-375.984	-388.332	193.625	235.772	285.561	132.691	12.0103	-105.481	-375.984	-380.188	-388.343	4.40928	8	0	76.1816	14.476	-25.7707	-384.939	14.476	-25.7707	-384.939	
13209	73815	290.187	568.548	289.791	56.2051	54.975	-0.751404	1	1	1	1	1	226.374	161.35	132.538	-95.7799	110.59	269.519	226.45	178.697	161.35	132.74	23.359	-95.7799	110.432	192.301	269.519	5.16368	13	0	56.2439	55.0084	-16.952	213.357	55.0084	-16.952	213.357	
13209	76262	148.129	379.147	147.356	-99999	83.005	-0.980867	1	1	1	1	1	159.652	148.811	133.698	-9.91833	-550.262	-522.296	159.579	158.057	148.634	133.911	61.2431	-10.4549	-550.3	-536.191	-522.235	13.5051	9	0	93.1118	81.3403	-15.6577	200.903	54.5703	-36.2041	-748.886	
13209	83014	82.5047	213.991	80.8627	-99999	11.302	-0.990972	1	1	0	0	0	107.683	112.545	133.619	54.793	-656.264	-649.715	107.584	112.05	112.465	134.255	93.439	54.4332	-656.243	-652.963	-649.853	4.37588	12	0	68.4438	11.3163	41.792	-643.299	11.3163	41.792	-643.299	
13209	68827	256.65	1312.17	256.646	-99999	79.506	-0.867368	1	1	1	1	1	69.7794	197.728	134.168	-87.6136	341.083	356.716	69.6884	134.376	197.637	134.168	23.5951	-87.6136	341.083	348.559	356.716	87.1019	12	0	761.145	79.5445	-29.0778	354.835	79.5445	-29.0778	354.835	
13209	66800	55.1013	415.373	52.7669	-99999	-34.728	-0.986429	1	1	1	1	1	282.933	292.31	132.831	88.7094	845.025	824.701	271.893	274.229	281.435	134.228	109.9	88.7094	845.087	834.693	824.701	7.96705	25	0	204.521	-34.7247	-7.14825	751.873	-34.7247	-7.14825	751.873	
13209	94127	288.051	679.469	287.071	109.704	107.304	-0.879839	0	0	0	0	0	162.15	304.045	133.383	-106.894	-262.675	-325.305	162.15	232.341	304.381	133.383	9.85648	-107.787	-262.675	-285.691	-325.496	8.3037	10	0	133.532	-999999	-999999	-999999	-999999	-999999	-999999	
13209	70741	130.016	307.872	129.512	-99999	19.714	-0.913864	1	1	1	1	1	133.427	176.509	133.396	11.6603	-617.462	-611.078	133.204	156.15	176.486	133.855	73.2556	11.6603	-617.487	-613.495	-611.078	4.50178	7	0	66.6557	19.7415	19.3483	-607.472	19.7415	19.3483	-607.472	
13209	68203	329.58	1165.95	328.065	-34.9049	-35.487	-0.867491	1	1	1	1	1	318.989	198.965	132.466	-140.967	531.653	663.147	319.365	267.979	198.965	133.777	-6.74376	-140.967	531.009	599.853	663.147	16.8551	11	0	154.799	-35.4557	-14.772	594.074	-35.4557	-14.772	594.074	
13209	4532	219.199	506.191	218.152	-99999	19.424	-0.855539	1	1	1	1	1	166.817	187.903	131.647	-59.9704	-839.439	-746.3	166.78	193.303	187.682	131.7	34.5703	-60.8731	-839.467	-796.51	-745.987	5.6064	14	0	77.8758	19.4572	-7.3775	-752.241	19.4572	-7.3775	-752.241	
13209	5012	440.465	983.446	425.189	67.759	66.823	-0.758739	1	1	1	1	1	260.37	90.1073	133.578	-166.7	172.775	-74.942	260.37	173.084	84.3471	133.578	-21.9962	-177.035	172.775	44.2681	-84.3944	21.6602	7	0	76.8896	66.8597	-33.3636	23.2493	66.8597	-33.3636	23.2493	
13209	77469	185.918	428.65	185.912	-99999	43.91	-0.965308	1	1	1	1	1	112.46	152.666	133.322	-42.2615	473.444	513.328	112.41	130.551	152.616	133.322	43.6587	-42.2615	473.444	489.874	513.328	4.63951	12	0	68.6598	43.9403	-1.9369	500.57	43.9403	-1.9369	500.57	
13209	73197	92.9345	258.129	91.6935	-99999	77.82	-0.807634	1	1	1	0	0	123.697	75.7069	132.684	57.2448	-627.713	-641.713	124.315	101.38	75.6178	133.673	94.4683	57.2448	-627.507	-637.039	-641.713	7.29477	10	0	95.1201	77.848	52.1667	-637.817	77.848	52.1667	-637.817	
13209	73207	326.554	720.987	324.657	54.526	53.19	-0.76158	1	1	1	1	1	230.725	164.208	132.222	-109.176	133.631	336.819	230.997	198.137	164.067	133.432	17.9107	-109.345	132.65	243.046	337.036	6.50601	14	0	89.8187	53.2274	-20.4059	262.167	53.2274	-20.4059	262.167	
13209	73674	158.682	404.815	158.325	-99999	6.333	-0.634531	1	1	1	1	1	99.6036	197.831	132.668	34.4546	274.941	350.896	99.5963	148.648	198.056	132.668	83.3652	34.2314	274.941	313.121	351.05	4.4911	11	0	99.1223	6.35031	-9.81112	388.301	6.35031	-9.81112	388.301	
13209	76454	254.095	2809.69	252.265	24.7657	23.536	-0.584616	1	1	1	1	1	61.7259	249.289	115.738	-24.4187	761.517	667.799	61.2094	155.957	250.072	116.145	45.4868	-24.9012	761.757	715.186	667.154	470.478	10	0	1551.13	23.5738	-25.4183	643.435	23.5738	-25.4183	643.435	
13209	73131	160.323	440.42	160.3	100.621	99.842	-0.528602	1	1	1	1	1	257.515	166.679	133.571	46.1083	-28.588	68.0228	257.52	214.016	166.679	133.577	90.9812	46.1083	-28.5957	23.3907	68.0228	63.5881	8	0	148.477	99.8722	20.1628	38.6807	99.8722	20.1628	38.6807	
13209	10698	296.834	680.828	270.841	-99999	87.886	-0.95308	1	1	1	1	1	105.73	108.674	134.78	-109.345	-698.624	-597.036	105.629	109.424	106.252	134.78	-6.51953	-113.251	-698.624	-657.023	-571.522	28.4693	6	0	94.3344	87.8979	-25.1966	-643.534	87.8979	-25.1966	-643.534	
13209	72792	325.674	669.362	325.234	-39.7221	-40.575	-0.811666	1	1	1	1	1	285.249	95.1173	133.249	-125.219	90.7803	136.343	285.377	190.387	95.0239	133.447	5.16846	-125.385	90.7309	121.274	136.351	4.61587	7	0	57.5036	-40.5452	-35.3061	129.884	-40.5452	-35.3061	129.884	
13209	77606	357.601	789.16	357.175	86.6971	84.404	-0.769885	1	1	1	1	1	78.8658	301.532	132.39	-145.091	-7.04496	-25.4734	78.6013	193.926	301.532	132.706	-3.36647	-145.091	-7.03034	-18.5383	-25.4734	6.19011	8	0	85.9558	84.4479	-12.0545	-14.618	84.4479	-12.0545	-14.618	
13209	18524	200.238	513	199.621	-99999	46.841	-0.913702	1	1	1	1	1	257.501	320.717	132.749	-48.49	95.0884	146.654	271.962	302.929	335.385	133.304	41.1053	-48.49	94.9351	118.289	146.654	8.04226	16	0	100.139	46.8723	-11.3818	128.73	46.8723	-11.3818	128.73	
13209	77480	99.2822	288.465	97.0423	-99999	-26.091	-0.9966	1	1	1	0	0	340.736	338.034	132.161	35.9848	-725.287	-714.792	332.611	331.427	330.049	132.868	83.9078	34.4936	-725.321	-717.952	-714.644	9.59612	6	0	110.403	-26.0657	31.2142	-722.123	-26.0657	31.2142	-722.123	
13209	73173	25.1147	87.9622	21.8301	-99999	17.336	-0.941483	0	0	0	0	0	348.772	341.729	-87.9267	-105.98	-11.416	-21.0336	354.201	350.455	346.018	-87.9267	-98.5245	-108.478	-11.416	-16.5916	-22.6658	7.43937	13	0	79.7818	44.6601	-34.3473	24.7179	44.6601	-34.3473	24.7179	
13209	56200	150.435	357.109	150.431	-99999	113.235	-0.883556	0	0	0	0	0	179.895	222.4	132.666	-4.71829	-623.328	-665.732	215.354	235.689	257.858	132.666	64.7817	-4.71829	-623.328	-648.332	-665.732	11.1072	10	0	75.9249	42.6892	14.8765	326.138	42.6892	14.8765	326.138	
13209	67714	202.86	579.415	201.384	108.224	107.251	-0.849602	0	0	0	0	0	251.15	186.178	132.151	-33.4399	715.173	802.696	251.688	210.853	186.178	133.397	49.7549	-33.4399	714.632	754.701	802.696	7.35255	11	0	62.0328	17.2072	-51.0622	344.887	17.2072	-51.0622	344.887	
13209	70594	124.8	319.316	121.365	-99999	51.4	-0.720311	1	1	0	0	0	268.186	342.36	132.585	42.0812	819.349	851.508	282.922	321.151	359.262	134.088	87.6664	41.0471	818.816	835.454	851.773	7.39065	6	0	67.4898	51.435	17.1649	736.012	-21.665	53.3208	746.621	
13209	62625	300.493	654.974	295.198	56.2822	54.368	-0.744895	1	1	1	1	1	266.673	147.535	130.553	-83.7337	460.628	621.678	267.726	217.742	147.062	133.488	21.2948	-84.8516	458.205	544.472	622.241	4.58567	15	0	75.6556	54.4054	-22.522	563.776	54.4054	-22.522	563.776	
13209	67762	316.931	724.03	315.622	-99999	13.569	-0.949184	1	1	1	1	1	79.0052	122.361	133.292	-142.274	174.614	318.414	78.8637	105.671	122.345	134.528	-7.11714	-142.274	174.236	239.619	318.414	6.84792	13	0	84.2348	13.5967	-8.85736	244.045	13.5967	-8.85736	244.045	
13209	73075	254.679	565.162	248.961	-47.7301	-47.321	-0.912415	1	1	1	1	1	262.835	150.807	133.158	-84.1125	123.62	78.4964	263.226	208.85	148.576	134.335	21.7463	-87.8739	123.957	100.549	77.8189	4.57127	10	0	92.8482	-47.2812	-19.7913	91.4705	-47.2812	-19.7913	91.4705	
13209	95823	322.594	647.274	321.959	-99999	14.821	-0.910491	1	1	1	1	1	247.375	344.131	133.455	-152.024	164.069	273.225	251.972	292.071	348.936	133.604	-11.8715	-152.418	164.015	220.803	273.327	8.09633	8	0	60.0821	14.8491	-36.9221	225.594	14.8491	-36.9221	225.594	
13209	73538	288.978	671.742	287.341	110.096	108.278	-0.844147	0	0	0	0	0	248.121	200.823	132.873	-90.7713	-703.464	-531.352	248.205	220.429	200.904	133.508	17.5592	-91.4125	-703.848	-622.302	-530.756	6.08813	15	0	113.849	79.5008	-34.3717	-239.026	79.5008	-34.3717	-239.026	
13209	77520	250.147	652.205	247.687	57.8315	54.005	-0.816338	1	1	1	1	1	193.895	348.577	133.187	-60.1728	484.661	489.441	193.643	271.551	349.773	133.551	35.7628	-61.7935	484.647	487.201	489.457	14.1014	9	0	90.7302	54.0352	10.1673	467.438	54.0352	10.1673	467.438	
13209	75341	212.044	524.461	211.432	-99999	90.789	-0.293963	1	1	1	1	1	172.63	102.384	133.413	77.6686	-737.692	-546.76	172.728	141.34	102.231	133.544	101.192	77.6123	-738.063	-642.186	-546.61	5.61087	14	0	74.682	90.8184	40.26	-601.746	90.8184	40.26	-601.746	
13209	72724	60.7516	213.389	59.566	-99999	113.39	-0.947929	0	0	0	0	0	64.1254	76.9992	-31.6668	-88.0471	-555.072	-545.943	63.9957	71.1163	77.1216	-31.6668	-60.6563	-88.8997	-555.072	-549.605	-545.471	4.68056	19	0	119.486	-999999	-999999	-999999	-999999	-999999	-999999	
13209	79958	111.559	281.657	111.557	-99999	87.703	-0.917239	1	1	1	0	0	292.704	331.524	133.869	30.026	789.169	801.544	320.168	339.798	358.987	133.869	82.0378	30.026	789.169	795.427	801.544	9.08808	7	0	50.6924	87.7189	39.3995	792.818	87.7189	39.3995	792.818	
13209	80198	58.6799	135.035	58.5075	-99999	93.642	-0.865223	1	1	1	1	1	220.892	225.103	132.792	83.3703	-241.681	-210.69	206.173	208.442	210.388	132.94	108.104	83.3703	-241.767	-226.334	-210.69	5.39044	11	0	46.796	93.678	-20.7495	-139.755	93.678	-20.7495	-139.755	
13209	81733	262.941	610.723	262.009	-39.3041	-39.861	-0.877907	1	1	1	1	1	219.583	106.377	131.886	-92.5835	-429.53	-358.859	219.946	164.816	106.377	132.699	19.341	-92.5835	-429.784	-392.62	-358.859	29.5441	9	0	113.646	-39.8254	-29.7689	-378.667	-39.8254	-29.7689	-378.667	
13209	83919	57.4372	154.677	55.8882	-99999	101.879	-0.978591	0	0	0	0	0	230.908	228.657	133.492	84.3051	-13.4345	11.7244	262.811	261.879	260.283	133.492	108.398	82.7982	-13.4345	0.0608555	11.8691	13.8149	7	0	104.764	66.4087	-90.1582	183.128	66.4087	-90.1582	183.128	
13209	88246	228.047	527.033	226.957	-99999	100.195	-0.977865	1	1	1	1	1	75.2809	87.4179	128.589	-91.9724	-764.813	-717.317	75.1518	83.9331	87.252	129.347	18.8283	-92.2674	-764.963	-739.616	-717.296	9.52163	6	0	80.378	100.226	-13.2181	-729.011	100.226	-13.2181	-729.011	
13209	13314	20.6101	80.6211	20.0968	-99999	10.618	-0.989611	0	0	0	0	0	94.2559	98.39	133.577	114.047	-519.804	-517.952	94.2437	95.8945	98.5234	133.578	123.448	113.563	-519.804	-519.014	-517.925	4.79736	8	0	79.2068	10.645	55.9494	-520.439	10.645	55.9494	-520.439	
13209	84550	104.057	252.918	101.335	-99999	82.747	-0.923444	1	1	1	0	0	110.18	105.595	131.843	37.1156	455.331	489.951	110.217	104.956	105.538	132.655	84.2686	35.4138	455.023	473.26	490.617	5.09432	13	0	85.2255	82.7761	31.4769	478.103	82.7761	31.4769	478.103	
13209	77824	104.575	266.238	104.57	-99999	-6.722	-0.634864	1	0	0	0	0	89.9623	145.193	133.688	64.3156	816.787	871.294	89.97	116.218	145.201	133.688	99.9856	64.3156	816.787	846.894	871.294	7.21755	14	0	73.5404	-6.6869	46.6977	809.677	-6.6869	46.6977	809.677	
13209	78573	146.65	389.099	146.256	-99999	78.095	-0.992312	1	1	1	0	0	322.106	325.166	134.463	-10.9903	-456.219	-469.403	346.521	349.256	349.621	134.841	61.946	-10.9903	-456.183	-463.277	-469.403	5.44054	6	0	106	78.1074	23.772	-465.763	78.1074	23.772	-465.763	
13209	83121	220.477	470.627	216.286	-99999	92.449	-0.945734	1	1	1	1	1	133.927	134.746	131.397	-79.5133	-368.456	-336.408	133.85	130.987	134.417	131.774	23.361	-83.0042	-368.582	-350.868	-335.897	6.9061	10	0	90.8043	92.4878	-14.4685	-341.867	92.4878	-14.4685	-341.867	
13209	79272	300.721	634.35	288.553	-29.3979	-29.244	-0.88066	1	1	1	1	1	274.98	140.593	110.281	-142.342	892.502	876.698	280.371	211.112	140.499	120.64	-11.7741	-142.751	893.639	877.709	876.756	7.69319	7	0	72.2349	-29.2064	-28.5958	804.979	-29.2064	-28.5958	804.979	
13209	78283	282.978	648.469	280.743	-99999	104.459	-0.995767	0	0	0	0	0	204.754	194.969	133.227	-137.493	341.72	367.741	204.662	198.228	194.82	133.87	-6.95379	-137.974	341.659	350.484	367.845	6.39596	12	0	86.8049	-24.6331	-7.40599	523.901	-24.6331	-7.40599	523.901	
13209	79843	267.591	576.978	267.214	-99999	56.228	-0.514163	1	1	1	1	1	112.819	79.2737	133.587	-48.7925	-777.413	-586.053	112.778	97.2871	79.1712	133.633	45.7376	-48.9718	-777.487	-678.274	-585.849	5.89723	13	0	76.0779	56.2462	-1.47287	-644.742	56.2462	-1.47287	-644.742	
13209	85800	300.786	684.11	300.455	60.4364	57.583	-0.872611	1	1	1	1	1	141.073	300.578	133.383	-115.196	151.51	198.542	141.063	216.876	300.758	133.401	6.20839	-115.433	151.506	176.488	198.542	7.92395	6	0	86.259	57.608	-27.8294	183.019	57.608	-27.8294	183.019	
13209	85051	270.145	1893.09	269.549	30.3966	29.299	-0.729269	1	1	1	1	1	266.332	148.737	133.334	-67.8251	-86.7975	43.127	266.424	194.974	148.68	133.462	35.739	-68.1791	-86.8729	-27.1358	43.3443	4.9769	15	0	77.3062	29.3333	5.12511	39.9073	29.3333	5.12511	39.9073	
13209	86502	249.905	570.547	247.405	-99999	-1.878	-0.922973	1	1	1	1	1	208.765	126.564	129.567	-96.8454	-180.536	-126.276	208.808	167.842	126.152	129.709	16.4591	-99.1373	-180.578	-147.551	-126.097	4.16729	16	0	75.7903	-1.85744	-19.4706	-140.343	-1.85744	-19.4706	-140.343	
13209	88501	262.148	590.081	259.361	27.8681	26.432	-0.989446	1	1	1	1	0	197.748	216.808	131.669	-121.606	889.3	853.64	197.824	200.248	217.312	132.979	3.04538	-122.658	889.482	880.5	853.411	5.44083	10	0	70.8815	26.4684	-21.137	796.904	26.4684	-21.137	796.904	
13209	90061	280.563	1471.67	278.772	-99999	87.842	-0.777039	1	1	1	1	1	176.444	224.527	132.097	-89.7839	-423.684	-262.026	162.389	185.713	210.724	133.487	22.2708	-89.7839	-424.781	-342.557	-262.026	8.61697	22	0	514.569	87.887	-27.3766	-292.797	87.887	-27.3766	-292.797	
13209	12846	304.243	661.359	303.827	-42.9333	-45.309	-0.632598	1	1	1	1	1	339.46	201.561	133.761	-51.8282	610.392	805.581	339.615	264.592	201.503	133.957	40.852	-51.9028	610.215	704.084	805.622	9.92922	10	0	72.075	-45.2711	-16.1212	689.716	-45.2711	-16.1212	689.716	
13209	75582	87.3985	226.789	85.5617	-621.875	75.623	-0.789696	0	0	0	0	0	222.518	205.01	131.42	80.0665	-580.465	-515.618	222.738	217.767	205.01	132.876	103.195	80.0665	-581.552	-550.014	-515.618	5.44915	11	0	84.9285	64.059	-63.9328	567.77	-32.941	-8.00489	-89.4903	
13209	77683	60.6703	202.637	58.4323	-99999	65.018	-0.72589	1	1	1	1	1	230.006	194.639	132.46	88.9923	-422.08	-437.979	250.366	231.704	214.149	132.46	110.351	86.9365	-422.08	-431.193	-437.893	5.92577	8	0	68.4385	65.0473	-46.65	-490.495	65.0473	-46.65	-490.495	
13209	56411	27.7106	80.1529	24.8102	-99999	62.166	-0.916638	0	0	0	0	0	112.324	111.376	131.713	108.647	542.96	551.568	112.307	111.727	111.142	132.737	120.271	106.888	542.532	548.538	551.824	4.17921	7	0	68.1711	86.318	12.1941	-772.616	86.318	12.1941	-772.616	
13209	86333	60.5478	177.291	59.4295	-99999	83.901	-0.717682	1	0	0	0	0	292.619	332.721	132.795	89.036	-170.526	-171.922	318.354	338.703	359.192	133.339	111.033	88.8085	-170.516	-171.1	-171.939	5.0217	11	0	59.5206	83.9275	76.2577	-175.41	83.9275	76.2577	-175.41	
13209	96625	283.129	635.687	281.333	103.977	102.308	-0.93144	0	0	0	0	0	197.362	314.289	132.629	-122.157	62.4064	48.9436	196.966	252.379	314.611	133.66	3.55743	-122.721	62.4921	59.7234	48.7474	4.01431	11	0	83.9974	-999999	-999999	-999999	-999999	-999999	-999999	
13209	55757	200.701	471.402	198.114	-99999	75.758	-0.761581	0	0	0	0	0	198.201	109.854	126.321	-33.4938	575.132	650.651	198.114	150.479	109.375	126.321	46.8816	-35.886	575.132	613.464	651.541	4.82102	15	0	76.4496	6.77924	67.4526	-383.947	-5.59076	45.5862	-347.675	
13209	72008	345.701	717.702	343.79	-99999	53.28	-0.910376	1	1	1	1	1	123.02	152.154	131.648	-162.17	-498.473	-339.573	122.752	142.466	152.093	133.223	-26.5232	-162.17	-499.158	-436.448	-339.573	4.10057	12	0	54.5206	53.3056	-25.1399	-429.227	53.3056	-25.1399	-429.227	
13209	72927	266.748	685.498	266.551	-99999	14.426	-0.944322	1	1	1	1	1	190.227	204.304	131.469	-119.624	28.3963	110.372	190.201	194.357	204.288	131.594	3.96476	-119.624	28.3512	65.8624	110.372	6.24924	10	0	75.8793	14.4618	-16.8885	70.1344	14.4618	-16.8885	70.1344	
13209	72149	233.966	573.367	232.945	-99999	96.6	-0.858424	1	1	1	1	1	290.624	200.459	133.202	-68.8386	-191.064	-124.234	321.073	278.891	230.593	133.773	34.4393	-69.1705	-191.341	-146.558	-124.197	9.44785	6	0	112.102	96.6297	9.74352	-154.511	96.6297	9.74352	-154.511	
13209	73949	445.356	5115.78	445.348	-99999	-15.876	-0.51393	1	1	1	1	1	205.208	84.155	132.078	-97.6262	19.3278	381.105	205.226	144.436	84.1732	132.078	16.5271	-97.6262	19.3278	199.695	381.105	129.577	15	0	3391.82	-15.8337	-67.2445	342.873	-15.8337	-67.2445	342.873	
13209	77633	173.767	838.594	173.542	-99999	93.077	-0.612577	1	1	1	1	1	65.3432	189.508	27.3782	-75.4397	525.964	590.126	65.078	127.302	189.401	27.5156	-23.9249	-75.4397	525.888	557.963	590.126	37.5283	15	0	431.016	93.1257	-17.0624	573.67	93.1257	-17.0624	573.67	
13209	98196	294.661	566.862	294.285	99.2247	96.452	-0.934745	1	1	1	1	1	204.963	239.048	132.353	-138.272	-278.743	-385.44	204.937	221.435	239.048	132.637	-0.0830376	-138.272	-278.642	-339.796	-385.44	8.45938	9	0	98.7314	96.487	-27.7476	-348.938	96.487	-27.7476	-348.938	
13209	7232	256.034	574.729	255.765	-22.4011	-24.085	-0.539624	1	1	1	1	1	282.462	184.559	133.238	-9.85708	-389.329	-204.004	282.589	221.799	184.559	133.379	64.1236	-9.85708	-389.511	-300.778	-204.004	4.9771	17	0	80.2144	-24.0412	3.73705	-288.8	-24.0412	3.73705	-288.8	
13209	54221	185.461	424.017	185.446	-99999	-31.046	-0.829631	1	1	1	1	1	129.866	184.818	132.377	-16.0799	263.548	358.062	129.9	152.368	184.853	132.387	55.8591	-16.0799	263.541	310.577	358.062	5.21902	14	0	69.9096	-31.0157	8.06179	317.368	-31.0157	8.06179	317.368	
13209	13136	209.433	485.03	199.283	-99999	-4.299	-0.654831	1	1	1	1	1	90.766	246.513	132.323	8.32753	7.50476	15.7173	90.6729	172.471	254.27	132.405	67.1813	2.1079	7.50115	11.6896	16.9535	6.56071	7	0	76.8825	-4.26505	-15.4033	17.0966	-4.26505	-15.4033	17.0966	
13209	78983	408.684	878.489	400.278	76.5372	74.638	-0.696407	1	1	1	1	1	227.134	173.355	131.933	-129.161	-559.769	-262.403	227.26	197.028	171.39	132.876	3.47775	-134.352	-560.741	-405.685	-258.114	6.51071	13	0	59.5119	74.6802	-19.6002	-389.099	74.6802	-19.6002	-389.099	
13209	80215	227.095	470.247	219.149	50.5277	48.739	-0.872631	1	1	1	1	1	175.976	230.239	125.352	-76.3009	-721.846	-786.413	173.308	204.751	230.367	131.914	27.1169	-76.8103	-719.744	-749.365	-786.508	7.52186	6	0	32.9809	48.7755	-14.7497	-737.777	48.7755	-14.7497	-737.777	
13209	79669	170.406	434.759	170.036	-99999	79.662	-0.970205	1	1	1	1	1	319.616	333.99	134.333	-32.6365	464.727	490.871	344.562	352.032	358.951	134.333	50.8618	-32.9952	464.727	480.021	490.819	4.80923	8	0	50.896	79.6736	-10.8892	487.343	79.6736	-10.8892	487.343	
13209	77641	198.533	2228.75	197.568	61.7306	59.714	-0.755515	1	1	1	1	1	262.223	162.571	132.718	-19.8407	-86.9212	-14.5234	262.725	207.94	162.571	133.448	61.8726	-19.8407	-87.2955	-45.8322	-14.5234	4.47013	8	0	73.2115	59.7434	3.84151	-31.2875	59.7434	3.84151	-31.2875	
13209	60572	234	120787	214.509	86.1352	84.013	-0.942424	1	1	1	1	1	266.552	194.631	133.006	-67.8724	845.401	824.245	266.595	227.325	190.678	133.141	23.6565	-86.1087	845.42	832.818	819.394	13.9617	17	0	46596.8	84.048	-32.1051	531.181	84.048	-32.1051	531.181	
13209	73247	275.597	659.873	274.948	-99999	101.501	-0.87164	0	0	0	0	0	305.808	185.917	133.707	-105.666	-675.556	-734.704	337.592	276.384	217.266	133.707	14.3889	-106.14	-675.556	-707.088	-734.736	7.92751	6	0	118.562	-999999	-999999	-999999	-999999	-999999	-999999	
13209	73607	177.941	411.156	175.8	-99999	29.829	-0.9203	1	1	1	1	1	129.083	139.065	132.7	-30.2274	-228.627	-164.423	129.099	132.713	138.966	133.506	50.6685	-31.4142	-228.948	-197.022	-163.996	5.07302	12	0	74.6714	29.8604	10.504	-186.172	29.8604	10.504	-186.172	
13209	74110	270.051	717.535	269.895	298.529	-36.798	-0.620973	0	0	0	0	0	71.3655	278.502	133.624	-30.9981	670.767	714.156	71.2734	174.611	278.502	133.701	48.3436	-30.9981	670.746	686.548	714.156	4.06535	6	0	71.1057	-14.7526	31.212	747.224	-14.7526	31.212	747.224	
13209	76379	126.863	336.983	126.705	-99999	5.123	-0.938141	1	1	0	0	0	97.766	71.766	134.09	17.9215	718.151	759.325	97.7963	85.2352	71.7571	134.221	74.684	17.9114	718.115	735.895	759.331	5.26903	10	0	83.2575	5.14351	29.5639	742.154	5.14351	29.5639	742.154	
13209	77979	102.819	273.337	102.303	-99999	-42.464	-0.522015	1	1	0	0	0	279.157	332.991	90.7961	46.7374	-894.391	-821.819	265.68	287.691	319.693	91.0629	65.7255	46.7374	-894.785	-855.905	-821.819	14.7608	11	0	146.371	-42.441	37.9541	-811.871	-42.441	37.9541	-811.871	
13209	73652	311.346	773.85	309.234	-99999	-42.687	-0.997208	1	1	1	1	1	160.1	159.015	133.525	-171.196	68.3074	40.5804	160.149	159.755	159.069	133.525	-18.8763	-172.62	68.3074	54.9039	40.7692	4.54818	12	0	60.0525	-42.663	-22.047	50.1353	-42.663	-22.047	50.1353	
13209	81745	101.721	248.722	98.7187	-99999	-42.295	-0.453357	1	1	1	1	1	86.2046	161.784	133.806	94.0684	402.463	451.978	85.6753	124.419	163.554	134.178	113.445	93.1925	402.056	427.648	453.036	4.38516	10	0	52.2262	-42.2553	1.11037	512.692	-42.2553	1.11037	512.692	
13209	81652	75.903	244.788	71.4047	-99999	64.598	-0.899068	1	1	0	0	0	312.305	337.423	133.332	68.6405	-650.841	-634.054	332.434	345.761	359.175	133.522	99.1604	64.8171	-650.874	-641.865	-632.946	10.3146	7	0	89.8427	64.6275	57.4075	-629.067	64.6275	57.4075	-629.067	
13209	81772	121.307	282.176	120.708	-151.167	-29.797	-0.984606	0	0	0	0	0	230.044	200.818	133.122	17.5543	420.909	428.731	230.044	221.283	200.506	133.122	73.6242	17.0499	420.909	427.61	428.718	4.44597	6	0	67.1423	-999999	-999999	-999999	-999999	-999999	-999999	
13209	84487	127.397	709.074	126.876	-99999	-12.516	-0.653681	1	1	1	1	1	204.443	111.183	132.778	51.3981	469.148	496.654	204.722	157.463	111.094	133.019	92.869	51.2898	469.065	483.588	496.677	12.2784	10	0	424.11	-12.4856	16.8203	507.208	-12.4856	16.8203	507.208	
13209	68425	101.891	280.714	101.372	-99999	115.801	-0.92638	0	0	0	0	0	191.711	205.225	133.643	44.9148	459.849	505.126	191.559	199.257	205.211	133.761	87.7881	44.6444	459.804	480.315	505.371	6.9572	18	0	80.3105	-999999	-999999	-999999	-999999	-999999	-999999	
13209	82112	217.833	440.176	217.705	-99999	77.993	-0.925526	1	1	1	1	1	257.547	334.691	133.502	-68.4785	89.0556	112.143	281.925	320.674	359.114	133.617	32.6271	-68.4785	89.0422	101.442	112.143	4.00347	8	0	42.7218	78.0119	-38.3112	108.921	78.0119	-38.3112	108.921	
13209	78221	364.445	854.128	363.256	-99999	13.726	-0.753159	1	1	1	1	1	114.599	168.766	133.738	-100.941	185.267	452.07	114.535	147.381	168.739	134.09	6.063	-100.968	184.966	310.198	452.115	6.61383	15	0	65.9132	13.7558	-6.6271	315.179	13.7558	-6.6271	315.179	
13209	80190	288.455	626.869	286.009	-99999	48.221	-0.999502	1	1	1	1	1	312.689	313.424	127.622	-154.505	525.743	527.387	327.732	332.867	328.428	128.483	-14.0953	-155.606	525.738	526.003	527.361	4.42734	10	0	70.9468	48.2466	-20.9905	529.801	48.2466	-20.9905	529.801	
13209	82163	68.7311	180.307	68.4907	-99999	-28.587	-0.818637	1	1	0	0	0	193.394	168.755	133.68	73.6584	77.7696	98.9994	193.427	179.316	168.734	133.68	104.187	73.4336	77.7696	88.1527	99.0598	4.03091	12	0	78.7401	-28.5486	27.5566	91.197	-28.5486	27.5566	91.197	
13209	81825	309.189	761.361	308.547	-99999	96.084	-0.88403	1	1	1	1	1	182.758	329.123	132.498	-133.972	-378.211	-430.8	212.569	285.618	359.211	133.066	-0.611743	-133.972	-378.102	-404.393	-430.8	7.03887	10	0	57.9297	96.1106	-75.8932	-417.203	65.7206	44.3095	-441.75	
13209	82624	373.964	814.236	371.83	22.6262	22.278	-0.764547	1	1	1	1	1	198.587	310.621	132.055	-141.182	343.027	119.986	198.39	244.186	310.907	132.914	-4.12568	-142.063	343.715	225.263	119.627	5.65404	10	0	70.9876	22.3162	-35.9704	196.429	22.3162	-35.9704	196.429	
13209	80114	150.692	271.264	123.212	-99999	69.197	-0.918413	1	1	0	0	0	148.398	145.722	-5.8801	112.159	893.576	858.811	145.289	146.85	148.421	133.826	61.8996	-9.69889	850.616	872.507	895.452	4.38141	289	0	271.264	69.2327	7.92486	808.815	69.2327	7.92486	808.815	
13209	5734	37.8442	116.095	36.5897	-99999	79.163	-0.823291	1	0	0	0	0	102.543	90.2184	132.745	100.089	5.65724	16.1171	102.453	96.5679	89.7271	132.745	116.079	98.9232	5.65724	12.3154	16.3312	6.56057	10	0	74.8442	79.1887	65.7662	13.5153	79.1887	65.7662	13.5153	
13209	81982	25.7019	91.9021	24.5596	-99999	-36.876	-0.825464	0	0	0	0	0	195.248	182.905	133.666	112.51	-851.609	-850.855	195.304	188.596	182.364	133.686	122.748	111.575	-851.608	-851.804	-850.828	5.78996	10	0	76.0316	-32.5721	-23.5372	-233.572	-32.5721	-23.5372	-233.572	
13209	66662	182.358	703.401	180.837	100.184	98.151	-0.743386	1	1	1	1	1	189.367	284.219	132.618	-6.08697	-197.785	-262.218	188.794	237.552	284.378	133.454	65.6398	-6.44935	-197.307	-233.736	-262.243	7.16016	8	0	87.03	98.1968	8.41524	-250.087	98.1968	8.41524	-250.087	
13209	83482	78.8339	193.249	78.5671	-99999	87.915	-0.370175	1	1	0	0	0	317.433	331.92	133.628	104.733	277.509	349.067	344.961	352.215	359.501	133.631	118.753	104.672	277.501	313.266	349.312	4.52549	10	0	49.323	87.9648	48.1873	382.434	87.9648	48.1873	382.434	
13209	78965	297.448	642.815	296.299	14.2023	13.672	-0.619478	1	1	1	1	1	345.138	190.775	133.548	-39.4754	-751.258	-569.094	345.587	274.966	190.775	134.26	50.6495	-39.4754	-752.02	-651.566	-569.094	5.98487	10	0	75.3649	13.7027	9.83716	-644.785	13.7027	9.83716	-644.785	
13209	4871	346.872	874.972	346.32	-99999	109.519	-0.463999	0	0	0	0	0	239.64	178.65	120.494	-35.379	-886.357	-584.774	273.955	250.379	212.868	120.647	48.6584	-35.4788	-886.654	-730.965	-584.605	5.86545	9	0	175.583	-999999	-999999	-999999	-999999	-999999	-999999	
13209	79530	81.8739	233.659	80.8806	-99999	64.604	-0.931372	0	0	0	0	0	144.192	121.524	133.848	67.2839	-83.177	-45.4479	144.213	133.641	121.149	134.099	97.7618	66.8897	-83.1714	-68.5496	-45.0167	5.35033	18	0	88.6989	-27.224	-42.0665	-530.73	-37.704	27.2525	122.19	
13209	79412	186.584	434.219	176.252	-99999	26.264	-0.997334	1	1	1	1	0	252.892	260.833	131.528	-43.444	819.425	829.636	261.117	265.883	269.623	131.528	38.5087	-53.634	819.425	821.647	830.808	33.4056	9	0	137.262	26.281	-5.14848	787.133	26.281	-5.14848	787.133	
13209	87591	161.258	337.113	158.693	-99999	19.828	-0.698512	1	1	1	1	0	239.795	346.457	134.307	22.5065	-769.46	-733.561	246.004	299.457	354.371	134.307	77.1466	20.6112	-769.46	-750.076	-733.308	4.79671	8	0	59.1419	19.865	0.269246	-163.677	19.865	0.269246	-163.677	
13209	86789	55.0497	150.051	54.5715	-99999	16.452	-0.895601	1	1	0	0	0	353.923	329.395	3.49287	-44.231	827	834.73	359.123	347.054	334.421	3.60676	-20.2509	-44.5551	826.97	833.259	834.726	5.70912	8	0	71.4958	16.4706	-18.1441	817.091	16.4706	-18.1441	817.091	
13209	86674	291.891	648.593	291.691	80.3833	79.424	-0.974638	1	1	1	1	1	257.19	198.872	132.959	-148.578	-425.474	-384.503	257.214	228.545	198.855	133.075	-6.91547	-148.642	-425.495	-396.142	-384.503	5.95624	6	0	87.9545	77.1333	-20.1533	-415.746	77.1333	-20.1533	-415.746	
13209	2073	23.0618	83.3514	21.7971	-99999	20.917	-0.926674	0	0	0	0	0	233.456	241.275	132.392	112.054	623.327	623.261	239.791	243.889	248.106	132.899	122.127	111.398	623.354	623.075	623.27	7.25509	7	0	78.3353	14.0109	-11.8361	-769.686	-9.38914	-42.0422	-507.942	
13209	87139	168.209	399.765	168.205	-99999	100.84	-0.606919	1	1	1	0	0	137.003	109.594	133.949	29.9443	155.482	283.19	136.888	122.222	109.478	133.949	78.5366	29.9443	155.482	216.85	283.19	4.32469	15	0	70.1649	100.874	28.7939	206.763	100.874	28.7939	206.763	
13209	89803	212.127	495.975	210.864	38.098	37.612	-0.963274	1	1	1	1	1	265.823	201.337	132.218	-66.4662	555.15	564.178	265.933	242.509	201.062	132.612	29.3341	-67.2376	555.151	554.215	564.386	5.22949	12	0	76.9292	37.6322	-15.5446	558.123	37.6322	-15.5446	558.123	
13209	84903	369.767	853.05	368.384	-40.9164	-40.91	-0.701305	1	1	1	1	1	149.307	300.138	133.655	-99.0504	410.182	648.62	149.038	227.912	300.36	134.236	15.9569	-99.2641	409.681	527.561	649.07	5.88446	9	0	78.4817	-40.8681	-14.6182	557.252	-40.8681	-14.6182	557.252	
13209	80033	23.3734	82.3103	23.3646	-99999	21.162	-0.835366	0	0	0	0	0	69.7563	71.9346	133.704	118.267	276.46	293.538	69.7321	70.588	71.9109	133.704	125.402	118.263	276.46	284.445	293.542	7.25326	15	0	75.3993	21.1976	51.9288	274.929	21.1976	51.9288	274.929	
13209	78778	43.6602	158.719	42.7465	-99999	10.802	-0.830636	0	0	0	0	0	198.103	202.431	134.9	98.2435	-171.887	-152.95	199.788	204.375	203.779	134.9	115.197	97.5997	-171.887	-164.151	-152.773	8.92839	14	0	94.0558	35.37	34.1472	318.014	35.37	34.1472	318.014	
13209	82138	306.093	680.17	305.501	-46.3071	-47.048	-0.913459	1	1	1	1	1	157.192	216.302	133.139	-139.737	-598.729	-721.203	157.152	190.659	216.342	133.429	-2.89284	-139.961	-598.621	-659.419	-721.322	4.35996	13	0	58.8453	-47.0212	-17.6137	-653.163	-47.0212	-17.6137	-653.163	
13209	80769	95.7009	220.464	95.7007	-99999	48.936	-0.455653	1	1	1	1	1	126.48	202.144	133.241	87.588	-504.61	-467.905	126.424	164.399	202.088	133.241	110.578	87.588	-504.61	-486.347	-467.905	6.7078	8	0	53.8801	48.9735	0.229019	-418.059	48.9735	0.229019	-418.059	
13209	71374	65.1996	157.291	60.223	-99999	-0.033	-0.9754	1	1	0	0	0	128.612	116.493	133.041	74.4041	-68.0979	-63.2839	128.677	121.826	115.929	133.414	101.689	70.226	-68.1464	-65.5424	-61.5105	10.0181	6	0	71.3087	-0.0123196	37.1538	-54.5525	-0.0123196	37.1538	-54.5525	
13209	71494	187.913	442.581	187.89	-99999	-8.57	-0.965177	1	1	1	0	0	124.031	104.574	133.935	-49.4859	452.589	477.175	124.041	107.735	104.584	133.935	43.4761	-49.4859	452.589	470.86	477.175	10.0151	9	0	89.0523	-8.56595	5.89373	473.162	-8.56595	5.89373	473.162	
13209	83682	106.041	257.809	105.969	-99999	5.419	-0.973728	1	1	1	0	0	238.715	251.348	132.968	28.2496	-468.668	-464.168	240.412	249.465	253.041	132.968	80.8033	28.1829	-468.668	-466.046	-464.167	4.63388	8	0	68.8491	5.44132	15.7384	-464.346	5.44132	15.7384	-464.346	
13209	103356	278.14	694.957	277.664	-99999	42.163	-0.825154	1	1	1	1	1	69.1728	155.478	57.001	-171.188	499.722	632.288	68.9935	112.116	155.444	57.3585	-57.1491	-171.223	499.516	565.606	632.31	4.55303	13	0	45.9501	42.1821	-15.8655	546.548	42.1821	-15.8655	546.548	
13209	81308	156.881	403.759	154.878	-99999	99.851	-0.524399	1	1	1	0	0	171.19	142.568	134.398	67.7902	-171.849	-35.2101	171.076	155.222	142.111	134.398	100.359	66.7707	-171.849	-103.056	-33.5228	5.72494	15	0	89.6293	99.8949	25.5215	-82.151	99.8949	25.5215	-82.151	
13209	86300	595.062	1367.49	594.567	102.631	101.393	-0.531346	0	0	0	0	0	173.604	236.732	133.462	-106.489	-27.9457	-566.391	173.588	205.001	236.759	133.66	0.752783	-106.528	-27.6322	-291.763	-566.472	5.38809	14	0	76.2891	-999999	-999999	-999999	-999999	-999999	-999999	
13209	87230	175.734	2928.6	175.651	-99999	16.337	-0.425156	1	1	1	1	1	180.497	77.9364	133.235	44.2816	-615.96	-504.932	180.532	128.853	77.9178	133.269	89.888	44.2816	-616.011	-559.769	-504.932	497.187	12	0	2500.31	16.3568	14.5303	-487.982	16.3568	14.5303	-487.982	
13209	79447	162.322	357.454	161.115	-99999	38.818	-0.693961	1	1	1	0	0	90.0169	94.6945	133.751	15.0204	329.769	436.861	90.0266	84.4834	94.8324	134.074	74.3642	14.5422	329.436	383.824	437.378	4.05477	16	0	65.527	38.8497	38.3311	402.397	38.8497	38.3311	402.397	
13209	86918	247.242	579.112	244.293	47.6764	46.249	-0.968114	1	1	1	1	1	219.746	162.596	131.747	-104.468	607.63	625.144	220.016	195.673	162.147	133.029	12.279	-106.016	607.413	614.952	625.172	4.58703	9	0	79.0291	46.2777	-23.37	617.342	46.2777	-23.37	617.342	
13209	87463	112.086	264.543	112.075	-99999	4.804	-0.882383	1	1	1	0	0	316.646	254.566	134.723	42.2281	-252.142	-259.242	318.15	287.502	256.07	134.723	88.0524	42.2281	-252.142	-254.504	-259.242	4.53302	12	0	77.0785	4.83359	31.1133	-248.92	4.83359	31.1133	-248.92	
13209	89328	87.4685	228.264	87.4662	-99999	85.885	-0.62003	1	0	0	0	0	123.896	81.0039	133.953	80.1547	441.024	494.649	123.798	102.089	80.9056	133.953	105.806	80.1547	441.024	466.462	494.649	6.90223	11	0	78.7644	85.927	42.5643	477.124	85.927	42.5643	477.124	
13209	86521	281.188	706.934	280.175	-99999	53.752	-0.523675	1	1	1	1	1	243.816	342.356	132.926	-19.842	-575.273	-362.094	260.388	309.69	359.314	133.28	56.4806	-20.0031	-575.795	-468.853	-361.836	4.71731	7	0	46.8647	53.7839	-9.46213	-414.445	53.7839	-9.46213	-414.445	
13209	87279	118.988	301.186	117.584	-99999	-4.721	-0.632112	1	1	1	0	0	224.614	175.011	131.751	56.1716	-396.755	-322.629	224.837	200.528	174.613	132.131	92.0766	55.5124	-397.171	-360.645	-322.496	4.04358	11	0	79.5926	-4.68191	19.2128	-339.699	-4.68191	19.2128	-339.699	
13209	84641	224.122	464.166	223.277	89.552	88.286	-0.707365	1	1	1	1	1	254.655	201.9	133.689	-5.82081	-145.295	19.676	254.718	229.575	201.903	133.955	60.2436	-6.07046	-145.54	-65.054	20.0726	4.9843	16	0	61.9457	88.3303	6.32709	-93.7678	88.3303	6.32709	-93.7678	
13209	2315	85.5536	304.072	81.5873	-99999	2.713	-0.50416	1	1	1	1	1	189.327	137.049	131.566	94.458	-297.905	-247.548	189.644	162.502	134.861	131.832	111.339	92.9417	-298.22	-272.282	-245.362	9.19799	12	0	139.785	2.74593	38.0239	-205.547	2.74593	38.0239	-205.547	
13209	91031	237.389	1120.36	234.536	-343.078	56.043	-0.731066	0	0	0	0	0	121.399	280.908	133.952	-13.5707	13.162	-58.309	121.347	210.558	281.544	134.008	59.4236	-15.3258	13.1636	-5.46438	-60.3145	8.96814	7	0	92.6888	99.5416	-32.4386	-456.335	99.5416	-32.4386	-456.335	
13209	87040	258.655	569.504	258.566	-99999	101.446	-0.957173	0	0	0	0	0	267.735	327.331	133.876	-117.535	-197.989	-194.678	299.472	332.541	359.098	133.955	8.95943	-117.535	-197.994	-196.567	-194.678	5.75994	9	0	44.6533	84.7626	-93.0895	-791.275	84.7626	-93.0895	-791.275	
13209	84496	59.6921	156.017	58.4129	-255.952	7.346	-0.619491	0	0	0	0	0	212.718	204.966	132.617	100.72	-691.689	-643.617	212.686	208.472	204.948	133.23	117.295	100.535	-692.475	-667.79	-643.412	4.28482	17	0	66.0642	7.38081	-77.8917	-823.815	7.38081	-77.8917	-823.815	
13209	86574	39.3839	115.52	38.7169	-99999	-38.697	-0.988181	0	0	0	0	0	197.07	196.678	132.847	94.3461	638.065	638.928	197.114	195.567	196.809	132.847	113.317	93.7415	638.065	639.159	638.837	4.1937	8	0	67.0428	-38.6645	19.5851	616.444	-38.6645	19.5851	616.444	
13209	90583	58.5188	178.733	58.362	-99999	71.96	-0.942143	0	0	0	0	0	77.4607	102.984	133.243	81.5419	-390.093	-385.8	77.3292	90.3671	102.902	133.386	107.276	81.5419	-390.096	-390.603	-385.8	7.20688	8	0	89.9912	71.9512	62.5701	-389.007	71.9512	62.5701	-389.007	
13209	90468	385.614	770.106	383.875	79.5323	77.975	-0.812186	1	1	1	1	1	258.338	186.06	132.126	-162.881	-459.561	-227.414	258.501	216.093	186.06	133.364	-14.9281	-162.881	-460.437	-345.006	-227.414	5.26803	14	0	65.9847	78.0173	-19.9705	-345.109	78.0173	-19.9705	-345.109	
13209	97689	206.385	494.503	205.161	104.131	104.152	-0.866491	0	0	0	0	0	220.905	112.587	132.59	-40.8519	-270.742	-259.984	221.168	169.608	112.284	133.06	43.7929	-41.4607	-270.759	-267.491	-259.975	9.21365	7	0	84.3297	89.9283	40.1202	-737.726	89.9283	40.1202	-737.726	
13209	93799	179.654	606.878	178.848	-99999	12.515	-0.822656	1	1	1	1	1	187.434	84.3459	128.833	-16.211	172.119	188.629	187.866	136.374	84.3316	129.486	56.3331	-16.211	172.065	180.165	188.629	23.0698	8	0	223.707	12.5352	-22.9436	186.828	12.5352	-22.9436	186.828	
13209	84493	272.314	630.956	271.816	96.742	97.864	-0.644641	1	1	1	1	1	274.09	117.331	133.204	-35.4786	35.9468	174.49	274.345	192.616	117.331	133.517	52.0506	-35.4786	35.6794	107.695	174.49	6.76827	8	0	87.3108	97.8915	-4.40105	132.334	97.8915	-4.40105	132.334	
13209	84349	314.174	765.953	314.171	-99999	87.172	-0.810285	1	1	1	1	1	191.44	332.004	134.085	-133.812	-7.62196	-92.1501	218.738	289.88	359.302	134.085	0.826472	-133.812	-7.62196	-50.6169	-92.1501	7.52073	10	0	51.6847	85.953	-17.3348	352.904	85.953	-17.3348	352.904	
13209	86149	233.579	546.126	231.389	-99999	98.436	-0.622158	1	1	1	1	1	172.932	225.632	132.969	-2.91486	796.568	616.863	157.24	183.338	210.318	133.899	65.1515	-3.33725	797.694	706.979	616.313	5.45133	7	0	50.5347	98.4886	-22.955	548.42	98.4886	-22.955	548.42	
13209	90001	371.96	889.258	364.496	19.2645	16.438	-0.502897	1	1	1	1	1	156.645	272.08	127.553	-161.479	285.822	97.6072	154.625	212.138	272.488	131.138	-14.664	-162.47	290.304	191.859	96.9814	6.06754	14	0	47.2173	11.2328	-55.8774	340.862	11.2328	-55.8774	340.862	
13209	93026	97.5886	261.361	97.0952	-99999	109.686	-0.954108	0	0	0	0	0	220.954	187.796	133.1	42.4917	185.606	183	255.421	237.018	222.135	133.524	88.5011	42.446	185.557	187.41	182.998	4.90558	9	0	89.767	-999999	-999999	-999999	-999999	-999999	-999999	
13209	93519	247.628	585.939	246.236	-99999	-25.048	-0.98873	1	1	1	1	1	111.282	163.966	132.958	-105.67	-665.866	-651.624	111.31	128.73	164.281	132.958	11.0994	-107.001	-665.866	-653.263	-651.402	5.02872	6	0	71.6812	-25.0261	-13.2174	-645.519	-25.0261	-13.2174	-645.519	
13209	95079	153.877	1643.23	153.777	-99999	26.531	-0.684794	1	1	1	1	1	72.8504	161.112	125.744	15.2984	359.284	419.646	72.7625	117.427	161.082	125.812	70.8783	15.2984	359.24	389.305	419.646	59.234	10	0	1209.06	26.572	-14.355	437.062	26.572	-14.355	437.062	
13209	92629	273.82	620.541	243.621	-99999	-1.897	-0.794249	1	1	1	1	0	62.4618	123.711	-84.2436	110.515	-855.519	-722.623	131.325	96.9892	62.2491	133.622	24.4566	-84.9479	-706.307	-781.385	-855.982	4.26614	104	0	620.541	-1.87099	-34.5107	-791.311	-1.87099	-34.5107	-791.311	
13209	93336	184.063	422.156	182.426	57.5748	56.255	-0.957309	1	1	1	1	1	171.66	237.403	132.915	-34.5109	-666.827	-687.755	171.44	197.486	237.927	133.672	45.9001	-35.1609	-666.79	-675.264	-687.876	7.5113	8	0	73.0259	56.2848	-5.68104	-668.175	56.2848	-5.68104	-668.175	
13209	92827	245.103	505.41	245.076	-99999	48.067	-0.661082	1	1	1	1	1	157.522	177.574	133.952	-18.8136	-95.3947	92.857	157.467	165.837	177.519	133.952	49.1667	-18.8136	-95.3947	-7.97635	92.857	4.69844	15	0	81.0514	48.0997	-15.2038	-211.185	-41.2003	66.2632	2.35891	
13209	91638	178.243	408.741	176.728	-99999	14.017	-0.888801	1	1	1	1	1	103.994	185.911	133.347	-22.6292	367.951	370.276	103.312	147.565	185.919	134.638	57.353	-22.68	367.968	369.512	370.273	4.13796	7	0	69.3632	14.0397	13.5752	370.292	14.0397	13.5752	370.292	
13209	100380	121.567	274.312	111.775	-99999	83.427	-0.866572	1	1	1	1	0	222.149	281.225	125.624	32.1341	-693.459	-682.392	244.16	272.227	308.198	133.039	79.3155	31.1462	-693.763	-689.451	-682.428	5.99592	6	0	71.5226	83.448	23.1541	-651.546	83.448	23.1541	-651.546	
13209	92582	340.385	749.681	339.647	-1.99251	-4.474	-0.892883	1	1	1	1	1	123.941	255.745	133.285	-171.817	553.478	612.142	123.649	190.312	255.745	133.938	-16.844	-171.817	553.315	595.343	612.142	8.90287	6	0	74.4693	-4.44763	-13.0405	594.41	-4.44763	-13.0405	594.41	
13209	94274	113.579	400.501	108.534	-99999	55.999	-0.74082	1	1	1	1	1	223.564	295.723	129.714	48.9027	-598.162	-603.546	238.074	276.089	313.531	133.09	91.0064	48.4807	-597.988	-600.878	-603.563	4.8448	6	0	105.226	56.0334	8.733	-607.909	56.0334	8.733	-607.909	
13209	93602	331.749	817.465	330.044	-99999	94.111	-0.999851	1	1	1	1	1	164.596	164.058	133.037	-160.112	-246.191	-249.877	164.489	164.743	163.949	133.265	-27.1412	-160.721	-246.187	-251.959	-249.547	6.06367	15	0	116.897	94.1375	-27.1582	-238.219	94.1375	-27.1582	-238.219	
13209	100489	72.225	154.104	70.2109	-99999	95.567	-0.578053	1	1	1	1	1	198.994	225.958	133.041	94.2886	-666.975	-615.014	183.413	196.946	211.002	134.119	114.009	94.2037	-668.382	-641.627	-614.902	5.63085	14	0	45.9661	95.6057	-25.753	-459.376	95.6057	-25.753	-459.376	
13209	106660	268.757	800.155	267.035	-99999	58.426	-0.891686	1	1	1	1	1	239.857	340.921	131.998	-110.269	-741.992	-693.082	257.523	308.269	359.29	133.349	11.4246	-110.45	-742.291	-717.529	-693.053	4.20152	7	0	61.0212	58.453	-36.1118	-711.048	58.453	-36.1118	-711.048	
13209	98441	313.556	747.012	312.727	98.7477	97.405	-0.823396	1	1	1	1	1	146.769	293.87	132.503	-139.928	755.168	780.772	146.509	230.869	293.907	132.854	1.74786	-140.31	755.185	770.397	780.817	4.46413	8	0	108.549	97.4367	-27.0281	755.811	97.4367	-27.0281	755.811	
13209	104752	364.087	837.519	362.624	-5.97339	-7.007	-0.905629	1	1	1	1	1	306.678	121.475	133.327	-166.597	752.265	829.354	307.209	221.697	121.475	134.636	-21.6998	-166.597	751.977	788.651	829.354	4.36063	13	0	88.4245	-6.99143	-19.8999	761.092	-6.99143	-19.8999	761.092	
13209	104992	154.285	391.074	153.763	-99999	-43.028	-0.714349	1	1	1	1	1	151.607	105.168	133.956	6.33314	663.56	733.785	151.657	122.343	105.038	133.956	72.6893	5.89693	663.56	699.797	734.003	9.56068	10	0	94.1853	-42.9903	15.844	712.644	-42.9903	15.844	712.644	
13209	105232	209.504	504.007	209.5	-99999	107.807	-0.82737	0	0	0	0	0	199.88	129.266	132.607	-45.9654	72.3527	147.866	199.757	167.482	129.143	132.607	47.4169	-45.9654	72.3527	123.908	147.866	4.49391	6	0	73.1801	27.7735	-9.86163	-544.139	27.7735	-9.86163	-544.139	
13209	103296	46.1647	611.585	44.4496	105.658	104.355	-0.601959	0	0	0	0	0	194.374	227.946	133.455	105.433	-675.208	-679.47	193.251	209.779	227.946	134.434	119.489	105.433	-674.861	-677.909	-679.47	6.09228	10	0	323.92	58.926	67.0373	-23.3948	58.926	67.0373	-23.3948	
13209	44344	136.125	329.32	135.038	-99999	30.818	-0.585416	1	1	1	1	1	204.605	126.699	129.625	51.4027	69.3852	147.115	205.192	165.948	126.664	130.26	90.6004	51.4027	68.761	107.739	147.115	10.7115	12	0	51.163	30.8501	-7.44081	190.463	30.8501	-7.44081	190.463	
13209	92429	141.39	411.385	141.068	91.7251	90.542	-0.901909	1	1	1	1	1	195.304	231.255	132.475	3.68391	-573.989	-617.622	195.221	215.491	231.255	132.763	69.7185	3.68391	-573.878	-598.524	-617.622	18.7248	10	0	136.953	90.637	-26.8279	104.435	-14.363	-31.7637	-594.484	
13209	90515	309.091	745.117	307.557	-99999	74.024	-0.728214	1	1	1	1	1	176.64	221.962	132.611	-94.2197	91.0682	293.737	164.808	187.429	210.341	133.678	19.8895	-94.2654	90.0757	192.166	293.776	4.06022	14	0	52.1226	74.0523	-25.8776	238.026	74.0523	-25.8776	238.026	
13209	94942	89.9796	195.329	89.8671	-99999	71.002	-0.810443	1	1	1	1	1	138.761	88.3826	133.052	59.7573	-217.179	-204.36	138.744	113.452	88.3014	133.142	96.5437	59.7573	-217.196	-210.506	-204.36	4.16222	9	0	45.2915	71.6454	-54.4375	680.445	-19.3046	-29.288	-402.597	
13209	93757	306.452	18841.7	306.204	-99999	81.033	-0.972972	1	1	1	1	1	170.695	113.871	133.242	-164.34	-557.383	-554.298	170.603	143.861	113.778	133.242	-17.5509	-164.34	-557.383	-561.869	-554.298	9.16808	9	0	100.853	81.0628	-58.3826	-564.382	81.0628	-58.3826	-564.382	
13209	92690	169.413	388.219	169.076	-99999	3.825	-0.729602	0	0	0	0	0	112.007	144.574	134.399	32.4838	100.906	230.301	111.956	129.344	144.569	134.647	78.2433	32.4838	100.685	161.376	230.301	4.18424	15	0	92.1806	-999999	-999999	-999999	-999999	-999999	-999999	
13209	100338	338.373	660.186	338.154	-99999	-6.996	-0.920071	1	1	1	1	1	232.535	318.387	133.045	-170.943	-2.89575	-104.227	230.344	279.026	316.181	133.045	-22.6517	-170.979	-2.89575	-47.5831	-104.279	4.04791	26	0	46.3207	-6.97236	-33.5706	-68.3163	-6.97236	-33.5706	-68.3163	
13209	98623	97.1868	213.59	97.1006	-99999	97.52	-0.862839	1	1	1	0	0	294.025	328.787	133.816	49.8347	617.183	583.144	324.528	342.749	359.325	133.89	91.9305	49.8347	617.209	600.836	583.144	5.38625	12	0	44.0278	97.5398	0.703425	578.157	97.5398	0.703425	578.157	
13209	101628	53.1789	146.165	51.7175	-99999	-1.934	-0.934115	0	0	0	0	0	239.056	237.774	132.836	85.7304	-423.34	-436.197	238.459	237.104	237.147	132.948	108.946	85.1939	-423.302	-430.478	-436.261	4.58266	11	0	66.0153	-1.90505	27.6123	-436.4	-1.90505	27.6123	-436.4	
13209	100233	374.506	880.6	372.458	-22.5706	-23.892	-0.853455	1	1	1	1	1	313.436	204.318	133.88	-157.112	449.738	652.91	313.436	262.826	204.026	133.88	-14.4921	-158.309	449.738	551.394	654.466	5.80761	22	0	96.5965	-23.8672	-4.02344	161.596	-23.8672	-4.02344	161.596	
13209	51939	180.735	406.477	180.082	-14.7465	-16.027	-0.976689	1	1	1	1	1	194.335	222.3	132.579	-40.7417	615.202	580.722	194.305	204.986	222.363	132.93	44.6869	-40.9973	615.271	599.822	580.611	4.69937	12	0	72.8612	-10.1449	4.08868	22.6508	12.8051	-89.6154	824.578	
13209	98716	65.9804	188.794	65.8999	-99999	-10.861	-0.979608	1	1	0	0	0	63.6773	78.3542	83.8876	22.095	356.783	371.021	63.6897	69.2674	78.3686	83.8876	51.6396	22.0513	356.783	360.229	371.055	7.41793	16	0	87.2255	-10.8402	49.4638	357.991	-10.8402	49.4638	357.991	
13209	101098	197.425	403.577	191.475	-408.678	98.673	-0.737751	0	0	0	0	0	172.271	308.493	131.394	2.99353	-740.019	-777.862	169.934	239.303	309.884	134.025	65.8018	1.10026	-739.372	-755.505	-778.127	9.30942	9	0	72.9784	-23.5411	14.8099	-116.881	-23.5411	14.8099	-116.881	
13209	95369	190.446	576.611	189.209	-99999	-15.146	-0.640018	1	1	1	1	1	244.664	309.529	131.415	21.2632	-687.634	-553.016	239.582	277.109	304.786	132.065	73.9527	21.2632	-688.336	-623.146	-553.016	16.2632	10	0	220.41	-15.1053	20.6651	-588.63	-15.1053	20.6651	-588.63	
13209	101032	292.854	2746.55	292.722	114.233	111.2	-0.666902	0	0	0	0	0	102.093	289.16	133.528	-56.7138	-184.993	-305.241	102.09	195.752	289.219	133.532	38.4886	-56.7843	-184.991	-245.242	-305.278	72.4587	9	0	849.821	-9.70446	42.208	118.974	-9.70446	42.208	118.974	
13209	18538	261.688	605.491	260.279	-99999	26.9	-0.974853	1	1	1	1	1	205.735	187.091	131.438	-121.855	-351.11	-304.707	209.966	192.815	191.132	131.796	4.95193	-122.822	-351.183	-324.218	-304.539	7.30875	10	0	95.3015	26.939	-20.5602	-324.33	26.939	-20.5602	-324.33	
13209	20458	83.1989	333.004	82.8544	-99999	26.09	-0.429944	1	1	1	1	0	235.349	307.55	-120.373	-82.4111	-894.092	-880.696	316.02	279.734	243.518	-82.2682	-101.57	-120.373	-880.645	-887.032	-894.092	7.19771	185	0	333.004	26.0925	-66.0017	-841.457	26.0925	-66.0017	-841.457	
13209	96205	117.868	306.853	115.407	-99999	111.495	-0.96174	0	0	0	0	0	231.302	248.279	131.265	22.1077	213.214	182.815	266	275.06	283.193	133.446	77.2482	21.9693	213.795	198.818	182.786	21.6816	9	0	105.886	4.99751	-56.2329	-124.687	4.99751	-56.2329	-124.687	
13209	104443	349.652	1052.11	349.637	-99999	81.009	-0.839844	1	1	1	1	1	87.1766	169.031	128.341	-165.778	260.321	430.674	87.0816	128.113	168.939	128.349	-18.7344	-165.778	260.316	345.43	430.674	5.91043	13	0	76.1479	81.03	-21.3698	349.618	81.03	-21.3698	349.618	
13209	7471	181.123	395.023	181.12	-99999	98.076	-0.758406	1	1	1	1	1	110.008	76.0693	132.912	4.68616	-66.1356	55.3949	109.896	88.856	75.9571	132.912	65.2089	4.68616	-66.1356	-9.82702	55.3949	6.3371	14	0	77.783	98.1087	31.3547	14.6781	98.1087	31.3547	14.6781	
13209	21789	246.458	517.217	244.731	-99999	26.826	-0.983291	1	1	1	1	1	136.38	126.654	133.218	-105.128	335.535	383.175	136.361	127.477	126.387	133.335	12.4812	-106.664	335.515	356.76	383.299	4.20766	12	0	81.1729	26.8555	-20.3265	362.273	26.8555	-20.3265	362.273	
13209	22029	98.6407	340.811	97.972	-99999	-18.834	-0.73455	1	1	1	1	1	64.8725	115.789	-0.105541	-70.9199	-581.82	-537.236	64.894	90.5591	116.161	-0.105541	-35.7001	-71.43	-581.82	-559.314	-536.985	6.61806	17	0	154.613	-18.8103	-40.6478	-539.616	-18.8103	-40.6478	-539.616	
13209	104955	210.899	476.889	210.137	-99999	56.835	-0.961399	1	1	1	1	1	203.126	247.361	128.434	-73.8164	-88.9944	-58.7294	220.918	246.523	265.114	128.511	26.8906	-74.452	-89.0057	-77.9146	-58.661	4.77136	7	0	56.4385	56.8688	-13.316	-70.1158	56.8688	-13.316	-70.1158	
13209	102796	323.992	742.517	323.633	82.868	80.893	-0.711352	1	1	1	1	1	162.603	325.252	133.235	-76.7364	-286.316	-103.899	162.603	245.669	325.378	133.235	25.4076	-76.9057	-286.316	-198.724	-103.617	6.8907	7	0	71.0237	80.9348	-27.4755	-172.958	80.9348	-27.4755	-172.958	
13209	106860	141.789	288.448	140.89	-99999	71.172	-0.966821	1	1	1	1	1	303.514	333.763	133.003	-3.9577	-47.2131	-35.9061	325.801	339.519	356.301	133.003	63.8947	-4.81573	-47.2131	-39.5783	-35.8502	4.17261	6	0	65.2228	71.1991	-24.8792	-361.505	-20.8309	-21.7543	-281.672	
13209	101525	219.091	458.271	206.397	-99999	5.974	-0.923691	1	1	1	0	0	70.4679	132.817	133.558	-54.1122	715.516	771.387	70.1239	106.734	135.93	134.61	36.0487	-64.9117	715.251	745.442	769.146	4.15272	15	0	69.5918	6.00435	1.47564	749.915	6.00435	1.47564	749.915	
13209	102204	357.2	780.529	357.192	20.4734	18.757	-0.819735	1	1	1	1	1	303.126	95.2417	134.514	-135.599	-31.1783	73.0297	303.126	202.028	95.2417	134.514	-4.88399	-135.599	-31.1783	15.613	73.0297	5.12598	6	0	71.5746	16.9971	-31.342	-356.506	89.7071	-15.7769	-325.587	
13209	102578	191.092	572.541	189.792	-55.1049	-42.006	-0.687352	1	1	1	1	1	85.5779	224.952	133.81	7.92903	217.277	239.293	84.9081	156.641	225.152	134.459	72.7498	7.63628	217.152	230.291	239.265	6.56917	10	0	84.8181	-41.9695	-28.9022	438.472	-31.4795	50.2897	353.803	
13209	103973	228.619	508.157	227.405	85.2429	87.015	-0.877251	1	1	1	1	1	320.161	201.754	132.91	-60.1384	-424.459	-407.699	320.427	263.861	201.403	133.414	34.7502	-60.6655	-424.52	-413.315	-407.643	4.99657	8	0	69.092	87.0388	8.10082	-415.45	87.0388	8.10082	-415.45	
13209	107813	265.98	575.947	265.891	-33.4452	-35.312	-0.745083	1	1	1	1	1	306.481	158.984	133.259	-70.7851	-532.96	-602.945	306.495	233.831	158.949	133.279	35.5589	-70.8254	-532.949	-585.875	-602.925	4.75864	11	0	71.4036	-35.273	-3.91579	-580.942	-35.273	-3.91579	-580.942	
13209	99063	101.452	253.681	101.397	-99999	35.982	-0.607428	0	0	0	0	0	324.331	278.016	133.611	80.4307	-788.847	-860.823	335.599	311.937	289.251	133.611	105.015	80.3958	-788.847	-823.328	-860.846	4.69342	13	0	68.4469	36.0101	55.2749	-802.11	36.0101	55.2749	-802.11	
13209	105882	128.684	306.873	128.676	-99999	59.401	-0.911591	1	1	1	1	1	197.735	153.59	133.679	28.1327	321.575	377.557	197.667	181.176	153.522	133.679	77.9976	28.1327	321.575	348.764	377.557	4.79852	13	0	76.9895	59.4395	10.2532	366.507	59.4395	10.2532	366.507	
13209	104815	305.445	787.959	305.099	-99999	81.779	-0.957633	1	1	1	1	1	264.56	333.551	133.58	-163.551	-509.173	-504.424	290.064	323.816	359.159	133.906	-15.0115	-163.551	-509.182	-507.016	-504.424	4.16118	10	0	55.37	81.8029	-36.2256	-515.102	81.8029	-36.2256	-515.102	
13209	109420	176.508	439.159	175.477	-99999	81.467	-0.357125	1	1	1	0	0	297.306	333.634	133.489	75.4508	689.784	851.332	322.541	340.624	359.144	133.865	104.108	75.4508	688.866	769.95	851.332	4.58971	10	0	55.7711	81.5169	58.1823	811.262	81.5169	58.1823	811.262	
13209	110020	141.348	590.933	140.637	-99999	40.144	-0.935566	1	1	1	1	1	251.747	203.227	129.832	-2.02772	-184.603	-182.286	258.22	233.608	209.486	130.314	64.1911	-2.21036	-184.679	-182.592	-182.269	11.6994	6	0	73.0454	40.1807	3.03256	-190.631	40.1807	3.03256	-190.631	
13209	113151	254.464	576.272	254.212	-99999	5.974	-0.575245	1	1	1	1	1	352.566	170.699	-9.45734	-130.174	202.484	329.301	352.566	265.308	170.525	-9.45734	-80.0105	-130.248	202.484	262.181	329.455	4.27056	11	0	61.1376	5.97292	-37.4045	236.098	5.97292	-37.4045	236.098	
13209	102454	303.901	675.346	300.85	19.7937	19.308	-0.862896	1	1	1	1	1	247.935	115.87	130.93	-134.532	-129.999	-86.3431	249.244	175.053	115.662	133.196	2.07267	-134.872	-130.185	-111.029	-86.215	11.3853	12	0	90.7959	19.3434	-27.1933	-99.4771	19.3434	-27.1933	-99.4771	
13209	104670	332.33	968.474	332.325	71.5723	69.771	-0.913662	1	1	1	1	1	302.998	166.625	132.862	-168.333	-147.619	-114.341	302.998	234.724	166.625	132.862	-17.6275	-168.333	-147.619	-130.395	-114.341	8.63386	8	0	98.9625	69.8133	-16.1632	-134.147	69.8133	-16.1632	-134.147	
13209	107361	118.288	282.954	116.869	-99999	46.379	-0.487666	1	1	1	1	0	320.439	344.823	133.846	74.4648	302.279	399.883	334.673	346.87	359.435	134.332	104.391	74.305	301.439	350.928	400.243	4.90479	10	0	71.5453	46.4192	10.5199	398.671	46.4192	10.5199	398.671	
13209	107947	125.322	299.164	123.733	68.7905	67.073	-0.927619	1	1	1	1	1	206.37	241.068	131.63	17.3305	-410.614	-442.02	206.188	223.266	241.315	132.387	74.7094	16.6243	-410.372	-427.658	-442.202	5.63606	11	0	73.0893	67.1051	11.1933	-434.426	67.1051	11.1933	-434.426	
13209	104480	199.652	459.759	199.537	-30.721	-31.491	-0.98897	1	1	1	1	1	229.28	201.533	133.001	-59.8322	818.473	803.006	229.288	223.293	201.532	133.076	35.3661	-59.833	818.481	801.315	803.006	8.53157	10	0	78.2472	-31.4611	-7.12515	765.255	-31.4611	-7.12515	765.255	
13209	109720	150.179	357.262	149.12	-99999	81.72	-0.757699	1	1	1	1	0	153.433	113.717	132.763	8.37174	-368.044	-298.388	153.541	130.09	113.457	133.159	73.6752	7.87725	-368.334	-329.07	-298.34	5.86985	9	0	67.2032	81.7551	23.5544	-364.465	81.7551	23.5544	-364.465	
13209	68533	332.351	805.677	332.35	-99999	88.834	-0.626099	1	1	1	1	1	187.268	331.154	133.006	-98.0542	508.941	318.404	215.086	287.698	358.972	133.006	19.1719	-98.0542	508.941	412.117	318.404	8.09064	14	0	67.9397	88.8643	-42.7922	365.207	88.8643	-42.7922	365.207	
13209	116241	351.609	795.462	351.03	67.9458	66.627	-0.71772	1	1	1	1	1	325.358	104.108	133.623	-128.312	-52.7261	-118.903	325.734	206.883	104.108	134.034	9.47201	-128.312	-52.6018	-87.8458	-118.903	6.41163	7	0	101.511	66.6412	-17.2453	-87.6646	66.6412	-17.2453	-87.6646	
13209	115619	288.077	624.466	286.908	-99999	85.808	-0.963256	1	1	1	1	1	68.9401	134.041	133.133	-145.045	533.491	534.519	68.5349	109.644	133.943	134.256	-3.72378	-145.045	533.465	536.498	534.519	5.48228	9	0	73.4158	93.8256	-40.4591	-367.528	93.8256	-40.4591	-367.528	
13209	26351	278.792	626.429	278.107	-99999	-20.391	-0.861221	1	1	1	1	1	82.3376	156.504	133.698	-104.766	643.01	761.106	82.3609	110.644	156.746	133.698	13.8164	-105.243	643.01	708.03	761.534	6.1952	14	0	80.0576	-20.3627	-8.62828	710.442	-20.3627	-8.62828	710.442	
13209	106946	65.3459	205.931	65.3432	-99999	-20.664	-0.686729	1	1	1	1	1	65.4764	112.67	-79.9316	-122.388	-70.3586	-55.8298	65.5	88.6038	112.694	-79.9316	-102.135	-122.388	-70.3586	-63.9844	-55.8298	5.98291	11	0	69.3073	-20.6299	-106.24	-35.2375	-20.6299	-106.24	-35.2375	
13209	109229	84.5008	195.992	84.4964	-99999	11.792	-0.857781	1	1	0	0	0	206.806	163.699	132.796	66.8267	-74.5926	-45.9981	206.793	185.966	163.686	132.796	99.9526	66.8267	-74.5926	-58.3414	-45.9981	6.9864	7	0	63.1997	13.6439	-12.1272	177.003	13.6439	-12.1272	177.003	
13209	69501	400.571	933.572	399.589	98.2044	96.631	-0.661886	1	1	1	1	1	176.07	293.834	132.925	-98.8391	447.455	148.008	175.898	230.409	293.834	133.579	7.69515	-98.8391	448.16	302.496	148.008	5.15912	12	0	121.076	96.6682	-30.1705	255.554	96.6682	-30.1705	255.554	
13209	112510	336.143	678.359	335.988	-54.026	5.689	-0.846648	0	0	0	0	0	326.492	114.678	133.3	-118.754	476.106	538.114	326.566	221.763	114.678	133.426	4.23836	-118.754	476.083	498.505	538.114	4.24901	8	0	67.1415	-999999	-999999	-999999	-999999	-999999	-999999	
13209	112990	238.776	588.353	238.774	-99999	112.354	-0.815942	0	0	0	0	0	192.909	323.881	133.004	-66.2603	-703.334	-691.201	228.092	293.607	359.064	133.004	33.4269	-66.2603	-703.334	-696.691	-691.201	5.22418	7	0	48.1756	52.4969	-46.3202	749.251	4.67686	6.15998	-207.725	
13209	108981	104.592	259.125	104.589	-99999	5.736	-0.789572	1	1	1	1	0	357.314	288.521	96.2774	18.2427	689.089	681.575	359.11	326.285	290.317	96.2774	55.6261	18.2427	689.089	687.188	681.575	5.55843	7	0	67.4188	5.74358	-1.65669	678.783	5.74358	-1.65669	678.783	
13209	109256	329.633	769.483	329.202	48.1229	45.695	-0.755685	1	1	1	1	1	101.541	305.51	133.056	-102.063	-258.394	-357.435	101.342	207.173	305.555	133.306	15.6855	-102.126	-258.307	-304.204	-357.467	6.37512	11	0	82.5677	45.7379	-21.1736	-317.476	45.7379	-21.1736	-317.476	
13209	112016	346.325	752.086	343.976	-99999	14.401	-0.760773	1	1	1	1	1	354.103	221.181	116.522	-123.092	-468.14	-262.743	359.3	290.364	225.366	117.773	-10.7321	-123.442	-468.954	-375.835	-262.231	6.23161	7	0	72.174	14.4218	-1.4408	-380.6	14.4218	-1.4408	-380.6	
13209	105421	25.7067	80.7719	25.1536	-99999	98.112	-0.89238	1	1	1	1	1	184.77	179.681	132.826	111.66	157.565	145.25	215.493	212.957	210.303	132.826	121.401	111.247	157.565	152.26	144.904	8.09692	17	0	68.6337	98.1416	-28.1579	62.3652	98.1416	-28.1579	62.3652	
13209	109131	118.055	260.138	117.967	-99999	116.026	-0.969404	0	0	0	0	0	302.064	322.704	133.566	18.7082	-484.656	-467.657	338.378	348.306	359.037	133.65	75.9797	18.7082	-484.667	-477.001	-467.657	6.44032	7	0	51.4042	-999999	-999999	-999999	-999999	-999999	-999999	
13209	112997	51.086	159.43	50.3537	-99999	23.27	-0.979146	0	0	0	0	0	162.607	171.757	133.203	84.3027	-285.974	-279.565	162.581	166.814	171.971	133.203	108.54	83.6379	-285.974	-281.036	-279.698	5.46836	8	0	83.1686	23.3096	32.7723	-264.063	23.3096	32.7723	-264.063	
13209	46591	422.419	876.678	422.386	-99999	-19.256	-0.540112	0	0	0	0	0	115.896	169.808	133.501	-94.6996	330.896	680.601	115.918	134.196	169.84	133.501	19.7149	-94.7156	330.896	507.403	680.616	6.36219	13	0	80.1825	93.582	-1.15653	524.488	93.582	-1.15653	524.488	
13209	114749	247.526	633.892	246.408	92.9632	92.289	-0.829364	1	1	1	1	1	282.452	170.097	132.664	-66.2503	732.541	821.756	282.721	233.926	169.876	133.258	28.6587	-66.5167	732.251	776.57	821.956	5.52159	12	0	69.8928	92.3243	-8.37413	757.548	92.3243	-8.37413	757.548	
13209	34020	105.233	232.224	105.212	-99999	-47.908	-0.999877	1	1	1	1	1	205.311	201.505	130.339	27.6488	71.7579	88.5057	205.365	207.806	201.559	130.339	78.6559	27.6488	71.7579	79.965	88.5057	5.60855	8	0	66.2512	-47.879	11.6888	85.721	-47.879	11.6888	85.721	
13209	115128	311.477	1002.2	308.732	-99999	6.545	-0.99968	1	1	1	1	1	113.236	114.105	132.692	-171.331	487.245	499.584	113.199	115.063	114.1	133.964	-21.2914	-172.65	487.228	493.436	499.768	6.43177	8	0	59.4922	6.57931	-8.17194	491.669	6.57931	-8.17194	491.669	
13209	42294	172.869	409.7	163.924	-99999	81.237	-0.590115	0	0	0	0	0	196.49	301.63	128.112	49.0755	-684.111	-589.539	216.033	272.575	327.068	133.476	83.2224	49.0755	-688.159	-646.439	-589.539	4.13233	9	0	81.6119	80.8214	-67.794	778.729	80.8214	-67.794	778.729	
13209	112529	309.35	703.704	308.969	-99999	88.226	-0.899697	1	1	1	1	1	204.86	331.458	132.542	-148.138	-509.68	-484.151	232.451	295.698	359.203	132.614	-7.95331	-148.411	-509.687	-496.872	-484.126	5.02762	8	0	48.3726	88.2643	-36.0789	-499.613	88.2643	-36.0789	-499.613	
13209	109999	247.096	569.982	246.13	-99999	97.12	-0.925599	1	1	1	1	1	270.849	187.296	133.416	-97.3241	-722.701	-729.565	301.612	256.345	217.703	134.282	19.5509	-97.3471	-722.752	-721.722	-729.571	6.04952	8	0	86.1855	97.1544	-9.96064	-716.783	97.1544	-9.96064	-716.783	
13209	34560	227.673	550.459	227.669	-99999	110.47	-0.887774	0	0	0	0	0	264.107	183.98	133.434	-68.6617	-175.597	-109.518	298.7	253.989	218.573	133.434	33.6367	-68.6617	-175.597	-144.161	-109.518	14.927	6	0	118.745	-999999	-999999	-999999	-999999	-999999	-999999	
13209	114976	206.038	511.991	205.083	-99999	82.329	-0.9152	1	1	1	1	1	207.976	270.983	133.372	-60.964	-64.4582	-53.3427	233.73	267.994	296.962	133.433	36.441	-61.819	-64.4628	-59.6539	-53.2295	4.80242	6	0	73.6061	82.3581	-11.276	-62.8401	82.3581	-11.276	-62.8401	
13209	98579	155.351	421.202	140.705	-99999	38.633	-0.744692	1	1	1	1	1	133.032	200.354	132.829	29.6395	-805.213	-737.802	132.565	167.452	198.86	133.678	76.11	18.3345	-805.844	-767.249	-730.967	6.93592	8	0	145.427	39.6633	-15.4423	142.479	39.6633	-15.4423	142.479	
13209	99419	215.21	502.774	214.542	-99999	91.844	-0.95686	1	1	1	1	1	264.4	195.428	133.148	-68.8071	28.566	50.3918	278.882	244.913	209.698	133.326	31.8121	-69.2564	28.547	39.3426	50.4376	4.39023	6	0	46.2816	91.8597	-15.8467	38.2922	91.8597	-15.8467	38.2922	
13209	115661	131.953	293.813	116.908	-99999	17.642	-0.753042	1	1	0	0	0	275.734	343.853	132.689	42.8406	-864.854	-834.184	279.605	318.531	354.879	134.685	84.3572	31.7613	-865.44	-848.016	-833.905	8.48425	6	0	68.4406	17.6246	17.256	-824.589	17.6246	17.256	-824.589	
13209	46602	298.851	648.769	291.073	-42.1105	-42.757	-0.771556	1	1	1	1	1	256.997	157.915	127.876	-102.189	-271.454	-125.47	260.023	202.735	157.78	133.397	21.5126	-102.583	-275.162	-194.642	-125.28	5.94057	13	0	69.8037	-42.7191	-11.0506	-185.366	-42.7191	-11.0506	-185.366	
13209	113360	97.1565	231.38	95.326	70.1768	67.363	-0.887658	1	1	1	1	1	224.063	195.588	132.134	51.1742	-616.667	-579.3	224.391	205.037	195.401	132.877	90.6192	50.2871	-616.871	-603.849	-578.913	5.91193	12	0	66.9922	67.3929	20.1383	-587.306	67.3929	20.1383	-587.306	
13209	109550	83.2178	328.172	82.2947	-99999	89.131	-0.538845	1	1	1	1	1	229.917	271.63	132.842	83.3451	543.786	493.431	257.574	279.156	299.704	133.078	110.177	82.9932	544.06	516.846	493.151	5.25098	11	0	88.707	89.1655	-11.9729	451.526	89.1655	-11.9729	451.526	
13209	113870	215.136	511.004	213.113	96.9171	96.224	-0.634314	1	1	1	1	1	299.649	191.482	133.329	14.2871	171.296	309.961	300.233	245.471	191.192	134.208	70.4923	14.0956	170.41	237.502	310.5	4.88155	15	0	87.4602	96.2446	16.719	243.137	96.2446	16.719	243.137	
13209	112814	143.751	311.453	137.058	-1040.09	38.636	-0.929088	0	0	0	0	0	215.049	185.573	132.594	1.99875	-823.903	-844.045	215.076	195.811	184.907	132.733	66.1774	-4.39818	-823.858	-842.575	-845.188	4.52023	14	0	76.3392	-999999	-999999	-999999	-999999	-999999	-999999	
13209	7787	103.557	289.309	103.506	-99999	61.674	-0.7536	1	1	1	0	0	134.18	190.264	133.238	59.5522	-699.239	-654.683	134.081	164.165	190.193	133.275	96.1042	59.5522	-699.253	-679.977	-654.683	4.18385	9	0	110.801	61.7144	26.9257	-663.406	61.7144	26.9257	-663.406	
13209	116349	145.388	357.428	144.853	-99999	76.205	-0.832851	1	1	1	1	1	117.862	142.521	133.576	20.3073	-681.523	-595.458	117.762	125.665	142.433	134.022	75.8702	20.3073	-681.815	-638.95	-595.458	5.29959	14	0	74.9264	67.911	9.041	652.113	-35.119	-18.6072	-829.483	
13209	99801	518.298	1157.46	516.631	118.025	115.661	-0.623548	0	0	0	0	0	232.561	110.325	132.731	-148.613	62.8602	468.716	232.755	180.586	110.319	133.505	-26.6102	-148.611	61.9176	258.612	468.736	4.81754	13	0	96.4825	-999999	-999999	-999999	-999999	-999999	-999999	
13209	113946	193.369	494.508	192.102	-99999	92.949	-0.514299	1	1	1	1	1	249.272	329.933	133.439	30.0464	183.715	324.009	278.224	318.386	359.452	133.598	80.3696	29.6131	183.491	253.477	324.749	6.47781	8	0	81.5694	92.9848	21.0153	272.342	92.9848	21.0153	272.342	
13209	1478	212.703	397.773	207.959	-99999	83.769	-0.93738	1	1	1	1	0	67.9054	76.4946	-177.837	9.61295	737.114	826.494	76.3918	73.3352	67.7561	13.5069	-82.7328	-178.352	827.97	783.008	736.904	6.38282	63	0	397.773	83.7946	-24.9992	792.814	83.7946	-24.9992	792.814	
13209	109032	332.249	858.934	331.737	-99999	47.273	-0.96682	1	1	1	1	1	320.541	195.606	133.869	-171.109	469.003	432.063	335.467	273.081	210.409	134.361	-18.6347	-171.109	469.02	452.511	432.063	5.11425	10	0	51.1994	47.2748	-20.85	449.243	47.2748	-20.85	449.243	
13209	42709	346.958	1098.81	346.869	-99999	45.393	-0.51734	1	1	1	1	1	146.707	90.7212	133.969	-24.6258	-233.032	70.1238	146.655	118.293	90.6583	133.969	53.3388	-24.6459	-233.032	-82.1205	70.2026	13.4949	16	0	249.573	45.4489	-32.6377	68.6599	45.4489	-32.6377	68.6599	
13209	115207	236.188	522.757	233.277	111.021	111.023	-0.897351	0	0	0	0	0	171.744	258.588	132.173	-78.9282	-622.58	-668.159	171.264	217.094	259.13	133.405	28.1803	-80.3485	-622.22	-649.601	-668.376	4.48333	10	0	71.5394	30.1198	57.504	808.617	30.1198	57.504	808.617	
13209	101190	307.239	653.19	264.324	81.3764	79.067	-0.827862	1	1	1	1	1	180.52	334.768	133.152	-79.6728	-414.442	-386.633	180.341	269.954	359.549	133.425	9.70443	-113.971	-414.471	-398.403	-382.073	5.10676	10	0	118.23	79.0935	-58.9259	-363.517	79.0935	-58.9259	-363.517	
13209	110913	253.335	562.197	252.824	-99999	54.999	-0.832437	1	1	1	1	1	202.091	341.942	125.847	-84.7506	-755.331	-752.826	210.45	280.622	350.583	126.18	20.7369	-84.8435	-755.329	-754.334	-752.826	8.88973	6	0	49.3496	55.0262	-32.6457	-749.469	55.0262	-32.6457	-749.469	
13209	108814	112.924	250.964	111.924	-99999	11.275	-0.842267	1	1	1	0	0	157.02	175.029	131.325	30.9176	189.927	232.795	156.818	171.602	175.028	131.866	82.5187	30.748	189.641	212.521	232.856	4.6881	14	0	68.631	11.3021	18.015	219.105	11.3021	18.015	219.105	
13209	47904	319.352	658.26	316.448	116.171	113.642	-0.922654	0	0	0	0	0	145.411	274.471	132.802	-154.757	-783.469	-794.881	144.821	216.607	274.752	134.251	-8.24564	-156.043	-783.404	-784.42	-794.893	10.2073	6	0	72.814	17.3803	23.4881	-551.965	17.3803	23.4881	-551.965	
13209	108121	212.721	476.295	212.715	-99999	-26.561	-0.753354	1	1	1	1	1	136.241	196.177	131.115	-37.197	-872.45	-760.24	136.271	165.144	196.207	131.115	52.0701	-37.197	-872.45	-807.536	-760.24	5.09137	9	0	89.189	-26.5386	1.65524	-764.515	-26.5386	1.65524	-764.515	
13209	110457	125.425	275.71	124.265	-99999	76.705	-0.920806	1	1	1	0	0	290.923	335.325	133.251	17.475	-152.015	-143.932	314.656	337.186	359.506	133.918	75.5313	17.075	-152.061	-148.066	-143.912	6.61149	7	0	49.2783	76.7298	16.616	-151.859	76.7298	16.616	-151.859	
13209	2092	486.871	1122.62	486.663	18.2921	17.663	-0.31667	1	1	1	1	1	128.751	262.837	133.389	-58.5673	-814.306	-390.908	128.751	195.667	262.885	133.389	58.8123	-58.6672	-814.306	-592.627	-390.743	6.09857	7	0	86.9706	17.6858	-4.68927	-547.811	17.6858	-4.68927	-547.811	
13209	4732	348.905	888.501	348.902	-99999	-16.076	-0.876153	1	1	1	1	1	261.226	324.058	133.301	-169.796	-657.851	-818.745	256.192	287.557	319.024	133.301	-17.9962	-169.796	-657.851	-738.796	-818.745	6.7108	11	0	47.8841	-16.0458	-32.3425	-733.932	-16.0458	-32.3425	-733.932	
13209	5212	245.567	8420.22	242.984	33.1716	30.865	-0.782528	1	1	1	1	1	144.565	249.63	132.385	-52.7568	179.777	64.6517	143.933	199.739	250.025	133.524	37.9991	-53.3924	180.392	127.311	63.7937	4.74118	14	0	1349.05	30.8986	-7.73927	107.325	30.8986	-7.73927	107.325	
13209	114119	160.318	371.551	160.109	-99999	-16.743	-0.660498	1	1	1	1	1	68.0739	184.771	132.317	25.3435	-562.654	-539.121	67.9201	126.167	184.79	132.416	78.7096	25.3435	-562.675	-550.742	-539.121	4.33886	7	0	63.5912	-16.7066	-23.5688	-525.778	-16.7066	-23.5688	-525.778	
13209	113675	141.133	337.344	140.971	-99999	76.111	-0.927424	1	1	1	1	1	171.909	222.351	133.191	6.1191	-198.254	-164.169	159.948	183.78	210.452	133.191	69.2669	5.97483	-198.254	-180.278	-164.13	14.0588	10	0	82.1949	76.145	-17.5263	-160.11	76.145	-17.5263	-160.11	
13209	42239	347.06	790.973	344.683	-13.3006	-13.973	-0.891203	1	1	1	1	1	273.481	114.091	132.849	-160.572	808.085	879.99	273.755	189.585	113.539	133.438	-16.6784	-162.119	807.992	828.584	880.461	6.0761	16	0	101.965	-13.9364	-28.333	793.635	-13.9364	-28.333	793.635	
13209	101714	89.1807	278.172	88.3021	-99999	114.038	-0.752412	0	0	0	0	0	184.943	141.465	133.747	63.8964	502.411	534.157	185.029	162.601	141.133	134.044	99.492	63.492	502.251	519.315	534.308	17.3354	11	0	100.553	-25.8163	33.4103	-794.754	-45.5163	-69.0099	851.418	
13209	114609	139.973	314.897	138.728	-99999	-18.272	-0.9361	1	1	1	1	0	98.3305	157.048	133.034	8.18157	788.721	799.276	97.9642	126.256	157.119	134.079	70.1317	8.06438	788.712	790.35	799.289	4.5232	8	0	65.4115	-21.5942	38.1462	792.808	-21.5942	38.1462	792.808	
13209	114478	305.785	1307.05	304.931	110.898	113.935	-0.283583	0	0	0	0	0	62.2239	343.147	50.2569	-45.3404	62.2932	-6.14417	61.4426	203.156	343.147	50.4911	4.2105	-45.3404	62.4509	28.5684	-6.14417	4.58056	6	0	60.3478	93.6096	-14.5587	-146.763	93.6096	-14.5587	-146.763	
13209	47145	198.384	458.16	197.15	-99999	43.409	-0.925231	1	1	1	1	1	179.389	111.12	133.19	-45.4121	-238.755	-195.672	179.487	143.669	110.65	133.54	42.1122	-46.1182	-238.79	-225.062	-195.456	5.71223	10	0	72.4098	43.4422	-4.63302	-208.814	43.4422	-4.63302	-208.814	
13209	47745	385.555	751.32	378.121	-99999	48.11	-0.589297	1	1	1	1	1	242.407	278.783	130.343	-76.8414	475.78	777.505	256.826	289.181	293.612	132.05	19.2413	-77.1232	473.532	626.281	778.31	5.14163	11	0	66.9209	48.1343	-14.7666	26.1697	-13.4757	-16.8859	643.558	
13209	114732	61.665	237.482	59.8624	-99999	-39.678	-0.971898	1	0	0	0	0	155.702	161.554	132.755	76.5697	56.1614	67.8901	155.724	157.956	161.705	132.946	103.973	75.8037	56.1212	60.968	68.0035	14.8102	11	0	150.359	-39.6499	34.2159	61.4485	-39.6499	34.2159	61.4485	
13209	114572	322.304	3194.38	322.115	-99999	71.103	-0.943331	1	1	1	1	1	204.604	304.373	132.974	-170.313	85.4279	80.9816	226.87	275.886	326.639	132.974	-20.4455	-170.313	85.4279	85.4653	80.9816	7.5762	16	0	112.886	71.1354	-43.4534	78.7363	71.1354	-43.4534	78.7363	
13209	92174	200.631	856.229	199.083	-99999	-7.604	-0.840559	1	1	1	1	1	247.908	176.264	130.53	-35.9095	-851.667	-771.747	248.302	211.96	176.141	131.433	47.0464	-36.2086	-852.098	-811.914	-771.583	7.3925	15	0	46.4236	-7.56698	-31.1555	-742.365	-7.56698	-31.1555	-742.365	
13209	91225	173.047	395.459	164.899	-45.9427	-43.043	-0.721333	1	1	1	1	1	217.602	95.4436	132.691	28.0062	-656.74	-621.524	217.626	153.75	88.9981	132.717	77.5372	23.2528	-656.747	-638.307	-620.336	4.35177	6	0	75.4979	-43.0096	24.0436	-625.087	-43.0096	24.0436	-625.087	
13209	92185	357.316	976.968	356.469	-99999	37.835	-0.867485	1	1	1	1	1	279.261	198.999	133.259	-162.239	23.8762	-158.427	291.282	250.473	210.847	133.992	-14.2138	-162.239	24.255	-66.7328	-158.427	4.44415	16	0	86.0594	37.8744	-14.9079	-76.1324	37.8744	-14.9079	-76.1324	
13209	109445	275.427	665.054	274.924	-99999	-17.575	-0.886722	1	1	1	1	1	162.966	127.439	133.601	-116.743	-197.08	-90.1955	163.022	146.559	127.374	133.735	8.34295	-117.046	-197.139	-142.975	-90.0488	9.20119	13	0	107.38	-17.5437	-19.6485	-127.535	-17.5437	-19.6485	-127.535	
13209	112963	372.03	862.005	371.642	-670.594	73.731	-0.606924	0	0	0	0	0	230.02	113.155	133.936	-111.088	462.659	716.324	230.148	173.796	113.155	134.135	10.2764	-111.088	462.357	589.11	716.324	4.49804	16	0	38.3966	-999999	-999999	-999999	-999999	-999999	-999999	
13209	114043	130.198	324.649	129.396	-99999	49.134	-0.934225	1	1	1	1	1	215.452	249.619	131.183	7.43485	377.636	378.443	230.637	253.858	265.046	131.708	70.9639	7.20371	377.644	380.064	378.455	9.67134	6	0	78.9255	49.165	-5.76126	378.59	49.165	-5.76126	378.59	
13209	111505	201.94	428.261	200.657	-99999	42.563	-0.53551	1	1	1	1	1	68.0085	217.362	17.9838	-96.9138	-814.005	-745.201	61.3199	137.136	211.552	17.9838	-39.2996	-97.7328	-814.005	-779.932	-744.754	7.37422	10	0	49.5485	42.5965	-27.506	-754.498	42.5965	-27.506	-754.498	
13209	9450	39.3834	36.4578	27.6299	-99999	-1.682	-0.0364693	1	1	1	1	1	329.16	335.698	132.838	111.004	510.719	519.929	328.633	332.847	336.171	132.838	118.432	100.593	510.719	518.741	523.007	4.55156	10	0	32.9978	-1.65213	-19.7746	760.658	-1.65213	-19.7746	760.658	
13209	16936	92.4547	696.022	90.5352	-99999	7.593	-0.761093	1	1	1	0	0	227.434	267.12	128.812	53.5116	357.177	382.966	229.67	251.383	269.861	129.017	93.3097	51.9203	357.076	376.633	382.787	9.90996	6	0	107.598	7.62908	-3.26355	380.927	7.62908	-3.26355	380.927	
13209	17056	328.348	734.868	326.223	17.851	17.312	-0.940593	1	1	1	1	1	299.372	203.338	133.571	-168.711	-79.2795	-10.1717	299.568	243.197	203.233	134.202	-17.1011	-169.969	-79.382	-49.9828	-9.49537	4.79824	18	0	92.7345	17.3443	-13.5346	-50.2165	17.3443	-13.5346	-50.2165	
13209	115681	398.322	2609.66	398.319	-19.5423	-20.58	-0.787628	1	1	1	1	1	321.742	150.565	133.759	-161.164	557.858	760.386	321.742	237.194	150.565	133.759	-19.5725	-161.164	557.858	652.636	760.386	4.14174	14	0	95.6346	-20.5477	-26.7796	648.31	-20.5477	-26.7796	648.31	
13209	92424	255.76	565.011	254.189	-99999	13.424	-0.986661	1	1	1	1	1	178.663	184.914	132.441	-115.076	294.731	331.995	178.598	197.859	184.475	133.04	8.33376	-115.896	294.655	314.747	332.234	5.80976	9	0	87.4726	13.4559	-21.8543	318.084	13.4559	-21.8543	318.084	
13209	14655	31.2955	96.0929	30.9742	-99999	-6.937	-0.852556	0	0	0	0	0	118.684	122.79	132.746	107.212	-382.631	-366.354	118.655	120.592	122.798	132.941	119.715	107.212	-382.768	-375.194	-366.354	4.62024	14	0	70.0552	-6.90601	56.8548	-376.052	-6.90601	56.8548	-376.052	
13209	108321	310.859	692.282	309.537	-99999	2.229	-0.974904	1	1	1	1	1	269.254	235.707	132.864	-170.749	-104.771	-144.723	270.01	255.2	236.422	133.959	-18.9632	-170.933	-104.529	-126.644	-144.743	4.82897	10	0	74.9381	2.262	-19.1421	-133.169	2.262	-19.1421	-133.169	
13209	110506	302.738	742.342	301.555	-33.5502	-35.838	-0.748883	1	1	1	1	1	92.9564	274.223	133.387	-93.329	816.589	737.85	92.2607	187.431	274.223	134.269	25.7123	-93.329	816.938	771.504	737.85	6.50498	9	0	74.793	-35.8043	1.89005	749.82	-35.8043	1.89005	749.82	
13209	112937	303.936	750.893	303.131	-99999	38.398	-0.961861	1	1	1	1	1	293.052	346.908	133.278	-161.046	29.893	78.2912	304.919	331.657	358.965	133.904	-13.5732	-161.185	29.7902	54.8097	78.3037	13.6683	6	0	87.6553	38.4174	-29.8572	46.5652	-43.3726	-4.87582	64.4064	
13209	57014	60.4813	125.767	58.8477	-99999	36.212	-0.710554	1	1	1	1	1	244.42	204.502	133.14	93.4518	-534.163	-551.287	250.533	230.248	209.555	133.624	113.062	92.8005	-533.951	-542.878	-551.58	4.0841	10	0	41.8659	36.222	-19.4272	-595.762	36.222	-19.4272	-595.762	
13209	113667	215.352	465.089	213.859	-99999	47.047	-0.709254	1	1	1	1	1	351.628	202.274	110.934	-31.4683	365.553	315.475	359.408	281.997	209.018	111.343	38.6032	-32.0945	365.633	349.732	315.294	5.22837	7	0	54.6313	47.0679	16.0446	351.013	47.0679	16.0446	351.013	
13209	111508	308.585	725.945	307.781	-99999	50.065	-0.829163	1	1	1	1	1	110.457	152.437	133.195	-122.613	-552.977	-388.052	110.372	128.48	152.408	133.762	4.67898	-122.702	-553.354	-470.975	-387.982	27.1916	13	0	101.815	50.1006	-17.3915	-462.047	50.1006	-17.3915	-462.047	
13209	111065	128.004	379.532	126.67	-99999	73.561	-0.982363	1	1	1	1	1	226.148	192.586	132.734	12.2078	-41.1816	-51.9919	249.434	235.308	215.621	134.036	71.7546	12.2078	-41.1743	-45.0301	-51.9919	7.31283	11	0	139.281	73.5962	16.1339	-42.9598	73.5962	16.1339	-42.9598	
13209	115138	246.58	515.628	246.574	-411.867	66.206	-0.751462	0	0	0	0	0	103.995	262.249	133.29	-51.5195	767.633	746.598	103.995	182.471	262.249	133.29	38.3295	-51.5195	767.633	767.185	746.598	5.47894	7	0	62.2691	14.813	-28.9914	651.139	14.813	-28.9914	651.139	
13209	16717	134.105	277.241	133.543	-719.446	46.409	-0.835576	0	0	0	0	0	204.931	292.107	133.129	37.3497	158.67	132.31	204.689	246.247	292.174	133.508	81.5093	37.2858	158.714	151.645	132.26	4.66335	10	0	62.2793	42.7643	21.0893	-241.165	26.1043	-8.6158	-215.217	
13209	95984	91.5348	3769.07	75.3277	-99999	11.838	-0.421367	1	1	1	1	1	64.9558	112.284	-145.45	-109.459	664.965	694.346	121.885	86.372	65.6902	-105.247	-127.519	-149.719	697.046	683.43	666.118	4.04387	575	0	3769.07	11.8503	-55.1515	697.059	11.8503	-55.1515	697.059	
13209	115005	205.6	511.484	204.544	-99999	68.661	-0.847995	1	1	1	1	0	234.878	337.563	132.326	-44.499	800.117	805.146	255.813	307.673	359.063	133.216	44.4989	-44.499	800.113	802.741	805.146	5.86308	6	0	75.5102	68.6921	-15.0287	795.095	68.6921	-15.0287	795.095	
13209	54486	292.925	689.899	292.015	30.6189	30.478	-0.808927	1	1	1	1	1	318.545	150.293	133.24	-88.059	751.716	839.876	319.003	237.697	150.293	133.976	20.9847	-88.059	751.455	796.685	839.876	4.66745	12	0	79.8932	30.5009	-6.19658	772.145	30.5009	-6.19658	772.145	
13209	115457	184.72	421.878	183.685	-99999	20.912	-0.845847	0	0	0	0	0	167.818	121.593	132.465	-26.0126	-170.757	-91.1927	168.012	147.791	121.552	133.221	54.029	-26.1361	-171.189	-128.311	-91.1405	5.68486	13	0	80.004	-34.5839	3.27415	-119.704	-34.5839	3.27415	-119.704	
13209	17808	187.957	424.998	186.166	79.9396	78.967	-0.917065	1	1	1	1	1	195.798	245.219	132.604	-19.7451	700.127	608.849	195.594	221.104	245.545	133.416	51.2338	-20.4314	700.413	663.165	608.363	4.6621	15	0	82.6729	79.008	-7.67967	623.203	79.008	-7.67967	623.203	
13209	116030	315.455	666.01	313.347	-207.511	78.896	-0.98034	0	0	0	0	0	221.343	167.036	130.392	-163.705	384.577	469.537	221.558	197.924	167.036	132.45	-20.6564	-163.705	384.224	413.465	469.537	11.1711	6	0	69.2384	82.2889	19.5498	-829.05	24.1089	-2.82077	-747.762	
13209	142	202.006	1170.02	200.588	-99999	-7.031	-0.989792	1	1	1	1	1	186.441	180.264	133.115	-66.233	632.431	640.121	186.462	179.77	180.188	133.286	33.06	-67.3662	632.411	639.13	640.295	9.19806	8	0	804.459	-7.00166	-13.0019	640.133	-7.00166	-13.0019	640.133	
13209	5302	681.698	1606.64	681.207	-99999	48.4	-0.409776	1	1	1	1	1	195.52	301.483	128.963	-171.086	45.1521	643.974	210.676	282.484	316.555	128.963	-21.1367	-171.169	45.1521	342.554	644.434	10.6422	19	0	83.6685	48.4532	-24.9432	386.442	48.4532	-24.9432	386.442	
13209	98191	182.755	640.618	182.737	-99999	8.95	-0.646117	1	1	1	1	1	65.3534	183.873	80.7652	-29.8792	23.5322	106.318	65.3349	124.212	183.863	80.7735	22.5321	-29.8792	23.5269	62.1341	106.318	19.8629	10	0	76.1853	8.97669	12.453	79.4748	8.97669	12.453	79.4748	
13209	98431	290.307	636.592	290.254	-99999	18.185	-0.666631	1	1	1	1	1	126.597	109.346	115.886	-81.654	-889.312	-684.709	126.576	103.898	109.325	115.886	18.3838	-81.654	-889.312	-784.536	-684.709	6.60012	13	0	75.6677	18.2074	-15.7209	-367.593	18.2074	-15.7209	-367.593	
13209	31071	257.634	532.848	253.835	-99999	43.593	-0.790426	1	1	1	1	1	104.217	131.651	133.101	-51.639	621.935	787.146	104.122	127.209	130.907	133.377	33.4813	-53.4617	621.728	699.505	789.091	5.42817	14	0	63.5955	43.6201	-6.18577	79.7789	43.6201	-6.18577	79.7789	
13209	13992	310.457	1497.63	306.31	-99999	19.196	-0.898295	1	1	1	1	1	167.25	97.7454	133.147	-145.297	-626.475	-519.903	167.228	131.492	96.6497	133.147	-7.89272	-149.155	-626.475	-572.4	-519.001	90.1905	6	0	667.917	19.2287	-51.3225	-535.466	19.2287	-51.3225	-535.466	
13209	30893	138.668	327.377	136.231	-99999	75.836	-0.994882	1	1	1	1	1	210.142	199.426	131.841	-3.67459	536.902	538.624	222.091	215.512	212.128	132.15	63.1377	-5.64078	536.919	537.293	538.625	4.57553	7	0	54.8988	75.863	-25.3754	540.9	75.863	-25.3754	540.9	
13209	30364	545.095	1254.68	543.919	77.3269	76.307	-0.560491	1	1	1	1	1	256.612	87.534	132.653	-134.496	39.0331	473.474	256.86	187.023	87.534	133.311	0.155637	-134.496	38.102	265.238	473.474	4.06803	11	0	67.9758	76.3642	-28.8118	301.401	76.3642	-28.8118	301.401	
13209	32284	299.105	898.297	298.631	-99999	73.141	-0.473954	1	1	1	1	1	210.217	336.278	129.141	0.390206	-93.4228	144.692	233.121	295.922	359.388	129.141	64.7428	0.189276	-93.4228	26.0296	145.064	12.8257	8	0	68.926	73.1912	16.0664	79.822	73.1912	16.0664	79.822	
13209	33665	304.53	772.019	303.107	-99999	100.883	-0.572697	1	1	1	0	0	270.844	327.781	133.035	-30.471	-700.585	-451.815	302.264	330.834	359.531	133.489	50.9608	-30.7512	-701.203	-576.485	-451.27	13.7198	7	0	59.1619	100.911	39.8798	-663.695	100.911	39.8798	-663.695	
13209	1458	33.5244	24.7371	5.72687	34.1471	31.645	-0.458056	1	1	1	1	1	201.411	201.229	-13.7936	-17.9646	-885.116	-881.341	206.898	206.339	204.608	-8.77204	-14.0413	-22.779	-899.795	-884.912	-871.441	6.13092	11	0	24.7371	31.6568	-47.9979	-698.246	31.6568	-47.9979	-698.246	
13209	695	249.197	535.579	245.747	-99999	49.183	-0.992998	1	1	1	1	1	184.201	188.788	130.616	-108.281	-601.175	-557.026	184.211	180.434	189.065	131.297	8.93653	-110.486	-601.223	-578.82	-555.5	5.05343	16	0	65.0847	49.2083	-18.6667	-574.523	49.2083	-18.6667	-574.523	
13209	11132	328.654	714.066	327.649	14.435	13.207	-0.849131	1	1	1	1	1	300.045	132.647	133.544	-143.866	-665.751	-632.274	300.045	214.693	132.228	133.544	-6.63037	-144.758	-665.751	-660.36	-632.109	4.69602	11	0	75.054	13.2408	-24.1101	-645.715	13.2408	-24.1101	-645.715	
13209	60090	99.9426	292.495	99.3103	-99999	62.151	-0.43941	1	1	1	1	0	298.746	339.719	132.351	85.7451	-598.795	-521.272	318.019	338.682	359.288	132.519	109.015	85.6347	-599.094	-560.146	-521.087	4.31558	8	0	61.6231	62.1801	49.4912	-544.357	62.1801	49.4912	-544.357	
13209	97492	369.972	1517.02	367.864	-99999	48.241	-0.71732	1	0	0	0	0	219.821	246.312	107.168	-157.365	-893.934	-643.267	234.868	247.6	261.436	107.923	-27.6298	-157.423	-894.647	-769.588	-643.158	5.06743	11	0	225.084	48.2657	31.6276	-843.695	48.2657	31.6276	-843.695	
13209	60028	68.9454	171.219	67.0096	-99999	46.919	-0.770872	1	1	1	0	0	301.661	342.977	134.185	82.6292	836.689	825.538	316.354	337.546	358.837	134.185	107.544	81.1223	836.689	831.261	825.203	7.27228	8	0	75.4841	45.8926	23.7911	-85.8028	68.9726	4.95595	802.411	
13209	5554	319.643	692.374	319.177	-32.9235	-33.745	-0.922445	1	1	1	1	1	273.3	135.519	133.988	-150.311	79.3977	112.129	273.361	206.079	135.369	134.136	-10.5207	-150.571	79.3894	87.1454	112.137	5.4952	7	0	72.2426	-33.7098	-24.3913	91.3184	-33.7098	-24.3913	91.3184	
13209	5181	188.6	437.019	188.577	-99999	41.848	-0.986082	1	1	1	1	1	161.907	180.717	133.772	-48.6366	156.694	187.177	161.86	162.801	180.669	133.772	41.1328	-48.6366	156.694	171.949	187.177	4.92539	10	0	73.6044	41.8783	-2.92169	179.845	41.8783	-2.92169	179.845	
13209	259	167.62	393.904	164.926	-99999	64.957	-0.862524	1	1	1	1	1	200.614	269.286	128.694	-16.5553	-286.788	-254.31	210.359	246.933	280.114	129.443	57.2145	-18.2394	-286.991	-265.436	-254.267	12.1439	6	0	86.8272	64.9857	1.78195	-261.405	64.9857	1.78195	-261.405	
13209	2516	268.999	491.057	268.37	-874.589	54.515	-0.912182	0	0	0	0	0	242.106	152.558	133.521	-114.976	-873.447	-829.453	242.106	196.772	152.367	133.521	9.66575	-115.549	-873.447	-847.755	-829.474	7.78359	6	0	77.7673	96.1265	-20.7085	-358.201	-15.8835	70.9586	-567.959	
13209	3750	256.045	583.215	253.925	-99999	20.281	-0.959316	1	1	1	1	1	199.21	113.795	130.664	-105.371	-724.766	-694.633	199.401	160.209	113.277	131.397	9.74786	-106.599	-724.801	-718.828	-694.36	5.07416	11	0	74.3657	20.3148	-36.3757	-698.785	20.3148	-36.3757	-698.785	
13209	97078	246.976	579.563	245.06	81.6349	81.59	-0.844925	1	1	1	1	1	222.898	115.575	131.898	-65.9704	402.484	496.935	223.205	169.572	115.201	132.652	32.2065	-66.4981	402.125	449.674	497.719	7.48372	16	0	88.0353	84.7895	-21.8354	690.702	35.0195	-0.450757	659.962	
13209	6297	108.046	236.347	104.502	-99999	6.577	-0.836348	1	1	0	0	0	356.989	297.211	-84.1076	-169.622	-824.388	-818.856	359.049	328.587	297.196	-84.1076	-128.588	-172.489	-824.388	-821.044	-818.684	6.60222	7	0	62.8414	6.58881	-73.7669	-632.066	6.58881	-73.7669	-632.066	
13209	5975	238.119	4898.69	236.534	-99999	50.622	-0.793237	1	1	1	1	1	62.0178	156.066	28.8822	-163.575	650.553	747.849	61.6776	111.738	156.251	29.4024	-65.8724	-164.412	650.269	701.174	748.049	4.67705	14	0	174.177	50.6542	-19.7238	688.107	50.6542	-19.7238	688.107	
13209	8223	72.2812	193.247	71.7679	-99999	97.562	-0.863138	1	0	0	0	0	277.673	244.923	133.145	69.6276	-813.166	-809.773	308.456	291.186	275.463	133.55	101.923	69.5896	-813.219	-810.694	-809.765	7.58346	6	0	79.8385	97.5873	46.0718	-789.411	97.5873	46.0718	-789.411	
13209	64718	199.682	465.315	180.032	-99999	-6.52	-0.15284	1	1	1	1	1	355.498	243.053	-48.9557	-80.2547	448.983	586.028	357.341	294.683	232.659	-48.0172	-65.574	-81.9306	444.389	520.104	596.578	5.34559	9	0	77.8296	-6.50309	-74.263	687.691	-6.50309	-74.263	687.691	
13209	20809	71.8062	542.137	71.4193	-99999	93.426	-0.732844	1	1	1	1	1	63.8886	103.013	-36.2345	-90.1118	675.182	700.832	63.7817	83.8286	103.101	-36.2345	-62.6805	-90.4179	675.182	688.883	700.964	22.6114	11	0	293.855	93.4613	-63.8085	700.979	93.4613	-63.8085	700.979	
13209	22969	183.48	397.899	182.803	-99999	91.221	-0.68293	1	1	1	1	1	196.133	330.365	131.802	10.2331	-380.719	-356.136	224.63	292.323	359.323	131.867	71.4506	9.81569	-380.735	-367.238	-356.113	5.39186	10	0	68.1279	91.2482	10.9865	-360.008	91.2482	10.9865	-360.008	
13209	20844	169.937	377.305	169.902	56.7211	54.814	-0.923285	1	1	1	1	1	221.498	175.213	131.696	-29.9263	5.10438	-10.0445	221.498	200.12	175.213	131.696	51.0636	-29.9263	5.10438	-7.99046	-10.0445	4.34489	10	0	76.7364	54.8504	-3.50429	-5.54405	54.8504	-3.50429	-5.54405	
13209	22164	98.9196	250.174	96.0309	73.7694	71.904	-0.981418	1	1	1	0	0	206.64	226.553	132.446	38.9606	398.221	393.343	206.523	214.208	227.117	133.07	84.299	36.852	398.252	395.641	392.8	5.16723	11	0	77.4593	71.9183	-1.22496	394.115	71.9183	-1.22496	394.115	
13209	18660	106.688	274.38	106.061	-99999	24.93	-0.829058	1	1	1	1	1	350.61	293.157	-40.7135	47.1648	-365.807	-350.871	300.896	329.752	358.692	47.2673	3.02786	-41.1285	-350.853	-358.314	-365.873	7.29042	189	0	274.38	24.9469	-10.563	-364.777	24.9469	-10.563	-364.777	
13209	22980	189.838	449.136	187.389	63.5277	61.118	-0.568046	1	1	1	1	1	170.926	249.452	132.893	9.9016	-184.379	-300.058	170.775	216.537	250.234	133.087	77.1718	8.6065	-184.139	-245.512	-301.519	5.09655	16	0	71.2055	61.1626	13.6081	-259.936	61.1626	13.6081	-259.936	
13209	3213	70.8356	214.354	67.8239	-99999	45.465	-0.992193	0	0	0	0	0	338.157	333.139	133.378	67.2595	-381.332	-376.04	352.38	353.006	347.462	133.939	100.289	65.7449	-381.498	-375.931	-375.61	4.75365	14	0	105.505	45.4938	76.0644	-377.977	45.4938	76.0644	-377.977	
13209	2654	108.662	2730.04	107.239	-302.751	7.549	-0.655287	0	0	0	0	0	258.142	182.77	133.564	65.3834	-213.632	-180.412	258.142	221.024	181.637	133.564	98.6792	64.5543	-213.632	-194.806	-180.207	7.04689	6	0	72.5256	-9.54578	10.7284	557.01	58.5342	-18.351	-461.251	
13209	8099	165.674	434.517	164.525	-99999	51.175	-0.486543	1	1	1	0	0	250.717	342.899	132.488	50.9702	772.292	881.489	266.586	313.188	359.41	132.612	91.6307	50.5373	772.126	826.993	882.094	4.27818	7	0	73.9308	51.2075	41.8893	825.735	51.2075	41.8893	825.735	
13209	104410	300.814	671.2	297.337	76.62	72.862	-0.718706	1	1	1	1	1	313.675	135.604	126.753	-98.9556	342.121	409.306	315.464	224.573	135.206	128.635	12.46	-99.6113	341.81	368.095	409.459	5.38802	11	0	78.2213	72.8967	-23.4918	375.364	72.8967	-23.4918	375.364	
13209	505	49.9908	277.535	36.6766	-99999	-30.754	-0.872503	1	1	1	1	1	67.1285	71.8496	128.052	97.3878	-555.755	-574.106	66.5535	69.2468	72.0197	134.814	112.922	92.5632	-552.008	-563.73	-573.379	22.3831	9	0	210.535	-30.7313	-1.74143	-614.138	-30.7313	-1.74143	-614.138	
13209	6942	318.864	592.05	318.856	-99999	2.668	-0.963628	0	0	0	0	0	67.6094	105.32	133.807	-167.307	781.426	872.021	67.6063	77.0378	105.317	133.807	-17.7365	-167.307	781.426	829.358	872.021	6.34344	11	0	70.9236	-999999	-999999	-999999	-999999	-999999	-999999	
13209	7422	136.585	300.578	135.497	-870.772	97.914	-0.730706	0	0	0	0	0	192.291	227.666	131.972	34.7498	547.747	462.597	192.182	202.712	227.666	132.765	81.7037	34.7498	548.479	504.543	462.597	4.43272	14	0	62.7987	9.51089	-22.5651	165.511	9.51089	-22.5651	165.511	
13209	11502	348.097	3821.57	347.754	25.5783	22.977	-0.860443	1	1	1	1	1	135.409	232.446	132.554	-149.935	-164.471	-339.233	135.409	180.578	232.525	132.554	-15.3258	-150.116	-164.471	-244.232	-339.383	5.44591	15	0	76.5607	23.018	-13.1787	-249.841	23.018	-13.1787	-249.841	
13209	11203	198.642	444.111	197.861	-99999	78.743	-0.709002	1	1	1	1	1	222.786	73.6138	6.19175	-102.532	-892.738	-823.078	210.412	138.96	60.6089	6.19175	-53.3433	-102.876	-892.738	-858.156	-822.78	5.02929	10	0	45.9444	78.7585	-58.4646	-817.038	78.7585	-58.4646	-817.038	
13209	7372	263.9	604.305	261.427	-99999	35.979	-0.920488	1	1	1	1	1	195.298	118.613	132.743	-115.035	584.563	602.893	195.348	147.079	118.224	132.955	10.6778	-117.228	584.55	595.018	603.156	4.14772	11	0	75.5826	36.0026	-29.6969	599.524	36.0026	-29.6969	599.524	
13209	10079	80.5757	209.058	79.925	-99999	-17.925	-0.944085	1	1	0	0	0	169.613	176.359	128.931	52.4878	-590.583	-568.997	169.634	173.976	176.405	128.931	90.5895	51.8831	-590.583	-579.086	-568.954	4.34477	11	0	72.9108	-17.8897	22.5007	-572.316	-17.8897	22.5007	-572.316	
13209	16191	228.39	555.549	228.382	-99999	11.262	-0.90316	1	1	1	1	1	154.924	127.309	132.102	-65.3135	473.386	583.168	154.911	145.739	127.296	132.102	30.1783	-65.3135	473.386	523.777	583.168	4.90936	19	0	84.6942	11.2999	-13.4656	548.363	-13.1701	-15.4515	503.701	
13209	13793	205.104	488.804	202.988	-99999	-22.166	-0.906777	1	1	1	1	1	244.535	309.875	132.68	-55.8113	-670.663	-636.664	237.408	272.536	303.018	133.113	38.8548	-57.4011	-670.756	-650.968	-636.329	5.5511	11	0	92.0762	-22.1391	-10.2496	-642.136	-22.1391	-10.2496	-642.136	
13209	105027	348.764	788.675	328.226	-99999	-38.126	-0.920184	1	1	1	1	1	281.493	239.217	133.803	-163.025	-689.65	-822.972	269.595	245.271	225.719	134.22	-23.0381	-180.762	-689.481	-760.697	-832.205	4.40961	10	0	43.4838	-38.1052	-17.8299	-734.646	-38.1052	-17.8299	-734.646	
13209	17426	80.5574	235.443	80.5389	31.7595	30.422	-0.967152	1	1	0	0	0	211.452	197.224	129.132	51.8722	-165.723	-154.435	211.452	206.952	197.223	129.135	90.0425	51.8669	-165.723	-157.353	-154.434	15.0192	13	0	89.3711	30.4584	21.388	-160.057	30.4584	21.388	-160.057	
13209	16397	104.429	225.872	100.61	-99999	11.383	-0.643547	1	1	1	1	1	257.03	326.441	132.193	70.6234	-299.17	-337.991	260.506	296.37	332.481	132.284	100.435	68.0858	-299.117	-319.737	-338.972	4.82939	8	0	54.9924	11.4164	33.3427	-347.542	11.4164	33.3427	-347.542	
13209	17093	50.0114	153.614	49.1816	-99999	106.941	-0.788671	0	0	0	0	0	224.24	250.967	132.89	94.2941	-568.796	-583.363	257.698	271.042	284.942	132.935	113.133	93.7438	-568.779	-576.174	-583.572	5.93177	12	0	60.0091	-22.9897	26.5522	814.288	-22.9897	26.5522	814.288	
13209	14865	114.387	270.852	113.031	74.1386	72.839	-0.918806	1	1	1	1	0	197.92	240.745	132.748	29.932	-93.8401	-110.866	197.92	221.222	241.038	132.748	81.2874	28.6915	-93.8401	-102.493	-111.306	7.72888	12	0	88.8706	72.8787	13.3901	-109.529	72.8787	13.3901	-109.529	
13209	17505	358.856	805.063	357.726	31.0499	28.373	-0.697305	1	1	1	1	1	352.132	185.561	133.619	-109.347	66.6182	268.205	352.287	272.641	185.184	133.872	12.1194	-109.96	66.4103	171.295	268.45	6.0931	10	0	71.1782	28.3991	-5.81389	170.474	28.3991	-5.81389	170.474	
13209	20980	226.839	671.529	226.491	-99999	5.271	-0.933449	0	0	0	0	0	160.24	101.391	133.129	-81.5598	-673.293	-631.872	160.347	129.557	101.385	133.449	26.254	-81.5598	-673.356	-652.792	-631.872	5.76506	13	0	63.4682	15.0694	-26.6447	206.834	15.0694	-26.6447	206.834	
13209	63207	130.568	340.782	130.565	-99999	96.368	-0.507291	1	1	1	0	0	139.659	126.412	134.013	71.2801	-527.093	-414.436	139.548	131.767	126.301	134.013	103.38	71.2801	-527.093	-470.068	-414.436	4.6958	14	0	77.4009	89.3091	-1.69533	-644.468	89.3091	-1.69533	-644.468	
13209	64767	116.932	273.451	116.06	-99999	-21.501	-0.868973	1	1	1	0	0	65.641	108.935	107.864	1.95674	-297.185	-283.909	65.5242	91.9159	109.04	108.127	56.9564	1.39518	-297.239	-287.157	-283.916	5.26396	10	0	78.3876	-21.4685	17.6431	-283.488	-21.4685	17.6431	-283.488	
13209	18952	264.534	566.682	263.761	42.1973	40.768	-0.975524	1	1	1	1	1	222.549	176.529	131.652	-121.684	721.885	772.711	222.655	196.935	176.512	132.344	3.94811	-121.728	721.773	740.107	772.723	8.43391	7	0	58.4767	40.8042	-21.942	707.632	40.8042	-21.942	707.632	
13209	22193	351.92	794.449	351.379	-99999	96.569	-0.749552	1	1	1	1	1	133.884	82.3155	133.626	-152.618	-84.2959	110.838	133.774	109	82.0466	133.626	-7.92382	-153.057	-84.2959	17.0605	111.098	4.14824	14	0	91.2119	96.5974	-22.5474	30.3684	96.5974	-22.5474	30.3684	
13209	20640	55.8288	141.988	55.2817	-99999	40.957	-0.919723	0	0	0	0	0	179.876	159.088	133.38	82.2039	157.928	160.033	180.048	169.713	159.042	133.88	107.973	82.2039	157.901	158.963	160.033	4.95371	9	0	51.6958	47.1804	38.9668	-172.648	47.1804	38.9668	-172.648	
13209	22430	162.822	395.982	159.818	-99999	94.95	-0.994655	1	1	1	1	1	177.803	200.587	133.177	-23.0396	413.48	390.299	177.695	186.284	200.883	133.177	53.3273	-26.0014	413.48	400.647	390.13	7.29896	7	0	86.7315	94.967	-19.2978	340.891	94.967	-19.2978	340.891	
13209	22910	335.485	1035.56	334.949	82.3195	81.58	-0.87237	1	1	1	1	1	218.168	143.772	132.725	-165.628	622.353	744.04	218.271	168.516	143.772	133.184	-8.30538	-165.628	622.129	696.919	744.04	16.0889	14	0	316.274	81.6158	-34.5487	700.833	81.6158	-34.5487	700.833	
13209	21682	268.975	604.529	266.722	34.9546	35.258	-0.865281	1	1	1	1	1	318.41	166.033	133.113	-72.4235	-429.561	-363.057	318.686	250.743	165.193	133.673	23.7447	-73.6791	-429.726	-393.834	-362.535	4.70852	12	0	69.14	35.2911	1.47787	-394.154	35.2911	1.47787	-394.154	
13209	19883	302.007	675.144	299.451	-99999	86.392	-0.935225	1	1	1	1	1	104.576	171.198	132.911	-144.192	53.3055	134.143	104.211	150.237	170.921	133.957	-3.28364	-145.518	53.0239	95.8388	134.553	5.24833	9	0	76.7645	86.4247	-13.6117	95.5002	86.4247	-13.6117	95.5002	
13209	22533	25.5971	145.249	19.5667	-99999	-25.49	-0.798853	1	1	1	1	1	66.9718	75.0635	-15.9017	-2.60404	237.833	226.651	75.0926	69.1809	66.3485	-2.60404	-11.2987	-19.3479	226.651	233.392	242.39	5.16352	78	0	145.249	-25.4534	-14.0395	221.358	-25.4534	-14.0395	221.358	
13209	8438	328.855	1882.07	328.823	-99999	10.392	-0.740431	1	1	1	1	1	274.066	98.8621	130.545	-113.402	522.887	655.918	274.066	187.733	98.8621	130.545	8.15566	-113.402	522.887	589.96	655.918	52.4207	15	0	153.797	10.4252	-45.6144	622.257	10.4252	-45.6144	622.257	
13209	6165	101.506	284.949	100.503	-99999	43.069	-0.874998	1	1	1	0	0	277.617	242.419	132.645	46.9869	-203.499	-168.219	291.312	278.167	255.791	133.35	88.9472	46.8374	-203.831	-183.08	-168.213	5.9772	7	0	74.327	43.1053	33.9091	-185.167	43.1053	33.9091	-185.167	
13209	8962	172.082	403.598	168.537	109.933	108.78	-0.702873	0	0	0	0	0	188.34	218.931	132.799	16.4047	-383.295	-499.88	188.311	199.366	219.539	133.085	74.3281	14.3746	-383.023	-444.767	-502.196	6.6169	15	0	76.3765	81.6311	-74.707	608.76	81.6311	-74.707	608.76	
13209	11676	95.0379	185.934	81.42	-99999	-6.283	-0.511193	1	1	1	1	1	64.552	128.285	89.5762	48.2894	-352.708	-323.346	64.2952	101.501	138.498	89.749	65.7574	41.2981	-352.826	-335.563	-318.56	4.66444	10	0	57.5385	-6.24448	-13.0354	-287.605	-6.24448	-13.0354	-287.605	
13209	15897	248.024	553.502	246.976	-99999	-22.118	-0.871766	1	1	1	1	1	186.999	94.6997	132.66	-94.9632	-320.44	-319.284	187.516	138.115	94.6992	133.508	20.4064	-95.0186	-320.52	-309.39	-319.283	4.09682	7	0	71.2054	-13.6178	-100.721	426.671	-13.6178	-100.721	426.671	
13209	16258	255.325	1082.97	228.948	-22.9873	-25.553	-0.683925	1	1	1	1	1	236.605	79.0744	133.835	-9.48279	-848.036	-764.197	236.732	149.127	61.0115	133.981	54.2524	-25.6953	-848.113	-800.699	-754.443	6.55148	9	0	47.9111	-25.534	-6.24212	-764.731	-25.534	-6.24212	-764.731	
13209	12069	447.165	1082.71	447.062	-99999	3.665	-0.585885	1	1	1	1	1	124.684	195.233	130.402	-139.36	-708.364	-359.654	124.664	158.873	195.229	130.46	-8.50941	-139.36	-708.442	-536.75	-359.654	8.39415	16	0	92.6198	3.70085	-15.7498	-523.685	3.70085	-15.7498	-523.685	
13209	95794	51.0733	124.224	48.6976	-975.361	21.779	-0.962158	1	1	1	1	1	202.313	216.353	132.18	86.8613	184.112	173.335	201.99	208.822	216.605	133.617	109.539	86.0426	184.331	179.319	173.113	4.6502	12	0	59.4478	21.8077	-32.0654	-91.5097	-22.1523	-7.76628	401.325	
13209	13266	34.5279	97.5888	32.6006	-99999	97.574	-0.862036	1	1	0	0	0	312.634	327.717	133.682	104.811	438.29	437.38	343.189	351.247	358.975	133.682	118.436	103.028	438.29	437.597	437.432	6.90721	10	0	74.7914	97.5986	-105.054	425.293	97.5986	-105.054	425.293	
13209	12141	315.178	731.298	305.688	-99999	-17.142	-0.998559	1	1	1	1	1	106.096	137.627	134.03	-169.124	-3.12117	14.3944	106.116	122.121	139.997	134.03	-21.9448	-177.776	-3.12117	6.35413	12.3029	4.87634	11	0	72.395	-17.118	-15.2858	4.99569	-17.118	-15.2858	4.99569	
13209	12861	225.393	474.574	224.749	-99999	5.46	-0.961732	1	1	1	1	1	165.228	195.006	132.995	-86.8642	-147.015	-119.76	165.222	185.252	195.071	132.995	24.1715	-87.4866	-147.015	-126.418	-119.644	4.4064	13	0	59.7942	5.48439	-12.1413	-129.975	5.48439	-12.1413	-129.975	
13209	12679	283.321	654.817	282.196	-99999	76.784	-0.87332	1	1	1	1	1	138.873	87.7266	134.027	-107.839	22.9823	157.629	138.794	111.588	87.3525	134.073	10.1871	-108.809	22.9615	85.8237	157.975	4.02368	12	0	69.3596	76.7998	-20.7973	104.964	76.7998	-20.7973	104.964	
13209	19423	56.092	296.196	55.5227	-99999	8.626	-0.617935	1	1	1	1	1	76.8308	113.989	133.939	99.3107	342.03	362.17	76.821	95.5048	114.125	133.939	116.706	99.1362	342.03	352.769	362.492	5.19	17	0	58.4233	8.66639	12.8481	561.073	54.7064	-13.8563	212.668	
13209	23254	47.8232	134.302	47.7384	-99999	102.824	-0.473045	0	0	0	0	0	65.2885	106.552	118.928	98.2278	784.001	795.9	65.1001	85.7015	106.434	118.968	108.535	98.2278	783.984	790.13	795.9	4.49923	8	0	70.9879	42.428	-13.6356	-657.029	42.428	-13.6356	-657.029	
13209	24936	317.631	766.328	258.661	51.3118	49.28	-0.975536	1	1	1	1	1	203.622	247.134	132.501	-118.173	-35.1465	-81.4868	203.582	230.226	259.03	132.835	-21.0406	-174.035	-35.0884	-63.9275	-88.3921	5.28457	12	0	149.621	49.2973	-46.2532	-79.678	49.2973	-46.2532	-79.678	
13209	29736	229.458	504.93	227.937	-99999	83.195	-0.955399	1	1	1	1	1	197.044	275.517	126.963	-83.9713	-551.531	-532.669	209.996	240.937	288.703	127.404	17.5452	-84.9985	-551.596	-540.227	-532.87	5.05892	12	0	72.0104	83.218	-25.4771	-532.965	83.218	-25.4771	-532.965	
13209	24558	269.59	555.256	262.239	32.6817	31.498	-0.842959	1	1	1	1	1	103.921	228.589	133.056	-89.5004	706.651	655.918	103.247	173.87	229.263	134.173	21.6574	-95.1844	706.862	684.205	654.076	7.71474	8	0	63.1408	31.529	14.8363	431.106	31.529	14.8363	431.106	
13209	28638	49.5826	148.234	48.5123	-99999	-15.97	-0.927597	1	1	1	1	1	264.174	279.58	133.626	88.0169	-873.313	-867.375	259.14	267.11	274.903	133.71	110.441	87.0954	-873.324	-870.243	-867.358	5.28761	6	0	78.2478	-15.963	-42.781	-817.442	3.85695	-0.704171	-758.011	
13209	4517	33.2288	17.6266	2.08414	-99999	69.542	-0.443702	0	0	0	0	0	221.748	220.54	125.876	124.951	-620.932	-622.356	243.642	238.517	232.741	125.965	120.164	111.368	-620.794	-634.607	-647.109	12.4913	6	0	17.6266	-999999	-999999	-999999	-999999	-999999	-999999	
13209	24356	285.811	696.052	285.235	-99999	74.156	-0.9511	1	1	1	1	1	111.095	181.848	133.498	-130.409	459.352	540.194	110.935	145.069	181.803	133.923	1.04068	-130.529	459.238	498.846	540.202	7.56687	7	0	78.9902	69.152	-49.302	169.619	69.152	-49.302	169.619	
13209	64754	148.228	352.524	147.507	104.93	104.203	-0.791724	0	0	0	0	0	135.557	221.419	133.178	13.9708	755.088	763.917	135.214	180.401	221.493	133.639	75.446	13.8547	755.002	762.659	763.914	5.43858	9	0	67.8488	-4.32954	-66.0679	-609.45	-4.32954	-66.0679	-609.45	
13209	27624	284.556	656.974	283.785	-99999	108.91	-0.970686	0	0	0	0	0	139.242	80.238	133.258	-142.588	559.085	566.505	139.126	111.975	79.7407	133.294	-6.17289	-143.192	559.085	563.263	566.649	4.71828	9	0	65.5811	-999999	-999999	-999999	-999999	-999999	-999999	
13209	25848	31.5582	91.848	30.0186	-99999	101.839	-0.517894	0	0	0	0	0	99.7274	74.5283	131.647	115.361	825.397	825.422	99.6109	86.2724	73.1884	131.647	123.222	114.439	825.397	825.146	825.566	18.1086	7	0	65.0188	-12.8502	-28.7826	589.485	-12.8502	-28.7826	589.485	
13209	90539	257.649	700.33	257.272	42.5458	42.089	-0.488755	1	1	1	1	1	285.196	117.832	133.785	32.578	477.265	642.585	285.426	205.675	117.832	133.968	81.725	32.578	477.035	563.509	642.585	4.27067	12	0	72.1912	42.1156	11.1987	587.813	42.1156	11.1987	587.813	
13209	29545	180.161	408.567	179.782	-99999	-13.808	-0.920028	1	1	1	1	1	178.04	152.013	133.5	-34.2407	764.128	819.326	178.055	159.322	152.078	133.5	51.0659	-34.4717	764.128	795.161	819.403	4.90717	12	0	152.782	-13.7954	2.78581	778.486	-13.7954	2.78581	778.486	
13209	26025	215.159	497.68	203.604	-99999	3.791	-0.791669	1	1	1	1	1	61.8902	128.385	66.487	-89.6156	-193.446	-80.9437	61.5823	97.2481	131.944	67.2073	-15.2054	-97.7454	-193.904	-134.69	-75.0641	5.12633	12	0	54.8649	-3.39578	-8.20221	-34.1351	-3.39578	-8.20221	-34.1351	
13209	29865	40.6986	173.562	40.366	-99999	-42.388	-0.743617	0	0	0	0	0	206.14	196.489	132.491	103.526	56.3642	82.3679	206.306	200.652	196.538	132.721	117.403	103.526	56.162	68.2601	82.3679	10.7097	14	0	127.06	-42.354	25.5561	64.5046	-42.354	25.5561	64.5046	
13209	33968	320.811	728.028	320.688	-99999	69.882	-0.954417	1	1	1	1	1	327.841	200.128	132.865	-158.235	-247.798	-228.48	349.758	298.39	222.011	132.974	-18.9038	-158.235	-247.794	-245.095	-228.48	5.38566	9	0	70.7546	69.9088	-4.88487	-242.306	69.9088	-4.88487	-242.306	
13209	30813	230.147	8293.37	186.799	-99999	75.935	-0.74315	1	1	1	1	1	126.061	204.414	132.871	-14.5728	-127.631	-210.929	114.128	162.761	210.576	132.871	42.4101	-47.3833	-127.631	-179.494	-231.016	143.485	8	0	386.535	75.9714	-14.3612	-216.459	75.9714	-14.3612	-216.459	
13209	35133	192.897	400.732	191.684	-99999	45.063	-0.919407	1	1	1	1	1	158.902	141.472	132.561	-32.3032	652.77	722.392	158.991	151.245	141.42	133.531	42.2206	-32.3032	652.332	681.649	722.392	4.30998	10	0	27.0634	45.0906	-12.2741	687.455	45.0906	-12.2741	687.455	
13209	38552	108.396	276.45	108.393	238.985	83.769	-0.784186	0	0	0	0	0	230.804	154.846	133.141	56.797	-860.083	-851.101	230.805	194.282	154.846	133.142	93.284	56.797	-860.083	-857.448	-851.101	5.48441	6	0	88.925	55.8367	29.9545	-857.121	55.8367	29.9545	-857.121	
13209	6764	239.385	685.19	238.853	-99999	61.251	-0.945131	1	1	1	1	1	259.615	200.134	133.132	-89.8724	610.33	548.917	269.35	239.804	209.759	133.633	21.8894	-89.8724	610.461	579.401	548.917	7.32257	14	0	105.279	61.2798	-25.0777	596.848	61.2798	-25.0777	596.848	
13209	7689	58.1037	157.119	50.8567	-99999	13.276	-0.64153	0	0	0	0	0	134.327	154.074	131.891	94.7075	569.863	593.971	136.398	151.389	151.503	131.891	110.356	90.9032	569.863	581.973	597.755	7.57404	11	0	82.9852	13.3084	42.3933	595.626	13.3084	42.3933	595.626	
13209	7835	96.7142	256.702	95.8914	-99999	70.468	-0.902168	0	0	0	0	0	133.04	124.374	132.839	46.8293	-529.288	-488.044	132.959	130.222	124.203	132.839	89.6368	46.0628	-529.288	-507.769	-487.766	5.19568	12	0	80.7216	91.6137	-31.7001	618.467	-29.7363	21.623	-27.4212	
13209	8435	350.807	1152.71	349.342	24.5848	22.652	-0.875467	1	1	1	1	1	325.172	161.421	133.325	-165.906	184.897	260.128	325.605	243.237	161.222	134.247	-15.9563	-166.249	184.646	222.291	260.239	4.72423	10	0	111.292	22.6877	-13.2237	219.244	22.6877	-13.2237	219.244	
13209	8931	65.5306	233.128	64.3893	-99999	71.322	-0.943132	1	1	0	0	0	315.716	336.961	133.019	72.6552	393.684	386.837	337.88	348.538	359.547	133.361	102.619	71.9487	393.725	390.054	386.826	21.7032	10	0	64.0093	71.3284	39.8094	377.476	71.3284	39.8094	377.476	
13209	8499	352.213	1559.59	352.15	88.7791	88.125	-0.87045	1	1	1	1	1	252.454	184.589	133.316	-125.649	150.961	368.68	252.454	207.695	184.59	133.316	-10.1996	-125.678	150.961	241.48	368.716	4.72074	15	0	72.5973	88.1713	-21.9515	256.202	88.1713	-21.9515	256.202	
13209	46957	253.37	743.905	253.369	-99999	42.368	-0.701002	1	1	1	1	1	197.274	345.932	128.379	-51.467	-46.804	-145.478	210.541	284.702	359.199	128.379	38.2401	-51.467	-46.804	-96.0289	-145.478	5.34717	12	0	46.2605	42.3898	-17.3942	-123.506	42.3898	-17.3942	-123.506	
13209	12010	352.768	774.893	350.807	1.06313	-0.854	-0.891971	1	1	1	1	1	260.553	84.4732	133.459	-166.964	630.583	610.234	260.553	176.377	83.8088	133.459	-20.0784	-168.795	630.583	610.157	610.289	5.84091	8	0	73.7308	-0.819291	-47.8729	607.378	-0.819291	-47.8729	607.378	
13209	17783	318.992	672.289	318.393	112.175	110.582	-0.83137	0	0	0	0	0	88.0005	274.04	133.455	-123.282	-116.721	-123.433	87.6769	179.85	274.04	133.948	4.21142	-123.282	-116.758	-109.482	-123.433	5.13027	8	0	72.8038	65.4341	-30.0694	-789.875	65.4341	-30.0694	-789.875	
13209	48540	138.851	311.453	137.899	-99999	-25.742	-0.956416	1	1	1	1	0	330.811	335.449	134.312	3.47682	-511.002	-552.015	322.755	322.819	327.566	134.491	68.7963	2.75717	-510.947	-533.055	-552.158	4.06905	11	0	54.6407	-25.7146	21.8859	-542.271	-25.7146	21.8859	-542.271	
13209	20607	187.017	447.939	179.472	-99999	80.991	-0.993211	1	1	1	1	1	66.4726	76.6129	133.61	-42.0606	-187.53	-199.874	66.38	72.3437	76.3045	133.61	40.3535	-44.2835	-187.53	-188.736	-199.893	16.3501	10	0	77.0742	81.0197	-38.1525	-199.572	81.0197	-38.1525	-199.572	
13209	22586	62.8704	178.924	62.663	93.8198	92.439	-0.786712	1	0	0	0	0	186.041	221.295	133.065	86.4594	62.2019	41.0988	185.931	204.595	221.295	133.223	109.088	86.4594	62.2595	54.7656	41.0988	5.51216	11	0	65.8025	92.4826	23.8085	42.7997	92.4826	23.8085	42.7997	
13209	24133	168.032	369.97	167.853	-721.612	-41.592	-0.839762	0	0	0	0	0	181.764	263.5	112.565	-28.8843	-890.643	-854.74	181.764	219.835	263.577	112.565	40.9045	-29.0394	-890.643	-869.421	-854.737	4.24836	7	0	66.2478	72.3733	-19.3576	220.992	72.3733	-19.3576	220.992	
13209	24221	307.489	713.434	306.742	48.7956	46.962	-0.980191	1	1	1	1	1	230.061	165.224	132.59	-160.355	-332.669	-288.087	230.061	202.437	164.969	132.59	-18.4565	-161.031	-332.669	-325.94	-287.941	5.00875	8	0	73.8177	46.993	-26.3864	-319.276	46.993	-26.3864	-319.276	
13209	967	144.268	368.683	143.581	-99999	44.297	-0.929145	1	1	1	1	1	165.298	130.869	133.265	1.31592	449.498	493.806	165.248	148.703	130.649	133.265	66.4768	0.683074	449.498	470.877	494.006	6.13026	12	0	74.6074	44.3244	10.7551	485.216	44.3244	10.7551	485.216	
13209	92421	106.291	269.14	105.183	-99999	55.668	-0.957496	1	1	1	1	1	294.312	262.98	132.18	33.106	374.468	379.537	311.744	295.04	280.261	132.18	82.0651	32.0205	374.468	370.844	379.428	4.6474	11	0	85.777	55.6942	-13.8742	81.8683	55.6942	-13.8742	81.8683	
13209	24257	228.974	560.597	227.78	70.3883	71.587	-0.833471	1	1	1	1	1	81.1746	218.69	133.439	-44.3418	-261.541	-243.259	80.9283	142.205	218.963	133.848	38.9708	-44.9818	-261.642	-243.662	-243.245	11.5783	7	0	119.304	71.6189	10.8144	-241.435	71.6189	10.8144	-241.435	
13209	7776	337.806	729.516	337.159	-17.5396	-18.516	-0.863201	1	1	1	1	1	134.409	305.707	132.732	-140.59	583.721	492.579	134.117	212.824	305.707	133.286	-11.2053	-140.59	583.87	546.016	492.579	4.39803	9	0	71.9465	-18.486	-16.1958	535.708	-18.486	-16.1958	535.708	
13209	10340	260.852	550.033	258.251	-99999	89.895	-0.835882	1	1	1	1	1	188.611	329.932	132.864	-82.4272	142.763	125.457	216.644	289.945	359.37	133.046	25.44	-84.4131	142.776	135.726	125.192	4.82236	9	0	43.385	89.9282	-46.2849	128.421	38.5582	3.10898	148.478	
13209	14071	370.331	821.275	369.253	292.057	-16.738	-0.713249	1	1	1	0	0	213.703	176.393	131.565	-148.705	-555.057	-318.618	213.819	190.169	176.393	132.324	-8.6321	-148.705	-555.799	-438.389	-318.618	7.82618	14	0	76.3067	-20.1802	-45.1217	-20.9773	-20.1802	-45.1217	-20.9773	
13209	96356	299.899	654.912	296.937	39.7762	38.242	-0.919816	1	1	1	1	1	236.272	104.378	132.233	-131.467	-508.017	-510.749	236.662	179.337	103.549	133.155	-5.1999	-133.216	-508.057	-503.003	-510.489	4.17893	12	0	72.7596	38.246	-37.3451	-505.378	38.246	-37.3451	-505.378	
13209	8535	275.373	589.373	274.246	112.373	108.067	-0.897586	0	0	0	0	0	99.4252	236.24	133.618	-99.6075	-30.4782	-7.92893	99.1498	163.342	236.662	134.201	12.8408	-99.7961	-30.5326	-20.5366	-7.98745	5.4005	6	0	65.9308	70.1769	-75.4506	325.172	70.1769	-75.4506	325.172	
13209	18844	295.819	685.622	294.032	98.0641	96.811	-0.844123	1	1	1	1	1	192.082	336.044	130.236	-109.781	566.33	480.159	191.722	257.699	336.446	130.932	6.9845	-110.48	566.589	520.336	479.662	8.53956	7	0	89.6937	96.844	-8.86207	500.232	96.844	-8.86207	500.232	
13209	24578	248.995	587.421	248.842	-99999	86.461	-0.958707	1	1	1	1	1	78.1773	161.827	133.092	-95.1502	-691.837	-645.491	78.0784	113.014	161.794	133.092	14.7557	-95.2804	-691.837	-675.52	-645.458	6.5048	10	0	74.6966	86.4929	-9.05773	-662.766	86.4929	-9.05773	-662.766	
13209	51555	49.7402	127.861	48.6938	-99999	46.073	-0.758423	1	1	1	1	1	229.869	196.017	133.55	99.7424	272.765	263.857	244.943	227.815	210.445	134.351	116.982	99.7424	272.947	268.203	263.857	4.5021	9	0	51.4455	46.1001	-12.2522	231.958	46.1001	-12.2522	231.958	
13209	27045	22.7284	94.6335	22.7064	-99999	62.547	-0.685375	0	0	0	0	0	243.649	256.861	133.517	118.094	538.158	528.484	263.235	269.736	276.448	133.517	125.637	118.094	538.158	533.256	528.484	5.32083	14	0	89.0278	-999999	-999999	-999999	-999999	-999999	-999999	
13209	48100	239.339	670.842	223.941	-23.8796	-25.197	-0.820937	1	1	1	1	1	173.684	270.202	131.565	-54.0197	-802.447	-882.058	173.61	226.006	274.753	131.698	32.8238	-67.0254	-802.389	-844.537	-888.39	10.8937	7	0	162.214	-25.155	-25.5618	-802.872	-25.155	-25.5618	-802.872	
13209	50140	489.354	1178.3	488.157	103.645	-16.898	-0.363232	1	1	1	1	1	164.539	272.439	134.178	-3.84141	-364.359	88.8145	164.496	213.154	272.439	134.613	62.6378	-3.84141	-365.462	-136.945	88.8145	8.07693	10	0	77.5745	-16.9184	-19.4071	744.782	93.8016	-35.8871	305.868	
13209	40359	72.6347	398.623	72.4484	-99999	-31.879	-0.492595	1	1	1	1	1	61.8365	114.564	86.1072	45.5525	416.639	444.664	61.8693	88.5584	114.601	86.1103	66.0823	45.5525	416.636	430.454	444.664	15.2141	16	0	255.045	-31.8273	-1.11668	481.207	-31.8273	-1.11668	481.207	
13209	37740	341.89	740.976	332.934	50.641	49.801	-0.930162	1	1	1	1	1	216.483	190.629	131.759	-169.11	-447.522	-311.387	216.581	197.652	190.322	132.624	-22.3057	-170.588	-447.833	-378.743	-303.812	5.60479	11	0	75.0267	49.8297	-27.1649	-374.73	49.8297	-27.1649	-374.73	
13209	36444	214.284	500.211	212.637	62.7447	60.715	-0.992381	1	1	1	1	1	221.884	178.676	132.592	-74.437	-822.598	-810.375	221.95	204.445	178.364	133.171	27.6744	-75.4449	-822.619	-819.211	-810.284	7.42196	8	0	75.0309	60.7437	-13.0147	-774.878	60.7437	-13.0147	-774.878	
13209	41508	154.936	401.066	154.201	-99999	101.85	-0.984441	0	0	0	0	0	256.548	268.939	133.173	-20.0129	267.717	276.941	288.384	296.066	300.93	133.48	56.5732	-20.4068	267.714	271.49	276.957	4.94493	6	0	73.2288	70.441	-18.1152	-458.447	46.501	-22.7647	65.489	
13209	38531	218.013	532.587	216.171	-99999	22.994	-0.991166	1	1	1	0	0	338.809	308.552	131.405	-79.6805	773.266	805.701	346.169	330.497	315.826	132.664	25.8809	-80.2276	773.206	787.853	805.763	6.35548	7	0	126.529	23.0168	9.01689	779.905	23.0168	9.01689	779.905	
13209	44364	353.317	824.669	352.828	-99999	0.298	-0.594001	1	1	1	1	1	141.048	137.245	133.238	-58.6969	-832.207	-539.894	141.105	130.702	137.245	133.521	31.8864	-58.6969	-832.586	-688.778	-539.894	4.32955	15	0	75.661	0.327507	-5.59979	-647.527	0.327507	-5.59979	-647.527	
13209	13288	205.97	879.42	205.197	34.7988	33.351	-0.623967	1	1	1	1	1	91.4681	241.12	133.481	5.44984	758.057	702.48	90.8916	169.554	241.12	133.964	72.9562	5.44984	758.213	732.204	702.48	6.79005	9	0	211.244	33.3904	17.1898	721.368	33.3904	17.1898	721.368	
13209	95417	155.306	340.197	154.091	-99999	107.753	-0.866959	0	0	0	0	0	251.524	325.471	132.922	-2.13546	735.779	741.507	284.687	321.909	359.247	133.909	65.828	-2.19745	735.744	738.779	741.509	4.21622	7	0	51.0938	96.4762	72.2813	795.794	96.4762	72.2813	795.794	
13209	96017	28.8169	59.8202	28.8155	-99999	88.638	-0.967669	1	1	1	1	1	218.019	224.266	132.538	104.744	-523.683	-519.404	204.09	206.979	210.337	132.538	118.606	104.744	-523.683	-521.431	-519.404	4.20141	8	0	40.6903	81.8463	-30.0941	349.206	81.8463	-30.0941	349.206	
13279	49934	173.67	430.467	172.815	-99999	5.266	-0.958203	1	1	1	1	1	85.0003	150.452	133.074	-22.489	684.594	711.063	84.7601	115.225	150.447	133.884	53.5683	-22.4901	684.555	695.837	711.064	4.73266	14	0	67.5948	5.29229	8.65966	695.628	5.29229	8.65966	695.628	
13279	49281	350.923	6814.86	350.06	-99999	-5.494	-0.885742	1	1	1	1	1	271.491	190.986	133.707	-160.791	-626.572	-455.914	271.491	231.768	190.841	133.707	-14.0383	-161.519	-626.572	-540.716	-455.769	5.64035	11	0	53.3765	-5.4612	-15.2727	-542.651	-5.4612	-15.2727	-542.651	
13279	50001	118.401	291.084	116.22	-24.1718	-25.867	-0.961762	1	1	1	1	0	222.843	192.915	132.005	21.5292	-493.232	-505.64	222.962	211.845	192.186	132.792	75.7526	20.3964	-493.04	-504.189	-505.503	4.13987	7	0	76.5573	-25.834	9.69049	-508.869	-25.834	9.69049	-508.869	
13279	53361	152.795	361.183	147.898	-99999	28.265	-0.702101	1	1	1	1	1	241.746	347.052	131.677	27.8758	31.8735	33.8356	250.114	304.529	358.935	132.153	78.5753	24.9579	31.8665	33.1626	33.9233	6.31406	9	0	83.4428	28.2981	27.3038	39.5547	28.2981	27.3038	39.5547	
13279	12525	123.119	339.576	122.33	-99999	10.872	-0.980498	1	1	1	1	0	331.209	318.952	131.989	10.9668	-120.909	-113.353	334.701	324.732	322.376	132.516	71.8946	10.7279	-120.965	-117.819	-113.33	7.17516	7	0	115.054	10.8898	22.022	-121.173	10.8898	22.022	-121.173	
13279	48948	212.84	481.843	212.66	13.1844	11.194	-0.856887	1	1	1	1	1	268.835	173.099	133.36	-44.4699	-447.709	-384.213	268.835	224.729	173	133.36	43.7381	-44.5727	-447.709	-411.146	-384.12	4.52493	11	0	68.3888	11.2161	-3.80613	-403.748	11.2161	-3.80613	-403.748	
13279	50018	208.296	516.123	207.729	-99999	112.44	-0.795066	0	0	0	0	0	88.1574	108.385	134.464	-15.772	-586.131	-445.535	88.0288	98.4223	108.315	134.464	59.6015	-16.1682	-586.131	-514.667	-445.169	5.30306	14	0	71.9171	82.6866	15.3895	-492.03	82.6866	15.3895	-492.03	
13279	53781	260.758	611.734	260.755	-99999	-42.365	-0.882546	1	1	1	1	1	201.142	137.788	133.203	-95.8145	203.71	309.397	201.191	165.65	137.837	133.203	17.5738	-95.8145	203.71	252.131	309.397	5.86959	11	0	72.9166	-42.3364	-24.1081	267.883	-42.3364	-24.1081	267.883	
13279	48522	485.042	1310.28	484.037	-99999	28.259	-0.566664	1	1	1	1	1	328.999	322.125	133.499	-118.173	-568.461	-164.659	337.847	335.476	330.929	133.62	-5.25184	-118.226	-568.64	-372.46	-164.371	4.44733	12	0	60.1416	28.2821	-30.7548	-345.98	28.2821	-30.7548	-345.98	
13279	53572	158.642	400.282	157.311	-99999	92.667	-0.609673	1	1	1	1	1	215.369	190.819	131.917	31.7278	590.179	472.461	244.387	234.962	219.395	131.917	82.096	30.7717	590.179	529.316	471.651	4.43891	14	0	66.043	92.7038	-3.08867	505.895	92.7038	-3.08867	505.895	
13279	54614	382.779	1699.3	380.6	58.5379	56.896	-0.764945	1	1	1	1	1	147.065	296.994	132.625	-155.862	747.413	552.135	146.842	227.303	297.556	133.124	-13.9073	-156.685	747.766	655.775	550.984	4.94349	19	0	79.4476	56.9295	-22.129	632.811	56.9295	-22.129	632.811	
13279	56643	294.875	611.818	292.628	19.5397	17.477	-0.831732	1	1	1	1	1	180.435	306.807	134.791	-100.41	34.8686	-74.3397	180.395	251.287	306.986	134.86	13.0572	-101.807	34.8908	-7.17203	-75.8211	14.942	18	0	68.5929	21.2739	-35.7414	670.831	10.4239	-4.36925	-133.028	
13279	59883	145.009	366.114	143.578	-99999	-3.227	-0.985749	1	1	1	1	1	172.042	191.534	131.796	-9.71096	-29.769	-19.4431	171.96	180.017	191.667	132.678	61.0337	-10.2192	-29.9001	-22.8415	-19.3859	6.06779	10	0	95.5772	-11.8854	-43.8398	-203.705	-11.8854	-43.8398	-203.705	
13279	8810	337.033	843.433	336.462	-99999	24.046	-0.797241	1	1	1	1	1	206.46	96.1991	130.005	-123.565	-725.204	-536.193	206.432	156.619	96.1099	130.005	-0.714971	-123.987	-725.204	-631.701	-535.815	12.0069	15	0	158.688	24.08	-39.2936	-598.891	24.08	-39.2936	-598.891	
13279	59832	304.496	795.484	304.481	-99999	105.115	-0.982041	0	0	0	0	0	296.762	326.167	134.249	-166.006	708.839	749.151	329.678	344.794	359.083	134.249	-15.7456	-166.006	708.839	730.023	749.151	5.33986	10	0	53.3896	-999999	-999999	-999999	-999999	-999999	-999999	
13279	55762	385.323	3797.6	383.227	-20.979	-22.972	-0.736551	1	1	1	1	1	214.128	122.137	131.563	-127.449	251.688	514.424	214.231	173.732	121.959	132.669	-2.88492	-127.728	250.677	381.31	514.912	5.44641	16	0	2931.07	-22.9323	-30.1171	411.199	-22.9323	-30.1171	411.199	
13279	62394	296.417	703.428	295.591	-99999	47.644	-0.546941	1	1	1	1	1	197.417	344.287	132.228	-13.3861	454.626	243.478	211.994	285.468	359.257	132.623	60.0829	-13.4386	455.12	348.828	243.402	19.6908	14	0	65.4915	47.6818	-17.7342	217.74	47.6818	-17.7342	217.74	
13279	10296	77.5802	211.198	75.9922	-99999	100.265	-0.948057	1	1	0	0	0	144.379	136.012	133.682	63.9482	-48.7729	-29.3483	144.264	136.575	135.638	133.682	97.8058	63.2826	-48.7729	-39.9988	-29.3518	4.62996	10	0	99.3519	100.287	31.4748	-28.5415	100.287	31.4748	-28.5415	
13279	60475	185.702	410.097	184.063	-32.3858	-34.16	-0.955466	1	1	1	1	1	236.129	188.737	132.043	-42.1803	-602.973	-570.06	236.324	209.81	188.611	132.876	45.1547	-42.9236	-603.141	-588.562	-569.947	4.33248	10	0	74.8746	-34.1404	-8.34146	-540.72	-34.1404	-8.34146	-540.72	
13279	62741	337.341	843.54	336.431	-13.3916	-13.908	-0.803525	1	1	1	1	1	214.757	161.816	131.661	-111.45	373.864	582.405	214.757	198.112	161.816	131.661	1.74173	-111.45	373.864	479.259	582.405	18.9632	6	0	124.83	-13.8679	-25.8253	505.935	-13.8679	-25.8253	505.935	
13279	64627	101.388	271.546	101.384	-99999	88.6	-0.881845	1	1	0	0	0	107.074	86.016	134.042	49.3082	582.126	632.715	106.972	97.2249	85.9147	134.042	89.9233	49.3082	582.126	605.021	632.715	4.66069	11	0	71.6486	88.6242	54.9919	615.506	88.6242	54.9919	615.506	
13279	64987	132.487	232.803	108.514	-99999	85.915	-0.757009	1	1	1	0	0	61.7317	96.9267	-37.6244	-133.049	-221.25	-190.65	61.3682	86.4726	96.9545	-37.1836	-92.4244	-153.204	-221.515	-196.723	-201.898	4.17816	7	0	45.0384	85.9414	-34.459	-220.891	85.9414	-34.459	-220.891	
13279	62883	293.976	673.749	293.859	46.5193	44.342	-0.741908	1	1	1	1	1	145.243	217.001	133.331	-95.7345	-465.177	-626.492	145.218	192.341	217.001	133.416	24.0457	-95.7345	-465.105	-550.878	-626.492	4.47596	12	0	78.4427	44.3763	-13.5757	-557.849	44.3763	-13.5757	-557.849	
13279	17688	536.55	2143.68	536.025	119.404	114.298	-0.571332	0	0	0	0	0	348.401	140.517	133.654	-157.437	-248.418	148.855	348.595	239.787	140.517	133.947	-15.5557	-157.437	-248.794	-54.5147	148.855	25.2212	14	0	949.686	-999999	-999999	-999999	-999999	-999999	-999999	
13279	44192	374.195	882.754	373.651	-99999	56.943	-0.653041	1	1	1	1	1	191.182	124.493	132.037	-126.075	-290.428	-32.9413	191.231	157.801	124.427	132.379	6.29379	-126.075	-290.813	-156.75	-32.9413	7.40042	15	0	82.9283	56.9803	-26.7835	-122.317	56.9803	-26.7835	-122.317	
13279	43376	112.399	271.046	110.98	-99999	65.987	-0.182098	0	0	0	0	0	261.393	329.212	133.039	105.378	-672.717	-589.715	281.867	318.476	350.496	133.091	119.923	105.041	-672.911	-632.43	-588.82	5.5832	7	0	78.0162	27.4514	62.6796	-607.392	27.4514	62.6796	-607.392	
13279	46261	329.716	783.622	329.447	-99999	51.369	-0.937911	1	1	1	1	1	210.503	342.398	126.656	-163.464	402.77	320.663	226.507	291.724	358.484	126.902	-18.7711	-163.464	402.802	361.738	320.663	4.74926	11	0	55.5346	51.4012	-47.0906	351.549	51.4012	-47.0906	351.549	
13279	47581	175.959	459.059	175.819	-36.4907	-37.739	-0.376178	1	1	1	1	1	238.753	176.835	132.674	66.4008	736.847	589.016	238.775	217.584	176.835	132.722	95.396	66.4008	736.971	660.267	589.016	8.18226	6	0	131.58	-37.6927	9.42297	629.801	-37.6927	9.42297	629.801	
13279	42262	61.8937	139.128	61.8714	-99999	113.663	-0.944887	0	0	0	0	0	307.606	323.631	133.871	74.8459	439.831	430.668	343.199	351.293	359.223	133.871	104.335	74.8459	439.831	435.432	430.668	5.48226	14	0	49.932	79.7832	-99.2796	-822.566	7.47319	-41.4944	-442.714	
13279	42070	167.041	468.028	167.024	-99999	21.421	-0.704758	1	1	1	0	0	101.612	105.242	121.098	-11.8485	-886.272	-793.055	101.588	93.7021	105.218	121.098	54.4949	-11.8485	-886.272	-837.667	-793.055	6.54102	8	0	140.354	21.4439	18.6919	-794.976	21.4439	18.6919	-794.976	
13279	44460	72.7596	302.343	71.7064	-99999	18.864	-0.572532	1	1	1	1	1	136.698	108.223	133.619	90.1246	-830.089	-787.99	136.676	121.931	108.202	133.619	114.454	90.1246	-830.089	-806.173	-787.99	4.11564	12	0	43.5842	18.8902	40.8628	-753.982	18.8902	40.8628	-753.982	
13279	9312	372.563	862.97	371.08	112.639	110.702	-0.766282	0	0	0	0	0	166.563	245.979	133.645	-127.041	305.373	555.092	166.551	211.898	246.386	133.832	-0.042982	-127.798	305.221	426.32	555.973	8.53974	6	0	88.8056	-999999	-999999	-999999	-999999	-999999	-999999	
13279	51868	230.366	496.514	230.36	-544.018	42.397	-0.837424	0	0	0	0	0	143.393	270.278	133.152	-52.2312	-133.272	-181.232	143.393	207.228	270.278	133.153	39.5362	-52.2312	-133.272	-153.504	-181.232	5.83393	9	0	67.3287	74.6291	50.0301	639.627	74.6291	50.0301	639.627	
13279	48879	219.283	532.433	215.682	-99999	7.959	-0.844173	1	1	1	1	1	152.308	184.075	132.914	-56.259	608.767	702.658	152.224	174.642	182.924	133.226	37.9443	-58.5715	608.583	657.767	704.592	6.09522	10	0	80.2879	7.99571	-1.38256	658.698	7.99571	-1.38256	658.698	
13279	50801	179.761	396.32	177.369	-99999	-31.069	-0.934857	1	1	1	1	1	246.937	301.029	132.543	-35.5427	226.041	238.314	236.949	264.933	291.808	133.24	48.1526	-37.0938	225.98	233.208	238.141	4.70092	11	0	72.3894	-31.0506	-6.00451	227.78	-31.0506	-6.00451	227.78	
13279	51665	210.531	503.22	208.475	98.5719	95.591	-0.892837	1	1	1	1	1	167.36	245.024	132.907	-52.5995	566.029	514.521	167.195	207.848	245.768	133.265	38.8447	-54.0277	566.102	544.353	514.182	5.29098	8	0	88.534	95.6265	-4.40472	540.232	95.6265	-4.40472	540.232	
13279	52756	71.7168	202.361	71.6059	-99999	71.388	-0.989307	0	0	0	0	0	160.992	157.49	133.444	62.0302	-782.655	-783.222	160.91	157.778	157.399	133.444	97.7577	61.9229	-782.655	-782.883	-783.224	7.15774	7	0	76.6728	71.409	29.0102	-762.853	71.409	29.0102	-762.853	
13279	53836	341.983	800.469	336.493	-99999	-45.083	-0.91871	1	1	1	1	1	109.35	158.783	133.203	-152.138	-435.835	-269.204	109.371	130.307	161.429	133.381	-14.6056	-154.174	-435.903	-353.349	-265.077	6.82488	13	0	74.497	-45.0509	-13.1494	-355.405	-45.0509	-13.1494	-355.405	
13279	56070	136.513	373.857	125.199	-99999	87.231	-0.964581	1	1	0	0	0	278.988	299.938	122.406	2.13444	885.524	859.698	304.217	315.655	327.254	133.332	66.9528	2.13444	887.562	876.65	859.698	6.311	9	0	68.9581	96.4214	-6.23646	776.332	-0.438593	-25.3514	828.518	
13279	11918	73.6731	212.306	72.7846	-99999	39.297	-0.982093	1	0	0	0	0	69.5725	87.2579	132.932	63.6162	-194.291	-185.112	69.3717	78.1838	87.2159	133.775	98.0421	63.592	-194.315	-193.308	-185.101	4.99098	14	0	80.6436	39.3126	64.7948	-192.082	39.3126	64.7948	-192.082	
13279	71899	50.4584	164.848	47.5201	-99999	93.681	-0.625322	0	0	0	0	0	177.481	170.801	133.307	99.5526	292.945	325.148	177.374	172.285	170.386	133.307	116.362	97.6978	292.945	310.795	327.383	7.86936	16	0	94.9345	93.7269	30.9083	316.156	93.7269	30.9083	316.156	
13279	73037	333.515	753.046	332.713	-99999	42.102	-0.651435	1	1	1	1	1	288.735	197.944	133.362	-72.0938	36.77	-207.122	302.088	255.625	211.128	133.877	28.6855	-72.0938	37.3376	-83.3989	-207.122	4.68037	6	0	47.9905	42.1465	-9.92535	-135.369	42.1465	-9.92535	-135.369	
13279	76870	340.795	724.428	317.675	-99999	44.394	-0.948611	1	1	1	1	1	126.049	114.034	134.126	-164.322	-353.204	-264.471	126.012	113.934	113.581	134.207	-32.3652	-168.825	-353.223	-321.433	-243.896	7.58147	8	0	52.4524	44.4331	-29.2528	-316.003	44.4331	-29.2528	-316.003	
13279	72766	380.942	985.976	380.935	44.4455	44.314	-0.725675	1	1	1	1	1	142.813	311.565	133.751	-145.805	-427.475	-622.128	142.813	227.953	311.565	133.751	-7.52613	-145.805	-427.475	-522.059	-622.128	5.00725	13	0	81.5227	44.3297	-39.0737	-543.745	44.3297	-39.0737	-543.745	
13279	7767	221.961	495.387	220.632	-99999	76.724	-0.639236	1	1	1	1	1	198.043	347.103	128.946	-6.94946	-104.624	-193.915	209.168	284.134	359.16	129.796	61.4064	-6.94946	-104.21	-149.108	-193.915	7.52608	9	0	41.0449	76.7526	6.03018	-173.59	76.7526	6.03018	-173.59	
13279	67948	206.086	497.729	205.36	-99999	37.504	-0.673662	1	1	1	1	1	67.3309	216.335	91.6751	-45.9747	-850.089	-818.223	60.9207	135.861	210.442	92.1661	23.3689	-45.9747	-850.215	-833.846	-818.223	4.24077	8	0	53.2608	37.5449	-6.31228	-791.403	37.5449	-6.31228	-791.403	
13279	1080	432.633	1088.02	432.623	76.7277	77.004	-0.652662	1	1	1	1	1	291.213	77.1463	133.084	-144.032	21.8839	261.982	291.213	170.463	77.1463	133.084	-12.8368	-144.032	21.8839	125.824	261.982	5.04346	10	0	81.7781	77.0367	-39.3448	148.545	77.0367	-39.3448	148.545	
13279	52550	289.334	668.561	287.958	95.021	92.939	-0.67204	1	1	1	1	1	227.231	133.575	131.715	-39.3436	-425.246	-218.636	227.488	190.815	133.546	132.61	40.3818	-39.3464	-426.195	-321.091	-218.612	4.99027	10	0	75.8197	92.9788	-8.39696	-284.85	92.9788	-8.39696	-284.85	
13279	52338	184.821	423.278	184.653	-99999	48.201	-0.862573	1	1	1	1	1	130.478	159.165	131.77	-26.8257	-446.758	-358.184	130.423	141.587	159.153	131.77	52.4729	-26.9806	-446.758	-400.757	-358.148	5.57571	11	0	102.67	48.2329	5.50929	-385.698	48.2329	5.50929	-385.698	
13279	51189	359.197	573.798	358.088	-99999	11.426	-0.624291	1	1	1	1	1	108.859	112.2	34.5358	-136.507	-890.578	-604.823	108.846	111.485	112.103	34.5358	-67.4729	-136.634	-890.578	-748.986	-604.095	4.72319	9	0	33.6481	11.4489	-37.4129	27.0373	11.4489	-37.4129	27.0373	
13279	12650	273.506	558.999	271.543	-99999	57.614	-0.598775	1	1	1	1	1	242.182	200.944	133.329	-9.82428	-187.899	-414.774	251.31	231.476	209.802	133.949	60.6647	-10.3468	-187.1	-300.816	-415.536	5.48537	14	0	54.819	57.6687	-26.3329	-450.209	57.6687	-26.3329	-450.209	
13279	6094	97.8466	219.882	97.3825	-99999	60.36	-0.904069	1	1	0	0	0	295.103	340.266	131.048	44.7775	224.258	224.623	313.809	336.356	359.167	131.468	88.0559	44.7775	224.245	224.565	224.623	4.99597	7	0	43.1194	60.3738	50.1664	220.476	60.3738	50.1664	220.476	
13279	49953	401.187	895.192	400.712	31.3649	29.331	-0.574441	1	1	1	1	1	154.038	260.806	133.745	-57.3558	-107.828	-441.2	153.898	218.528	260.806	134.02	32.0473	-57.3558	-107.474	-267.572	-441.2	4.55631	13	0	86.0623	29.3664	-8.76356	-308.4	29.3664	-8.76356	-308.4	
13279	51691	240.459	653.855	239.746	51.9985	48.978	-0.908799	1	1	1	1	1	137.674	221.597	133.01	-74.7731	126.607	46.2072	137.55	178.431	221.744	133.36	25.3453	-74.9087	126.706	93.8352	46.1353	4.40779	10	0	72.6164	49.0072	-7.34564	89.0499	49.0072	-7.34564	89.0499	
13279	53011	93.3946	189.914	87.1966	-99999	82.195	-0.947538	1	1	0	0	0	304.697	333.367	129.084	47.0394	389.603	395.387	328.595	342.393	359.238	134.597	90.0726	46.6837	389.41	391.976	395.391	4.47339	9	0	39.352	82.2138	6.56482	393.076	82.2138	6.56482	393.076	
13279	56385	324.248	776.155	322.439	1.09112	0.187	-0.956241	1	1	1	1	1	260.764	154.084	132.802	-169.204	-568.063	-584.778	260.808	210.469	153.715	132.976	-19.4512	-170.681	-568.034	-590.153	-584.965	8.22177	6	0	89.2817	0.230771	-27.5872	-581.372	0.230771	-27.5872	-581.372	
13279	57105	437.291	995.076	435.244	46.3078	44.547	-0.709013	1	1	1	1	1	272.759	203.572	132.529	-155.331	-447.795	-132.603	272.974	250.587	203.481	133.658	-4.71809	-155.668	-448.888	-281.341	-132.317	6.20617	15	0	78.5039	44.5815	-13.9564	-283.064	44.5815	-13.9564	-283.064	
13279	56147	68.6122	252.438	68.0312	-99999	98.769	-0.491163	1	1	1	0	0	146.508	97.5247	131.472	97.9367	-367.119	-333.912	146.821	122.12	97.4117	131.755	114.584	97.9367	-367.395	-350.905	-333.912	4.33685	11	0	61.7906	98.801	33.9731	-322.914	98.801	33.9731	-322.914	
13279	54355	149.988	375.111	149.846	-99999	16.781	-0.968186	1	1	1	1	0	70.8781	91.9255	131.108	-14.9715	-528.977	-508.195	70.8543	82.6825	91.9063	131.233	58.2878	-14.9715	-529.01	-518.416	-508.195	4.36541	10	0	74.4812	13.5656	-29.8749	-378.7	13.5656	-29.8749	-378.7	
13279	58104	286.23	711.329	286.207	-99999	20.603	-0.996861	1	1	1	1	1	154.933	156.462	132.62	-149.791	-747.041	-718.813	154.909	170.937	156.439	132.62	-8.7414	-149.791	-747.041	-732.523	-718.813	7.74282	10	0	89.658	20.6274	-27.6232	-717.439	20.6274	-27.6232	-717.439	
13279	54648	281.678	567.947	281	-44.5895	-46.04	-0.980372	1	1	1	1	1	242.424	193.699	132.878	-139.806	-824.242	-789.124	242.482	225.317	193.631	133.378	-4.5445	-139.929	-824.32	-802.818	-789.115	4.66294	7	0	71.787	-40.5708	-28.4884	663.759	-40.5708	-28.4884	663.759	
13279	56258	344.177	732.275	342.217	39.2405	37.609	-0.857589	1	1	1	1	1	181.065	243.94	131.525	-160.654	518.007	358.953	180.899	199.809	243.94	133.169	-11.5676	-160.654	518.971	427.927	358.953	9.1783	10	0	74.8846	37.6402	-25.649	417.92	37.6402	-25.649	417.92	
13279	14016	256.367	593.085	255.75	91.3085	88.941	-0.499867	1	1	1	1	1	147.591	265.204	131.609	-25.6524	-429.929	-270.504	147.576	196.718	265.571	131.627	46.5883	-25.8234	-429.969	-347.996	-270.111	7.78261	9	0	100.665	92.7723	-27.0689	-255.78	37.4123	-29.815	-430.961	
13279	62927	173.773	417.203	171.856	-99999	53.772	-0.896666	1	1	1	1	1	90.8512	104.891	133.157	-16.0204	597.107	671.079	90.7533	104.238	105.224	133.428	54.7645	-17.3398	596.978	631.055	671.486	6.72608	10	0	83.0193	53.7983	24.8389	643.093	53.7983	24.8389	643.093	
13279	62253	306.839	669.165	304.464	78.4617	77.649	-0.943001	1	1	1	1	1	266.365	179.666	132.778	-154.881	831.392	787.451	266.676	218.539	179.229	133.724	-10.3309	-156.17	831.49	811.131	787.454	7.29286	7	0	73.4863	77.6765	-21.503	769.948	77.6765	-21.503	769.948	
13279	69331	320.08	731.608	319.891	-99999	90.659	-0.821394	1	1	1	1	1	202.117	115.197	133.074	-125.087	-426.689	-262.571	202.071	160.638	115.093	133.227	-1.17532	-125.087	-426.779	-350.535	-262.571	4.52083	16	0	76.6017	90.6857	-31.2272	-327.684	90.6857	-31.2272	-327.684	
13279	68358	146.511	363.077	146.487	-99999	58.451	-0.978592	1	1	1	1	0	103.531	119.661	133.098	-4.36152	-251.602	-209.523	103.464	113.048	119.594	133.098	61.7408	-4.36152	-251.602	-238.346	-209.523	5.14621	11	0	92.9293	58.4738	18.7582	-224.713	58.4738	18.7582	-224.713	
13279	67139	213.685	498.842	213.675	-99999	11.881	-0.382567	1	1	1	1	1	139.058	117.053	134.082	43.6435	-238.135	-47.3921	139.044	121.874	117.039	134.082	93.7917	43.6435	-238.135	-140.772	-47.3921	5.47081	9	0	89.866	5.10891	51.1548	53.0004	5.10891	51.1548	53.0004	
13279	70379	190.808	433.755	162.997	-99999	40.416	-0.983767	1	1	1	0	0	68.4214	73.3644	133.763	-16.6655	251.226	294.503	68.3752	74.3301	73.1288	133.763	40.8971	-16.4411	251.226	271.409	321.833	33.2414	6	0	68.6647	40.4364	18.4945	270.031	40.4364	18.4945	270.031	
13279	74560	100.194	249.442	98.3065	-99999	105.182	-0.977364	0	0	0	0	0	219.378	186.793	132.084	40.5925	-544.756	-545.731	252.448	238.734	219.209	132.87	85.1041	39.6559	-544.667	-550.41	-545.585	4.46591	6	0	80.2016	-999999	-999999	-999999	-999999	-999999	-999999	
13279	76647	170.924	336.616	169.028	-99999	78.535	-0.93484	1	1	1	0	0	290.926	234.292	132.947	-23.9695	-864.761	-841.094	315.739	286.014	258.558	133.561	54.9603	-25.1531	-864.841	-849.564	-841.008	5.54961	9	0	80.9786	78.5654	12.3941	-806.941	78.5654	12.3941	-806.941	
13279	77802	213.337	565.009	212.666	-99999	83.471	-0.908948	1	1	1	1	1	138.043	223.869	132.946	-56.4463	-827.874	-783.375	124.71	167.344	210.775	133.507	38.1183	-56.4953	-828.001	-806.56	-783.364	4.05321	10	0	48.0282	83.5018	-16.686	-759.649	83.5018	-16.686	-759.649	
13279	73203	599.425	1303	598.536	15.0669	12.883	-0.59691	1	1	1	1	1	245.465	113.823	133.548	-156.756	-197.372	-701.455	245.514	192.67	113.678	133.771	-25.452	-156.994	-197.09	-445.215	-701.889	4.42615	9	0	78.7769	12.9397	-34.0062	-482.202	12.9397	-34.0062	-482.202	
13279	80248	202.094	487.319	199.805	-99999	0.712	-0.991253	1	1	1	1	1	257.643	253.569	125.375	-73.3651	883.115	867.654	257.913	252.429	253.754	126.428	26.0608	-74.5667	883.249	873.413	867.496	4.61005	14	0	66.8969	0.742236	-12.3763	801.716	0.742236	-12.3763	801.716	
13279	79857	247.816	626.599	246.833	-99999	75.666	-0.93075	1	1	1	1	1	207.935	148.187	133.722	-75.509	-519.646	-407.836	207.849	182.118	147.801	133.722	21.6514	-76.1767	-519.646	-473.836	-407.186	4.62367	13	0	73.156	75.6967	-20.3472	-383.517	75.6967	-20.3472	-383.517	
13279	78899	245.778	556.149	244.856	-28.0131	-30.177	-0.90089	1	1	1	1	1	246.036	198.973	132.453	-82.0137	-234.509	-337.857	246.036	226.373	198.713	132.453	28.2568	-82.8843	-234.509	-296.38	-337.874	4.05156	7	0	73.7032	-30.139	-11.0868	-304.427	-30.139	-11.0868	-304.427	
13279	81419	272.567	663.207	270.081	96.3266	97.456	-0.891194	1	1	1	1	1	131.703	263.802	133.083	-74.944	615.712	713.448	131.231	181.981	264.458	134.54	22.6115	-75.4848	615.171	673.223	713.445	9.24844	8	0	77.243	97.4938	-2.62098	670.421	97.4938	-2.62098	670.421	
13279	83939	173.893	394.281	173.517	-99999	-2.35	-0.960788	1	1	1	0	0	62.4531	91.7297	134.445	-33.8806	-463.23	-438.301	62.4558	76.4477	91.8039	134.445	50.4579	-34.2439	-463.23	-445.802	-438.333	7.02142	6	0	79.4542	-2.31991	8.74732	-435.969	-2.31991	8.74732	-435.969	
13279	80247	251.282	2573.28	250.863	60.4163	60.123	-0.660456	1	1	1	1	1	324.945	185.937	133.713	-20.1598	-24.1138	112.708	324.945	248.801	185.758	133.713	52.7009	-20.4775	-24.1138	33.6328	112.885	5.89182	12	0	73.6029	60.1494	15.8929	44.9255	60.1494	15.8929	44.9255	
13279	87940	315.223	1481.79	314.488	77.8312	78.197	-0.502698	1	1	1	1	1	74.0975	321.594	134.625	-13.4856	-441.582	-566.684	73.6728	197.403	321.706	134.917	60.3172	-13.5719	-441.328	-504.236	-566.731	23.5732	22	0	725.451	78.2423	-22.2255	-567.194	78.2423	-22.2255	-567.194	
13279	52585	164.687	389.032	162.226	-99999	17.73	-0.964022	1	1	1	1	1	308.96	273.572	133.291	-19.8631	-150.837	-114.757	314.682	298.018	279.231	134.253	56.6809	-21.3143	-151.032	-129.169	-114.849	5.05543	10	0	79.3775	17.7623	12.6775	-130.641	17.7623	12.6775	-130.641	
13279	58757	241.018	526.04	237.546	117.565	115.477	-0.958293	0	0	0	0	0	254.155	172.112	131.512	-89.3149	-275.372	-257.694	254.404	222.045	171.234	132.386	17.0146	-91.6526	-275.452	-262.772	-257.181	6.47511	7	0	77.0894	29.884	-32.3875	-38.0212	29.884	-32.3875	-38.0212	
13279	57212	449.948	1430.99	448.663	7.56133	23.226	-0.73869	1	1	1	1	1	290.973	203.648	133.571	-161.95	-75.1677	-400.091	291.018	244.974	203.609	133.794	-17.453	-162.357	-74.9757	-234.972	-400.978	4.96727	10	0	62.6833	23.2474	-10.6822	-228.305	23.2474	-10.6822	-228.305	
13279	17825	181.064	418.039	179.835	-99999	110.906	-0.654288	0	0	0	0	0	206.576	157.304	133.183	9.81929	311.592	430.918	206.449	184.58	157.039	133.183	73.3279	9.41011	311.592	375.842	432.059	14.7462	22	0	90.1088	-999999	-999999	-999999	-999999	-999999	-999999	
13279	56866	80.9452	156.823	80.0673	-99999	81.987	-0.965453	1	1	1	1	1	212.184	224.195	132.604	55.9193	-868.237	-849.337	199.187	207.091	211.311	133.447	94.6965	55.9193	-868.439	-859.906	-849.337	4.27392	9	0	43.556	82.024	-19.0546	-778.488	82.024	-19.0546	-778.488	
13279	8179	49.4625	120.802	48.2965	-99999	113.808	-0.386169	0	0	0	0	0	298.036	323.613	132.792	115.057	866.815	829.89	333.059	346.103	359.251	133.246	123.949	115.057	867.694	848.852	829.89	4.27637	13	0	57.5479	-999999	-999999	-999999	-999999	-999999	-999999	
13279	60432	102.404	244.102	101.815	-99999	81.791	-0.840482	1	1	0	0	0	195.06	133.849	132.943	53.0498	303.653	309.702	195.293	168.559	133.755	133.426	89.8157	53.0498	303.612	304.005	309.702	4.013	7	0	66.6261	81.825	20.5169	307.31	81.825	20.5169	307.31	
13279	7999	227.439	553.955	227.435	-99999	69.162	-0.980957	1	1	1	1	1	307.075	337.366	133.399	-90.7312	184.751	208.289	328.732	343.899	359.023	133.399	21.2937	-90.7312	184.751	196.266	208.289	4.38398	10	0	48.6716	69.1825	-34.0855	228.244	69.1825	-34.0855	228.244	
13279	11869	89.1577	234.105	88.1541	-99999	94.715	-0.983342	1	1	1	0	0	137.943	128.718	131.529	44.7148	22.7528	34.317	137.968	132.334	128.567	132.271	88.3782	44.4754	22.7263	27.7014	34.3508	4.37541	9	0	71.5483	94.7456	32.6493	29.9413	94.7456	32.6493	29.9413	
13279	2208	309.495	699.594	308.389	-99999	90.402	-0.88809	1	1	1	1	1	184.445	329.538	133.266	-138.535	249.625	259.022	212.593	283.094	358.232	133.562	-4.00956	-139.197	249.609	256.237	259.023	6.30742	7	0	65.5188	90.4327	-48.382	246.968	90.4327	-48.382	246.968	
13279	66469	91.6733	261.897	90.5599	-99999	111.47	-0.777105	0	0	0	0	0	92.8243	76.3829	134.197	68.6993	-632.419	-572.214	92.6968	85.3837	76.0516	134.197	100.297	67.9765	-632.419	-602.477	-571.395	4.22336	18	0	73.8781	11.1441	31.4648	-478.576	11.1441	31.4648	-478.576	
13279	69709	300.413	753.933	298.13	-99999	6.77	-0.979978	1	1	1	1	1	208.174	165.547	133.421	-151.861	245.727	318.719	208.166	183.696	165.222	133.421	-11.0628	-153.972	245.727	278.45	319.51	5.77988	19	0	77.2185	4.62502	-35.3333	408.371	4.62502	-35.3333	408.371	
13279	70817	282.709	600.931	281.058	-99999	36.684	-0.912814	1	1	1	1	0	164.656	107.368	130.471	-117.831	-876.401	-763.239	164.733	135.526	107.799	130.957	2.00486	-118.803	-876.585	-826.679	-762.984	9.57252	7	0	67.2156	36.7163	-36.8933	-779.416	36.7163	-36.8933	-779.416	
13279	71571	290.841	832.599	289.65	16.2262	-36.681	-0.786263	0	0	0	0	0	242.264	135.584	134.341	-106.485	-789.716	-674.17	242.264	184.75	135.242	134.341	20.2937	-107.614	-789.716	-720.374	-674.055	5.20346	10	0	83.6106	13.6704	-25.478	-695.995	13.6704	-25.478	-695.995	
13279	66865	305.243	695.424	303.58	-99999	-20.165	-0.977818	1	1	1	1	1	208.732	147.386	129.668	-166.373	547.143	564.995	209.009	178.156	147.422	130.905	-18.2219	-166.753	547.069	555.993	564.947	7.35132	7	0	77.6006	-20.1348	-29.5241	565.353	-20.1348	-29.5241	565.353	
13279	66865	103.07	223.353	102.142	-99999	58.408	-0.982613	1	1	1	0	0	328.512	340.762	132.463	31.3583	747.568	753.956	346.66	353.133	359.053	133.339	82.4081	31.3264	747.47	751.876	753.953	4.00412	13	0	49.485	58.4252	-24.5461	760.453	58.4252	-24.5461	760.453	
13279	89456	79.7843	214.106	79.074	-99999	-31.992	-0.434456	1	1	1	1	1	232.889	220.269	131.595	95.839	-613.174	-543.789	222.955	216.691	210.24	131.872	113.798	95.8081	-613.746	-578.743	-543.729	4.35104	9	0	80.1119	-31.9554	-28.1797	-285.768	-31.9554	-28.1797	-285.768	
13279	68798	277.413	732.383	276.539	-99999	31.451	-0.797538	1	1	1	1	0	187.249	79.3956	117.912	-117.435	-888.103	-791.235	187.213	131.938	79.0475	117.912	0.362886	-118.177	-888.103	-839.733	-790.91	22.2142	12	0	81.6729	31.4851	-62.6347	-790.202	31.4851	-62.6347	-790.202	
13279	71003	213.449	469.142	212.754	59.1836	57.315	-0.726287	1	1	1	1	1	194.255	265.645	132.659	-13.7271	-691.778	-827.366	194.144	223.283	265.645	133.161	59.3086	-13.7271	-691.319	-762.412	-827.366	4.59622	15	0	43.3372	57.3534	1.40753	-753.579	57.3534	1.40753	-753.579	
13279	75576	70.7695	169.371	70.2643	84.852	77.341	-0.521185	1	1	1	1	1	193.421	235.576	133.933	103.059	287.107	333.48	193.421	215.115	235.874	133.933	116.031	102.949	287.107	308.563	333.871	4.04789	9	0	65.516	77.3814	-3.46526	385.184	77.3814	-3.46526	385.184	
13279	74893	159.965	405.032	159.146	110.853	108.149	-0.861439	0	0	0	0	0	262.915	198.413	132.67	-4.75023	580.463	549.076	263.177	234.257	198.413	133.362	62.6048	-4.75023	580.773	557.538	549.076	10.6972	25	0	103.251	-999999	-999999	-999999	-999999	-999999	-999999	
13279	73369	293.476	646.883	291.513	-99999	-0.979	-0.938942	1	1	1	1	1	99.6864	105.429	134.428	-112.38	219.754	367.326	100.196	83.124	105.43	136.272	11.0066	-112.38	219.406	293.268	367.326	4.30699	10	0	61.7941	-0.952224	-17.498	305.267	-0.952224	-17.498	305.267	
13279	74329	260.442	607.94	259.971	-99999	98.113	-0.980444	1	1	1	1	1	210.213	165.13	126.15	-128.326	425.917	416.111	210.142	182.579	165.02	126.365	-0.296639	-128.539	425.928	414.555	416.162	7.28342	9	0	70.9034	98.1397	-27.2651	412.122	98.1397	-27.2651	412.122	
13279	73357	350.875	881.886	349.582	37.422	37.045	-0.86086	1	1	1	1	1	128.728	304.467	133.125	-158.522	582.848	503.759	128.305	216.223	304.658	133.919	-12.624	-158.831	583.038	543.414	503.678	16.6208	9	0	81.4784	37.0635	-16.1435	538.171	37.0635	-16.1435	538.171	
13279	74702	227.45	531.409	226.037	82.7115	81.043	-0.894491	1	1	1	1	1	263.084	171.784	132.711	-72.7396	-288.22	-291.732	263.211	211.004	171.365	132.965	32.1096	-73.7728	-288.225	-284.082	-291.852	8.02793	6	0	79.5767	81.0795	-12.5035	-284.145	81.0795	-12.5035	-284.145	
13279	15187	217.678	774.641	217.577	-38.3974	-40.582	-0.656231	1	1	1	1	1	179.796	343.641	132.947	-8.55558	318.172	303.819	179.796	261.498	343.641	132.947	62.3376	-8.55558	318.172	312.004	303.819	19.009	11	0	137.178	-40.5516	-7.59276	303.977	-40.5516	-7.59276	303.977	
13279	80726	20.386	86.9373	19.9148	-99999	3.589	-0.396117	0	0	0	0	0	323.007	338.011	133.28	124.517	247.419	238.073	324.13	331.501	339.479	133.28	128.805	124.276	247.419	242.125	238.019	9.65326	17	0	86.9373	-47.1589	-66.7717	-526.486	-47.1589	-66.7717	-526.486	
13279	16016	313.513	765.414	312.842	-99999	115.84	-0.540536	0	0	0	0	0	205.554	322.992	133.348	-37.6369	446.342	680.499	241.791	301.28	359.489	133.393	48.3592	-37.9559	446.282	563.748	680.936	5.07625	6	0	62.6612	-30.7552	29.1143	-126.448	-30.7552	29.1143	-126.448	
13279	16016	68.1414	181.42	68.1187	-99999	-14.489	-0.817607	0	0	0	0	0	212.606	247.416	130.285	73.1493	-552.891	-565.598	210.334	227.637	245.155	130.303	101.641	73.1493	-552.885	-559.111	-565.598	4.83089	8	0	46.8937	-30.7552	29.1143	-126.448	-30.7552	29.1143	-126.448	
13279	13183	186.588	444.87	186.084	-99999	47.295	-0.451035	1	1	1	1	1	286.926	344.278	133.413	47.4211	176.444	331.124	301.597	330.52	359.126	133.584	90.2414	47.3828	176.132	253.512	331.234	9.3308	10	0	50.3028	47.3322	32.3178	292.822	47.3322	32.3178	292.822	
13279	88367	190.213	465.72	190.209	-99999	40.944	-0.905173	1	1	1	1	1	157.344	123.325	133.56	-35.1229	-326.491	-246.761	157.297	143.939	123.278	133.56	47.5763	-35.1229	-326.491	-288.637	-246.761	7.52892	10	0	83.1898	40.9722	-2.30927	-270.161	40.9722	-2.30927	-270.161	
13279	58247	473.183	1190	473.048	-99999	69.861	-0.328248	1	1	1	1	1	95.7255	192.326	133.049	-75.5412	174.712	587.247	95.6327	144.882	192.246	133.092	23.62	-75.5412	174.59	378.309	587.247	10.8382	16	0	106.393	69.9082	5.19761	379.669	69.9082	5.19761	379.669	
13279	59447	208.337	471.516	207.907	-99999	50.71	-0.971543	1	1	1	1	1	216.071	269.284	132.982	-66.3845	519.588	521.415	231.933	254.154	285.297	133.052	31.637	-66.7107	519.587	527.779	521.377	5.24454	10	0	78.9413	42.9419	-13.8303	151.733	42.9419	-13.8303	151.733	
13279	58833	141.558	347.256	140.016	-99999	82.166	-0.768893	1	1	1	1	0	196.483	240.511	126.113	6.3844	523.986	467.302	209.385	229.994	254.056	126.138	65.1688	5.10585	524.006	494.763	466.82	5.22312	12	0	75.4271	82.1922	-7.2486	478.488	82.1922	-7.2486	478.488	
13279	61694	137.604	329.977	135.335	-99999	107.723	-0.937124	0	0	0	0	0	137.199	148.682	133.367	2.67597	288.584	318.8	137.108	140.282	148.311	134.132	68.1816	1.29839	288.278	306.705	319.082	4.29875	11	0	74.5056	-26.8201	-16.1935	67.4478	-26.8201	-16.1935	67.4478	
13279	65054	137.491	321.042	136.603	-99999	7.346	-0.884073	1	1	1	1	0	262.867	334.78	131.014	15.4473	-527.255	-526.402	264.754	298.157	337.08	131.797	71.7998	15.4473	-527.276	-524.222	-526.402	5.06801	7	0	70.6398	7.37872	22.3386	-527.201	7.37872	22.3386	-527.201	
13279	64213	304.039	696.82	302.805	-8.34872	-10.105	-0.989571	1	1	1	1	1	183.768	233.635	125.912	-161.489	-685.601	-751.792	183.755	198.24	234.073	126.079	-23.4224	-162.264	-685.581	-708.541	-752.337	5.00724	11	0	107.598	-10.0651	-27.4749	-705.463	-10.0651	-27.4749	-705.463	
13279	62005	118.53	270.157	116.506	-346.24	44.622	-0.959401	0	0	0	0	0	181.867	223.292	132.656	27.0641	-560.284	-535.535	181.738	200.182	223.864	133.416	78.5508	25.9735	-560.452	-548.156	-535.505	4.86313	7	0	69.37	30.1087	-8.76822	-423.503	30.1087	-8.76822	-423.503	
13279	10050	345.152	682.35	343.895	-99999	116.708	-0.604973	0	0	0	0	0	120.997	79.6855	129.917	-88.3721	456.999	717.068	120.869	106.707	79.1395	130.028	11.96	-89.0089	456.859	581.522	717.795	5.89904	13	0	78.4483	-999999	-999999	-999999	-999999	-999999	-999999	
13279	60292	311.015	2813.72	309.582	-21.4126	-21.71	-0.844115	1	1	1	1	1	276.416	115.309	133.516	-103.959	48.8656	-61.7478	276.513	195.299	114.765	133.691	9.41309	-105.043	48.9137	3.24149	-61.853	4.66632	7	0	76.8819	-21.6774	-22.4649	-13.7606	-21.6774	-22.4649	-13.7606	
13279	11742	107.465	228.434	106.794	-99999	-1.438	-0.747187	1	1	1	1	1	267.058	196.631	133.109	55.1956	21.4962	40.6589	267.492	232.08	196.631	133.611	94.3049	55.1956	21.4066	30.7252	40.6589	7.35532	8	0	44.2035	-1.40731	-45.3357	67.2811	-1.40731	-45.3357	67.2811	
13279	12870	56.1618	131.502	56.0536	-99999	52.044	-0.878683	1	1	1	1	1	211.115	219.056	133.054	84.1112	155.648	181.769	202.924	206.835	210.878	133.149	108.714	84.1112	155.598	168.868	181.769	6.44696	13	0	50.8483	52.079	-26.7866	241.408	52.079	-26.7866	241.408	
13279	69326	211.992	491.925	211.155	-234.681	108.635	-0.681771	0	0	0	0	0	182.573	285.003	132.517	-15.6739	48.6997	-60.2409	182.178	235.505	285.003	133.083	61.0844	-15.6739	49.1613	-7.21074	-60.2409	6.22823	12	0	69.9894	-999999	-999999	-999999	-999999	-999999	-999999	
13279	82708	80.4713	201.767	79.7404	-99999	56.13	-0.997478	1	1	0	0	0	177.23	178.609	132.987	53.5849	408.912	410.178	177.141	178.419	178.614	133.316	93.1925	53.2039	408.917	408.617	410.196	5.02026	8	0	64.7704	49.5665	8.72294	786.099	49.5665	8.72294	786.099	
13279	78995	184.685	715.502	183.309	-99999	26.807	-0.839038	1	1	1	1	1	62.4422	159.185	-12.7256	-167.076	751.215	770.78	62.4115	111.452	159.534	-12.7256	-90.3761	-168.318	751.215	760.834	771.21	13.6597	11	0	337.136	26.8389	-43.9041	753.516	26.8389	-43.9041	753.516	
13279	81310	261.041	650.847	259.796	-99999	17.282	-0.994524	1	1	1	1	1	286.86	243.022	133.129	-120.569	481.472	509.692	292.356	275.62	248.361	134.021	5.52272	-120.903	481.443	495.87	509.665	4.17336	10	0	87.1014	17.3111	-15.8402	494.948	17.3111	-15.8402	494.948	
13279	82150	334.821	739.041	333.161	102.011	100.545	-0.917655	1	1	1	1	1	179.397	334.14	132.186	-147.545	810.848	731.223	178.901	243.013	334.14	133.701	-14.2524	-147.545	811.267	766.806	731.223	4.045	7	0	70.6592	92.6825	-40.0271	-260.029	-23.5075	-16.9067	230.369	
13279	83230	122.593	295.005	122.233	78.0258	76.603	-0.964009	1	1	1	1	1	227.717	198.089	133.218	15.2799	102.161	111.053	227.8	211.69	198.089	133.56	74.7616	15.2799	102.119	107.825	111.053	6.9598	6	0	70.5081	74.9473	35.2306	-112.251	38.6673	-85.3465	39.824	
13279	79530	34.7088	321.093	33.5731	-99999	15.476	-0.752906	1	1	1	1	1	215.95	219.943	133.59	103.271	-428.58	-420.945	220.769	224.488	224.608	133.617	118.938	102.866	-428.586	-421.633	-420.769	5.38656	9	0	188.809	15.5147	-26.4432	-362.52	15.5147	-26.4432	-362.52	
13279	83232	130.209	328.358	129.797	148.542	60.787	-0.872211	0	0	0	0	0	201.166	264.902	133.175	26.6729	-339.734	-376.013	201.165	231.626	265.067	133.177	78.3898	26.3134	-339.734	-357.17	-376.095	14.4372	8	0	91.7138	-9.17046	-16.4524	-26.3345	-9.17046	-16.4524	-26.3345	
13279	82658	347.807	753.122	347.797	-393.792	-48.144	-0.909368	0	0	0	0	0	350.837	176.597	132.393	-162.273	378.034	394.448	350.837	262.158	176.597	132.393	-17.0682	-162.273	378.034	374.994	394.448	10.2141	13	0	119.404	4.2411	-20.6042	-46.0836	58.2311	-27.3978	40.1576	
13279	64790	41.0423	154.148	40.5819	-99999	61.56	-0.720477	1	0	0	0	0	315.411	340.004	134.045	104.241	293.387	281.123	334.688	347.504	359.5	134.045	119.112	103.873	293.387	287.573	280.958	12.4346	18	0	110.009	61.5919	48.0565	251.297	61.5919	48.0565	251.297	
13279	65215	117.682	292.983	116.952	-99999	103.312	-0.996207	0	0	0	0	0	296.017	299.44	133.786	17.0394	-305.279	-305.493	328.322	331.913	331.819	134.346	75.6235	16.8868	-305.285	-305.71	-305.495	6.44349	7	0	79.2108	92.0168	-34.5996	241.103	92.0168	-34.5996	241.103	
13279	62676	341.311	2400.01	338.767	370.654	-31.379	-0.852797	0	0	0	0	0	260.15	169.728	131.92	-150.538	-859.399	-695.935	260.73	214.166	169.728	134.083	-7.16893	-150.538	-860.591	-777.028	-695.935	5.00843	13	0	40.0831	-999999	-999999	-999999	-999999	-999999	-999999	
13279	63996	125.815	306.65	125.813	-99999	-41.665	-0.665214	1	1	1	1	0	113.225	138.925	133.094	38.2208	-748.261	-670.069	113.273	126.535	138.972	133.094	86.1225	38.2208	-748.261	-708.644	-670.069	5.24572	14	0	77.9546	-41.6259	25.3221	-689.044	-41.6259	25.3221	-689.044	
13279	10151	61.7587	180.939	59.6763	-99999	67.267	-0.934751	1	1	0	0	0	170.116	174.409	132.993	76.7789	-147.794	-128.895	170.019	172.853	174.399	133.508	104.664	75.3034	-147.995	-137.404	-128.892	6.23082	11	0	88.5405	64.4522	9.0057	82.4161	51.6522	-26.0628	63.0038	
13279	68137	20.4791	73.8805	20.2212	-99999	65.208	-0.812676	0	0	0	0	0	199.956	188.606	128.651	111.973	776	777.044	210.177	204.257	198.697	128.719	120.405	111.821	775.992	776.799	777.039	8.68193	6	0	71.5851	65.2505	39.588	763.987	65.2505	39.588	763.987	
13279	66621	260.339	587.916	260.162	105.679	104.322	-0.879864	0	0	0	0	0	192.164	283.59	132.729	-96.3158	-338.797	-264.601	192.164	248.7	283.602	132.729	21.0938	-96.4834	-338.797	-303.802	-264.606	4.72053	8	0	70.3399	-999999	-999999	-999999	-999999	-999999	-999999	
13279	66153	105.339	237.316	104.265	-99999	17.538	-0.582154	1	1	1	1	0	173.673	96.4581	133.131	73.7138	223.548	260.563	173.896	134.971	95.8986	133.328	103.34	73.241	223.422	242.378	260.724	5.50526	9	0	53.673	17.5696	31.1227	264.44	17.5696	31.1227	264.44	
13279	69769	354.083	30.0697	11.1037	-99999	16.793	-0.88329	1	1	1	1	1	177.029	181.692	125.118	115.69	16.2732	19.4506	176.485	191.81	209.354	126.25	-28.7943	-179.637	16.0245	95.0885	178.789	4.58434	7	0	30.0697	16.8264	-16.4356	88.6265	16.8264	-16.4356	88.6265	
13279	69762	88.2023	232.821	87.8846	-99999	-2.514	-0.889058	0	0	0	0	0	224.052	261.782	132.702	54.2352	134.179	146.108	223.124	242.069	260.995	132.984	93.5833	54.2352	134.139	139.92	146.108	4.88533	8	0	73.6914	-999999	-999999	-999999	-999999	-999999	-999999	
13279	66548	107.378	267.741	106.896	-99999	-8.928	-0.605172	1	1	1	1	1	206.225	139.48	134.749	80.8576	268.775	332.443	206.523	173.172	139.491	135.041	107.338	80.8576	268.524	300.109	332.443	4.11581	12	0	57.8572	-8.89837	19.7819	372.41	-8.89837	19.7819	372.41	
13279	66908	104.239	282.803	103.315	-99999	78.719	-0.919604	1	1	1	0	0	114.551	86.3321	133.045	37.7168	285.014	312.682	114.64	99.4557	86.1648	133.537	85.5058	37.3471	284.894	298.185	312.757	5.37071	11	0	104.063	78.7386	26.3381	303.131	78.7386	26.3381	303.131	
13279	10058	284.837	599.632	282.752	80.0288	78.132	-0.506696	1	1	1	1	1	248.14	123.053	133.148	-0.71971	-203.156	10.3533	248.14	179.138	122.612	133.148	64.7729	-1.68458	-203.156	-99.1604	12.1434	4.51822	16	0	67.7614	78.175	9.23642	-64.2298	78.175	9.23642	-64.2298	
13279	72511	144.343	401.136	141.021	-99999	39.278	-0.857895	1	1	1	1	1	276.57	344.469	133.655	10.1361	-195.543	-192.202	288.857	323.817	358.259	133.675	70.5648	7.19942	-195.544	-193.77	-192.236	4.41034	6	0	54.5236	42.538	10.6782	101.245	42.538	10.6782	101.245	
13279	13963	301.677	646.951	300.194	49.5712	48.827	-0.834814	1	1	1	1	1	329.753	153.451	133.491	-104.288	-761.752	-719.581	330.544	239.897	153.451	134.728	15.3025	-104.288	-761.909	-745.893	-719.581	4.16533	8	0	72.6443	48.8606	-8.88242	-733.052	48.8606	-8.88242	-733.052	
13279	72931	337.204	738.577	336.113	-45.3607	-45.951	-0.870254	1	1	1	1	1	85.7806	253.945	133.341	-154.173	-128.246	-90.1499	85.2585	172.308	253.945	134.287	-9.19636	-154.173	-128.331	-112.53	-90.1499	4.69494	7	0	81.9532	-45.9398	-10.2122	-109.973	-45.9398	-10.2122	-109.973	
13279	74491	220.315	526.692	220.131	-99999	105.444	-0.846952	0	0	0	0	0	131.134	204.361	133.119	-47.2209	-840.413	-739.897	131.013	164.523	204.296	133.119	39.6018	-47.338	-840.413	-792.935	-739.771	4.37983	18	0	73.0195	-999999	-999999	-999999	-999999	-999999	-999999	
13279	73700	176.384	391.638	176.38	310.466	-2.776	-0.812132	0	0	0	0	0	145.765	253.623	132.986	-1.24923	795.378	766.059	145.765	196.21	253.623	132.986	61.2457	-1.24923	795.378	788.922	766.059	4.50737	7	0	69.6196	21.0902	-20.4042	-309.868	21.0902	-20.4042	-309.868	
13279	82279	103.859	268.236	101.143	-99999	-41.235	-0.984648	0	0	0	0	0	150.132	154.956	133.555	36.1809	-166.068	-141.189	150.179	155.798	154.746	133.555	83.6472	33.4938	-166.068	-152.996	-141.2	5.41885	8	0	80.5104	-999999	-999999	-999999	-999999	-999999	-999999	
13279	79963	336.326	900.04	334.485	49.765	51.363	-0.904547	1	1	1	1	1	278.459	129.922	133.096	-152.171	-454.222	-536.787	278.777	214.968	129.316	133.872	-15.4484	-152.885	-454.058	-497.415	-536.729	6.41777	7	0	65.5421	51.3952	-22.9694	-498.859	51.3952	-22.9694	-498.859	
13279	82660	307.773	734.444	304.135	-99999	110.952	-0.672816	0	0	0	0	0	181.023	228.135	133.045	-72.366	-352.267	-570.315	215.767	242.68	263.007	133.045	29.4211	-73.5698	-352.267	-462.564	-573.729	4.47072	18	0	69.3971	-999999	-999999	-999999	-999999	-999999	-999999	
13279	78520	206.915	469.708	206.321	13.953	14.36	-0.890001	1	1	1	1	1	256.781	174.644	133.163	-46.3261	-239.429	-181.468	256.781	217.369	174.361	133.163	42.9689	-46.7824	-239.429	-207.726	-181.226	5.56814	11	0	74.8804	14.3916	-0.685362	-203.731	14.3916	-0.685362	-203.731	
13279	83157	64.9706	168.117	63.9994	72.2394	70.303	-0.990074	1	0	0	0	0	220.334	203.813	133.135	71.4947	-16.5753	-19.4889	220.356	212.041	203.627	133.364	102.021	70.7822	-16.5831	-16.9069	-19.5426	5.63144	6	0	70.7151	70.3369	27.7187	-18.7196	70.3369	27.7187	-18.7196	
13279	80280	337.104	912.202	334.561	-21.9582	-24.369	-0.883869	1	1	1	1	1	205.355	251.778	129.799	-163.727	-568.605	-722.147	205.101	228.299	251.831	131.761	-16.3075	-164.003	-567.599	-644.662	-722.29	5.09349	13	0	70.2716	-24.3391	-31.7689	-655.089	-24.3391	-31.7689	-655.089	
13279	81278	466.327	1067.85	463.746	-2.00865	-3.04	-0.694444	1	1	1	1	1	107.552	338.434	133.015	-164.6	731.64	463.955	107.34	221.072	339.409	133.362	-24.9069	-165.579	731.928	604.403	462.406	4.88863	11	0	71.9465	-3.02931	-18.5038	584.683	-3.02931	-18.5038	584.683	
13279	66231	403.777	933.403	402.892	30.8225	28.213	-0.817003	1	1	1	1	1	172.998	227.135	133.584	-152.732	381.261	106.242	172.948	209.171	227.135	134.314	-9.65586	-152.732	381.722	245.253	106.242	5.19574	14	0	134.909	28.2556	-24.4935	226.307	28.2556	-24.4935	226.307	
13279	71031	404.189	857.398	403.955	-99999	9.587	-0.784724	1	1	1	1	1	79.6675	105.191	134.093	-168.305	-498.748	-233.608	79.6572	86.7061	105.18	134.233	-15.6072	-168.316	-498.858	-363.705	-233.598	9.11768	12	0	87.9276	9.61446	-22.1888	-356.998	9.61446	-22.1888	-356.998	
13279	67204	172.21	405.929	171.083	-99999	100.525	-0.781672	1	1	1	1	1	299.651	194.38	133.752	6.09673	-108.341	-151.797	315.981	263.074	210.073	134.505	70.1679	5.96911	-108.089	-129.86	-151.839	4.4497	9	0	72.6704	100.552	-23.5604	-172.117	-18.3083	-14.0829	-171.136	
13279	69335	475.677	1027.39	474.306	81.9961	79.119	-0.521247	1	1	1	1	1	138.284	257.114	133.424	-75.2865	121.649	528.203	138.065	200.408	257.113	134.028	21.0994	-75.3773	120.692	320.398	528.369	9.2084	8	0	62.4568	79.169	-3.41008	344.163	79.169	-3.41008	344.163	
13279	10815	152.669	428.066	151.615	-99999	-24.309	-0.765684	1	1	1	1	1	65.7963	124.946	105.359	-10.9752	-713.156	-636.197	65.8241	95.2696	125.593	105.359	46.4865	-11.6331	-713.156	-674.521	-635.66	4.35302	15	0	55.375	-24.2729	-12.2341	-630.801	-24.2729	-12.2341	-630.801	
13279	70690	262.319	698.438	262.254	-99999	103.946	-0.470432	0	0	0	0	0	229.604	177.998	133.298	19.4541	-480.549	-710.765	262.161	235.336	210.548	133.32	75.1845	19.4541	-480.507	-594.962	-710.765	5.92375	15	0	48.1983	35.7954	14.0873	-817.155	35.7954	14.0873	-817.155	
13279	71241	101.473	254.913	100.34	-99999	41.782	-0.994836	1	1	1	0	0	169.764	179.424	131.851	33.3591	346.962	359.132	169.639	170.835	179.421	132.797	82.7853	33.1972	346.906	354.194	359.155	4.44348	9	0	73.5428	50.5884	-22.1455	-309.968	50.5884	-22.1455	-309.968	
13279	68660	154.398	325.124	154.27	-512.482	33.336	-0.62385	0	0	0	0	0	266.829	189.047	130.547	52.6651	-623.934	-516.661	266.829	228.846	189.009	130.547	90.1066	52.6099	-623.934	-570.563	-516.558	5.57454	15	0	66.3456	-37.8592	-33.2964	-79.4066	-37.8592	-33.2964	-79.4066	
13279	2619	245.981	552.33	245.841	-99999	99.552	-0.876213	1	1	1	1	1	80.911	200.255	125.867	-81.1649	547.045	570.058	80.7361	137.51	200.141	125.985	17.7128	-81.1649	547.06	537.313	570.058	4.98805	12	0	75.5872	99.5783	-1.64478	554.797	99.5783	-1.64478	554.797	
13279	67484	46.8144	132.936	46.721	-99999	59.998	-0.772887	1	0	0	0	0	320.498	340.349	33.1878	69.1927	-894.561	-872.372	359.137	349.227	339.246	69.1927	51.1757	33.1163	-872.372	-883.554	-894.605	4.34445	124	0	132.936	60.0197	36.4923	-844.926	60.0197	36.4923	-844.926	
13279	68408	356.773	1127.83	356.235	6.12378	4.323	-0.877173	1	1	1	1	1	255.601	107.31	132.638	-170.606	122.506	235.826	255.805	182.715	107.31	133.1	-19.843	-170.606	122.357	177.789	235.826	19.3981	7	0	163.71	4.36286	-10.9535	-146.519	4.36286	-10.9535	-146.519	
13279	464	50.5682	216.489	35.9521	-99999	50.998	-0.846333	1	1	1	1	1	218.568	237.201	132.001	101.394	157.106	160.034	234.075	247.164	259.735	132.739	111.206	89.4353	157.04	159.113	161.592	7.08218	6	0	177.138	51.0258	-11.9464	166.116	51.0258	-11.9464	166.116	
13279	2144	44.9688	127.293	44.1543	-99999	52.721	-0.939186	0	0	0	0	0	150.157	142.6	133.651	90.7541	408.832	415.403	150.097	145.635	142.42	133.651	112.05	89.9738	408.832	413.117	415.335	4.99032	8	0	74.6669	52.7495	42.5776	409.185	52.7495	42.5776	409.185	
13279	77913	49.253	172.266	47.6094	-99999	69.594	-0.639695	0	0	0	0	0	300.691	336.653	134.764	104.803	835.112	834.754	322.484	341.72	359.001	134.764	119.636	103.505	835.112	836.963	834.032	18.9927	24	0	101.358	69.631	69.7237	814.975	69.631	69.7237	814.975	
13279	80574	205.965	463.674	205.958	-30.1108	-31.663	-0.633549	1	1	1	1	1	299.675	193.913	133.383	-5.45944	-698.609	-590.488	299.675	242.887	193.913	133.383	64.5915	-5.45944	-698.609	-647.322	-590.488	4.91307	14	0	61.6516	-31.6306	9.52926	-628.679	-31.6306	9.52926	-628.679	
13279	82867	230.814	583.417	230.617	-99999	50.517	-0.33806	1	1	1	1	1	196.556	73.1515	132.889	45.2742	-372.977	-199.31	196.608	137.441	73.0937	132.954	90.0375	45.2742	-373.125	-283.833	-199.31	4.37167	12	0	57.2495	50.5528	34.3122	-235.665	50.5528	34.3122	-235.665	
13279	89849	120.67	287.868	106.247	-99999	86.743	-0.904647	1	1	1	1	1	252.878	220.831	-39.2901	56.8091	-893.865	-861.854	247.661	265.728	284.097	57.8445	3.27897	-51.3708	-861.5	-879.826	-897.594	5.86515	252	0	287.868	86.7706	-0.999525	-803.497	86.7706	-0.999525	-803.497	
13279	59556	332.328	797.446	331.349	-18.6286	-20.502	-0.74861	1	1	1	1	1	153.785	255.41	132.562	-115.588	-237.286	-431.812	153.571	204.82	255.454	133.158	8.79134	-115.697	-236.806	-334.341	-431.895	5.28033	14	0	106.003	-20.4583	-42.4582	-397.698	-20.4583	-42.4582	-397.698	
13279	6092	65.4048	146.709	65.3104	-99999	-47.394	-0.438048	0	0	0	0	0	353.732	292.628	128.151	111.558	-679.108	-694.173	338.891	308.408	277.787	128.151	119.754	111.558	-679.108	-686.566	-694.173	4.09757	10	0	51.0927	-10.4515	31.8479	-127.651	94.0185	19.9012	-559.708	
13279	75716	100.414	260.788	83.2605	-99999	41.814	-0.696782	1	1	1	1	1	161.503	111.779	131.893	72.6845	-122.59	-91.7098	161.968	132.077	101.708	132.479	96.7796	61.2888	-122.928	-104.151	-85.7519	6.55752	11	0	105.945	41.848	4.67321	125.895	41.848	4.67321	125.895	
13279	9970	55.7027	151.502	54.9365	-99999	29.05	-0.999816	1	1	0	0	0	70.3942	75.8868	134.355	92.3136	-150.437	-124.004	70.361	72.9198	75.896	134.355	112.464	92.1823	-150.437	-139.794	-123.888	6.64273	15	0	79.3202	29.0805	55.6002	-151.43	29.0805	55.6002	-151.43	
13279	6767	144.388	338.755	142.771	-99999	35.892	-0.96941	1	1	1	0	0	310.08	332.958	132.385	-6.86295	280.327	300.549	321.123	330.869	344.336	133.52	62.8567	-7.28172	280.113	290.989	300.585	5.62053	8	0	69.1096	35.9118	15.0121	286.989	35.9118	15.0121	286.989	
13279	75575	248.903	544.99	247.013	-99999	102.964	-0.682582	0	0	0	0	0	179.258	203.165	132.966	-23.3954	-560.339	-375.123	179.234	189.15	203.078	133.95	44.2399	-23.4219	-561.454	-476.536	-375.024	11.9579	15	0	158.945	68.0903	20.6912	401.436	68.0903	20.6912	401.436	
13279	76641	204.278	488.731	201.978	78.3985	76.024	-0.872705	1	1	1	1	1	232.098	142.19	128.8	-42.6569	591.704	643.368	233.168	187.908	142.19	130.803	41.3568	-42.6569	591.363	610.326	643.368	6.22385	12	0	93.7941	76.0628	-14.3576	623.116	76.0628	-14.3576	623.116	
13279	72416	180.053	398.852	178.573	-17.5686	-18.705	-0.928859	1	1	1	1	1	174.235	245.372	132.872	-29.9802	-662.361	-664.862	174.217	212.685	245.839	132.917	51.5621	-31.2752	-662.361	-663.016	-665.227	4.32646	14	0	73.3388	-18.6711	-3.69768	-657.615	-18.6711	-3.69768	-657.615	
13279	74266	188.373	386.197	187.756	-99999	66.652	-0.943988	0	0	0	0	0	310.106	301.484	133.017	-36.8625	-84.8338	-154.191	331.007	315.663	322.428	133.155	44.3861	-37.2305	-84.7958	-111.794	-154.416	4.81614	14	0	68.2711	66.6756	69.5094	425.789	66.6756	69.5094	425.789	
13279	76297	205.383	499.952	204.238	-99999	38.297	-0.938102	1	1	1	1	1	286.94	347.119	132.968	-58.8331	-704.254	-668.263	298.749	328.026	359.297	133.527	36.8125	-59.3346	-704.361	-686.106	-668.161	4.56677	6	0	47.5011	38.3148	-50.57	-673.371	38.3148	-50.57	-673.371	
13279	9045	364.965	874.035	364.865	-99999	69.846	-0.774793	1	1	1	1	1	196.373	72.2409	134.058	-165.128	-580.534	-416.513	196.352	124.92	72.161	134.129	-13.214	-165.128	-580.562	-500.907	-416.513	6.18641	11	0	71.2661	69.8561	-45.4094	-477.728	69.8561	-45.4094	-477.728	
13279	80274	145.769	369.225	145.765	-99999	77.512	-0.64844	1	1	1	1	1	165.103	122.316	133.004	30.3825	-105.222	-11.0632	165.015	143.641	122.227	133.004	81.5188	30.3825	-105.222	-58.3279	-11.0632	5.17617	15	0	48.3356	77.5495	-37.2528	51.9961	34.8595	-18.5718	-90.2257	
13279	81991	56.3884	117.719	56.3611	-99999	89.442	-0.560497	0	0	0	0	0	295.903	325.765	130.924	98.9502	880.782	845.253	323.912	338.803	353.787	130.924	114.956	98.935	880.782	862.945	845.235	8.04033	13	0	40.8324	89.4797	76.1606	820.814	89.4797	76.1606	820.814	
13279	89166	54.2431	233.315	51.3198	-99999	1.719	-0.625652	0	0	0	0	0	183.582	190.107	128.552	80.539	486.411	491.39	183.936	185.825	191.055	128.977	104.349	79.0777	485.727	492.009	492.019	6.16956	14	0	123.974	28.6484	58.7774	-404.25	-41.8116	-68.2771	783.888	
13279	88014	110.345	336.164	108.816	-99999	47.486	-0.781447	1	1	1	1	1	262.107	195.782	133.422	51.8194	749.324	722.425	277.601	243.61	210.472	134.299	93.3043	51.4508	749.615	735.231	722.457	12.4491	7	0	110.918	47.5029	-43.5472	683.682	73.0029	-22.46	702.409	
13279	85804	268.718	573.442	267.807	52.3158	52.134	-0.859414	1	1	1	1	1	347.251	192.034	133.651	-81.413	420.797	418.756	347.402	280.571	191.586	133.916	17.4839	-81.7909	420.8	418.463	418.837	4.16316	7	0	65.0349	51.3186	-19.582	349.038	51.3186	-19.582	349.038	
13279	8269	154.22	348.98	153.894	-99999	85.463	-0.960263	1	1	1	0	0	305.238	332.448	133.846	-15.5572	253.124	277.906	331.937	345.455	359.218	134.12	59.3041	-15.5914	253.059	265.909	277.909	4.97839	6	0	59.7034	85.4947	-49.7472	245.04	85.4947	-49.7472	245.04	
13279	10669	74.2669	332.151	73.306	-99999	64.104	-0.950906	1	1	1	0	0	321.236	338.593	133.743	64.8691	-358.7	-347.347	341.31	350.293	358.795	133.743	98.846	64.5277	-358.7	-351.543	-347.277	5.09915	7	0	110.119	64.128	34.0696	-353.507	64.128	34.0696	-353.507	
13279	3611	193.787	808.349	193.249	49.6293	47.461	-0.745379	1	1	1	1	1	153.405	226.481	133.211	-20.1275	249.614	160.214	153.208	191.797	226.481	133.605	60.157	-20.1275	249.913	199.975	160.214	7.89442	12	0	145.963	47.5073	4.08977	186.173	47.5073	4.08977	186.173	
13279	12798	334.139	726.505	332.238	99.4466	98.002	-0.74014	1	1	1	1	1	250.381	192.465	132.429	-114.439	628.815	839.501	250.569	223.632	192.423	133.471	8.56589	-114.912	627.886	735.393	839.563	5.60069	12	0	74.3688	98.3577	3.9502	68.9997	-0.582273	-26.5415	767.249	
13279	9110	293.614	681.345	293.608	-99999	66.874	-0.958939	1	1	1	1	1	256.515	194.205	133.563	-147.416	-569.074	-624.384	277.456	242.909	215.146	133.563	-5.38011	-147.416	-569.074	-601.156	-624.384	14.0772	6	0	107.796	66.9022	-15.3282	-601.989	66.9022	-15.3282	-601.989	
13279	83150	155.948	484.2	155.667	-99999	90.357	-0.949463	1	1	1	0	0	128.166	135.25	131.304	-15.5967	-855.722	-807.932	128.062	127.958	135.145	131.304	57.7794	-15.8181	-855.722	-830.993	-807.853	9.68564	11	0	194.863	90.3827	6.48795	-790.756	90.3827	6.48795	-790.756	
13279	78493	315.17	725.811	314.71	83.5561	82.015	-0.922728	1	1	1	1	1	254.124	138.348	132.925	-149.534	-277.755	-211.014	254.293	190.312	138.348	133.346	-9.15055	-149.534	-277.796	-258.777	-211.014	10.5491	13	0	75.2555	82.0463	-22.5802	-251.486	82.0463	-22.5802	-251.486	
13279	81742	354.16	795.471	354.155	27.5154	25.055	-0.799586	1	1	1	1	1	313.213	122.028	132.886	-127.028	430.471	570.135	313.213	223.736	122.028	132.886	-7.14916	-127.028	430.471	491.55	570.135	4.5385	11	0	77.1044	25.088	-35.4068	506.527	25.088	-35.4068	506.527	
13279	87306	251.938	525.169	249.071	-99999	81.077	-0.766259	1	1	1	1	1	207.032	166.647	132.349	-51.3756	-140.584	18.3321	206.957	196.732	166.122	132.479	34.1043	-52.8104	-140.694	-62.7452	20.563	4.76499	13	0	68.9364	76.2788	-16.4711	-97.7922	76.2788	-16.4711	-97.7922	
13279	11166	154.975	374.336	154.547	-99999	40.558	-0.991741	1	1	1	1	0	344.561	325.997	134.779	-17.4769	-616.578	-604.378	357.294	351.019	338.697	135.195	58.0869	-17.4769	-616.627	-614.882	-604.378	4.39905	6	0	99.1719	40.5851	35.7746	-616.906	92.4051	73.596	-617.095	
13279	90990	442.601	1168.83	425.267	-99999	10.583	-0.660047	1	1	1	1	1	247.839	345.309	133.775	-169.373	471.436	189.845	251.153	301.671	352.034	133.775	-23.9388	-181.602	471.436	324.91	178.088	5.79592	14	0	136.614	10.6142	-50.3689	301.209	10.6142	-50.3689	301.209	
13279	80017	296.451	625.326	292.273	107.442	104.961	-0.908872	0	0	0	0	0	218.198	180.895	131.852	-131.044	-511.944	-395.823	218.288	201.153	179.83	132.656	2.29732	-134.111	-512.289	-444.451	-395.405	5.31152	6	0	85.1811	-26.7215	29.1745	860.053	-26.7215	29.1745	860.053	
13279	81097	190.946	489.367	190.899	-99999	36.028	-0.93407	1	1	1	1	1	155.518	113.266	133.808	-49.9757	-236.831	-210.768	155.493	131.03	113.224	133.848	42.5501	-49.9757	-236.832	-225.394	-210.768	4.04455	9	0	69.6327	36.0402	0.952374	-218.618	36.0402	0.952374	-218.618	
13279	6150	418.497	1325.17	397.435	-15.5362	105.248	-0.364136	0	0	0	0	0	347.039	77.6071	134.151	4.31815	-307.318	-568.954	347.039	205.44	63.4322	134.151	65.1264	-3.36595	-307.318	-444.974	-582.494	4.09807	7	0	101.004	26.3212	5.26529	-310.796	-18.8888	3.35244	-495.469	
13279	10350	141.616	353.536	141.027	-99999	1.252	-0.767874	1	1	1	0	0	103.411	156.568	133.423	16.8841	-338.691	-281.302	103.187	133.312	156.594	133.797	77.0211	16.7965	-338.903	-309.607	-281.259	7.38473	11	0	78.721	1.28977	15.4838	-298.326	1.28977	15.4838	-298.326	
13279	16372	311.38	7229.87	311.042	94.4026	92.113	-0.753517	1	1	1	1	1	135.089	293.984	132.59	-98.281	-529.042	-659.148	134.948	205.781	293.984	132.84	15.1094	-98.281	-528.875	-601.999	-659.148	5.50736	11	0	81.9277	92.155	-21.7656	-609.566	92.155	-21.7656	-609.566	
13279	80161	206.565	472.077	204.691	-99999	-46.538	-0.803284	1	1	1	1	1	340.588	274.126	131.245	-28.4358	126.638	18.6988	326.596	288.248	259.553	132.744	53.7774	-28.4358	127.575	73.2326	18.6988	5.00076	23	0	95.8564	-46.5109	4.42952	58.7218	-46.5109	4.42952	58.7218	
13279	80161	110.473	1594.27	109.121	109.183	103.26	-0.742368	0	0	0	0	0	272.234	199.665	133.339	58.0689	-843.86	-814.452	272.832	236.296	199.347	134.043	95.8011	57.8284	-844.036	-828.792	-814.396	12.0913	7	0	74.3492	18.5591	-57.402	-56.7411	18.5591	-57.402	-56.7411	
13279	15903	50.6347	184.527	50.1693	-99999	-33.221	-0.614074	0	0	0	0	0	97.8603	73.8788	133.756	107.319	708.817	743.38	97.8983	86.5069	73.841	133.756	118.493	107.014	708.817	725.44	743.653	4.41879	22	0	113.587	-33.1883	54.8678	748.465	-33.1883	54.8678	748.465	
13279	79324	134.151	320.582	131.207	-99999	-14.05	-0.99255	1	1	1	1	1	64.2953	74.9847	7.01097	-121.154	-672.885	-696.156	64.1645	66.7998	75.0821	9.62854	-56.075	-121.423	-672.604	-685.258	-696.185	7.03403	7	0	84.147	-14.0242	-18.9468	-681.201	-14.0242	-18.9468	-681.201	
13279	83720	380.372	941.539	379.555	93.761	92.187	-0.600217	1	1	1	1	1	191.085	326.385	132.526	-129.95	-476.156	-713.291	190.909	251.195	326.385	132.998	0.808948	-129.95	-475.525	-598.007	-713.291	4.69889	12	0	126.914	92.2328	-33.5415	-626.852	92.2328	-33.5415	-626.852	
13279	85690	47.3049	126.95	43.0884	-99999	102.532	-0.808439	0	0	0	0	0	150.213	129.77	111.478	75.2844	-891.981	-881.184	150.313	139.312	127.548	111.851	92.2378	72.1893	-892.146	-884.874	-880.922	4.16004	6	0	69.7845	-999999	-999999	-999999	-999999	-999999	-999999	
13279	86770	256.41	570.119	255.12	-99999	-33.25	-0.973354	1	1	1	1	1	67.149	142.979	120.91	-120.422	607.892	628.714	67.187	103.397	143.842	120.91	-1.83506	-121.404	607.892	613.788	628.765	5.4638	7	0	75.7442	-33.2302	2.87683	618.932	-33.2302	2.87683	618.932	
13279	88253	229.124	507.282	224.728	66.8489	62.757	-0.723492	1	1	1	1	1	106.845	257.744	134.079	-26.1145	-144.98	-186.683	106.332	185.509	260.081	134.644	56.2887	-28.8424	-144.821	-171.305	-187.045	6.11345	9	0	71.6766	62.802	5.27779	-176.628	62.802	5.27779	-176.628	
13279	14691	322.053	660.05	320.75	-503.782	2.931	-0.969019	0	0	0	0	0	291.6	195.049	134.076	-171.403	59.7311	64.7201	291.629	242.758	194.532	134.194	-19.0894	-172.439	59.7389	62.2612	64.8139	4.28478	9	0	73.0006	-17.6549	21.6156	-334.05	71.6351	44.5682	-199.51	
13279	5382	121.509	291.867	121.507	-99999	85.048	-0.703553	1	1	1	1	1	126.07	180.27	133.176	47.3592	-142.444	-76.8818	125.972	152.521	180.172	133.176	89.4936	47.3592	-142.444	-109.64	-76.8818	4.70299	8	0	61.4805	85.0825	25.2241	-96.3264	85.0825	25.2241	-96.3264	
13279	10688	117.481	396.39	114.57	-99999	0.46	-0.749564	1	1	1	0	0	320.774	247.803	133.494	48.4709	-383.715	-406.571	321.792	283.753	247.197	134.551	91.1089	47.2528	-383.43	-394.075	-407.045	4.37332	14	0	195.516	0.471903	35.598	-399.268	0.471903	35.598	-399.268	
13279	14033	250.462	858.841	249.986	15.0292	12.756	-0.807541	1	1	1	1	1	176.479	338.357	133.353	-38.308	-381.57	-311.876	176.269	248.355	338.357	133.729	41.6131	-38.308	-381.731	-337.423	-311.876	4.89871	6	0	70.4722	12.7928	-13.6706	-336.257	12.7928	-13.6706	-336.257	
13279	17283	29.9749	67.5348	27.5411	-99999	13.801	-0.46205	1	1	0	0	0	243.445	267.422	131.689	118.348	-211.707	-210.21	247.581	260.833	273.11	131.777	124.857	116.631	-211.716	-210.713	-210.097	4.3722	10	0	50.8888	13.8197	62.9528	-211.266	13.8197	62.9528	-211.266	
13279	4009	284.868	601.678	281.991	-356.076	80.233	-0.877265	0	0	0	0	0	200.583	345.302	133.037	-96.4966	375.935	304.157	200.402	276.389	345.987	133.452	17.5337	-98.7746	376.027	344.418	303.891	4.25225	10	0	60.2421	100.646	-21.9861	669.705	100.646	-21.9861	669.705	
13279	16079	353.165	793.792	351.752	-99999	8.894	-0.81221	1	1	1	1	1	330.541	134.443	133.711	-143.11	387.703	476.107	331.055	226.001	134.321	134.525	-2.01548	-143.446	387.471	425.933	476.257	4.88766	13	0	70.4556	8.91675	-27.3183	427.906	8.91675	-27.3183	427.906	
13279	14191	111.334	251.483	111.322	-99999	-20.788	-0.981375	1	1	1	1	0	181.564	187.954	133.361	25.0236	-709.862	-688.675	181.588	185.415	187.978	133.361	78.5078	25.0236	-709.862	-701.475	-688.675	5.44639	8	0	49.5533	-20.7578	12.8345	-681.842	-20.7578	12.8345	-681.842	
13279	16622	251.721	578.087	250.734	-99999	92.58	-0.945562	1	1	1	1	1	166.674	127.43	132.991	-112.194	-438.194	-411.659	166.568	140.937	127.187	132.991	11.6757	-113.163	-438.194	-417.881	-411.676	6.84571	6	0	82.7074	92.6116	-25.2592	-415.788	92.6116	-25.2592	-415.788	
13279	12649	196.647	416.541	195.307	51.0247	39.57	-0.972589	0	0	0	0	0	192.002	254.6	132.293	-49.8545	71.6305	46.922	191.859	221.235	254.67	132.938	39.5084	-50.3447	71.6792	64.7677	46.8254	4.64255	12	0	71.2497	37.0527	-39.1971	191.018	48.2227	-10.7125	51.2909	
13279	12072	250.49	577.368	246.477	-13.8819	-15.863	-0.983748	1	1	1	1	1	176.371	242.334	131.449	-104.959	-560.173	-551.823	176.176	207.801	242.655	132.536	11.5803	-107.82	-560.144	-562.92	-551.472	4.37998	9	0	103.134	-15.843	-22.0516	-556.216	-15.843	-22.0516	-556.216	
13279	13390	101.084	280.678	94.2802	-99999	64.938	-0.979236	1	0	0	0	0	195.177	187.98	130.953	48.2195	-777.988	-780.217	195.202	189.112	187.515	131.64	90.3167	47.7248	-777.894	-786.352	-779.856	5.40667	12	0	87.3477	64.9821	22.2895	-759.917	64.9821	22.2895	-759.917	
13279	14848	244.894	637.634	244.715	-99999	35.919	-0.988578	1	1	1	1	1	246.283	204.517	133.137	-107.479	720.553	735.328	251.947	231.035	210.161	133.309	12.9889	-107.479	720.54	728.969	735.328	4.40151	8	0	72.7123	35.9546	-3.60225	431.301	35.9546	-3.60225	431.301	
13279	17160	87.6954	248.063	87.4666	-99999	-17.213	-0.776714	1	0	0	0	0	64.6875	82.4984	128.414	69.3957	-515.319	-456.169	64.6761	76.1815	82.5181	128.534	94.8422	69.3957	-515.403	-489.926	-456.169	8.86067	11	0	96.5896	-16.595	-6.12441	-180.489	11.415	1.37279	-705.441	
13279	18441	316.62	940.413	315.579	-99999	15.062	-0.970346	1	1	1	1	1	227.041	225.44	132.338	-171.792	-392.717	-358.853	231.76	231.029	230.151	132.771	-22.9198	-172.099	-392.83	-376.134	-358.875	5.43816	17	0	55.0051	15.0726	-21.0386	-376.022	15.0726	-21.0386	-376.022	
13279	19041	131.568	305.92	131.561	-99999	65.941	-0.958776	1	1	1	1	0	198.716	153.536	133.771	11.15	483.363	484.742	198.64	180.905	153.461	133.771	70.449	11.15	483.363	483.388	484.742	5.47245	14	0	81.0314	65.9811	13.2447	518.525	65.9811	13.2447	518.525	
13279	18239	128.629	363.178	128.439	-99999	32.207	-0.654718	1	1	1	1	1	181.236	91.1389	130.87	50.0404	180.327	223.255	181.327	136.266	91.1021	130.995	90.517	50.0404	180.266	201.862	223.255	5.18305	9	0	50.5198	32.2387	27.7195	221.469	32.2387	27.7195	221.469	
13279	22319	361.808	768.076	352.534	77.5882	76.53	-0.776862	1	1	1	1	1	292.274	82.6698	128.321	-134.598	-47.6479	54.2138	296.009	192.393	80.8261	133.384	-7.31454	-136.45	-49.4638	-3.18259	54.9542	4.85516	8	0	78.8492	76.5643	-33.1973	10.7414	76.5643	-33.1973	10.7414	
13279	93	193.959	544.735	193.758	117.916	115.34	-0.622201	0	0	0	0	0	175.134	303.206	133.211	14.1131	876.912	794.682	175.004	241.673	303.206	133.333	74.6739	14.1131	876.991	838.093	794.682	6.0577	11	0	72.083	81.1675	-21.5815	-667.819	-15.5725	56.5891	810.899	
13279	22203	188.782	415.527	188.267	-99999	47.509	-0.954003	1	1	1	1	1	242.213	282.882	130.118	-51.5364	-287.385	-271.873	257.05	284.845	297.805	130.281	40.9952	-51.7686	-287.416	-275.438	-271.856	6.49961	6	0	74.5239	47.5291	-5.97482	-277.43	47.5291	-5.97482	-277.43	
13279	5102	225.925	508.693	225.403	-99999	43.268	-0.515522	1	1	1	1	1	243.409	345.597	132.266	18.356	262.189	427.387	256.958	307.877	359.396	132.266	75.9	18.1018	262.189	345.528	427.766	4.21317	6	0	41.9376	43.3166	5.96729	384.709	43.3166	5.96729	384.709	
13279	20358	103.46	250.857	103.457	-99999	93.687	-0.524988	1	1	1	1	1	140.77	225.187	133.752	78.8403	-695.112	-671.918	126.048	168.505	210.464	133.752	106.841	78.8403	-695.112	-682.942	-671.918	5.66833	10	0	59.1739	93.7284	-5.62452	-638.429	93.7284	-5.62452	-638.429	
13279	18907	194.06	1347.88	193.637	88.002	86.909	-0.701677	1	1	1	1	1	140.218	264.732	133.506	0.97266	676.536	613.478	139.963	204.049	264.732	133.802	69.6137	0.97266	676.676	642.289	613.478	4.47708	15	0	88.3813	86.934	1.29697	628.811	86.934	1.29697	628.811	
13279	22027	170.946	399.835	169.41	-99999	116.319	-0.984435	0	0	0	0	0	202.973	195.605	131.954	-33.5334	-352.694	-382.32	202.823	204.789	195.284	132.213	48.4929	-34.704	-352.651	-366.112	-382.595	4.11464	6	0	77.9459	30.2764	-20.496	-483.885	30.2764	-20.496	-483.885	
13279	3335	90.2708	194.217	88.8269	-99999	97.127	-0.808384	1	1	1	0	0	279.067	328.617	133.455	59.7568	567.632	567.826	308.738	333.663	359.136	134.463	96.8509	59.5997	567.693	567.089	567.833	9.59293	7	0	53.3953	97.1479	41.3251	569.054	97.1479	41.3251	569.054	
13279	78627	44.1812	126.249	42.376	-99999	58.292	-0.87484	0	0	0	0	0	247.941	262.811	133.159	93.7892	-632.189	-631.61	266.171	274.98	281.28	133.202	113.108	92.0577	-632.196	-630.212	-631.701	6.16467	9	0	71.8521	58.3199	45.439	-630.831	58.3199	45.439	-630.831	
13279	20109	186.087	461.558	185.244	-99999	84.146	-0.789316	1	1	1	1	0	92.4451	98.9681	133.327	-3.77678	-817.208	-696.106	92.3501	99.3122	98.5891	133.369	59.969	-4.33751	-817.242	-760.668	-695.659	4.36952	13	0	84.2771	84.178	27.5158	-714.662	84.178	27.5158	-714.662	
13279	20742	292.508	652.109	291.962	94.6378	92.611	-0.582729	1	1	1	1	1	294.076	164.804	133.74	-18.9181	47.7021	257.097	294.248	241.779	164.748	134.016	52.3918	-18.9512	47.3667	156.725	257.137	4.09335	10	0	67.8359	92.6534	5.1884	169.996	92.6534	5.1884	169.996	
13279	17837	34.317	137.918	33.3348	-99999	100.687	-0.942504	0	0	0	0	0	319.672	311.897	133.242	103.526	-584.635	-594.627	351.219	349.003	343.111	133.522	116.989	103.218	-584.527	-588.385	-595.093	10.1332	21	0	101.046	100.713	67.1514	-595.847	100.713	67.1514	-595.847	
13279	21726	247.884	1018.38	242.853	-99999	112.911	-0.939404	0	0	0	0	0	146.963	80.5215	133.444	-95.1089	453.781	501.662	146.834	112.546	80.0017	133.444	16.9072	-99.5923	453.781	478.359	503.744	5.83647	9	0	181.229	64.2069	14.9848	355.385	64.2069	14.9848	355.385	
13279	18870	407.888	3167.96	403.432	-8.49124	-10.597	-0.73461	1	1	1	1	1	157.704	328.014	132.56	-171.15	273.065	71.9854	157.523	248.678	330.051	132.895	-20.4798	-173.25	273.315	174.919	69.2612	4.07434	12	0	64.7414	-10.5642	-33.0151	156.571	-10.5642	-33.0151	156.571	
13279	7557	71.7631	188.402	70.9051	-99999	20.764	-0.766019	1	1	0	0	0	125.5	83.2782	133.005	78.2218	-305.532	-291.217	125.798	104.337	83.1126	133.419	105.916	77.9472	-305.67	-297.575	-291.172	11.8816	8	0	80.5367	20.7968	42.8931	-284.979	20.7968	42.8931	-284.979	
13279	18768	35.6393	100.785	34.4508	-99999	73.642	-0.947103	1	1	0	0	0	327.379	336.029	134.209	101.974	-700.915	-692.928	350.324	354.774	359.247	134.634	117.852	101.445	-700.985	-697.007	-692.786	4.89875	6	0	51.5573	73.6766	28.3358	-671.765	73.6766	28.3358	-671.765	
13279	22115	341.11	1129.23	331.89	112.06	109.252	-0.925602	0	0	0	0	0	227.034	181.272	131.295	-171.26	-439.457	-311.088	227.166	203.587	179.452	132.635	-22.7704	-178.401	-439.987	-373.854	-308.82	7.65996	12	0	64.4937	-999999	-999999	-999999	-999999	-999999	-999999	
13279	19315	125.414	296.952	125.307	-99999	57.247	-0.90103	1	1	1	1	1	161.291	219.705	133.183	22.9499	-838.778	-850.286	152.252	181.626	210.709	133.278	78.1521	22.9499	-838.771	-844.21	-850.286	4.84354	6	0	52.8631	57.2798	-30.6001	-794.682	57.2798	-30.6001	-794.682	
13279	21595	325.408	724.678	322.7	101.982	99.616	-0.942207	1	1	1	1	1	108.526	246.405	133.39	-154.813	-154.248	-132.982	108.357	173.685	246.901	133.873	-14.0601	-156.937	-154.295	-138.873	-133.03	5.56683	12	0	90.2734	99.6439	-8.917	-142.55	99.6439	-8.917	-142.55	
13279	23395	315.172	1157.16	315.045	-99999	62.465	-0.948006	1	1	1	1	1	261.006	339.501	133.884	-169.697	-305.283	-335.458	280.567	319.879	359.088	133.884	-17.9432	-169.809	-305.283	-320.559	-335.473	24.9679	10	0	80.3723	62.4934	-49.3851	-333.64	62.4934	-49.3851	-333.64	
13279	20613	313.075	752.827	311.067	60.1149	58.393	-0.809369	1	1	1	1	1	350.514	184.58	134.117	-107.289	-210.826	-313.573	351.059	266.353	184.161	134.959	13.2021	-108.111	-210.569	-260.343	-313.858	5.74221	6	0	81.2806	58.4185	10.2604	-257.805	58.4185	10.2604	-257.805	
13279	21453	185.656	418.303	185.301	24.0657	21.666	-0.894118	1	1	1	1	1	270.024	185.222	133.15	-29.9283	804.87	803.59	270.104	222.766	185.199	133.314	53.5839	-30.0925	804.881	803.002	803.61	5.19281	8	0	80.9603	21.6989	4.68419	771.655	-21.4611	31.1	812.841	
13279	19594	180.12	436.372	179.826	-99999	-13.381	-0.737662	1	1	1	1	1	64.3729	181.26	62.527	-70.4471	-547.981	-516.56	64.1978	122.987	181.275	62.7412	-3.71031	-70.4471	-548.03	-532.603	-516.56	6.7354	8	0	61.5377	-13.3578	-6.74048	-527.824	-13.3578	-6.74048	-527.824	
13279	7560	78.3104	224.994	76.5967	-99999	34.755	-0.816625	1	1	0	0	0	306.527	348.249	132.58	69.448	-636.2	-624.347	316.703	338.092	359.377	133.599	101.365	69.065	-636.369	-630.333	-624.272	16.9132	6	0	95.1843	34.7356	69.5138	-625.011	34.7356	69.5138	-625.011	
13279	19577	249.533	1324.69	247.223	-99999	0.785	-0.734847	1	1	1	1	1	319.781	172.428	133.77	-46.4123	-704.564	-625.116	319.911	249.562	171.186	133.956	42.822	-48.0435	-704.672	-656.834	-625.068	4.51542	7	0	72.0849	0.812207	0.51681	-644.37	0.812207	0.51681	-644.37	
13279	23537	109.075	277.56	101.593	-99999	-9.338	-0.799596	1	1	1	1	1	63.6347	117.053	-76.5302	-158.329	142.436	170.29	63.5279	92.259	121	-76.3524	-120.222	-164.088	142.373	157.34	172.295	5.29402	9	0	60.411	-4.06449	25.1417	669.918	28.9855	-2.44728	1.11339	
13279	22875	273.325	580.113	272.706	-99999	-3.84	-0.496306	1	1	1	1	1	319.192	166.636	88.5912	-52.0363	-894.523	-717.572	319.535	243.009	166.636	88.8953	18.6259	-52.0363	-894.934	-806.157	-717.572	5.08552	12	0	40.0922	-3.80953	-49.4889	-688.789	-3.80953	-49.4889	-688.789	
13279	58865	80.3128	200.185	80.3126	-99999	29.855	-0.754473	0	0	0	0	0	166.214	128.538	132.659	73.0447	490.378	528.798	166.18	147.403	128.503	132.659	102.7	73.0447	490.378	509.413	528.798	4.6781	10	0	47.5907	21.8511	-30.5787	194.452	21.8511	-30.5787	194.452	
13279	21559	353.534	1251.52	328.336	89.3336	82.895	-0.685435	1	1	1	1	1	192.429	328.113	132.804	-91.9654	23.3877	-168.593	192.288	267.565	336.012	133.069	17.1183	-113.906	23.6227	-85.8859	-175.559	10.676	6	0	70.5733	82.9353	-68.8346	-196.858	82.9353	-68.8346	-196.858	
13279	10456	182.014	436.821	181.211	-99999	106.937	-0.991605	0	0	0	0	0	116.903	92.6516	132.956	-45.622	-460.026	-444.739	116.781	106.256	92.4208	132.956	42.7091	-46.4091	-460.026	-455.735	-444.727	12.5516	8	0	80.5609	29.2978	56.3165	-165.663	29.2978	56.3165	-165.663	
13279	20720	362.58	645.897	328.45	-99999	-6.254	-0.848969	1	1	1	1	1	105.491	118.815	132.44	-150.21	-70.1669	96.3187	105.457	113.427	119.323	134.151	-21.9582	-177.784	-71.2733	20.4266	112.581	6.64232	10	0	113.466	-6.22998	-27.267	37.5904	-6.22998	-27.267	37.5904	
13279	23220	86.4131	197.849	85.1639	-815.556	95.533	-0.605951	0	0	0	0	0	170.035	229.672	133.468	74.5949	-107.32	-117.323	170.007	203.397	230.263	133.49	106.887	73.5415	-107.313	-113.767	-117.323	6.29361	6	0	67.8047	89.9302	31.9629	344.186	13.0702	40.4443	-244.413	
13279	23693	202.311	1358.79	198.123	-51.5423	-47.398	-0.527791	1	1	1	1	1	358.635	203.673	-26.5146	-137.397	430.993	484.742	360.055	280.069	202.013	-25.5983	-81.2984	-138.964	430.591	457.585	485.522	5.11123	19	0	125.9	-47.3882	-28.9627	441.855	-47.3882	-28.9627	441.855	
13279	4034	139.773	605.284	139.769	-99999	66.284	-0.824914	1	1	1	1	1	257.502	338.255	134.538	20.5301	-331.217	-332.274	278.259	318.423	359.012	134.538	77.3537	20.5301	-331.217	-331.475	-332.274	5.54284	10	0	60.6156	66.2709	23.8308	-333.017	66.2709	23.8308	-333.017	
13279	21863	218.645	1137.21	218.141	-99999	-6.265	-0.983827	1	1	1	1	1	101.046	137.422	131.01	-81.3601	-101.717	-96.8685	100.969	119.885	137.429	131.498	24.3921	-81.3601	-101.686	-111.96	-96.8685	13.6565	14	0	684.744	-6.23725	-10.628	-103.186	-6.23725	-10.628	-103.186	
13279	42694	62.7553	173.672	62.1177	-99999	72.773	-0.636631	0	0	0	0	0	134.6	174.414	115.256	80.2774	-889.676	-857.964	134.147	153.076	174.331	115.662	97.1743	80.2774	-889.997	-873.194	-857.964	7.27814	6	0	68.9712	-42.0654	-24.7607	631.262	-42.0654	-24.7607	631.262	
13279	44134	184.943	466.684	184.103	26.5505	23.274	-0.453371	1	1	1	1	1	200.899	315.37	133.038	81.4357	-619.792	-487.746	200.669	251.412	315.552	133.288	98.4083	81.3927	-620.221	-551.459	-487.533	6.14597	6	0	116.485	17.1945	-31.985	-223.616	17.1945	-31.985	-223.616	
13279	18128	190.139	456.701	189.437	-99999	95.755	-0.944124	1	1	1	1	1	65.1302	128.219	134.223	-42.8818	-195.651	-192.983	64.7971	94.4966	128.109	134.881	45.1753	-42.8818	-195.722	-186.215	-192.983	4.36812	8	0	74.2249	95.7763	26.3297	-185.998	95.7763	26.3297	-185.998	
13279	3657	308.268	1913.65	306.742	96.8115	94.566	-0.901461	1	1	1	1	1	183.174	248.176	133.078	-129.496	619.508	479.517	183.076	214.755	248.393	133.683	-3.15007	-130.07	619.771	556.33	478.931	4.07794	14	0	50.0651	94.5999	-28.7988	521.217	94.5999	-28.7988	521.217	
13279	19484	367.637	753.838	364.992	107.097	103.027	-0.795315	0	0	0	0	0	166.446	291.165	132.956	-147.507	557.532	360.495	166.049	231.21	291.611	133.903	-6.10889	-148.644	558.12	458.685	359.712	7.27084	14	0	48.8299	-999999	-999999	-999999	-999999	-999999	-999999	
13279	4769	263.967	848.463	258.839	370.408	72.264	-0.686563	0	0	0	0	0	78.8006	240.875	133.697	-54.8064	-23.057	-91.2168	78.7608	162.86	243.953	133.743	41.8032	-58.8112	-23.0324	-66.2028	-91.4219	4.06639	6	0	67.7282	23.2135	-32.9411	-172.702	23.2135	-32.9411	-172.702	
13279	26451	351.174	1173.89	350.831	37.8329	36.041	-0.746055	1	1	1	1	1	253.079	88.4111	133.435	-129.17	-211.429	-54.4006	253.255	153.919	88.4111	133.693	7.96461	-129.17	-211.564	-140.233	-54.4006	17.2406	8	0	109.923	36.0707	-35.7034	-105.609	36.0707	-35.7034	-105.609	
13279	29489	406.47	1087.18	405.588	-99999	70.984	-0.574113	1	1	1	1	1	224.754	336.457	132.668	-88.7267	551.585	872.516	246.899	303.397	358.87	132.825	22.4753	-89.0723	551.379	712.413	872.979	5.25765	6	0	52.6612	71.0222	-54.0181	754.141	71.0222	-54.0181	754.141	
13279	27577	274.254	645.479	274.174	-99999	21.049	-0.883676	1	1	1	1	1	144.097	183.899	112.855	-134.176	-891.121	-787.348	144.072	153.899	183.875	112.917	-9.8595	-134.176	-891.149	-832.167	-787.348	5.84906	9	0	71.1893	21.0821	-22.5225	-782.433	21.0821	-22.5225	-782.433	
13279	28295	221.343	491.247	220.653	-99999	61.366	-0.826324	1	1	1	1	1	72.2375	188.735	133.954	-51.4044	-246.797	-232.455	72.0501	136.105	188.87	134.129	44.4243	-51.8325	-246.811	-237.604	-232.458	4.16502	7	0	79.2132	61.388	14.3406	-234.235	61.388	14.3406	-234.235	
13279	28535	225.445	527.295	225.258	-23.7659	-25.235	-0.913321	1	1	1	1	1	170.798	296.644	133.832	-51.6708	-505.554	-498.092	170.73	230.109	296.644	133.999	38.4438	-51.6708	-505.543	-507.526	-498.092	7.80388	6	0	99.1647	-25.2019	-17.0846	-507.638	-25.2019	-17.0846	-507.638	
13279	5454	346.508	708.572	344.767	-313.021	27.731	-0.743095	1	1	1	1	1	219.959	93.7514	132.025	-95.9829	-310.879	-532.175	219.959	149.551	93.0979	132.025	13.5071	-96.6092	-310.879	-415.709	-533.654	4.66935	9	0	64.0993	27.7603	-32.2652	-468.006	27.7603	-32.2652	-468.006	
13279	3363	66.7589	192.481	63.2447	-99999	-20.483	-0.963519	1	0	0	0	0	171.3	181.16	132.373	71.3588	616.474	627.954	171.232	179.132	181.356	132.838	100.883	68.3536	616.387	621.784	628.094	4.36021	20	0	89.1817	-20.4474	25.4215	632.372	-20.4474	25.4215	632.372	
13279	28682	83.2931	220.898	82.5021	-99999	75.254	-0.700621	1	1	1	0	0	279.669	335.465	133.765	73.023	660.841	662.474	302.661	330.954	359.03	134.309	103.765	73.023	660.831	661.591	662.474	7.12926	9	0	80.3143	83.0466	-32.0737	-91.9977	83.0466	-32.0737	-91.9977	
13279	28201	177.562	408.262	176.965	-99999	-19.18	-0.956213	1	1	1	1	1	138.158	159.955	133.256	-36.1756	-62.0232	-17.5629	138.133	152.72	159.977	133.822	49.5499	-36.1756	-62.1877	-38.5735	-17.5629	10.4825	12	0	80.1666	-11.3066	-7.03185	-558.185	-11.3066	-7.03185	-558.185	
13279	8569	285.603	655.016	282.443	-99999	45.72	-0.885306	1	1	1	1	1	62.147	181.074	79.5458	-155.547	-315.149	-222.59	60.888	114.16	181.022	82.34	-45.3737	-155.547	-315.983	-281.244	-222.59	4.19628	13	0	81.0313	45.7115	-16.0339	-284.447	45.7115	-16.0339	-284.447	
13279	24996	153.591	504.478	152.223	-99999	70.831	-0.880607	1	1	1	1	1	169.944	113.981	128.621	-6.03689	659.827	703.454	170.064	142.004	113.584	129.11	61.2836	-6.76156	659.656	682.229	703.638	20.2987	10	0	183.687	70.8609	-44.6026	718.553	70.8609	-44.6026	718.553	
13279	27036	30.1869	53.742	17.4988	-99999	7.271	-0.722207	1	1	1	1	1	177.632	166.957	132.925	120.666	2.42902	8.68645	177.794	168.533	159.937	133.12	122.415	113.247	2.34798	7.41837	15.38	5.87266	9	0	53.742	7.29924	14.1616	54.3239	7.29924	14.1616	54.3239	
13279	43538	182.656	429.384	178.374	-99999	70.409	-0.625445	1	1	0	0	0	275.294	335.275	133.162	28.4078	-877.524	-747.538	296.726	333.843	357.69	134	79.8437	26.2179	-878.368	-814.952	-745.616	10.9513	7	0	77.2207	70.4303	50.0308	-782.889	70.4303	50.0308	-782.889	
13279	7947	278.392	610.511	277.876	-99999	51.59	-0.963131	1	1	1	1	1	83.9155	179.943	133.187	-124.512	-74.8914	-41.4276	83.7838	129.108	179.92	133.539	2.87741	-124.656	-74.9347	-62.2215	-41.4041	4.8783	9	0	68.3612	51.6198	-8.01574	-53.3152	51.6198	-8.01574	-53.3152	
13279	29698	183.163	422.031	181.913	-99999	13.968	-0.971683	1	1	1	1	1	61.7073	95.0484	117.238	-57.6839	-654.438	-618.849	61.518	76.0297	95.0732	118.267	30.208	-57.8652	-654.615	-634.235	-618.826	6.90745	10	0	70.7097	13.9863	3.97786	-626.824	13.9863	3.97786	-626.824	
13279	26515	358.975	1246.66	356.038	84.1665	82.529	-0.489864	1	1	1	1	1	61.9811	333.008	121.362	-70.4501	438.871	310.834	59.591	196.796	333.008	122.798	27.9638	-70.4501	439.781	373.571	310.834	4.00799	8	0	73.7891	82.522	-29.2797	337.761	82.522	-29.2797	337.761	
13279	27949	172.719	515.378	147.658	-99999	44.547	-0.815365	1	1	1	1	1	212.826	296.795	131.052	10.156	482.509	494.119	226.109	275.155	323.888	132.018	61.2686	-9.71993	482.412	489.22	495.633	18.0022	6	0	227.697	44.5637	-8.40461	488.881	44.5637	-8.40461	488.881	
13279	6653	186.018	460.078	185.577	-99999	105.171	-0.922687	0	0	0	0	0	271.505	192.904	133.625	-32.0484	847.116	818.811	288.081	248.61	209.313	133.751	50.7074	-32.3258	847.127	833.231	818.769	4.2901	8	0	48.6518	28.5641	-90.4929	816.094	28.5641	-90.4929	816.094	
13279	27015	375.033	1691.38	374.877	-167.207	-31.705	-0.853779	0	0	0	0	0	273.076	88.4423	133.307	-160.224	-127.266	8.97357	273.076	189.329	88.4423	133.307	-16.2728	-160.224	-127.266	-51.7824	8.97357	4.71719	10	0	77.4042	-999999	-999999	-999999	-999999	-999999	-999999	
13279	27917	288.795	618.706	278.903	113.726	109.651	-0.39168	0	0	0	0	0	352.924	157.66	28.8297	-76.2195	-855.103	-686.067	360.014	257.94	157.66	32.7102	-21.6387	-76.2195	-860.797	-774.354	-686.067	4.03108	7	0	54.0487	-999999	-999999	-999999	-999999	-999999	-999999	
13279	24272	303.326	772.825	301.533	-99999	94.16	-0.846155	1	1	1	1	1	238.497	329.551	132.02	-127.719	-725.632	-602.774	267.374	313.206	359.037	133.53	3.82341	-127.719	-726.372	-662.538	-602.774	4.81834	9	0	77.3123	94.1887	-54.8115	-630.871	94.1887	-54.8115	-630.871	
13279	24752	235.032	559.622	234.606	-99999	-18.243	-0.934078	1	1	1	1	1	180.817	198.299	132.454	-86.1095	552.787	632.086	180.837	193.057	198.28	132.463	24.4716	-86.4784	552.784	597.188	632.158	11.3657	8	0	110.052	-18.2133	-13.4742	603.879	-18.2133	-13.4742	603.879	
13279	47506	31.5615	129.228	31.511	78.8657	81.146	-0.626827	0	0	0	0	0	248.151	235.672	134.559	115.153	-340.144	-361.088	260.81	254.915	248.331	134.559	124.172	115.153	-340.144	-350.231	-361.088	6.19972	23	0	76.5773	76.2338	-14.2348	-474.406	76.2338	-14.2348	-474.406	
13279	47986	173.081	346.832	173.022	-99999	47.42	-0.995234	1	1	1	1	0	156.087	163.519	132.953	-38.9576	804.495	819.098	156.036	157.592	163.465	132.996	46.8472	-38.9576	804.491	811.701	819.098	5.36396	7	0	68.6564	47.4564	2.28617	782.449	47.4564	2.28617	782.449	
13279	24460	308.52	684.956	308.197	24.5775	22.839	-0.903439	1	1	1	1	1	112.285	252.214	133.767	-137.739	135.931	150.069	112.155	189.142	252.214	134.053	2.04898	-137.739	135.91	156.078	150.069	7.39009	6	0	76.2127	22.8677	-13.4388	154.809	22.8677	-13.4388	154.809	
13279	24700	108.867	284.797	108.316	-99999	89.785	-0.839822	0	0	0	0	0	194.941	157.902	132.891	55.0714	783.62	845.552	194.981	175.336	157.799	133.349	91.5411	55.0714	783.367	811.947	845.552	5.1682	9	0	70.6023	-999999	-999999	-999999	-999999	-999999	-999999	
13279	28780	36.423	110.092	36.4114	-99999	28.257	-0.410767	0	0	0	0	0	136.791	161.145	132.589	116.879	-125.335	-104.304	141.2	152.023	165.553	132.589	123.536	116.879	-125.335	-113.952	-104.304	13.7721	9	0	69.9124	-23.4779	-14.2072	-684.19	-23.4779	-14.2072	-684.19	
13279	28955	293.091	663.861	288.082	-69.2339	53.93	-0.568788	0	0	0	0	0	194.089	292.689	132.786	-46.4973	360.526	160.18	193.348	249.526	293.421	134.075	38.8922	-47.9486	362.319	266.369	158.109	4.86695	14	0	75.3253	-999999	-999999	-999999	-999999	-999999	-999999	
13279	29685	242.965	575.018	242.596	-99999	-13.962	-0.764964	1	1	1	1	1	138.233	105.431	133.501	-56.4445	283.281	428.692	138.249	116.488	105.426	133.501	39.5633	-56.7195	283.281	357.057	428.909	5.20458	15	0	90.8903	-13.9273	-5.98144	376.931	-13.9273	-5.98144	376.931	
13279	26277	170.895	1879.82	170.419	-99999	12.286	-0.600824	1	1	1	1	1	61.8303	89.1998	-10.8787	-116.06	-86.1092	44.903	61.8162	76.5963	89.249	-10.8787	-62.9374	-116.363	-86.1092	-19.9842	45.2588	8.87888	15	0	452.32	12.3361	-44.1787	-6.19128	12.3361	-44.1787	-6.19128	
13279	28077	245.202	575.702	244.371	18.6267	18.251	-0.822059	1	1	1	1	1	142.402	248.005	133.455	-64.002	414.243	322.493	142.402	193.568	248.087	133.455	32.0463	-64.2052	414.243	368.289	321.743	13.8558	16	0	81.8257	18.2809	-10.1512	344.867	18.2809	-10.1512	344.867	
13279	28530	103.225	233.216	100.259	-99999	-0.235	-0.885753	1	1	1	0	0	141.381	190.923	133.405	47.5492	-49.7733	-35.9478	141.381	166.981	192.44	133.405	88.8991	45.0213	-49.7733	-44.7032	-35.6464	4.87241	7	0	67.6651	-0.201138	22.8392	-39.5435	-0.201138	22.8392	-39.5435	
13279	28064	344.432	784.992	344.275	65.6831	64.642	-0.903796	1	1	1	1	1	168.529	261.061	133.256	-171.696	-754.379	-884.541	168.521	214.798	261.093	133.286	-19.3916	-171.799	-754.368	-819.179	-884.588	12.4174	11	0	104.412	64.6749	-18.9672	-771.537	64.6749	-18.9672	-771.537	
13279	11825	265.434	3553.79	261.516	-99999	19.431	-0.859948	1	1	1	1	1	242.918	328.884	130.182	-87.9346	397.624	509.597	248.717	285.899	336.061	131.233	21.5901	-90.3046	397.077	461.781	510.26	4.64652	7	0	82.4037	19.4647	-19.6542	481.62	19.4647	-19.6542	481.62	
13279	25820	44.3671	155.473	43.9809	-99999	-24.967	-0.820543	1	1	1	1	1	155.844	145.123	130.513	94.7499	-124.399	-101.338	155.967	150.901	145.152	130.828	112.329	94.7499	-124.598	-113.457	-101.338	4.07135	15	0	95.546	-24.9417	-26.1973	-346.016	-24.9417	-26.1973	-346.016	
13279	24616	39.8685	113.718	38.5137	-99999	61.285	-0.39535	0	0	0	0	0	286.404	296.16	132.609	115.206	637.761	670.57	305.435	311.192	315.472	132.812	124.827	114.768	637.327	654.655	671.286	5.01047	8	0	72.7998	55.1079	27.0233	-74.0762	55.1079	27.0233	-74.0762	
13279	26301	156.93	395.129	156.487	-99999	3.667	-0.783882	1	1	1	1	1	64.092	128.56	16.2148	-105.411	-665.269	-590.905	64.083	97.0327	128.729	16.2237	-44.2818	-105.763	-665.274	-627.735	-590.727	5.27343	11	0	62.5492	3.69577	-23.9706	-365.049	38.9458	-7.51046	-811.986	
13279	29181	274.958	668.566	274.029	102.604	100.633	-0.663171	1	1	1	1	1	266.026	165.647	132.734	-40.3449	-386.189	-200.717	266.2	219.511	165.501	133.131	48.9627	-40.6049	-386.599	-288.543	-200.581	4.68263	12	0	73.5456	100.68	-3.23775	-269.715	100.68	-3.23775	-269.715	
13279	24456	53.4733	144.143	51.6899	-99999	95.802	-0.979792	0	0	0	0	0	258.636	244.563	132.098	83.4548	-172.879	-164.198	288.736	283.848	274.184	132.739	106.799	82.421	-172.979	-168.926	-164.058	4.28195	6	0	70.1992	5.86341	-70.8105	45.1121	5.86341	-70.8105	45.1121	
13279	24087	231.554	452.128	231.418	-99999	25.651	-0.747294	1	1	1	1	1	100.557	90.5859	133.884	-25.8305	-826.614	-662.981	100.524	105.929	90.5565	133.962	53.5371	-25.8305	-826.684	-743.711	-662.981	5.26399	15	0	81.7582	25.6761	13.1416	-712.726	25.6761	13.1416	-712.726	
13279	25527	61.8022	172.808	57.5735	-99999	63.736	-0.970565	0	0	0	0	0	136.382	123.736	131.155	75.4922	-870.554	-863.927	136.862	130.563	123.019	133.377	103.237	73.674	-870.711	-868.215	-863.876	5.20975	10	0	76.9833	63.7646	42.6017	-812.087	63.7646	42.6017	-812.087	
13279	28928	238.997	575.651	238.552	105.277	101.384	-0.958134	0	0	0	0	0	158.673	230.43	133.515	-92.2117	881.922	862.095	158.639	194.001	230.461	133.676	20.3661	-92.4772	881.952	869.402	862.105	4.5656	7	0	93.6511	-47.0596	-66.7255	-752.725	-47.0596	-66.7255	-752.725	
13279	46911	584.454	1711.28	584.444	88.2748	86.033	-0.648829	1	1	1	1	1	222.819	105.371	134.308	-139.844	-858.01	-358.03	222.819	175.9	105.371	134.308	-7.99807	-139.844	-858.01	-607.398	-358.03	10.7033	10	0	414.945	86.067	-38.2569	-540.233	86.067	-38.2569	-540.233	
13279	2336	37.7346	81.9682	37.6862	-99999	-13.626	-0.260573	0	0	0	0	0	314.005	326.299	134.017	124.783	180.009	214.323	309.738	316.145	322.044	134.017	128.916	124.784	180.009	196.982	214.36	19.9983	11	0	48.9737	-25.3364	-109.901	-24.3847	36.9336	-36.0466	-60.4332	
13279	30975	298.245	610.656	294.663	-99999	39.741	-0.854078	1	1	1	1	1	72.5713	121.592	131.111	-92.7336	493.626	667.848	72.5831	83.528	121.546	134.17	5.9497	-92.7336	491.779	566.938	667.848	4.45307	14	0	81.8814	39.7562	-19.2541	595.866	39.7562	-19.2541	595.866	
13279	5874	281.964	668.583	281.442	113.244	111.717	-0.970072	0	0	0	0	0	188.658	273.535	132.011	-135.797	-683.706	-690.022	188.542	229.054	273.535	132.511	-2.41684	-135.797	-683.675	-688.039	-690.022	4.37369	9	0	69.9766	35.8014	-30.1031	-760.855	35.8014	-30.1031	-760.855	
13279	30439	26.4445	408.929	25.6868	-99999	-8.189	-0.421966	1	1	1	1	1	159.437	156.193	133.382	111.355	-425.134	-435.833	159.446	156.848	156.26	133.382	122.641	110.694	-425.134	-430.744	-435.745	44.9458	10	0	401.647	-8.15329	-30.3182	-485.695	-8.15329	-30.3182	-485.695	
13279	7289	110.131	856.519	109.032	-99999	85.955	-0.833874	1	1	1	1	1	232.888	196.297	132.911	48.6597	189.579	132.91	246.744	227.187	209.804	133.827	89.5683	48.6597	190.056	163.793	132.91	6.39117	14	0	71.3779	85.9964	-19.0678	102.798	85.9964	-19.0678	102.798	
13279	3345	332.856	731.546	332.851	-99999	8.715	-0.772665	1	1	1	1	1	186.836	140.043	129.544	-92.5102	395.449	636.576	186.826	165.942	140.034	129.544	11.0149	-92.5102	395.449	510.178	636.576	7.75082	14	0	81.8652	12.7941	-53.5951	599.318	2.31405	-30.3319	481.043	
13279	63651	381.025	835.366	381.021	-99999	1.274	-0.760212	1	1	1	1	1	328.845	257.524	133.404	-164.361	275.771	51.4715	329.244	293.914	257.923	133.404	-10.9228	-164.361	275.771	156.778	51.4715	5.18756	14	0	82.6102	1.30884	-13.1915	152.319	1.30884	-13.1915	152.319	
13279	34189	180.516	376.979	179.769	-99999	55.8	-0.956937	1	1	1	1	1	144.059	114.87	131.513	-26.3513	-375.993	-334.393	143.995	122.05	114.806	131.513	44.1913	-26.3513	-375.993	-375.065	-334.393	8.25041	10	0	63.5978	55.7964	-14.9954	-372.548	55.7964	-14.9954	-372.548	
13279	35347	24.6988	87.3324	24.2317	-99999	27.442	-0.994946	0	0	0	0	0	222.487	223.512	133.183	109.231	-235.096	-233.42	231.08	231.654	232.165	133.183	121.03	108.969	-235.096	-234.247	-233.456	5.50262	6	0	73.3308	27.483	36.3419	-225.919	27.483	36.3419	-225.919	
13279	35520	282.22	801.663	282.213	-99999	114.728	-0.921028	0	0	0	0	0	173.417	228.438	134.593	-118.073	364.7	477.63	155.388	183.182	210.409	134.593	8.09096	-118.073	364.7	420.641	477.63	15.3948	16	0	92.397	100.331	14.9938	-814.251	47.2805	-40.2308	-758.049	
13279	32263	301.288	658.9	299.938	-99999	96.524	-0.925872	1	1	1	1	1	187.5	89.1324	132.771	-149.809	115.941	118.872	187.687	140.212	88.8654	133.46	-9.32196	-150.379	115.93	110.785	118.958	5.07561	12	0	69.338	96.5529	-33.2	117.226	96.5529	-33.2	117.226	
13279	4225	140.465	327.779	140.463	-99999	-2.278	-0.646554	1	1	1	1	1	205.871	100.767	133.529	44.2096	463.454	489.931	205.873	153.488	100.769	133.529	88.6206	44.2096	463.454	476.536	489.931	7.31921	11	0	63.1582	-2.24798	19.9695	492.543	-2.24798	19.9695	492.543	
13279	31256	309.498	712.79	306.098	24.4756	24.034	-0.963592	1	1	1	1	1	272.314	202.912	133.808	-162.502	-47.3746	-20.1573	272.314	231.799	201.885	133.808	-14.9095	-165.735	-47.3746	-34.1745	-20.107	5.25435	11	0	74.2123	24.0776	-19.5785	-33.3368	24.0776	-19.5785	-33.3368	
13279	32644	75.7676	200.416	75.5117	-99999	87.806	-0.904102	1	0	0	0	0	103.689	140.462	133.413	70.2998	760.114	778.247	103.511	119.722	140.388	133.605	100.517	70.2676	760.072	768.784	778.261	4.6425	11	0	71.4946	87.8293	48.6389	769.623	87.8293	48.6389	769.623	
13279	34804	381.964	833.149	381.906	61.0487	55.552	-0.863393	1	1	1	1	1	74.4013	308.089	134.852	-147.455	-297.752	-400.848	74.4013	183.173	308.118	134.852	-10.9215	-147.482	-297.752	-355.144	-400.861	4.02552	9	0	59.2547	55.5891	-28.3544	-360.89	55.5891	-28.3544	-360.89	
13279	8342	260.974	543.445	259.868	36.9888	35.963	-0.823145	1	1	1	1	1	254.906	184.001	132.634	-72.7136	-50.3171	86.7772	255.118	211.316	184.001	133.353	33.058	-72.7136	-50.7585	20.0325	86.7772	4.98237	13	0	76.6393	36.0026	-7.05147	31.2673	36.0026	-7.05147	31.2673	
13279	34361	197.785	471.125	197.782	-99999	96.546	-0.853393	1	1	1	1	1	194.962	94.9817	132.803	-32.0455	-545.309	-517.498	194.851	146.019	94.8712	132.803	47.0066	-32.0455	-545.309	-544.915	-517.498	4.07028	13	0	85.89	96.5784	-4.8954	-529.714	96.5784	-4.8954	-529.714	
13279	30940	234.868	514.087	232.216	103.831	103.03	-0.935632	0	0	0	0	0	175.638	248.564	133.872	-85.1239	-513.539	-494.306	175.626	215.128	249.718	133.905	23.9567	-87.4467	-513.543	-502.396	-494.553	6.06112	12	0	69.2857	-999999	-999999	-999999	-999999	-999999	-999999	
13279	5664	313.506	689.123	312.175	-99999	-6.209	-0.70351	1	1	1	1	1	127.658	170.745	133.696	-79.1007	-399.241	-176.836	127.595	153.616	170.755	134.607	32.0319	-79.1259	-400.157	-284.67	-176.82	5.03783	13	0	57.6159	-6.17409	-0.934533	-267.183	-6.17409	-0.934533	-267.183	
13279	30695	281.13	623.335	280.374	-99999	-47.514	-0.952851	1	1	1	1	1	104.718	154.104	133.32	-129.719	-415.324	-334.654	104.749	128.334	154.172	133.488	1.82559	-130.265	-415.373	-372.669	-334.49	4.77087	12	0	65.4701	-47.4852	-8.10063	-370.224	-47.4852	-8.10063	-370.224	
13279	9642	111.551	281.948	110.163	-99999	-3.543	-0.636873	1	1	1	1	1	62.6583	125.261	77.8347	8.71358	-595.392	-536.756	62.5443	94.1421	125.932	77.971	42.9638	7.95346	-595.505	-565.726	-536.156	4.16189	12	0	50.6805	-3.51366	1.06761	-518.574	-3.51366	1.06761	-518.574	
13279	31473	224.58	552.142	223.236	-99999	40.012	-0.877954	0	0	0	0	0	99.6833	85.6109	128.696	-65.6987	-471.022	-366.676	99.7883	80.5765	85.6409	129.342	30.2607	-66.2222	-471.328	-422.267	-366.388	5.87189	12	0	70.1738	-9.24128	-33.3849	-534.402	-9.24128	-33.3849	-534.402	
13279	32791	222.618	623.691	218.425	56.1511	55.178	-0.840288	1	1	1	1	1	301.609	200.988	133.099	-53.1645	724.354	771.125	302.498	243.406	200.479	134.657	43.4749	-55.4274	723.912	747.662	771.086	4.33334	10	0	75.2236	55.2035	-1.96015	734.999	55.2035	-1.96015	734.999	
13279	30524	305.577	781.378	305.165	-99999	46.71	-0.699439	1	1	1	1	1	196.279	344.419	132.711	-78.8956	-637.371	-799.762	210.906	285.084	359.237	132.711	27.0035	-79.1899	-637.371	-718.951	-799.96	6.99623	13	0	45.3374	46.743	-22.184	-741.636	46.743	-22.184	-741.636	
13279	34739	149.749	320.011	149.109	-99999	54.903	-0.949152	1	1	1	1	1	145.191	165.253	133.127	-6.72954	-685.619	-642.4	145.107	156.514	165.2	133.274	62.5583	-6.82965	-685.662	-663.967	-642.372	4.38744	11	0	58.8187	45.3158	-26.113	-698.543	45.3158	-26.113	-698.543	
13279	35718	134.847	325.476	134.183	-99999	7.666	-0.60962	1	1	1	1	1	356.923	306.084	-66.3789	-149.117	158.813	250.536	359.397	338.288	308.272	-66.2455	-107.467	-149.357	158.652	207.589	250.837	4.32389	8	0	75.6386	7.68447	-65.9668	187.696	7.68447	-65.9668	187.696	
13279	35475	297.001	672.777	295.927	-99999	23.191	-0.978196	1	1	1	1	1	351.722	306.035	122.373	-168.067	575.58	594.843	359.199	335.588	313.297	123.413	-22.6325	-168.067	575.628	586.362	594.843	6.29665	6	0	73.5995	18.5773	-38.4156	-17.7348	-3.45268	11.8094	545.015	
13279	30088	219.024	430.89	218.99	-99999	-30.636	-0.797658	1	1	1	1	1	117.29	85.7753	133.426	-46.6246	-337.418	-218.342	117.328	102.434	85.8103	133.439	45.5629	-46.6246	-337.427	-273.954	-218.342	6.17606	12	0	64.1966	-30.6049	-0.302052	-252.225	-30.6049	-0.302052	-252.225	
13279	31648	170.072	772.418	167.434	16.2274	13.551	-0.597905	1	1	1	0	0	310.115	195.889	131.956	25.8752	-880.458	-822.849	310.295	253.543	194.29	132.143	80.3215	24.3283	-880.624	-845.45	-822.185	4.73322	8	0	73.5625	13.5675	25.1127	-790.194	13.5675	25.1127	-790.194	
13279	34168	525.911	1244.79	429.388	-99999	-39.784	-0.575502	1	1	1	1	1	240.316	348.156	133.693	-114.863	-96.6097	-429.619	227.858	294.674	359.609	133.693	-20.2868	-169.617	-96.6097	-298.969	-505.374	10.8687	16	0	101.476	-39.7409	-39.7571	-329.466	-39.7409	-39.7571	-329.466	
13279	32207	273.87	573.623	266.301	-99999	8.694	-0.960602	1	1	1	1	1	181.323	141.079	133.505	-120.521	242.683	276.714	181.313	151.41	142.75	133.505	2.63873	-125.598	242.683	269.192	280.069	10.7305	7	0	95.7766	8.70866	-29.8498	269.137	8.70866	-29.8498	269.137	
13279	34372	157.18	391.499	154.965	-99999	1.765	-0.526083	0	0	0	0	0	191.252	164.241	131.89	42.0256	269.673	392.01	191.947	172.971	164.239	133.05	88.3247	42.0256	267.924	329.666	392.01	5.33502	15	0	78.6782	56.8227	-5.25243	-187.005	56.8227	-5.25243	-187.005	
13279	35093	282.545	595.839	281.83	-99999	88.815	-0.92549	1	1	1	0	0	240.272	331.242	108.903	-153.367	-893.411	-844.918	268.083	314.216	359.223	108.903	-22.3598	-154.047	-893.411	-868.956	-844.796	4.5514	6	0	36.5672	88.8445	-42.9296	-826.374	88.8445	-42.9296	-826.374	
13279	5347	92.4144	248.373	91.6976	-99999	-24.726	-0.954366	1	1	0	0	0	219.408	239.765	129.49	45.0519	-626.883	-654.843	211.623	218.879	232.136	129.9	86.2028	44.7999	-626.763	-639.846	-654.912	6.58475	9	0	86.3527	-24.6752	19.099	-649.686	-24.6752	19.099	-649.686	
13279	32148	207.738	474.473	206.641	-99999	-24.923	-0.916534	1	1	1	1	1	339.969	260.447	133.526	-54.5985	-392.359	-383.606	332.248	288.207	252.26	133.726	39.761	-55.3424	-392.369	-391.627	-383.858	6.4225	11	0	78.5386	-24.8953	8.43449	-391.727	-24.8953	8.43449	-391.727	
13279	35028	229.702	1211.31	229.07	35.0328	34.379	-0.852266	1	1	1	1	1	310.244	192.436	133.244	-44.2525	-703.565	-623.366	310.505	253.934	192.422	133.747	40.2971	-44.2698	-703.735	-669.008	-623.36	7.93475	10	0	73.3196	34.4142	3.33065	-651.23	34.4142	3.33065	-651.23	
13279	35952	171.748	375.505	170.351	-99999	-7.838	-0.766671	1	1	1	1	1	179.931	94.4567	132.257	0.969393	-24.2566	41.0859	180.203	138.362	94.2135	132.647	66.7813	0.196349	-24.4514	11.1648	41.4233	4.10055	14	0	80.8324	-7.15655	-14.0513	435.971	76.2834	-39.5903	208.785	
13279	35713	268.27	576.183	267.568	-42.663	-43.485	-0.802513	1	1	1	1	1	285.529	126.838	133.01	-77.7543	-213.438	-172.143	285.687	204.676	126.601	133.233	27.5259	-78.0774	-213.472	-197.954	-172.016	6.01495	9	0	75.1139	-43.4539	-8.56886	-190.478	-43.4539	-8.56886	-190.478	
13279	34284	211.961	514.037	211.654	-99999	83.532	-0.717147	1	1	1	1	1	187.032	331.875	133.176	-18.5212	-351.772	-379.797	213.19	285.756	358.207	133.176	57.292	-18.7669	-351.772	-366.133	-379.829	4.45697	8	0	91.205	83.5623	-12.7925	-374.622	83.5623	-12.7925	-374.622	
13279	35633	317.444	1250.47	316.104	84.1576	82.174	-0.848826	1	1	1	1	1	242.042	169.798	131.467	-108.748	-297.818	-109.615	242.208	204.403	169.725	132.106	1.48447	-109.179	-298.174	-216.583	-109.268	4.2254	14	0	77.5778	82.211	-19.0656	-187.566	82.211	-19.0656	-187.566	
13279	60569	334.648	719.692	334.565	-99999	42.421	-0.941591	1	1	1	1	1	328.715	197.378	133.691	-166.911	-495.389	-554.782	342.024	282.376	210.662	133.766	-20.8167	-166.911	-495.379	-518.295	-554.782	5.20579	9	0	40.338	39.3717	4.75942	-616.197	39.3717	4.75942	-616.197	
13279	31740	80.2296	276.918	80.0399	-99999	5.806	-0.428068	1	0	0	0	0	104.662	91.1298	133.691	97.7574	683.191	753.245	104.706	98.8382	91.1232	133.772	116.494	97.7574	683.028	718.723	753.245	9.89363	20	0	140.951	5.86604	53.1909	741.032	5.86604	53.1909	741.032	
13279	34832	224.663	517.147	222.058	91.0574	88.949	-0.881107	1	1	1	1	1	248.491	149.052	132.846	-58.5416	-551.418	-506.559	249.025	190.117	148.746	133.881	40.7072	-59.9403	-551.491	-531.218	-506.542	4.95755	9	0	82.6817	88.9646	-11.8766	-520.559	88.9646	-11.8766	-520.559	
13279	11206	138.098	319.677	136.415	-99999	50.487	-0.797774	0	0	0	0	0	154.291	102.824	133.244	23.8136	-705.999	-643.761	154.233	124.421	102.513	133.244	78.9894	22.3331	-705.999	-675.578	-643.007	4.33333	18	0	77.2298	50.8044	25.6171	306.875	50.8044	25.6171	306.875	
13279	36596	302.334	641.819	300.632	32.424	32.664	-0.87995	1	1	1	1	1	119.634	274.089	133.056	-109.066	149.587	66.9796	119.473	190.606	274.955	133.415	7.84153	-109.777	149.696	105.181	66.3477	4.12965	13	0	68.4487	32.6999	-21.3204	102.574	32.6999	-21.3204	102.574	
13279	40076	45.0834	131.474	42.9804	-99999	62.701	-0.937697	0	0	0	0	0	199.898	195.693	133.099	93.9894	-449.506	-432.657	199.826	196.621	195.187	133.099	112.561	92.2258	-449.506	-441.08	-432.35	4.84213	14	0	76.8949	62.7342	33.3323	-424.681	62.7342	33.3323	-424.681	
13279	39739	248.505	555.039	247.663	-22.9827	-24.575	-0.924413	1	1	1	1	1	246.224	173.992	132.064	-97.8377	573.299	623.021	246.494	201.479	173.989	132.759	18.9756	-97.9239	573.224	593.345	623.036	7.7655	9	0	76.3952	-15.2086	-24.8881	590.682	-15.2086	-24.8881	590.682	
13279	36080	239.07	524.086	238.957	106.636	104.763	-0.755073	0	0	0	0	0	270.054	105.014	133.117	-37.6378	559.485	547.959	270.123	190.74	105.014	133.199	44.7765	-37.6378	559.5	547.646	547.959	4.09167	9	0	66.4625	67.737	-19.4766	368.952	67.737	-19.4766	368.952	
13279	36153	340.743	1709.27	340.068	52.824	50.48	-0.835632	1	1	1	1	1	107.085	253.271	134.001	-134.911	248.851	103.097	106.944	180.096	253.359	134.307	-1.65213	-135.176	248.992	177.109	102.981	5.70061	12	0	76.771	50.5178	-7.90477	175.57	50.5178	-7.90477	175.57	
13279	40233	355.078	811.537	353.267	-22.1384	-24.161	-0.826932	1	1	1	1	1	262.668	169.817	131.711	-125.982	106.86	327.161	263.085	223.38	169.817	133.208	-6.49611	-125.982	105.94	207.697	327.161	7.36212	20	0	88.2197	-24.1199	-22.5605	224.608	-24.1199	-22.5605	224.608	
13279	41012	88.8831	222.357	88.3366	-99999	44.405	-0.92448	1	1	0	0	0	284.057	258.744	133.573	49.9644	-771.217	-758.831	297.971	283.516	272.515	133.596	92.0903	49.4679	-771.221	-764.706	-758.754	4.67691	6	0	74.0449	44.433	30.9819	-758.543	44.433	30.9819	-758.543	
13279	41107	292.363	595.394	290.933	-99999	-15.121	-0.998718	1	1	1	1	1	96.0735	148.318	132.915	-147.869	-807.25	-760.414	96.0729	117.49	148.573	133.478	-10.0078	-148.691	-807.263	-791.603	-760.472	5.52154	7	0	71.2921	-15.0955	-11.6904	-769.097	-15.0955	-11.6904	-769.097	
13279	36508	334.381	5597.8	329.355	-99999	-12.748	-0.401135	1	1	1	1	1	354.968	159.706	-47.5328	78.7812	550.226	738.337	159.235	259.204	355.055	79.1093	13.5644	-47.5744	739.077	639.216	550.12	16.8088	1114	0	5597.8	-12.6956	-7.03338	639.4	-12.6956	-7.03338	639.4	
13279	38308	282.668	637.757	280.376	34.1542	32.572	-0.915665	1	1	1	1	1	244.903	139.548	132.374	-113.867	5.55326	84.0231	245.211	197.718	139.012	133.417	9.35293	-114.865	5.22556	53.0736	84.0255	7.39118	6	0	70.9638	32.6011	-29.0808	224.311	32.6011	-29.0808	224.311	
13279	37239	187.3	417.314	187.295	-99999	-31.792	-0.935096	1	1	1	0	0	175.073	118.88	122.768	-41.5269	-885.335	-822.836	175.11	147.356	118.917	122.768	35.5004	-41.5269	-885.335	-865.885	-822.836	5.21419	11	0	65.9954	-29.4921	-13.085	511.874	99.0979	-85.8493	-450.914	
13279	39593	412.045	851.351	407.572	-99999	-39.727	-0.823573	1	1	1	1	1	74.4645	110.732	133.381	-165.697	-307.634	-542.178	74.4863	95.6354	110.74	133.956	-34.2894	-166.505	-307.239	-423.837	-543.235	4.41435	8	0	73.0194	-39.6935	-21.7119	-418.035	-39.6935	-21.7119	-418.035	
13279	41873	128.251	330.933	126.331	-99999	-7.171	-0.765258	0	0	0	0	0	98.4392	74.283	132.093	23.4153	712.972	771.379	98.7872	85.337	74.0864	133.025	80.2588	22.771	712.256	745.761	771.533	6.40514	8	0	84.9981	-999999	-999999	-999999	-999999	-999999	-999999	
13279	37517	310.696	710.152	310.534	82.5642	80.333	-0.699387	1	1	1	1	1	156.519	327.391	133.44	-62.8482	-121.08	45.899	156.519	242.471	327.452	133.44	30.1608	-62.9325	-121.08	-43.2329	46.0134	8.56035	6	0	79.7445	80.371	-21.2018	-13.929	80.371	-21.2018	-13.929	
13279	41177	140.262	311.019	137.564	-99999	23.437	-0.933935	1	1	1	1	1	132.433	189.201	132.886	10.5131	-30.8069	-9.94821	132.326	155.845	190.324	133.116	68.0579	8.35881	-30.8428	-19.4967	-9.8623	4.26943	6	0	66.9696	23.4639	17.8968	-13.7922	23.4639	17.8968	-13.7922	
13279	38584	311.603	698.228	311.601	-99999	98.17	-0.875493	1	1	1	1	1	62.2072	191.672	114.259	-155.285	-377.101	-291.438	62.0949	125.063	191.559	114.259	-20.4894	-155.285	-377.101	-331.274	-291.438	4.4745	10	0	66.0882	98.1898	8.72111	-344.562	98.1898	8.72111	-344.562	
13279	40910	190.083	448.432	188.58	-99999	-25.997	-0.965194	1	1	1	1	1	197.949	156.876	132.285	-51.3738	-437.123	-435.337	198.139	174.034	156.735	132.901	41.0731	-52.2132	-437.159	-434.226	-435.255	5.84301	8	0	79.1188	-25.9608	-12.06	-431.061	-25.9608	-12.06	-431.061	
13279	41630	338.442	823.628	337.184	56.7322	56.204	-0.581193	1	1	1	1	1	61.7511	304.874	60.0816	-157.798	-209.552	-281.948	60.7496	192.287	304.874	60.8043	-41.4948	-157.798	-209.363	-238.576	-281.948	4.74254	11	0	80.3094	56.2453	-6.47693	-233.275	56.2453	-6.47693	-233.275	
13279	39385	171.068	411.772	170.506	33.5406	30.808	-0.925025	1	1	1	1	1	253.237	180.022	132.481	-20.2956	-650.033	-636.965	253.439	218.219	180.022	132.994	55.513	-20.2956	-650.089	-642.031	-636.965	4.07275	7	0	72.9763	30.8426	2.53469	-632.371	30.8426	2.53469	-632.371	
13279	37181	91.8993	229.885	91.8982	-99999	108.401	-0.727269	0	0	0	0	0	261.851	322.825	133.921	65.7692	454.477	445.563	295.796	326.524	356.77	133.921	100.021	65.7692	454.477	450.275	445.563	16.8764	7	0	56.4844	63.9449	-22.3157	-321.647	63.9449	-22.3157	-321.647	
13279	4268	412.804	993.688	409.329	98.2557	96.273	-0.559538	1	1	1	1	1	182.567	263.468	132.906	-94.24	-569.525	-241.17	182.437	225.999	263.468	134.839	16.0433	-94.24	-572.393	-409.636	-241.17	4.35445	9	0	75.1754	96.3023	-18.4645	-380.037	96.3023	-18.4645	-380.037	
13279	40312	287.798	667.852	287.503	97.9472	95.624	-0.848477	1	1	1	1	1	145.819	288.89	133.392	-87.8094	-409.324	-516.767	145.744	207.923	288.952	133.544	15.0025	-87.8879	-409.266	-461.947	-516.781	4.31818	8	0	70.7578	95.6647	-21.3727	-477.036	95.6647	-21.3727	-477.036	
13279	37564	206.618	516.3	204.693	-99999	-0.149	-0.958724	1	1	1	1	1	187.76	158.669	132.077	-49.0535	-361.111	-279.739	188.079	173.074	158.669	133.915	36.1406	-49.0535	-361.558	-332.271	-279.739	15.0712	11	0	105.981	-0.107764	-12.8803	-315.684	-0.107764	-12.8803	-315.684	
13279	41441	362.608	900.059	335.461	109.65	106.448	-0.498791	0	0	0	0	0	68.2263	323.649	35.1481	-131.501	-457.486	-596.959	61.937	200.128	336.695	39.2724	-51.159	-141.082	-454.048	-528.765	-606.621	5.93608	10	0	60.4507	-999999	-999999	-999999	-999999	-999999	-999999	
13279	36361	86.7912	220.386	86.7893	-99999	63.257	-0.60255	0	0	0	0	0	110.844	73.2512	134.371	69.1145	-433.763	-392.022	110.771	89.5678	73.1789	134.371	104.716	69.1145	-433.763	-410.549	-392.022	4.17343	13	0	79.606	-999999	-999999	-999999	-999999	-999999	-999999	
13279	1038	381.084	7989.75	380.487	-42.4039	-45.116	-0.795185	1	1	1	1	1	343.251	162.27	133.983	-154.411	-873.506	-706.341	343.506	258.495	162.27	134.454	-14.1444	-154.411	-873.756	-790.31	-706.341	5.78516	15	0	73.7003	-45.0874	-12.9063	-762.383	-45.0874	-12.9063	-762.383	
13279	3558	136.25	510.907	136.186	-99999	108.883	-0.526211	0	0	0	0	0	254.263	262.955	134.078	79.5565	748.59	871.147	288.358	293.258	297.051	134.084	100.939	79.5565	748.58	807.875	871.147	5.92574	6	0	149.508	99.2549	-17.6692	-253.376	-30.3651	-73.5239	351.88	
13279	39813	272.091	524.073	271.371	-99999	32.674	-0.758199	0	0	0	0	0	179.772	161.292	131.714	-69.4961	-120.141	57.1189	179.745	169.363	161.247	131.813	25.0138	-69.8057	-120.227	-36.8521	57.4093	5.04141	14	0	76.1312	31.3383	46.8488	20.6267	31.3383	46.8488	20.6267	
13279	386	349.745	2094.6	348.92	56.0242	54.701	-0.738226	1	1	1	1	1	349.141	184.418	133.492	-146.017	-646.878	-523.4	349.525	269.111	184.418	134.095	-2.66604	-146.017	-647.268	-574.097	-523.4	5.76503	8	0	71.8436	54.7306	3.73184	-582.213	54.7306	3.73184	-582.213	
13279	38287	185.088	447.096	184.848	-680.804	-35.574	-0.51257	0	0	0	0	0	200.757	305.508	133.291	46.2791	448.321	323.508	200.637	251.22	305.508	133.413	88.2647	46.2791	448.486	385.578	323.508	4.92512	14	0	52.0535	-999999	-999999	-999999	-999999	-999999	-999999	
13279	3958	85.6257	223.386	85.4997	-99999	112.185	-0.965605	0	0	0	0	0	202.324	189.415	133.03	52.7537	-219.065	-193.534	202.198	197.085	189.284	133.058	92.2641	52.6695	-219.072	-207.36	-193.503	5.37998	13	0	77.6936	-6.33441	60.8092	-813.72	-20.5044	-36.1756	248.739	
13279	10017	93.4904	241.278	69.5684	-99999	-29.304	-0.515392	1	1	0	0	0	112.945	74.0222	133.618	98.3677	840.544	794.931	113.445	87.3767	60.9214	134.019	110.047	86.7871	841.025	810.521	779.828	8.41808	10	0	131.021	-29.2719	42.4997	369.201	-29.2719	42.4997	369.201	
13279	45124	214.911	536.308	214.906	-99999	89.895	-0.497784	1	1	1	1	1	190.57	143.683	132.061	12.8314	-572.444	-400.397	190.468	166.598	143.581	132.061	73.0476	12.8314	-572.444	-485.916	-400.397	4.99642	14	0	74.567	87.9557	-2.84016	416.257	-35.0743	25.395	-774.694	
13279	47556	46.5634	126.85	40.7734	-99999	55.71	-0.9411	0	0	0	0	0	154.204	165.755	133.511	96.4605	83.3234	95.0501	162.818	168.993	174.293	133.864	112.368	92.1325	83.2213	89.5457	98.1868	5.29185	12	0	76.8177	55.7236	28.6742	94.4818	55.7236	28.6742	94.4818	
13279	4380	91.3244	240.897	91.3092	-99999	-18.111	-0.997849	1	1	0	0	0	114.226	105.978	133.869	43.3582	-795.161	-789.521	114.247	109.941	105.998	133.869	88.5253	43.3582	-795.161	-793.397	-789.521	5.52009	7	0	89.2414	-18.0946	36.1593	-770.279	-18.0946	36.1593	-770.279	
13279	5580	165.314	368.013	164.802	-99999	77.668	-0.568008	1	1	1	1	1	87.4853	222.612	133.901	42.0737	241.982	263.512	75.1459	142.673	210.686	133.994	87.5987	41.8746	241.954	252.851	263.543	6.00228	7	0	55.902	77.7196	-27.9946	255.629	77.7196	-27.9946	255.629	
13279	40199	194.808	443.948	192.284	-99999	4.542	-0.911576	1	1	1	1	1	239.913	148.935	133.632	-32.6792	-208.287	-181.583	239.928	198.182	147.798	133.667	46.5503	-34.8747	-208.29	-196.734	-181.588	6.1801	9	0	78.5645	4.56341	-0.598626	-191.39	4.56341	-0.598626	-191.39	
13279	43916	514.861	1456.67	513.128	-99999	96.706	-0.354731	1	1	1	1	1	208.294	329.214	132.485	-46.5337	-571.585	-106.243	238.058	299.344	359.569	133.007	41.3459	-46.5939	-572.858	-340.284	-106.003	26.3718	11	0	177.732	96.7505	-20.7558	-230.422	96.7505	-20.7558	-230.422	
13279	4306	282.389	626.736	281.429	15.4342	13.333	-0.884317	1	1	1	1	1	200.983	347.963	132.858	-105.853	73.7108	90.7651	200.85	271.017	348.342	133.115	11.2306	-106.396	73.6914	84.9931	90.7895	5.774	6	0	67.1585	13.3586	-44.4142	74.7708	13.3586	-44.4142	74.7708	
13279	5986	143.267	337.82	142.488	-99999	38.517	-0.95782	1	1	1	1	1	149.901	110.55	132.747	-3.33153	-341.558	-327.472	149.986	131.485	110.415	133.164	64.246	-3.64803	-341.569	-335.791	-327.384	4.00761	11	0	71.7412	38.5371	10.459	-331.225	38.5371	10.459	-331.225	
13279	43144	260.211	594.113	260.064	-99999	-3.302	-0.714471	1	1	1	1	1	140.509	234.797	128.937	-38.6507	-666.652	-492.916	140.509	180.622	234.872	128.937	40.1453	-38.7125	-666.652	-580.572	-492.81	11.6891	8	0	87.8191	-3.26756	-0.101552	-566.218	-3.26756	-0.101552	-566.218	
13279	44704	104.204	264.811	103.524	-99999	115.344	-0.946877	0	0	0	0	0	282.451	297.49	133.853	35.3156	-253.811	-227.423	318.564	324.908	333.678	133.886	84.6815	34.6842	-253.821	-238.024	-227.46	4.14061	8	0	72.3079	41.4134	-34.3541	130.175	41.4134	-34.3541	130.175	
13279	43611	162.352	399.654	160.58	22.4703	18.768	-0.670714	1	1	1	1	1	256.018	143.141	132.991	29.4708	-732.148	-688.494	257.028	196.664	143.005	134	82.4072	29.2804	-732.593	-716.489	-688.354	6.07138	12	0	74.9155	11.8894	-13.5227	-157.722	83.9094	-16.6762	-769.974	
13279	46251	78.4379	199.48	77.6025	32.9657	26.791	-0.688946	1	1	0	0	0	169.525	226.509	133.242	81.9238	-350.591	-358.491	169.28	199.192	226.763	133.479	108.46	81.5089	-350.563	-354.046	-358.493	7.22496	6	0	76.6652	26.838	28.8692	-362.891	26.838	28.8692	-362.891	
13279	46049	128.896	584.685	128.798	24.9731	22.914	-0.893505	1	1	1	1	1	200.254	217.095	133.843	24.3961	105.823	41.8673	200.254	213.846	217.073	133.843	78.5936	24.3204	105.823	75.7285	41.826	8.89715	12	0	79.9722	22.9574	11.7403	54.4354	22.9574	11.7403	54.4354	
13279	45857	207.736	452.778	205.027	-99999	67.35	-0.817837	1	1	1	0	0	249.166	337.394	132.637	-52.1116	779.541	788.684	269.172	315.722	358.838	134.132	41.4267	-52.8822	779.432	783.364	788.802	8.66459	6	0	67.799	67.3725	-15.9255	773.402	67.3725	-15.9255	773.402	
13279	44930	298.582	674.983	297.9	102.195	101.753	-0.82016	0	0	0	0	0	281.776	115.225	133.28	-102.91	117.289	75.0335	281.885	196.303	115.013	133.449	14.8319	-103.312	117.327	88.2917	75.0697	6.33656	7	0	77.4447	-32.8491	-56.3981	-792.401	-32.8491	-56.3981	-792.401	
13279	51002	255.477	34978	254.842	40.5301	39.803	-0.73726	1	1	1	1	1	333.423	184.247	133.629	-48.719	575.282	670.513	333.742	259.678	184.247	134.095	42.6985	-48.719	575.004	624.581	670.513	7.33607	7	0	74.4117	39.8324	-14.6103	622.086	39.8324	-14.6103	622.086	
13279	51722	173.567	467.896	172.215	-41.8811	-44.177	-0.99782	1	1	1	1	1	197.282	221.793	131.623	-38.0487	-587.42	-588.475	197.246	205.354	222.086	132.331	45.9868	-38.603	-587.383	-585.865	-588.459	4.50348	6	0	70.3399	-44.1418	-1.61852	-583.758	-44.1418	-1.61852	-583.758	
13279	8366	148.834	345.243	148.047	-36.7472	-36.501	-0.607345	1	1	0	0	0	224.824	121.548	132.799	53.7647	794.004	864.25	225.307	175.321	121.548	133.277	92.5248	53.7647	793.615	830.644	864.25	5.11212	8	0	60.206	-36.474	33.689	803.96	-36.474	33.689	803.96	
13279	41888	275.692	1785.05	272.919	77.8499	74.736	-0.817582	1	1	1	1	1	121.761	226.294	133.49	-75.5023	-116.592	-252.901	121.505	182.073	226.689	134.151	29.1857	-76.796	-116.21	-181.555	-254.226	6.62445	13	0	84.5802	74.7683	-3.30606	-190.28	74.7683	-3.30606	-190.28	
13279	41562	213.927	528.405	213.443	-99999	54.294	-0.924127	1	1	1	1	1	140.535	218.858	132.864	-63.0047	550.758	518.296	131.835	170.93	210.326	133.309	35.0871	-63.0047	550.831	534.592	518.296	4.64195	6	0	71.111	50.7378	-31.0312	-296.629	0.867807	-57.9295	806.668	
13279	41815	173.756	381.53	171.496	-99999	3.989	-0.838008	1	1	1	1	1	238.198	197.373	131.987	5.49553	-809.374	-703.368	238.491	222.205	197.373	133.766	63.7978	5.49553	-810.494	-761.736	-703.368	6.18876	14	0	74.6735	5.60329	-18.1348	789.1	56.0933	-41.5015	-795.574	
13279	42705	330.325	731.877	330.112	40.9483	74.064	-0.913141	1	1	0	0	0	176.919	250.37	133.418	-162.216	745.094	623.944	176.898	218.987	250.37	133.516	-14.2101	-162.216	745.133	686.602	623.944	5.74521	13	0	79.5227	74.0899	-29.27	861.965	41.5999	-19.3074	662.632	
13279	6404	448.085	1095.15	448.083	-99999	80.554	-0.495688	1	1	1	1	1	186.609	333.934	132.905	-94.9128	692.893	336.386	211.834	285.311	359.159	132.905	19.7884	-94.9128	692.893	514.022	336.386	4.17499	15	0	56.4563	80.5909	-30.7637	438.514	80.5909	-30.7637	438.514	
13279	9764	233.372	697.023	232.212	20.7764	19.996	-0.762741	1	1	1	1	1	225.375	126.23	131.916	-49.6583	-457.038	-352.912	225.681	178.243	126.094	132.521	42.6277	-49.9127	-457.454	-400.4	-352.699	4.17629	14	0	74.0616	20.0406	-12.3177	-380.761	20.0406	-12.3177	-380.761	
13279	12044	246.498	579.873	245.946	-99999	-45.597	-0.854596	1	1	1	1	1	174.11	88.9473	131.114	-87.0697	-260.495	-194.928	174.298	121.436	89.0443	131.37	25.4663	-87.2883	-260.57	-227.051	-194.823	5.66131	16	0	89.7358	-45.5651	-12.4583	-216.24	-45.5651	-12.4583	-216.24	
13279	43772	102.907	260.806	101.174	-99999	94.804	-0.553848	1	1	1	0	0	329.309	275.905	125.096	75.6448	339.552	405.056	359.694	326.552	305.534	125.688	96.5026	75.5432	339.016	365.177	405.706	5.86058	13	0	90.3253	94.8135	10.8518	386.974	94.8135	10.8518	386.974	
13279	45713	162.93	474.926	162.057	-99999	58.418	-0.957858	1	1	1	1	1	93.3183	129.379	133.288	-23.4429	-138.663	-133.861	93.1554	116.654	129.42	133.626	56.0565	-23.9473	-138.655	-133.432	-133.854	11.786	6	0	151.976	53.0477	-19.8198	76.8638	53.0477	-19.8198	76.8638	
13279	46805	145.472	353.771	143.729	-99999	68.29	-0.948965	1	1	1	1	1	197.101	150.094	132.903	8.71429	-657.847	-612.333	197.03	184.486	148.804	132.929	64.7705	7.5947	-657.853	-636.001	-611.887	8.33796	6	0	86.1693	68.3247	6.59674	-618.819	68.3247	6.59674	-618.819	
13279	1312	104.771	228.775	104.035	-99999	114.6	-0.715396	0	0	0	0	0	218.847	192.136	132.815	58.6595	40.2913	-27.5877	237.023	223.612	210.145	133.34	95.9755	58.6595	40.7763	6.60075	-27.5877	7.99765	14	0	43.6467	68.4009	-51.5752	527.952	68.4009	-51.5752	527.952	
13279	11598	445.12	1001.17	443.134	-99999	45.885	-0.739518	1	1	1	1	1	78.4637	178.08	134.013	-166.866	-822.973	-515.973	78.4112	120.677	178.286	134.013	-11.1719	-168.242	-822.973	-659.847	-514.568	4.82454	16	0	65.0949	45.9041	-7.17551	-663.905	45.9041	-7.17551	-663.905	
13279	40823	242.589	526.278	242.302	-99999	-22.539	-0.912854	1	1	1	1	1	143.483	204.676	134.113	-84.0358	-8.83566	75.9938	143.509	175.22	204.819	134.113	24.9357	-84.2788	-8.83566	33.1743	76.0507	6.07262	10	0	74.4671	-22.5187	-7.47178	40.1945	-22.5187	-7.47178	40.1945	
13279	46078	314.249	786.417	312.331	-99999	87.264	-0.938324	1	1	1	1	1	96.759	87.527	133.099	-157.94	-341.267	-245.108	96.6592	97.7739	86.9395	133.099	-11.845	-159.716	-341.267	-294.11	-244.826	4.39848	11	0	87.4086	87.3063	-29.3467	-289.05	87.3063	-29.3467	-289.05	
13279	44622	86.1775	449.339	83.5099	-99999	97.448	-0.681805	1	1	1	1	1	116.352	85.8733	133.714	74.4373	771.107	821.115	116.241	100.882	84.5962	133.714	103.626	72.8335	771.107	797.841	822.883	6.64498	11	0	190.726	97.4746	49.2449	794.568	97.4746	49.2449	794.568	
13279	3641	374.095	937.513	373.138	-99999	23.629	-0.747268	1	1	1	1	1	229.813	280.64	133.146	-168.24	-40.3507	-252.267	237.186	265.975	288.239	133.219	-12.1614	-168.902	-40.2902	-154.246	-252.763	8.18306	16	0	102.318	23.6588	-25.4964	-160.256	23.6588	-25.4964	-160.256	
13279	59241	484.829	1213.03	482.296	-99999	61.466	-0.566775	1	1	1	1	1	231.003	339.581	132.447	-151.946	184.879	558.756	249.639	302.047	358.909	133.545	-10.9256	-152.18	183.396	370.806	559.272	12.5231	8	0	78.2477	61.4988	-17.6304	402.291	61.4988	-17.6304	402.291	
13279	58654	292.938	651.368	289.827	44.2595	42.7	-0.958273	1	1	1	1	1	274.594	196.559	133.019	-142.944	699.416	727.393	274.769	243.188	196.071	134.509	-6.70509	-144.363	698.991	720.998	727.043	4.47331	7	0	72.0371	42.7266	-17.3196	707.603	42.7266	-17.3196	707.603	
13279	55533	400.492	887.257	399.837	78.3184	77.728	-0.515689	1	1	1	1	1	300.14	117.859	133.577	-91.014	184.248	457.204	300.258	200.749	117.878	133.705	30.5385	-91.3216	184.073	323.7	457.463	6.83797	14	0	68.208	77.7404	-15.8902	347.918	77.7404	-15.8902	347.918	
13279	54259	285.948	1708.08	280.591	104.146	103.842	-0.730971	0	0	0	0	0	325.627	178.303	134.149	-64.6772	743.417	871.468	325.94	254.392	177.235	134.655	36.2439	-68.9822	743.076	817.957	872.807	4.3259	7	0	63.7471	58.6309	-40.4866	-174.597	-0.629138	-13.0604	456.862	
13279	1600	202.75	452.272	201.795	55.6412	55.445	-0.757873	1	1	1	1	1	173.696	278.192	131.198	-37.1642	807.436	835.686	173.696	225.175	278.772	131.198	47.5919	-37.9116	807.436	832.114	835.633	5.54442	10	0	70.7747	55.4832	-5.86193	789.295	55.4832	-5.86193	789.295	
13279	808	340.057	650.598	333.755	-99999	114.377	-0.66086	0	0	0	0	0	85.7598	112.074	133.974	-53.2135	-156.281	108.043	85.5694	112.724	111.764	134.834	36.6706	-52.4006	-157.257	-21.3854	110.452	10.4394	10	0	43.1359	31.1588	62.9362	-372.969	31.1588	62.9362	-372.969	
13279	60829	261.8	600.051	260.463	-99999	15.14	-0.974157	1	1	1	1	1	173.597	202.121	128.825	-126.496	-380.079	-348.875	173.58	189.963	201.976	128.825	-0.735324	-127.781	-380.079	-373.086	-348.619	5.77928	9	0	82.2541	14.8314	-24.4915	53.394	14.8314	-24.4915	53.394	
13279	43635	279.133	606.665	278.036	-99999	-4.091	-0.767402	1	1	1	1	1	190.684	87.9489	132.151	-66.5518	276.629	439.353	190.969	144.025	87.8069	132.731	26.4227	-66.7186	276.239	353.454	439.614	4.32297	15	0	71.6637	-4.06099	-14.1556	377.643	-4.06099	-14.1556	377.643	
13279	47355	207.835	479.459	206.595	-99999	3.889	-0.875767	1	1	1	1	1	186.226	106.224	131.336	-50.902	-590.277	-537.421	186.221	148.071	105.703	131.336	40.0149	-52.0242	-590.277	-558.739	-537.418	6.98093	8	0	77.5956	3.90671	-11.7241	-545.595	3.90671	-11.7241	-545.595	
13279	44168	191.775	423.593	190.503	-99999	-34.001	-0.852744	1	1	1	1	1	205.339	144.337	132.882	-33.8423	-288.452	-222.643	205.378	172.459	144.258	132.882	50.6719	-35.0718	-288.452	-252.063	-222.365	5.46965	12	0	73.1286	-40.6479	-9.19446	-178.087	-40.6479	-9.19446	-178.087	
13279	44970	176.367	324.643	175.348	-99999	-0.363	-0.80477	0	0	0	0	0	73.0612	97.3262	132.601	0.876982	627	738.841	73.0063	84.6423	97.3821	133.318	64.3185	0.814149	626.47	680.047	738.907	6.67602	12	0	55.0229	-2.41198	5.82367	387.086	18.848	-27.1527	594.076	
13279	5235	352.449	827.098	350.823	-17.952	-19.536	-0.666912	1	1	1	1	1	98.3839	293.558	133.816	-50.4885	456.205	244.829	97.6372	202.602	293.616	134.828	25.2137	-50.4812	457.034	367.703	244.729	4.75707	13	0	77.7238	-19.4997	-11.9792	333.533	52.6603	14.0367	362.298	
13279	16075	59.8135	161.393	59.4747	-99999	108.095	-0.975567	0	0	0	0	0	217.938	227.325	132.938	75.6033	847.479	860.135	200.949	205.37	210.34	133.26	104.397	75.5952	847.41	853.809	860.136	4.36637	10	0	50.5903	-30.2346	6.56505	-811.206	-30.2346	6.56505	-811.206	
13279	53046	247.184	667.996	247.182	-99999	95.196	-0.877609	1	1	1	1	1	175.486	225.991	133.368	-84.1277	-343.202	-237.511	160.526	185.44	211.032	133.368	25.2791	-84.1277	-343.202	-288.743	-237.511	5.87959	9	0	64.1569	95.2333	-21.6009	-264.327	95.2333	-21.6009	-264.327	
13279	51247	366.405	828.977	366.402	-99999	93.53	-0.737786	1	1	1	1	1	181.979	77.2506	132.359	-157.779	81.8147	278.424	181.872	131.071	77.1436	132.359	-9.97297	-157.779	81.8147	185.121	278.424	5.0958	11	0	84.3136	93.564	-36.6137	200.706	93.564	-36.6137	200.706	
13279	51967	52.0141	136.859	51.0125	-99999	29.28	-0.86153	1	1	0	0	0	349.954	328.507	110.222	66.4964	49.3246	35.7353	359.157	347.147	337.585	110.29	87.8683	65.6794	49.3469	44.0523	35.3591	5.69678	13	0	76.5237	29.3025	-6.45537	-197.241	29.3025	-6.45537	-197.241	
13279	53976	252.729	592.191	251.551	-99999	59.633	-0.437016	1	1	1	1	1	235.986	340.458	133.256	19.3055	-481.201	-282.815	254.506	306.091	359.523	133.394	74.8744	18.9664	-481.444	-382.05	-282.131	4.55318	9	0	42.9881	59.6652	25.5849	-322.263	59.6652	25.5849	-322.263	
13279	5271	116.88	241.5	93.259	-99999	1.871	-0.774126	1	0	0	0	0	320.177	342.959	133.696	75.2207	-362.43	-300.296	320.763	333.24	335.87	133.696	89.6489	65.7688	-362.43	-326.735	-294.783	8.93315	9	0	59.1244	1.89937	44.0128	-339.933	1.89937	44.0128	-339.933	
13279	55190	50.9881	140.364	50.8371	-99999	-6.8	-0.741904	0	0	0	0	0	202.9	189.234	133.186	94.6737	818.34	848.403	202.908	196.164	189.201	133.186	114.359	94.5568	818.34	834.145	848.486	4.45743	14	0	69.5581	-6.75093	32.3667	794.239	-6.75093	32.3667	794.239	
13279	55670	156.88	358.17	156.2	-99999	19.384	-0.97018	1	1	1	0	0	63.9697	76.9995	134.609	-19.511	609.314	618.963	63.9271	68.672	77.0228	134.792	57.026	-19.9466	609.272	614.829	618.903	4.5902	7	0	79.1976	19.3943	21.6834	623.179	19.3943	21.6834	623.179	
13279	57110	317.235	699.296	313.174	81.8861	79.744	-0.984748	1	1	1	1	1	236.764	195.003	133.418	-169.569	-547.508	-544.55	236.764	207.021	194.676	133.418	-21.5189	-171.579	-547.508	-562.966	-544.313	4.23315	9	0	92.8163	79.7792	-24.1816	-557.034	79.7792	-24.1816	-557.034	
13279	55600	377.318	837.225	375.697	-99999	87.564	-0.729571	1	1	1	1	1	104.817	161.568	132.663	-137.731	-654.459	-402.148	104.436	133.125	161.468	133.84	-4.09546	-137.731	-655.525	-530.216	-402.148	5.6303	15	0	76.3915	87.6074	-13.8083	-518.685	87.6074	-13.8083	-518.685	
13279	55035	221.639	539.862	217.039	-99999	34.82	-0.664659	1	1	1	1	1	66.9003	216.143	95.4487	-48.0236	-850.703	-785.57	60.652	137.033	212.969	96.2134	23.2553	-50.381	-851.062	-817.553	-784.536	4.99416	8	0	52.2663	34.8566	-9.39637	-772.577	34.8566	-9.39637	-772.577	
13279	56203	346.144	793.638	346.007	-99999	101.505	-0.816068	0	0	0	0	0	98.6072	113.815	133.877	-130.448	-497.888	-278.363	98.4822	113.124	113.699	133.98	0.229127	-130.448	-497.959	-389.534	-278.363	14.2166	11	0	104.825	52.0478	11.0665	299.255	52.0478	11.0665	299.255	
13279	58123	75.6989	197.987	75.2271	-99999	100.335	-0.849856	1	1	0	0	0	160.744	161.351	133.722	70.8754	-622.901	-583.494	160.629	158.554	161.36	133.722	101.553	70.6162	-622.901	-603.694	-583.257	5.41226	14	0	68.9688	97.0446	35.0039	-680.097	-35.1954	66.4571	-564.634	
13279	58843	218.311	447.534	217.634	-99999	-9.217	-0.656117	1	1	1	1	0	83.7675	115.651	133.629	-5.98338	202.122	365.451	83.6931	102.695	115.662	134.074	64.55	-5.98338	201.626	283.538	365.451	7.73927	13	0	78.3098	-9.18328	20.1839	299.464	-9.18328	20.1839	299.464	
13279	57271	206.179	444.51	204.503	75.0439	73.741	-0.756029	1	1	1	1	1	281.988	136.028	132.918	-2.61403	-105.625	-67.5712	283.045	213.429	136.028	134.184	60.301	-2.61403	-105.893	-88.6584	-67.5712	4.96861	14	0	75.7302	73.7736	2.99182	-62.8633	73.7736	2.99182	-62.8633	
13279	59867	103.149	245.459	97.115	-99999	93.945	-0.995228	0	0	0	0	0	224.722	217.987	132.42	38.4568	245.504	267.717	254.163	250.986	247.264	133.638	83.2004	33.6642	245.386	255.092	267.854	4.24417	6	0	59.7564	-999999	-999999	-999999	-999999	-999999	-999999	
13279	60155	224.303	562.95	224.213	-99999	100.273	-0.418677	1	1	1	1	1	180.01	327.764	129.301	32.2711	-379.821	-517.737	211.41	285.353	359.219	129.301	81.0145	32.23	-379.821	-448.94	-517.794	4.96062	12	0	45.4422	100.32	23.5271	-485.427	100.32	23.5271	-485.427	
13279	62315	354.357	832.919	353.426	-99999	1.47	-0.766941	1	1	1	1	1	316.84	94.4504	133.278	-124.862	-853.653	-764.024	317.102	202.15	94.1769	133.628	6.95682	-125.237	-853.782	-808.207	-763.952	4.05202	9	0	74.1859	1.49168	-33.4253	-770.07	1.49168	-33.4253	-770.07	
13279	60633	118.152	318.859	116.835	-99999	113.629	-0.771834	0	0	0	0	0	244.39	192.604	133.143	44.9839	77.9538	21.4321	262.337	236.17	209.952	133.328	88.7103	44.1796	78.073	49.5483	20.9236	4.91483	12	0	51.0738	93.992	-3.38896	-818.614	-47.108	-22.3755	369.905	
13279	61461	96.9124	241.616	96.0899	-99999	106.086	-0.403275	0	0	0	0	0	62.6968	92.9127	89.5943	53.7627	486.454	570.041	62.486	80.3775	92.8808	89.6902	72.3925	53.4588	486.262	527.801	570.536	4.18636	18	0	76.3404	97.9712	-10.5892	-484.289	48.2512	68.7066	6.99637	
13279	15825	358.069	834.001	356.827	85.039	82.562	-0.805638	1	1	1	1	1	340.022	130.361	133.919	-141.491	197.077	119.622	340.657	239.392	130.361	134.911	-4.37988	-141.491	197.442	148.734	119.622	16.6659	7	0	72.6403	82.5823	-9.56228	148.491	82.5823	-9.56228	148.491	
13279	61740	137.225	360.415	136.777	-99999	44.735	-0.833979	1	1	1	1	1	196.214	200.091	132.856	9.28233	-730.975	-675.054	196.234	193.977	200.039	133.216	70.809	9.28233	-731.206	-703.252	-675.054	7.00093	15	0	81.0695	44.779	6.16533	-689.799	44.779	6.16533	-689.799	
13279	60195	79.511	290.272	74.5405	-99999	80.459	-0.713808	1	1	1	0	0	289.148	331.773	133.648	78.6708	-809.244	-782.753	313.958	337.013	358.717	134.1	105.125	74.7342	-809.479	-795.015	-782.493	4.56826	10	0	119.994	80.4895	69.1166	-773.997	80.4895	69.1166	-773.997	
13279	71156	93.1027	229.072	92.9845	92.3348	58.625	-0.783596	0	0	0	0	0	189.306	236.348	133.061	56.6665	-794.866	-814.408	189.239	217.4	236.348	133.151	96.9417	56.6665	-794.843	-802.56	-814.408	8.73544	10	0	77.823	65.7139	6.3159	19.3862	90.5339	27.7489	-773.234	
13279	67157	299.004	739.166	297.238	-99999	88.412	-0.917935	1	1	1	1	1	249.695	331.43	133.246	-143.988	-586.317	-517.036	277.281	318.594	359.547	133.505	-5.80172	-145.381	-586.385	-551.237	-516.805	4.71664	7	0	53.4425	88.4401	-43.1724	-555.096	88.4401	-43.1724	-555.096	
13279	68360	115.052	245.085	104.094	-99999	16.396	-0.39403	1	1	1	1	1	182.37	113.446	132.661	90.8905	-178.815	-113.005	182.722	144.589	106.496	132.88	109.361	87.7066	-179.172	-143.092	-105.97	5.10666	12	0	48.5891	16.4075	32.1572	-92.0646	16.4075	32.1572	-92.0646	
13279	2815	31.9779	345.233	26.5346	-99999	43.726	-0.920011	0	0	0	0	0	196.875	184.733	80.107	67.513	885.016	869.925	196.927	187.767	185.197	80.5179	69.2201	64.0453	884.989	880.601	869.492	26.7853	12	0	289.952	61.2621	-26.9424	801.907	61.2621	-26.9424	801.907	
13279	66408	205.65	437.776	204.419	-99999	-39.687	-0.937188	1	1	1	1	1	134.056	99.4197	131.416	-52.4044	-594.367	-519.773	134.123	127.503	99.3708	131.948	34.8672	-52.6356	-594.568	-563.683	-519.605	4.6059	13	0	74.3082	-32.8864	-14.5364	219.013	45.7836	-24.1343	-769.959	
13279	70368	293.683	655.724	292.263	-99999	37.2	-0.710471	1	1	1	1	1	79.4179	165.244	133.428	-62.8453	-112.504	84.5798	78.9639	130.62	165.201	134.436	36.6807	-62.8453	-113.41	-16.9317	84.5798	6.78296	12	0	77.5038	46.2018	-29.8854	415.94	46.2018	-29.8854	415.94	
13279	70540	176.787	365.175	150.057	-99999	0.901	-0.642649	1	1	1	1	1	62.312	166.047	51.3274	-45.3497	171.53	220.605	61.8211	123.016	183.28	51.7887	-5.02721	-62.7904	171.288	200.274	229.294	5.34754	10	0	70.3377	0.933317	-18.2446	216.508	0.933317	-18.2446	216.508	
13279	73792	93.441	206.341	91.239	-99999	-32.795	-0.171661	1	1	0	0	0	82.9123	85.4037	129.657	61.6782	92.1858	146.917	82.8901	84.7477	85.2881	129.829	94.814	61.2365	91.5189	117.531	147.615	5.15938	17	0	68.9615	-32.7675	42.1207	141.735	-32.7675	42.1207	141.735	
13279	2191	161.615	354.954	155.245	-99999	104.933	-0.908494	0	0	0	0	0	270.737	296.198	130.806	-13.835	-30.7962	17.518	302.898	316.384	329.086	133.752	59.7443	-16.8228	-31.9452	-2.71831	17.5035	5.82622	9	0	77.1363	-25.4096	43.4661	251.842	-25.4096	43.4661	251.842	
13279	4591	97.0666	257.988	96.6337	-99999	69.521	-0.884413	1	1	1	0	0	157.734	117.954	132.938	47.2194	-398.947	-381.261	157.846	139.607	117.875	133.316	88.8483	47.2194	-399.008	-392.63	-381.261	5.29787	10	0	83.2215	69.5397	29.7368	-432.739	69.5397	29.7368	-432.739	
13279	76653	229.063	514.774	229.05	-99999	91.74	-0.933681	1	1	1	1	1	218.911	185.243	134.356	-71.5149	-303.682	-397.111	247.639	230.013	213.971	134.356	31.9451	-71.5149	-303.682	-351.61	-397.111	7.58851	12	0	82.9583	91.7565	-10.3133	-366.484	91.7565	-10.3133	-366.484	
13279	747	399.565	3915.89	335.115	-99999	114.579	-0.629834	0	0	0	0	0	250.773	311.732	133.059	-61.2164	-8.87692	256.91	286.575	322.896	359.842	133.323	15.8653	-81.5719	-9.19119	148.26	315.826	4.30575	7	0	22.7261	58.228	-81.7917	840.056	58.228	-81.7917	840.056	
13279	63558	85.7885	219.235	84.8638	-99999	25.158	-0.329648	1	0	0	0	0	161.03	150.006	132.387	83.3807	-834.457	-768.954	161.001	152.134	149.987	132.387	107.808	83.3292	-834.457	-801.273	-768.893	5.24701	15	0	75.0655	25.1851	34.5954	-761.175	25.1851	34.5954	-761.175	
13279	64038	130.341	392.362	130.265	-99999	80.504	-0.980954	1	1	1	1	1	221.243	197.217	133.813	5.83892	-218.015	-216.855	233.897	221.465	209.865	133.832	69.8728	5.78508	-218.017	-217.089	-216.854	5.63054	8	0	117.621	80.5248	-24.5349	-220.382	80.5248	-24.5349	-220.382	
13279	76159	85.7098	222.99	83.3183	-99999	-7.738	-0.894888	1	1	1	0	0	127.174	100.354	134.116	59.9385	-302.114	-275.614	127.183	112.13	99.8289	134.116	96.3685	57.714	-302.114	-288.609	-274.922	8.4367	15	0	80.4383	-7.69859	32.7448	-279.7	-7.69859	32.7448	-279.7	
13279	73114	107.277	261.121	107.057	-99999	85.26	-0.951426	1	1	1	0	0	81.8215	121.865	134.651	36.5361	300.973	309.483	81.724	102.981	121.772	134.651	85.8314	36.3322	300.973	306.65	309.529	4.15762	13	0	71.984	85.2834	25.4967	306.079	85.2834	25.4967	306.079	
13279	42683	140.58	327.14	139.762	-99999	99.762	-0.975761	1	1	1	1	1	136.413	163.535	130.964	-3.89629	406.137	415.874	136.146	145.972	163.421	131.755	62.4808	-3.89629	406.249	402.335	415.874	5.08865	10	0	70.4596	99.7904	11.4383	406.56	99.7904	11.4383	406.56	
13279	51352	203.76	300.368	202.705	-99999	-33.141	-0.955729	1	1	1	1	1	113.23	111.165	134.126	-54.3007	-466.228	-394.793	113.268	113.815	111.207	134.126	38.858	-54.7411	-466.228	-430.407	-394.697	5.14989	8	0	78.3438	-33.1124	-3.07745	-417.692	-33.1124	-3.07745	-417.692	
13279	53578	107.841	257.638	106.005	-17.2151	-19.772	-0.939518	1	1	1	0	0	193.78	230.737	132.531	34.3408	370.965	385.071	193.478	211.94	230.993	133.424	83.3431	33.507	370.848	378.258	385.158	4.48565	8	0	75.8213	-19.7459	1.58138	385.903	-19.7459	1.58138	385.903	
13279	3293	487.029	994.989	486.213	-99999	93.656	-0.682273	0	0	0	0	0	325.254	283.615	134.279	-141.618	-147.551	248.682	354.577	337.461	312.837	134.42	-1.64663	-141.925	-147.727	52.7896	249.118	5.36016	6	0	91.6407	67.5189	-106.373	436.621	67.5189	-106.373	436.621	
13279	49077	167.795	393.772	167.279	-99999	93.358	-0.961248	1	1	1	1	0	95.7158	113.475	134.006	-22.3945	693.548	747.963	95.6124	104.058	113.446	134.152	56.6409	-22.7366	693.507	724.231	748.036	5.67722	11	0	75.4404	93.3887	9.08105	732.647	93.3887	9.08105	732.647	
13279	69108	152.501	420.832	151.372	-99999	39.873	-0.924815	1	1	1	0	0	284.137	346.634	132.529	-5.09003	465.28	473.243	296.203	327.224	359.12	133.57	64.0734	-5.09003	465.175	469.684	473.243	4.14503	7	0	46.0088	39.902	5.51788	460.49	39.902	5.51788	460.49	
13279	75170	55.218	167.369	54.8294	-99999	82.289	-0.576467	0	0	0	0	0	123.11	111.59	133.546	102.661	671.471	714.518	123.036	115.267	111.509	133.573	117.947	102.451	671.433	692.755	714.691	6.13387	20	0	87.023	-28.8742	42.5255	701.024	-28.8742	42.5255	701.024	
13279	5682	227.853	679.092	227.074	-99999	57.666	-0.903513	1	1	1	1	1	101.824	167.672	133.142	-57.8524	-149.786	-52.8879	101.723	127.891	167.882	133.301	29.6043	-58.3518	-149.855	-110.86	-52.705	32.4221	11	0	235.654	57.6766	-1.02658	-98.3013	57.6766	-1.02658	-98.3013	
13279	74870	113.208	341.808	110.804	-99999	100.231	-0.828556	1	1	1	1	1	237.449	180.083	132.434	40.8256	551.724	530.382	269.685	239.429	211.097	133.767	87.6336	40.1443	552.027	539.391	530.393	4.23716	8	0	80.9708	100.258	-26.3604	2.36534	100.258	-26.3604	2.36534	
13279	44523	151.05	328.674	143.523	-99999	17.327	-0.76303	1	1	1	1	1	67.1423	162.848	-62.1755	-153.641	-630.093	-575.635	62.0657	112.81	162.828	-56.8301	-105.582	-153.641	-631.036	-604.748	-575.635	4.86972	13	0	41.093	17.3714	-61.7858	-338.507	76.2614	-9.30455	-793.752	