13104	3071	325.826	952.533	317.198	-99999	-1.271	-0.67301	1	1	1	1	1	-61.7985	-123.729	-103.828	124.48	673.239	884.519	-126.079	-94.0722	-62.1965	130.401	13.4177	-103.828	890.469	781.741	673.239	4.02962	994	0	952.533	-1.24042	-42.7793	718.962	-1.24042	-42.7793	718.962	
13101	35100	275.542	673.948	274.518	-99999	84.812	-0.931382	1	1	1	1	1	-259.429	-310.146	132.495	-127.498	-524.102	-458.475	-259.218	-290.633	-310.243	133.434	2.24082	-127.498	-524.337	-496.657	-458.475	8.51087	12	0	104.272	84.8174	-42.213	-479.469	84.8174	-42.213	-479.469	
13101	2062	117.81	276.86	116.868	-99999	48.892	-0.950065	1	1	1	1	0	-107.568	-76.556	130.385	18.9945	687.329	670.418	-92.2581	-76.6603	-60.9669	130.385	74.1912	18.1038	687.329	679.065	670.333	4.03352	12	0	67.3058	48.9127	6.17811	663.747	48.9127	6.17811	663.747	
13101	26656	310.438	732.593	309.071	-99999	-30.361	-0.907417	1	1	1	1	1	-220.894	-250.441	131.285	-146.043	443.787	566.511	-220.745	-241.703	-250.406	131.999	-4.16813	-146.043	443.472	514.792	566.511	12.5633	12	0	117.019	-30.3351	-32.4369	525.574	-30.3351	-32.4369	525.574	
13101	26776	312.722	804.81	312.356	-99999	110.474	-0.912693	0	0	0	0	0	-225.269	-96.5689	129.851	-154.575	263.004	272.917	-190.765	-126.628	-61.9031	130.056	-12.454	-154.694	262.997	268.039	272.923	14.6581	7	0	71.1892	-34.5051	-42.3739	653.929	-34.5051	-42.3739	653.929	
13101	38315	342.351	727.676	342.208	-99999	-7.451	-0.744281	1	1	1	1	1	-81.8668	-75.9692	133.412	-166.763	-632.521	-791.82	-84.2	-78.9268	-78.3193	133.412	-16.97	-166.845	-632.521	-711.661	-791.866	4.27357	15	0	47.0619	-7.43137	-30.6269	-711.49	-7.43137	-30.6269	-711.49	
13101	39579	360.942	885.906	359.807	-99999	62.9	-0.774275	1	1	1	1	1	-178.249	-226.947	132.531	-101.731	138.756	405.931	-158.498	-183.846	-207.266	133.387	13.3512	-101.755	138.116	270.354	405.974	7.77777	8	0	83.2407	62.9408	-19.2637	292.129	77.7708	8.15714	246.889	
13101	36273	224.216	1144.1	224.017	-99999	88.159	-0.845389	1	1	1	1	1	-190.698	-203.919	125.388	-65.6946	451.143	563.883	-163.091	-169.977	-176.329	125.388	29.9387	-65.7062	451.143	508.671	563.893	61.2889	25	0	377.612	88.1908	-24.9111	537.087	88.1908	-24.9111	537.087	
13101	2966	94.4579	215.894	83.4877	-99999	-16.802	-0.649599	0	0	0	0	0	-252.023	-308.909	132.594	77.8059	-871.735	-845.257	-250.458	-283.725	-315.363	133.993	103.239	72.1886	-872.27	-858.978	-843.204	4.75912	6	0	65.5182	-999999	-999999	-999999	-999999	-999999	-999999	
13101	190	96.6813	213.494	95.1457	-99999	-34.014	-0.958863	1	1	0	0	0	-68.0382	-76.1801	124.499	32.1094	50.4281	38.7562	-78.6794	-88.0198	-86.5009	124.546	78.0797	30.6872	50.4378	41.1319	38.81	4.7551	7	0	52.7038	-33.9919	43.128	36.5532	-33.9919	43.128	36.5532	
13101	5879	291.832	677.564	290.018	62.9539	64.511	-0.765618	1	1	1	1	1	-144.786	-246.401	132.609	-67.7843	-659.183	-477.261	-144.478	-189.966	-246.488	133.826	29.8379	-67.9188	-660.146	-568.551	-477.103	7.14665	13	0	78.7564	64.543	-8.09936	-550.449	64.543	-8.09936	-550.449	
13101	5665	205.019	510.544	203.99	-99999	-16.056	-0.981296	1	1	1	1	1	-291.02	-248.621	131.699	-66.974	796.806	797.808	-291.171	-264.802	-248.572	132.618	33.6276	-67.0511	796.848	794.784	797.812	9.52343	10	0	85.4171	-16.0283	-0.417359	773.658	-16.0283	-0.417359	773.658	
13101	6388	303.201	761.258	302.96	-99999	70.881	-0.799423	1	1	1	1	1	-331.614	-247.995	128.908	-123.518	542.65	686.114	-331.755	-293.961	-248.076	129.096	3.88868	-123.518	542.518	619.019	686.114	9.21563	9	0	90.0064	70.9122	-6.55832	624.15	70.9122	-6.55832	624.15	
13101	11068	140.899	392.991	139.787	108.933	109.525	-0.880396	0	0	0	0	0	-216.282	-161.989	132.185	10.6607	-773.015	-813.695	-216.5	-185.324	-161.882	132.725	73.7369	10.2233	-772.834	-795.294	-813.906	6.44789	14	0	96.1611	79.6399	-90.7982	842.033	79.6399	-90.7982	842.033	
13101	1217	116.852	331.045	116.85	-99999	101.397	-0.78854	0	0	0	0	0	-131.639	-179.227	130.431	39.7927	587.579	533.257	-99.8876	-118.831	-147.475	130.431	82.2296	39.7927	587.579	560.632	533.257	7.00158	12	0	85.2413	6.103	-49.3035	761.063	6.103	-49.3035	761.063	
13101	7859	90.2786	362.348	89.5691	-99999	47.646	-0.597955	1	1	1	1	0	-275.071	-317.022	131.763	78.6177	286.225	344.853	-275.071	-296.291	-317.332	131.835	105.088	78.2753	286.15	315.678	345.264	4.77797	13	0	56.5632	47.663	24.5886	381.681	47.663	24.5886	381.681	
13101	6241	322.881	768.665	321.877	17.2622	17.511	-0.909282	1	1	1	1	1	-199.548	-330.379	132.15	-160.811	658.755	649.208	-199.548	-263.384	-330.535	132.15	-15.4933	-161.792	658.755	647.815	649.196	6.6758	10	0	81.27	17.5395	-44.0211	645.813	17.5395	-44.0211	645.813	
13101	12319	235.305	552.094	234.624	31.1535	30.643	-0.773713	1	1	1	1	1	-303.407	-143.643	133.57	-34.5601	170.107	198.945	-303.655	-226.206	-143.471	133.89	47.1028	-34.7639	170.073	186.722	198.918	4.49616	8	0	79.1034	30.6752	-0.39424	190.532	30.6752	-0.39424	190.532	
13101	17326	202.648	971.147	202.348	66.9144	67.77	-0.721913	1	1	1	1	1	-177.698	-278.762	130.63	-23.154	136.284	217.928	-177.533	-234.314	-278.762	130.844	56.0073	-23.154	136.163	173.858	217.928	9.76178	14	0	93.5947	67.789	-0.847472	198.333	67.789	-0.847472	198.333	
13101	16990	136.977	367.921	135.113	-99999	-6.491	-0.809691	1	1	1	1	1	-240.986	-265.908	133.026	28.3639	-508.468	-431.226	-240.979	-251.209	-266.289	133.026	74.0119	27.6685	-508.468	-475.399	-429.546	5.69084	16	0	89.662	-6.46547	11.8831	-455.523	-6.46547	11.8831	-455.523	
13101	13271	301.34	790.07	300.259	-99999	-9.437	-0.989034	1	1	1	1	1	-186.98	-190.228	127.158	-161.917	209.024	139.654	-189.912	-192.449	-193.184	128.104	-18.5354	-161.917	209.172	178.505	139.654	4.75337	10	0	61.5365	-9.40845	-23.141	179.31	-9.40845	-23.141	179.31	
13101	16631	131.458	326.177	130.345	-99999	-30.285	-0.950279	1	1	1	1	1	-303.386	-278.688	132.136	7.97459	-208.16	-178.206	-303.465	-291.354	-278.653	133.19	70.7506	7.97459	-208.487	-192.02	-178.206	5.08469	13	0	76.9291	-30.2653	19.6506	-190.283	-30.2653	19.6506	-190.283	
13101	14877	308.31	806.816	306.012	-99999	79.469	-0.970358	1	1	1	1	1	-222.998	-267.772	133.191	-167.76	67.9232	82.5888	-223.088	-246.939	-268.132	133.191	-18.8229	-169.935	67.9232	76.0198	82.2083	38.3808	7	0	131.335	79.4943	-27.1411	72.9268	79.4943	-27.1411	72.9268	
13101	17002	140.97	347.405	140.275	-99999	-2.385	-0.811491	1	1	1	0	0	-255.561	-331.008	130.564	16.4027	153.67	180.741	-255.559	-294.704	-331.318	130.564	74.6322	15.7853	153.67	171.095	180.764	4.38344	6	0	63.709	-2.36578	25.2584	180.047	-2.36578	25.2584	180.047	
13101	23382	344.764	822.248	343.671	-99999	61.266	-0.81011	1	1	1	1	1	-110.657	-119.226	133.612	-167.315	-33.6667	-192.897	-91.4813	-89.6116	-100.194	133.692	-14.56	-168.186	-33.6098	-117.66	-193.248	5.51724	13	0	69.965	61.2958	-31.0791	-122.035	61.2958	-31.0791	-122.035	
13101	6680	411.455	1221.06	389.456	52.5375	51.759	-0.541504	1	1	1	1	1	-197.403	-234.324	125.723	-166.938	144.971	398.633	-196.902	-216.727	-235.659	130.13	-23.2131	-178.029	138.884	274.119	407.772	7.77575	14	0	42.3474	51.7895	-31.2026	291.432	51.7895	-31.2026	291.432	
13104	3315	176.322	405.346	173.527	-99999	45.258	-0.807188	0	0	0	0	0	-354.19	-304.815	132.642	-15.1814	-364.236	-290.3	-354.476	-324.962	-304.388	133.257	62.2841	-17.0673	-364.609	-321.474	-289.704	4.20882	10	0	66.3694	-999999	-999999	-999999	-999999	-999999	-999999	
13101	21278	338.772	675.574	335.165	-99999	-28.64	-0.742083	1	1	1	1	1	-249.3	-285.492	119.328	-114.457	-887.353	-653.095	-249.268	-263.282	-286.464	119.328	-9.12258	-116.456	-887.353	-778.301	-650.303	4.61236	17	0	84.8946	-28.6142	-32.5313	-716.802	-28.6142	-32.5313	-716.802	
13101	19310	108.564	253.127	108.563	-99999	-17.816	-0.713863	1	1	0	0	0	-255.579	-225.962	133.149	61.0415	53.9324	128.891	-255.558	-239.012	-225.942	133.149	94.7663	61.0415	53.9324	88.5256	128.891	4.37937	16	0	54.1561	-17.7905	17.0907	122.668	-17.7905	17.0907	122.668	
13101	22595	269.436	639.871	267.813	-40.9968	-39.974	-0.896003	1	1	1	1	1	-196.847	-281.199	132.346	-108.924	-35.0043	-105.274	-196.847	-241.019	-281.491	132.346	12.8616	-110.491	-35.0043	-78.3949	-105.023	6.24157	14	0	79.4105	-39.941	-29.9872	-83.9356	-39.941	-29.9872	-83.9356	
13101	23075	320.361	759.653	319.771	-99999	52.374	-0.824388	1	1	1	1	1	-341.168	-201.815	134.051	-135.989	416.268	514.58	-349.656	-276.108	-210.046	134.534	2.70366	-135.989	416.055	469.373	514.58	5.25267	10	0	46.2802	52.3977	4.1085	459.285	52.3977	4.1085	459.285	
13101	28005	83.9433	232.502	83.305	-99999	96.49	-0.620723	1	1	1	1	1	-174.898	-225.865	131.841	74.731	195.829	163.103	-159.715	-185.511	-211.06	131.861	103.435	74.3094	195.845	178.994	162.859	8.84936	12	0	66.7304	96.5128	-38.792	100.187	96.5128	-38.792	100.187	
13101	25055	198.925	412.232	163.022	-99999	43.906	-0.943846	1	1	1	1	0	-322.031	-310.12	132.415	-27.891	-313.291	-293.392	-322.02	-317.397	-315.055	133.871	36.1621	-46.5849	-313.812	-298.217	-266.213	4.97073	18	0	75.5518	43.9305	-12.054	-292.024	43.9305	-12.054	-292.024	
13101	26735	286.655	728.24	281.556	64.2319	62.576	-0.626762	1	1	1	1	1	-236.594	-175.314	131.312	-43.8182	-214.286	-425.173	-236.717	-210.767	-174.554	131.909	42.1138	-45.9238	-213.576	-322.133	-428.674	7.4056	16	0	94.9005	62.621	-9.50342	-349.219	62.621	-9.50342	-349.219	
13101	6703	306.008	767.17	299.491	-99999	48.12	-0.829009	1	1	1	1	1	-218.212	-263.389	132.286	-121.826	305.176	455.41	-210.705	-229.284	-256.477	132.286	3.89081	-127.515	305.176	386.182	458.23	4.34094	12	0	59.2863	48.1456	-27.92	400.496	48.1456	-27.92	400.496	
13101	8623	233.516	575.814	232.313	-99999	-34.24	-0.976974	1	1	1	1	1	-153.919	-113.587	132.277	-94.8227	-32.7871	-26.5901	-164.641	-144.612	-124.197	132.277	17.8396	-95.9752	-32.7871	-22.0754	-26.8933	4.73055	16	0	87.3811	-34.2089	-23.0935	-23.5323	-34.2089	-23.0935	-23.5323	
13104	25328	270.515	1186.41	267.841	-99999	108.549	-0.998819	0	0	0	0	0	-239.488	-243.727	132.757	-134.339	540.474	546.315	-205.526	-207.14	-209.428	132.981	-2.17594	-136.697	540.469	543.757	545.981	15.5541	9	0	514.646	-1.46965	-83.1537	821.845	-17.0496	20.1693	274.323	
13101	28221	375.977	886.643	374.471	49.9282	51.639	-0.838978	1	1	1	1	1	-172.981	-219.341	131.828	-153.645	-480.979	-245.346	-172.875	-196.15	-219.341	133.062	-10.308	-153.645	-481.768	-362.757	-245.346	13.9991	17	0	122.643	44.7082	-1.77075	376.881	-40.9418	37.1919	-59.9792	
13101	26507	200.307	503.209	199.868	-99999	42.461	-0.999648	1	1	0	0	0	-308.427	-288.964	132.586	-65.649	861.44	865.659	-308.469	-300.478	-289.021	132.89	33.2548	-65.7625	861.435	858.053	865.662	6.49684	9	0	121.585	42.4834	1.14833	820.214	42.4834	1.14833	820.214	
13101	27947	354.278	1056.38	347.981	-99999	2.479	-0.886133	1	1	1	1	1	-294.339	-249.223	133.282	-167.782	-527.427	-359.931	-294.418	-271.219	-248.215	134.284	-20.5745	-169.319	-527.945	-445.188	-355.299	7.11462	12	0	211.946	2.49771	-37.3823	-418.649	2.49771	-37.3823	-418.649	
13101	30351	258.17	911.221	257.219	37.0255	36.644	-0.949735	1	1	1	1	1	-203.685	-272.659	131.98	-110.84	-778.648	-793.254	-203.548	-240.391	-272.808	132.484	11.3945	-111.208	-778.554	-803.54	-793.143	298.22	8	0	342.982	36.6724	-20.3386	-770.278	36.6724	-20.3386	-770.278	
13101	20747	87.4736	208.225	86.0693	-980.772	40.676	-0.912376	1	1	1	1	1	-189.697	-225.222	132.817	57.7648	-610.05	-629.353	-189.697	-204.865	-225.805	132.817	94.1598	56.4936	-610.05	-623.727	-629.406	8.48859	9	0	81.2281	40.7099	-12.1302	166.706	40.7099	-12.1302	166.706	
13101	271	263.176	666.352	262.068	-99999	83.094	-0.961275	1	1	1	1	1	-297.992	-223.261	128.088	-121.351	839.877	864.399	-298.364	-259.947	-223.338	129.087	3.50569	-121.415	839.828	847.573	864.412	4.80473	10	0	51.6735	83.1254	-6.48368	798.272	83.1254	-6.48368	798.272	
13101	1557	258.61	751.016	254.388	27.1281	26.666	-0.83653	1	1	1	1	1	-201.486	-288.97	131.601	-46.6186	-672.356	-517.817	-201.055	-244.18	-289.621	133.058	32.4127	-47.85	-673.2	-605.212	-515.765	6.26424	16	0	83.8838	26.6882	-13.1211	-574.967	26.6882	-13.1211	-574.967	
13101	8297	72.1033	194.319	71.7418	-99999	58.194	-0.886504	1	0	0	0	0	-345.021	-308.987	133.394	75.071	-169.785	-149.984	-345.205	-328.226	-308.998	133.636	102.773	75.0098	-169.826	-162.427	-149.953	5.76632	10	0	75.6094	58.2138	54.6033	-168.809	58.2138	54.6033	-168.809	
13101	10337	141.604	386.973	140.716	-99999	79.093	-0.960864	1	1	1	1	1	-103.736	-86.2592	132.87	-2.1861	-56.0087	-20.6212	-79.0625	-70.276	-61.4648	133.509	65.5553	-2.3958	-56.1675	-38.3582	-20.5686	8.52297	9	0	63.8437	79.111	-9.94866	-24.5558	79.111	-9.94866	-24.5558	
13101	1595	40.2764	137.772	39.4488	-99999	-38.406	-0.786255	1	0	0	0	0	-289.087	-301.306	131.017	96.9641	291.659	307.068	-288.683	-296.019	-301.262	131.659	114.881	96.9641	291.281	299.603	307.068	13.6304	11	0	86.7338	-38.3838	37.8782	307.618	-38.3838	37.8782	307.618	
13104	4869	373.145	916.75	372.328	79.2555	81.17	-0.786287	1	1	1	1	1	-100.267	-306.696	133.115	-169.237	-40.5188	-101.154	-100.267	-207.912	-307.062	133.115	-15.4742	-169.957	-40.5188	-74.0572	-101.145	5.5404	8	0	82.3384	81.2042	-21.6134	-74.7242	81.2042	-21.6134	-74.7242	
13104	5709	114.851	290.911	114.053	47.5834	47.226	-0.952814	1	1	1	0	0	-233.033	-205.067	132.29	25.8108	-268.236	-297.096	-233.106	-220.504	-204.909	132.631	78.5292	25.4257	-268.157	-282.555	-297.224	4.87676	12	0	72.9262	47.2407	12.1973	-277.759	47.2407	12.1973	-277.759	
13101	1863	27.4959	107.33	26.8292	-99999	-17.946	-0.684057	0	0	0	0	0	-202.035	-184.627	130.187	111.041	414.021	407.131	-207.662	-198.607	-189.82	130.195	120.69	110.551	414.025	409.95	407.057	10.719	6	0	88.4994	-17.9175	32.6823	409.429	-17.9175	32.6823	409.429	
13101	8550	145.344	383.638	144.075	-99999	76.892	-0.885887	1	1	1	1	1	-262.246	-320.402	132.696	4.3495	-872.637	-842.617	-262.334	-291.644	-320.98	132.696	67.9525	3.20292	-872.637	-857.47	-842.39	4.79516	9	0	68.5519	76.9068	-28.8651	-811.903	76.9068	-28.8651	-811.903	
13101	10710	326.387	847.723	326.347	-99999	29.687	-0.971613	1	1	1	1	1	-287.404	-259.41	133.809	-170.198	270.756	377.95	-287.438	-274.886	-259.443	133.809	-22.6524	-170.2	270.756	314.869	377.951	8.40764	14	0	78.9489	29.7141	-24.8761	321.823	29.7141	-24.8761	321.823	
13101	6500	258.219	641.774	257.481	73.7999	73.985	-0.850846	1	1	1	1	1	-307.677	-180.554	133.345	-83.9408	441.841	389.343	-307.677	-244.042	-180.144	133.345	25.2365	-84.5403	441.841	411.512	389.225	5.75162	8	0	82.2852	74.0025	-6.31893	406.181	74.0025	-6.31893	406.181	
13101	22265	134.871	343.488	134.477	-99999	20.751	-0.907402	1	1	1	1	0	-230.501	-278.129	131.459	10.2821	444.066	472.173	-230.404	-249.691	-278.153	131.812	70.249	10.2821	443.958	463.566	472.173	6.24985	9	0	76.7606	20.7746	4.84611	449.535	20.7746	4.84611	449.535	
13104	22304	330.901	791.515	330.334	54.3463	54.497	-0.878784	1	1	1	1	1	-107.092	-253.102	133.462	-160.038	344.919	320.575	-107.092	-189.801	-253.297	133.462	-8.52342	-160.562	344.919	326.762	320.543	5.41844	7	0	81.6496	54.5251	-17.6881	333.871	54.5251	-17.6881	333.871	
13101	19877	78.204	232.112	76.9129	-99999	-39.283	-0.885288	1	0	0	0	0	-164.731	-133.285	132.374	64.8061	-228.42	-236.598	-177.032	-160.08	-145.674	132.374	97.1799	63.7481	-228.42	-227.032	-237.111	6.05747	22	0	99.4483	-39.2565	31.773	-217.354	-39.2565	31.773	-217.354	
13101	20963	235.16	629.873	234.124	-99999	70.309	-0.974003	1	1	1	1	1	-317.406	-263.396	132.692	-92.3157	802.988	819.238	-317.565	-287.756	-263.221	133.025	19.4138	-92.9499	803.005	798.878	819.167	9.58215	6	0	95.775	70.3292	1.36987	783.444	70.3292	1.36987	783.444	
13104	21990	464.694	962.493	462.851	-99999	46.448	-0.628542	1	1	1	1	1	-92.3884	-154.971	133.275	-171.104	594.171	258.941	-77.8398	-111.184	-140.426	133.302	-7.81705	-171.104	594.205	412.909	258.941	4.98224	14	0	78.0817	46.4936	-12.196	418.866	46.4936	-12.196	418.866	
13101	26613	311.824	813.561	308.559	-32.9721	-29.381	-0.707601	1	1	1	1	1	-62.1506	-280.083	119.726	-75.2004	-211.1	-121.441	-61.1332	-168.229	-280.987	120.798	13.0738	-76.2785	-211.407	-176.45	-120.404	6.86725	9	0	77.2962	-29.3502	6.84898	-174.38	-29.3502	6.84898	-174.38	
13101	29145	208.08	525.752	206.253	-99999	92.174	-0.832516	1	1	1	1	1	-232.275	-312.69	131.658	-39.1758	192.271	275.256	-232.361	-272.721	-313.522	131.7	45.5393	-40.6687	192.251	234.336	275.885	4.97575	11	0	60.4137	92.2046	-53.9522	296.065	92.2046	-53.9522	296.065	
13101	37594	301.908	793.048	301.476	-99999	0.669	-0.974889	1	1	1	1	1	-191.256	-186.172	129.949	-167.906	332.042	298.706	-191.064	-189.572	-185.962	130.323	-18.9753	-167.906	332.129	314.671	298.706	4.56414	12	0	71.9215	6.91869	24.7181	-354.909	6.91869	24.7181	-354.909	
13101	37106	111.911	239.821	96.0218	-99999	61.971	-0.455859	1	1	1	0	0	-262.06	-345.243	132.609	91.7619	232.233	257.315	-262.087	-310.542	-359.011	132.634	108.867	84.791	232.218	246.943	261.123	4.36744	8	0	48.6744	62.0043	46.5243	241.393	62.0043	46.5243	241.393	
13104	11512	268.285	616.872	265.658	-99999	-36.942	-0.655884	1	1	1	1	1	-339.173	-256.409	133.206	-59.7968	-722.302	-563.674	-339.196	-308.055	-255.575	133.404	38.3633	-61.7204	-722.523	-633.27	-562.65	4.78941	10	0	74.0758	-36.931	1.13196	-618.206	-36.931	1.13196	-618.206	
13104	20255	195.47	441.913	195.301	-99999	-38.679	-0.900237	1	1	1	1	1	-312.104	-326.917	132.349	-30.6639	316.235	415.714	-312.052	-323.741	-326.874	132.386	46.5309	-30.6914	316.219	360.782	415.777	4.01682	17	0	76.5229	-38.6556	0.573735	384.519	-38.6556	0.573735	384.519	
13101	36953	135.106	328.951	134.974	-99999	23.347	-0.665559	0	0	0	0	0	-289.963	-334.604	133.014	42.0785	459.723	548.909	-289.985	-312.596	-334.667	133.024	87.3378	42.0034	459.714	504.036	548.989	5.28852	15	0	42.3155	-999999	-999999	-999999	-999999	-999999	-999999	
13101	36365	242.181	597.077	223.352	-99999	59.893	-0.914497	1	1	1	0	0	-268.729	-310.769	115.956	-86.7886	-889.732	-807.032	-265.262	-292.008	-310.852	133	24.2634	-86.8583	-896.67	-850.694	-807.004	7.3715	8	0	85.626	59.9123	-17.1207	-801.219	59.9123	-17.1207	-801.219	
13101	3421	308.894	810.051	308.416	258.839	45.158	-0.971554	1	1	1	1	1	-195.479	-231.138	132.052	-167.705	-457.336	-509.83	-195.479	-223.555	-231.042	132.052	-16.8346	-168.145	-457.336	-486.174	-509.832	7.7249	8	0	100.918	45.2686	-57.401	198.587	-24.7014	38.8526	-737.517	
13101	5354	300.147	722.157	299.957	52.0359	51.169	-0.776052	1	1	1	1	1	-255.121	-72.5093	130.631	-78.8634	-511.751	-617.836	-255.229	-158.381	-72.5093	130.778	23.0952	-78.8634	-511.723	-550.105	-617.836	6.18727	14	0	75.9547	51.1995	-21.151	-571.016	51.1995	-21.151	-571.016	
13101	7246	156.874	351.781	156.826	24.2953	24.208	-0.832778	1	1	1	1	1	-200.742	-217.055	131.05	2.62365	325.182	410.153	-200.742	-203.543	-217.055	131.05	65.041	2.62365	325.182	367.336	410.153	4.15065	16	0	108.402	24.2424	4.72855	381.831	24.2424	4.72855	381.831	
13101	10003	128.042	344.273	125.258	-99999	49.508	-0.987826	1	1	1	1	1	-278.428	-291.315	132.322	9.31805	-403.26	-386.07	-278.364	-282.213	-291.906	133.286	70.3686	7.62193	-403.356	-392.412	-385.834	6.03359	7	0	89.8298	49.5258	15.9536	-384.593	49.5258	15.9536	-384.593	
13101	10483	359.1	839.585	357.458	72.7339	72.85	-0.739217	1	1	1	1	1	-122.321	-233.667	133.778	-106.389	279.397	518.028	-122.322	-180.129	-234.26	133.807	14.183	-107.666	279.371	399.98	518.779	7.38095	12	0	85.809	72.8897	-15.8588	407.511	72.8897	-15.8588	407.511	
13101	13479	372.394	890.839	370.417	-30.5572	-30.663	-0.674125	1	1	1	1	1	-111.56	-296.578	126.872	-145.188	299.513	460.661	-110.541	-207.922	-296.578	128.191	1.59639	-145.188	298.467	394.066	460.661	4.40044	6	0	74.7695	-30.6396	-29.0697	398.028	-30.6396	-29.0697	398.028	
13104	23479	41.783	183.491	41.2256	-99999	75.53	-0.986119	0	0	0	0	0	-237.384	-229.31	132.625	92.7208	-587.533	-581.667	-225.601	-222.401	-217.295	132.625	112.204	92.2457	-587.533	-584.617	-581.538	10.1075	12	0	93.5551	79.0448	28.9432	-552.845	79.0448	28.9432	-552.845	
13101	17325	386.595	959.207	385.653	72.302	72.856	-0.715737	1	1	1	1	1	-325.825	-165.043	133.168	-127.303	24.2391	-206.944	-326.15	-251.568	-165.043	133.839	3.11949	-127.303	24.8042	-96.2788	-206.944	4.96305	11	0	85.9151	72.889	-7.61545	-96.2508	72.889	-7.61545	-96.2508	
13101	14699	308.331	779.753	306.883	96.0778	95.868	-0.657191	1	1	1	1	1	-201.383	-291.719	131.87	-47.1783	-845.185	-614.83	-201.033	-240.364	-291.719	132.821	36.1383	-47.1783	-846.213	-733.017	-614.83	5.67436	13	0	80.5207	95.8862	-12.8638	-674.13	95.8862	-12.8638	-674.13	
13101	22214	265.631	604.868	265.285	-99999	-36.258	-0.927222	0	0	0	0	0	-337.152	-343.133	133.467	-95.1766	-138.58	-8.56971	-337.105	-328.465	-343.133	133.642	19.0638	-95.295	-138.653	-73.6714	-8.50762	4.59205	10	0	68.4493	58.5807	-32.719	-700.584	58.5807	-32.719	-700.584	
13104	351	332.265	1152.96	331.731	-99999	-8.377	-0.928891	1	1	1	1	1	-319.735	-281.087	133.163	-170.842	391.107	514.48	-319.751	-299.764	-281.078	133.649	-20.3209	-170.842	390.916	449.978	514.48	5.97699	38	0	270.943	-8.3612	-19.103	450.409	-8.3612	-19.103	450.409	
13104	2511	394.018	1600.09	366.592	26.8952	24.334	-0.612341	1	1	1	1	1	-352.716	-92.2226	95.6646	-143.226	228.306	131.183	-360.295	-220.24	-80.7443	102.17	-25.9161	-154.725	231.25	178.503	126.187	39.5581	10	0	617.336	24.3602	-42.8961	159.31	24.3602	-42.8961	159.31	
13101	9362	164.02	395.846	163.617	-99999	107.938	-0.849939	0	0	0	0	0	-358.26	-274.23	-12.5581	-151.942	761.922	772.809	-358.408	-317.808	-274.149	-12.5173	-83.6355	-152.224	761.921	765.825	772.865	8.67475	11	0	82.044	0.718543	-126.984	-627.403	0.718543	-126.984	-627.403	
13101	23544	280.375	708.883	279.796	-99999	108.871	-0.978863	0	0	0	0	0	-281.182	-249.26	132.494	-139.549	152.628	201.146	-281.386	-259.164	-249.384	133.036	-1.53914	-139.549	152.548	184.088	201.146	4.6904	12	0	79.1946	-19.9132	65.0067	-381.631	-19.9132	65.0067	-381.631	
13101	23676	301.193	2466.76	301.153	-99999	107.034	-0.999229	0	0	0	0	0	-207.376	-227.451	131.833	-168.214	468.177	473.294	-190.556	-196.119	-210.634	131.833	-18.5663	-168.234	468.177	471.13	473.294	7.58548	8	0	57.4303	81.4263	-87.8842	572.805	81.4263	-87.8842	572.805	
13104	10495	224.555	529.226	223.797	-99999	55.733	-0.943057	1	1	1	0	0	-129.52	-79.1238	129.613	-81.4964	790.37	844.768	-112.226	-88.3328	-61.6714	130.325	24.1124	-81.4964	790.175	817.621	844.768	6.7659	7	0	66.7737	55.7536	-26.4442	814.067	55.7536	-26.4442	814.067	
13104	10975	245.316	514.832	244.185	-99999	-32.47	-0.918746	1	1	1	1	1	-335.085	-339.793	133.8	-106.252	-468.107	-505.536	-335.044	-341.245	-339.596	133.851	12.8415	-107.228	-468.084	-484.38	-505.557	5.38009	6	0	64.2867	-32.455	-41.621	-479.852	-32.455	-41.621	-479.852	
13101	19130	245.128	601.002	238.771	-20.8259	-20.61	-0.96019	1	1	1	1	1	-198.231	-217.001	131.811	-101.019	687.078	727.285	-198.056	-214.935	-215.868	133.954	15.612	-104.965	686.471	713.01	727.38	4.76334	11	0	82.5685	-21.719	-12.3197	-304.492	-21.719	-12.3197	-304.492	
13101	25244	140.647	324.145	139.96	-99999	39.421	-0.756701	1	1	1	1	1	-261.216	-314.493	127.888	23.194	-551.856	-475.788	-261.232	-288.006	-314.735	127.946	75.3728	22.7377	-551.897	-513.63	-475.433	4.0537	16	0	46.6126	39.4494	-22.3181	-447.326	39.4494	-22.3181	-447.326	
13101	28158	210.411	466.878	209.808	-470.389	7.586	-0.917353	0	0	0	0	0	-238.302	-158.312	132.551	-57.6343	-633.848	-662.904	-238.394	-195.096	-158.137	132.774	37.5524	-57.9188	-633.823	-642.879	-663.017	5.26168	9	0	76.1978	41.7894	-100.556	-367.904	41.7894	-100.556	-367.904	
13101	26968	288.777	696.564	288.772	-99999	-6.32	-0.658469	1	1	1	1	1	-280.057	-340.938	133.626	-78.7206	-751.792	-568.07	-280.05	-316.096	-340.93	133.626	27.8754	-78.7206	-751.792	-660.539	-568.07	5.15577	12	0	73.2139	-6.30534	-10.8751	-631.801	-6.30534	-10.8751	-631.801	
13101	30121	69.6441	199.207	69.6419	-99999	8.789	-0.968224	1	0	0	0	0	-267.43	-242.973	131.892	67.3362	807.682	814.58	-267.44	-257.291	-242.983	131.892	98.7882	67.3362	807.682	810.615	814.58	7.25487	9	0	79.8858	8.81686	35.5142	783.607	8.81686	35.5142	783.607	
13101	34681	244.109	577.974	243.751	-99999	59.672	-0.954126	1	1	1	1	1	-92.3241	-162.581	129.978	-98.6137	106.647	150.996	-73.5453	-111.184	-143.895	130.315	16.0421	-98.6137	106.595	126.759	150.996	5.68692	8	0	79.1027	59.6963	-14.4669	128.435	59.6963	-14.4669	128.435	
13101	35761	153.69	410.771	152.714	-99999	26.193	-0.772898	1	1	1	1	1	-292.719	-217.373	133.217	15.625	203.059	263.679	-292.958	-254.446	-217.204	133.579	75.4785	15.1667	202.853	235.158	263.752	5.09055	8	0	73.1394	26.2316	-31.1497	295.373	26.2316	-31.1497	295.373	
13101	35690	287.931	2007.86	286.235	98.9518	94.406	-0.722854	1	1	1	1	1	-282.203	-123.891	133.112	-66.4105	250.736	125.393	-282.737	-196.039	-123.664	133.827	34.8837	-66.987	251.15	192.872	125.059	6.05704	13	0	84.3531	94.4376	-17.6796	168.428	94.4376	-17.6796	168.428	
13101	36289	336.22	828.635	335.551	-47.1622	-46.866	-0.874599	1	1	1	1	1	-283.756	-174.661	133.457	-165.294	-361.168	-264.121	-283.919	-220.098	-174.609	133.888	-9.21106	-165.455	-361.335	-300.548	-264.107	27.5815	7	0	92.8385	-46.8296	-22.0131	-300.483	-46.8296	-22.0131	-300.483	
13101	13671	230.31	529.926	229.899	-99999	66.527	-0.929312	1	1	1	1	1	-258.913	-237.078	132.773	-71.3784	335.741	433.03	-259.026	-240.066	-237.154	133.136	27.9264	-71.3784	335.602	377.88	433.03	7.94826	14	0	81.993	66.5504	-11.0571	386.867	66.5504	-11.0571	386.867	
13101	12735	343.528	812.406	339.392	-99999	-4.906	-0.941692	1	1	1	1	1	-280.29	-237.722	133.551	-170.443	429.661	569.088	-280.299	-257.293	-237.847	133.719	-20.5337	-172.222	429.605	500.655	572.363	7.21426	12	0	103.713	-4.89484	-26.5622	503.578	-4.89484	-26.5622	503.578	
13104	18141	443.594	1180.39	429.774	45.5431	48.677	-0.383577	1	1	1	1	1	-61.7907	-344.156	105.854	-47.7985	843.368	558.297	-60.1883	-206.053	-351.244	106.784	27.6635	-55.2547	844.924	697.797	553.713	12.8721	6	0	184.089	48.655	-31.0221	471.033	48.655	-31.0221	471.033	
13101	15586	181.114	531.488	178.861	-99999	-26.96	-0.962788	1	1	1	1	1	-168.933	-201.443	128.807	-46.9638	551.975	555.615	-176.929	-193.345	-209.885	130.955	42.0219	-46.9638	551.539	554.394	555.615	8.045	10	0	57.5248	-26.9285	-32.1258	554.123	-26.9285	-32.1258	554.123	
13101	17866	244.973	585.599	243.525	-99999	29.115	-0.970624	1	1	1	1	1	-285.286	-341.872	131.98	-103.793	-128.189	-116.96	-285.319	-319.089	-342.083	131.98	14.4459	-105.223	-128.189	-124.051	-117.022	10.5848	6	0	89.1253	29.137	-34.8706	-118.528	29.137	-34.8706	-118.528	
13101	9985	257.179	604.368	254.32	65.6647	65.809	-0.958696	1	1	1	1	1	-223.252	-179.121	130.683	-110.343	767.251	706.137	-223.644	-192.488	-179.137	132.916	14.3026	-110.801	767.777	729.505	706.06	6.36286	10	0	104.364	65.8422	-34.9197	698.681	65.8422	-34.9197	698.681	
13101	12627	293.303	731.713	292.394	-99999	114.747	-0.99162	0	0	0	0	0	-288.491	-312.773	131.736	-156.774	712.501	727.25	-288.62	-306.796	-312.724	131.762	-13.2112	-157.616	712.499	723.798	727.236	8.95621	7	0	88.719	-12.7997	-33.2815	56.1389	-12.7997	-33.2815	56.1389	
13101	14227	122.984	2816.48	122.982	-99999	-31.345	-0.779827	1	1	1	1	1	-228.762	-289.79	132.768	33.0463	652.231	690.05	-228.726	-259.241	-289.754	132.768	83.084	33.0463	652.231	671.714	690.05	6.14496	6	0	2332.22	-31.3247	-34.4162	713.919	-31.3247	-34.4162	713.919	
13101	12690	256.807	585.978	255.184	-99999	52.638	-0.990292	1	1	1	1	1	-227.715	-248.886	132.389	-117.333	-812.001	-785.959	-227.773	-239.78	-249.069	132.421	6.5497	-118.766	-812.005	-790.081	-786.003	5.50607	7	0	76.5313	52.6626	-16.9674	-762.251	52.6626	-16.9674	-762.251	
13101	20569	165	416.152	164.99	-23.4143	-27.583	-0.601024	1	1	1	0	0	-139.855	-268.003	133.287	33.5005	858.859	881.317	-139.855	-201.925	-268.003	133.287	81.6738	33.5005	858.859	875.608	881.317	4.71088	6	0	75.2504	-27.5462	19.0906	811.116	-27.5462	19.0906	811.116	
13101	21289	249.435	593.168	249.171	17.9217	20.294	-0.323179	1	1	1	1	1	-62.7271	-243.153	56.2599	-55.3874	-435.116	-308.397	-62.7271	-160.384	-243.364	56.2599	9.77263	-55.4944	-435.116	-373.284	-308.299	4.60822	10	0	83.2889	20.3162	9.66549	-386.514	20.3162	9.66549	-386.514	
13101	7742	336.949	756.878	336.887	-99999	-41.556	-0.849621	1	1	1	1	1	-220.452	-292.81	133.455	-169.319	127.621	246.098	-220.404	-270.207	-292.763	133.455	-16.6057	-169.319	127.621	185.284	246.098	8.00342	11	0	84.9354	-41.5699	-35.0411	197.562	-41.5699	-35.0411	197.562	
13101	7862	311.942	751.578	311.702	-99999	59.007	-0.968651	1	1	1	1	1	-246.809	-330.695	133.518	-164.26	174.467	202.566	-246.846	-278.988	-330.793	133.645	-18.0581	-164.36	174.45	190.078	202.572	5.36268	6	0	86.6557	59.0258	-39.8579	190.883	59.0258	-39.8579	190.883	
13101	18787	324.241	817.289	321.361	91.1862	90.496	-0.953087	1	1	1	1	1	-168.374	-249.507	133.399	-170.189	496.997	434.645	-168.245	-214.99	-249.873	133.964	-18.6582	-172.407	497.117	469.196	434.269	5.08287	8	0	97.7682	90.5295	-32.1792	456.015	90.5295	-32.1792	456.015	
13101	25746	108.454	264.635	106.665	-502.056	-42.661	-0.602386	0	0	0	0	0	-247.314	-194.96	132.444	70.11	-649.705	-717.448	-248.243	-218.964	-194.878	133.396	99.4753	70.0047	-648.869	-679.215	-717.609	5.91346	16	0	69.1816	-999999	-999999	-999999	-999999	-999999	-999999	
13104	615	218.814	522.826	216.301	-99999	-10.163	-0.923219	1	1	1	1	1	-159.704	-105.227	129.257	-73.7393	532.384	575.95	-163.242	-131.487	-108.005	130.392	29.3447	-74.9181	532.073	559.318	575.698	4.62407	13	0	72.882	-10.1429	-16.8175	562.412	-10.1429	-16.8175	562.412	
13101	30762	191.802	406.531	181.188	-99999	25.728	-0.677713	1	1	1	1	1	-206.161	-75.9859	132.415	7.6296	-707.051	-690.962	-198.471	-127.476	-61.1276	132.754	68.8519	0.258979	-707.101	-698.738	-689.713	4.67528	10	0	59.9894	25.7448	14.8532	-691.713	25.7448	14.8532	-691.713	
13101	31002	55.7244	551.316	52.186	-99999	116.707	-0.710528	0	0	0	0	0	-299.96	-305.126	127.245	85.8591	710.508	686.621	-300.093	-308.121	-304.129	127.245	105.847	83.8574	710.508	695.339	686.607	11.9697	34	0	439.336	65.1624	28.7863	-294.216	65.1624	28.7863	-294.216	
13101	35202	327.386	1123.28	273.217	28.7555	28.063	-0.20626	1	1	1	1	1	-174.354	-328.721	115.753	62.0537	-890.428	-671.509	-174.354	-266.731	-359.627	115.753	83.1744	51.4398	-890.428	-759.288	-628.317	6.43729	16	0	410.372	28.0456	31.2121	-679.511	28.0456	31.2121	-679.511	
13101	32630	322.931	726.397	320.541	-20.7323	-20.221	-0.945564	1	1	1	1	1	-185.829	-217.986	130.026	-168.784	218.006	125.215	-185.822	-190.45	-218.189	130.338	-19.9177	-169.881	218.113	165.758	125.384	7.76405	14	0	88.4858	-20.2025	-24.0448	168.004	-20.2025	-24.0448	168.004	
13104	1880	244.251	619.936	243.953	-99999	41.748	-0.849063	1	1	1	1	1	-237.928	-290.79	132.874	-77.3659	-230.742	-123.844	-237.976	-255.988	-290.962	132.874	29.249	-77.6303	-230.742	-168.769	-123.813	7.48258	6	0	77.479	41.7884	-21.7067	-147.321	41.7884	-21.7067	-147.321	
13101	16964	288.013	755.579	287.051	13.0258	13.178	-0.828118	1	1	1	1	1	-235.819	-157.806	131.088	-128.043	723.78	636.717	-235.996	-198.184	-157.679	131.617	6.00915	-128.328	724.099	665.163	636.709	5.1827	7	0	78.547	13.2094	-28.3283	654.069	13.2094	-28.3283	654.069	
13101	38179	286.914	699.377	286.199	-99999	12.481	-0.929585	1	1	1	1	1	-335.21	-248.64	132.372	-128.062	-273.865	-196.43	-335.357	-300.751	-248.654	133.034	-0.17421	-128.062	-274.09	-233.913	-196.43	6.32865	6	0	79.2095	12.487	-14.6892	-227.898	12.487	-14.6892	-227.898	
13101	37576	312.966	743.996	312.779	-99999	71.042	-0.938952	1	1	1	1	1	-310.941	-221.425	130.565	-134.604	-696.414	-567.967	-311.035	-288.513	-221.506	130.738	-8.07777	-134.604	-696.475	-628.341	-567.967	4.24913	9	0	56.8887	71.0612	-14.7845	-625.236	71.0612	-14.7845	-625.236	
13101	36526	141.937	391.388	141.86	-99999	-37.791	-0.908041	1	1	1	1	1	-215.987	-252.262	133.353	5.66895	-60.9056	-14.1011	-215.944	-227.841	-252.242	133.353	68.8612	5.60475	-60.9056	-33.868	-14.0725	4.87129	12	0	78.845	-37.7574	4.94219	-22.9191	-37.7574	4.94219	-22.9191	
13101	38400	359.033	930.596	355.024	22.2904	22.545	-0.811542	1	1	1	1	1	-115.374	-263.073	127.355	-163.895	563.294	699.218	-113.746	-193.023	-263.189	130.283	-16.2083	-164.256	561.952	628.795	699.331	5.05601	12	0	84.3165	22.5824	-15.4829	621.717	22.5824	-15.4829	621.717	
13101	38510	263.184	701.503	262.745	-99999	8.561	-0.958244	1	1	1	1	1	-167.109	-96.3778	132.116	-120.542	-121.166	-117.22	-164.53	-127.464	-93.6716	132.461	6.3735	-120.613	-121.168	-116.221	-117.221	9.38789	6	0	95.3775	8.58558	-37.2983	-126.082	8.58558	-37.2983	-126.082	
13101	10276	159.727	379.094	159.718	-99999	15.132	-0.972908	1	1	1	1	1	-66.0116	-96.2376	-2.19923	-156.531	238.191	263.553	-61.2731	-76.9414	-91.4991	-2.19923	-79.8126	-156.531	238.191	248.373	263.553	4.93734	6	0	65.3819	15.1458	-27.5714	234.825	15.1458	-27.5714	234.825	
13101	8981	220.727	524.398	219.575	-99999	40.603	-0.792594	1	1	1	1	1	-199.524	-74.3661	132.692	-47.6823	-247.915	-244.613	-187.217	-124.11	-61.3736	133.198	42.677	-48.099	-247.931	-246.49	-244.605	4.99852	6	0	57.2609	40.6255	-19.1451	-243.711	40.6255	-19.1451	-243.711	
13104	4986	227.217	529.033	227.151	-99999	23.951	-0.823062	1	1	1	1	1	-358.295	-264.943	85.7574	-104.298	-118.103	-36.849	-358.352	-308.241	-264.97	85.8103	-8.34862	-104.298	-118.124	-79.1221	-36.849	5.91313	11	0	82.2094	23.9666	-25.5955	22.752	23.9666	-25.5955	22.752	
13101	15744	141.419	505.366	141.415	-99999	75.695	-0.96695	1	1	1	0	0	-215.867	-228.216	132.919	4.0584	-190.926	-246.418	-192.163	-200.408	-204.512	132.919	67.2431	4.0584	-190.926	-215.553	-246.418	11.9951	14	0	227.058	75.7338	3.88545	-226.475	75.7338	3.88545	-226.475	
13101	16440	301.833	700.128	300.139	80.4946	80.726	-0.8432	1	1	1	1	1	-151.253	-226.936	132.986	-99.8526	217.676	389.041	-151.217	-190.589	-227.305	133.167	13.6378	-100.913	217.566	300.585	389.931	7.04314	12	0	85.06	80.7397	-15.9083	312.84	80.7397	-15.9083	312.84	
13101	24199	192.302	372946	191.268	-99999	50.281	-0.753377	1	1	1	1	1	-159.756	-218.136	132.575	-11.0985	-72.6675	-183.329	-151.67	-181.454	-210.301	133.119	60.6909	-11.3314	-72.2308	-128.001	-183.455	9.15044	12	0	2934.68	50.3217	-23.1505	-190.136	50.3217	-23.1505	-190.136	
13101	27342	66.3197	202.573	65.9909	-99999	-1.651	-0.845013	1	0	0	0	0	-274.94	-233.811	133.171	83.3193	17.3177	28.0549	-275.291	-256.262	-234.034	133.403	106.619	83.2872	17.3089	21.4607	28.0861	5.15678	11	0	80.0781	-1.6182	33.9709	99.9263	-1.6182	33.9709	99.9263	
13101	29502	333.169	828.05	333.164	90.3307	90.447	-0.908892	1	1	1	1	1	-87.9118	-245.603	133.248	-158.453	-835.396	-855.51	-87.9118	-173.235	-245.603	133.248	-9.13051	-158.453	-835.396	-847.144	-855.51	5.07836	9	0	115.052	90.4682	0.180411	-801.065	90.4682	0.180411	-801.065	
13101	33926	156.181	382.955	155.76	-99999	-1.82	-0.985778	1	1	1	0	0	-345.841	-304.975	132.996	-14.2099	-86.185	-63.2506	-345.892	-327.708	-304.958	133.305	57.7923	-14.3031	-86.1922	-80.6068	-63.2062	4.40547	15	0	81.9724	-1.80725	12.4523	-71.4288	-1.80725	12.4523	-71.4288	
13101	34106	96.1065	289.219	95.9411	-99999	55.68	-0.731745	1	1	0	0	0	-234.317	-258.259	131.963	60.2116	766.636	824.379	-234.327	-244.929	-258.322	132.079	95.9091	60.2116	766.54	796.169	824.379	11.5961	18	0	99.6815	57.7335	-30.7958	-594.057	-43.3765	22.695	-68.8997	
13101	35895	307.628	729.228	306.118	-99999	-33.023	-0.98072	1	1	1	1	0	-289.682	-335.367	132.514	-168.188	823.717	847.341	-289.645	-303.943	-335.655	132.514	-19.8364	-169.646	823.717	836.687	847.521	4.91312	11	0	73.8304	-32.9933	-28.3889	764.549	-32.9933	-28.3889	764.549	
13101	32478	42.5074	135.26	42.2253	-45.1833	-45.548	-0.759829	1	0	0	0	0	-201.073	-223.11	131.227	105.552	-613.472	-638.1	-201.07	-210.999	-223.267	131.232	116.335	105.425	-613.469	-624.858	-638.284	4.31349	8	0	82.6405	-45.5155	29.9843	-626.359	-45.5155	29.9843	-626.359	
13104	25600	253.097	521.899	253.088	-99999	-11.466	-0.977521	0	0	0	0	0	-331.234	-288.647	133.446	-104.655	-783.9	-718.859	-331.221	-317.554	-288.634	133.446	12.3212	-104.655	-783.9	-750.413	-718.859	5.24095	8	0	64.4239	9.13195	16.9347	520.185	94.502	-33.3418	-442.711	
13101	12416	335.964	891.851	335.822	19.7989	18.888	-0.90996	1	1	1	1	1	-293.949	-142.427	134.075	-163.061	-322.686	-361.601	-293.949	-218.224	-142.364	134.075	-14.6244	-163.183	-322.686	-341.869	-361.617	4.62808	8	0	46.3042	18.9218	-27.3927	-343.4	18.9218	-27.3927	-343.4	
13101	13256	196.686	445.864	196.315	-412.331	12.885	-0.95388	0	0	0	0	0	-218.544	-188.847	132.171	-57.6008	-314.331	-317.314	-218.639	-190.602	-188.847	132.511	38.6417	-57.6008	-314.367	-308.788	-317.314	6.46902	9	0	96.8095	15.6624	-79.2098	92.5875	-16.6076	-86.2057	45.4712	
13101	30052	217.165	534.886	217.032	-99999	30.636	-0.585036	1	1	1	1	1	-85.6615	-216.136	133.223	8.48576	98.3568	-22.0606	-80.7764	-145.801	-211.321	133.298	70.8604	8.48576	98.4327	37.9293	-22.0606	4.11492	10	0	48.3959	30.6791	-48.1908	-73.4895	30.6791	-48.1908	-73.4895	
13101	32932	212.369	557.382	210.929	-99999	93.084	-0.908133	1	1	1	1	1	-214.509	-296.449	131.133	-56.9043	-302.004	-346.978	-214.13	-251.181	-296.611	132.318	34.3467	-57.02	-301.749	-318.861	-346.985	5.72047	8	0	106.733	93.0999	-14.1508	-129.019	93.0999	-14.1508	-129.019	
13101	31851	195.218	554.077	193.358	-99999	31.619	-0.929312	1	1	1	1	1	-242.575	-215.305	132.483	-42.5564	-24.9478	52.3806	-237.849	-223.691	-210.373	134.204	45.8395	-42.5564	-25.5907	13.2068	52.3806	6.92406	12	0	78.6941	31.6548	-20.1588	39.9482	31.6548	-20.1588	39.9482	
13101	31023	217.898	483.241	217.619	-99999	68.808	-0.968704	1	1	1	1	1	-265.136	-316.699	132.696	-72.9992	-8.60683	36.6657	-265.155	-287.86	-316.778	132.931	29.1175	-72.9992	-8.63558	13.9848	36.6657	4.73475	10	0	71.9048	68.8223	-9.73324	18.2536	68.8223	-9.73324	18.2536	
13101	32458	74.4867	165.977	73.5203	-99999	79.363	-0.770177	1	0	0	0	0	-131.971	-86.1268	130.109	72.9069	139.232	133.712	-107.742	-84.7205	-61.2747	130.845	101.708	72.9069	139.281	136.495	133.712	4.55626	7	0	43.7537	79.3795	39.6011	143.714	79.3795	39.6011	143.714	
13101	34978	61.7579	414.91	60.3521	-99999	57.923	-0.849069	1	0	0	0	0	-199.421	-178.77	131.622	84.6605	-236.873	-206.13	-181.666	-169.898	-160.504	132.386	107.113	84.3213	-237.164	-223.959	-205.822	5.24383	6	0	75.9455	57.9484	32.9404	-204.168	57.9484	32.9404	-204.168	
13101	35278	297.576	711.968	295.82	41.5362	42.935	-0.717245	1	1	1	1	1	-358.665	-153.731	95.3252	-110.249	76.923	27.6959	-359.782	-257.646	-153.69	96.5346	-5.63511	-110.284	77.2912	42.529	27.6971	14.5474	6	0	89.8178	42.9373	-6.5705	46.7916	42.9373	-6.5705	46.7916	
13101	32531	271.561	734.471	270.435	-45.5994	-45.274	-0.791992	1	1	1	1	1	-271.12	-162.501	111.964	-99.426	-891.59	-766.36	-271.533	-215.723	-162.501	112.849	5.96574	-99.426	-892.131	-830.028	-766.36	7.82322	7	0	69.0486	-45.2413	-18.9668	-774.148	-45.2413	-18.9668	-774.148	
13104	12626	394.334	1032.92	372.87	108.561	106.185	-0.822753	0	0	0	0	0	-285.057	-76.1734	133.259	-164.079	282.737	366.16	-285.486	-175.367	-64.76	133.948	-23.6756	-180.713	282.554	325.968	370.42	9.47785	9	0	123.178	58.3912	-84.6867	657.94	58.3912	-84.6867	657.94	
13104	16946	165.971	402.569	163.768	110.69	109.996	-0.878956	0	0	0	0	0	-269.946	-198.737	132.778	-12.6714	-450.865	-456.881	-270.258	-227.756	-198.561	133.364	62.1121	-14.196	-450.878	-450.606	-456.921	7.20377	7	0	89.834	-49.0875	-93.608	-153.694	-49.0875	-93.608	-153.694	
13101	33372	181.145	379.867	176.564	-99999	-21.254	-0.977584	1	1	1	1	0	-343.664	-306.406	130.005	-39.9123	-426.267	-403.579	-343.952	-326.248	-306.286	132.181	43.7173	-42.0887	-425.898	-421.861	-402.724	6.29051	8	0	66.2724	-21.2337	17.9104	-410.219	-21.2337	17.9104	-410.219	
13101	33732	134.804	333.516	130.979	-99999	92.207	-0.799203	1	1	1	0	0	-298.767	-309.976	130.922	36.8415	413.616	498.041	-298.872	-301.451	-310.872	130.922	78.3663	34.3875	413.616	453.325	500.794	5.68748	13	0	70.7703	92.2308	30.6111	457.515	92.2308	30.6111	457.515	
13101	31465	54.7863	150.204	54.3172	-99999	-38.609	-0.955832	1	1	0	0	0	-109.752	-98.5711	129.997	77.5206	323.684	318.034	-121.9	-115.379	-110.702	130.169	103.631	77.3022	323.693	322.065	317.954	6.0281	13	0	74.9354	-38.59	36.0019	321.772	-38.59	36.0019	321.772	
13104	3627	93.8181	225.686	93.6418	-99999	94.803	-0.977172	1	1	1	0	0	-107.231	-90.9694	130.294	38.2676	297.734	303.081	-77.5505	-68.9069	-61.2692	130.327	84.3161	38.1296	297.731	300.628	303.102	4.69653	7	0	40.7756	94.8317	-32.4222	319.973	94.8317	-32.4222	319.973	
13104	2909	149.521	307.576	146.341	-99999	6.427	-0.917975	1	1	1	1	1	-144.01	-89.2358	131.516	-3.48481	-642.703	-633.28	-142.682	-115.967	-86.8334	133.108	63.9997	-4.70144	-642.822	-635.652	-633.208	6.18999	6	0	81.6272	6.44377	22.7791	-636.998	6.44377	22.7791	-636.998	
13101	23806	427.75	1079.67	427.088	-99999	111.577	-0.707242	0	0	0	0	0	-271.423	-305.179	132.761	-140.19	-768.276	-450.13	-271.551	-294.833	-305.389	132.761	-14.4784	-140.375	-768.276	-615.246	-449.724	6.12842	17	0	78.9748	79.3203	-35.8012	49.0118	79.3203	-35.8012	49.0118	
13104	2963	163.1	375.845	162.828	-110.488	45.64	-0.787529	0	0	0	0	0	-132.637	-220.536	129.369	-6.71377	640.226	648.441	-132.637	-180.868	-220.676	129.369	63.7653	-6.93735	640.226	642.347	648.489	4.1172	10	0	75.7973	45.667	-80.9758	458.168	45.667	-80.9758	458.168	
13104	16620	316.242	874.657	315.725	-99999	104.269	-0.497587	0	0	0	0	0	-237.992	-93.844	132.541	-19.9757	-113.965	121.888	-205.499	-133.754	-61.0955	132.69	56.126	-20.0793	-114.181	4.08697	122.039	10.0885	6	0	85.3433	82.3103	50.6537	775.729	-40.9397	-19.5135	-594.331	
13104	8148	201.711	515.293	200.636	16.6594	16.525	-0.897539	1	1	1	1	1	-275.063	-202.629	132.435	-26.6615	-665.186	-755.251	-275.429	-235.851	-202.629	133.397	46.0371	-26.6615	-664.901	-695.632	-755.251	5.68833	13	0	85.2595	16.551	2.3481	-696.675	16.551	2.3481	-696.675	
13104	10160	106.188	234.81	105.288	-99999	104.52	-0.960085	0	0	0	0	0	-113.425	-94.1585	132.473	30.7517	-67.1866	-48.7386	-80.8357	-72.6739	-61.4287	133.333	81.9256	30.7517	-67.4042	-56.9963	-48.7386	5.20352	7	0	45.7346	84.8144	7.38929	451.753	84.8144	7.38929	451.753	
13104	6815	47.1581	103.331	46.5849	-99999	111.969	-0.938902	0	0	0	0	0	-110.418	-96.3628	133.834	89.5732	-244.399	-240.753	-75.5349	-68.3172	-61.2817	134.299	111.936	89.5053	-244.434	-242.557	-240.748	4.48781	7	0	45.0068	-999999	-999999	-999999	-999999	-999999	-999999	
13104	11930	142.164	350.864	141.537	-99999	49.775	-0.803818	1	1	1	0	0	-333.17	-253.986	133.437	23.4568	205.773	244.784	-333.544	-292.28	-254.043	133.943	79.9826	23.4568	205.59	226.338	244.784	4.24754	10	0	75.4369	49.7795	32.6737	227.446	49.7795	32.6737	227.446	
13104	14159	300.209	769.465	299.508	102.124	102.88	-0.917597	0	0	0	0	0	-185.317	-294.69	132.416	-134.028	76.3413	155.137	-185.249	-237.364	-294.823	132.64	-0.942684	-134.439	76.2775	120.214	155.246	6.7746	10	0	73.2538	50.4082	-32.701	324.451	50.4082	-32.701	324.451	
13104	13091	239.994	573.219	239.991	-99999	28.391	-0.745606	0	0	0	0	0	-312.652	-240.896	132.255	-34.9294	-403.334	-247.759	-312.685	-272.064	-240.929	132.255	47.7934	-34.9294	-403.334	-328.477	-247.759	6.36263	12	0	75.0566	48.2635	17.1723	-400.867	71.1035	10.0043	-317.378	
13104	12907	246.337	631.375	245.269	-99999	66.282	-0.922642	1	1	1	1	1	-169.257	-230.115	132.614	-92.6042	-107.303	-180.238	-148.443	-172.53	-209.596	132.953	17.8338	-93.2261	-107.173	-143.553	-180.439	4.89604	13	0	84.6957	66.3095	-15.5694	-151.167	66.3095	-15.5694	-151.167	
13104	462	32.0428	109.818	31.8019	-99999	112.217	-0.696899	0	0	0	0	0	-353.768	-340.245	-41.8514	-65.3855	-556.053	-539.9	-353.896	-346.021	-340.358	-41.8514	-53.5637	-65.5766	-556.053	-548.544	-539.804	7.04319	14	0	77.5475	29.4757	-40.7922	627.805	12.7557	-8.44151	328.434	
13104	2402	179.303	496.087	178.756	-99999	57.597	-0.871455	1	1	0	0	0	-140.243	-79.4228	-130.912	25.9816	-890.527	-830.231	-61.3866	-91.7887	-122.414	25.9816	-52.7518	-131.377	-830.231	-860.453	-890.727	4.24456	436	0	496.087	57.6133	-18.6831	-574.611	57.6133	-18.6831	-574.611	
13104	10932	126.386	308.711	125.395	-99999	85.958	-0.956663	1	1	1	0	0	-139.195	-163.832	129.357	6.64367	764.019	766.831	-112.001	-124.496	-136.921	130.268	68.4265	6.61201	763.959	764.45	766.831	5.05908	7	0	74.0307	85.9905	18.8507	750.697	85.9905	18.8507	750.697	
13101	21057	176.336	420.095	176.333	-99999	71.934	-0.839451	1	1	1	1	1	-214.001	-327.223	131.963	3.95371	483.918	517.807	-214.083	-265.066	-327.305	131.963	61.2418	3.95371	483.918	496.346	517.807	4.19717	7	0	70.6114	77.6718	1.21257	-775.669	-20.7282	-35.5606	469.6	
13104	17299	297.441	758.196	297.071	-99999	-38.249	-0.993977	1	1	1	1	1	-244.556	-245.211	133.165	-162.5	-290.713	-280.71	-244.512	-246.06	-245.166	133.165	-15.1813	-162.826	-290.713	-286.771	-280.699	6.52964	6	0	48.8116	-38.2206	-28.7506	-287.634	-38.2206	-28.7506	-287.634	
13104	13394	104.655	439.13	96.6617	-99999	62.693	-0.987165	1	1	1	0	0	-262.828	-274.685	129.341	44.8301	731.911	697.06	-262.888	-263.429	-275.991	132.048	85.9736	41.0841	732.359	708.708	697.454	37.4159	14	0	149.991	60.9966	-7.83174	333.924	60.9966	-7.83174	333.924	
13104	19313	358.675	879.162	358.445	-99999	53.123	-0.526954	1	1	1	1	1	-117.053	-225.485	129.705	-64.6663	380.083	99.6813	-100.418	-152.895	-208.896	129.705	31.5822	-64.7967	380.083	239.55	99.4995	6.66249	16	0	84.9476	53.1682	2.37344	239.605	53.1682	2.37344	239.605	
13101	22053	107.041	302.189	107.039	-99999	79.38	-0.792396	1	1	0	0	0	-255.29	-311.423	131.934	49.9856	-448.591	-410.392	-255.38	-280.546	-311.513	131.934	88.7609	49.9856	-448.591	-429.618	-410.392	36.1152	7	0	111.73	79.401	37.2669	-412.239	79.401	37.2669	-412.239	
13104	21484	282.751	1673.83	281.114	-99999	23.968	-0.858526	1	1	1	1	1	-287.807	-260.414	131.337	-112.188	-436.636	-299.042	-287.911	-274.033	-260.441	132.735	10.8122	-112.188	-437.467	-367.33	-299.042	22.463	15	0	924.251	24.0061	-38.6975	-319.853	45.7861	7.88036	-399.159	
13104	22444	251.087	616.378	248.554	58.9697	56.984	-0.790911	1	1	1	1	1	-254.563	-204.441	132.024	-32.224	-640.597	-818.008	-254.656	-235.679	-204.393	132.852	42.8703	-32.9783	-639.975	-725.173	-819.286	4.5733	17	0	76.3989	57.0113	1.39254	-717.85	57.0113	1.39254	-717.85	
13104	15582	345.29	1127.01	342.994	-99999	111.044	-0.883526	0	0	0	0	0	-221.882	-272.638	132.556	-171.748	-633.387	-485.338	-222.009	-248.32	-273.143	132.556	-21.8628	-173.33	-633.387	-560.83	-483.742	17.5914	36	0	280.333	15.0433	-42.625	463.475	-25.7467	-34.5222	-793.597	
13104	25881	38.2699	134.42	38.0751	-99999	-1.857	-0.672959	0	0	0	0	0	-98.2458	-104.251	129.911	102.272	583.869	558.489	-98.7838	-101.946	-104.833	130.035	115.862	102.272	584.005	571.613	558.489	4.67834	15	0	75.1545	-28.9867	0.814955	647.285	-28.9867	0.814955	647.285	
13104	14048	199.415	469.143	199.184	91.8758	90.972	-0.848878	1	1	1	1	1	-132.952	-261.642	133.287	-16.5004	-377.023	-389.701	-132.846	-194.291	-261.642	133.48	56.297	-16.5004	-376.983	-389.657	-389.701	5.84579	7	0	83.6831	91.0008	3.45661	-385.865	91.0008	3.45661	-385.865	
13104	24555	82.5397	229.511	81.918	-99999	108.868	-0.925081	0	0	0	0	0	-192.813	-172.809	130.075	57.2646	274.63	243.643	-158.807	-148.219	-138.581	130.32	92.7365	56.9598	274.694	261.487	243.53	5.62159	10	0	82.7743	-999999	-999999	-999999	-999999	-999999	-999999	
13104	25241	270.501	804.272	269.343	-99999	102.075	-0.961254	0	0	0	0	0	-117.488	-93.3468	133.456	-125.488	-333.524	-263.589	-85.5637	-73.0877	-61.2973	133.631	3.77516	-126.431	-333.564	-297.933	-263.414	5.42118	7	0	46.3928	40.4595	-122.98	421.562	40.4595	-122.98	421.562	
13104	15630	51.8751	166.704	51.2188	-99999	-6.702	-0.959175	0	0	0	0	0	-271.452	-280.451	133.784	87.4711	473.768	492.952	-271.444	-275.941	-280.474	133.784	109.714	86.9097	473.768	482.088	493.237	7.83688	13	0	87.0078	44.2988	28.4675	-828.556	44.2988	28.4675	-828.556	
13104	9013	290.092	707.056	289.231	-14.4278	-14.365	-0.671898	1	1	1	1	1	-136.154	-307.652	132.761	-74.2156	-438.826	-343.917	-135.995	-232.874	-307.938	132.915	30.9113	-74.55	-438.889	-404.546	-343.475	22.8628	16	0	111.466	-14.3326	-23.161	-375.749	-14.3326	-23.161	-375.749	
13104	8636	357.533	838.562	357.397	-15.8737	-15.206	-0.808123	1	1	1	1	1	-84.5366	-286.813	133.117	-138.225	334.806	445.717	-84.475	-178.616	-286.813	133.224	-7.34317	-138.225	334.766	392.157	445.717	4.17242	9	0	75.6223	-15.1717	-20.7193	396.258	-15.1717	-20.7193	396.258	
13104	10590	248.009	535	247.396	-40.609	-41.868	-0.964172	1	1	1	1	1	-205.771	-218.132	132.344	-102.845	-585.489	-514.093	-205.776	-205.048	-218.132	132.597	15.937	-102.845	-585.554	-545.836	-514.093	4.8373	8	0	85.78	-33.0966	-23.8902	651.1	-33.0966	-23.8902	651.1	
13104	10720	39.674	134.258	38.8782	-99999	28.201	-0.969977	1	0	0	0	0	-302.543	-309.611	134.699	97.2716	-735.693	-728.107	-302.575	-305.808	-309.781	134.699	115.578	96.5048	-735.693	-731.664	-727.962	4.46409	10	0	82.9423	28.2223	45.1471	-731.601	28.2223	45.1471	-731.601	
13104	11200	179.056	446.478	179.052	-99999	51.408	-0.647609	1	1	1	1	0	-224.823	-346.127	131.204	11.0722	-587.201	-538.027	-224.882	-288.409	-346.185	131.204	70.8773	11.0722	-587.201	-569.095	-538.027	4.52797	14	0	90.7407	51.4004	21.7509	-553.665	51.4004	21.7509	-553.665	
13104	6746	243.55	621.127	240.572	-99999	6.189	-0.614177	1	1	1	1	1	-65.0409	-246.805	130.14	-22.1253	739.557	778.973	-64.5708	-157.404	-248.256	130.506	54.3475	-23.9768	739.478	759.611	778.899	4.83528	8	0	103.567	6.22272	-35.1568	770.306	6.22272	-35.1568	770.306	
13104	8426	160.355	431.11	160.325	-99999	-19.429	-0.909371	1	1	1	1	1	-162.123	-118.326	132.832	-20.0713	-247.887	-237.883	-168.217	-141.52	-124.41	132.851	57.4361	-20.0713	-247.888	-246.11	-237.883	6.56345	6	0	109.616	-19.4047	1.59754	-237.642	-19.4047	1.59754	-237.642	
13104	11562	178.543	1952.6	155.847	-99999	19.192	-0.934378	1	1	1	1	1	-68.155	-122.777	65.3446	-80.3058	560.353	569.332	-62.0399	-93.7756	-123.596	65.6317	-17.6186	-101.496	560.333	565.857	567.492	31.2122	7	0	1501.45	19.2167	-34.1808	569.31	19.2167	-34.1808	569.31	
13104	7869	236.027	574.276	235.825	-99999	-22.7	-0.909948	1	1	1	1	1	-282.705	-313.745	133.497	-70.7979	59.1902	166.522	-282.679	-302.681	-313.668	133.497	26.803	-70.9521	59.1902	105.396	166.628	5.74122	13	0	75.1562	-22.6793	-5.48437	127.869	-22.6793	-5.48437	127.869	
13104	8866	377.899	932.531	377.201	-99999	68.091	-0.735496	1	1	1	1	1	-239.708	-313.27	132.124	-157.66	415.122	640.943	-239.576	-288.033	-313.348	132.627	-6.53899	-157.66	414.705	532.81	640.943	5.90327	8	0	77.932	68.0851	-41.9431	556.626	68.0851	-41.9431	556.626	
13104	13073	247.469	530.662	245.776	84.9789	83.275	-0.992761	1	1	1	1	1	-188.289	-215.839	129.768	-112.274	770.082	785.62	-188.27	-193.244	-216.042	130.319	6.95506	-113.351	770.014	777.312	785.616	4.46444	9	0	79.6157	83.3041	-16.4281	753.52	83.3041	-16.4281	753.52	
13104	15297	161.18	438.462	161.173	-99999	85.948	-0.873978	1	1	1	1	1	-327.486	-249.855	133.469	1.12495	32.7607	77.9352	-327.584	-289.983	-249.954	133.469	64.7499	1.12495	32.7607	51.5746	77.9352	4.8341	16	0	81.6749	85.9694	19.9571	54.0355	85.9694	19.9571	54.0355	
13104	15830	89.7386	253.041	89.7343	-99999	103.371	-0.983404	0	0	0	0	0	-321.958	-341.001	133.314	46.7554	448.434	457.184	-322.077	-330.193	-341.12	133.314	89.2214	46.7554	448.434	449.387	457.184	6.3759	8	0	75.8657	97.012	32.1036	142.506	97.012	32.1036	142.506	
13104	14118	162.3	378.702	158.53	-99999	96.127	-0.899918	1	1	1	1	1	-166.172	-93.2476	132.653	-7.87459	-382.323	-375.259	-136.071	-100.041	-61.2692	132.653	60.0529	-11.1345	-382.323	-378.666	-375.026	4.13676	7	0	47.6204	96.1547	-4.76224	-376.778	96.1547	-4.76224	-376.778	
13104	6074	177.312	453.492	176.768	-99999	-3.77	-0.970354	1	1	1	1	1	-140.299	-183.631	132.279	-38.697	-223.227	-215.092	-141.386	-163.395	-184.85	132.641	46.9786	-38.8587	-223.243	-217.865	-215.099	5.96543	9	0	78.8646	-3.74343	0.809822	-214.714	-3.74343	0.809822	-214.714	
13104	18524	269.788	718.731	269.379	100.162	101.699	-0.865255	0	0	0	0	0	-123.687	-240.417	132.834	-102.57	-338.93	-385.833	-123.604	-185.343	-240.534	132.993	17.9763	-102.753	-338.893	-371.948	-385.827	4.15448	7	0	79.9234	72.348	-82.0842	-537.877	72.348	-82.0842	-537.877	
13104	4343	200.017	480.416	198.757	71.8105	70.103	-0.946473	1	1	1	1	1	-186.569	-247.995	130.98	-54.1154	-479.823	-463.86	-186.279	-219.36	-248.001	132.023	39.416	-54.2082	-480.028	-463.337	-463.86	6.73367	8	0	69.6152	70.1236	-19.141	-454.251	70.1236	-19.141	-454.251	
13104	19080	206.514	487.321	201.373	-99999	63.799	-0.823773	1	1	1	1	1	-352.125	-318.762	133.266	-29.3825	-719.022	-610.724	-352.499	-325.736	-319.646	134.235	52.2455	-33.2255	-719.607	-662.856	-610.837	4.53589	12	0	80.3122	63.816	3.02566	-635.274	63.816	3.02566	-635.274	
13104	17054	316.248	1714.48	316.142	32.6164	29.573	-0.79143	1	1	1	1	1	-275.336	-151.022	133.169	-106.485	345.048	184.708	-275.375	-206.265	-151.022	133.247	12.1636	-106.485	345.093	270.66	184.708	5.3728	12	0	71.202	29.6068	-23.27	250.892	29.6068	-23.27	250.892	
13104	21928	287.299	1108.04	285.453	-99999	87.172	-0.860011	1	1	1	1	1	-308.97	-227.198	132.884	-113.82	414.046	528.491	-309.07	-261.156	-227.302	132.884	9.73297	-115.133	414.046	470.209	529.777	5.51035	29	0	527.812	87.1946	-11.2001	469.8	87.1946	-11.2001	469.8	
13104	12484	139.365	401.135	139.359	-99999	79.995	-0.973827	1	1	1	1	1	-266.111	-295.288	133.328	-2.07961	-236.458	-226.157	-266.202	-282.989	-295.38	133.328	65.8395	-2.07961	-236.458	-233.297	-226.157	6.27965	8	0	111.92	80.0157	9.23088	-225.905	80.0157	9.23088	-225.905	
13104	15964	191.03	461.741	190.133	-99999	-21.065	-0.843613	0	0	0	0	0	-313.747	-255.452	132.928	-27.9324	782.171	861.348	-313.851	-276.26	-255.389	133.212	53.9653	-28.4177	782.045	819.808	861.614	6.01919	9	0	62.7961	-999999	-999999	-999999	-999999	-999999	-999999	
13104	487	116.982	382.167	116.059	-99999	55.971	-0.765702	1	1	1	1	1	-150.815	-78.7049	132.425	45.3868	-369.706	-344.017	-133.851	-97.4172	-61.1779	133.132	89.4922	45.3868	-369.88	-356.157	-344.017	4.02337	7	0	118.732	55.9901	32.0681	-344.416	55.9901	32.0681	-344.416	
13104	2767	175.83	423.239	175.643	-99999	83.484	-0.931627	1	1	1	1	1	-152.991	-87.3958	129.03	-33.8155	507.944	512.374	-126.916	-95.1949	-61.2533	129.203	47.2365	-33.8155	507.941	509.786	512.374	6.50009	7	0	56.4761	83.4792	-14.6142	510.891	83.4792	-14.6142	510.891	
13104	5287	236.514	561.43	236.502	17.5686	16.911	-0.883065	1	1	1	1	1	-286.298	-172.936	133.158	-71.3636	-52.9997	-72.037	-286.298	-236.345	-172.936	133.158	27.2357	-71.3636	-52.9997	-68.675	-72.037	4.95305	6	0	76.073	16.9381	-10.5378	-66.2549	16.9381	-10.5378	-66.2549	
13104	259	112.646	368.279	112.171	-99999	-13.159	-0.58546	1	1	1	1	1	-348.909	-259.196	-61.0068	-128.06	718.819	723.919	-349.277	-304.078	-259.181	-60.7283	-94.1631	-128.06	718.788	722.158	723.919	5.6604	12	0	138.592	-13.1482	-78.1684	731.093	-13.1482	-78.1684	731.093	
13101	19341	74.1201	182.411	71.9463	-99999	95.868	-0.655595	1	1	1	0	0	-105.815	-91.1293	132.821	86.2343	-171.614	-118.936	-76.2183	-68.5516	-60.9749	133.906	109.207	86.0013	-172.794	-146.256	-118.498	15.4824	8	0	65.9528	96.0945	23.8498	-77.0484	96.0945	23.8498	-77.0484	
13104	7513	130.469	312.751	130.135	-99999	2.036	-0.547093	1	1	1	1	0	-354.725	-257.799	-33.9457	-107.098	302.4	348.282	-354.971	-307.738	-257.801	-33.7697	-70.5561	-107.098	302.273	328.165	348.282	4.75765	7	0	82.972	2.02991	-66.5182	333.547	2.02991	-66.5182	333.547	
13104	16114	211.515	524.112	210.872	-99999	64.89	-0.878279	1	1	1	1	1	-317.523	-300.08	133.507	-61.9926	-625.107	-563.582	-317.529	-320.677	-300.154	133.978	33.4416	-61.9926	-625.373	-597.895	-563.582	6.39619	12	0	85.7206	64.9046	5.57965	-592.161	64.9046	5.57965	-592.161	
13104	16692	161.927	402.584	160.252	54.3119	52.054	-0.807007	1	1	1	1	1	-238.747	-199.844	131.754	11.4337	33.0726	-64.5352	-239.012	-221.182	-199.844	133.094	71.2409	11.4337	34.0107	-15.0014	-64.5352	5.45838	9	0	82.3918	52.0892	8.23147	-34.1693	52.0892	8.23147	-34.1693	
13104	12404	354.712	902.142	351.652	-99999	98.381	-0.841483	1	1	1	1	1	-196.863	-225.454	130.79	-169.771	-512.353	-692.446	-181.352	-195.515	-210.247	132.062	-19.1792	-171.222	-511.536	-602.994	-692.89	4.57209	14	0	68.6216	98.4096	-24.2913	-601.953	98.4096	-24.2913	-601.953	
13104	14564	212.525	658.125	201.527	-99999	-3.363	-0.588548	1	1	1	1	1	-66.7072	-222.387	88.8495	-29.7519	651.389	699.151	-65.9214	-148.199	-229.717	89.4487	27.3904	-36.1389	651.149	676.988	701.316	4.41585	6	0	39.4407	-3.32902	-24.0392	690.181	-3.32902	-24.0392	690.181	
13104	19540	285.636	1288.37	285.438	-99999	32.505	-0.956492	1	1	1	1	1	-91.5448	-71.7732	134.312	-140.975	-314.886	-387.239	-81.3661	-71.183	-61.6159	134.312	-3.61952	-141.152	-314.886	-350.363	-387.294	7.7051	10	0	140.687	32.5211	-40.3533	-352.221	62.1711	17.4157	-372.552	
13101	19889	126.659	385.929	126.651	-99999	106.126	-0.944475	0	0	0	0	0	-342.416	-346.148	133.418	14.849	-260.877	-217.184	-342.537	-343.885	-346.269	133.418	74.102	14.849	-260.877	-239.006	-217.184	10.6184	11	0	94.6726	65.4678	-42.6272	752.919	65.4678	-42.6272	752.919	
13104	20130	110.276	277.965	109.589	-99999	41.259	-0.917257	1	1	1	0	0	-113.195	-74.2097	133.618	31.7644	-149.638	-139.047	-100.275	-80.5356	-61.0923	133.618	82.432	31.1065	-149.638	-144.143	-139.039	4.66462	9	0	59.6737	41.287	23.1402	-135.996	41.287	23.1402	-135.996	
13104	16840	433.226	1118.92	381.132	-99999	53.333	-0.701375	1	1	1	1	1	-239.468	-336.028	133.6	-144.1	271.671	514.161	-239.529	-294.502	-349.202	133.6	-24.0416	-181.963	271.671	409.662	547.423	5.38245	13	0	106.112	53.3626	-45.3268	440.917	53.3626	-45.3268	440.917	
13104	16993	154.436	309.417	153.11	-686.152	-11.304	-0.81234	0	0	0	0	0	-304.732	-202.949	125.517	15.9284	-427.104	-404.035	-304.765	-258.247	-201.942	125.566	66.4962	15.2644	-427.114	-410.041	-404.126	6.79425	16	0	75.8518	-999999	-999999	-999999	-999999	-999999	-999999	
13104	14605	104.449	271.792	104.196	-99999	-15.642	-0.614154	1	1	0	0	0	-246.509	-253.789	133.461	60.24	113.715	183.943	-246.49	-250.286	-253.788	133.463	100.982	60.1388	113.712	153.292	183.981	5.20673	13	0	88.3406	-15.6102	27.6646	177.909	-15.6102	27.6646	177.909	
13104	20903	40.9108	109.704	39.4369	-99999	66.974	-0.66568	1	1	1	0	0	-90.3095	-82.9981	133.418	106.041	-17.2857	9.94138	-69.4262	-64.7557	-62.3306	133.6	119.69	105.217	-17.4927	-3.29218	10.4782	5.12318	9	0	56.4722	67.0023	72.7814	29.5545	67.0023	72.7814	29.5545	
13104	20913	95.8017	280.784	95.2199	-99999	-32.535	-0.747017	1	1	1	0	0	-276.993	-328.218	132.744	55.7857	37.5397	58.666	-276.579	-304.755	-328.181	133.17	95.5821	55.7857	37.4327	46.7072	58.666	7.75292	9	0	91.534	-32.527	41.2383	49.5848	-32.527	41.2383	49.5848	
13104	24618	340.579	887.856	340.576	-99999	-2.555	-0.559458	1	1	1	1	1	-358.129	-275.846	98.2519	-103.018	-873.86	-614.528	-358.127	-324.225	-275.843	98.2519	5.34209	-103.018	-873.86	-735.359	-614.528	20.3536	13	0	135.014	-2.53314	4.29734	-730.421	-2.53314	4.29734	-730.421	
13104	22417	24.5903	96.8635	24.2013	-99999	-7.001	-0.522784	0	0	0	0	0	-252.18	-264.108	133.419	119.255	258.012	273.469	-252.172	-258.896	-264.253	133.419	126.747	119.035	258.012	265.835	273.748	5.94339	14	0	85.5245	75.7924	-22.3558	636.109	75.7924	-22.3558	636.109	
13104	19942	47.5028	149.064	47.2216	-99999	0.106	-0.660402	1	1	1	1	1	-357.534	-344.746	-84.756	-120.216	-324.309	-296.455	-357.534	-351.507	-344.649	-84.7547	-101.564	-120.448	-324.311	-308.692	-296.389	5.65992	11	0	75.914	9.73892	-69.1579	-330.215	9.73892	-69.1579	-330.215	
13104	23542	219.885	469.482	219.775	-99999	73.249	-0.892282	1	1	1	1	1	-145.981	-84.3567	133.767	-69.5432	-751.838	-696.748	-123.043	-91.5547	-61.3893	133.767	33.4194	-69.6446	-751.838	-719.972	-696.733	5.08852	7	0	52.3543	73.2746	-31.3935	-713.748	73.2746	-31.3935	-713.748	
13104	13412	211.538	1310.64	208.678	-99999	-29.424	-0.919714	1	1	1	1	1	-213.433	-250.735	132.295	-59.0842	148.978	223.221	-213.38	-232.249	-251.299	132.392	35.6533	-61.6908	148.941	187.296	223.858	4.86498	12	0	68.1059	-29.4106	-26.6808	216.014	-29.4106	-26.6808	216.014	
13104	14372	108.83	289.777	107.125	-99999	108.609	-0.934479	0	0	0	0	0	-250.197	-283.978	129.317	28.8012	-311.014	-297.125	-250.182	-266.365	-284.455	129.683	78.0599	27.5446	-311.043	-305.549	-297.018	5.7733	9	0	77.9028	12.4628	-26.9776	-592.867	12.4628	-26.9776	-592.867	
13104	14286	48.2831	212.265	45.3023	-99999	29.903	-0.91804	1	1	1	1	1	-234.604	-215.584	132.73	92.3877	839.125	846.344	-230.011	-219.895	-210.311	132.908	111.427	89.8116	839.098	843.386	845.597	4.01183	8	0	149.01	29.941	-29.6903	802.342	29.941	-29.6903	802.342	
13104	24612	66.8107	384.677	65.5564	-99999	52.223	-0.792815	1	1	1	1	1	-203.197	-199.472	132.224	75.1517	-444.699	-412.972	-186.843	-184.409	-183.118	132.224	103.009	74.1651	-444.699	-428.844	-412.198	7.3254	7	0	31.4384	52.2583	-26.8613	-363.005	52.2583	-26.8613	-363.005	
13104	9656	357.379	757.685	355.593	-99999	-26.764	-0.763702	1	1	1	1	1	-287.663	-283.049	128.812	-116.962	-749.481	-497.481	-287.632	-281.324	-283.149	128.812	5.22806	-117.702	-749.481	-621.479	-496.272	4.56336	19	0	72.1544	-26.7385	-18.5786	-598.207	-26.7385	-18.5786	-598.207	
13104	25366	182.075	448.543	175.78	-44.6545	-44.488	-0.889092	1	1	1	1	1	-186.125	-262.216	132.307	-16.5347	-499.235	-446.16	-185.792	-222.234	-265.115	133.161	54.3932	-20.8771	-499.516	-472.39	-445.125	4.43471	13	0	82.0602	-44.4623	-8.99442	-452.443	-44.4623	-8.99442	-452.443	
13101	3968	273.06	772.019	271.91	117.688	115.41	-0.795498	0	0	0	0	0	-293.649	-137.458	133.487	-85.6226	-196.719	-223.475	-294.331	-207.108	-137.458	134.403	30.3283	-85.6226	-196.687	-208.323	-223.475	4.84128	12	0	200.223	-999999	-999999	-999999	-999999	-999999	-999999	
13104	13973	232.541	478.298	229.602	-99999	-0.402	-0.902858	1	1	1	1	1	-254.837	-293.182	131.038	-76.5672	-516.776	-432.395	-254.65	-263.607	-293.6	132.572	26.955	-77.6523	-517.479	-469.893	-431.982	5.63858	11	0	74.2136	-0.378983	-21.8332	-454.052	-0.378983	-21.8332	-454.052	
13104	16493	214.308	593.953	204.846	106.417	106.52	-0.73874	0	0	0	0	0	-231.947	-82.5133	132.771	-6.98823	-864.417	-873.849	-232.726	-154.662	-76.5852	133.646	60.4378	-12.7348	-864.354	-869.274	-874.528	8.69741	10	0	112.747	85.4583	-52.2693	352.102	85.4583	-52.2693	352.102	
13104	7317	151.654	367.295	150.385	-99999	97.724	-0.766116	1	1	1	1	1	-263.168	-337.867	133.998	7.31193	-589.92	-561.579	-263.28	-300.35	-338.381	133.998	70.7597	6.11474	-589.92	-570.719	-561.656	5.88077	9	0	76.1049	97.7348	25.5983	-568.718	97.7348	25.5983	-568.718	
13104	16384	383.15	834.415	378.713	-99999	95.974	-0.704926	0	0	0	0	0	-234.729	-224.511	129.891	-164.857	423.278	648.349	-235.01	-222.86	-225.011	130.916	-21.934	-166.679	422.258	536.751	650.167	7.37333	14	0	95.9644	22.398	-15.4413	-209.652	22.398	-15.4413	-209.652	
13104	16402	176.667	457.677	175.117	-47.512	-48.135	-0.972084	1	1	1	1	1	-205.253	-256.377	132.175	-33.0468	-206.254	-181.741	-205.118	-231.615	-256.667	132.909	49.2188	-33.7723	-206.328	-197.511	-181.586	5.43169	10	0	79.5234	-48.099	-6.56909	-189.911	-48.099	-6.56909	-189.911	
13104	13408	309.874	600.721	306.79	-99999	32.821	-0.997619	1	1	1	1	1	-146.625	-145.08	132.447	-166.576	-590.723	-623.056	-136.353	-144.197	-134.617	133.286	-18.6873	-167.039	-590.67	-605.28	-623.302	7.55795	16	0	92.189	32.8446	-23.6819	-593.192	32.8446	-23.6819	-593.192	
13104	21671	326.104	803.77	326.101	-99999	-3.588	-0.663467	1	1	1	1	1	-112.993	-293.763	128.141	-81.4996	-818.411	-646.519	-112.993	-202.91	-293.763	128.141	23.4186	-81.4996	-818.411	-731.625	-646.519	6.89903	11	0	69.4384	-3.55465	-44.926	-664.774	-3.55465	-44.926	-664.774	
13104	19033	325.205	735.115	324.182	-99999	-21.476	-0.594595	1	1	1	1	1	-177.804	-96.8567	132.854	-50.0619	-872.698	-619.916	-184.529	-151.502	-103.337	132.854	35.6322	-50.7294	-872.698	-746.784	-619.193	4.65808	6	0	60.954	-21.4564	-9.23562	-691.938	-21.4564	-9.23562	-691.938	
13104	18769	239.249	1679.51	239.229	-99999	75.249	-0.0777816	1	1	1	1	1	-221.443	-233.232	127.799	53.3616	-515.295	-741.226	-197.879	-204.054	-209.668	127.799	92.4133	53.3616	-515.295	-628.75	-741.226	14.2853	13	0	393.53	75.2229	7.59275	-698.803	75.2229	7.59275	-698.803	
13104	18349	264.823	629.844	263.619	-99999	-10.31	-0.996381	1	1	1	1	1	-257.981	-280.953	132.374	-122.442	761.932	797.216	-257.926	-270.328	-280.941	132.838	1.32456	-122.442	761.944	766.581	797.216	4.85811	12	0	63.7036	-10.2869	-25.4057	759.458	-10.2869	-25.4057	759.458	
13104	22479	82.435	235.73	82.231	-99999	90.247	-0.59879	1	1	1	1	1	-163.046	-225.303	127.17	80.0882	-314.416	-339.896	-148.713	-180.082	-211.121	127.288	103.909	80.0882	-314.37	-327.22	-339.896	4.41178	8	0	65.0112	90.2813	-4.90232	-370.54	90.2813	-4.90232	-370.54	
13104	20424	278.704	684.153	278.258	-99999	84.997	-0.92038	1	1	1	1	1	-138.541	-224.306	131.02	-118.903	-117.973	-205.104	-125.056	-167.861	-210.949	131.431	6.17335	-118.903	-117.855	-161.344	-205.104	5.07516	9	0	52.2599	85.0246	-20.2464	-174.45	85.0246	-20.2464	-174.45	
13101	2224	41.636	100.597	41.2253	-99999	8.385	-0.54179	1	1	1	1	1	-211.614	-243.983	125.397	102.976	59.3095	71.5115	-211.623	-227.97	-244.314	125.397	114.06	102.756	59.3095	65.4433	71.6403	6.4006	8	0	50.7088	8.41204	23.3814	110.097	8.41204	23.3814	110.097	
13101	4744	228.585	511.434	228.232	-251.757	116.934	-0.633476	0	0	0	0	0	-259.637	-159.963	132.108	-17.5077	557.523	418.548	-259.78	-215.675	-159.963	132.329	52.2886	-17.5077	557.755	489.253	418.548	4.88201	14	0	66.673	-43.0278	-10.5475	-368.015	-43.0278	-10.5475	-368.015	
13104	18772	271.281	667.487	271.061	-99999	32.397	-0.967159	1	1	1	1	1	-269.006	-229.333	133.314	-117.757	-124.887	-33.4106	-269.045	-255.532	-229.371	133.526	6.44763	-117.757	-124.931	-79.6363	-33.4106	6.31455	9	0	86.181	32.4346	-17.1089	-71.8122	32.4346	-17.1089	-71.8122	
13104	20703	32.2901	89.9428	31.8957	-99999	54.924	-0.950954	0	0	0	0	0	-226.006	-219.475	133.864	102.833	-666.944	-663.855	-208.807	-204.934	-202.221	133.864	118.269	102.444	-666.944	-665.503	-663.824	4.23705	8	0	59.9277	-25.4194	59.0641	-776.795	-25.4194	59.0641	-776.795	
13104	23825	218.117	557.497	217.464	-99999	46.579	-0.977476	1	1	1	1	1	-112.956	-76.0188	132.371	-80.6595	-80.2168	-57.0617	-98.4207	-80.4563	-61.3662	132.663	25.7246	-81.0023	-80.2504	-68.7193	-57.0463	5.40986	8	0	51.5472	46.6031	-25.861	-66.0721	46.6031	-25.861	-66.0721	
13101	2509	165.757	402.776	165.749	-25.6724	-28.003	-0.687949	1	1	1	1	0	-137.3	-255.226	133.505	25.9204	786.706	819.066	-137.3	-201.739	-255.226	133.505	82.5784	25.9204	786.706	796.636	819.066	5.36781	12	0	81.7194	-27.9539	24.1511	776.135	-27.9539	24.1511	776.135	
13104	9541	167.068	409.726	166.007	60.025	58.084	-0.895803	1	1	1	1	1	-149.779	-226.074	133.047	-9.02966	527.333	563.788	-149.779	-185.879	-226.784	133.047	60.1669	-9.77206	527.333	545.991	564.018	5.55969	9	0	73.9172	51.1608	-47.0297	373.831	51.1608	-47.0297	373.831	
13104	10177	209.714	491.62	209.687	-99999	43.903	-0.883728	1	1	1	1	0	-290.299	-345.007	133.171	-48.8343	375.729	462.275	-290.344	-313.05	-345.058	133.192	39.1494	-48.8343	375.718	416.055	462.275	8.31601	8	0	84.5218	43.9266	-8.60134	432.011	43.9266	-8.60134	432.011	
13104	2138	302.782	749.847	300.491	-99999	-42.523	-0.502698	1	1	1	1	1	-191.257	-91.0083	129.194	-4.00085	135.913	385.492	-205.336	-155.82	-104.324	130.349	62.1555	-4.00085	134.091	259.801	385.492	14.1394	6	0	97.7689	-42.4737	3.97693	295.146	-42.4737	3.97693	295.146	
13104	25864	81.8768	246.97	80.6046	-99999	115.236	-0.981058	0	0	0	0	0	-248.17	-221.511	132.111	56.6596	-500.59	-498.262	-248.52	-237.15	-221.642	133.355	94.1158	56.6596	-500.494	-501.409	-498.262	5.60682	9	0	91.1326	33.988	-32.7561	-454.032	33.988	-32.7561	-454.032	
13104	24351	21.6833	100.795	21.6805	-99999	38.871	-0.724503	0	0	0	0	0	-227.157	-220.534	132.186	119.156	740.835	756.413	-221.093	-218.979	-214.47	132.186	124.838	119.156	740.835	748.49	756.413	6.33666	12	0	90.9369	38.9188	33.8393	740.376	38.9188	33.8393	740.376	
13101	2304	37.6574	108.394	37.2254	-99999	35.1	-0.857527	1	1	0	0	0	-82.8368	-72.2662	130.762	98.6844	369.09	353.446	-71.8455	-66.3989	-61.1671	130.762	114.522	98.3135	369.09	361.274	353.252	4.37387	14	0	74.1937	35.1122	52.1838	360.457	35.1122	52.1838	360.457	
13104	10549	241.251	630.489	239.254	-99999	89.492	-0.842312	1	1	1	1	1	-84.2389	-224.104	133.6	-60.2336	409.526	401.368	-70.0442	-139.942	-210.73	133.829	35.6067	-61.7388	409.526	405.733	400.934	4.98866	7	0	55.6291	89.5263	-10.7601	399.215	89.5263	-10.7601	399.215	
13101	5415	118.252	335.385	118.115	-99999	-25.104	-0.990343	1	1	1	1	0	-217.722	-223.957	132.487	15.5488	683.2	695.052	-217.694	-222.009	-223.933	132.487	74.1848	15.4316	683.2	691.892	695.066	5.69616	10	0	103.64	-25.0669	5.99401	686.454	-25.0669	5.99401	686.454	
13098	4393	174.618	448.635	171.736	-99999	78.18	-0.948366	1	1	1	1	1	-214.53	-247.03	130.143	-33.5446	31.1338	67.9342	-214.034	-235.79	-247.121	132.579	50.9597	-33.8429	30.5684	52.5541	67.9899	6.32994	10	0	76.9927	83.2195	-21.9907	69.4466	83.2195	-21.9907	69.4466	
13101	3245	32.1471	168.909	31.342	37.3479	37.84	-0.605767	1	1	1	1	1	-149.657	-155.386	129.506	104.804	654.602	667.721	-143.754	-150.211	-149.483	129.506	116.655	104.804	654.602	661.071	667.721	4.78794	22	0	128.955	37.875	-17.2425	706.114	24.6449	26.8539	723.39	
13098	15119	298.078	650.038	297.735	-99999	-36.748	-0.963509	1	1	1	1	1	-283.103	-325.447	133.811	-154.658	-777.942	-724.631	-283.061	-301.025	-325.507	133.811	-12.1468	-154.848	-777.942	-755.96	-724.611	7.36718	6	0	71.6589	-36.7264	-17.6769	-737.375	-36.7264	-17.6769	-737.375	
13098	15382	56.0263	185.185	55.5757	-99999	59.101	-0.464195	1	0	0	0	0	-309.072	-286.557	133.095	117.63	583.63	535.991	-309.296	-297.868	-286.61	133.281	121.931	117.627	583.945	561.078	535.942	4.47671	15	0	88.4251	55.8926	-32.005	500.263	55.8926	-32.005	500.263	
13104	6397	249.391	616.735	247.65	48.7606	47.574	-0.895767	1	1	1	1	1	-247.53	-162.751	131.972	-82.8078	630.531	541.715	-247.79	-206.606	-162.502	132.758	23.3332	-83.6027	630.813	587.55	541.491	5.57478	12	0	87.5462	47.6006	-21.4667	570.413	-33.0294	52.9531	623.461	
13098	3318	241.893	623.468	238.511	82.3331	81.978	-0.935626	1	1	1	1	1	-228.276	-180.091	131.46	-90.9053	-587.621	-520.283	-228.436	-208.586	-180.078	132.378	19.0634	-93.2854	-587.93	-550.785	-520.201	12.4513	8	0	111.777	82.0122	-21.1651	-540.67	82.0122	-21.1651	-540.67	
13098	3041	193.13	515.325	193.097	-99999	-39.498	-0.980004	1	1	1	1	1	-212.23	-244.4	133.063	-56.5434	82.0941	94.238	-212.18	-226.96	-244.355	133.084	37.9491	-56.5434	82.0934	88.778	94.238	4.61482	7	0	107.382	-39.4778	-10.7604	88.3233	-39.4778	-10.7604	88.3233	
13098	2918	355.197	888.216	352.887	61.4424	62.46	-0.834025	1	1	1	1	1	-94.7555	-254.951	133.205	-164.031	-799.196	-703.787	-94.1286	-168.052	-255.239	134.657	-15.2998	-164.505	-799.918	-740.412	-703.676	5.77766	10	0	86.23	62.489	-9.22389	-734.039	62.489	-9.22389	-734.039	
13098	5796	260.405	635.316	259.965	-99999	106.554	-0.80685	0	0	0	0	0	-94.6565	-242.934	129.984	-80.9558	-678.089	-711.036	-61.2898	-136.596	-209.792	129.984	25.1144	-81.3284	-678.089	-694.888	-711.085	10.7021	7	0	68.1985	98.8768	-35.3685	714.1	-48.3832	-76.6593	-522.967	
13098	9737	177.036	415.407	175.797	-99999	36.202	-0.914015	1	1	1	1	0	-153.356	-86.5483	131.732	-30.0148	-561.846	-551.101	-142.019	-106.266	-74.7455	131.732	50.8683	-31.1542	-561.846	-558.781	-550.99	4.8341	6	0	70.9908	36.2103	7.30746	-559.795	36.2103	7.30746	-559.795	
13098	7481	256.833	719.795	255.582	-99999	23.545	-0.915878	1	1	1	1	1	-226.813	-253.459	132.717	-99.338	-724.805	-624.105	-226.833	-242.937	-253.824	132.767	14.3085	-100.405	-724.826	-678.08	-623.784	11.9984	12	0	140.489	23.5749	-22.6116	-653.075	23.5749	-22.6116	-653.075	
13098	7351	385.951	1367.57	383.13	-99999	76.975	-0.630044	1	1	1	1	1	-105.012	-221.722	133.429	-91.531	57.9686	-229.288	-92.9159	-152.157	-210.492	133.429	19.952	-93.272	57.9686	-86.372	-231.328	8.14597	14	0	194.322	75.6963	-24.7399	-40.5672	75.6963	-24.7399	-40.5672	
13098	10832	329.493	834.663	326.877	-99999	95.975	-0.888612	1	1	1	1	1	-226.185	-151.811	132.399	-165.528	-114.769	-223.809	-196.155	-154.208	-121.445	132.466	-16.327	-167.71	-114.744	-171.37	-225.059	5.33248	26	0	92.7684	96.0084	-38.8481	-180.145	35.5284	-1.25174	-158.471	
13101	29426	173.067	449.25	172.69	-99999	57.436	-0.871931	1	1	1	1	1	-320.144	-251.828	133.406	-14.0048	-203.477	-147.248	-320.294	-283.041	-251.806	133.599	61.1059	-14.1247	-203.546	-174.718	-147.216	5.7799	8	0	76.0339	55.5628	-2.85446	-568.116	-24.8572	-75.2742	114.028	
13104	9454	320.763	994.22	320.048	-99999	-2.238	-0.223847	1	1	1	1	1	-64.1201	-170.171	-1.51392	-74.8102	544.634	837.181	-64.6928	-118.61	-170.934	-1.432	-37.1189	-74.9461	544.301	691.07	837.466	150.691	6	0	222.215	-2.17516	-29.71	646.797	-2.17516	-29.71	646.797	
13098	4408	190.236	1071.85	189.349	-99999	1.594	-0.935525	1	1	1	1	1	-62.7762	-73.4793	61.926	-115.352	134.029	198.962	-62.3045	-66.7376	-72.9801	62.7351	-26.3411	-115.352	133.72	166.708	198.962	8.43972	6	0	386.057	1.61634	-54.026	196.459	1.61634	-54.026	196.459	
13098	4177	150.32	395.579	150.076	-26.7992	-26.548	-0.914143	1	1	1	1	1	-192.516	-272.856	132.368	9.12753	112.39	133.852	-192.439	-225.501	-272.856	132.59	65.953	9.12753	112.351	122.746	133.852	5.54235	8	0	87.9002	-33.4747	-40.6408	-336.126	43.0353	-34.2682	492.033	
13101	5881	329.267	814.446	327.81	-15.2839	-14.97	-0.865031	1	1	1	1	1	-274.033	-173.184	132.776	-123.296	250.8	98.9277	-274.271	-215.412	-173.109	133.396	-8.30543	-123.428	251.058	191.595	98.2195	16.0353	8	0	100.677	-14.9381	-24.0343	173.484	-14.9381	-24.0343	173.484	
13098	3449	236.584	663.597	234.466	103.249	103.967	-0.907315	0	0	0	0	0	-124.295	-224.389	133.418	-71.0397	-88.4811	-140.344	-124.087	-177.228	-225.418	133.926	30.7318	-72.1961	-88.3864	-110.842	-140.489	5.70189	6	0	84.7936	-1.64086	-26.2725	-81.1582	-1.64086	-26.2725	-81.1582	
13104	12455	247.766	554.019	246.103	-99999	-47.825	-0.956616	1	1	1	1	1	-251.89	-299.971	132.545	-106.594	166.144	186.017	-251.673	-279.654	-300.232	133.077	12.7162	-107.619	166.11	172.068	185.856	5.08534	6	0	77.5826	-47.8028	-20.1204	180.984	-47.8028	-20.1204	180.984	
13098	713	287.554	693.934	286.243	80.0112	80.63	-0.963838	1	1	1	1	1	-173.697	-253.557	132.066	-139.478	-730.063	-736.366	-173.472	-207.342	-253.711	132.918	-6.37619	-139.839	-730.011	-737.872	-736.219	4.37038	11	0	77.0251	80.6479	-20.7912	-722.26	80.6479	-20.7912	-722.26	
13098	2880	20.6415	27.0604	8.28594	-505.782	111.677	-0.917772	0	0	0	0	0	-254.015	-252.901	128.254	121.436	491.734	495.596	-236.594	-235.493	-236.425	128.254	120.455	115.879	491.734	497.252	505.905	4.57751	16	0	27.0604	-33.8958	73.2298	-421.062	-33.8958	73.2298	-421.062	
13098	3361	264.063	687.729	260.932	-99999	99.724	-0.917071	1	1	1	1	1	-358.437	-287.67	101.543	-137.276	53.6432	123.098	-359.012	-318.962	-288.076	102.854	-19.4488	-138.543	53.3123	82.6351	124.186	7.42704	20	0	102.271	99.7055	-6.353	81.7375	99.7055	-6.353	81.7375	
13098	5641	53.2227	3783.31	51.5598	-99999	-8.7	-0.748672	1	1	1	1	1	-138.258	-134.101	127.12	82.041	379.815	399.385	-140.982	-140.41	-136.225	127.12	104.168	80.5724	379.815	392.708	398.886	1567.06	16	0	3721.45	-8.66285	-26.7613	442.489	-8.66285	-26.7613	442.489	
13098	10426	440.247	1111.49	382.381	-99999	-16.305	-0.586163	1	1	1	1	1	-257.829	-218.924	133.349	-3.40338	490.733	845.395	-257.81	-236.331	-212.784	133.349	54.0564	-23.5678	490.733	694.692	899.239	9.82215	14	0	180.559	-16.2384	7.02539	680.689	-16.2384	7.02539	680.689	
13098	7175	103.21	295.409	102.393	-99999	90.312	-0.629041	0	0	0	0	0	-161.958	-112.237	132.772	89.6291	-599.018	-521.571	-133.889	-111.224	-83.7919	133.112	108.463	89.482	-599.37	-560.459	-521.398	15.8882	6	0	101.972	47.358	4.16597	138.361	47.358	4.16597	138.361	
13098	7258	22.798	82.0807	21.2513	-99999	86.802	-0.907289	1	0	0	0	0	-96.3381	-88.3172	129.655	110.087	828.348	830.025	-69.4065	-64.7715	-60.9521	130.197	119.799	109.19	828.319	828.887	830.243	5.98739	8	0	77.6303	86.8221	72.5893	822.566	86.8221	72.5893	822.566	
13101	4022	343.149	829.298	342.319	58.749	57.046	-0.87119	1	1	1	1	1	-261.556	-74.4759	133.212	-150.06	17.6029	43.2439	-261.671	-173.039	-74.1402	133.438	-12.0494	-150.51	17.5751	36.4704	43.1826	5.2303	7	0	75.7143	57.0803	-40.7595	38.3684	57.0803	-40.7595	38.3684	
13101	6062	351.645	749.628	346.348	-99999	72.249	-0.680767	1	1	1	1	1	-326.39	-301.236	131.697	-127.64	541.824	757.158	-326.529	-298.116	-301.361	132.13	-5.77753	-130.06	541.347	646.354	759.2	20.0427	15	0	123.28	72.2924	-22.9591	666.205	72.2924	-22.9591	666.205	
13104	13896	273.893	43.2523	230.216	-99999	24.571	-0.965463	1	1	1	1	1	-150.073	-152.361	130.695	-66.0571	112.127	229.855	-142.378	-145.042	-145.135	130.695	-1.84063	-66.7759	112.127	145.777	231.098	7.28615	8	0	30.9335	24.592	-24.6968	151.907	24.592	-24.6968	151.907	
13104	15096	303.825	748.255	303.12	-20.1104	-20.538	-0.955023	1	1	1	1	1	-179.148	-257.031	132.623	-156.414	545.593	587.442	-179.133	-220.142	-257.318	132.686	-11.5635	-156.969	545.585	569.137	587.516	4.48506	9	0	86.1414	-20.5138	-31.9789	573	-20.5138	-31.9789	573	
13101	22220	221.398	551.153	219.585	-99999	-33.911	-0.967023	1	1	1	1	1	-231.615	-280.794	132.871	-77.5783	441.879	475.267	-231.576	-251.687	-281.554	132.871	24.8608	-79.1626	441.879	454.378	475.616	5.63624	10	0	83.4485	-33.8834	-24.3038	459.075	-33.8834	-24.3038	459.075	
13098	11236	237.83	574.904	237.596	-99999	69.187	-0.668684	1	1	1	1	1	-313.263	-233.569	131.918	-47.5153	-879.951	-749.25	-313.342	-275.908	-233.545	131.918	48.215	-47.7073	-879.951	-804.643	-749.169	6.86514	11	0	84.0645	73.8222	-8.71433	-439.781	73.8222	-8.71433	-439.781	
13098	10025	241.05	678.82	239.318	50.0394	49.595	-0.971262	1	1	1	1	1	-170.844	-221.748	132.359	-98.9238	11.4007	35.153	-170.798	-200.691	-222.047	132.561	15.9457	-100.406	11.4034	13.3296	35.2592	12.5261	11	0	155.531	49.6055	-16.3583	14.104	49.6055	-16.3583	14.104	
13104	284	177.989	484.805	177.043	-99999	4.959	-0.659482	1	1	1	1	1	-241.617	-131.848	132.415	32.9002	-355.352	-261.66	-241.617	-193.024	-131.206	132.415	73.7704	32.4245	-355.352	-309.641	-261.178	4.39662	9	0	102.591	4.99168	15.6141	-290.127	4.99168	15.6141	-290.127	
13104	2564	215.285	483.336	214.077	-99999	36.237	-0.876742	1	1	1	1	1	-237.828	-298.733	126.423	-64.5115	-561.261	-489.876	-237.786	-274.311	-298.801	126.617	31.1415	-65.3945	-561.329	-527.721	-489.474	5.03032	12	0	55.5109	36.2626	-15.8081	-498.088	36.2626	-15.8081	-498.088	
13098	14765	77.2424	204.053	77.2405	-99999	20.233	-0.977329	0	0	0	0	0	-171.041	-156.045	134.511	59.1466	-414.094	-406.508	-164.706	-157.387	-149.709	134.511	96.8123	59.1466	-414.094	-410.128	-406.508	4.11108	8	0	46.2419	20.2655	70.0213	-182.211	-41.6745	-50.3331	-462.149	
13098	839	242.418	584.054	242.355	-99999	68.602	-0.63794	1	1	1	1	1	-227.09	-145.132	132.815	-24.929	-131.087	31.6245	-205.608	-160.192	-123.64	132.815	50.1861	-24.9521	-131.087	-55.01	31.6677	5.43654	8	0	84.2561	68.6415	-5.88975	-31.1135	68.6415	-5.88975	-31.1135	
13098	1449	116.089	337.629	115.589	-99999	55.188	-0.768216	1	1	1	1	1	-167.561	-227.187	132.862	45.9568	-663.257	-710.68	-150.215	-180.13	-210.087	132.964	89.0451	45.6869	-663.201	-686.541	-710.848	4.92702	12	0	84.5992	55.2213	-39.3153	-758.338	55.2213	-39.3153	-758.338	
13098	3610	92.8845	231.596	91.6248	-99999	-10.326	-0.544152	1	1	1	0	0	-152.731	-82.3784	130.173	72.5435	376.367	369.285	-156.108	-119.288	-84.8011	130.268	102.772	71.8317	376.393	370.057	369.2	4.5319	6	0	71.496	-10.3057	55.8189	375.209	-10.3057	55.8189	375.209	
13098	5471	321.13	716.392	320.506	17.26	18.664	-0.845816	1	1	1	1	1	-192.678	-325.999	131.74	-142.007	-486.172	-388.988	-192.592	-263.567	-326.249	131.908	-3.61917	-142.325	-486.228	-438.47	-388.879	4.07022	9	0	73.464	18.6819	-47.3199	-418.656	18.6819	-47.3199	-418.656	
13104	17588	296.676	695.375	295.181	-99999	1.687	-0.643938	1	1	1	1	1	-202.126	-282.579	131.411	-36.1537	-858.925	-631.448	-201.908	-234.651	-282.61	132.226	44.3418	-36.1762	-859.86	-745.166	-631.242	4.62307	15	0	70.4462	4.09536	-115.324	766.051	56.5554	-20.4956	-193.121	
13098	10665	95.273	237.801	86.2532	-99999	97.152	-0.419684	1	1	0	0	0	-293.359	-216.397	129.225	91.9251	11.9272	18.6999	-300.236	-257.677	-215.172	132.32	110.976	91.3542	12.075	12.5998	19.3063	4.17154	8	0	71.6102	97.1655	37.6771	11.1674	97.1655	37.6771	11.1674	
13098	8459	159.765	373.769	158.838	-99999	79.122	-0.961929	1	1	1	0	0	-325.429	-348.366	133.548	-20.2347	49.8343	77.645	-325.405	-335.601	-348.653	133.981	55.8508	-20.6546	49.774	62.5697	77.7163	4.91535	8	0	82.5497	79.1173	19.9343	50.5221	79.1173	19.9343	50.5221	
13098	15602	299.589	788.671	299.58	-99999	86.98	-0.916774	1	1	1	0	0	-131.431	-88.6902	-163.56	112.455	-888.717	-780.549	-61.4529	-82.9613	-104.194	112.455	-25.2132	-163.56	-780.549	-835.392	-888.717	13.202	765	0	788.671	86.998	-0.35038	-810.027	86.998	-0.35038	-810.027	
13098	14240	250.207	600.39	249.535	-18.8702	-19.313	-0.956517	1	1	1	1	1	-184.01	-286.377	130.95	-92.9253	-464.869	-445.007	-183.819	-228.599	-286.377	131.578	15.1605	-92.9253	-464.892	-463.599	-445.007	4.44071	8	0	89.8124	-19.5176	19.0508	8.04912	-19.5176	19.0508	8.04912	
13101	7265	457.031	1135.05	456.466	83.9305	83.831	-0.713071	1	1	1	1	1	-242.714	-93.7556	132.263	-170.646	485.73	178.955	-242.835	-169.983	-93.7556	132.665	-18.8882	-170.646	486.103	331.562	178.955	4.41997	14	0	81.7456	83.8706	-43.1385	297.403	83.8706	-43.1385	297.403	
13101	10265	288.293	694.681	287.039	-99999	106.834	-0.941686	0	0	0	0	0	-353.22	-295.281	133.579	-135.068	58.7834	133.11	-353.461	-314.417	-295.482	134.044	0.945838	-135.783	58.6659	97.5911	133.125	5.08174	9	0	106.941	-49.152	-91.7091	819.677	-49.152	-91.7091	819.677	
13098	2900	84.9993	291.851	82.2717	-99999	58.427	-0.944103	1	1	0	0	0	-95.0706	-79.7094	134.218	54.6811	-740.199	-726.507	-76.7745	-67.9071	-61.5201	134.218	93.3384	52.0044	-740.199	-732.788	-726.041	8.34722	8	0	119.318	58.444	17.5005	-731.275	58.444	17.5005	-731.275	
13098	2083	145.322	372.28	145.028	-99999	-38.381	-0.954571	0	0	0	0	0	-277.077	-312.298	133.811	-4.03002	-349.609	-325.092	-277.033	-291.683	-312.407	133.811	63.8449	-4.27459	-349.609	-337.579	-325.059	7.26892	6	0	74.5834	-38.3918	48.7767	-383.553	-38.3918	48.7767	-383.553	
13098	11754	350.564	817.277	247.265	-99999	17.103	-0.895281	1	1	1	1	1	-101.492	-113.374	132.84	-93.3197	-528.001	-626.777	-96.1295	-103.948	-108.647	133.422	-26.4147	-181.776	-527.711	-599.141	-676.522	8.23352	11	0	110.096	17.1156	-69.736	-629.358	17.1156	-69.736	-629.358	
13098	6722	325.329	773.022	317.997	-21.3643	-21.41	-0.984089	1	1	1	1	1	-203.272	-268.309	132.058	-171.6	-578.602	-534.132	-203.241	-231.039	-269.837	132.253	-27.7353	-177.779	-578.597	-571.076	-530.965	5.00683	16	0	67.7461	-21.379	-32.6727	-565.726	-21.379	-32.6727	-565.726	
13098	824	330.381	870.257	329.127	100.146	102.051	-0.895517	0	0	0	0	0	-235.362	-125.555	131.727	-170.912	718.293	658.494	-235.61	-183.742	-125.457	132.436	-18.1728	-171.204	718.541	676.862	658.501	4.90528	6	0	90.475	82.0865	-100.415	446.297	19.3365	2.63906	773.53	
13098	5669	179.934	483.426	179.251	-99999	95.914	-0.903557	1	1	1	1	1	-337.397	-286.214	133.557	-24.7367	-298.221	-232.91	-337.534	-309.246	-286.2	133.632	53.3695	-25.286	-298.244	-269.387	-232.713	5.8835	12	0	100.339	95.9435	1.34103	-253.935	95.9435	1.34103	-253.935	
13098	99	235.286	932.341	233.726	75.7156	76.887	-0.808701	1	1	1	1	1	-147.75	-244.072	132.248	-45.0892	-528.276	-412.373	-147.347	-191.373	-244.072	133.509	42.8956	-45.0892	-529.094	-468.472	-412.373	5.13456	10	0	83.658	76.9134	-10.3745	-449.634	76.9134	-10.3745	-449.634	
13104	10803	201.49	544.141	201.14	-99999	105.192	-0.607347	0	0	0	0	0	-164.524	-94.3157	95.9879	-24.9576	-894.688	-750.137	-131.705	-96.4698	-61.3755	96.2	35.5241	-24.9576	-894.936	-822.644	-750.137	5.29138	6	0	77.3024	-35.3722	-44.6858	-707.569	-35.3722	-44.6858	-707.569	
13098	3284	40.5578	129.025	39.8867	-99999	41.912	-0.649415	0	0	0	0	0	-265.381	-293.851	133.261	106.136	-383.318	-377.004	-264.963	-279.714	-293.913	133.674	120.084	106.115	-383.383	-380.445	-376.997	4.19559	12	0	76.0093	37.7992	11.3521	821.111	-22.0708	28.7449	-558.199	
13098	414	189.763	468.393	189.747	-99999	105.827	-0.960994	0	0	0	0	0	-290.663	-307.843	133.797	-48.5161	433.549	479.835	-290.784	-297.402	-307.965	133.797	41.8914	-48.5204	433.549	455.815	479.836	5.34523	10	0	72.6482	73.6109	-68.0483	830.689	47.561	-84.7928	113.822	
13098	424	316.474	798.926	316.423	-99999	99.453	-0.950104	1	1	1	1	1	-246.891	-248.256	132.448	-166.598	-108.738	-8.83493	-247.001	-255.559	-248.37	132.476	-17.2628	-166.598	-108.746	-59.7582	-8.83493	4.20004	9	0	76.4794	99.4788	-25.3342	-53.9401	99.4788	-25.3342	-53.9401	
13101	7953	302.106	726.036	300.83	-99999	-22.793	-0.986813	1	1	1	1	1	-95.9819	-82.5919	131.736	-167.157	-425.428	-409.127	-103.257	-91.8634	-89.713	132.816	-17.4867	-167.277	-425.542	-417.317	-409.125	4.41162	6	0	72.8806	-22.7649	-29.2137	-415.089	-22.7649	-29.2137	-415.089	
13098	4435	149.907	461.658	149.298	-191.099	87.627	-0.876744	0	0	0	0	0	-245.547	-174.366	132.104	2.81254	736.711	734.665	-245.818	-209.989	-174.366	132.637	67.5047	2.81254	736.618	744.272	734.665	16.0146	13	0	153.806	35.376	-41.5357	20.4882	35.376	-41.5357	20.4882	
13098	2287	130.867	853.63	129.33	-99999	36.411	-0.955945	1	1	1	1	1	-116.716	-85.5974	129.741	5.87207	372.539	392.787	-105.405	-89.6203	-73.9006	130.09	67.3961	4.74643	372.481	382.57	392.913	129.423	6	0	546.018	36.4153	-16.8319	397.576	36.4153	-16.8319	397.576	
13098	3271	102.543	276.894	101.419	-99999	91.541	-0.918106	1	1	1	0	0	-342.266	-312.037	132.935	40.6213	432.96	461.159	-342.576	-326.018	-312.099	133.598	87.106	40.2418	432.759	446.577	461.282	5.81013	15	0	84.3317	91.5505	43.4711	437.664	91.5505	43.4711	437.664	
13098	882	218.167	532.274	216.989	90.9643	94.007	-0.753147	1	1	1	1	1	-166.532	-299.765	133.175	-32.4065	287.656	323.785	-166.532	-237.504	-300.276	133.175	53.8073	-33.3636	287.656	310.63	324.182	5.40284	14	0	81.1556	94.0388	-9.04083	321.102	94.0388	-9.04083	321.102	
13098	6421	278.569	688.928	275.084	82.2303	80.438	-0.853943	1	1	1	1	1	-330.031	-201.393	133.739	-96.1004	-111.73	-35.8058	-330.217	-267.581	-199.94	134.16	18.4304	-98.6874	-111.898	-66.6115	-35.419	4.97254	6	0	71.6493	80.4652	-8.41096	-63.6814	80.4652	-8.41096	-63.6814	
13104	10182	168.176	400.034	165.905	27.7202	29.013	-0.89948	1	1	1	1	1	-179.477	-260.698	131.328	0.528299	-362.185	-306.412	-179.085	-215.923	-261.232	132.259	60.2226	-0.446246	-362.4	-340.062	-305.913	5.29846	14	0	80.1356	29.0483	-0.00554113	-328.213	29.0483	-0.00554113	-328.213	
13098	14389	310.36	797.607	310.258	-99999	109.429	-0.946558	0	0	0	0	0	-176.614	-95.4698	133.364	-165.988	177.483	170.515	-142.38	-101.582	-61.2028	133.456	-16.2259	-165.988	177.482	174.823	170.515	5.17985	10	0	66.0015	19.7223	-104.344	-649.324	-35.6877	-73.5262	816.162	
13098	13776	234.044	589.288	233.607	93.6826	92.695	-0.890923	1	1	1	1	1	-302.349	-166.21	132.745	-51.9878	-540.798	-568.986	-302.537	-245.793	-166.21	133.128	31.4727	-51.9878	-540.744	-552.069	-568.986	4.15634	10	0	79.3717	92.7237	-3.57195	-559.689	92.7237	-3.57195	-559.689	
13104	9343	333.129	843.531	332.058	-99999	-16.219	-0.625335	1	1	1	1	1	-302.622	-220.78	132.533	-84.9257	-855.943	-619.726	-302.796	-260.628	-220.761	133.197	21.0061	-84.9257	-856.756	-741.238	-619.726	5.72325	15	0	85.6947	-16.1917	-35.3804	-330.711	-16.1917	-35.3804	-330.711	
13104	22351	171.553	486.616	171.553	-99999	34.949	-0.571237	1	1	1	1	1	-154.535	-216.723	133.165	38.0191	760.236	631.77	-149.043	-179.873	-211.231	133.165	85.1974	38.0191	760.236	696.173	631.77	4.49948	14	0	66.7797	34.9976	-46.9684	493.165	-2.21235	51.2782	766.385	
13098	13459	203.869	512.581	203.868	-99999	102.987	-0.742439	0	0	0	0	0	-232.224	-95.9474	133.887	-15.9205	439.298	416.026	-199.975	-132.154	-63.6976	133.887	58.704	-15.9205	439.298	427.613	416.026	4.6723	9	0	69.3886	8.63622	-6.10639	-356.906	-42.5938	-15.7096	639.102	
13098	118	373.784	871.742	373.43	39.8755	40.435	-0.694254	1	1	1	1	1	-117.149	-273.31	133.094	-101.513	297.887	55.8225	-117.139	-195.403	-273.497	133.114	7.55142	-101.621	297.905	184.083	55.589	5.09091	7	0	75.9905	40.4666	-15.1996	161.324	40.4666	-15.1996	161.324	
13098	971	290.381	777.14	289.786	-99999	112.812	-0.946414	0	0	0	0	0	-240.678	-313.983	131.51	-143.716	772.056	819.008	-240.807	-280.172	-314.01	131.51	-6.4749	-144.22	772.056	793.464	819.044	16.1473	9	0	117.312	-23.929	69.5727	791.185	-23.929	69.5727	791.185	
13098	5531	28.4912	82.8787	27.7559	-99999	72.621	-0.878875	1	1	1	1	1	-222.192	-232.553	132.962	109.021	121.125	111.794	-199.423	-204.737	-209.961	133.11	120.97	108.485	121.183	115.996	111.657	5.67636	12	0	63.1644	72.6424	-41.7591	35.1617	72.6424	-41.7591	35.1617	
13098	5656	260.321	638.991	259.738	58.9047	58.161	-0.638564	1	1	1	1	1	-292.53	-148.648	133.25	-38.3245	224.403	94.8494	-292.732	-219.416	-148.58	133.502	52.1854	-38.4813	224.624	154.436	94.7748	6.80855	12	0	78.773	58.1743	-1.87528	139.891	58.1743	-1.87528	139.891	
13104	2095	359.679	1768.09	358.886	113.607	110.483	-0.819307	0	0	0	0	0	-114.146	-243.27	132.024	-147.366	-127.782	54.7373	-113.984	-179.389	-243.443	132.392	-11.6548	-147.582	-127.983	-42.6985	54.8781	6.49887	11	0	88.1636	1.18273	-25.0771	-140.404	1.18273	-25.0771	-140.404	
13101	26790	393.514	4205.35	393.317	251.363	41.899	-0.810997	0	0	0	0	0	-132.351	-318.784	133.576	-163.215	-19.622	153.761	-132.333	-220.705	-318.866	133.618	-18.2181	-163.321	-19.6459	68.4396	153.784	7.15536	7	0	82.3394	81.9321	-40.936	648.139	81.9321	-40.936	648.139	
13098	4595	213.816	494.05	207.373	-21.5553	-22.965	-0.948773	1	1	1	1	1	-276.499	-200.452	132.673	-58.5262	58.7607	75.9343	-276.75	-236.529	-197.845	133.448	35.0328	-63.2352	58.7219	68.9333	77.4522	5.25584	7	0	77.0347	-22.9393	-3.66938	65.1274	-22.9393	-3.66938	65.1274	
13098	5315	252.904	641.262	252.565	-99999	103.77	-0.83051	0	0	0	0	0	-231.772	-93.5289	132.169	-78.9792	-569.122	-560.719	-199.277	-129.684	-60.8885	132.169	26.7034	-79.2832	-569.122	-564.302	-560.741	5.96138	10	0	60.7835	-32.8571	28.3898	831.739	-32.8571	28.3898	831.739	
13098	2219	225.958	597.464	225.7	113.615	113.64	-0.956336	0	0	0	0	0	-244.602	-174.482	132.511	-76.9603	116.516	158.01	-244.645	-215.139	-174.458	132.703	25.6858	-77.0025	116.48	137.269	158.012	6.30659	7	0	99.7831	66.0069	65.3042	-381.591	66.0069	65.3042	-381.591	
13098	8238	310.181	769.242	309.796	35.861	35.783	-0.81856	1	1	1	1	1	-241.166	-73.2418	132.96	-121.264	-252.797	-202.875	-241.167	-152.919	-73.0429	132.96	9.1513	-121.576	-252.797	-222.786	-202.859	5.65664	8	0	72.5087	35.822	-27.6584	-221.979	35.822	-27.6584	-221.979	
13098	10539	106.461	259.281	105.978	-99999	-24.672	-0.934865	1	0	0	0	0	-271.717	-305.461	131.605	32.1632	855.602	866.189	-271.593	-289.099	-305.441	131.89	82.3084	31.9888	855.552	863.579	866.183	4.71246	7	0	66.9102	-24.6396	27.7338	829.071	-24.6396	27.7338	829.071	
13098	9700	358.237	839.983	356.38	43.4062	44.444	-0.858631	1	1	1	1	1	-287.62	-106.082	133.218	-160.955	594.436	515.712	-287.62	-203.166	-105.147	133.218	-21.6609	-162.481	594.436	563.907	515.248	13.9286	9	0	91.1667	44.4694	-32.2661	556.827	44.4694	-32.2661	556.827	
13104	5951	312.957	749.284	312.386	-99999	73.512	-0.918674	1	1	1	1	1	-84.3252	-144.638	130.9	-167.966	-539.806	-605.071	-61.3054	-93.1772	-121.72	130.9	-18.0521	-168.507	-539.806	-575.38	-604.967	6.45657	6	0	85.3695	73.5375	-18.2649	-573.651	73.5375	-18.2649	-573.651	
13104	9441	111.812	273.102	110.892	-99999	72.268	-0.872472	1	1	1	0	0	-321.473	-270.412	129.355	31.8847	-421.994	-410.213	-321.889	-295.448	-270.404	129.963	81.1277	31.686	-422.052	-416.038	-410.198	4.48643	7	0	75.4509	72.29	34.3016	-405.542	72.29	34.3016	-405.542	
13104	23309	273.83	650.23	270.81	-27.5784	-29.516	-0.944858	1	1	1	1	1	-228.159	-149.385	131.798	-126.427	-452.494	-463.745	-228.469	-185.032	-148.775	132.837	3.27743	-128.234	-452.31	-455.303	-463.757	5.1321	10	0	85.5546	-29.4978	-31.2737	-454.735	-29.4978	-31.2737	-454.735	
13098	1737	309.915	751.576	308.643	94.4055	92.173	-0.687491	1	1	1	1	1	-291.077	-154.783	132.798	-58.0228	-104.326	-302.529	-291.584	-225.677	-154.783	133.673	29.7523	-58.0228	-103.562	-197.344	-302.529	5.53734	13	0	81.1339	92.2169	-11.1988	-221.375	92.2169	-11.1988	-221.375	
13101	24179	129.492	324.398	129.223	-99999	93.564	-0.878368	1	1	1	1	0	-310.264	-328.763	134.402	28.6943	-500.335	-428.705	-310.367	-319.954	-328.914	134.416	80.1538	28.4994	-500.342	-466.428	-428.555	7.32733	14	0	91.2823	93.5904	26.3235	-435.677	93.5904	26.3235	-435.677	
13098	8263	263.377	633.916	258.32	71.4038	70.077	-0.751148	1	1	1	1	1	-145.98	-222.425	130.903	-55.5866	679.235	839.363	-145.13	-182.224	-222.463	134.414	41.9695	-55.8235	676.113	762.073	839.478	5.51855	13	0	90.3009	70.1126	-0.253814	746.161	70.1126	-0.253814	746.161	
13098	7310	287.156	748.169	286.984	45.9376	45.918	-0.973471	1	1	1	1	1	-234.504	-158.981	132.886	-142.626	-452.229	-451.86	-234.506	-194.077	-158.935	132.897	-4.43067	-142.763	-452.23	-459.804	-451.857	11.2819	6	0	80.1543	45.9538	-32.5903	-450.296	45.9538	-32.5903	-450.296	
13098	6371	209.858	444.787	208.016	-504.165	24.182	-0.890685	0	0	0	0	0	-230.539	-141.536	131.742	-52.5273	-663.087	-694.469	-231.117	-185.924	-141.368	132.959	39.2514	-52.9321	-662.864	-676.133	-694.644	4.84839	11	0	70.269	-16.4148	-29.853	-249.315	-16.4148	-29.853	-249.315	
13098	7691	121.479	379.322	121.354	-99999	27.814	-0.984708	1	1	1	1	0	-123.144	-108.691	132.795	16.3242	-401.658	-415.605	-114.435	-104.212	-99.9811	132.795	72.995	16.3242	-401.658	-402.883	-415.605	6.41865	16	0	168.101	33.5156	-18.9489	416.396	33.5156	-18.9489	416.396	
13098	9971	234.346	598.426	233.337	75.2379	78.685	-0.807312	1	1	1	1	1	-111.749	-239.272	133.102	-52.0281	-663.456	-602.899	-111.527	-174.438	-239.521	133.443	40.2003	-52.5313	-663.566	-630.958	-602.775	5.93339	12	0	82.1402	78.7135	0.908279	-619.269	78.7135	0.908279	-619.269	
13098	8213	314.341	741.366	313.687	46.6921	47.267	-0.908292	1	1	1	1	1	-299.158	-150.555	133.004	-142.454	530.986	535.478	-299.414	-228.438	-150.539	133.569	-6.60411	-142.473	530.984	529.835	535.475	6.7885	6	0	77.5337	47.2861	-24.5131	537.036	47.2861	-24.5131	537.036	
13104	23540	446.033	1280.01	445.117	79.2044	78.278	-0.710138	1	1	1	1	1	-94.171	-233.715	132.898	-159.659	571.789	876.615	-93.9622	-163.423	-233.715	133.545	-13.2345	-159.659	571.195	723.997	876.615	9.78119	16	0	90.3553	78.3182	-9.7597	690.174	78.3182	-9.7597	690.174	
13098	8967	207.682	697.036	206.637	41.9757	43.177	-0.706681	1	1	1	1	1	-262.066	-180.022	132.453	-15.4575	-482.696	-599.856	-262.402	-216.543	-179.963	133.003	57.4442	-15.6849	-482.269	-536.534	-599.975	4.53262	13	0	81.2705	43.1966	3.47468	-553.692	43.1966	3.47468	-553.692	
13101	4865	289.197	858.394	288.789	-99999	71.583	-0.994567	1	1	1	1	1	-224.745	-227.868	133.046	-148.445	-124.973	-88.9799	-224.827	-226.605	-227.929	133.046	-10.2284	-148.7	-124.973	-116.399	-88.944	5.90519	9	0	86.2205	71.621	-25.024	-122.134	71.621	-25.024	-122.134	
13098	8978	219.314	399.464	218.468	-99999	41.568	-0.77317	1	1	1	1	1	-311.202	-299.534	132.976	-39.0627	-798.598	-666.53	-311.281	-303.093	-299.574	133.574	49.4809	-39.1055	-799.091	-729.304	-666.496	6.28424	16	0	83.8967	41.5863	7.11188	-705.382	41.5863	7.11188	-705.382	
13104	6297	218.783	565.586	218.714	-99999	64.196	-0.531332	1	1	1	1	1	-71.5189	-220.516	33.5731	-83.6582	-145.37	-254.39	-61.385	-136.237	-210.428	33.6085	-24.7153	-83.6582	-145.337	-199.746	-254.39	5.18498	12	0	46.7286	64.2321	-26.1579	-213.269	64.2321	-26.1579	-213.269	
13098	11643	396.642	928.227	395.823	37.2004	38.817	-0.784943	1	1	1	1	1	-67.0586	-294.29	133.92	-166.856	634.806	751.118	-66.9315	-180.785	-294.65	134.095	-20.8109	-167.314	634.753	683	751.171	6.90466	8	0	80.9347	38.8452	-9.22207	671.997	38.8452	-9.22207	671.997	
13098	8764	131.284	318.453	130.588	-99999	69.79	-0.643061	1	1	1	0	0	-108.372	-121.307	130.214	37.0985	538.13	628.465	-86.5181	-92.8802	-99.4438	130.214	85.0565	36.6171	538.13	585.311	628.948	6.08046	6	0	84.9977	69.7933	48.0384	593.828	69.7933	48.0384	593.828	
13098	13748	289.059	732.125	287.083	-44.8836	-44.286	-0.957478	1	1	1	1	1	-206.411	-281.499	131.15	-144.639	-60.6634	-55.0026	-206.154	-241.964	-281.798	132.104	-7.69183	-145.569	-60.5435	-66.1479	-54.9599	9.61121	7	0	90.9261	-44.2562	-32.4074	-62.2398	-44.2562	-32.4074	-62.2398	
13098	13875	90.8383	265.152	89.7246	100.496	100.798	-0.728015	1	1	0	0	0	-171.347	-225.837	132.83	61.9078	292.655	293.103	-171.332	-200.773	-226.41	132.846	98.3559	60.9988	292.654	292.735	293.269	4.36853	11	0	90.9203	100.835	9.8372	281.386	100.835	9.8372	281.386	
13104	7739	99.1541	289.132	98.5922	-99999	46.644	-0.856446	1	1	0	0	0	-266.663	-248.765	132.618	52.6221	-828.141	-773.761	-266.775	-257.557	-248.819	133.096	92.5089	52.6221	-828.425	-801.7	-773.761	6.16669	14	0	94.1048	46.6748	20.2215	-696.825	46.6748	20.2215	-696.825	
13104	10619	153.553	383.768	153.428	-99999	90.714	-0.857508	1	1	1	1	1	-161.332	-89.5038	133.124	0.0737398	-619.415	-593.709	-132.985	-97.5994	-61.0972	133.229	66.6303	0.0737398	-619.438	-605.103	-593.709	4.97445	7	0	54.2803	90.743	23.3437	-593.84	90.743	23.3437	-593.84	
13098	12888	246.983	627.631	245.228	-99999	17.957	-0.664866	1	1	1	1	1	-67.3746	-196.053	-60.5364	102.571	83.6012	213.873	-190.869	-126.32	-61.2305	103.126	21.0724	-61.1223	214.325	148.37	83.1299	6.16816	643	0	627.631	17.9754	-59.8971	89.5129	17.9754	-59.8971	89.5129	
13098	14870	183.578	426.23	183.103	-99999	21.643	-0.964781	1	1	1	1	1	-103.535	-148.391	132.029	-44.5779	-611.507	-605.656	-96.6433	-119.665	-141.614	132.479	43.7644	-44.5779	-611.567	-612.32	-605.656	4.70712	6	0	76.3928	26.7557	22.5116	-370.629	26.7557	22.5116	-370.629	
13098	12924	49.952	282.996	49.3679	-99999	108.407	-0.913817	0	0	0	0	0	-229.95	-244.042	130.148	84.5728	-272.137	-284.536	-195.951	-203.871	-210.143	130.28	107.503	84.1528	-272.108	-278.585	-284.644	11.4456	14	0	151.187	76.4663	-2.54759	-779.262	76.4663	-2.54759	-779.262	
13101	2847	206.539	709.966	206.211	-25.3461	-28.06	-0.761386	1	1	1	1	1	-264.056	-164.796	132.996	-28.0155	203.648	123.81	-264.21	-207.13	-164.786	133.226	56.0158	-28.035	203.768	166.107	123.801	4.58346	12	0	80.4142	-28.0281	-1.88319	148.685	-28.0281	-1.88319	148.685	
13101	3207	296.35	1280.68	292.454	113.093	112.317	-0.849281	0	0	0	0	0	-259.825	-94.5345	133.663	-107.192	-734.553	-721.82	-259.825	-175.996	-92.5766	133.663	11.6981	-110.494	-734.553	-728.125	-721.199	4.57483	7	0	583.331	100.824	-34.7421	-209.015	100.824	-34.7421	-209.015	
13098	2468	141.048	4776.87	139.454	35.606	35.891	-0.777001	1	1	1	1	1	-222.658	-153.39	132.105	37.9625	-528.605	-602.805	-222.792	-187.311	-152.85	132.353	81.1693	37.232	-528.459	-561.369	-603.698	5.06163	13	0	79.8106	35.9247	25.4649	-571.837	35.9247	25.4649	-571.837	
13098	8217	232.141	460.132	230.546	-99999	-20.48	-0.683382	0	0	0	0	0	-278.878	-318.401	132.191	-33.6038	697.212	850.767	-278.854	-290.428	-318.714	132.191	47.9603	-34.6443	697.212	776.002	851.915	6.90527	13	0	80.5313	-36.2997	-73.8152	-775.976	34.7003	-8.30977	607.845	
13098	10447	55.6371	195.936	54.2671	-99999	57.568	-0.757372	0	0	0	0	0	-279.357	-252.431	133.009	95.1189	-89.1499	-62.1586	-279.831	-269.039	-252.497	134.048	113.394	95.1189	-89.9415	-74.8172	-62.1586	7.212	10	0	102.672	58.0528	-54.7904	-661.164	58.0528	-54.7904	-661.164	
13104	14883	310.987	771.217	307.517	-99999	52.998	-0.987345	1	1	1	1	1	-169.374	-192.255	132.152	-169.075	-284.488	-320.864	-152.654	-170.562	-175.113	133.557	-20.3189	-171.009	-284.3	-296.798	-320.977	5.32316	8	0	75.5086	53.0237	-25.728	-300.28	53.0237	-25.728	-300.28	
13098	8050	108.487	350.599	108.486	-99999	39.7	-0.784076	1	1	1	1	1	-159.619	-216.817	132.91	49.091	-228.07	-266.373	-153.38	-181.602	-210.579	132.91	91.0923	49.091	-228.07	-247.988	-266.373	8.15555	16	0	135.207	39.7327	-48.2388	-305.016	39.7327	-48.2388	-305.016	
13098	12155	32.1936	125.862	31.4144	-99999	111.07	-0.988026	0	0	0	0	0	-259.699	-262.509	131.45	100.854	435.252	441.138	-259.818	-261.303	-262.694	131.525	115.787	100.275	435.234	437.399	441.245	6.05712	11	0	93.4792	-33.5003	6.54286	-560.692	-33.5003	6.54286	-560.692	
13098	15563	203.871	996.206	203.862	-468.621	70.307	-0.835513	0	0	0	0	0	-261.092	-194.728	133.298	-21.9472	-740.091	-852.355	-261.092	-232.716	-194.728	133.298	51.6647	-21.9472	-740.091	-793.896	-852.355	6.71138	11	0	65.5705	-999999	-999999	-999999	-999999	-999999	-999999	
13098	12105	167.923	490.314	167.804	87.0826	87.768	-0.572703	1	1	1	1	1	-271.829	-172.329	132.272	20.1872	825.721	752.042	-271.902	-218.286	-172.329	132.337	80.8649	20.1872	825.783	786.942	752.042	6.46257	13	0	85.6977	87.7982	19.4151	756.201	87.7982	19.4151	756.201	
13104	24956	189.841	517.83	188.847	73.6994	72.737	-0.930736	1	1	1	1	1	-227.155	-180.257	132.396	-40.7286	-497.99	-556.55	-227.369	-203.865	-180.244	133.27	46.4127	-40.7768	-497.729	-527.804	-556.568	29.697	11	0	117.211	72.7652	-9.39049	-540.171	72.7652	-9.39049	-540.171	
13101	228	272.139	604.9	271.22	-30.3782	-29.473	-0.886868	1	1	1	1	1	-115.128	-268.355	133.05	-72.3953	51.4025	127.528	-114.955	-181.465	-268.67	133.47	18.8187	-72.6343	51.2882	81.706	127.733	4.83088	11	0	79.3349	-29.4401	-10.6107	85.5766	-29.4401	-10.6107	85.5766	
13098	12663	217.017	535.345	216.112	100.772	100.68	-0.96163	1	1	1	1	1	-206.603	-250.102	130.354	-78.9124	64.1705	36.4605	-206.546	-230.151	-250.117	130.684	25.8606	-79.4585	64.2448	49.7845	36.4355	10.8134	6	0	78.9962	100.702	-16.5947	44.32	100.702	-16.5947	44.32	
13098	14896	120.181	234.422	119.812	-99999	0.328	-0.975396	1	1	1	0	0	-286.115	-280.64	132.982	15.7911	204.211	222.052	-286.121	-283.807	-280.64	133.325	73.5478	15.7911	204.13	207.754	222.052	4.17567	9	0	37.5354	0.339673	15.8641	218.248	0.339673	15.8641	218.248	
13098	14549	276.484	658.758	275.958	-99999	39.862	-0.626094	1	1	1	1	1	-240.464	-276.337	132.667	-60.1763	135.997	327.989	-240.435	-261.235	-276.383	132.976	38.1153	-60.1763	135.619	233.609	327.989	5.99424	13	0	69.1328	39.885	-11.8972	268.014	39.885	-11.8972	268.014	
13098	13618	104.348	414.412	103.902	-99999	50.276	-0.691288	1	1	1	1	1	-231.825	-266.312	132.111	59.8785	561.081	627.295	-231.843	-249.296	-266.487	132.19	95.6402	59.6662	561.007	593.894	627.519	9.1725	22	0	183.238	50.3167	-43.2936	708.355	50.3167	-43.2936	708.355	
13104	25206	354.408	2024.22	353.559	-608.81	42.598	-0.828826	0	0	0	0	0	-144.566	-279.47	133.458	-141.393	-30.4614	142.083	-144.556	-212.872	-279.463	133.485	-7.96739	-141.623	-30.4749	51.065	142.821	11.3003	19	0	83.5232	51.728	-26.5156	-750.473	-39.332	30.4565	-217.791	
13098	15695	205.069	512.101	203.028	-99999	93.655	-0.895286	1	1	1	1	1	-347.937	-262.149	132.843	-45.992	-409.466	-372.721	-348.905	-305.584	-262.229	134.577	42.269	-46.0815	-409.435	-399.898	-372.684	5.62794	11	0	75.2132	93.6589	-5.841	-393.582	82.3789	31.386	-444.63	
13101	4481	197.973	400.68	193.024	-44.8637	-43.811	-0.790602	1	1	1	1	1	-192.021	-223.98	132.561	-17.7924	-374.154	-260.704	-192.019	-208.36	-223.653	132.651	58.3435	-21.2778	-374.225	-311.115	-257.944	7.10015	14	0	77.3332	-43.7668	-1.65993	-291.62	-43.7668	-1.65993	-291.62	
13101	4721	200.275	527.487	198.643	75.5411	74.32	-0.890782	1	1	1	1	1	-220.911	-137.929	132.329	-42.3051	-72.6795	-115.78	-220.988	-179.643	-137.54	132.528	44.914	-43.651	-72.6154	-97.5585	-115.855	4.9422	10	0	113.803	74.3499	-16.1788	-107.009	74.3499	-16.1788	-107.009	
13104	14182	252.831	610.704	248.247	-42.1381	-42.961	-0.965531	1	1	1	1	1	-244.278	-177.713	131.539	-104.476	-797.492	-799.159	-244.563	-214.198	-175.762	132.698	10.5166	-107.159	-797.611	-788.019	-799.799	7.46168	7	0	91.5652	-38.6427	-10.1999	-289.208	87.4773	-10.2154	-725.864	
13101	412	170.817	413.112	170.814	-99999	-18.028	-0.881976	1	1	1	1	1	-286.436	-246.595	133.643	-9.94449	585.922	668.162	-286.415	-267.48	-246.574	133.643	60.1124	-9.94449	585.922	624.932	668.162	6.39273	12	0	83.8896	-18.0047	11.5004	615.091	-18.0047	11.5004	615.091	
13101	2212	45.8665	127.165	45.317	-99999	37.891	-0.861744	1	1	1	1	1	-228.548	-203.944	132.511	94.4748	-172.378	-171.587	-234.76	-222.524	-209.872	132.943	113.551	94.4371	-172.38	-172.222	-171.585	4.76351	12	0	59.3731	37.9214	-45.9044	-156.059	37.9214	-45.9044	-156.059	
13104	14325	106.373	287.533	105.995	-99999	7.631	-0.965531	1	1	1	1	0	-327.984	-304.054	133.973	31.4392	640.12	640.811	-327.992	-311.753	-303.99	133.973	83.4542	31.0781	640.12	643.461	640.799	12.2313	7	0	102.779	7.66039	32.8908	606.415	7.66039	32.8908	606.415	
13098	15433	291.694	2313.58	287.73	-99999	90.567	-0.948129	1	1	1	1	1	-232.632	-154.877	130.171	-145.092	537.86	568.912	-205.216	-165.86	-126.251	133.035	-6.55999	-145.983	537.635	552.898	569.028	31.4635	7	0	1621.31	90.5968	-66.0227	570.26	90.5968	-66.0227	570.26	
13101	25906	286.582	673.34	285.842	-99999	30.951	-0.636598	1	1	1	1	1	-71.8755	-151.694	129.88	-64.6549	165.553	358.086	-62.0173	-100.537	-142.018	130.33	36.4853	-64.6659	165.033	266.167	358.105	5.17662	6	0	79.9533	30.987	16.5625	266.964	30.987	16.5625	266.964	
13101	27106	202.142	477.598	200.963	-99999	0.039	-0.937117	1	1	1	1	1	-223.033	-270.817	131.801	-55.4121	-139.114	-101.775	-222.755	-248.777	-270.865	132.568	35.942	-55.5286	-139.229	-125.232	-101.482	14.0472	8	0	68.9401	0.0313729	-16.7506	-119.223	0.0313729	-16.7506	-119.223	
13098	13384	474.427	1124.21	473.949	-99999	88.415	-0.492507	1	1	1	1	1	-295.31	-255.846	133.046	-74.3447	-849.206	-431.045	-295.411	-270.602	-255.947	133.046	19.1037	-74.4359	-849.206	-642.939	-430.849	8.39552	16	0	65.4781	88.4349	-4.25309	-621.631	88.4349	-4.25309	-621.631	
13104	4500	108.496	269.013	105.226	-99999	35.929	-0.831369	1	1	1	1	0	-124.861	-74.8841	133.862	41.302	-678.968	-677.053	-113.898	-87.8294	-62.3664	134.279	86.7325	38.8515	-678.976	-678.158	-676.911	7.21128	6	0	64.5632	35.9494	28.4422	-673.875	35.9494	28.4422	-673.875	
13098	13857	262.819	593.416	262.332	-99999	-41.153	-0.920781	1	1	1	1	1	-333.9	-322.925	133.133	-110.24	-345.465	-248.851	-333.858	-327.062	-322.871	133.502	11.7708	-110.313	-345.622	-296.809	-248.827	4.97126	12	0	76.734	-41.1402	-26.4946	-280.734	-41.1402	-26.4946	-280.734	
13098	13977	161.807	496.436	161.399	-99999	115.729	-0.55321	0	0	0	0	0	-212.252	-348.098	129.636	42.9245	569.765	568.051	-212.284	-280.283	-348.471	129.702	85.9432	42.8376	569.767	568.508	568.15	6.81188	8	0	105.891	-999999	-999999	-999999	-999999	-999999	-999999	
13101	10334	192.343	2956.07	190.608	-99999	-4.041	-0.959548	1	1	1	0	0	-291.849	-324.14	132.664	-52.8873	-158.304	-155.683	-291.702	-314.363	-324.109	133.166	40.3157	-54.0704	-158.343	-147.947	-155.68	21.5579	6	0	2594.46	-4.02361	-6.38521	-154.526	-4.02361	-6.38521	-154.526	
13098	15027	139.026	382.469	134.477	-99999	88.878	-0.837415	1	1	1	1	1	-216.868	-236.092	131.446	16.8547	-571.113	-638.29	-188.852	-199.492	-208.322	133.045	74.6256	14.536	-570.083	-606.196	-639.508	4.11472	14	0	34.9711	88.9059	-21.7232	-654.354	88.9059	-21.7232	-654.354	
13098	12905	44.2795	137.956	42.6951	-99999	54.356	-0.863347	1	0	0	0	0	-268.713	-272.859	130.969	95.27	439.574	461.745	-268.678	-269.529	-273.096	131.678	112.883	94.894	439.193	450.658	462.287	5.26762	13	0	78.4871	59.2007	13.3573	-143.86	44.4007	-14.5726	30.8274	
13098	15293	316.408	891.334	316.385	-99999	59.166	-0.854741	1	1	1	1	1	-208.126	-227.446	130.479	-163.779	389.677	275.563	-189.598	-199.67	-208.919	130.479	-16.2922	-163.779	389.677	331.826	275.563	5.15272	8	0	56.8278	59.2022	-23.2791	329.624	59.2022	-23.2791	329.624	
13101	3898	68.1705	23.9279	64.2334	-99999	-37.519	-0.933865	1	1	1	1	1	-117.802	-124.494	129.906	70.4176	-530.332	-510.53	-129.551	-133.769	-136.406	129.906	98.7699	68.0524	-530.332	-518.339	-511.879	7.56179	6	0	11.7887	-37.4936	-19.184	-489.165	-37.4936	-19.184	-489.165	
13101	1129	345.962	804.916	344.938	-99999	88.861	-0.473682	1	1	1	1	1	-334.731	-315.189	128.432	-52.5525	-562.978	-271.79	-334.818	-329.32	-315.245	128.805	33.6218	-52.6399	-563.685	-419.811	-271.634	4.87555	16	0	79.9012	88.8695	-6.29526	-377.458	88.8695	-6.29526	-377.458	
13101	4729	236.671	586.309	234.388	-99999	30.459	-0.850639	1	1	1	1	1	-218.847	-250.554	132.409	-70.2505	-235.034	-122.711	-218.882	-230.748	-251.159	132.409	30.6197	-72.3352	-235.034	-176.033	-121.984	4.01096	14	0	76.4053	30.487	-17.06	-162.777	30.487	-17.06	-162.777	
13101	2860	269.028	741.604	267.896	37.0358	35.709	-0.685115	1	1	1	1	1	-329.901	-179.823	133.362	-39.201	57.4382	-80.3103	-330.152	-259.899	-179.495	133.716	42.8013	-39.6591	57.7152	-12.1249	-80.511	9.45548	11	0	167.546	40.5874	-25.2146	-561.554	15.4674	-22.3649	457.418	
13101	9278	99.983	286.739	99.531	-99999	-32.559	-0.916949	1	1	0	0	0	-316.443	-347.99	132.437	39.3733	195.835	206.135	-316.248	-334.432	-347.953	132.846	86.8374	39.3733	195.753	202.849	206.135	5.8562	10	0	97.2672	-32.5392	57.1974	206.395	-32.5392	57.1974	206.395	
13101	7012	310.529	766.623	309.032	-99999	21.688	-0.98878	1	1	1	1	1	-257.686	-288.668	132.57	-169.525	390.527	360.465	-257.68	-265.256	-288.716	132.801	-17.5258	-169.705	390.551	366.327	360.497	4.98645	7	0	94.3362	17.1428	-33.5719	169.788	17.1428	-33.5719	169.788	
13101	10972	357.263	687.892	328.809	-99999	81.836	-0.977946	1	1	1	1	1	-197.968	-204.298	132.602	-159.115	-767.938	-740.045	-172.353	-179.827	-178.651	132.989	-26.4502	-163.373	-768.008	-760.397	-740.727	8.40866	7	0	80.1027	81.8419	-22.7924	-728.672	81.8419	-22.7924	-728.672	
13101	16685	342.044	984.953	341.547	-99999	112.666	-0.671509	0	0	0	0	0	-228.151	-78.9665	126.239	-116.988	-261.819	-449.435	-210.446	-134.875	-61.0406	126.239	5.44849	-117.332	-261.819	-356.343	-449.713	5.03712	14	0	49.6356	73.5246	10.1249	727.08	73.5246	10.1249	727.08	
13101	13275	240.141	562.387	238.537	24.8397	27.634	-0.895034	1	1	1	1	1	-111.936	-232.678	133.623	-66.887	-387.045	-429.804	-111.936	-169.077	-233.5	133.623	30.2663	-68.2591	-387.045	-408.346	-429.833	4.37213	6	0	77.0633	27.6534	-1.50936	-410.335	27.6534	-1.50936	-410.335	
13101	14248	267.848	609.777	266.631	-99999	-48.062	-0.938705	1	1	1	1	1	-72.8734	-170.02	132.699	-112.837	-252.84	-222.534	-87.5722	-134.441	-185.156	133.696	9.27379	-112.959	-252.922	-237.563	-222.509	10.3243	7	0	78.5847	-48.0665	-5.2486	-232.47	-48.0665	-5.2486	-232.47	
13101	16768	94.3834	276.824	92.4607	-99999	89.078	-0.880233	1	1	1	0	0	-212.428	-256.228	131.566	51.4033	288.302	300.868	-212.199	-235.502	-256.942	132.177	91.3211	50.3679	288.287	291.838	301.106	6.71465	7	0	84.4735	89.1092	16.7706	298.944	89.1092	16.7706	298.944	
13101	14297	191.027	468.176	189.809	-99999	59.33	-0.491728	1	1	1	1	1	-70.5951	-220.405	18.0426	-82.2524	-389.701	-449.034	-61.2718	-136.831	-212.017	18.0426	-32.0434	-82.9396	-389.701	-419.76	-449.402	4.20958	10	0	55.9956	59.3667	-38.1874	-430.081	59.3667	-38.1874	-430.081	
13101	9580	135.406	408.218	131.154	-99999	33.915	-0.684757	0	0	0	0	0	-214.789	-168.142	132.398	39.3639	508.643	586.276	-210.498	-181.703	-162.721	133.712	83.7573	37.7956	507.678	542.997	587.955	8.92623	10	0	100.651	34.3917	12.8166	-798.119	-8.07834	-46.6619	456.536	
13101	10497	124.005	308.133	123.705	-99999	-34.953	-0.561763	1	0	0	0	0	-261.988	-316.331	128.519	56.8564	-880.158	-795.858	-261.833	-286.32	-316.291	128.686	93.7235	56.8564	-880.378	-835.442	-795.858	5.83986	12	0	74.671	-34.9381	46.3599	-791.49	-34.9381	46.3599	-791.49	
13101	10162	35.5368	102.341	33.7314	-99999	39.59	-0.833583	1	0	0	0	0	-92.334	-73.8876	129.898	101.76	135.097	133.943	-80.136	-70.4117	-60.8448	130.193	115.324	100.556	135.104	135.031	133.514	10.0864	14	0	78.4888	39.613	48.263	149.244	39.613	48.263	149.244	
13101	8613	202.766	499.635	202.091	-99999	7.889	-0.949019	1	1	1	1	1	-263.835	-219.271	132.831	-59.6842	-315.245	-275.497	-263.898	-243.466	-219.205	133.239	37.0994	-59.914	-315.354	-291.751	-275.456	4.10564	10	0	76.0251	7.91615	-12.0901	-280.392	7.91615	-12.0901	-280.392	
13101	6590	60.0527	167.036	58.1067	41.3305	43.007	-0.776474	0	0	0	0	0	-226.771	-190.191	132.196	89.3166	-491.876	-505.029	-227.605	-209.191	-189.821	133.298	110.372	89.003	-491.591	-497.622	-505.243	5.01105	8	0	71.4104	43.041	30.1441	-509.136	43.041	30.1441	-509.136	
13101	11510	571.228	1385.86	571.205	94.0875	94.233	-0.543588	1	1	1	1	1	-92.0898	-343.001	113.996	-157.679	890.596	459.535	-92.0898	-216.557	-343.001	113.996	-32.3612	-157.679	890.596	679.513	459.535	9.28834	10	0	81.8225	94.2765	-33.1207	646.582	94.2765	-33.1207	646.582	
13101	25215	273.349	750.32	273.337	102.199	102.944	-0.922579	0	0	0	0	0	-223.331	-182.29	132.512	-123.575	258.67	337.942	-223.331	-204.389	-182.29	132.512	6.25945	-123.575	258.67	307.297	337.942	5.14697	12	0	72.3725	90.5742	40.7476	222.559	90.5742	40.7476	222.559	
13101	25935	208.076	502.437	208.074	-99999	78.733	-0.914204	1	1	0	0	0	-139.727	-85.948	-63.4963	121.561	-891.514	-814.219	-61.2932	-85.7806	-115.072	121.561	26.4081	-63.4963	-814.219	-848.304	-891.514	5.3054	532	0	502.437	78.7458	21.3467	-566.685	9.81581	49.2467	-626.05	
13101	25935	181.634	662.212	170.063	-51.2151	-44.457	-0.49962	1	1	1	1	1	-331.45	-183.089	133.355	52.0109	784.932	780.263	-331.853	-252.066	-172.831	133.592	90.2887	48.8045	784.942	782.639	780.313	6.5257	7	0	140.576	-44.4442	1.37254	762.724	-44.4442	1.37254	762.724	
13101	16807	45.9387	91.7853	14.2729	-99999	113.541	-0.872076	0	0	0	0	0	-298.82	-301.687	132.531	124.088	-395.79	-387.948	-298.95	-297.462	-299.057	132.531	118.58	101.708	-395.79	-383.143	-368.15	7.51192	18	0	91.7854	100.321	8.82379	-780.567	100.321	8.82379	-780.567	
13101	17047	347.231	837.494	346.518	76.9274	75.473	-0.88315	1	1	1	1	1	-313.913	-162.782	132.743	-164.564	-87.3363	-175.265	-314.134	-248.439	-162.758	133.297	-19.9543	-164.638	-87.1446	-134.948	-175.277	6.19805	9	0	92.5139	75.5016	-21.9331	-136.248	75.5016	-21.9331	-136.248	
13101	15955	111.229	554.978	34.5121	-99999	101.092	-0.725805	0	0	0	0	0	-150.203	-147.989	37.1887	67.4237	889.271	872.97	-111.772	-114.958	-118.566	130.17	82.9907	36.8706	831.012	859.48	889.466	4.11625	15	0	554.978	78.675	13.2711	-60.537	78.675	13.2711	-60.537	
13101	17539	124.729	340.405	119.447	-99999	36.228	-0.751599	1	1	0	0	0	-154.916	-92.5773	128.973	32.9795	-423.467	-393.771	-146.514	-112.12	-81.2327	132.958	85.2115	32.9795	-425.284	-404.855	-393.771	4.7258	10	0	75.7677	36.2539	42.3416	-401.565	36.2539	42.3416	-401.565	
13101	12374	257.038	678.614	255.337	-99999	1.517	-0.967326	1	1	1	1	1	-85.6186	-141.111	132.703	-112.123	-235.001	-192.192	-84.9476	-114.772	-140.787	133.993	11.1765	-112.441	-235.271	-212.961	-192.125	8.09095	7	0	158.126	1.54924	-4.38339	-207.958	1.54924	-4.38339	-207.958	
13101	24628	254.055	606.067	252.773	-99999	106.073	-0.979471	0	0	0	0	0	-222.921	-200.249	132.612	-112.681	-219.995	-171.557	-189.705	-180.501	-166.513	132.612	8.34413	-113.785	-219.995	-195.871	-171.253	5.49797	7	0	87.1542	47.0707	-24.1161	10.2525	47.0707	-24.1161	10.2525	
13101	16032	260.495	565.126	254.019	-99999	43.305	-0.952223	1	1	1	1	1	-201.522	-192.687	127.89	-116.4	141.241	173.191	-188.231	-178.153	-179.136	131.238	5.05388	-116.533	140.233	167.926	173.195	5.49314	8	0	76.6518	43.3335	-20.7292	162.542	43.3335	-20.7292	162.542	
13101	16313	334.95	845.453	334.893	-99999	-19.138	-0.901485	1	1	1	1	1	-251.797	-337.173	133.085	-162.188	17.0849	147.172	-251.76	-289.106	-337.151	133.134	-18.2802	-162.188	17.0666	77.8419	147.172	9.73094	11	0	118.915	-19.1166	-26.6163	85.213	-19.1166	-26.6163	85.213	
13101	20408	320.885	972.388	313.512	8.43264	7.453	-0.988388	1	1	1	1	1	-202.38	-274.04	133.379	-171.101	792.641	772.017	-202.38	-238.435	-275.991	133.379	-22.5647	-178.076	792.641	781.86	770.724	11.5471	12	0	149.01	7.49409	-34.978	755.846	7.49409	-34.978	755.846	
13104	8213	305.01	826.644	304.91	-99999	71.796	-0.998105	1	1	1	1	1	-203.518	-221.84	134.351	-169.433	641.774	624.788	-192.231	-200.968	-210.558	134.433	-17.5279	-169.433	641.775	633.026	624.788	4.99833	7	0	50.3798	71.8201	-26.1235	625.934	71.8201	-26.1235	625.934	
13101	19347	81.111	213.141	78.9331	-99999	-8.179	-0.944836	1	1	0	0	0	-73.5639	-95.3924	129.175	54.1675	472.134	481.734	-75.7672	-87.1392	-98.1328	130.3	92.0015	53.2039	471.978	478.731	481.789	5.3298	8	0	77.2987	-8.16428	33.0445	468.305	-8.16428	33.0445	468.305	
13101	19734	158.831	3555.89	158.814	-99999	100.335	-0.462581	1	1	1	1	1	-247.991	-194.297	133.1	64.939	478.328	345.875	-263.758	-238.737	-210.064	133.1	96.2592	64.939	478.328	412.619	345.875	4.37389	6	0	1137.07	100.39	-28.4109	218.189	100.39	-28.4109	218.189	
13104	7899	293.578	952.96	292.82	-99999	57.039	-0.814583	1	1	1	1	1	-165.496	-220.135	131.79	-110.726	-94.1077	-248.219	-156.426	-183.152	-211.172	132.407	13.0947	-110.726	-93.6852	-174.765	-248.219	6.91507	15	0	56.5059	57.075	-20.6781	-194.006	57.075	-20.6781	-194.006	
13104	8499	215.251	588.226	213.333	24.4798	23.284	-0.703598	1	1	1	1	1	-273.566	-176.98	132.541	4.08762	644.573	506.85	-274.036	-224.893	-176.444	133.338	60.9346	3.71063	645.22	582.631	506.415	7.39762	9	0	97.5407	23.3222	6.97423	565.532	23.3222	6.97423	565.532	
13101	27469	324.96	6873.73	310.333	-99999	106.932	-0.946116	0	0	0	0	0	-191.532	-137.836	133.337	-166.804	262.438	206.295	-158.047	-130.188	-100.648	133.337	-23.62	-180.829	262.438	232.863	205.704	90.9783	9	0	1010.75	-999999	-999999	-999999	-999999	-999999	-999999	
13101	27560	58.6056	181.423	57.7826	-99999	43.001	-0.988892	0	0	0	0	0	-263.152	-249.766	133.169	77.2434	-207.876	-205.461	-263.206	-257.161	-249.615	133.21	104.558	76.6516	-207.873	-207.326	-205.031	6.75094	10	0	82.7042	43.0038	33.8186	-201.235	43.0038	33.8186	-201.235	
13101	28280	65.7766	197.059	63.4446	28.2115	28.827	-0.899856	1	1	0	0	0	-227.282	-198.257	131.914	76.2204	-816.945	-824.381	-227.685	-212.304	-197.53	132.802	104.29	75.0853	-816.843	-822.393	-824.373	4.56991	8	0	80.7573	28.8635	30.1756	-785.599	28.8635	30.1756	-785.599	
13101	2611	128.365	588.131	128.092	-99999	92.68	-0.847914	1	1	1	1	1	-177.66	-238.331	132.998	25.7756	-532.402	-567.028	-148.571	-179.153	-209.352	133.131	79.4958	25.6733	-532.358	-549.551	-567.05	6.8798	10	0	73.0275	92.7096	-13.4068	-576.369	92.7096	-13.4068	-576.369	
13101	2263	207.93	538.032	207.556	-99999	105.004	-0.884078	0	0	0	0	0	-211.354	-305.516	128.32	-54.4942	199.611	221.974	-211.474	-255.348	-305.753	128.32	35.0606	-54.7971	199.611	212.455	222.144	10.6716	17	0	84.0408	58.3504	-28.5013	389.567	58.3504	-28.5013	389.567	
13101	3012	398.323	1457.58	391.117	-99999	20.58	-0.676981	1	1	1	1	1	-166.832	-153.312	132.142	-166.18	-554.412	-771.593	-160.388	-152.788	-146.922	132.142	-20.7312	-168.209	-554.412	-679.55	-773.132	23.9661	23	0	561.644	20.6057	-43.1946	-708.56	20.6057	-43.1946	-708.56	
13101	250	139.276	371.781	137.81	-99999	67.05	-0.94971	0	0	0	0	0	-248.565	-271.372	127.663	3.56099	3.87189	54.3362	-248.548	-262.12	-271.606	127.974	67.8324	2.48851	3.92945	34.2889	54.594	5.18309	17	0	91.5194	100.354	22.3685	835.799	100.354	22.3685	835.799	
13101	9462	244.336	647.874	242.992	-99999	48.391	-0.982683	1	1	1	1	1	-218.252	-268.075	132.809	-102.456	-771.22	-740.508	-218.308	-240.012	-268.632	132.809	13.8649	-103.692	-771.22	-754.862	-740.598	5.53675	7	0	74.3302	48.4201	-16.4485	-733.301	48.4201	-16.4485	-733.301	
13101	10943	323.345	765.911	321.694	-99999	4.955	-0.85946	1	1	1	1	1	-326.619	-169.641	133.665	-144.93	-811.934	-800.544	-326.619	-248.054	-168.826	133.665	-6.9003	-146.344	-811.934	-802.713	-800.732	6.11788	8	0	90.4478	4.97457	-3.02388	-771.895	4.97457	-3.02388	-771.895	
13101	11555	281.13	687.327	280.781	67.226	68.61	-0.646958	1	1	1	1	1	-142.209	-220.328	132.566	-63.1929	356.668	539.803	-142.117	-188.862	-220.328	132.769	40.4232	-63.1929	356.448	451.481	539.803	7.42948	12	0	102.496	68.6522	-6.32467	462.231	68.6522	-6.32467	462.231	
13101	16249	37.7654	174.479	37.1762	-99999	59.117	-0.950539	0	0	0	0	0	-270.132	-265.588	133.152	103.834	-542.01	-525.88	-270.316	-264.797	-265.656	133.556	115.863	103.834	-542.059	-538.633	-525.88	6.53694	9	0	121.388	52.0666	-69.2758	275.529	52.0666	-69.2758	275.529	
13101	12288	581.891	1701.04	581.041	-99999	103.534	-0.404141	0	0	0	0	0	-233.871	-93.5384	134.134	-44.0413	501.312	-33.4403	-201.45	-131.261	-60.8986	134.134	42.2844	-44.3008	501.312	234.455	-34.2165	5.34704	17	0	91.2566	77.2431	-32.2103	-596.591	-41.2269	-11.7034	-174.033	
13101	16131	200.934	484.647	198.753	-99999	67.903	-0.963986	1	1	1	1	0	-121.243	-159.041	128.583	-64.8287	778.571	793.88	-99.5333	-125.181	-137.73	130.208	33.2967	-65.3054	778.479	783.875	793.9	4.45839	10	0	72.7772	67.9272	1.73455	770.901	67.9272	1.73455	770.901	
13104	9747	245.72	651.752	244.284	-99999	113.319	-0.921674	0	0	0	0	0	-187.466	-96.8645	132.333	-94.1514	-493.951	-481.106	-152.177	-106.742	-60.9826	132.805	18.8697	-94.9818	-493.991	-487.058	-481.069	4.21323	8	0	60.6682	70.1434	-39.1149	-344.339	70.1434	-39.1149	-344.339	
13101	19998	157.737	378.994	157.735	-99999	-46.739	-0.957252	1	1	1	1	1	-300.374	-252.088	133.385	-11.2614	528.024	564.876	-300.32	-281.483	-252.035	133.385	59.0401	-11.2614	528.024	545.916	564.876	4.80752	9	0	76.3155	-39.1105	-9.141	-134.463	-39.1105	-9.141	-134.463	
13101	32600	321.916	1024.43	321.076	72.291	72.012	-0.806561	1	1	1	1	1	-246.217	-87.4339	131.849	-110.426	381.878	244.854	-246.575	-170.67	-87.4339	132.522	6.39359	-110.426	382.219	317.285	244.854	6.38125	10	0	72.1605	72.0447	-42.1181	283.294	72.0447	-42.1181	283.294	
13104	9903	223.067	652.016	222.742	93.3001	92.087	-0.774939	1	1	1	1	1	-174.845	-292.024	132.575	-33.2027	-604.155	-515.477	-174.682	-233.985	-292.024	132.825	48.1763	-33.2027	-604.268	-562.444	-515.477	8.6031	11	0	67.154	92.117	-8.32112	-548.922	92.117	-8.32112	-548.922	
13101	24784	200.711	574.751	200.706	-36.8367	-34.747	-0.624374	1	1	1	1	1	-132.301	-280.766	133.359	31.761	102.918	15.9462	-132.301	-203.202	-280.766	133.359	78.6414	31.761	102.918	58.0241	15.9462	4.78569	6	0	76.309	-34.7035	16.4859	42.754	-34.7035	16.4859	42.754	
13101	35731	401.551	1032.35	396.856	-99999	84.088	-0.751682	1	1	1	1	1	-215.916	-87.6377	130.334	-164.704	735.139	503.182	-191.267	-129.111	-61.1885	133.576	-16.6434	-164.973	737.465	619.778	502.974	16.7423	15	0	60.1832	84.1252	-36.5525	598.002	84.1252	-36.5525	598.002	
13101	24478	347.426	840.426	345.889	109.475	111.47	-0.801346	0	0	0	0	0	-304.253	-75.2155	133.048	-118.705	779.215	730.143	-304.253	-188.955	-74.2338	133.048	4.79084	-119.76	779.215	761.041	729.825	4.99479	6	0	65.8932	35.409	-97.794	-775.521	22.039	-9.00351	247.824	
13104	6545	150.971	370.866	150.051	98.749	90.501	-0.162377	1	1	0	0	0	-328.348	-200.273	134.106	111.915	-15.8354	-89.4888	-328.348	-266.273	-199.451	134.106	122.668	111.855	-15.8354	-57.006	-89.838	4.50995	6	0	57.2209	90.5109	37.1633	-48.8595	90.5109	37.1633	-48.8595	
13104	9425	201.513	478.946	199.639	-99999	51.254	-0.42294	1	1	1	1	1	-69.2762	-219.517	22.2706	-68.6484	-313.775	-408.695	-61.0265	-137.194	-212.637	22.3783	-23.0687	-69.358	-313.653	-361.433	-409.554	4.67967	11	0	43.4356	51.2812	-18.299	-373.994	51.2812	-18.299	-373.994	
13104	9380	428.923	915.74	415.877	-46.2521	-46.843	-0.640405	1	1	1	1	1	-136.58	-241.227	127.093	-121.428	-755.939	-440.783	-134.388	-190.002	-241.588	134.239	6.33288	-122.221	-764.692	-601.975	-439.567	4.82983	17	0	61.5887	-46.8085	-14.2423	-586.373	-46.8085	-14.2423	-586.373	
13104	12140	232.913	536.947	231.53	-99999	105.19	-0.971515	0	0	0	0	0	-102.246	-149.067	128.933	-89.8419	689.48	745.984	-69.089	-88.6365	-116.128	130.269	18.588	-89.8419	689.236	715.437	745.984	9.37067	6	0	78.9745	-999999	-999999	-999999	-999999	-999999	-999999	
13101	27721	373.202	1024.13	372.823	-99999	34.639	-0.279465	1	1	1	1	1	-127.721	-71.8094	130.462	30.2717	231.025	585.727	-116.874	-88.927	-60.9018	130.462	79.9723	30.2022	231.025	408.475	586.092	4.50694	9	0	39.3968	34.7082	27.5626	499.55	34.7082	27.5626	499.55	
13101	28212	558.435	1886.13	557.597	-99999	97.077	-0.397301	1	1	1	1	1	-224.609	-91.6192	133.147	-116.194	-875.039	-394.414	-194.246	-127.139	-61.088	133.189	8.26653	-116.474	-875.131	-634.643	-393.758	4.97248	9	0	43.8725	97.0998	-35.9184	-573.104	-19.8902	-22.4116	-596.009	
13101	25614	273.703	907.605	273.496	-99999	110.326	-0.985326	0	0	0	0	0	-162.631	-228.382	134.475	-130.009	864.799	842.541	-145.294	-177.818	-211.091	134.475	2.07038	-130.205	864.799	853.542	842.511	7.1415	8	0	205.75	62.8562	-18.8984	-751.487	33.5462	16.2608	337.061	
13101	27775	105.18	301.644	103.654	-99999	101.571	-0.609766	0	0	0	0	0	-277.723	-348.635	131.73	66.6255	554.687	593.077	-276.787	-312.927	-348.751	132.66	99.9465	66.6255	554.091	573.817	593.077	28.7798	10	0	77.6569	89.7375	-58.1405	-73.4221	69.1875	73.1744	816.222	
13101	24857	307.645	1217.49	306.928	-99999	-7.246	-0.81224	1	1	1	1	1	-62.2832	-228.239	81.6035	-164.576	272.793	347.615	-62.0114	-145.359	-228.264	82.016	-42.5376	-164.62	272.677	307.278	347.651	6.12468	17	0	443.094	-7.2257	-22.7372	305.423	-7.2257	-22.7372	305.423	
13101	26309	73.5659	188.485	73.4786	-99999	34.56	-0.973215	1	1	1	0	0	-306.488	-301.417	130.753	58.0556	533.194	532.856	-306.528	-305.07	-301.439	130.753	94.4333	57.9975	533.194	531.108	532.857	4.29623	7	0	67.1296	34.5742	31.0424	541.183	34.5742	31.0424	541.183	
13104	8128	220.593	1193.98	213.594	-99999	111.047	-0.84448	0	0	0	0	0	-195.361	-102.078	129.476	-53.7029	71.1592	128.924	-161.206	-112.96	-64.7591	130.608	36.2854	-58.7104	70.7831	101.45	129.446	10.2144	21	0	501.463	77.6428	-77.1073	673.089	77.6428	-77.1073	673.089	
13101	32744	185.671	489.58	184.344	-99999	24.926	-0.959949	1	1	1	1	1	-214.348	-254.124	125.552	-47.4384	562.685	608.641	-214.363	-233.248	-254.548	125.601	36.1977	-48.5715	562.679	578.522	609.067	5.93961	13	0	84.5768	24.9301	-13.6326	595.725	24.9301	-13.6326	595.725	
13101	30369	345.144	894	344.537	75.7214	76.581	-0.88192	1	1	1	1	1	-141.357	-283.779	132.54	-150.968	-672.337	-544.262	-141.238	-208.783	-283.937	132.861	-13.1011	-151.124	-672.461	-610.375	-544.185	4.37685	10	0	90.1782	76.6059	-26.3077	-599.409	76.6059	-26.3077	-599.409	
13104	14127	322.274	1206.19	310.109	-99999	31.094	-0.982422	1	1	1	1	1	-147.646	-198.796	133.176	-168.885	276.068	323.413	-137.907	-163.723	-191.243	133.213	-23.8789	-180.667	276.061	300.857	325.043	32.7444	15	0	232.363	31.1271	-39.6585	311.934	31.1271	-39.6585	311.934	
13101	33156	295.559	759.435	295.124	-99999	37.557	-0.56804	1	1	1	1	1	-144.558	-72.8345	130.196	-34.9034	443.157	677.022	-132.853	-96.6354	-61.0224	130.324	47.431	-35.0186	442.982	559.838	677.188	4.92202	7	0	48.1635	37.5945	-14.9895	611.706	37.5945	-14.9895	611.706	
13101	31170	342.204	1292.73	341.824	-99999	39.504	-0.707312	1	1	1	1	1	-210.466	-341.224	125.388	-105.392	-788.186	-572.624	-210.477	-275.634	-341.371	125.472	10.0991	-105.562	-788.26	-680.033	-572.456	67.4204	14	0	222.459	39.5337	-50.448	-621.359	39.5337	-50.448	-621.359	
13104	13889	66.2647	318.568	65.4782	-99999	95.076	-0.799717	1	0	0	0	0	-280.503	-236.768	133.06	90.9439	461.027	482.356	-266.038	-243.216	-221.902	133.589	111.073	90.8839	461.001	467.582	482.393	4.86314	13	0	212.768	95.0938	31.957	463.499	95.0938	31.957	463.499	
13101	39996	247.272	1429	246.707	81.4018	82.432	-0.768013	1	1	1	1	1	-289.109	-158.629	133.165	-50.6287	675.799	770.797	-289.384	-228.752	-158.629	133.596	38.914	-50.6287	675.574	726.844	770.797	4.61981	6	0	81.0478	82.3724	-36.406	710.453	82.3724	-36.406	710.453	
13101	1914	125.493	315.975	125.079	-99999	89.004	-0.528327	1	1	1	1	1	-197.48	-225.138	132.38	66.9024	252.788	149.88	-183.494	-197.119	-211.251	132.38	99.5347	66.6725	252.788	201.094	149.55	5.63768	15	0	74.9404	89.0446	-34.0125	-28.092	89.0446	-34.0125	-28.092	
13101	4314	95.0027	234.115	94.4267	-99999	59.041	-0.822515	1	1	1	0	0	-120.574	-166.21	130.473	48.4574	66.0558	73.61	-101.917	-126.929	-147.771	130.715	90.4944	48.1862	66.0327	69.3918	73.6352	5.7891	9	0	78.8619	59.0723	23.7769	60.8079	59.0723	23.7769	60.8079	
13101	4206	218.517	524.361	215.622	-33.648	-31.481	-0.749228	1	1	1	1	1	-308.495	-179.818	134.13	-37.1353	880.16	865.07	-308.495	-239.081	-178.604	134.13	50.3447	-39.7473	880.16	870.814	864.842	4.17845	9	0	71.8947	-31.4626	5.87229	805.296	-31.4626	5.87229	805.296	
13101	5229	255.929	568.595	236.141	-99999	52.611	-0.903981	1	1	1	1	1	-177.179	-218.341	132.277	-75.5587	-740.754	-844.952	-168.818	-190.708	-209.85	132.871	19.7351	-91.964	-740.492	-796.087	-854.679	11.0823	11	0	52.7386	52.641	-12.7151	-770.33	52.641	-12.7151	-770.33	
13101	5387	335.239	1599.49	335.175	-99999	32.163	-0.835194	1	1	1	1	1	-68.2809	-215.562	130.454	-154.447	856.599	759.39	-63.1977	-137.286	-210.508	130.504	-11.9256	-154.447	856.617	808.474	759.39	7.69608	14	0	233.578	32.1814	-9.58263	777.853	32.1814	-9.58263	777.853	
13104	1328	234.695	576.425	232.612	57.4554	56.059	-0.854438	1	1	1	1	1	-207.957	-238.386	130.27	-57.8106	-261.245	-129.928	-207.782	-222.574	-238.404	131.435	36.2951	-58.4196	-261.931	-195.049	-129.569	5.71951	15	0	69.2108	56.0924	-12.6292	-170.179	56.0924	-12.6292	-170.179	
13101	37973	234.734	577.681	234.146	-23.4737	-24.37	-0.592479	1	1	1	1	1	-243.538	-186.819	131.917	0.415942	392.987	208.39	-243.658	-217.274	-186.819	132.264	64.3977	0.415942	393.443	301.431	208.39	4.66117	14	0	73.4827	-24.328	4.01616	273.052	-24.328	4.01616	273.052	
13101	6833	172.956	442.353	172.409	-99999	17.587	-0.946162	1	1	1	1	1	-270.368	-320.705	131.526	-21.3418	595.473	655.344	-270.292	-296.083	-320.781	131.837	56.8749	-21.5418	595.441	629.432	655.408	6.5232	10	0	69.9477	17.6202	9.65985	641.498	17.6202	9.65985	641.498	
13101	9723	72.0833	233.059	67.5869	-99999	55.059	-0.530365	1	1	1	1	1	-229.738	-275.104	131.907	92.1608	442.358	472.804	-229.79	-254.094	-277.713	131.915	110.986	88.939	442.352	458.763	474.592	5.98174	13	0	96.7482	55.0861	10.7522	497.969	55.0861	10.7522	497.969	
13101	16624	224.582	584.94	222.824	-99999	79.264	-0.732794	0	0	0	0	0	-240.564	-326.236	131.78	-35.4868	-341.403	-224.122	-240.413	-288.697	-326.508	132.13	49.7963	-36.5204	-341.619	-282.932	-223.404	4.31951	18	0	69.8479	22.4171	50.0813	146.504	22.4171	50.0813	146.504	
13101	14333	366.522	924.512	364.768	38.5864	40.111	-0.726115	1	1	1	1	1	-149.402	-229.315	133.156	-131.624	-586.189	-352.874	-149.397	-192.274	-229.689	133.173	4.24438	-133.114	-586.205	-463.326	-352.108	6.4904	14	0	95.8647	40.1382	-13.6123	-461.163	40.1382	-13.6123	-461.163	
13101	12906	42.028	270.435	41.3876	-99999	52.92	-0.965058	1	1	0	0	0	-260.418	-258.988	132.322	103.427	665.298	681.446	-260.478	-263.67	-258.903	132.322	111.699	103.445	665.298	667.269	681.797	45.8797	28	0	190.698	52.9448	1.61168	824.223	52.9448	1.61168	824.223	
13101	14874	288.876	561.342	288.241	-99999	2.802	-0.970104	1	1	1	1	1	-311.551	-292.047	128.104	-146.896	457.308	534.138	-311.555	-307.253	-291.982	128.189	-7.63739	-147.391	457.286	503.238	534.288	6.42117	11	0	86.7349	2.81653	-32.8579	507.024	2.81653	-32.8579	507.024	
13104	15937	227.255	591.776	226.342	358.506	32.72	-0.978392	0	0	0	0	0	-229	-162.681	131.95	-81.0939	-274.99	-301.312	-229.147	-203.945	-162.616	132.677	22.128	-81.2397	-274.954	-280.958	-301.351	4.75305	11	0	79.5928	-999999	-999999	-999999	-999999	-999999	-999999	
13104	4428	201.648	507.708	201.49	-26.1947	-27.356	-0.984675	1	1	1	1	1	-198.586	-215.446	131.341	-67.661	-425.141	-400.435	-198.586	-208.02	-215.447	131.341	32.0053	-67.7997	-425.141	-410.988	-400.405	4.13853	12	0	83.8768	-27.3232	-15.0287	-402.772	-27.3232	-15.0287	-402.772	
13101	40060	315.416	1249.28	315.148	-99999	59.66	-0.85117	1	1	1	1	1	-227.12	-79.9372	132.373	-129.347	140.803	45.3005	-208.438	-134.958	-61.144	132.373	1.15649	-129.574	140.803	93.4038	45.2273	4.92921	10	0	65.7096	59.685	-43.6253	73.5012	59.685	-43.6253	73.5012	
13101	23486	63.5839	245.863	63.4717	-99999	-28.472	-0.942238	1	1	1	1	1	-347.522	-341.096	133.264	79.226	590.616	558.383	-347.489	-345.357	-341.063	133.264	105.95	79.226	590.616	574.542	558.383	17.9514	10	0	220.479	-28.4557	-30.4165	494.34	-28.4557	-30.4165	494.34	
13104	14760	284.685	774.63	281.188	26.7409	25.149	-0.92999	1	1	1	1	1	-287.699	-201.987	132.543	-123.22	-455.639	-383.383	-287.812	-245.505	-201.661	132.961	5.45659	-126.172	-455.748	-408.94	-384.015	9.76592	6	0	81.0317	25.1596	-16.0597	-402.654	25.1596	-16.0597	-402.654	
13101	18474	249.225	618.58	245.665	34.9048	35.178	-0.621247	1	1	1	1	1	-263.965	-171.964	133.279	-14.3409	-686.669	-514.802	-264.225	-215.722	-170.379	133.736	58.8303	-15.4794	-687.158	-600.254	-512.747	4.14982	8	0	69.1565	35.209	4.73536	-575.467	35.209	4.73536	-575.467	
13101	22554	48.2885	175.626	47.6302	-99999	-8.712	-0.925054	0	0	0	0	0	-227.115	-220.483	132.078	87.5308	481.202	495.971	-228.495	-226.593	-221.766	132.424	109.719	87.2901	481.066	488.949	496.072	9.88699	13	0	85.3571	-8.69093	28.6214	476.528	-8.69093	28.6214	476.528	
13101	23740	320.518	778.904	319.543	39.6874	38.906	-0.874946	1	1	1	1	1	-278.493	-177.576	132.511	-154.083	112.871	21.0327	-278.586	-214.108	-177.328	132.703	-7.70542	-154.736	112.922	70.8451	20.7817	6.92769	14	0	102.131	38.952	-23.621	63.2484	38.952	-23.621	63.2484	
13101	22817	145.227	351.473	144.109	-99999	-0.027	-0.937257	1	1	1	0	0	-346.324	-298.057	133.104	1.28361	372.037	402.67	-346.683	-321.715	-298.057	134.149	66.9879	1.28361	371.894	383.483	402.67	5.98111	11	0	78.2224	-0.0064645	30.7517	387.164	-0.0064645	30.7517	387.164	
13101	27382	348.515	822.953	347.852	105.804	105.51	-0.835337	0	0	0	0	0	-71.9525	-264.218	133.48	-154.049	376.138	386.775	-71.9525	-167.869	-264.519	133.48	-10.4671	-154.633	376.138	395.941	386.753	9.10013	6	0	86.4287	1.84924	-79.7743	689.578	1.84924	-79.7743	689.578	
13104	21194	102.373	321.521	98.6804	-99999	99.802	-0.465183	1	1	1	1	1	-246.956	-311.427	132.169	85.6241	-519.321	-460.891	-246.306	-279.806	-313.205	132.706	108.673	84.4044	-520.006	-489.674	-459.42	7.04637	11	0	84.3872	99.8319	41.8619	-437.032	99.8319	41.8619	-437.032	
13127	60142	232.577	549.331	231.962	-99999	76.867	-0.733156	1	1	1	1	1	-259.348	-300.238	133.524	-50.5611	-761.675	-634.466	-259.436	-290.335	-300.297	133.524	46.7697	-50.9911	-761.675	-690.743	-634.177	4.65257	14	0	69.9551	76.8879	-4.49813	-662.365	76.8879	-4.49813	-662.365	
13127	60348	173.714	3434.91	173.385	-99999	56.061	-0.878829	1	1	1	1	1	-267.359	-347.956	131.333	-22.0821	-253.167	-249.784	-267.323	-307.582	-348.074	131.518	54.5834	-22.183	-253.178	-251.21	-249.783	10.0728	6	0	119.899	56.0795	-21.8959	-208.614	56.0795	-21.8959	-208.614	
13127	10526	197.487	536.962	195.976	-99999	80.649	-0.811308	1	1	1	1	1	-292.755	-288.987	130.926	-22.7295	-406.751	-286.647	-292.848	-284.937	-289.121	130.931	52.9815	-23.956	-406.754	-347.057	-285.801	5.86019	14	0	158.515	80.6688	3.61531	-324.339	80.6688	3.61531	-324.339	
13127	61056	203.15	447.601	202.897	-99999	-5.777	-0.907457	1	1	1	1	0	-340.189	-316.434	133.486	-43.6246	-786.737	-691.385	-340.202	-328.042	-316.427	133.711	43.2901	-43.6246	-786.839	-742.265	-691.385	6.25706	13	0	103.384	-5.75591	16.8226	-730.079	-5.75591	16.8226	-730.079	
13127	62496	306.661	675.825	300.38	-99999	-34.607	-0.98721	1	1	1	1	1	-255.481	-289.561	132.585	-161.407	-442.008	-490.629	-255.441	-273.939	-289.768	132.585	-17.8087	-167.501	-442.008	-464.403	-492.083	4.23203	12	0	105.091	-34.5843	-37.4607	-466.801	-34.5843	-37.4607	-466.801	
13127	64465	124.269	325.175	121.948	-99999	-44.945	-0.844788	1	1	1	1	0	-216.515	-258.909	130.491	30.4196	-338.503	-291.977	-216.464	-228.205	-260.408	130.491	77.8719	28.7106	-338.503	-307.783	-291.972	7.97951	6	0	82.0074	-49.1034	-13.3534	-488.193	-37.9034	-0.226941	-271.152	
13127	60746	33.4182	113.459	32.8399	-99999	80.462	-0.631011	0	0	0	0	0	-234.178	-223.034	133.279	108.623	810.083	828.239	-221.688	-216.293	-210.385	133.463	121.873	108.385	809.867	820.497	828.36	4.48322	13	0	76.0386	67.0107	33.8062	-604.029	3.95069	-10.5736	619.058	
13127	7896	187.424	405.509	187.149	-1005.06	-15.84	-0.182256	0	0	0	0	0	-254.528	-165.783	128.921	96.9891	530.747	369.159	-254.528	-209.979	-165.668	128.921	111.959	96.9661	530.747	450.072	368.912	4.66732	17	0	61.9297	36.2481	-48.5168	101.797	36.2481	-48.5168	101.797	
13127	56893	184.737	429.867	183.108	-99999	71.181	-0.870628	1	1	1	1	1	-232.058	-197.398	126.474	-32.4179	184.844	101.419	-209.827	-189.898	-174.943	126.669	45.9215	-33.6396	184.937	144.912	100.755	5.52941	10	0	47.1252	71.2211	-5.2688	124.984	24.4211	17.065	116.303	
13127	55562	142.058	387.684	142.056	-99999	-9.235	-0.817935	1	1	1	1	1	-200.565	-121.556	133.539	15.8247	-208.409	-199.525	-203.456	-163.766	-124.448	133.539	74.799	15.8247	-208.409	-204.036	-199.525	4.44284	7	0	53.9667	-9.21396	-2.08189	84.8476	-9.21396	-2.08189	84.8476	
13127	62140	232.912	578.555	232.62	82.5356	83.526	-0.87502	1	1	1	1	1	-285.766	-188.539	132.501	-70.0246	259.633	202.25	-285.89	-234.622	-188.539	132.751	31.1695	-70.0246	259.681	235.149	202.25	6.44945	7	0	82.5443	83.5595	-7.47862	228.32	83.5595	-7.47862	228.32	
13127	64957	149.95	365.932	149.741	-99999	116.146	-0.964452	0	0	0	0	0	-320.667	-287.27	127.398	-15.6469	74.1798	102.32	-320.838	-306.824	-287.403	127.597	55.3216	-15.6469	74.1435	88.1888	102.32	8.00678	7	0	90.1818	32.0266	-23.4557	-33.6143	11.8266	-21.4925	158.002	
13127	60981	118.051	310.512	82.9205	-99999	72.784	-0.89117	1	1	1	1	1	-350.613	-346.815	51.9153	119.363	1.95485	44.4625	-345.885	-348.832	-350.71	133.367	84.9503	49.9271	55.6612	22.7742	0.846253	62.0549	27	0	310.512	72.8027	-37.8112	-27.8424	72.8027	-37.8112	-27.8424	
13127	64943	148.83	607.594	144.464	-99999	83.394	-0.966753	1	1	1	1	1	-201.013	-223.072	130.519	-10.9895	-293.448	-274.71	-187.523	-198.81	-210.249	132.954	60.1103	-12.7862	-293.973	-283.962	-274.475	13.176	10	0	220.58	83.4193	-24.0464	-270.178	83.4193	-24.0464	-270.178	
13127	63082	53.4085	165.83	52.6108	-99999	-27.285	-0.984918	1	0	0	0	0	-132.13	-148.241	133.664	84.8723	-738.649	-747.819	-140.675	-147.643	-157.204	133.664	108.136	84.2988	-738.649	-741.691	-748.126	7.05894	18	0	89.8632	-27.2786	38.0619	-745.591	-27.2786	38.0619	-745.591	
13129	3899	306.428	781.387	304.541	-0.999118	-2.03	-0.966663	1	1	1	1	1	-168.554	-231.511	130.593	-164.768	-376.77	-347.972	-168.108	-198.044	-231.511	132.405	-16.3797	-164.768	-376.948	-356.786	-347.972	5.87748	7	0	91.689	-0.696193	-85.0615	300.917	26.2638	-2.04596	-296.735	
13129	4379	274.58	719.842	274.515	-99999	100.054	-0.934055	1	1	1	1	1	-211.7	-328.921	132.406	-108.09	21.3573	75.8658	-211.814	-261.205	-329.072	132.406	7.906	-108.135	21.3573	50.9288	75.8821	5.31569	9	0	83.805	100.082	-26.6404	53.4277	100.082	-26.6404	53.4277	
13129	3818	207.16	578.864	206.302	91.7962	91.582	-0.794767	1	1	1	1	1	-186.65	-245.656	132.396	-19.0627	115.855	242.428	-186.546	-217.711	-245.723	132.834	55.7846	-19.2723	115.546	177.113	242.621	7.01431	13	0	127.884	91.6062	1.44887	205.51	91.6062	1.44887	205.51	
13129	4787	77.2243	382.615	74.4449	-99999	39.16	-0.745452	1	1	1	0	0	-124.138	-75.7388	133.202	76.6988	-184.315	-181.815	-112.326	-87.1944	-62.1399	133.702	104.411	75.0731	-184.314	-183.272	-181.734	96.3864	6	0	245.999	39.3726	22.9958	-249.039	39.3726	22.9958	-249.039	
13129	412	318.695	770.86	318.085	-26.4598	-28	-0.872342	1	1	1	1	1	-242.69	-75.6713	131.982	-137.664	607.749	590.874	-242.979	-158.346	-75.6713	132.512	-2.40105	-137.664	607.762	603.601	590.874	8.24872	7	0	125.85	-27.973	-55.596	602.013	-27.973	-55.596	602.013	
13129	2212	212.144	538.454	118.641	-99999	53.327	-0.704396	1	1	1	1	1	-158.701	-157.775	130.444	76.543	453.638	534.496	-142.006	-141.602	-141.636	130.567	82.592	54.819	453.527	511.888	526.408	8.87542	21	0	88.3891	53.3639	-27.9393	585.721	53.3639	-27.9393	585.721	
13129	2692	260.812	657.757	257.053	-36.3098	-35.902	-0.81409	1	1	1	1	1	-198.27	-249.958	131.323	-77.2309	-357.729	-217.62	-198.133	-218.877	-250.579	131.964	25.9036	-79.6793	-358.169	-285.309	-216.07	4.26383	16	0	79.8874	-35.8702	-23.5975	-256.118	-35.8702	-23.5975	-256.118	
13127	12702	386.949	953.933	385.769	-99999	-18.241	-0.638099	1	1	1	1	1	-183.691	-129.164	129.652	-66.7085	39.6545	364.062	-189.527	-167.077	-134.876	130.403	14.8623	-66.7085	38.7676	192.14	364.062	8.47106	7	0	79.5548	-18.1964	-17.3306	232.622	37.4536	-26.3991	185.589	
13127	42817	268.707	763.201	268.056	-99999	95.509	-0.954409	1	1	1	1	1	-190.543	-225.59	132.717	-125.076	871.957	807.477	-175.501	-192.736	-210.581	133.333	4.11888	-125.076	872.152	839.707	807.477	10.2803	12	0	64.7137	95.5364	-32.1435	773.633	95.5364	-32.1435	773.633	
13129	829	64.7524	193.071	64.4393	-99999	62.348	-0.744764	1	1	1	1	0	-195.218	-227.98	133.043	82.0779	834.227	852.156	-175.515	-195.089	-208.456	133.269	109.647	82.0779	834.129	844.466	852.156	8.07441	6	0	75.1887	62.386	5.30595	811.41	62.386	5.30595	811.41	
13129	4454	276.42	707.367	276.188	-99999	17.801	-0.969382	1	1	1	1	1	-302.028	-239.153	132.948	-131.5	143.481	183.851	-302.069	-261.384	-239.139	133.037	2.17906	-131.629	143.474	159.724	183.881	4.51197	12	0	118.217	17.82	-10.3371	165.792	17.82	-10.3371	165.792	
13129	3161	37.9978	120.007	37.6354	-99999	23.506	-0.701737	0	0	0	0	0	-88.3979	-114.671	133.87	108.221	-558.626	-550.863	-80.8544	-93.7877	-107.369	134.064	121.08	108.16	-558.69	-553.694	-550.857	4.74058	6	0	74.9663	23.5398	62.4862	-566.598	23.5398	62.4862	-566.598	
13129	3856	70.0969	196.477	69.3067	-99999	-13.67	-0.929068	1	1	0	0	0	-330.066	-310.727	133.44	76.5324	-53.4674	-20.7255	-330.133	-320.62	-310.574	133.773	102.453	76.191	-53.5614	-41.2391	-20.5351	5.27146	14	0	84.9316	-13.6496	55.3617	-24.3996	-13.6496	55.3617	-24.3996	
13127	13423	249.911	500.248	220.838	-99999	8.782	-0.438814	1	1	1	1	1	-62.5986	-223.638	-132.471	-35.6162	-30.7584	84.8753	-244.652	-154.306	-62.514	-23.1148	-77.3381	-132.524	100.364	33.4447	-30.8197	4.34728	446	0	500.248	8.79552	-57.0087	51.6307	8.79552	-57.0087	51.6307	
13129	2320	201.223	503.813	200.885	-99999	45.545	-0.956735	1	1	1	1	1	-114.384	-174.821	133.638	-56.562	-19.3252	-8.27498	-100.122	-133.157	-160.613	133.638	39.1447	-56.8904	-19.3252	-10.5014	-8.26909	4.49787	8	0	82.9641	45.5668	2.03385	-12.9513	45.5668	2.03385	-12.9513	
13129	4203	177.977	638.466	177.971	50.7154	51.268	-0.806643	1	1	1	1	1	-194.119	-286.218	131.975	13.793	-648.986	-553.996	-194.119	-237.683	-286.218	131.975	70.6547	13.793	-648.986	-601.818	-553.996	7.00499	11	0	85.9939	51.3059	12.4417	-582.305	51.3059	12.4417	-582.305	
13129	3983	84.4822	178.181	83.1467	-99999	72.727	-0.467918	1	1	1	1	1	-226.587	-283.744	128.706	87.5685	-421.403	-377.207	-226.124	-255.283	-284.206	129.073	108.27	87.3004	-421.84	-399.459	-376.92	5.14209	11	0	50.5352	72.7109	29.0758	-335.251	72.7109	29.0758	-335.251	
13129	5063	457.785	1075.35	455.292	40.4393	39.241	-0.482103	1	1	1	1	1	-196.326	-239.336	132.889	-71.7341	116.153	517.74	-196.326	-224.632	-239.328	132.98	37.0907	-71.7514	115.988	321.664	517.771	6.11874	14	0	82.0396	39.2948	-12.2575	357.943	39.2948	-12.2575	357.943	
13127	17515	251.274	585.445	250.947	-99999	50.7	-0.978764	1	1	1	1	1	-139.274	-162.144	132.12	-111.451	-298.668	-345.847	-123.401	-128.54	-146.267	132.402	9.35022	-111.451	-298.608	-323.071	-345.847	4.44841	11	0	83.7645	50.7287	-23.0213	-330.035	50.7287	-23.0213	-330.035	
13129	3742	105.796	240.235	104.872	-99999	43.833	-0.922567	1	1	1	1	0	-98.3418	-75.036	132.662	33.419	-284.078	-259.549	-84.7255	-72.83	-61.2108	133.11	83.2424	33.0058	-284.244	-271.26	-259.47	8.44302	6	0	55.0125	43.8482	6.77682	-253.553	43.8482	6.77682	-253.553	
13129	5662	132.954	352.768	132.76	28.8113	28.105	-0.92868	1	1	1	1	1	-195.603	-231.635	130.765	17.3884	595.979	643.677	-195.55	-215.615	-231.635	130.929	70.1906	17.3884	595.943	613.791	643.677	7.1761	9	0	86.9734	28.1411	8.01394	627.357	28.1411	8.01394	627.357	
13129	471	328.842	823.636	328.146	-99999	45.392	-0.8895	1	1	1	1	1	-213.985	-75.7651	132.524	-165.061	269.026	270.85	-200.059	-130.882	-61.523	133.078	-16.0546	-165.122	269.05	271.009	270.851	4.20955	7	0	44.299	45.4251	-38.8182	260.766	45.4251	-38.8182	260.766	
13129	831	310.99	698.291	309.876	63.5981	69.385	-0.641064	1	1	1	1	1	-62.6404	-274.977	95.1586	-124.333	-333.291	-290.976	-61.8157	-173.728	-274.977	95.8559	-9.00777	-124.333	-333.471	-308.591	-290.976	5.33312	8	0	79.0529	69.424	-9.69303	-314.61	69.424	-9.69303	-314.61	
13129	4987	241.851	571.747	239.975	-99999	22.741	-0.912383	1	1	1	1	1	-95.6445	-182.83	132.591	-87.517	-334.348	-297.411	-88.0901	-133.689	-175.843	133.73	23.3577	-88.1273	-334.616	-316.098	-297.369	5.21381	7	0	87.0021	22.7736	-8.50273	-317.403	22.7736	-8.50273	-317.403	
13129	4013	335.33	800.923	334.109	102.443	102.878	-0.843589	0	0	0	0	0	-70.6201	-245.503	133.239	-135.388	-329.77	-238.783	-70.0441	-153.738	-245.504	134.258	-4.64596	-135.389	-330.068	-287.715	-238.783	5.6278	12	0	82.9028	-999999	-999999	-999999	-999999	-999999	-999999	
13129	5660	375.247	862.536	375.239	20.3422	18.989	-0.635272	1	1	1	1	1	-195.412	-268.341	130.322	-69.5182	699.482	395.528	-195.412	-219.068	-268.341	130.322	13.4028	-69.5182	699.482	554.852	395.528	6.35333	9	0	66.4086	16.5246	-12.1103	407.429	16.5246	-12.1103	407.429	
13129	3204	268.892	1820.23	268.888	-99999	-42.099	-0.849025	1	1	1	1	1	-243.718	-308.445	131.854	-97.2903	591.236	715.985	-243.67	-275.905	-308.397	131.854	17.6321	-97.2903	591.236	654.391	715.985	10.655	14	0	1146.83	-42.0706	-61.4695	710.041	-42.0706	-61.4695	710.041	
13129	3713	304.052	707.927	301.692	-99999	-5.949	-0.8272	1	1	1	1	1	-319.569	-138.113	133.146	-103.264	814.835	837.03	-320.119	-231.446	-137.621	133.991	13.19	-104.5	814.7	840.031	837.031	4.01551	9	0	87.8848	-5.91602	-9.21848	793.347	-5.91602	-9.21848	793.347	
13127	46521	274.15	648.253	273.061	-99999	67.951	-0.899945	1	1	1	1	1	-353.523	-298.763	133.365	-105.698	431.873	550.572	-353.852	-321.64	-298.841	134.344	12.969	-105.698	431.473	486.174	550.572	5.67147	15	0	82.4281	69.7409	-24.7662	620.437	-37.9591	33.5115	616.625	
13129	6040	345.225	858.059	340.279	-99999	11.373	-0.739925	1	1	1	1	1	-65.0648	-168.892	75.8838	-170.134	670.159	880.955	-61.2113	-114.138	-166.38	76.5886	-48.808	-172.734	669.59	775.744	883.796	4.56975	12	0	66.1805	11.3888	-6.64661	722.004	11.3888	-6.64661	722.004	
13129	8043	208.805	768.158	208.727	-99999	57.077	-0.466651	0	0	0	0	0	-214.221	-286.519	133.403	27.6878	612.196	776.972	-214.253	-250.609	-286.584	133.438	80.6943	27.6878	612.135	694.559	776.972	5.16788	14	0	113.144	63.5042	-40.0442	-579.808	63.5042	-40.0442	-579.808	
13127	52258	34.5272	269.229	31.447	-99999	-10.807	-0.660331	1	1	1	1	1	-222.338	-221.208	125.404	95.6578	754.351	753.928	-224.05	-223.443	-222.925	126.528	111.194	94.7247	755.628	751.555	754.267	7.22086	12	0	112.52	-10.7833	-24.8966	714.877	-10.7833	-24.8966	714.877	
13129	6988	93.9059	259.486	92.6669	-99999	59.726	-0.793091	1	0	0	0	0	-344.903	-308.316	133.154	55.3061	794.089	827.049	-345.027	-324.028	-308.369	133.261	95.9297	54.3138	794.029	813.113	827.525	15.6939	6	0	78.8156	59.7444	51.947	774.162	59.7444	51.947	774.162	
13127	48874	70.3062	406.896	56.506	95.1017	94.43	-0.740054	1	1	1	1	1	-218.661	-222.756	126.373	97.0227	789.997	830.016	-201.278	-204.845	-208.025	130.633	108.577	97.0227	782.589	804.599	830.016	5.19561	10	0	161.642	94.4708	12.1966	785.708	94.4708	12.1966	785.708	
13129	1134	639.141	1483.91	638.354	-99999	96.4	-0.100233	1	1	1	1	1	-358.697	-302.283	134.82	-167.589	-869.999	-319.274	-358.807	-309.081	-302.619	134.82	-16.9123	-168.011	-869.999	-594.52	-318.887	4.74051	18	0	111.185	96.4331	0.0615624	-617.182	96.4331	0.0615624	-617.182	
13127	13809	128.25	351.778	126.59	53.4085	50.743	-0.95726	1	1	1	1	1	-221.034	-187.448	131.762	12.3982	-403.604	-427.679	-221.194	-202.965	-187.159	132.366	71.9887	11.4213	-403.519	-414.474	-427.725	19.0989	8	0	106.243	50.7757	4.47178	-419.537	50.7757	4.47178	-419.537	
13127	15548	308.113	762.44	307.911	-31.761	-31.785	-0.920196	1	1	1	1	1	-167.279	-259.717	131.296	-150.175	-814.213	-732.431	-167.214	-214.94	-259.717	131.478	-9.84756	-150.175	-814.247	-776.548	-732.431	6.25818	10	0	84.021	-31.7501	-19.98	-746.767	-31.7501	-19.98	-746.767	
13129	666	110.935	290.023	108.601	-99999	-40.599	-0.870014	1	1	0	0	0	-248.911	-219.585	132.197	45.4555	426.978	483.94	-249.592	-233.998	-219.538	134.229	87.0947	45.4555	426.101	450.792	483.94	4.9887	19	0	85.4445	-40.5666	13.042	456.815	-40.5666	13.042	456.815	
13129	2260	338.242	861.801	337.259	80.6667	79.712	-0.733497	1	1	1	1	1	-165.017	-288.179	129.715	-116.721	636.163	825.703	-164.69	-215.197	-288.179	130.433	2.76011	-116.721	635.586	734.163	825.703	4.60949	10	0	75.3009	79.755	-24.5734	726.973	79.755	-24.5734	726.973	
13129	3220	308.603	707.454	307.952	-99999	71.652	-0.794686	1	1	1	1	1	-319.659	-241.42	132.905	-111.326	-124.477	44.2484	-319.849	-277.482	-241.426	133.26	13.445	-111.473	-124.714	-37.4251	44.3718	4.24884	14	0	74.1466	71.6847	-11.8116	-25.983	71.6847	-11.8116	-25.983	
13129	1182	412.825	1050.06	409.787	63.5853	63.222	-0.625338	1	1	1	1	1	-162.679	-236.367	131.608	-148.936	-759.507	-472.173	-162.581	-213.609	-236.576	131.801	-5.62461	-150.75	-759.732	-614.57	-470.157	7.67846	16	0	97.293	65.2392	-30.2317	602.067	32.1192	-29.0051	300.708	
13129	1918	278.233	709.967	277.496	-99999	43.886	-0.471824	1	1	1	1	1	-68.1483	-217.436	-8.6272	-152.887	-527.417	-711.509	-60.8073	-136.419	-210.539	-8.28535	-80.0773	-152.887	-526.941	-619.02	-711.509	9.19384	11	0	48.7223	43.9271	-39.6951	-113.388	-41.7029	-25.5966	-455.89	
13127	48646	276.726	633.672	276.721	-99999	32.162	-0.933385	1	1	1	1	1	-316.767	-215.581	133.122	-110.806	-27.8428	41.1923	-316.804	-265.338	-215.617	133.122	5.59482	-110.806	-27.8428	-12.709	41.1923	4.1381	13	0	59.3338	32.18	-6.81635	-2.10375	32.18	-6.81635	-2.10375	
13129	2073	140.68	435.164	140.463	-99999	-5.983	-0.661528	1	1	1	1	1	-144.753	-250.575	132.917	45.3718	-606.897	-578.009	-144.599	-197.346	-250.575	133.058	88.8262	45.3718	-606.939	-592.521	-578.009	16.8885	9	0	121.037	-5.96128	-7.09731	-570.286	-5.96128	-7.09731	-570.286	
13129	1726	366.545	2406.65	365.645	84.4805	85.583	-0.772355	1	1	1	1	1	-109.605	-262.895	133.334	-143.562	-583.594	-403.51	-109.552	-189.104	-263.334	133.428	-7.08911	-144.112	-583.651	-497.021	-403.189	4.37239	11	0	88.734	85.6097	-17.5271	-491.309	85.6097	-17.5271	-491.309	
13127	3141	587.939	1495.37	587.204	-449.697	7.747	-0.620697	0	0	0	0	0	-181.643	-223.978	133.445	-157.912	498.795	-7.09718	-181.639	-202.125	-224.076	133.48	-18.0595	-157.921	498.838	247.957	-7.73826	4.76646	22	0	117.267	82.2899	-19.5814	65.5359	82.2899	-19.5814	65.5359	
13129	5671	293.534	681.296	292.374	45.9941	45.783	-0.836719	1	1	1	1	1	-255.42	-105.159	132.532	-113.755	-517.367	-545.315	-255.856	-177.969	-105.02	133.212	9.09733	-114.056	-517.36	-517.881	-545.423	4.01931	11	0	95.0258	45.8212	-41.7499	-529.706	45.8212	-41.7499	-529.706	
13129	5316	320.37	735.055	319.149	-99999	22.991	-0.958517	1	1	1	1	1	-349.957	-250.153	133.48	-165.926	234.362	255.263	-350.106	-298.074	-250.177	133.911	-17.5095	-166.449	234.365	237.014	255.318	24.6271	6	0	60.3682	23.0048	-4.39782	238.369	23.0048	-4.39782	238.369	
13129	4206	140.919	328.564	133.072	-99999	77.306	-0.948594	1	1	1	1	1	-266.235	-216.449	132.517	9.72372	-453.81	-446.485	-266.323	-240.633	-212.928	132.517	67.1088	3.30654	-453.81	-449.943	-448.995	4.24046	7	0	79.7266	77.3227	5.00868	-441.835	77.3227	5.00868	-441.835	
13129	285	130.095	376.332	129.144	-99999	-43.664	-0.892442	1	1	1	1	1	-236.242	-217.084	133.107	19.5782	-400.198	-343.695	-236.192	-230.024	-216.762	133.107	75.5863	18.7164	-400.198	-370.553	-343.409	5.12327	15	0	114.362	-43.6384	9.10715	-354.546	-43.6384	9.10715	-354.546	
13129	4955	106.542	293.357	105.923	-99999	-12.18	-0.96675	1	0	0	0	0	-302.729	-296.713	133.012	48.1012	765.739	823.222	-302.757	-295.333	-296.699	133.561	86.0652	48.1012	765.624	788.15	823.222	6.63664	13	0	80.7972	-12.1518	41.8266	789.536	-12.1518	41.8266	789.536	
13127	57309	144.403	636.37	144.385	-99999	-9.589	-0.458452	1	1	1	1	1	-211.382	-291.488	128.883	57.2809	-64.8344	31.561	-211.371	-251.35	-291.486	128.883	93.5008	57.2729	-64.8344	-16.2383	31.572	6.87017	12	0	295.453	-9.54705	15.8922	64.2932	-9.54705	15.8922	64.2932	
13127	12963	38.2166	125.78	38.0223	-99999	12.112	-0.905212	0	0	0	0	0	-135.607	-155.715	134.131	101.972	-342.872	-342.621	-131.814	-142.147	-152.006	134.131	118.172	101.838	-342.872	-342.729	-342.608	5.77328	7	0	80.5713	12.1465	38.1452	-352.256	12.1465	38.1452	-352.256	
13127	14163	157.677	391.347	156.666	-99999	96.245	-0.958195	1	1	1	1	0	-130.451	-91.1122	129.058	-22.133	500.349	511.919	-100.524	-80.9586	-60.9486	129.929	53.8099	-22.225	500.178	506.164	511.928	5.10863	6	0	50.5864	96.2746	-12.2117	511.444	96.2746	-12.2117	511.444	
13129	3650	139.275	384.136	138.321	-99999	4.382	-0.974947	1	1	1	1	1	-258.784	-241.424	130.044	-6.78104	-170.222	-174.832	-258.819	-251.601	-241.386	130.373	61.326	-7.38642	-170.29	-171.531	-174.882	4.66523	9	0	84.1015	4.42367	6.43431	-171.549	4.42367	6.43431	-171.549	
13129	4850	75.6124	243.877	73.8503	-99999	57.337	-0.910694	1	1	1	1	1	-215.906	-219.791	128.672	66.9238	598.982	562.436	-206.738	-208.865	-210.781	130.267	95.6824	66.9238	599.689	584.61	562.436	4.43507	10	0	66.3566	57.3704	-27.503	533.702	57.3704	-27.503	533.702	
13129	314	145.549	1098.2	144.673	31.4814	30.691	-0.788344	1	1	1	1	1	-290.566	-203.147	133.057	26.1247	384.799	349.692	-291.005	-250.664	-203.147	133.738	76.0617	26.1247	385.088	366.94	349.692	7.41742	7	0	796.72	26.437	-15.955	465.902	26.437	-15.955	465.902	
13129	2499	25.7601	78.4816	23.5103	-99999	59.211	-0.722614	0	0	0	0	0	-95.8069	-79.7418	133.446	116.551	-829.693	-826.751	-77.6374	-68.9005	-59.8883	133.855	124.541	115.509	-829.737	-828.09	-826.547	8.62524	13	0	69.5999	65.8729	-14.12	-375.021	-40.7671	-44.964	-562.264	
13129	9334	328.148	1579.72	327.032	-99999	3.167	-0.853936	1	1	1	1	1	-161.628	-279.778	132.821	-133.662	-762.858	-616.464	-161.628	-223.058	-279.88	132.821	-0.357302	-134.658	-762.858	-689.654	-615.983	5.4045	12	0	75.9069	3.18671	-28.7053	-662.932	3.18671	-28.7053	-662.932	
13129	9273	326.273	727.84	324.961	-29.0371	-29.463	-0.891942	1	1	1	1	1	-329.33	-189.015	132.824	-158.596	-860.66	-865.823	-329.74	-255.315	-188.774	133.651	-11.3064	-158.885	-860.565	-865.112	-865.864	4.12231	6	0	76.3108	-29.4338	-7.26322	-803.259	-29.4338	-7.26322	-803.259	
13129	10593	103.306	237.148	102.787	-99999	38.46	-0.529364	1	1	1	0	0	-257.109	-334.602	132.758	74.0802	271.576	304.874	-257.153	-295.853	-335.05	132.758	103.035	73.8034	271.576	288.45	305.042	4.50309	10	0	43.6106	38.4882	30.296	312.99	38.4882	30.296	312.99	
13129	6072	223.379	638.261	222.26	-99999	58.457	-0.831156	1	1	1	1	1	-229.779	-264.706	131.803	-52.0724	63.3786	181.853	-229.693	-241.217	-264.773	132.726	39.1477	-52.0724	62.7769	122.484	181.853	15.7028	11	0	87.5876	58.4811	-5.95686	145.223	58.4811	-5.95686	145.223	
13129	8712	224.104	622.609	221.158	-99999	-33.164	-0.959239	1	1	1	1	1	-189.174	-145.89	129.634	-72.4241	-355.46	-282.089	-199.615	-187.746	-155.257	130.192	24.4486	-74.5312	-355.619	-320.899	-281.853	4.84347	6	0	76.7233	-25.2771	-17.1282	-675.901	71.9929	1.07175	-250.131	
13129	9310	78.9325	243.157	78.275	-99999	76.212	-0.848533	1	1	1	1	0	-127.002	-85.3221	129.718	63.7226	559.159	564.846	-103.475	-82.4842	-61.4568	130.277	96.9913	63.7226	559.105	562.098	564.846	8.06427	7	0	51.3525	76.246	62.7729	568.418	76.246	62.7729	568.418	
13129	7930	127.81	359.856	126.557	-99999	9.343	-0.81769	0	0	0	0	0	-238.608	-319.256	132.439	37.003	590.985	608.625	-238.325	-276.692	-319.637	132.872	82.3902	36.4105	590.899	598.489	608.789	6.53816	10	0	86.8048	6.03346	-48.7812	279.397	6.03346	-48.7812	279.397	
13129	11530	197.478	380.639	195.469	-99999	99.323	-0.948041	1	1	1	1	1	-241.507	-230.54	130.311	-28.1901	386.305	493.963	-241.746	-233.732	-230.654	131.858	45.7842	-28.1901	385.824	432.874	493.963	5.52364	16	0	83.5309	99.337	-8.4281	443.884	99.337	-8.4281	443.884	
13129	11291	288.408	676.169	285.762	59.8222	59.977	-0.690219	1	1	1	1	1	-266.108	-73.0528	132.914	-71.5137	673.048	709.069	-266.367	-160.866	-71.9279	133.168	37.3819	-73.4886	673.017	694.546	709.081	4.16324	6	0	66.8986	60.007	-42.3197	691.602	60.007	-42.3197	691.602	
13129	10172	238.456	619.53	237.485	-99999	104.563	-0.687756	0	0	0	0	0	-236.35	-94.1836	132.177	-11.2268	-273.167	-391.06	-204.168	-130.395	-61.4403	132.842	57.3866	-11.2268	-272.78	-328.232	-391.06	9.45793	7	0	77.8387	-999999	-999999	-999999	-999999	-999999	-999999	
13127	54603	236.305	607.299	235.527	72.8794	72.679	-0.97524	1	1	1	1	1	-179.161	-225.445	131.493	-96.2233	63.0217	96.7358	-179.046	-199.039	-225.445	132.249	17.4523	-96.2233	62.909	82.0641	96.7358	4.38149	10	0	69.6601	72.716	-13.702	78.8837	72.716	-13.702	78.8837	
13127	57123	288.447	684.808	287.52	52.8302	52.295	-0.868058	1	1	1	1	1	-168.485	-303.152	133.05	-117.659	-656.741	-621.231	-168.485	-241.18	-303.548	133.05	10.509	-118.484	-656.741	-634.934	-621.144	4.39355	9	0	79.9672	52.3043	-32.7564	-623.952	52.3043	-32.7564	-623.952	
13127	58203	254.539	643.035	253.564	-99999	114.618	-0.909292	0	0	0	0	0	-220.777	-319.713	132.585	-76.7357	340.053	436.759	-220.744	-265.072	-320.069	133.021	19.894	-77.0069	339.935	376.716	437.089	10.4915	11	0	83.6136	41.1309	46.2278	56.6388	-1.02908	70.9345	178.074	
13127	60003	306.831	1079.68	306.682	-99999	-21.465	-0.734913	1	1	1	1	1	-211.624	-347.628	129.325	-99.8669	169.782	321.486	-211.599	-279.68	-347.675	129.325	14.8449	-99.9734	169.782	245.88	321.559	5.24921	13	0	133.635	-21.4358	-55.2576	301.814	-21.4358	-55.2576	301.814	
13129	7243	153.17	391.462	149.962	-99999	59.002	-0.886105	1	1	1	1	0	-176.63	-98.2192	130.125	5.39244	791.393	818.138	-158.324	-120.182	-78.0667	130.454	65.3194	3.19856	791.367	803.733	818.768	4.17878	9	0	85.231	59.0324	-7.60938	808.958	59.0324	-7.60938	808.958	
13129	9344	259.445	1432.55	250.047	-49.2972	-31.75	-0.528874	1	1	1	1	1	-65.3485	-259.007	12.5417	-131.759	-748.105	-685.119	-64.3547	-166.326	-264.788	13.2152	-60.1131	-137.09	-748.544	-716.201	-683.169	5.52971	8	0	111.323	-31.7274	-55.0651	-672.567	-31.7274	-55.0651	-672.567	
13129	8953	140.613	482.628	140.334	97.6751	97.891	-0.808479	1	1	1	1	1	-269.397	-177.325	132.804	29.0162	-631.443	-637.08	-269.552	-224.861	-177.325	133.026	79.1136	29.0162	-631.476	-627.665	-637.08	10.668	11	0	179.85	97.9141	18.9343	-627.448	97.9141	18.9343	-627.448	
13127	55564	185.591	8090	185.241	36.5582	36.474	-0.782524	1	1	1	1	1	-239.348	-159.62	132.935	-4.14547	-729.373	-821.67	-239.455	-204.348	-159.62	133.207	59.7095	-4.14547	-729.19	-773.534	-821.67	5.50933	11	0	78.5358	36.501	9.31393	-742.143	36.501	9.31393	-742.143	
13129	11912	39.6849	117.996	39.2937	-99999	-14.038	-0.788063	1	1	1	1	1	-356.206	-329.694	-47.8651	-76.7488	-295.145	-295.025	-356.19	-342.855	-329.494	-47.8651	-62.5119	-77.0737	-295.145	-294.708	-294.985	6.5906	9	0	70.6927	-14.0316	30.6747	-556.985	-27.3816	-84.3641	-270.942	
13129	10280	68.1624	205.948	67.627	-99999	32.958	-0.973207	1	1	0	0	0	-228.642	-245.158	130.615	66.0531	-631.532	-621.55	-228.659	-235.684	-245.386	130.725	97.7849	65.6819	-631.548	-626.394	-621.494	6.53867	9	0	79.582	32.9616	25.7559	-616.815	32.9616	25.7559	-616.815	
13127	12659	85.7434	380.002	70.4666	-99999	53.012	-0.638401	1	1	1	1	1	-227.34	-281.393	130.981	86.0225	-451.163	-447.088	-226.353	-259.276	-292.044	131.859	104.589	77.0535	-451.286	-448.098	-446.756	24.293	11	0	258.077	53.0333	21.7678	-432.234	53.0333	21.7678	-432.234	
13127	13979	135.083	339.218	134.166	-99999	86.973	-0.93405	1	1	1	1	1	-216.179	-224.557	132.998	9.17056	34.6677	82.8467	-216.278	-219.835	-224.712	132.998	71.1824	8.28024	34.6677	60.7136	82.9549	7.01341	7	0	100.491	86.9951	8.88344	66.7278	86.9951	8.88344	66.7278	
13127	17819	216.315	613.206	214.928	-99999	30.437	-0.985233	1	1	1	1	1	-170.485	-215.649	132.422	-77.693	-26.1954	-26.169	-165.533	-188.293	-210.927	133.465	27.7397	-78.0154	-26.162	-26.613	-26.1766	4.94716	8	0	55.3185	30.4746	-28.1858	-30.9577	30.4746	-28.1858	-30.9577	
13129	7151	111.007	307.898	110.17	-99999	29.262	-0.919871	1	1	1	0	0	-256.091	-235.644	129.551	22.1062	-547.659	-539.009	-256.125	-246.795	-235.462	129.551	75.5784	21.3012	-547.659	-540.505	-539.036	9.02836	7	0	90.2664	29.2806	14.6724	-541.673	29.2806	14.6724	-541.673	
13129	8464	255.144	580.591	254.676	-99999	89.131	-0.913532	1	1	1	1	1	-230.735	-239.765	133.527	-106.051	-50.0823	20.4528	-230.837	-249.431	-239.851	133.527	14.9506	-106.092	-50.0823	-7.00919	20.4586	6.59307	8	0	77.1798	89.1613	-17.4711	-2.98389	89.1613	-17.4711	-2.98389	
13127	3770	239.974	594.355	239.079	-99999	1.357	-0.449817	1	1	1	1	1	-203.5	-241.267	128.382	10.8124	-847.249	-643.485	-203.437	-217.814	-241.267	128.777	65.1616	10.8124	-848.046	-747.567	-643.485	5.27823	16	0	80.3413	1.38352	8.03026	-692.337	1.38352	8.03026	-692.337	
13127	18028	62.7588	345.072	61.6511	-99999	-45.976	-0.866954	1	1	1	0	0	-297.118	-267.328	133.322	82.1854	61.435	78.1868	-297.49	-283.494	-267.275	134.285	107.866	82.1854	61.0962	70.5732	78.1868	9.65276	9	0	159.452	-41.0525	-25.5573	447.021	46.2375	-18.044	-305.656	
13129	7516	262.435	650.32	262.42	-30.4424	-32.364	-0.963845	1	1	1	1	1	-250.766	-195.812	132.825	-121.931	429.26	424.27	-250.766	-215.194	-195.812	132.825	7.04073	-121.931	429.26	420.269	424.27	10.1738	6	0	114.765	-22.416	-14.8113	-157.4	-22.416	-14.8113	-157.4	
13129	10276	194.808	513.114	194.805	113.549	113.399	-0.571405	0	0	0	0	0	-235.674	-144.967	130.892	23.4903	553.277	419.466	-235.674	-189.627	-144.967	130.892	73.4302	23.4903	553.277	489.537	419.466	7.59819	16	0	86.1988	-999999	-999999	-999999	-999999	-999999	-999999	
13129	9591	227.794	453.161	195.269	-99999	26.053	-0.311057	1	1	1	1	1	-357.823	-237.482	18.3697	-41.0557	659.266	801.093	-358.307	-287.994	-218.004	18.5973	-15.9738	-50.7384	658.742	741.403	824.259	4.53189	12	0	46.4528	26.0602	-6.72739	713.665	26.0602	-6.72739	713.665	
13129	10176	24.3046	106.289	22.8224	-99999	38.312	-0.886219	0	0	0	0	0	-249.494	-239.267	132.624	112.713	-241.693	-237.29	-250.106	-244.533	-239.241	133.791	123.215	112.562	-241.888	-239.726	-237.257	6.46542	10	0	94.7495	38.3484	35.162	-224.98	38.3484	35.162	-224.98	
13127	186	248.391	595.554	246.224	114.933	114.754	-0.863813	0	0	0	0	0	-334.85	-203.847	132.748	-73.1022	335.844	306.869	-335.111	-268.535	-203.4	133.223	29.5324	-74.6542	335.912	321.138	306.845	5.42982	11	0	78.2289	0.685535	-56.9662	773.608	0.685535	-56.9662	773.608	
13129	9057	390.697	922.449	389.666	-99999	20.034	-0.641714	1	1	1	1	1	-164.246	-87.1343	93.0302	-140.377	-894.785	-596.275	-158.139	-125.978	-80.8607	93.6889	-29.6337	-140.377	-895.548	-747.798	-596.275	4.17865	6	0	68.1515	20.0517	-53.7864	-691.608	20.0517	-53.7864	-691.608	
13127	18269	196.206	493.524	195.297	-99999	-46.532	-0.844662	1	1	1	1	1	-72.1549	-158.634	129.785	-39.9864	472.217	513.509	-86.4874	-132.114	-173.374	130.195	46.4051	-40.3686	472.11	494.763	513.546	5.05201	6	0	78.0726	-46.5047	2.36243	493.592	-46.5047	2.36243	493.592	
13127	23909	226.994	550.687	225.942	-17.4253	-17.412	-0.704954	1	1	1	1	1	-172.65	-242.099	132.532	-29.1414	540.969	681.345	-172.579	-214.624	-242.304	132.664	51.9709	-29.8342	540.859	608.523	681.815	6.69313	14	0	72.287	-17.377	-4.32022	629.087	-17.377	-4.32022	629.087	
13129	7218	152.776	439.754	151.217	-99999	34.83	-0.666414	0	0	0	0	0	-256.972	-239.138	133.088	36.6156	-303.373	-188.801	-257.089	-249.497	-239.156	133.866	86.3808	36.383	-304.233	-244.971	-188.498	7.67473	12	0	120.923	30.8525	1.68459	-261.508	30.8525	1.68459	-261.508	
13127	21881	217.475	1138.38	215.13	-99999	112.426	-0.841277	0	0	0	0	0	-167.739	-235.539	132.793	-24.2398	283.334	398.98	-132.349	-173.993	-200.673	133.366	44.8689	-24.0745	283.02	330.448	399.528	4.65796	17	0	26.9443	91.8178	-23.8519	-801.78	11.9778	-127.907	621.501	
13127	22001	85.6462	258.615	84.6382	-99999	-26.792	-0.982078	1	1	1	0	0	-221.961	-235.282	133.052	50.4858	-526.556	-520.75	-221.93	-227.376	-235.403	133.052	90.7017	49.498	-526.556	-528.411	-520.688	6.53355	8	0	86.6986	-26.7789	18.9382	-526.429	-26.7789	18.9382	-526.429	
13129	10926	184.427	451.682	181.022	-99999	86.764	-0.706553	1	1	1	1	1	-208.684	-90.0326	130.305	1.55255	600.381	646.271	-181.604	-121.232	-60.7247	130.393	64.7083	-0.849685	600.351	623.662	646.871	5.42827	7	0	86.9145	86.7884	2.95536	631.272	86.7884	2.95536	631.272	
13129	10775	264.343	1008.7	255.935	88.1648	52.55	-0.792716	0	0	0	0	0	-346.854	-170.007	127.844	-27.6757	405.173	312.355	-351.501	-268.197	-170.007	134.393	40.3046	-27.6757	407.635	367.208	312.355	4.67194	6	0	66.0685	89.19	17.48	362.586	89.19	17.48	362.586	
13129	12582	318.326	5168.22	318.322	85.6884	84.103	-0.600836	1	1	1	1	1	-289.256	-132.984	133.67	-45.708	174.419	-36.9927	-289.256	-211.208	-132.984	133.67	44.0153	-45.708	174.419	68.5962	-36.9927	10.6263	10	0	3239.36	84.1408	-48.1295	-56.4652	84.1408	-48.1295	-56.4652	
13129	14862	86.6712	334.88	84.0493	-99999	63.909	-0.934954	1	1	0	0	0	-259.615	-241.394	132.706	55.401	732.305	758.541	-259.896	-250.907	-241.416	133.935	94.5024	54.1073	731.902	747.392	758.715	5.90111	13	0	171.458	63.9346	24.1826	747.431	63.9346	24.1826	747.431	
13129	8674	233.233	557.633	232.663	-99999	31.936	-0.95743	1	1	1	1	1	-208.574	-149.736	131.294	-89.7567	-332.61	-295.408	-198.574	-171.822	-139.593	131.294	19.4865	-90.2958	-332.61	-313.591	-295.332	4.64579	8	0	82.2033	31.9528	-29.7073	-311.339	31.9528	-29.7073	-311.339	
13129	9514	269.566	692.364	267.398	-99999	101.558	-0.885968	0	0	0	0	0	-249.249	-284.819	131.176	-108.89	539.315	647.861	-249.252	-260.678	-285.09	132.103	10.4416	-109.804	538.838	595.571	648.474	4.86519	17	0	81.8192	53.1089	55.0406	548.464	53.1089	55.0406	548.464	
13129	8927	172.88	426.752	172.23	-99999	33.702	-0.987567	1	1	1	1	1	-271.271	-298.935	132.863	-35.9331	413.54	426.796	-271.239	-283.01	-299.038	133.289	47.725	-36.1308	413.517	414.711	426.801	6.31289	6	0	81.6715	33.721	-4.77197	417.654	33.721	-4.77197	417.654	
13129	10007	366.945	833.13	366.112	43.7941	45.314	-0.441267	1	1	1	1	1	-354.58	-180.612	134.201	-75.9765	863.497	622.394	-354.831	-260.452	-180.386	134.391	36.75	-76.2477	863.823	740.678	622.283	5.8612	10	0	77.0388	45.3379	8.80252	724.455	45.3379	8.80252	724.455	
13127	18208	186.796	887.894	186.563	30.0092	30.395	-0.66716	1	1	1	1	1	-96.8306	-238.946	133.99	14.8195	-669.708	-650.093	-96.8306	-168.04	-239.093	133.99	74.4043	14.6516	-669.708	-659.827	-650.042	21.7596	20	0	351.398	30.4338	-25.1081	-637.529	30.4338	-25.1081	-637.529	
13127	21208	338.643	1005.13	338.508	-99999	106.867	-0.394662	0	0	0	0	0	-237.193	-96.6822	132.913	-18.6638	303.25	35.2465	-203.729	-134.145	-63.1595	132.913	57.1569	-18.7169	303.25	168.815	35.1395	5.21077	13	0	50.3942	-999999	-999999	-999999	-999999	-999999	-999999	
13129	11304	260.878	1084.91	260.096	-99999	60.672	-0.707854	1	1	1	1	1	-334.401	-199.99	133.537	-43.7814	-787.797	-653.207	-344.313	-276.694	-209.521	134.084	45.1771	-43.7881	-788.184	-720.84	-653.202	4.86907	16	0	61.9071	60.6939	-19.506	-656.277	60.6939	-19.506	-656.277	
13129	16816	88.3799	221.477	87.3582	-99999	21.447	-0.817585	1	1	0	0	0	-164.447	-169.32	133.222	70.5133	-9.71981	-68.2127	-157.731	-163.48	-162.534	133.222	101.698	69.9722	-9.71981	-39.8413	-68.5581	5.78513	14	0	80.2307	21.4898	26.8174	-47.1203	21.4898	26.8174	-47.1203	
13129	17549	127.94	369.061	127.934	-625.505	90.037	-0.344896	0	0	0	0	0	-198.864	-314.254	132.199	88.8089	211.794	245.82	-198.864	-256.636	-314.254	132.199	110.329	88.8089	211.794	228.266	245.82	5.5246	7	0	40.3226	-999999	-999999	-999999	-999999	-999999	-999999	
13129	16457	189.618	493.19	189.413	-99999	112.991	-0.744947	0	0	0	0	0	-342.35	-269.837	133.318	14.0638	202.394	329.146	-342.542	-309.704	-269.966	133.469	68.8513	14.0638	202.274	263.145	329.146	8.03846	13	0	82.8783	-999999	-999999	-999999	-999999	-999999	-999999	
13129	13001	210.476	382.178	201.802	-99999	14.382	-0.980243	1	1	1	1	1	-258.085	-268.213	133.543	-61.6815	-592.758	-559.039	-258.1	-262.766	-266.978	133.55	32.2534	-69.8015	-592.759	-567.428	-557.63	6.46913	10	0	63.3236	14.397	-9.77652	-567.317	14.397	-9.77652	-567.317	
13129	15543	161.059	425.347	156.939	-99999	50.527	-0.917458	1	1	1	1	1	-217.807	-174.429	127.407	-19.8578	-502.277	-472.092	-202.139	-176.05	-158.444	127.828	53.4289	-23.5075	-502.377	-486.093	-471.99	5.27396	13	0	97.6852	50.558	-8.2621	-478.706	50.558	-8.2621	-478.706	
13127	5102	308.518	708.851	306.685	-99999	5.552	-0.928047	1	1	1	1	1	-240.209	-260.247	125.533	-155.809	382.096	494.641	-240.22	-242.645	-260.622	125.971	-17.2966	-157.092	381.919	437.119	494.808	5.35427	9	0	84.9532	5.56919	-31.036	443.902	5.56919	-31.036	443.902	
13127	19482	271.68	695.441	271.519	-99999	-38.219	-0.848482	1	1	1	1	1	-282.618	-348.097	133.129	-103.114	88.0129	202.715	-282.524	-316.639	-348.053	133.262	15.3992	-103.114	87.9448	145.784	202.715	5.30025	10	0	65.8996	-38.202	-16.458	160.511	-38.202	-16.458	160.511	
13129	14195	29.3462	114.22	29.3105	-99999	86.045	-0.936147	0	0	0	0	0	-92.576	-99.9867	130.246	102.398	210.769	215.521	-65.6292	-68.9617	-73.0447	130.255	116.346	102.385	210.766	213.962	215.52	7.42893	13	0	81.7732	86.0648	74.2849	215.387	86.0648	74.2849	215.387	
13129	13582	155.89	375.355	154.518	-99999	13.721	-0.800734	1	1	1	1	0	-337.241	-247.464	133.616	22.4839	368.347	422.642	-337.787	-294.008	-247.296	134.384	73.261	22.2685	368.138	388.515	422.942	5.21252	14	0	76.0266	10.6928	-26.2987	530.223	35.5128	-10.5908	350.02	
13129	16774	371.606	103173	369.551	24.0377	23.113	-0.670609	1	1	1	1	1	-278.357	-195.648	132.964	-112.147	-389.748	-652.839	-278.663	-235.444	-195.553	133.745	12.9415	-112.873	-388.937	-523.312	-653.326	121.182	11	0	773.63	23.1618	-46.117	-615.929	23.1618	-46.117	-615.929	
13129	13869	116.409	338.995	115.453	-99999	96.755	-0.925431	1	1	1	0	0	-332.12	-297.084	132.934	28.0992	-426.845	-394.897	-332.5	-313.985	-297.195	133.816	81.5517	28.0992	-427.08	-409.605	-394.897	20.7169	6	0	123.448	99.1589	1.93685	-557.609	99.1589	1.93685	-557.609	
13129	12537	476.252	2064.09	476.152	114.427	114.467	-0.268162	0	0	0	0	0	-61.7202	-343.138	75.2687	-57.5323	-787.08	-426.93	-61.6702	-202.343	-343.138	75.2905	7.76507	-57.5323	-787.142	-607.366	-426.93	5.16131	12	0	66.9672	3.59404	-21.8853	824.259	3.59404	-21.8853	824.259	
13127	2324	241.698	701.394	241.687	-99999	116.903	-0.868276	0	0	0	0	0	-133.293	-228.985	134.273	-66.5556	709.883	615.549	-114.923	-162.862	-210.618	134.273	34.0094	-66.5629	709.883	662.446	615.547	6.75425	11	0	135.787	-999999	-999999	-999999	-999999	-999999	-999999	
13127	19884	259.402	1663.26	255.036	-99999	-10.58	-0.933794	1	1	1	1	1	-188.075	-118.207	132.212	-110.156	-760.249	-731.907	-191.531	-149.824	-121.383	132.584	10.9697	-113.979	-760.314	-744.124	-732.877	1051.89	8	0	1114.17	-10.569	-32.2626	-736.84	-10.569	-32.2626	-736.84	
13129	17279	199.383	475.848	198.062	-99999	103.496	-0.897537	0	0	0	0	0	-208.141	-235.895	131.971	-44.5525	-237.948	-321.608	-175.732	-185.985	-203.429	131.971	43.8719	-45.723	-237.948	-282.818	-322.198	4.74904	11	0	66.6992	33.7481	-11.1722	658.243	23.4081	-21.6282	-764.137	
13127	59111	53.3114	123.437	52.5043	-99999	65.777	-0.876891	1	1	0	0	0	-107.322	-81.8156	130.113	84.2318	567.625	568.607	-86.9119	-73.9852	-61.0256	130.458	107.152	83.8657	567.619	568.103	568.614	5.44769	7	0	57.9303	65.8045	76.9416	572.319	65.8045	76.9416	572.319	
13129	16446	301.67	589.439	300.351	-99999	-0.672	-0.891409	1	1	1	1	1	-166.402	-238.77	130.567	-130.068	305.089	432.514	-166.15	-202.654	-238.935	131.406	-1.05602	-130.364	304.745	366.607	432.611	6.4646	9	0	90.549	-0.650072	-22.9509	370.33	-0.650072	-22.9509	370.33	
13129	17179	442.644	1640.55	442.13	-99999	55.246	-0.633303	1	1	1	1	1	-238.846	-201.457	132.849	-146.946	410.585	750.591	-247.517	-233.013	-210.093	132.997	-8.10722	-147.111	410.404	580.233	750.806	5.26981	16	0	57.3954	55.2766	-24.7603	592.408	55.2766	-24.7603	592.408	
13129	15560	304.546	775.56	303.871	-24.8592	-24.606	-0.730288	1	1	1	1	1	-172.812	-252.381	131.712	-80.5293	-456.732	-260.529	-172.731	-194.064	-252.381	132.202	28.5736	-80.5293	-457.18	-347.749	-260.529	6.45853	11	0	151.613	-24.5735	-16.7105	-323.738	-24.5735	-16.7105	-323.738	
13129	15560	317.012	882.241	316.425	-99999	2.348	-0.969229	1	1	1	1	1	-246.354	-236.975	131.745	-170.361	-305.108	-214.174	-246.36	-240.514	-236.916	131.896	-19.7559	-170.713	-305.148	-259.717	-214.147	6.34816	7	0	94.9994	2.37646	-15.1805	-129.26	-24.5735	-16.7105	-323.738	
13129	12933	272.466	735.893	265.89	55.4663	55.646	-0.893389	1	1	1	1	1	-280.412	-196.448	128.201	-95.3719	539.203	424.442	-281.742	-245.916	-196.188	133.578	15.0147	-95.7747	541.648	485.146	424.266	6.59382	11	0	87.5586	55.6762	-18.121	471.665	55.6762	-18.121	471.665	
13129	16411	145.957	376.559	145.46	-99999	-26.18	-0.828739	1	1	1	1	1	-276.658	-226.139	132.565	21.9277	-174.586	-97.521	-276.721	-250.229	-226.019	132.808	74.7025	21.8414	-174.722	-139.582	-97.3651	5.49504	15	0	81.3262	-26.1509	16.6225	-132.515	-26.1509	16.6225	-132.515	
13127	18677	256.451	661.592	256.279	85.9429	84.258	-0.928913	1	1	1	1	1	-279.389	-185.146	132.75	-99.6807	-344.692	-381.994	-279.439	-229.565	-185.141	132.877	15.0592	-99.7084	-344.683	-352.55	-382.006	4.50804	11	0	92.0082	84.2927	-16.8271	-356.669	84.2927	-16.8271	-356.669	
13129	20566	223.858	584.724	223.162	-99999	56.421	-0.937419	1	1	1	1	1	-289.173	-227.564	132.45	-74.7349	756.825	810.488	-289.319	-254.332	-227.503	132.695	29.2764	-75.1369	756.78	781.021	810.569	6.74061	7	0	92.7421	56.4535	-1.65299	764.076	56.4535	-1.65299	764.076	
13129	20069	87.6865	206.338	87.6862	-99999	97.947	-0.771081	1	1	1	1	1	-180.535	-226.162	132.888	66.2978	-254.754	-288.966	-165.143	-187.798	-210.771	132.888	99.65	66.2978	-254.754	-272.19	-288.966	5.01115	11	0	47.501	97.9807	-51.895	-354.584	97.9807	-51.895	-354.584	
13127	856	267.3	696.479	265.756	92.2151	88.988	-0.75994	1	1	1	1	1	-80.1907	-259.905	133.211	-52.1317	549.293	606.771	-79.3615	-168.285	-260.035	134.257	40.9725	-52.2374	548.998	583.824	606.792	5.46928	7	0	75.1197	89.0187	8.29398	584.666	89.0187	8.29398	584.666	
13129	19285	91.6584	237.387	91.3436	-99999	102.166	-0.93662	0	0	0	0	0	-113.813	-93.3726	130.356	44.8016	730.273	705.727	-81.82	-71.1358	-61.329	130.356	87.3869	44.5081	730.273	718.457	705.629	5.44283	13	0	63.5165	-18.9753	-31.8872	535.14	-29.3453	55.2702	643.03	
13129	13272	141.891	342.699	140.836	-99999	-22.248	-0.917282	1	1	1	1	0	-282.366	-245.349	132.848	3.40007	375.443	413.927	-282.381	-259.276	-245.321	132.976	69.1899	2.57534	375.409	395.981	414.313	8.13627	11	0	61.1607	-22.2254	15.3161	393.206	-22.2254	15.3161	393.206	
13129	13075	66.7844	202.833	66.2573	-99999	16.944	-0.800905	1	0	0	0	0	-281.919	-254.837	132.914	76.3773	-260.199	-240.151	-282.104	-265.79	-254.802	133.194	106.257	76.2186	-260.328	-249.302	-240.099	5.73465	12	0	89.9431	16.4557	-18.9058	157.456	16.4557	-18.9058	157.456	
13127	16406	312.624	793.08	312.563	75.4081	74.266	-0.873608	1	1	1	1	1	-110.311	-232.843	132.863	-131.487	575.715	687.763	-110.286	-169.11	-232.843	132.91	-1.3225	-131.487	575.695	629.841	687.763	5.20775	11	0	104.622	74.2996	-20.7701	-62.4276	74.2996	-20.7701	-62.4276	
13129	15727	287.935	755.688	286.463	114.199	113.475	-0.980465	0	0	0	0	0	-249.752	-194.709	131.58	-145.594	788.178	750.796	-249.928	-214.621	-194.716	132.538	-6.35321	-146.076	788.159	777.023	750.713	10.6923	10	0	94.7436	50.0709	9.9374	842.441	50.0709	9.9374	842.441	
13129	12248	302.471	567.612	298.886	-99999	7.446	-0.990728	1	1	1	0	0	-292.59	-301.268	132.057	-160.929	859.668	819.506	-292.566	-284.605	-301.789	133.376	-15.7499	-162.927	859.846	837.259	819.31	4.12168	8	0	79.294	7.46581	-26.2591	797.683	7.46581	-26.2591	797.683	
13129	12728	188.108	514.703	188.105	-99999	107.42	-0.966396	0	0	0	0	0	-256.676	-290.112	133.971	-48.3062	-517.687	-485.59	-256.799	-273.307	-290.235	133.971	42.7127	-48.3062	-517.687	-502.073	-485.59	23.433	12	0	89.7621	-999999	-999999	-999999	-999999	-999999	-999999	
13129	14316	346.591	560.641	344.816	-99999	98.011	-0.715037	1	1	1	1	1	-234.775	-240.843	132.013	-135.528	-539.156	-337.556	-234.758	-241.452	-240.955	132.667	1.74597	-135.528	-539.796	-427.57	-337.556	4.97886	13	0	77.4268	90.3877	-51.6001	-449.376	90.3877	-51.6001	-449.376	
13129	12768	144.578	840.167	128.515	-99999	44.197	-0.983393	1	1	1	1	1	-120.82	-98.7009	130.144	3.59734	590.833	594.26	-107.002	-94.6398	-83.4718	130.305	59.1087	-12.1797	590.829	592.781	593.433	100.609	9	0	579.869	44.1908	-37.2882	592.65	44.1908	-37.2882	592.65	
13127	6260	94.1435	223.956	92.1133	-36.2133	-36.026	-0.615865	1	1	1	0	0	-189.827	-229.719	-28.1489	-76.124	-894.327	-826.92	-189.438	-210.616	-230.268	-27.5728	-53.5881	-76.7141	-894.951	-862.033	-826.18	4.25185	13	0	63.9277	-40.5605	-3.69006	232.118	-40.5605	-3.69006	232.118	
13129	16487	374.428	903.296	373.514	35.0501	33.545	-0.762386	1	1	1	1	1	-68.486	-225.545	133.527	-97.6463	-318.018	-554.716	-68.272	-150.067	-225.696	133.934	-1.16454	-97.7907	-317.752	-418.113	-555.029	6.77245	8	0	71.839	33.5677	-5.1417	-427.1	33.5677	-5.1417	-427.1	
13129	16603	114.566	312.576	114.563	-99999	86.357	-0.602072	1	1	1	1	1	-189.311	-224	133.511	74.5902	-514.26	-606.092	-175.741	-192.82	-210.429	133.512	103.142	74.5902	-514.259	-559.673	-606.092	5.22077	14	0	66.6313	86.3906	-25.9632	-729.414	5.52062	-31.0633	-508.54	
13127	6894	219.657	541.395	210.377	145.828	-3.489	-0.730954	0	0	0	0	0	-189.986	-327.324	132.811	6.84469	99.1121	193.477	-189.807	-256.469	-333.884	133.085	64.8128	1.22714	98.9435	152.706	195.625	4.57046	8	0	89.8156	-10.6478	-117.026	-168.97	-10.6478	-117.026	-168.97	
13129	12612	121.939	331.037	121.755	-99999	67.944	-0.988384	1	1	1	1	1	-246.884	-232.52	132.505	15.0547	-169.494	-143.996	-246.962	-242.962	-232.533	132.505	73.0214	14.9008	-169.494	-157.431	-143.939	4.95592	12	0	76.5563	67.9771	10.032	-156.918	67.9771	10.032	-156.918	
13129	15865	61.1089	174.471	60.5209	-99999	-6.323	-0.820684	1	0	0	0	0	-210.586	-235.881	115.129	62.8261	-889.018	-875.105	-210.579	-226.856	-235.97	115.129	89.9547	62.2608	-889.018	-883.127	-874.991	5.35011	10	0	74.8317	-6.29514	18.1619	-805.327	-6.29514	18.1619	-805.327	
13129	15524	314.045	760.434	311.969	-11.7399	-10.872	-0.995434	1	1	1	1	1	-243.866	-166.844	132.159	-167.535	837.149	836.353	-243.893	-217.773	-166.108	132.574	-22.0847	-169.009	837.141	841.119	836.249	4.51926	8	0	69.0317	-10.8325	-24.8651	784.544	-10.8325	-24.8651	784.544	
13127	56921	125.832	278.765	122.9	-99999	-39.265	-0.97207	1	1	1	0	0	-336.229	-345.782	132.122	20.481	-257.605	-212.686	-336.236	-336.381	-346.172	133.146	73.0581	19.0752	-257.838	-240.468	-211.54	5.63212	17	0	76.3874	-39.2443	38.8028	-226.538	-39.2443	38.8028	-226.538	
13129	16494	40.3694	147.114	39.667	-99999	5.85	-0.882857	0	0	0	0	0	-331.441	-329.895	134.008	103.579	444.15	466.087	-331.448	-332.268	-330.294	134.008	116.165	103.088	444.15	453.301	465.992	5.77496	21	0	97.0542	5.87325	61.0983	436.346	5.87325	61.0983	436.346	
13129	17934	288.183	752.231	288.18	-99999	53.531	-0.913594	1	1	1	1	1	-341.733	-248.226	132.573	-123.116	597.591	684.029	-341.794	-309.415	-248.287	132.573	0.156285	-123.116	597.591	644.048	684.029	5.46551	7	0	78.2673	53.5636	-9.32391	515.131	53.5636	-9.32391	515.131	
13127	3936	344.572	5136.6	342.134	49.1505	50.318	-0.876704	1	1	1	1	1	-308.06	-196.508	134.022	-135.823	-357.506	-528.856	-308.099	-255.337	-195.816	134.161	-12.1445	-137.127	-357.442	-431.178	-530.562	4.80763	18	0	83.5232	50.3446	-14.4023	-426.101	50.3446	-14.4023	-426.101	
13129	17936	292.614	740.338	291.181	106.445	106.545	-0.882023	0	0	0	0	0	-105.809	-225.207	133.161	-122.053	480.194	538.672	-105.767	-176.302	-224.938	133.253	9.70306	-123.306	480.17	513.714	538.968	10.6446	10	0	92.4644	-1.42814	27.5142	-824.401	-29.9581	-80.8119	-343.349	
13127	10540	317.677	800.617	317.463	-99999	109.174	-0.957791	0	0	0	0	0	-190.975	-126.329	130.709	-169.191	137.806	62.7904	-156.835	-127.89	-92.1417	130.907	-21.573	-169.191	137.838	104.306	62.7904	6.0375	8	0	83.2734	-999999	-999999	-999999	-999999	-999999	-999999	
13129	12580	322.354	751.377	321.967	-99999	113.516	-0.897766	0	0	0	0	0	-245.54	-96.8787	127.597	-157.882	360.173	357.816	-210.161	-137.826	-61.3319	127.944	-16.0307	-157.882	360.179	357.367	357.816	5.24164	9	0	54.4087	-999999	-999999	-999999	-999999	-999999	-999999	
13129	14740	316.059	954.946	313.847	-99999	47.817	-0.979254	1	1	1	1	1	-321.588	-334.182	132.515	-171.655	-186.323	-120.223	-321.56	-328.342	-334.248	133.79	-20.4229	-172.277	-186.573	-155.72	-119.725	7.69257	20	0	72.3901	47.8474	-15.2699	-159.054	47.8474	-15.2699	-159.054	
13129	13571	274.207	640.176	273.474	89.9902	24.023	-0.966553	0	0	0	0	0	-139.734	-256.105	133.314	-113.288	740.698	746.221	-139.722	-195.975	-256.441	133.418	8.68838	-113.808	740.693	746.211	746.158	4.15278	6	0	75.1581	37.7031	30.3003	473.79	90.2331	-23.8169	735.339	
13129	17411	308.807	1190.59	308.795	48.9016	48.615	-0.818256	1	1	1	1	1	-134.127	-215.764	133.267	-102.15	428.581	605.581	-134.127	-186.223	-215.764	133.267	12.9191	-102.15	428.581	509.922	605.581	4.39989	13	0	69.2919	48.6551	-14.7572	515.621	48.6551	-14.7572	515.621	
13127	5811	510.287	1343.92	508.674	91.9684	91.568	-0.615753	1	1	1	1	1	-308.45	-154.056	133.07	-152.527	104.203	492.89	-308.807	-237.257	-154.056	134.059	-20.1639	-152.527	102.985	292.951	492.89	5.05236	8	0	79.6066	91.5988	-20.5563	296.711	91.5988	-20.5563	296.711	
13129	12557	218.64	508.618	217.455	-99999	79.036	-0.978148	1	1	1	1	1	-133.856	-186.399	129.243	-73.7918	162.501	122.55	-108.862	-130.52	-161.65	130.397	23.5639	-73.7918	162.513	157.741	122.55	8.31732	6	0	65.9575	79.0675	-4.50405	145.762	79.0675	-4.50405	145.762	
13129	12066	131.582	319.634	118.028	-99999	26.86	-0.666886	1	1	1	1	1	-237.578	-314.563	133.018	52.6067	225.965	265.148	-237.314	-280.355	-322.474	133.282	88.5885	42.7956	225.855	247.699	268.92	4.52779	10	0	55.3132	27.0829	22.0449	275.078	27.0829	22.0449	275.078	
13129	12666	333.277	878.611	330.586	73.2101	71.534	-0.84721	1	1	1	1	1	-217.755	-204.018	130.093	-140.83	-252.246	-436.544	-217.858	-207.43	-204.018	132.318	-1.42296	-140.83	-250.851	-349.532	-436.544	7.99426	14	0	85.4524	71.5817	-21.002	-337.284	71.5817	-21.002	-337.284	
13129	13268	273.788	1356.74	272.617	105.763	106.225	-0.855908	0	0	0	0	0	-158.681	-236.308	133.95	-87.5709	-722.129	-585.872	-158.708	-199.56	-236.511	134.429	25.7934	-87.9753	-722.381	-650.265	-585.454	6.40238	14	0	98.11	82.0115	-30.9258	-675.355	82.0115	-30.9258	-675.355	
13129	15558	333.879	814.805	331.661	50.6221	49.415	-0.825073	1	1	1	1	1	-170.064	-255.321	133.805	-114.188	121.388	323.445	-170.064	-211.745	-255.547	133.805	7.97184	-115.761	121.388	222.659	324.981	5.62207	17	0	120.267	49.4389	-24.3211	248.031	49.4389	-24.3211	248.031	
13127	61807	124.996	358.18	124.994	-99999	-11.97	-0.365856	1	1	1	1	1	-356.513	-252.476	100.162	49.7827	374.406	421.831	-356.499	-304.381	-252.462	100.162	74.9097	49.7827	374.406	397.794	421.831	17.7866	7	0	109.573	-11.9626	-4.00641	447.626	-11.9626	-4.00641	447.626	
13129	16170	321.023	768.476	319.872	-16.6729	-16.425	-0.970132	1	1	1	1	1	-162.346	-258.886	132.724	-168.589	-756.65	-720.674	-162.214	-205.281	-258.901	133.633	-19.5376	-168.761	-756.831	-737.179	-720.566	5.39273	21	0	86.8653	-16.4094	-22.7675	-722.394	-16.4094	-22.7675	-722.394	
13129	16504	311.525	697.189	307.228	-99999	39.745	-0.95474	1	1	1	1	1	-283.992	-332.76	132.991	-161.71	249.88	184.085	-283.959	-304.781	-334.022	133.41	-14.8819	-165.291	249.984	207.437	183.398	4.63578	6	0	80.7742	39.7746	-34.6726	199.137	39.7746	-34.6726	199.137	
13129	13036	157.219	438.498	156.005	-99999	52.685	-0.913963	1	1	1	1	1	-131.993	-77.7029	129.249	-14.6871	683.667	709.398	-115.798	-88.5134	-61.0767	129.998	57.524	-15.0554	683.521	697.013	709.417	19.0325	9	0	69.4903	52.7058	-16.3436	712.003	52.7058	-16.3436	712.003	
13127	63244	20.2993	92.1598	19.2013	-99999	-40.498	-0.606321	0	0	0	0	0	-317.741	-312.194	133.651	121.083	579.686	592.982	-317.857	-314.309	-312.047	133.954	127.673	120.718	579.307	586.429	593.378	6.82333	16	0	92.1597	82.1428	-20.6796	210.99	82.1428	-20.6796	210.99	
13129	18082	180.434	480.463	179.427	-99999	116.606	-0.829246	0	0	0	0	0	-170.82	-244.192	129.907	-0.93515	319.471	225.07	-133.889	-172.091	-207.678	130.736	59.25	-0.93515	319.845	280.581	225.07	6.36956	21	0	82.2521	-999999	-999999	-999999	-999999	-999999	-999999	
13129	18121	122.715	321.024	122.365	-99999	14.354	-0.932062	1	1	1	1	1	-183.173	-203.333	130.014	14.7614	32.4331	66.7732	-178.621	-190.955	-198.838	130.336	73.404	14.7614	32.3218	51.5408	66.7732	7.34454	7	0	83.7422	14.3821	9.9004	42.6323	14.3821	9.9004	42.6323	
13127	17801	257.249	808.051	256.724	-99999	44.578	-0.807661	1	1	1	1	1	-223.897	-75.3232	127.005	-80.984	-36.8777	-60.3835	-209.948	-135.776	-61.0757	127.02	22.5298	-81.3919	-36.876	-47.8477	-60.4427	4.66812	8	0	62.6684	44.6038	-32.7244	-57.798	44.6038	-32.7244	-57.798	
13127	6582	88.0441	257.563	87.5388	-99999	58.781	-0.966364	1	1	1	0	0	-167.218	-145.07	133.365	49.455	-45.8188	-43.1896	-148.83	-137.684	-126.588	133.46	91.1239	49.0695	-45.8313	-41.3778	-43.2379	4.30295	12	0	77.9561	53.4281	-0.335072	-640.967	-37.4919	-43.4491	-175.802	
13129	13698	429.956	1049.58	428.626	-25.6209	-24.949	-0.711954	1	1	1	1	1	-151.359	-237.684	133.547	-149.508	280.885	589.384	-151.35	-188.62	-237.889	133.637	-15.5236	-150.4	280.796	430.776	590.15	5.29356	13	0	82.2437	-24.9116	-22.5881	433.108	-24.9116	-22.5881	433.108	
13129	15872	57.797	175.567	57.3019	-99999	11.255	-0.847009	1	1	0	0	0	-235.759	-261.773	133.38	82.9136	500.383	504.559	-235.772	-250.491	-261.815	133.38	108.735	82.4295	500.383	503.447	504.564	5.65715	8	0	82.1696	11.2786	28.564	499.864	11.2786	28.564	499.864	
13129	14820	110.291	305.141	108.715	-99999	71.031	-0.974995	1	1	1	1	0	-270.808	-264.171	132.603	26.7693	-705.696	-728.353	-270.939	-264.683	-264.224	133.862	80.2296	26.4959	-705.429	-716.423	-728.411	6.88617	6	0	79.0541	76.067	-29.147	-380.472	-8.04305	-88.2283	-825.901	
13129	15554	241.404	594.001	240.912	-99999	-10.677	-0.938175	1	1	1	1	1	-307.212	-221.561	132.356	-89.3998	611.344	644.831	-307.355	-267.184	-221.549	132.815	21.1194	-89.3998	611.284	632.831	644.831	5.24487	8	0	84.2802	-10.6612	-4.33773	633.039	-10.6612	-4.33773	633.039	
13129	20633	319.405	69727	318.887	29.745	29.628	-0.735255	1	1	1	1	1	-138.783	-293.408	133.201	-102.376	-619.426	-473.562	-138.522	-225.286	-293.408	133.579	17.1971	-102.376	-619.653	-553.456	-473.562	4.9166	12	0	73.933	29.6603	-22.19	-530.195	29.6603	-22.19	-530.195	
13129	18628	285.9	700.585	285.151	73.3674	72.682	-0.777785	1	1	1	1	1	-193.311	-253.743	133.149	-68.0176	-223.617	-35.4932	-193.25	-216.835	-253.774	133.555	25.0458	-68.1064	-223.935	-134.255	-35.29	6.31	17	0	84.673	72.72	-18.0561	-108.555	72.72	-18.0561	-108.555	
13127	61301	254.853	673.393	253.148	-99999	66.913	-0.966123	1	1	1	1	0	-108.237	-102.682	130.164	-112.161	723.519	788.062	-87.292	-90.8922	-81.6161	130.617	8.20149	-112.572	723.398	755.554	788.115	31.7777	6	0	151.417	66.9444	-25.6562	763.339	66.9444	-25.6562	763.339	
13129	19758	147.874	353.025	147.872	-99999	-43.805	-0.683122	1	1	1	0	0	-236.842	-323.527	132.79	27.456	744.56	801.143	-236.792	-280.49	-323.477	132.79	80.4056	27.456	744.56	772.892	801.143	5.00398	13	0	78.1668	-43.7702	28.1386	773.324	-43.7702	28.1386	773.324	
13129	20243	513.966	1247.34	513.092	-37.004	-37.506	-0.689659	1	1	1	1	1	-235.225	-173.585	132.945	-170.128	-271.427	-676.403	-235.262	-201.389	-173.585	133.544	-28.7089	-170.128	-270.812	-466.698	-676.403	4.8482	13	0	79.218	-37.4595	-29.7149	-478.716	-37.4595	-29.7149	-478.716	
13129	20158	382.398	3231.67	381.876	-2.11192	-3.345	-0.86183	1	1	1	1	1	-305.462	-154.351	134.159	-161.94	147.998	-37.4008	-305.462	-237.489	-154.086	134.159	-21.8739	-162.302	147.998	61.1992	-37.65	6.45044	12	0	77.0318	-3.33756	-20.4678	58.1234	-3.33756	-20.4678	58.1234	
13129	18411	167.282	403.245	166.273	-99999	36.606	-0.709522	1	1	1	1	0	-310.284	-335.699	132.517	11.4336	-606.528	-498.456	-310.077	-328.945	-335.741	133.21	73.9164	11.4336	-607.171	-551.327	-498.456	10.5429	15	0	107.561	36.6341	36.4386	-536.944	36.6341	36.4386	-536.944	
13127	64190	68.6075	5750.49	67.987	-99999	39.361	-0.229065	0	0	0	0	0	-285.49	-326.156	-126.609	-83.3812	891.74	866.961	-326.201	-306.079	-285.535	-83.3812	-103.81	-126.609	866.961	880.38	891.74	14.9222	496	0	5750.49	-999999	-999999	-999999	-999999	-999999	-999999	
13129	19225	46.0844	135.801	45.2495	-99999	15.661	-0.492785	0	0	0	0	0	-279.437	-292.729	125.828	106.806	246.275	284.94	-279.455	-287.429	-293.008	125.828	115.337	106.448	246.275	265.155	285.645	6.14778	12	0	73.8241	-10.4026	-8.88066	835.842	-10.4026	-8.88066	835.842	
13127	62238	291.281	653.724	290.176	-45.5473	-43.553	-0.782672	1	1	1	1	1	-61.7266	-236.66	129.792	-100.927	96.577	100.612	-61.1411	-147.752	-236.747	130.527	13.7335	-101.051	96.5906	102.432	100.583	8.01027	7	0	76.1234	-46.4094	-15.5227	-97.2786	-46.4094	-15.5227	-97.2786	
13129	19207	215.04	508.72	203.947	-99999	-1.789	-0.704653	1	1	1	1	1	-126.095	-271.552	133.963	-2.75889	-679.957	-638.938	-126.095	-202.477	-279.119	133.963	61.5963	-10.4839	-679.957	-657.898	-636.774	5.63124	8	0	60.6718	-1.75347	-22.1025	-632.262	-1.75347	-22.1025	-632.262	
13129	19742	244.419	629.644	242.846	-45.2089	-45.175	-0.999151	1	1	1	1	1	-205.989	-218.384	132.39	-104.912	-139.25	-154.418	-205.99	-213.523	-218.576	132.537	12.4516	-105.617	-139.258	-156.823	-154.404	15.4591	7	0	108.057	-45.139	-20.7918	-159.737	-45.139	-20.7918	-159.737	
13129	19464	61.5835	182.672	60.6501	-99999	104.472	-0.735877	0	0	0	0	0	-188.02	-226.945	132.91	89.0694	-73.6931	-89.0932	-171.209	-190.812	-210.701	133.397	111.181	88.8614	-73.4915	-81.8515	-89.1387	4.95719	8	0	83.3963	76.6891	-25.9283	-376.301	76.6891	-25.9283	-376.301	
13129	18942	171.462	456.909	169.896	-99999	52.949	-0.634757	1	1	1	0	0	-201.173	-78.8556	-157.55	-47.7526	-892.323	-849.367	-61.6111	-123.431	-185.051	-47.1699	-102.466	-157.977	-849.124	-870.797	-892.49	8.13249	317	0	456.909	52.9611	-52.2883	-830.011	52.9611	-52.2883	-830.011	
13129	20022	143.383	362.853	142.92	33.5626	33.366	-0.628989	1	1	1	1	1	-228.613	-139.409	132.438	49.3696	607.005	533.626	-228.613	-182.766	-139.051	132.438	89.579	49.196	607.005	572.404	533.397	5.40254	9	0	78.1234	33.4009	20.6716	553.536	33.4009	20.6716	553.536	
13129	20012	47.1475	144.824	45.1522	-99999	111.635	-0.937616	0	0	0	0	0	-105.121	-96.322	133.402	91.2773	-524.273	-512.455	-70.1628	-65.4954	-61.1992	133.402	111.384	89.8323	-524.273	-517.906	-513.272	4.42084	6	0	56.6671	-22.1621	-14.4908	-751.064	-22.1621	-14.4908	-751.064	
13127	16496	61.534	180.605	59.8997	-99999	65.46	-0.992174	1	1	0	0	0	-146.772	-143.211	133.225	73.956	-125.263	-127.905	-126.274	-123.055	-122.794	133.225	102.747	72.7001	-125.263	-125.808	-128.096	8.37835	9	0	80.0172	65.6774	51.8794	-126.442	65.6774	51.8794	-126.442	
13129	20303	80.8767	412.428	80.8741	-99999	31.583	-0.643472	1	1	1	1	1	-250.79	-204.99	132.812	84.5151	539.074	584.928	-255.753	-233.18	-209.954	132.812	107.958	84.5151	539.074	561.601	584.928	5.40283	10	0	74.747	31.6143	-16.2176	644.061	31.6143	-16.2176	644.061	
13129	19330	26.4557	65.9256	26.2854	-99999	106.734	-0.92583	0	0	0	0	0	-216.722	-227.236	133.295	109.946	480.596	474.735	-199.895	-204.988	-210.463	133.453	121.585	109.946	480.625	477.823	474.735	4.50139	10	0	50.5318	33.4646	-99.4028	-8.7046	33.4646	-99.4028	-8.7046	
13129	19041	88.7898	224.726	88.7881	-99999	36.956	-0.797148	1	1	1	0	0	-145.061	-102.91	133.365	60.3361	-474.654	-501.279	-133.489	-114.312	-91.3379	133.365	96.4129	60.3361	-474.654	-489.734	-501.279	4.91808	9	0	70.3345	36.988	33.2963	-492.816	36.988	33.2963	-492.816	
13127	8132	128.783	305.625	128.044	-99999	94.957	-0.688151	1	1	1	0	0	-355.271	-278.988	134.462	45.5101	531.734	582.843	-355.854	-317.406	-279.097	134.967	90.7078	45.5101	531.484	557.924	582.843	5.82855	12	0	75.9103	94.9859	41.7274	568.792	94.9859	41.7274	568.792	
13127	3814	249.535	620.441	249.019	-99999	35.271	-0.999409	1	1	1	1	1	-114.114	-132.191	132.382	-115.742	-178.131	-175.509	-103.065	-111.972	-121.152	132.697	8.32672	-115.932	-178.141	-175.726	-175.508	5.571	7	0	90.889	35.3004	-15.3452	-176.911	35.3004	-15.3452	-176.911	
13127	331	84.1064	239.457	84.0739	-99999	87.334	-0.782417	1	1	0	0	0	-311.172	-266.597	124.998	58.3894	1.69518	26.7128	-311.272	-289.11	-266.684	124.998	91.8601	58.3628	1.69518	15.0401	26.7223	4.0653	12	0	78.552	81.6065	-30.0089	697.543	0.516469	49.1697	580.286	
13127	5252	144.071	434.957	142.654	-99999	30.642	-0.665109	1	1	1	1	1	-182.124	-79.232	129.995	33.0243	56.2739	75.0262	-173.091	-121.09	-69.1649	130.501	81.6433	32.5726	56.1795	66.0517	75.019	9.08698	8	0	106.981	30.8602	16.2842	196.525	30.8602	16.2842	196.525	
13127	1194	65.4047	158.7	64.8291	-99999	91.4	-0.854789	1	1	1	1	1	-206.298	-238.518	132.968	79.4614	64.9409	48.2921	-177.67	-193.976	-210.092	132.984	106.213	78.9445	64.9464	55.6884	48.2942	10.3588	7	0	62.3239	91.4334	-60.526	-47.1911	91.4334	-60.526	-47.1911	
13127	2634	214.375	518.102	214.364	-99999	-19.456	-0.651295	0	0	0	0	0	-253.026	-313.711	133.81	-17.3716	-168.799	-30.8875	-252.999	-290.571	-313.688	133.816	58.8837	-17.3716	-168.804	-102.22	-30.8875	4.52385	14	0	47.0136	41.0732	24.9629	636.711	41.0732	24.9629	636.711	
13127	6114	245.106	560.376	233.977	-99999	35.954	-0.832644	1	1	1	1	1	-203.637	-80.6539	130.274	-62.5195	104.174	153.596	-192.462	-128.002	-63.4342	130.406	29.2777	-71.2806	104.143	129.34	156.416	5.32581	6	0	68.6398	35.9817	-39.9406	142.429	35.9817	-39.9406	142.429	
13127	2461	317.125	910.954	314.385	-99999	98.18	-0.862918	1	1	1	1	1	-128.213	-225.725	133.252	-126.444	-123.791	-271.544	-112.498	-162.216	-210.406	134.205	3.06175	-127.768	-123.329	-197.252	-272.501	6.90858	21	0	78.4614	98.2106	-19.3886	-211.228	98.2106	-19.3886	-211.228	
13127	11327	105.39	283.939	104.815	-33.2011	-34.214	-0.912772	1	1	1	1	1	-219.54	-195.324	132.932	37.7757	-183.498	-218.921	-219.662	-208.107	-195.285	133.365	85.0726	37.695	-183.347	-200.668	-218.95	4.81802	10	0	78.8128	-34.1821	13.1768	-208.272	-34.1821	13.1768	-208.272	
13127	11559	41.9636	170.984	39.4805	-99999	-8.961	-0.870179	0	0	0	0	0	-221.703	-235.94	133.465	97.8801	-209.285	-200.775	-221.693	-230.247	-237.145	133.465	114.801	95.8838	-209.285	-205.047	-200.54	4.00877	17	0	111.048	-999999	-999999	-999999	-999999	-999999	-999999	
13127	63237	303.233	669.116	301.405	39.6644	39.932	-0.993244	1	1	1	1	1	-185.414	-245.236	134.237	-159.282	-136.519	-152.341	-185.414	-210.777	-245.307	134.237	-14.6252	-161.027	-136.519	-148.683	-151.856	5.10159	12	0	73.6836	39.9687	-35.6114	-155.403	39.9687	-35.6114	-155.403	
13127	7352	445.804	865.267	443.575	-99999	13.65	-0.7104	1	1	1	1	1	-261.237	-255.217	132.471	-170.367	-553.43	-238.447	-261.222	-255.849	-255.25	133.632	-24.9736	-170.58	-554.603	-404.082	-238.231	6.28271	15	0	87.583	13.6773	-29.5635	-384.4	13.6773	-29.5635	-384.4	
13127	10832	224.786	585.335	224.775	110.072	109.966	-0.781885	0	0	0	0	0	-304.417	-159.09	133.163	-35.7692	793.898	771.045	-304.417	-230.05	-159.09	133.163	50.2249	-35.7692	793.898	780.434	771.045	4.33751	8	0	91.1617	41.5978	-81.7763	348.066	41.5978	-81.7763	348.066	
13127	7950	152.289	457.6	152.271	-99999	45.033	-0.87553	1	1	1	1	1	-288.646	-277.667	128.496	9.6435	104.119	195.881	-288.698	-288.823	-277.719	128.496	66.0062	9.6435	104.119	146.841	195.881	5.26714	15	0	138.801	39.4539	-39.931	30.096	39.4539	-39.931	30.096	
13127	8325	140.421	380.12	140.136	47.0958	45.539	-0.684752	1	1	1	1	1	-236.251	-155.849	132.277	40.5095	-493.922	-561.15	-236.401	-199.966	-155.849	132.468	83.7513	40.5095	-493.78	-528.739	-561.15	5.97503	7	0	83.0866	45.5701	16.8446	-544.472	45.5701	16.8446	-544.472	
13127	7377	115.416	334.09	114.908	-99999	-48.612	-0.41481	0	0	0	0	0	-226.322	-320.031	58.3375	8.51645	-893.621	-849.666	-225.849	-273.012	-319.976	58.5472	33.5069	8.51645	-893.814	-871.994	-849.666	10.8162	7	0	52.8016	-31.6739	-15.6147	135.746	53.5561	-1.27575	-820.33	
13127	7857	396.777	857.441	369.617	-26.3733	-28.431	-0.832386	1	1	1	1	1	-336.693	-113.637	133.114	-159.609	297.55	263.749	-337.412	-218.158	-98.2391	134.221	-23.3425	-180.26	297.613	280.273	261.967	6.1502	15	0	59.4024	-28.4032	-28.173	276.722	-28.4032	-28.173	276.722	
13127	23371	318.04	764.659	315.654	-99999	-38.543	-0.729184	1	1	1	1	1	-154.445	-100.248	131.11	-79.5761	-620.379	-394.995	-166.945	-135.112	-112.301	132.368	15.2984	-79.7864	-621.479	-519.144	-394.381	12.5666	8	0	98.0026	-38.5202	-19.7015	-484.284	-38.5202	-19.7015	-484.284	
13127	9780	185.061	486.455	184.79	-99999	101.621	-0.709771	0	0	0	0	0	-232.643	-254.188	132.347	-11.758	684.7	797.156	-232.698	-242.808	-254.304	132.533	63.0318	-11.758	684.524	744.473	797.156	7.38891	12	0	99.3012	68.2571	-75.5182	803.354	68.2571	-75.5182	803.354	
13127	6434	297.888	737.871	296.323	-99999	56.506	-0.984272	1	1	1	1	1	-151.151	-133.663	132.567	-162.432	-388.197	-391.986	-133.493	-115.274	-115.671	132.753	-14.9734	-163.762	-388.197	-390.096	-391.986	5.60224	8	0	96.3446	56.5178	-26.053	-389.844	56.5178	-26.053	-389.844	
13127	5247	260.984	672.058	260.716	-99999	52.954	-0.942769	1	1	1	1	1	-232.249	-281.549	130.945	-103.121	459.657	555.889	-232.261	-256.442	-281.61	131.193	7.81246	-103.121	459.582	494.031	555.889	25.1552	19	0	86.8703	53.4995	-25.17	515.881	53.4995	-25.17	515.881	
13127	19331	130.885	317.022	129.886	-445.75	-4.713	-0.819108	0	0	0	0	0	-197.066	-220.686	132.744	22.3559	607.368	668.149	-197.054	-212.689	-220.694	132.823	80.1637	21.4703	607.317	642.667	668.189	6.22026	7	0	75.0423	-999999	-999999	-999999	-999999	-999999	-999999	
13127	10773	184.628	465.366	184.492	59.4399	60.032	-0.729893	1	1	1	1	1	-135.19	-254.225	132.769	-3.10935	548.666	579.322	-135.19	-196.821	-254.297	132.769	64.8406	-3.19852	548.666	558.516	579.383	6.0699	11	0	80.0329	60.0296	7.15114	569.007	60.0296	7.15114	569.007	
13127	6127	229.489	542.624	229.133	-99999	61.615	-0.979857	1	1	1	1	1	-175.859	-217.771	133.631	-90.1787	-724.45	-711.344	-156.564	-183.565	-198.512	133.631	22.4602	-90.5115	-724.45	-717.041	-711.378	5.63103	12	0	83.4062	61.6382	-11.021	-712.652	61.6382	-11.021	-712.652	
13127	11117	255.188	722.549	255.187	-99999	19.878	-0.900257	1	1	1	1	1	-350.753	-299.22	66.8422	-163.444	503.269	600.357	-350.775	-325.548	-299.243	66.8422	-48.3387	-163.444	503.269	552.017	600.357	4.39403	13	0	105.044	19.9031	-41.4574	572.851	19.9031	-41.4574	572.851	
13127	9214	336.034	817.564	335.537	-99999	-12.023	-0.863528	1	1	1	1	1	-201.202	-72.1631	133.188	-169.8	214.465	152.701	-204.967	-139.789	-75.7087	133.188	-19.0982	-170.22	214.465	187.354	152.561	5.36913	10	0	76.0858	-14.6511	-83.064	-359.992	31.0189	-24.119	-189.781	
13127	16490	306.516	700.151	305.848	-99999	94.711	-0.921507	1	1	1	1	1	-218.642	-247.259	133.09	-142.197	-642.962	-516.917	-218.751	-227.641	-247.449	133.09	-10.415	-142.76	-642.962	-590.218	-516.58	10.215	15	0	178.528	94.728	-29.1918	-574.538	94.728	-29.1918	-574.538	
13127	17970	318.767	791.126	315.71	96.4324	95.731	-0.928382	1	1	1	1	1	-219.861	-148.841	131.276	-166.97	626.074	561.138	-220.093	-187.738	-148.253	132.291	-18.0641	-168.808	626.405	585.869	561.427	6.73239	7	0	87.7471	95.7504	-33.4366	583.447	95.7504	-33.4366	583.447	
13127	12692	346.457	4124.71	346.183	-99999	27.06	-0.432863	1	1	1	1	1	-220.423	-237.857	132.422	-159.342	-524.066	-694.377	-220.454	-233.204	-237.897	132.422	-12.0988	-159.421	-524.066	-606.07	-694.575	2690.13	15	0	2966.97	27.0805	-28.2888	-615.599	27.0805	-28.2888	-615.599	
13127	14516	154.691	435.949	153.713	-99999	-10.165	-0.871465	1	1	1	1	1	-286.58	-323.621	132.309	2.38018	-711.38	-638.61	-286.327	-303.427	-323.609	133.17	68.5199	2.38018	-711.77	-672.982	-638.61	56.9801	10	0	123.537	-10.1455	13.8003	-654.922	-10.1455	13.8003	-654.922	
13127	14767	73.6914	202.447	72.0024	-239.245	80.76	-0.897455	0	0	0	0	0	-237.897	-203.335	131.788	71.8282	687.369	668.64	-238.12	-221.57	-202.775	132.31	100.259	70.9523	687.476	680.051	668.255	8.26515	13	0	79.1854	74.3758	35.5172	102.449	8.05581	3.10747	819.899	
13127	15379	280.266	731.206	280.25	-99999	49.525	-0.994573	1	1	1	1	1	-95.6625	-76.825	129.106	-149.774	69.6787	86.8603	-80.154	-70.5907	-61.3165	129.106	-10.3829	-149.774	69.6787	78.7975	86.8603	6.55041	12	0	62.9466	49.5518	-36.93	64.7468	49.5518	-36.93	64.7468	
13127	15979	232.495	950.033	229.919	65.398	65.971	-0.762956	1	1	1	1	1	-104.802	-220.972	132.845	-43.5268	-77.6829	9.27109	-104.295	-170.331	-221.234	133.585	47.7804	-45.005	-78.0448	-35.832	9.80765	5.05163	14	0	117.019	65.9973	4.0137	-30.0722	65.9973	4.0137	-30.0722	
13127	12335	260.431	621.486	260.373	-99999	22.728	-0.949617	1	1	1	1	1	-221.148	-276.491	132.441	-120.088	-580.58	-567.67	-221.174	-256.742	-276.53	132.441	7.60054	-120.132	-580.58	-570.566	-567.67	10.9695	6	0	77.2462	22.7467	-25.8585	-566.209	22.7467	-25.8585	-566.209	
13127	53617	68.8511	198.054	67.438	-99999	15.479	-0.987561	1	1	0	0	0	-273.068	-277.401	132.981	66.326	-93.0048	-86.4065	-273.058	-274.706	-277.698	133.204	99.1848	65.3502	-92.8889	-90.8883	-86.4581	5.54531	7	0	78.4859	15.5062	25.3338	-90.5932	15.5062	25.3338	-90.5932	
13127	6288	39.844	140.802	37.6429	-99999	116.527	-0.885586	0	0	0	0	0	-255.845	-271.555	131.63	97.7292	742.742	747.047	-255.52	-264.316	-272.135	132.503	114.735	96.613	742.664	744.587	747.192	4.99833	10	0	84.7201	-999999	-999999	-999999	-999999	-999999	-999999	
13127	20315	144.041	364.782	143.804	81.1342	79.762	-0.992117	1	1	1	1	1	-196.625	-238.663	132.318	-3.56062	-643.788	-654.451	-196.621	-211.497	-238.74	132.366	62.4575	-3.71736	-643.785	-650.809	-654.434	5.70086	7	0	73.9148	79.7878	5.98285	-646.521	79.7878	5.98285	-646.521	
13127	10370	146.725	2977.72	146.578	-99999	79.333	-0.937962	1	1	1	1	1	-185.268	-234.523	131.942	-5.69456	-734.347	-742.981	-160.376	-186.088	-209.68	132.078	63.4253	-5.69456	-734.34	-736.885	-742.981	2605.49	10	0	2667.92	79.3567	-20.0029	-725.042	79.3567	-20.0029	-725.042	
13127	8473	237.541	563.891	234.859	-99999	-21.377	-0.970417	1	1	1	0	0	-355.139	-338.812	84.9877	-139.125	-780.889	-717.83	-355.115	-349.431	-339.148	84.9877	-30.2291	-141.75	-780.889	-753.726	-717.634	6.02426	10	0	81.5236	-21.3735	5.58194	-752.002	-21.3735	5.58194	-752.002	
13127	7983	218.837	676.376	216.756	68.0812	90.588	-0.832014	1	0	0	0	0	-226.233	-105.973	132.778	-17.5174	-361.901	-278.019	-226.489	-171.495	-104.801	133.269	44.8274	-17.8021	-362.101	-329.013	-277.194	4.84362	6	0	63.4173	90.6071	59.5069	-761.887	66.0171	-6.8171	-303.391	
13127	49898	102.19	267.237	99.6978	-99999	76.03	-0.988172	1	1	0	0	0	-93.8321	-97.4248	128.929	30.0341	489.375	482.339	-69.8768	-74.8621	-73.4613	130.189	79.5732	28.8364	489.498	485.557	482.404	4.54292	9	0	88.2599	76.055	27.5272	476.736	76.055	27.5272	476.736	
13127	11741	162.561	416.913	162.458	-99999	-16.558	-0.943649	1	1	1	1	0	-334.134	-333.684	133.8	-20.9759	-97.8362	-48.6398	-334.109	-335.301	-333.665	133.895	56.456	-20.9759	-97.8689	-73.2448	-48.6398	6.30459	11	0	79.78	-16.5393	13.7835	-64.5586	-16.5393	13.7835	-64.5586	
13127	23600	132.06	559.232	131.777	-99999	-5.559	-0.606619	1	1	1	1	1	-200.552	-295.793	130.191	57.0283	656.067	710.172	-200.353	-248.347	-295.793	130.362	93.7113	57.0283	655.967	682.574	710.172	8.23534	23	0	86.6749	-5.52316	11.7239	719.07	-5.52316	11.7239	719.07	
13127	19117	296.561	420.017	156.92	-99999	-31.672	-0.89692	1	1	1	1	1	-115.291	-120.969	132.753	-7.19663	-512.158	-455.889	-125.27	-130.63	-130.877	134.009	-0.271298	-7.42986	-512.79	-465.208	-370.511	5.26839	7	0	88.7427	-31.6386	-27.1159	-455.547	-31.6386	-27.1159	-455.547	
13127	21997	343.641	803.338	323.602	38.8685	38.259	-0.885507	1	1	1	1	1	-228.881	-149.784	129.74	-164.094	-714.387	-799.105	-229.674	-173.856	-152.185	132.07	-24.5534	-171.21	-713.462	-756.142	-814.665	8.39008	11	0	90.2665	38.2867	-32.9256	-740.437	38.2867	-32.9256	-740.437	
13127	18888	238.86	577.868	238.62	-99999	69.815	-0.977723	1	1	1	1	0	-120.459	-82.9501	129.91	-103.87	154.175	183.683	-98.6124	-80.4294	-61.0609	130.001	12.9375	-104.009	154.162	169.269	183.693	4.95683	6	0	55.1934	69.8367	-61.4338	174.929	69.8367	-61.4338	174.929	
13127	19008	352.652	771.457	333.164	-99999	89.226	-0.89408	1	1	1	1	1	-108.617	-230.939	133.454	-169.41	437.699	392.916	-80.6766	-158.115	-200.494	133.454	-23.0695	-178.812	437.699	414.531	376.301	5.15255	17	0	68.4868	89.2598	-3.7713	411.347	89.2598	-3.7713	411.347	
13127	21591	33.4046	120.427	30.4732	-99999	39.948	-0.830682	0	0	0	0	0	-83.1949	-86.933	126.739	97.388	306.799	313.768	-70.6658	-71.8959	-74.5638	128.25	112.403	96.3927	305.742	310.058	313.853	4.36131	7	0	76.6305	39.9827	43.0764	325.859	39.9827	43.0764	325.859	
13127	20877	140.744	340.242	138.718	-23.2028	-24.333	-0.96607	1	1	1	1	1	-217.278	-199.252	130.643	-3.19831	334.787	308.469	-217.565	-204.838	-199.252	132.489	63.9016	-3.30421	335.191	326.388	308.445	5.66463	10	0	69.4917	-24.3037	7.02297	320.969	-24.3037	7.02297	320.969	
13127	20902	94.5852	200.838	94.1845	-99999	-20.629	-0.994568	1	1	0	0	0	-68.6636	-87.6769	134.177	46.0729	-466.975	-476.684	-75.1234	-81.4914	-94.3009	134.177	87.8956	45.7603	-466.975	-460.662	-476.811	9.70399	8	0	80.1444	-20.6042	37.5819	-464.056	-20.6042	37.5819	-464.056	
13127	22702	303.98	729.04	299.882	-99999	-25.18	-0.998106	1	1	1	1	1	-128.949	-136.595	127.446	-162.706	842.844	777.106	-136.769	-142.22	-144.503	130.284	-18.6836	-163.077	842.686	815.429	776.934	14.275	10	0	64.3267	-28.8832	-28.7375	479.32	-28.8832	-28.7375	479.32	
13127	20602	143.272	462.378	141.225	-99999	-13.764	-0.402603	1	1	1	1	1	-66.1409	-179.365	95.2368	39.3847	-203.716	-140.476	-70.0012	-127.529	-184.737	95.4645	67.1799	38.7672	-203.975	-172.009	-139.654	5.45946	10	0	186.367	-13.7708	13.8508	-16.0844	19.6092	-7.62484	-124.353	
13127	21263	316.715	827.878	313.884	-99999	-5.457	-0.714082	1	1	1	1	1	-62.1196	-260.716	-125.212	68.829	-868.966	-722.766	-262.383	-161.862	-62.1196	70.8284	-25.6025	-125.212	-721.67	-796.822	-868.966	7.31975	639	0	827.878	-5.45259	-25.2057	-764.055	-5.45259	-25.2057	-764.055	
13127	6577	513.939	1227.83	513.182	35.3624	35.824	-0.51532	1	1	1	1	1	-74.7621	-234.24	133.446	-117.947	145.031	556.945	-74.7287	-148.752	-234.416	133.509	7.70259	-118.494	144.932	355.977	557.198	4.77161	14	0	89.4216	35.8718	-1.65409	341.829	35.8718	-1.65409	341.829	
13127	25475	201.782	472.376	195.729	-35.398	-34.946	-0.835428	1	1	1	1	1	-267.119	-154.845	130.881	-28.2975	-796.053	-801.576	-268.429	-214.02	-152.627	132.875	47.9904	-31.1968	-796.089	-796.122	-801.287	6.43321	7	0	84.15	-34.9226	1.06056	-774.138	-34.9226	1.06056	-774.138	
13127	27643	114.547	318.632	114.545	-99999	49.285	-0.955925	1	1	1	1	1	-97.7295	-76.7221	130.327	20.2795	725.819	749.624	-82.2962	-71.7762	-61.2888	130.327	75.3261	20.2795	725.819	737.819	749.624	8.75038	6	0	57.7611	49.3037	-5.49533	748.994	49.3037	-5.49533	748.994	
13127	29096	168.585	432.692	166.81	-22.6585	-23.727	-0.822902	1	1	1	1	1	-215.3	-200.584	130.801	-3.7176	-340.19	-435.925	-215.557	-204.47	-200.584	132.256	66.0662	-3.71886	-339.224	-390.064	-435.926	7.35468	14	0	98.3845	-14.899	-21.9395	455.049	-14.899	-21.9395	455.049	
13127	17451	362.529	863.023	361.283	16.0921	15.298	-0.81629	1	1	1	1	1	-319.412	-180.896	132.94	-169.796	-423.579	-289.16	-319.515	-240.335	-180.421	133.131	-13.1289	-170.67	-423.666	-352.228	-289.074	6.44074	6	0	80.0566	15.3413	-7.40509	-353.419	15.3413	-7.40509	-353.419	
13127	17464	126.665	488.713	124.96	-99999	41.368	-0.900994	1	1	1	0	0	-293.957	-267.189	132.393	27.2067	-358.094	-298.952	-294.223	-283.879	-267.236	133.926	77.3697	27.2067	-358.792	-332.253	-298.952	4.95441	13	0	248.299	41.3946	19.2831	-319.812	41.3946	19.2831	-319.812	
13127	15714	233.685	568.846	232.911	-99999	60.899	-0.969797	1	1	1	1	0	-103.8	-80.5191	130.552	-96.7686	230.633	275.04	-84.7303	-73.3692	-61.3797	130.552	16.8625	-97.524	230.633	255.038	275.094	4.73428	8	0	45.866	60.9127	-55.5561	238.023	60.9127	-55.5561	238.023	
13127	9698	136.825	348.033	135.905	-99999	70.872	-0.851617	1	1	1	1	1	-220.682	-154.823	128.059	12.6762	359.592	383.392	-198.886	-167.234	-132.63	128.843	71.0983	12.6762	359.328	377.794	383.392	4.29626	7	0	69.1915	70.9035	10.5832	379.264	70.9035	10.5832	379.264	
13127	10178	190.922	461.637	189.141	-99999	9.152	-0.865671	1	1	1	1	1	-71.0611	-164.486	133.266	-26.3359	-314.628	-283.499	-67.925	-118.361	-161.768	133.783	54.7159	-27.4684	-314.745	-297.252	-283.748	7.0384	7	0	82.2438	9.1819	6.76764	-293.879	9.1819	6.76764	-293.879	
13127	59247	191.019	493.101	189.933	-99999	61.065	-0.870759	1	1	1	0	0	-161.197	-80.5685	132.694	-39.1212	-758.918	-760.882	-142.622	-99.9981	-61.4464	133.63	48.1888	-39.1212	-758.922	-758.878	-760.882	5.01479	10	0	50.5925	61.0786	-8.08562	-759.103	61.0786	-8.08562	-759.103	
13127	59967	30.0312	112.423	26.9036	-99999	103.248	-0.971595	0	0	0	0	0	-186.904	-191.852	128.381	102.111	389.787	392.616	-154.144	-157.188	-159.669	130.392	115.768	101.076	389.543	390.984	392.544	4.17944	6	0	92.2793	68.2209	73.6284	799.476	68.2209	73.6284	799.476	
13127	26970	155.345	361.813	155.125	-99999	82.393	-0.843773	1	1	1	1	1	-278.336	-196.902	133.522	3.82693	-633.472	-619.344	-291.401	-247.561	-209.85	133.706	69.7246	3.82693	-633.468	-633.609	-619.344	4.78121	11	0	59.3689	82.4136	12.0617	-619.441	82.4136	12.0617	-619.441	
13127	29490	287.319	710.933	284.198	-99999	65.776	-0.928165	1	1	1	1	1	-249.321	-304.291	131.669	-140.648	-858.5	-809.303	-249.297	-267.649	-304.977	132.704	-6.80688	-142.523	-858.934	-830.764	-809.515	5.08163	8	0	98.6342	65.7966	-30.016	-794.252	65.7966	-30.016	-794.252	
13127	29605	37.3722	161.22	36.3194	-99999	58.448	-0.696603	1	1	1	1	1	-194.423	-219.826	132.392	109.136	-192.516	-203.292	-184.84	-197.81	-210.861	132.855	120.856	108.826	-192.408	-198.282	-203.297	6.02958	10	0	102.147	58.4905	-0.587779	-238.466	58.4905	-0.587779	-238.466	
13127	21848	205.923	500.629	205.922	-99999	97.786	-0.671961	1	1	1	1	1	-236.411	-91.929	132.723	-4.96864	-466.837	-517.433	-205.79	-133.414	-61.3079	132.723	63.6892	-4.96864	-466.837	-491.241	-517.433	6.23734	9	0	53.5032	97.8153	11.5854	-566.578	97.8153	11.5854	-566.578	
13127	20786	70.9131	306.52	70.4289	-99999	41.8	-0.861756	1	1	1	1	1	-107.807	-74.3947	129.983	69.4206	639.221	626.655	-94.8926	-77.7347	-61.2768	130.299	99.9215	69.3588	639.274	633.12	626.638	4.97399	17	0	172.692	35.2863	53.9116	418.51	35.2863	53.9116	418.51	
13127	28220	216.49	541.054	214.208	37.2596	38.199	-0.952293	1	1	1	1	1	-231.697	-153.767	131.797	-66.84	-783.89	-795.515	-231.905	-196.148	-152.975	132.472	30.5341	-68.1777	-783.835	-790.044	-795.732	4.70881	9	0	82.8811	45.761	-64.1349	-579.581	45.761	-64.1349	-579.581	
13127	28460	71.7157	182.763	71.258	-99999	13.37	-0.585049	1	1	1	1	0	-162.872	-118.821	130.292	88.375	524.684	561.543	-158.99	-136.135	-114.634	130.557	109.247	88.375	524.473	542.051	561.543	4.46529	7	0	63.3646	13.4025	37.3315	581.805	13.4025	37.3315	581.805	
13127	9810	44.7517	137.23	41.4116	-99999	67.436	-0.991474	0	0	0	0	0	-245.907	-252.883	130.601	89.9298	-871.211	-870.76	-245.75	-248.617	-253.283	132.719	110.575	88.7872	-871.403	-872.231	-870.618	6.72955	9	0	76.1118	67.4471	36.6092	-806.168	67.4471	36.6092	-806.168	
13127	54721	225.034	585.651	224.27	71.0233	70.93	-0.892874	1	1	1	1	1	-144.707	-221.188	132.632	-63.1423	-142.137	-65.5681	-144.612	-179.709	-221.345	132.95	34.3221	-63.4696	-142.261	-101.392	-65.3955	6.27983	12	0	85.1916	70.9672	-7.30276	-101.969	70.9672	-7.30276	-101.969	
13127	20864	231.482	549.19	230.775	-99999	91.306	-0.925306	1	1	1	1	1	-237.422	-153.761	128.346	-79.07	-546.199	-600.995	-208.831	-164.993	-124.915	128.346	24.2533	-79.7197	-546.199	-570.912	-601.092	6.13459	8	0	74.0729	91.3447	-23.4438	-581.148	91.3447	-23.4438	-581.148	
13127	21944	68.7714	183.564	68.6684	-99999	39.054	-0.982436	1	1	0	0	0	-103.554	-102.393	133.861	65.6262	-655.085	-654.443	-91.3353	-90.2764	-90.1635	133.941	99.9376	65.6262	-655.074	-653.155	-654.443	4.58953	7	0	55.0144	39.0684	55.5862	-641.605	39.0684	55.5862	-641.605	
13127	20178	190.076	465.784	189.427	78.7823	80.531	-0.946241	1	1	1	1	1	-137.331	-219.902	133.12	-30.3223	660.148	702.938	-137.331	-172.926	-220.252	133.12	46.8133	-30.8077	660.148	676.732	703.107	5.41296	10	0	67.3962	80.5675	5.61973	669.516	80.5675	5.61973	669.516	
13127	21796	256.686	659.886	256.682	-99999	78.234	-0.925292	1	1	1	1	1	-210.305	-301.444	125.082	-107.887	50.8998	104.404	-210.394	-256.248	-301.533	125.082	8.20089	-107.887	50.8998	76.9404	104.404	5.96094	10	0	79.5189	78.2536	-21.9486	76.6506	78.2536	-21.9486	76.6506	
13127	24193	371.381	861.424	368.223	-99999	52.21	-0.819896	1	1	1	1	1	-327.91	-247.851	133.639	-150.187	-857.089	-639.091	-328.02	-291.621	-247.703	133.831	-9.55946	-152.858	-857.208	-745.083	-637.94	4.77761	8	0	59.1868	52.227	-7.76012	-727.865	52.227	-7.76012	-727.865	
13127	26376	136.931	376.765	135.757	42.7605	39.784	-0.978426	1	1	1	1	1	-242.569	-204.837	131.594	2.69577	-594.073	-582.311	-242.569	-226.903	-204.355	131.594	65.4073	1.8407	-594.073	-586.497	-582.918	9.92165	11	0	77.5063	40.9367	-36.9173	-278.148	40.9367	-36.9173	-278.148	
13127	26736	101.619	270.751	97.4403	-99999	33.121	-0.73167	0	0	0	0	0	-232.405	-292.86	132.079	60.6807	-613.998	-587.444	-232.267	-263.092	-294.281	132.293	94.9944	57.1557	-614.093	-598.668	-586.67	5.34548	7	0	68.6456	73.901	-4.40498	736.273	-27.259	1.15796	-265.416	
13127	30059	51.394	210.331	49.4438	-99999	36.658	-0.938038	1	0	0	0	0	-240.107	-250.204	132.037	86.2007	356.906	371.354	-240.149	-245.579	-250.173	132.037	108.363	84.3019	356.906	365.16	371.124	6.35052	15	0	124.053	36.6817	31.823	367.908	36.6817	31.823	367.908	
13127	26015	135.842	382.107	134.294	-99999	-9.156	-0.950872	1	1	1	1	1	-343.105	-330.466	132.705	11.3171	528.583	583.817	-343.165	-336.294	-330.422	133.545	71.7213	10.6972	528.323	554.935	584.035	6.16509	11	0	85.8826	-13.5094	-51.6573	81.0678	-13.5094	-51.6573	81.0678	
13127	25329	23.4982	250.283	22.6884	-99999	-3.888	-0.669888	1	1	1	1	1	-226.033	-233.288	132.49	115.083	-163.336	-175.108	-226.028	-230.72	-233.566	132.49	123.59	114.702	-163.336	-169.214	-175.763	13.3715	17	0	241.854	-3.85666	-39.1881	-317.609	54.1133	25.7092	-21.8988	
13127	29421	201.206	486.893	200.913	-99999	114.528	-0.466036	0	0	0	0	0	-190.512	-341.047	127.121	25.8793	38.8579	125.159	-208.509	-284.163	-359.261	127.121	76.8746	25.7307	38.8579	82.1089	125.285	5.00413	11	0	47.2978	-999999	-999999	-999999	-999999	-999999	-999999	
13127	29946	34.0607	163.369	33.6323	-99999	76.898	-0.783022	0	0	0	0	0	-244.529	-229.596	126.367	100.492	198.939	213.766	-232.655	-223.942	-217.542	126.538	113.205	100.319	198.851	204.833	213.817	8.6104	12	0	109.321	47.1762	-82.4265	704.768	47.1762	-82.4265	704.768	
13127	26709	135.705	264.85	118.091	-99999	58.013	-0.824692	1	1	1	0	0	-325.08	-269.156	133.222	32.2215	-428.435	-409.076	-325.146	-287.531	-264.741	133.222	78.0903	16.4138	-428.435	-416.287	-414.604	4.18522	14	0	66.9852	58.0278	30.6558	-407.904	58.0278	30.6558	-407.904	
13127	11719	204.293	510.965	203.056	-99999	102.789	-0.984306	0	0	0	0	0	-296.647	-316.59	132.663	-66.8176	737.798	763.057	-296.765	-303.321	-316.926	132.663	32.4956	-68.0178	737.798	755.367	762.908	4.06831	6	0	73.4285	-38.671	-25.6375	566.242	-38.671	-25.6375	566.242	
13127	28630	71.9963	253.316	71.5592	-99999	22.112	-0.799851	0	0	0	0	0	-296.888	-311.676	133.374	78.4048	531.395	574.077	-296.856	-305.573	-311.701	133.708	106.18	78.4048	531.156	552.604	574.077	9.68051	23	0	94.1603	-999999	-999999	-999999	-999999	-999999	-999999	
13127	32678	66.2848	373.448	65.5359	-99999	33.786	-0.509986	0	0	0	0	0	-235.183	-289.952	127.204	95.7679	691.653	704.623	-235.222	-263.058	-290.309	127.204	110.748	95.5714	691.653	698.67	704.703	6.14633	9	0	92.4242	-999999	-999999	-999999	-999999	-999999	-999999	
13127	536	166.994	394.932	166.793	-99999	46.64	-0.914974	1	1	0	0	0	-168.845	-99.7782	130.018	-19.7239	835.403	825.713	-154.24	-121.514	-85.0524	130.018	53.3614	-19.8764	835.403	839.748	825.674	5.21742	8	0	72.7172	46.6729	0.186901	802.657	46.6729	0.186901	802.657	
13127	30048	306.677	948.457	306.222	-99999	112.499	-0.888265	0	0	0	0	0	-223.109	-96.4943	132.846	-145.954	-287.556	-286.999	-187.88	-124.709	-61.0817	132.846	-6.86226	-146.366	-287.556	-287.094	-287.024	8.21019	8	0	88.9948	90.3263	-14.2024	-21.664	90.3263	-14.2024	-21.664	
13127	25511	401.486	525.983	375.728	-99999	-26.229	-0.298619	0	0	0	0	0	-226.482	-265.285	133.422	25.9637	-368.474	-722.825	-226.443	-254.197	-262.821	133.429	73.2255	45.2564	-368.453	-557.344	-739.268	10.9979	14	0	65.3385	10.895	68.3546	220.08	95.425	5.05516	-520.528	
13127	11849	313.581	722.017	313.199	-99999	-19.73	-0.983974	1	1	1	1	1	-346.072	-322.621	133.25	-165.732	181.95	267.228	-346.045	-337.365	-322.598	133.603	-18.3427	-165.732	181.887	218.891	267.228	6.89318	10	0	77.1609	-19.719	-14.3248	221.823	-19.719	-14.3248	221.823	
13127	24479	237.201	525.308	230.566	-99999	11.77	-0.883772	1	1	1	1	1	-64.9808	-170.398	42.7731	-161.717	331.607	339.713	-61.2951	-113.214	-168.353	42.7731	-63.5228	-167.885	331.607	338.973	338.153	4.19392	6	0	57.5014	11.7919	-12.6995	334.139	11.7919	-12.6995	334.139	
13127	57416	98.5025	266.861	98.4765	-99999	102.395	-0.80412	0	0	0	0	0	-276.831	-231.12	133.054	52.4469	-261.166	-230.182	-276.959	-252.103	-231.237	133.072	93.0022	52.4469	-261.174	-247.25	-230.182	4.4513	15	0	82.0946	-999999	-999999	-999999	-999999	-999999	-999999	
13127	25196	93.843	310.603	93.0817	-99999	99.536	-0.952877	1	1	1	1	1	-209.614	-226.426	130.885	41.2014	199.85	181.88	-193.973	-202.373	-210.806	130.885	85.4997	40.4922	199.85	191.469	181.612	9.79249	15	0	99.397	99.5674	-20.9903	174.601	99.5674	-20.9903	174.601	
13127	24649	168.485	501.79	167.656	-99999	99.257	-0.737551	1	1	1	1	1	-143.979	-240.759	133.173	11.684	-517.283	-580.291	-112.47	-161.275	-209.677	133.787	72.716	11.684	-516.929	-548.261	-580.291	4.80065	15	0	59.0173	99.2964	-30.4982	-600.044	99.2964	-30.4982	-600.044	
13127	27497	51.3332	209.378	51.2243	-99999	-13.768	-0.786044	1	1	1	1	1	-117.93	-114.725	129.894	88.8201	674.926	703.04	-122.241	-121.51	-119.037	129.894	109.658	88.8201	674.926	689.692	703.04	12.9109	7	0	118.815	-13.7577	-27.4669	766.329	-13.7577	-27.4669	766.329	
13127	7563	334.846	850.708	334.804	-99999	-20.533	-0.824067	1	1	1	1	1	-210.652	-295.43	127.623	-143.376	-317.426	-146.929	-210.629	-263.432	-295.406	127.623	-12.3938	-143.376	-317.426	-242.507	-146.929	6.51337	15	0	69.8125	-20.4954	-38.0294	-223.721	-20.4954	-38.0294	-223.721	
13127	25392	123.904	2783.82	116.186	90.9287	89.264	-0.624673	1	1	1	1	1	-184.142	-268.211	130.015	53.5996	592.668	616.541	-182.667	-227.733	-271.745	131.242	90.9383	49.108	592.199	605.652	616.646	1013.5	7	0	2191.53	89.2443	0.930753	625.992	89.2443	0.930753	625.992	
13127	29167	245.003	748.697	243.606	-99999	80.16	-0.570976	1	1	1	1	1	-143.913	-222.922	132.856	-6.57122	-283.431	-466.838	-131.317	-171.379	-210.617	132.856	62.3227	-7.22776	-283.431	-375.215	-468.034	4.98004	18	0	81.9895	80.1957	-31.607	-505.417	80.1957	-31.607	-505.417	
13127	28377	233.74	556.467	231.889	-30.7018	-30.747	-0.482177	1	1	1	1	1	-143.956	-269.883	132.634	9.9325	-714.412	-565.134	-143.733	-207.141	-270.897	132.84	69.9809	9.03823	-714.709	-639.443	-564.707	5.57564	8	0	82.8799	-30.7126	12.1177	-612.844	-30.7126	12.1177	-612.844	
13127	63273	263.237	716.588	257.916	87.9928	87.089	-0.809289	1	1	1	1	1	-193.129	-234.418	129.168	-86.5924	-524.958	-392.329	-193.128	-207.279	-234.731	132.641	25.1558	-87.5002	-527.456	-453.247	-391.949	5.90962	12	0	149.139	87.1303	-22.5833	-431.478	87.1303	-22.5833	-431.478	
13127	28641	261.595	594.333	261.405	-99999	98.774	-0.527396	1	1	1	1	1	-236.64	-240.609	131.452	-0.145932	626.82	401.442	-205.708	-208.3	-209.679	131.54	65.5617	-0.145932	626.962	514.332	401.442	4.74736	14	0	49.5238	98.8239	-24.5497	365.479	98.8239	-24.5497	365.479	
13127	29723	283.419	659.566	281.706	-17.8888	-18.699	-0.949211	1	1	1	1	1	-202.298	-245.563	132.701	-128.016	840.43	745.32	-202.298	-228.161	-245.66	132.701	0.0173143	-129.573	840.43	798.001	744.692	11.0945	6	0	93.5043	-18.6618	-27.4668	757.7	-18.6618	-27.4668	757.7	
13127	26438	222.308	9409.09	222.082	-99999	-1.687	-0.676658	1	1	1	1	1	-316.732	-172.885	133.168	-11.5648	672.634	588.732	-316.863	-246.81	-172.885	133.319	57.7785	-11.5648	672.72	631.36	588.732	5.34702	12	0	81.8422	-1.66484	8.384	621.145	-1.66484	8.384	621.145	
13127	25850	229.046	604.834	228.288	-99999	-12.11	-0.952362	1	1	1	1	1	-219.495	-231.386	132.692	-85.0409	328.974	391.167	-219.42	-232.197	-231.319	133.011	24.2261	-85.4342	328.884	362.037	391.179	8.06348	9	0	100.636	-12.4176	22.7753	-560.901	5.29241	-31.4663	-286.375	
13127	25311	201.288	486.666	200.587	-99999	52.302	-0.955904	1	1	1	1	1	-243.894	-287.646	132.32	-56.8231	65.6563	108.705	-243.765	-267.896	-287.706	132.975	36.3667	-56.8231	65.565	79.9163	108.705	5.52487	9	0	66.8541	52.3246	-5.79234	87.7946	52.3246	-5.79234	87.7946	
13127	64211	221.296	552.895	220.123	44.8141	42.923	-0.817664	1	1	1	1	1	-280.418	-164.436	133.118	-51.0395	-283.467	-290.806	-280.418	-212.284	-164.26	133.118	46.0606	-52.1932	-283.467	-286.677	-290.78	27.5832	6	0	105.447	42.9473	-10.2199	-284.465	42.9473	-10.2199	-284.465	
13127	27814	132.504	357.34	130.939	-99999	52.477	-0.889423	1	1	1	1	1	-266.177	-298.361	131.551	14.9162	-808.68	-760.299	-266.206	-283.749	-298.972	131.658	74.0025	13.5903	-808.725	-781.23	-760.167	5.01355	8	0	84.5303	52.5158	9.53739	-213.981	52.5158	9.53739	-213.981	
13127	25413	321.285	945.371	295.991	-99999	71.729	-0.969316	1	1	1	1	1	-314.094	-281.672	133.114	-155.894	-718.577	-664.099	-314.202	-297.114	-277.652	134.074	-22.7174	-179.713	-718.828	-688.458	-663.288	4.96279	11	0	86.8293	71.769	-41.3698	-661.011	71.769	-41.3698	-661.011	
13127	24238	261.332	682.552	260.593	-99999	-0.371	-0.924587	1	1	1	1	1	-178.832	-244.822	129.058	-103.392	-744.779	-649.048	-178.799	-207.152	-245.109	129.218	9.84465	-103.838	-744.833	-700.317	-648.881	6.17075	8	0	136.73	-0.347464	-20.5839	-680.434	-0.347464	-20.5839	-680.434	
13127	26512	165.391	411.783	165.153	-99999	107.855	-0.966539	0	0	0	0	0	-317.253	-320.665	133.091	-25.5055	403.674	443.838	-317.339	-326.081	-320.788	133.309	54.1221	-25.5055	403.629	424.838	443.838	4.39964	14	0	78.5212	-999999	-999999	-999999	-999999	-999999	-999999	
13127	25193	28.8331	108.781	28.7851	-99999	81.28	-0.609142	1	1	1	1	1	-214.201	-197.309	132.201	114.745	347.393	362.82	-227	-218.709	-210.081	132.23	123.3	114.745	347.366	355.064	362.82	10.8046	13	0	74.3621	81.3168	-4.69607	435.269	81.3168	-4.69607	435.269	
13127	952	305.188	709.246	301.221	-99999	10.836	-0.98021	1	1	1	1	1	-204.373	-140.064	131.144	-162.245	-303.086	-296.886	-201.179	-167.305	-136.17	132.198	-16.3441	-165.077	-302.988	-303.231	-297.096	5.02376	13	0	72.7257	10.8643	-34.8681	-301.656	10.8643	-34.8681	-301.656	
13127	25335	218.893	572.448	217.901	25.4682	24.68	-0.987753	1	1	1	1	1	-216.277	-194.624	131.257	-83.4563	-659.58	-648.188	-216.379	-196.868	-194.668	131.928	24.533	-83.7494	-659.588	-652.352	-648.203	5.79934	11	0	94.1745	24.704	-16.7615	-649.125	24.704	-16.7615	-649.125	
13127	26548	163.405	397.44	163.404	-99999	83.677	-0.683192	0	0	0	0	0	-298.677	-240.413	32.2889	-87.6716	-893.285	-799.594	-298.773	-268.855	-240.509	32.2889	-25.7376	-87.6716	-893.285	-844.194	-799.594	4.38257	13	0	77.5804	71.7458	66.9211	412.484	14.7658	-20.6033	-791.914	
13127	29907	198.343	492.739	196.472	-99999	67.049	-0.90083	1	1	1	1	1	-203.997	-143.905	132.426	-48.0975	-280.994	-238.258	-183.001	-154.191	-122.418	132.426	41.3888	-49.8486	-280.994	-254.614	-238.667	4.02574	17	0	81.977	68.588	-21.9578	-259.281	68.588	-21.9578	-259.281	
13127	24639	261.076	631.363	260.947	50.8272	50.063	-0.917984	1	1	1	1	1	-203.517	-294.297	132.483	-96.1042	102.886	188.18	-203.495	-246.684	-294.307	132.58	15.5309	-96.1201	102.855	140.866	188.186	9.75822	9	0	88.2683	50.0834	-20.8566	163.345	50.0834	-20.8566	163.345	
13127	25959	247.153	657.003	247.123	-99999	47.042	-0.666827	1	1	1	1	1	-202.069	-75.9556	-153.38	8.88568	-894.782	-757.688	-61.2103	-125.027	-187.338	8.90512	-72.735	-153.38	-757.672	-824.982	-894.782	5.00144	665	0	657.003	47.0652	-26.7339	-777.105	47.0652	-26.7339	-777.105	
13127	24819	21.8973	95.0268	21.1607	-99999	111.714	-0.937957	0	0	0	0	0	-246.627	-251.349	132.696	112.162	650.796	651.557	-246.751	-249.938	-251.673	132.707	122.259	111.482	650.796	650.986	651.595	6.00811	9	0	91.7182	98.7942	-19.8312	751.772	25.6542	34.9611	686.823	
13127	63606	310.237	1040.04	309.327	-99999	96.96	-0.963686	1	1	1	1	1	-131.695	-91.7948	133.652	-169.794	291.973	248.254	-101.551	-81.1237	-61.4323	134.51	-17.7739	-169.794	292.104	271.049	248.254	23.0413	13	0	51.62	96.9855	-40.1714	262.631	96.9855	-40.1714	262.631	
13127	28305	111.945	299.424	109.893	-99999	31.842	-0.853205	1	1	1	1	0	-230.247	-281.279	132.903	42.0469	267.894	300.361	-230.184	-252.326	-282.236	133.084	83.9921	40.6993	267.836	282.978	301.198	4.99901	12	0	82.892	31.862	18.2307	292.083	31.862	18.2307	292.083	
13127	24354	284.891	677.597	281.641	-99999	6.384	-0.920623	1	1	1	1	1	-228.779	-320.758	132.25	-119.815	526.772	608.13	-228.786	-268.186	-321.442	132.25	1.61842	-122.884	526.772	566.688	608.929	5.90865	16	0	80.0554	6.42034	-41.2957	580.427	6.42034	-41.2957	580.427	
13127	25194	416.887	882.772	416.349	-99999	63.127	-0.467235	1	1	1	1	1	-220.4	-205.227	130.494	-69.2052	234.876	-125.476	-210.48	-204.762	-195.307	130.494	32.4914	-69.2052	234.876	51.251	-125.476	7.7334	14	0	83.9718	63.1577	-33.1334	727.505	-5.54233	-71.1509	-124.315	
13127	49150	202.033	428.352	190.383	-27.6042	-26.46	-0.651512	1	1	1	1	1	-164.511	-308.341	132.584	13.8562	-31.8404	5.56739	-163.635	-239.896	-316.167	133.389	70.0715	7.20342	-32.1241	-12.7278	7.3126	5.87201	6	0	44.4796	-26.4276	-13.3442	15.3481	-26.4276	-13.3442	15.3481	
13127	31455	84.3228	236.572	83.6863	-99999	66.764	-0.871377	1	0	0	0	0	-317.285	-274.02	133.047	65.0841	-818.463	-796.967	-317.645	-295.288	-274.096	133.602	99.1553	65.0841	-818.577	-809.22	-796.967	4.26666	9	0	75.7569	66.7834	47.4026	-783.782	66.7834	47.4026	-783.782	
13127	64052	301.496	671.846	298.572	-99999	55.44	-0.700256	1	1	1	1	1	-217.841	-119.24	129.545	-98.9693	-551.129	-711.811	-210.806	-152.9	-110.528	131.597	15.5662	-98.9693	-549.917	-626.482	-711.811	6.77521	13	0	60.6363	55.46	-31.6455	-659.555	55.46	-31.6455	-659.555	
13127	32195	47.6102	145.878	46.7833	-99999	12.066	-0.940617	1	0	0	0	0	-194.369	-178.992	132.786	88.7121	-15.0076	-13.3154	-190.669	-182.635	-175.093	132.98	110.58	88.1112	-15.0009	-15.0205	-13.2542	4.0128	8	0	78.7086	12.1036	-35.7811	38.2863	12.1036	-35.7811	38.2863	
13127	31632	210.317	565.304	209.795	-99999	92.471	-0.774918	1	1	1	1	1	-215.814	-271.454	132.548	-40.7819	63.8913	165.965	-215.748	-247.203	-271.56	132.946	50.4034	-40.7819	63.6065	120.639	165.965	8.93539	12	0	97.711	92.499	-2.51793	139.367	92.499	-2.51793	139.367	
13127	30938	97.5383	268.693	96.703	-99999	98.509	-0.384321	1	1	1	1	1	-151.823	-225.537	133.497	99.215	-672.892	-725.196	-136.343	-173.322	-210.663	133.497	115.681	98.9933	-672.892	-699.203	-725.724	7.07669	11	0	55.9921	98.5382	26.8114	-761.689	98.5382	26.8114	-761.689	
13127	30817	232.802	816.254	231.145	-38.6452	-38.817	-0.791684	1	1	1	1	1	-278.876	-146.459	133.152	-45.5664	-828.177	-765.536	-279.056	-212.401	-145.803	133.411	43.5243	-46.6844	-828.265	-796.245	-765.555	5.48116	9	0	333.328	-38.8006	-49.5498	-744.513	34.1494	-8.99644	-775.907	
13127	32012	261.405	590.339	261.06	-99999	-7.748	-0.713894	1	1	1	1	1	-62.1472	-246.608	86.906	-96.7072	250.974	269.537	-62.1472	-153.833	-246.811	86.906	-5.8257	-96.9837	250.974	259.739	269.554	9.53535	7	0	51.2632	-7.72524	-11.4804	254.368	-7.72524	-11.4804	254.368	
13127	30286	196.083	747.79	193.796	-99999	23.178	-0.463579	1	1	1	1	1	-205.826	-146.875	131.234	38.9833	-393.033	-233.175	-198.584	-168.678	-138.988	131.257	85.3832	37.5906	-393.074	-311.753	-231.545	5.20694	7	0	314.271	23.2148	-42.7644	-98.7046	23.2148	-42.7644	-98.7046	
13127	703	402.801	2339.19	401.922	16.7262	14.894	-0.731453	1	1	1	1	1	-351.204	-154.588	132.951	-143.359	435.295	223.858	-351.576	-258.002	-154.588	133.591	-8.21895	-143.359	435.756	327.745	223.858	4.10935	14	0	77.1451	14.9107	2.29199	342.956	14.9107	2.29199	342.956	
13127	14630	24.975	74.2997	24.804	-99999	-11.065	-0.814299	0	0	0	0	0	-93.4501	-83.3507	130.348	109.431	534.535	525.906	-96.9867	-91.7834	-86.8157	130.472	119.967	109.431	534.616	530.352	525.906	4.19943	17	0	62.5173	-12.0326	42.1322	365.945	-12.0326	42.1322	365.945	
13127	34611	71.9168	243.59	69.5442	-99999	41.995	-0.940978	1	1	0	0	0	-254.944	-256.267	130.592	64.1618	72.4891	81.0164	-254.992	-255.844	-256.411	130.592	96.8514	63.4549	72.4891	76.6628	80.5538	7.22635	11	0	101.16	42.0149	26.3462	75.6891	42.0149	26.3462	75.6891	
13127	61517	302.116	782.341	302.105	362.212	38.594	-0.904761	1	1	1	1	1	-108.027	-271.918	133.469	-117.19	772.225	788.383	-108.027	-191.967	-271.918	133.469	8.22728	-117.19	772.225	777.146	788.383	5.91018	10	0	80.3316	38.218	-1.28772	665.292	38.218	-1.28772	665.292	
13127	40968	276.208	670.909	275.771	-99999	40.14	-0.932416	1	1	1	1	1	-346.04	-270.393	133.438	-125.203	452.971	502.682	-346.217	-298.123	-270.439	133.841	8.00725	-125.203	452.895	482.818	502.682	4.82846	9	0	93.0222	40.1506	-23.2814	477.21	40.1506	-23.2814	477.21	
13127	31734	466.677	1103.14	465.215	26.7482	27.493	-0.518101	1	1	1	1	1	-159.609	-240.381	133.291	-102.49	-62.1203	328.735	-159.605	-189.596	-240.681	133.345	21.0423	-103.301	-62.2057	139.878	329.771	4.58711	15	0	83.6933	27.542	-14.3462	156.826	27.542	-14.3462	156.826	
13127	50171	128.832	279.891	128.089	-99999	85.59	-0.844743	1	1	1	1	0	-156.524	-88.1266	128.767	20.4924	676.483	678.526	-130.119	-95.6068	-61.3246	129.393	75.0193	20.4924	676.461	677.733	678.526	4.0232	6	0	44.3129	85.6067	19.8954	670.359	85.6067	19.8954	670.359	
13127	8704	349.444	893.778	329.587	50.5023	49.059	-0.84902	1	1	1	1	1	-349.94	-196.532	117.813	-162.743	-703.649	-760.581	-358.982	-276.921	-195.777	133.661	-19.9339	-163.788	-702.565	-715.62	-761.471	5.39998	13	0	82.587	53.9183	-28.6318	-333.516	28.3483	13.1235	-691.344	
13127	30949	305.816	743.392	304.515	-16.1543	-17.431	-0.923657	1	1	1	1	1	-253.854	-147.76	132.267	-144.198	-156.978	-216.441	-254.098	-194.341	-147.572	132.937	-6.54998	-144.703	-156.874	-174.213	-216.641	5.35075	12	0	81.5623	-17.4029	-30.194	-184.508	-17.4029	-30.194	-184.508	
13127	34776	152.378	391.292	152.363	-99999	86.583	-0.996185	1	1	1	1	1	-217.079	-215.684	132.675	-19.0258	-341.128	-340.503	-203.572	-205.107	-202.177	132.675	56.6335	-19.0258	-341.128	-339.424	-340.503	6.07206	8	0	75.3842	86.619	-1.91351	-342.185	86.619	-1.91351	-342.185	
13127	31168	208.209	435.32	204.923	-99999	35.699	-0.728152	1	1	1	1	1	-66.8942	-216.508	127.968	-10.8244	-152.019	-169.506	-59.0734	-133.371	-210.898	130.362	57.9548	-10.8244	-151.623	-159.84	-169.506	5.80746	7	0	45.7737	35.6965	-47.3174	12.1336	35.6965	-47.3174	12.1336	
13127	35008	109.011	410.603	106.584	-99999	-2.734	-0.76713	1	1	1	1	1	-268.647	-333.538	132.459	49.336	-259.175	-248.854	-268.429	-302.436	-334.617	132.715	90.7916	47.5718	-259.218	-251.689	-249.031	10.1589	7	0	88.3372	-2.70562	23.5763	-241.065	-2.70562	23.5763	-241.065	
13127	60688	82.1468	239.531	82.1451	-99999	-37.144	-0.78166	0	0	0	0	0	-309.562	-273.047	134.8	71.9929	-494.19	-456.655	-309.52	-293.341	-273.005	134.8	103.314	71.9929	-494.19	-473.379	-456.655	5.6338	10	0	81.7309	-999999	-999999	-999999	-999999	-999999	-999999	
13127	35703	318.94	840.415	311.714	80.9611	81.216	-0.88448	1	1	1	1	1	-184.858	-223.068	126.663	-130.689	-656.717	-486.342	-184.059	-198.921	-223.068	132.925	1.15981	-130.689	-660.146	-571.857	-486.342	4.694	11	0	66.6959	81.2446	-20.4787	-560.014	81.2446	-20.4787	-560.014	
13127	12372	240.66	824.491	230.389	47.3528	45.598	-0.785798	1	1	1	1	1	-189.124	-336.866	133.036	-40.6161	630.059	599.55	-189.124	-267.366	-339.192	133.036	42.9637	-50.4401	630.059	614.546	600.88	8.06132	8	0	120.653	45.6067	-25.348	605.912	45.6067	-25.348	605.912	
13127	8476	310.107	782.777	308.275	16.3939	16.342	-0.896972	1	1	1	1	1	-148.056	-276.081	132.171	-138.17	106.398	176.058	-147.858	-210.397	-276.732	132.681	-3.31675	-139.243	106.248	146.386	176.136	4.72379	7	0	82.6163	16.3695	-23.6623	150.963	16.3695	-23.6623	150.963	
13127	15027	235.485	1018.76	234.666	-99999	-37.038	-0.804896	1	1	1	1	1	-344.452	-216.029	133.586	-48.7023	195.525	268.524	-339.05	-274.785	-210.209	134.247	42.3291	-48.7023	195.284	231.101	268.524	8.48175	11	0	304.197	-37.0236	-24.2335	209.212	-37.0236	-24.2335	209.212	
13127	30987	91.3648	248.075	91.3311	109.411	108.234	-0.828176	0	0	0	0	0	-169.258	-235.507	133.596	72.574	496.135	495.227	-169.258	-198.725	-235.507	133.596	98.93	72.574	496.135	494.988	495.227	5.66264	7	0	71.7546	98.5304	42.4215	-346.614	7.26039	-45.0866	373.96	
13127	32068	267.622	659.381	266.081	-99999	60.747	-0.481065	1	1	1	1	1	-257.78	-321.327	132.976	-15.9431	216.407	421.118	-257.728	-297.777	-321.287	133.13	67.3508	-17.1254	216.152	325.476	421.348	4.82312	10	0	67.5926	60.7838	10.0477	355.422	60.7838	10.0477	355.422	
13127	10074	256.744	483.406	248.055	-99999	-15.928	-0.994713	1	1	1	1	1	-179.674	-190.065	131.587	-112.815	-707.269	-683.677	-184.622	-191.628	-194.022	132.951	5.92874	-119.361	-707.411	-697.349	-683.159	14.8649	9	0	61.059	-15.8981	-20.6834	-692.059	-15.8981	-20.6834	-692.059	
13127	33314	187.618	473.134	186.503	64.5422	63.762	-0.904647	1	1	1	1	1	-226.21	-155.747	131.765	-34.9306	226.409	183.37	-226.392	-190.925	-155.609	132.355	48.5666	-35.3176	226.615	204.359	183.172	6.56769	12	0	80.1138	63.7903	-6.22518	195.224	63.7903	-6.22518	195.224	
13127	51015	305.12	708.226	302.6	32.3977	31.299	-0.863942	1	1	1	1	1	-286.036	-121.029	132.833	-116.61	-602.447	-635.434	-287.06	-203.348	-120.903	134.663	8.13243	-116.963	-602.215	-616.97	-635.591	5.15673	13	0	83.9089	22.8478	-35.2469	301.288	-19.7522	-7.83251	-112.412	
13127	31787	155.885	1175.62	155.361	-99999	100.002	-0.71625	1	1	1	1	1	-144.124	-225.931	133.232	24.3437	-26.1556	-99.633	-128.363	-169.561	-210.415	133.305	79.9703	23.9851	-26.103	-65.2313	-99.6994	5.36414	8	0	109.732	100.039	-29.8011	-150.437	100.039	-29.8011	-150.437	
13127	35218	48.3528	162.51	47.1462	-99999	18.606	-0.802643	1	0	0	0	0	-309.808	-307.176	132.747	89.8724	433.556	451.291	-309.854	-309.719	-307.137	133.084	112.141	89.1045	433.489	445.039	451.316	6.05405	10	0	88.7307	27.751	-92.9505	-136.256	-43.229	-68.4771	514.598	
13127	2137	208.735	505.93	208.732	-99999	39.054	-0.880895	1	1	1	1	1	-354.523	-269.941	80.3711	-101.024	-90.1315	-33.0524	-354.568	-311.323	-269.986	80.3711	-10.1742	-101.024	-90.1315	-61.7157	-33.0524	5.76299	15	0	85.2455	39.0812	-10.6116	-60.5814	39.0812	-10.6116	-60.5814	
13127	13479	27.8197	109.88	25.7728	-99999	78.43	-0.888803	0	0	0	0	0	-226.402	-231.779	130.993	106.877	-776.509	-771.927	-226.558	-227.275	-232.132	132.13	119.156	106.324	-777.059	-773.034	-771.918	4.49206	7	0	79.41	78.4611	31.1717	-759.441	78.4611	31.1717	-759.441	
13127	53393	185.967	547.972	177.55	-99999	-46.881	-0.895748	1	1	1	1	1	-112.008	-191.295	116.226	-42.4678	-888.994	-882.145	-126.688	-168.249	-209.788	116.226	33.1332	-49.9583	-888.994	-885.243	-881.78	8.20702	12	0	73.7537	-46.8451	-24.541	-802.41	-46.8451	-24.541	-802.41	
13127	30798	129.248	334.031	129.245	-99999	69.666	-0.952938	1	1	1	1	1	-233.2	-262.469	133.173	12.4616	-538.992	-507.391	-233.28	-245.476	-262.549	133.173	70.7727	12.4616	-538.992	-527.537	-507.391	5.11896	10	0	63.7781	69.6883	6.29294	-523.744	69.6883	6.29294	-523.744	
13127	32119	121.342	336.648	119.997	-99999	-5.82	-0.737554	1	1	1	0	0	-172.089	-216.657	131.756	45.3821	-307.351	-237.4	-171.594	-194.515	-216.657	132.745	89.4876	45.3821	-308.102	-272.323	-237.4	5.07257	14	0	107.051	-5.77805	14.414	-258.492	-5.77805	14.414	-258.492	
13127	32839	326.464	721.601	250.289	-99999	75.582	-0.982919	1	1	1	1	1	-188.015	-216.468	132.556	-107.718	-346.804	-283.367	-164.339	-181.429	-201.463	132.704	-24.5474	-180.196	-346.829	-306.93	-262.361	7.39322	8	0	99.5254	75.6108	-20.4505	-309.231	75.6108	-20.4505	-309.231	
13127	32134	362.102	1247.06	361.139	-25.5593	-26.705	-0.668839	1	1	1	1	1	-318.154	-88.2129	133.301	-80.877	478.443	647.695	-318.2	-206.277	-87.5229	133.355	18.8917	-81.0562	478.403	562.657	648.192	4.41143	6	0	65.7409	-26.674	-31.8559	586.798	-26.674	-31.8559	586.798	
13127	32336	163.697	398.464	162.875	21.2518	-24.059	-0.521148	0	0	0	0	0	-334.953	-200.511	133.194	75.1211	-720.219	-650.651	-334.953	-268.867	-199.914	133.194	98.5553	75.1868	-720.219	-686.961	-650.161	5.46922	6	0	72.7234	19.0501	30.4072	-676.136	19.0501	30.4072	-676.136	
13127	31040	147.097	380.234	146.039	-99999	28.524	-0.898834	1	1	1	1	0	-195.361	-135.811	132.544	-0.145937	-273.122	-266.666	-186.5	-155.451	-126.444	132.684	66.272	-0.927977	-273.12	-268.049	-266.718	5.24977	6	0	73.7955	28.549	9.42344	-261.938	28.549	9.42344	-261.938	
13127	36112	66.0746	203.682	65.8999	-99999	73.159	-0.846767	0	0	0	0	0	-221.715	-254.067	132.499	79.061	379.939	400.895	-221.799	-237.878	-254.235	132.499	105.563	78.919	379.939	390.275	400.952	7.52106	11	0	79.3062	27.1085	28.5933	274.997	27.1085	28.5933	274.997	
13127	41860	247.273	639.31	247.267	-99999	94.778	-0.952302	1	1	1	1	1	-132.025	-225.363	133.068	-94.7427	-531.614	-527.825	-117.131	-163.75	-210.469	133.068	18.7598	-94.7427	-531.614	-528.332	-527.825	5.17908	9	0	69.9111	94.8058	-6.79424	-529.704	94.8058	-6.79424	-529.704	
13127	39713	302.051	585.029	301.918	-887.901	81.981	-0.824798	0	0	0	0	0	-147.374	-273.16	128.068	-118.008	244.081	364.591	-147.374	-210.021	-273.16	128.068	4.39578	-118.008	244.081	303.435	364.591	14.7022	13	0	37.5262	-14.7164	29.3958	119.908	-14.7164	29.3958	119.908	
13127	40935	270.448	689.405	270.181	103.868	103.527	-0.672082	0	0	0	0	0	-235.424	-85.0092	133.142	-41.9813	397.035	259.191	-235.442	-154.59	-84.9027	133.163	44.0664	-42.1565	397.05	335.445	259.082	5.04954	12	0	75.1836	20.2792	-47.4742	638.847	20.2792	-47.4742	638.847	
13127	13814	164.305	1757.16	164.063	63.9735	63.263	-0.660311	1	1	1	1	1	-110.87	-224.192	133.357	26.1712	341.748	390.776	-110.87	-166.974	-224.34	133.357	80.8114	25.9883	341.748	370.368	390.811	13.1645	7	0	87.1813	69.0126	-41.5135	78.7269	97.9526	-83.0892	355.661	
13127	43849	255.637	642.137	254.781	-99999	74.634	-0.869467	1	1	1	1	1	-231.853	-92.2542	131.471	-78.8969	703.771	724.344	-208.482	-138.16	-68.6353	131.471	25.2774	-79.706	703.771	713.161	724.382	18.1503	7	0	139.894	74.6592	-44.9211	713.805	74.6592	-44.9211	713.805	
13127	49578	174.042	290.501	172.463	-99999	99.698	-0.812846	1	1	1	0	0	-186.681	-92.3964	129.255	-9.48746	838.739	878.73	-156.326	-108.651	-61.1766	130.534	60.5686	-9.48746	838.432	858.517	878.73	4.1976	6	0	46.1414	99.7209	9.86493	824.501	99.7209	9.86493	824.501	
13127	13635	252.965	593.453	252.276	-99999	-7.796	-0.862905	1	1	1	0	0	-190.701	-74.9481	129.784	-93.7406	856.731	857.173	-193.487	-130.702	-77.3894	130.376	20.6519	-93.7406	856.706	859.43	857.173	7.45979	10	0	80.912	-7.76753	-54.8969	816.501	-7.76753	-54.8969	816.501	
13127	16275	58.2709	170.246	53.9454	-99999	82.685	-0.684848	1	0	0	0	0	-108.422	-116.164	130.348	92.2252	130.206	166.504	-82.4524	-85.5822	-91.4153	130.738	108.572	89.7092	129.777	148.215	168.619	6.49852	11	0	88.6964	82.718	61.4491	167.391	82.718	61.4491	167.391	
13127	36446	23.1066	86.9541	22.5564	-99999	91.17	-0.990991	0	0	0	0	0	-174.871	-174.558	132.652	110.154	-387.447	-387.151	-146.34	-145.724	-146.022	132.852	121.358	109.841	-387.427	-387.701	-387.122	8.41526	6	0	76.5133	91.1863	41.5048	-386.807	91.1863	41.5048	-386.807	
13127	36686	223.051	1187.03	216.489	-99999	-14.362	-0.60889	1	1	1	1	1	-103.29	-152.494	130.15	-2.04877	443.517	607.712	-107.728	-133.119	-158.8	130.312	62.2706	-5.65875	443.314	527.949	612.513	76.1355	7	0	686.904	-14.3162	-27.9167	627.346	-14.3162	-27.9167	627.346	
13127	36686	260.421	512.635	260.317	-99999	-27.242	-0.773022	1	1	1	1	1	-255.1	-275.336	132.821	-76.394	-412.593	-261.134	-255.069	-265.958	-275.307	132.821	27.7442	-76.3972	-412.593	-337.333	-261.132	5.76732	14	0	78.7128	-27.2162	-12.9038	-280.457	-27.2162	-12.9038	-280.457	
13127	38246	225.678	481.856	225.437	-99999	-22.275	-0.962128	1	1	1	1	1	-277.558	-307.191	132.155	-84.0774	-424.74	-374.756	-277.532	-285.195	-307.245	132.155	24.2376	-84.2738	-424.74	-395.008	-374.709	4.41224	8	0	66.6823	-22.2566	-15.1073	-383.538	-22.2566	-15.1073	-383.538	
13127	40033	213.41	530.558	213.154	-99999	79.345	-0.940955	1	1	1	0	0	-347.354	-263.737	133.877	-55.3852	-877.247	-832.017	-347.518	-310.034	-263.828	134.115	35.7769	-55.3852	-877.286	-860.042	-832.017	5.46431	10	0	80.5124	79.3589	2.11553	-811.477	79.3589	2.11553	-811.477	
13127	41856	109.025	305.603	108.237	-99999	-10.918	-0.347633	1	1	1	1	1	-356.256	-260.376	69.0903	31.8513	370.984	404.668	-356.454	-308.206	-259.874	69.1733	50.4164	31.6536	370.907	387.989	404.817	4.68748	7	0	71.8877	-10.9088	5.17313	408.184	-10.9088	5.17313	408.184	
13127	13584	153.96	577.057	153.607	-851.101	-41.609	-0.70061	0	0	0	0	0	-272.351	-185.441	132.905	17.1757	194.149	145.58	-272.547	-224.266	-185.441	133.144	78.9924	17.1757	194.277	168.793	145.58	5.37892	10	0	61.5063	-13.4437	-41.6006	-215.305	19.9563	-31.5333	545.52	
13127	14608	204.545	538.556	204.26	-99999	16.477	-0.968614	1	1	1	1	1	-328.194	-272.537	133.015	-53.9119	366.085	415.297	-328.213	-304.168	-272.455	133.015	34.7209	-54.1104	366.085	380.617	415.462	5.21746	13	0	88.5789	16.4971	9.66172	389.192	16.4971	9.66172	389.192	
13127	40797	314.432	1169.19	314.234	-99999	108.933	-0.901531	0	0	0	0	0	-194.215	-244.225	133.567	-142.45	-733.962	-874.968	-160.084	-185.261	-210.113	133.739	-4.07926	-142.45	-733.883	-805.162	-874.968	6.04844	12	0	79.2881	58.738	20.8548	86.8996	7.86802	-21.1164	-818.716	
13127	48263	71.8941	205.822	71.2835	70.5753	70.058	-0.772129	0	0	0	0	0	-222.687	-185.305	131.983	72.0489	-120.477	-127.422	-222.738	-201.992	-185.087	132.045	102.981	71.5688	-120.47	-123.264	-127.47	5.01657	9	0	84.4501	70.1031	17.756	-129.261	70.1031	17.756	-129.261	
13127	53783	324.234	799.651	323.862	-99999	2.581	-0.978013	1	1	1	1	1	-294.614	-228.904	133.54	-168.029	436.02	525.386	-294.622	-272.87	-228.815	133.686	-21.0094	-168.183	436.001	479.136	525.511	6.09725	13	0	92.344	2.58684	-21.7447	475.454	2.58684	-21.7447	475.454	
13127	54143	128.702	332.405	128.093	-99999	43.86	-0.672416	1	1	1	1	0	-355.345	-263.216	120.376	34.1683	-152.151	-139.61	-355.834	-308.525	-263.266	120.783	77.2468	34.1683	-152.072	-152.965	-139.61	6.10286	11	0	80.4858	43.8715	34.9908	-158.808	43.8715	34.9908	-158.808	
13127	40499	235.917	599.92	235.475	-99999	51.813	-0.924314	1	1	1	1	1	-131.942	-225.834	133.329	-81.7909	-746.756	-728.858	-115.552	-162.472	-209.609	133.736	25.8268	-81.7909	-746.786	-738.716	-728.858	5.25829	8	0	64.0929	51.8334	-14.2163	-723.972	51.8334	-14.2163	-723.972	
13127	41840	131.322	346.847	131.253	-99999	65.588	-0.970152	1	1	1	0	0	-314.821	-319.48	131.004	2.59989	-556.443	-531.08	-314.896	-319.043	-319.547	131.004	66.8438	2.54337	-556.443	-543.924	-531.068	6.95236	10	0	90.8115	65.6032	25.69	-544.557	65.6032	25.69	-544.557	
13127	41610	296.144	621.678	292.85	-99999	3.96	-0.920768	1	1	1	1	1	-329.586	-294.601	129.937	-139.469	216.429	321.084	-329.765	-307.613	-294.63	130.882	-6.55717	-140.323	216.066	266.406	321.45	6.17775	12	0	43.8884	3.9771	-13.7235	272.727	3.9771	-13.7235	272.727	
13127	39125	265.897	633.798	265.148	-99999	83.414	-0.926092	1	1	1	1	1	-311.603	-252.487	133.36	-112.369	439.908	516.48	-311.809	-277.724	-252.532	133.799	12.8481	-112.633	439.768	482.811	516.514	5.70309	8	0	95.8763	83.4277	-14.1472	483.746	83.4277	-14.1472	483.746	
13127	41154	190.28	400.465	188.931	-99999	-33.39	-0.76424	1	1	1	1	1	-271.616	-269.898	131.501	-14.0471	-717.002	-598.434	-271.615	-264.33	-269.874	131.955	58.3037	-14.6061	-717.387	-658.383	-597.969	6.23045	13	0	45.5932	-33.3781	2.50986	-630.985	-33.3781	2.50986	-630.985	
13127	41514	327.982	941.092	327.978	-99999	38.886	-0.897211	1	1	1	1	1	-203.788	-118.336	133.156	-171.596	-610.212	-695.85	-191.611	-147.361	-106.159	133.156	-18.4429	-171.596	-610.212	-654.218	-695.85	4.02961	12	0	120.653	38.9162	-33.5563	-657.552	38.9162	-33.5563	-657.552	
13127	37018	254.758	7005.78	252.008	-99999	113.476	-0.986631	0	0	0	0	0	-135.887	-96.9997	128.142	-120.773	417.268	413.763	-100.696	-81.0158	-61.3755	130.317	4.5084	-121.299	417.382	415.825	413.742	4.21078	8	0	50.2405	-0.309588	65.9067	-179.213	-48.5196	-3.22553	848.814	
13127	41098	204.001	498.343	203.911	-99999	6.525	-0.818787	1	1	1	1	1	-357.377	-286.945	69.3596	-98.3792	-754.408	-662.478	-357.416	-321.604	-286.952	69.4321	-13.7308	-98.3792	-754.448	-707.519	-662.478	8.02023	12	0	74.677	6.55728	15.6376	-448.26	-19.2327	73.1341	-572.329	
13127	36601	182.922	431.984	181.35	-99999	-3.327	-0.971177	1	1	1	1	1	-272.797	-228.709	131.924	-41.126	-453.26	-434.182	-273.159	-247.62	-228.705	133.446	45.7341	-41.126	-453.193	-449.777	-434.182	6.51731	9	0	90.2329	-3.29849	-3.64067	-438.795	-3.29849	-3.64067	-438.795	
13127	17162	259.091	599.402	258.584	-99999	4.831	-0.957474	1	1	1	1	1	-262.736	-271.388	131.918	-101.021	61.441	163.606	-262.712	-268.858	-271.393	132.322	11.199	-101.021	61.3265	104.592	163.606	4.56522	9	0	61.833	4.84821	-15.2597	114.227	4.84821	-15.2597	114.227	
13127	18086	164.816	400.351	163.351	-99999	9.587	-0.9942	1	1	1	1	1	-261.732	-269.78	132.737	-28.8952	-373.837	-356.237	-261.732	-265.058	-270.001	133.068	51.5194	-29.9613	-373.871	-363.223	-356.308	4.68752	8	0	84.8129	9.60571	-2.0667	-353.765	9.60571	-2.0667	-353.765	
13127	36684	322.539	787.562	317.835	88.1147	87.086	-0.960924	1	1	1	1	1	-302.387	-205.195	132.449	-164.938	-746.141	-778.268	-302.621	-251.064	-205.024	133.304	-19.4442	-168.384	-746.085	-748.15	-779.874	5.47102	27	0	93.6215	87.111	-8.19185	-735.628	87.111	-8.19185	-735.628	
13127	37874	200.135	476.745	198.974	65.6994	65.422	-0.862559	1	1	1	1	1	-186.307	-290.169	131.726	-36.0769	-693.858	-672.626	-186.12	-236.361	-290.543	132.046	46.0978	-36.7661	-693.894	-686.151	-672.607	6.74112	7	0	69.6046	65.4486	-10.4781	-666.96	65.4486	-10.4781	-666.96	
13127	40709	186.62	414.253	184.606	-196.494	73.408	-0.505575	0	0	0	0	0	-123.552	-222.045	132.257	27.7069	398.94	512.479	-123.552	-180.246	-222.872	132.257	79.5915	26.5793	398.94	450.914	513.919	4.49519	12	0	68.4831	36.9725	-32.1172	-790.755	8.65253	-16.2573	-768.026	
13127	13801	287.664	664.539	280.122	-99999	-36.156	-0.980029	1	1	1	1	1	-84.3268	-113.902	128.714	-143.649	86.9655	72.0366	-95.3528	-121.084	-125.225	130.209	-11.2561	-143.649	86.8713	88.5737	72.0366	4.54089	8	0	52.7924	-36.1234	-24.0321	82.0737	-36.1234	-24.0321	82.0737	
13127	40213	112.014	304.523	111.412	-99999	84.448	-0.779057	1	1	1	0	0	-317.603	-250.829	133.588	49.5503	-301.813	-278.135	-318.016	-287.075	-250.925	134.052	91.4096	49.5503	-302.002	-283.204	-278.135	6.31286	9	0	81.5886	84.4876	22.867	-276.013	84.4876	22.867	-276.013	
13127	41715	228.627	580.673	228.625	-99999	58.312	-0.843887	0	0	0	0	0	-338.722	-240.544	133.499	-38.1751	-652.882	-543.32	-338.789	-289.151	-240.611	133.499	40.5321	-38.1751	-652.882	-608.863	-543.32	7.45158	15	0	77.4666	59.2423	-51.8599	67.1144	-22.3577	11.3411	-588.279	
13127	57267	154.772	366.855	153.758	-99999	95.507	-0.791608	1	1	1	1	1	-183.972	-91.4577	130.162	8.89133	320.916	340.26	-154.316	-107.85	-61.186	130.495	69.4082	8.42713	320.862	330.749	340.307	5.29476	7	0	54.5893	95.5373	12.9098	335.784	95.5373	12.9098	335.784	
13127	36956	291.293	763.466	283.415	-46.1993	-47.673	-0.703134	1	1	1	1	1	-65.7094	-236.155	123.724	-88.0664	681.461	752.179	-60.4247	-158.417	-236.155	129.246	28.5462	-88.0664	679.591	717.625	752.179	11.5178	6	0	111.615	-47.6376	-4.79004	711.625	-47.6376	-4.79004	711.625	
13127	39378	216.655	534.287	216.401	-99999	105.883	-0.936352	0	0	0	0	0	-162.64	-242.546	133.012	-66.4988	277.001	256.846	-129.483	-171.176	-209.43	133.012	33.9181	-66.7433	277.001	264.719	256.836	5.06956	8	0	84.2815	96.2005	-19.6214	235.442	96.2005	-19.6214	235.442	
13127	44168	476.9	2808.47	476.165	-99999	-7.177	-0.472268	1	1	1	1	1	-243.69	-332.811	111.078	-113.447	-891.371	-481.676	-243.549	-288.655	-332.803	111.419	0.744603	-113.447	-891.994	-685.815	-481.676	14.1419	16	0	284.726	-7.16657	-50.1373	-557.818	-7.16657	-50.1373	-557.818	
13127	46208	418.903	1086.16	418.533	-99999	27.663	-0.691931	1	1	1	1	1	-123.853	-215.66	132.919	-171.013	-147.402	-419.735	-119.449	-165.091	-211.313	133.172	-15.7394	-171.013	-147.141	-287.116	-419.735	20.6056	14	0	71.5597	27.7002	-12.2894	-279.535	27.7002	-12.2894	-279.535	
13127	43470	198.39	483.548	198.105	-99999	65.068	-0.847146	1	1	1	1	1	-176.186	-81.4613	133.139	-40.6454	-503.481	-495.484	-155.969	-108.172	-61.0856	133.375	46.5312	-40.6454	-503.49	-500.088	-495.484	7.59107	8	0	77.1894	65.0924	-8.36332	-499.607	65.0924	-8.36332	-499.607	
13127	56058	326.093	744.738	325.606	31.5913	32.627	-0.446186	1	1	1	1	1	-254.885	-117.62	133.691	22.3984	-399.532	-671.448	-254.885	-192.523	-117.445	133.691	72.5242	22.2192	-399.532	-537.036	-671.854	4.76917	17	0	77.4004	32.6764	16.8499	-579.482	32.6764	16.8499	-579.482	
13127	58698	330.432	850.664	330.285	-20.3283	-20.927	-0.899809	1	1	1	1	1	-83.9945	-222.119	132.782	-161.544	736.696	684.967	-83.9945	-150.457	-222.184	132.782	-14.7586	-161.664	736.696	704.13	684.995	7.75312	11	0	152.413	-20.8997	-31.7526	684.927	-20.8997	-31.7526	684.927	
13127	11212	210.006	508.382	209.31	-99999	2.064	-0.896455	1	1	1	1	1	-219.435	-126.486	132.003	-54.8715	555.869	568.208	-219.554	-172.17	-126.32	132.251	38.8285	-55.2525	555.87	561.983	568.184	4.38445	8	0	74.8164	2.5746	-56.5977	-224.024	2.5746	-56.5977	-224.024	
13127	38771	212.468	512.919	209.876	-99999	78.575	-0.704238	1	1	1	1	1	-229.136	-85.9376	133.537	-8.15624	-584.163	-642.868	-204.599	-132.476	-59.6109	133.605	61.4452	-9.80775	-584.151	-613.606	-643.58	4.57629	9	0	48.5413	78.5931	14.9084	-628.856	78.5931	14.9084	-628.856	
13127	39304	402.928	984.931	402.011	70.7095	70.301	-0.795193	1	1	1	1	1	-261.417	-174.299	131.888	-158.255	687.728	426.967	-261.505	-225.729	-174.299	132.619	-17.5965	-158.255	688.263	559.155	426.967	5.40175	16	0	82.9998	70.3359	-24.7891	552.825	70.3359	-24.7891	552.825	
13127	40263	393.297	875.296	392.393	-99999	-24.163	-0.72783	1	1	1	1	1	-338.15	-218.598	132.797	-152.802	-816.256	-577.132	-338.239	-280.918	-218.533	133.177	-15.0216	-153.11	-816.6	-700.938	-576.919	5.72462	16	0	68.9034	-24.1406	-3.36419	-697.621	-24.1406	-3.36419	-697.621	
13127	39432	77.6412	235.458	77.0063	174.128	49.996	-0.872876	0	0	0	0	0	-201.5	-238.201	131.852	65.8224	-621.255	-608.884	-201.5	-218.185	-238.418	131.852	97.3124	65.2351	-621.255	-615.611	-608.884	14.2073	8	0	87.44	62.8615	-14.4029	795.838	20.6215	-16.9013	-773.582	
13127	46854	117.917	299.239	117.409	-99999	62.206	-0.687682	1	1	1	1	0	-349.743	-297.116	133.461	54.8115	647.422	715.529	-349.982	-328.991	-297.187	133.81	92.0594	54.8115	647.095	683.002	715.529	5.52184	13	0	73.8602	62.2334	32.0782	696.609	62.2334	32.0782	696.609	
13127	48221	27.46	135.835	26.3353	-99999	26.649	-0.923066	0	0	0	0	0	-113.046	-120.896	133.08	109.311	-259.451	-260.622	-104.488	-109.524	-112.689	133.786	121.168	109.084	-259.66	-258.553	-260.551	9.76896	20	0	113.929	-999999	-999999	-999999	-999999	-999999	-999999	
13127	43605	418.693	1300.65	403.899	-99999	116.955	-0.803247	0	0	0	0	0	-148.654	-226.633	132.312	-163.962	-830.103	-567.028	-129.945	-171.592	-210.343	134.895	-19.2469	-172.942	-831.991	-696.686	-560.047	4.23877	8	0	203.754	-33.5588	-26.0982	-574.706	-33.5588	-26.0982	-574.706	
13127	45513	128.23	312.795	128.196	-99999	-31.336	-0.977881	1	1	1	0	0	-304.956	-321.583	133.313	8.90273	384.539	409.037	-304.917	-312.251	-321.547	133.337	70.7479	8.90273	384.534	395.72	409.037	4.77516	8	0	67.5145	-31.3151	28.1347	399.826	-31.3151	28.1347	399.826	
13127	36010	434.946	1317.26	433.82	268.229	81.189	-0.247163	0	0	0	0	0	-148.91	-275.121	130.373	-152.154	321.936	21.0704	-148.793	-216.617	-275.228	130.431	-8.02944	-152.49	322.452	170.291	20.6294	10.0041	8	0	233.975	-26.6696	2.27645	-439.318	-26.6696	2.27645	-439.318	
13127	38530	475.489	1245.62	475.394	90.7835	89.494	-0.686137	1	1	1	1	1	-152.466	-315.175	133.157	-171.688	557.811	884.062	-152.443	-238.022	-315.175	133.219	-18.0331	-171.688	557.751	719.915	884.062	11.8436	15	0	44.8443	89.5312	-28.6862	707.125	89.5312	-28.6862	707.125	
13127	38770	23.098	135.853	23.095	-99999	73.875	-0.884653	1	1	1	1	1	-228.974	-222.827	134.151	113.541	538.776	530.385	-205.84	-202.535	-199.693	134.151	123.889	113.541	538.776	534.651	530.385	10.4555	13	0	127.137	73.8969	-21.0478	298.071	73.8969	-21.0478	298.071	
13127	38701	237.543	3394.25	235.325	-99999	3.811	-0.816187	1	1	1	1	1	-257.03	-169.844	131.352	-66.8012	335.743	423.107	-257.293	-204.935	-169.411	131.847	33.6754	-68.2975	335.51	376.872	423.405	12.3877	8	0	94.5951	3.84457	-14.3545	389.528	3.84457	-14.3545	389.528	
13127	38511	201.159	513.202	200.774	-99999	104.426	-0.811188	0	0	0	0	0	-326.48	-221.24	132.806	-35.8893	793.874	797.145	-326.809	-270.053	-221.359	133.101	50.2718	-35.9019	793.896	789.68	797.147	6.09092	12	0	90.8862	-999999	-999999	-999999	-999999	-999999	-999999	
13127	23406	103.046	278.155	102.36	-99999	0.337	-0.79952	1	1	1	0	0	-258.298	-294.385	132.65	51.9161	-143.481	-93.2996	-258.123	-272.279	-294.506	133.006	90.5719	51.7451	-143.695	-118.214	-93.1971	4.2978	12	0	83.8569	0.369352	19.9506	-96.6877	0.369352	19.9506	-96.6877	
13127	39710	344.03	3403.29	341.942	65.9259	64.784	-0.821499	1	1	1	1	1	-70.1011	-242.822	130.231	-154.306	562.611	639.55	-69.027	-156.979	-242.822	131.934	-10.5786	-154.306	562.112	601.393	639.55	5.81865	7	0	944.062	64.8138	-35.8388	612.522	64.8138	-35.8388	612.522	
13127	55728	243.801	585.901	241.05	-45.0243	-45.527	-0.685472	1	1	1	1	1	-269.312	-158.593	132.757	-26.4616	701.726	560.809	-269.728	-209.458	-158.18	133.339	52.5543	-27.9267	702.18	633.793	559.675	5.29499	19	0	76.0836	-45.4867	-3.04823	610.948	-45.4867	-3.04823	610.948	
13127	58368	302.985	1133.04	302.677	-99999	-15.587	-0.927962	1	1	1	1	1	-222.515	-231.971	132.131	-165.002	791.183	837.277	-222.486	-227.04	-231.954	132.343	-16.749	-165.002	791.095	815.927	837.277	8.62322	11	0	89.2508	-23.6724	-57.0436	119.022	-23.6724	-57.0436	119.022	
13127	36169	169.344	424.238	168.703	-99999	64.16	-0.960437	1	1	1	0	0	-109.037	-81.3441	130.054	-35.8937	411.091	419.066	-89.0194	-74.0281	-61.1943	130.334	47.3807	-36.2317	411.048	417.523	419.08	4.06524	8	0	71.8598	64.1797	-2.23301	415.146	64.1797	-2.23301	415.146	
13127	37369	320.5	833.926	317.761	-99999	83.709	-0.879239	1	1	1	1	1	-337.682	-301.606	131.139	-142.248	-851.767	-694.053	-337.928	-322.089	-301.566	132.636	-4.91946	-143.131	-852.556	-771.932	-693.532	4.67441	12	0	53.2899	83.7285	-12.4229	-746.234	83.7285	-12.4229	-746.234	
13127	46735	55.3806	276.732	54.8773	-99999	88.89	-0.927868	1	1	0	0	0	-109.584	-88.8346	129.903	79.1243	619.707	621.058	-81.9221	-71.5589	-60.9882	130.34	104.668	79.0948	619.7	620.251	621.06	4.71035	6	0	57.1824	88.9178	13.5479	621.188	88.9178	13.5479	621.188	
13127	42507	231.875	553.318	230.864	13.7683	13.151	-0.931011	1	1	1	1	1	-160.365	-243.338	132.033	-80.91	-769.366	-740.339	-160.128	-199.891	-243.424	132.775	25.7245	-81.1049	-769.525	-749.711	-740.342	4.00806	6	0	74.4767	13.1751	-13.9947	-733.041	13.1751	-13.9947	-733.041	
13127	45869	75.9081	227.398	75.8078	-99999	45.273	-0.713298	1	1	0	0	0	-333.504	-297.317	133.085	81.6416	233.483	275.517	-333.597	-316.655	-297.368	133.156	106.258	81.6416	233.427	254.134	275.517	5.55033	13	0	82.1916	54.6064	-32.9416	-71.767	67.2464	-37.6326	15.258	
13127	46949	441.999	1326.71	417.468	-99999	65.409	-0.58568	1	1	1	1	1	-198.684	-174.614	130.68	-156.039	387.163	84.9968	-178.201	-164.403	-152.381	130.68	-22.0435	-173.21	387.163	228.156	67.6821	21.3837	16	0	254.271	65.4434	-32.5072	197.017	65.4434	-32.5072	197.017	
13127	43719	241.228	802.496	240.005	-99999	40.981	-0.868952	1	1	1	1	1	-183.66	-74.3246	131.675	-81.0638	-129.85	-149.353	-171.403	-116.435	-61.4594	132.664	25.7223	-81.1295	-129.782	-139.186	-149.358	7.14904	8	0	300.756	40.9914	-54.0312	-151.725	40.9914	-54.0312	-151.725	
13127	47054	137.026	442.279	136.892	92.3424	85.944	-0.615972	1	1	1	1	1	-293.203	-195.689	132.544	42.4358	243.693	211.313	-293.286	-244.888	-195.689	132.627	86.9372	42.4358	243.741	227.957	211.313	5.54405	7	0	88.4194	85.9635	23.7188	222.749	85.9635	23.7188	222.749	
13127	45675	291.971	733.379	290.944	-99999	-4.317	-0.774756	1	1	1	1	1	-62.5984	-241.706	76.1257	-149.634	461.215	500.576	-61.969	-151.356	-241.706	76.9167	-36.7304	-149.634	461.064	481.188	500.576	6.94823	7	0	54.2175	-4.29223	-4.57086	467.834	-4.29223	-4.57086	467.834	
13127	44367	297.626	699.003	297.125	-99999	91.725	-0.770459	1	1	1	1	1	-276.189	-234.356	132.487	-92.573	494.981	683.125	-276.294	-255.043	-234.328	132.491	20.2264	-92.9225	494.977	590.225	683.393	4.99907	15	0	83.5963	91.7527	-15.0318	611.255	91.7527	-15.0318	611.255	
13127	47249	45.5287	161.974	43.4015	-99999	0.329	-0.580766	0	0	0	0	0	-350.653	-329.457	134.179	103.006	-293.728	-288.317	-351.06	-332.819	-330.156	134.482	121.207	101.819	-293.779	-290.874	-287.988	5.22592	13	0	98.7759	0.344457	46.6403	-275.949	0.344457	46.6403	-275.949	
13127	45884	163.244	399.53	161.68	-99999	27.649	-0.989425	1	1	1	1	1	-318.794	-320.176	129.991	-30.5106	-685.506	-694.331	-318.793	-320.84	-320.199	131.208	49.8448	-30.7758	-685.337	-689.87	-694.277	5.88948	10	0	68.3254	27.6614	7.20814	-686.584	27.6614	7.20814	-686.584	
13127	45438	249.137	649.883	248.524	-33.9792	-32.817	-0.928505	1	1	1	1	1	-171.421	-232.408	132.85	-92.6233	217.878	301.49	-171.421	-199.597	-232.708	132.85	18.2804	-93.1128	217.878	257.722	301.687	4.77395	11	0	83.1156	-32.7968	-14.962	263.114	-32.7968	-14.962	263.114	
13127	42570	325.941	809.942	325.931	-35.8853	-34.614	-0.686214	1	1	1	1	1	-83.4485	-241.217	133.403	-67.6613	-865.901	-668.223	-83.4485	-148.319	-241.217	133.403	23.1103	-67.6613	-865.901	-765.087	-668.223	4.86573	10	0	144.186	-34.5887	5.49279	-743.072	-34.5887	5.49279	-743.072	
13127	63613	316.138	698.984	315.228	-99999	4.531	-0.909468	1	1	1	1	1	-281.724	-342.018	134.202	-163.256	-504.337	-421.614	-281.729	-314.355	-342.173	134.202	-14.4416	-164.11	-504.337	-462.478	-421.453	4.91932	12	0	87.4044	4.54702	-46.7369	-452.623	4.54702	-46.7369	-452.623	
13127	8608	168.244	440.978	167.421	21.1119	20.361	-0.609372	1	1	1	1	0	-233.608	-145.473	132.379	53.5709	490.338	376.161	-233.925	-189.842	-145.428	132.821	83.327	53.5585	490.815	439.088	376.079	5.49797	13	0	75.7889	20.3986	21.3016	410.159	20.3986	21.3016	410.159	
13127	47272	288.771	790.827	288.622	124.253	87.557	-0.953036	0	0	0	0	0	-168.182	-227.393	132.47	-146.255	221.861	205.983	-168.152	-203.732	-227.391	132.586	-5.3989	-146.27	221.882	198.93	205.984	6.30332	8	0	90.3983	67.5129	50.0888	730.814	67.5129	50.0888	730.814	
13127	45588	182.565	436.174	182.1	-99999	97.941	-0.9767	1	1	1	1	0	-312.247	-342.515	133.804	-44.4681	-108.58	-90.5865	-312.359	-326.231	-342.712	133.804	43.8391	-44.9124	-108.58	-102.914	-90.4984	5.64619	9	0	64.449	97.9306	-2.20149	-94.636	97.9306	-2.20149	-94.636	
13127	44402	339.252	718.854	333.545	-99999	-4.652	-0.906148	1	1	1	1	1	-158.373	-202.183	132.443	-171.477	-409.331	-524.091	-159.729	-199.436	-203.64	132.909	-20.9129	-171.477	-409.143	-467.562	-524.091	126.304	7	0	119.927	-4.62129	-19.6355	-459.706	-4.62129	-19.6355	-459.706	
13127	20055	68.5443	195.628	68.5263	-99999	7.488	-0.648029	1	1	1	1	1	-63.7299	-116.473	-50.4965	-93.8026	-495.534	-489.449	-61.3723	-87.659	-114.129	-50.4855	-72.2732	-93.8026	-495.535	-492.563	-489.449	4.16902	6	0	96.4802	7.52106	-74.7743	-495.698	7.52106	-74.7743	-495.698	
13127	44237	342.211	792.026	341.663	101.688	106.09	-0.612207	0	0	0	0	0	-62.0727	-333.95	123.202	-71.2688	-626.332	-619.099	-61.6562	-197.756	-333.95	123.53	21.5429	-71.2688	-626.259	-644.618	-619.099	8.26212	6	0	76.2081	-47.3188	-25.4229	645.046	-47.3188	-25.4229	645.046	
13127	47362	688.957	1935.98	683.005	-99999	94.719	-0.136165	1	1	1	1	1	-292.501	-262.064	4.88968	122.856	-886.374	-215.888	-261.941	-276.844	-292.61	123.837	65.7484	4.87947	-210.158	-548.506	-886.441	7.99503	1710	0	1935.98	94.799	15.4383	-583.149	94.799	15.4383	-583.149	
13127	46957	203.086	448.168	201.657	-99999	-38.822	-0.5885	1	1	1	1	1	-126.235	-89.9124	132.475	20.5245	-329.007	-167.746	-138.534	-128.516	-101.884	133.063	73.0491	20.3656	-329.797	-248.653	-167.41	7.55608	7	0	77.1209	-38.7888	18.3854	-216.23	-38.7888	18.3854	-216.23	
13127	45278	204.293	548.918	204.292	-99999	112.425	-0.737085	0	0	0	0	0	-97.2664	-228.447	133.774	-11.9892	-466.627	-523.837	-79.5995	-144.781	-210.78	133.774	60.3992	-11.9892	-466.627	-494.908	-523.837	5.42501	8	0	53.1574	49.4627	-7.4723	817.65	49.4627	-7.4723	817.65	
13127	10030	307.82	827.627	307.458	-99999	84.328	-0.518112	1	1	1	1	1	-195.564	-87.3082	130.266	-19.4251	103.628	349.385	-169.202	-115.657	-60.8177	130.336	55.4407	-19.5388	103.524	226.852	349.563	8.52088	6	0	76.0291	84.3668	-18.5558	342.221	84.3668	-18.5558	342.221	
13127	11110	337.935	825.634	335.169	-42.9898	-45.303	-0.879937	1	1	1	1	1	-234.961	-113.609	132.49	-163.004	-236.354	-325.752	-235.003	-169.578	-112.866	132.62	-9.25009	-165.413	-236.3	-300.178	-326.429	4.66144	9	0	69.8242	-45.2673	-36.1152	-303.107	-45.2673	-36.1152	-303.107	
13127	46390	265.959	692.175	263.568	18.8635	18.049	-0.829371	1	1	1	1	1	-152.459	-296.928	132.807	-86.3189	-767.149	-784.587	-152.249	-228.343	-297.519	133.131	24.5998	-88.2276	-767.118	-777.232	-784.552	6.14888	8	0	81.1571	18.0763	-15.198	-760.515	18.0763	-15.198	-760.515	
13127	65025	122.627	289.611	121.199	-99999	-16.599	-0.887404	1	1	1	1	0	-284.541	-335.12	131.798	22.121	635.783	641.603	-284.1	-311.545	-335.327	132.602	77.8193	21.6623	635.744	637.376	641.672	4.97892	10	0	72.3562	-16.5721	30.9168	641.84	-16.5721	30.9168	641.84	
13127	43306	36.444	96.704	36.4435	-99999	60.085	-0.863685	0	0	0	0	0	-96.3128	-80.1049	133.858	101.376	-849.824	-852.95	-77.4976	-69.1958	-61.2896	133.858	117.722	101.376	-849.824	-851.433	-852.95	4.48962	9	0	64.0708	60.1089	58.7065	-830.626	60.1089	58.7065	-830.626	
13127	47075	75.8024	201.397	75.7745	-99999	-1.603	-0.475188	1	1	0	0	0	-357.444	-294.641	-76.2966	-112.629	405.416	424.278	-357.694	-325.567	-294.891	-76.2966	-95.4429	-112.629	405.416	411.172	424.278	6.0809	8	0	70.7485	-1.59916	-75.0503	411.847	-1.59916	-75.0503	411.847	
13127	20609	93.8683	265.215	92.5938	-99999	91.593	-0.70617	1	1	0	0	0	-273.719	-294.685	132.549	65.5981	-417.774	-357.749	-273.53	-282.909	-294.836	133.309	97.7184	65.4762	-418.484	-389.406	-357.608	5.14958	16	0	91.9355	91.6193	37.64	-375.082	91.6193	37.64	-375.082	
13127	43600	135.541	348.073	135.119	-99999	16.862	-0.807302	1	1	1	1	0	-66.5429	-134.556	40.5614	-74.5421	-547.96	-530.84	-61.0287	-95.9049	-129.276	40.8996	-16.0186	-74.5421	-548.044	-536.929	-530.84	4.25015	6	0	92.4481	16.8869	-6.31375	-542.658	16.8869	-6.31375	-542.658	
13127	42573	77.5867	208.113	76.2461	-99999	57.964	-0.538085	1	1	1	1	1	-89.5963	-79.2754	133.559	87.8326	-121.428	-61.331	-71.7131	-66.2317	-61.1195	134.22	111.046	87.7872	-122.462	-91.8711	-61.2638	6.80558	7	0	73.0005	60.5664	-28.7825	-145.802	60.5664	-28.7825	-145.802	
13127	43133	267.954	719.907	267.679	-99999	104.038	-0.819644	0	0	0	0	0	-236.17	-93.8514	132.666	-91.8083	54.2676	22.8314	-203.591	-132.393	-61.1314	132.666	20.1108	-92.0387	54.2676	39.7966	22.7983	4.02829	9	0	43.6397	-999999	-999999	-999999	-999999	-999999	-999999	
13127	61079	92.8404	251.661	92.1594	-99999	-17.947	-0.969567	1	1	1	0	0	-226.911	-243.641	133.018	44.8074	-227.352	-208.594	-226.891	-231.637	-243.811	133.018	88.1426	44.1626	-227.352	-216.606	-208.499	5.31772	10	0	76.7736	-12.1108	-35.3582	278.282	-12.1108	-35.3582	278.282	
13127	45025	194.906	427.232	188.346	-23.4371	-23.673	-0.929426	1	1	1	1	1	-257.207	-178.17	128.336	-40.3769	-433.364	-455.314	-259.189	-219.549	-177.736	133.481	46.1309	-41.2528	-432.595	-449.568	-455.448	5.66692	10	0	80.4245	-23.644	-3.2066	-444.737	-23.644	-3.2066	-444.737	
13127	47504	219.909	567.519	218.571	13.7916	13.579	-0.960609	1	1	1	1	1	-215.669	-196.805	132.048	-79.0589	541.763	578.359	-215.58	-218.126	-196.62	132.657	26.9533	-79.6579	541.598	566.718	578.432	14.1115	8	0	114.543	13.6148	-19.2502	570.285	13.6148	-19.2502	570.285	
13127	47538	256.523	615.189	255.658	-99999	68.029	-0.889829	1	1	1	1	1	-188.606	-102.439	129.85	-100.756	399.389	449.866	-167.518	-123.985	-81.0229	130.334	15.2515	-101.022	399.27	435.258	449.75	5.83712	11	0	88.9682	68.0591	-40.2466	407.68	68.0591	-40.2466	407.68	
13127	42496	354.205	788.895	351.526	-46.9258	-47.52	-0.69504	1	1	1	1	1	-317.912	-145.109	134.376	-66.5974	73.5876	-153.832	-317.912	-243.826	-144.078	134.376	23.3373	-68.3146	73.5876	-42.3363	-155.565	4.64885	14	0	93.8235	-47.4816	-9.14689	-67.832	-47.4816	-9.14689	-67.832	
13127	43816	50.4585	181.197	50.0622	-99999	-16.686	-0.720591	0	0	0	0	0	-236.693	-251.65	133.428	97.7989	-113.52	-82.1758	-236.673	-243.512	-251.789	133.428	115.412	97.4619	-113.52	-97.244	-82.0457	5.57348	12	0	92.7339	-999999	-999999	-999999	-999999	-999999	-999999	
13127	43045	280.698	656.685	278.57	42.6105	42.95	-0.920196	1	1	1	1	1	-131.849	-248.549	132.505	-118.408	-685.927	-673.188	-131.497	-187.732	-249.274	133.34	4.81768	-119.297	-685.947	-688.509	-672.783	4.67369	11	0	79.2869	42.9714	-17.3985	-672.126	42.9714	-17.3985	-672.126	
13127	47917	97.7861	242.114	95.8489	-99999	54.194	-0.855524	1	1	1	1	1	-256.743	-294.664	130.961	53.9658	644.957	686.014	-256.805	-277.991	-295.357	130.961	90.9275	52.8429	644.957	663.135	687.456	4.06984	15	0	71.3922	54.2171	-20.8896	542.484	54.2171	-20.8896	542.484	
13127	52490	251.307	1298.81	250.489	-99999	20.95	-0.873393	1	1	1	1	1	-358.154	-283.181	93.35	-126.342	214.003	307.882	-358.432	-320.911	-283.205	94.0568	-15.8434	-126.342	213.701	261.58	307.882	9.98314	11	0	99.6799	20.9686	13.8204	255.121	20.9686	13.8204	255.121	
13127	51041	180.537	372.921	179.455	-99999	-5.585	-0.602312	1	1	1	1	1	-294.734	-331.917	133.728	16.8382	-703.742	-573.352	-294.654	-313.368	-332.077	133.852	74.8677	16.3086	-703.899	-638.298	-572.72	5.62783	15	0	40.0811	-5.56971	29.9013	-604.668	-5.56971	29.9013	-604.668	
13127	59094	221.352	579.505	220.631	115.604	115.856	-0.972101	0	0	0	0	0	-162.284	-218.155	132.344	-80.0288	-553.633	-543.292	-162.125	-188.046	-218.155	133.034	25.8284	-80.0288	-553.691	-545.894	-543.292	8.12528	7	0	101.407	8.41902	70.6355	182.801	-49.001	-28.5692	-280.549	
13127	19019	104.899	216.322	103.514	-99999	111.554	-0.696089	0	0	0	0	0	-168.656	-96.2484	130.463	57.5262	248.618	236.563	-133.833	-97.6057	-60.4378	130.569	93.1309	56.6802	248.636	242.773	236.4	4.70764	7	0	45.7553	-3.28905	-52.8487	-199.484	-3.28905	-52.8487	-199.484	
13127	54595	145.597	336.748	140.954	-99999	33.33	-0.627424	1	1	1	1	0	-184.015	-74.5735	129.195	40.4654	120.555	124.57	-174.059	-117.634	-61.0389	129.578	83.6384	37.894	120.532	122.793	124.542	4.87626	6	0	48.5802	33.3456	26.5768	124.555	33.3456	26.5768	124.555	
13127	57246	249.168	617.331	249.165	-99999	-21.803	-0.795355	0	0	0	0	0	-303.758	-254.229	132.984	-68.8827	556.777	693.842	-303.733	-278.762	-254.204	132.984	32.6988	-68.8827	556.777	626.255	693.842	9.54237	8	0	76.1438	50.2948	-8.02636	-679.292	50.2948	-8.02636	-679.292	
13127	54452	104.274	273.471	104.103	-99999	70.997	-0.395025	1	1	1	1	1	-171.546	-221.562	133.054	93.5804	-592.425	-510.116	-160.321	-185.347	-210.405	133.122	113.197	93.5804	-592.565	-551.41	-510.116	6.92541	7	0	58.9469	70.9763	-3.34463	-357.916	70.9763	-3.34463	-357.916	
13127	55532	124.37	358.399	120.637	-99999	-0.859	-0.977913	1	1	1	1	0	-213.854	-226.287	130.046	10.3844	56.5635	57.7498	-213.699	-219.633	-226.814	131.182	69.4645	7.89076	56.3417	56.0666	57.9553	4.9385	9	0	89.9884	-0.838147	12.0525	57.1409	-0.838147	12.0525	57.1409	
13127	54824	255.033	647.137	254.728	60.2189	59.637	-0.655744	1	1	1	1	1	-245.851	-123.352	132.199	-41.1589	610.42	471.225	-245.985	-181.038	-123.352	132.399	48.944	-41.1589	610.601	539.488	471.225	6.67298	11	0	80.1187	59.6718	-10.4743	511.677	59.6718	-10.4743	511.677	
13127	11122	101.167	241.617	100.454	-99999	57.89	-0.621585	1	1	1	0	0	-146.531	-79.5417	133.689	68.3173	-41.4641	-77.9028	-128.526	-94.745	-61.0707	133.798	100.84	67.9615	-41.399	-59.5907	-78.111	6.18128	12	0	55.11	58.1166	29.6507	-75.5988	58.1166	29.6507	-75.5988	
13127	7831	323.609	780.773	323.555	-99999	30.65	-0.910602	1	1	1	1	1	-160.809	-76.2245	133.376	-163.336	239.222	148.146	-151.211	-119.103	-66.6032	133.376	-16.9564	-163.373	239.222	188.928	148.124	4.97585	12	0	76.4981	30.6682	-43.8914	179.061	30.6682	-43.8914	179.061	
13127	50269	321.13	808.8	317.894	74.8729	74.192	-0.85108	1	1	1	1	1	-256.028	-110.09	132.66	-143.814	692.881	642.498	-256.028	-174.36	-109.244	132.66	-3.67455	-146.846	692.881	670.451	641.793	5.1233	9	0	80.6666	74.2246	-30.2094	621.73	74.2246	-30.2094	621.73	
13127	49350	275.671	686.947	275.307	74.4677	75.448	-0.61886	1	1	1	1	1	-340.806	-197.596	133.305	-41.1982	597.29	440.626	-341.021	-265.491	-197.596	133.528	46.8543	-41.1982	597.472	521.716	440.626	6.91088	12	0	98.9129	75.4563	6.23698	517.219	75.4563	6.23698	517.219	
13127	49350	120.624	900.932	119.782	-555.663	114.223	-0.806677	0	0	0	0	0	-248.265	-201.692	132.643	31.4581	829.296	786.212	-248.265	-223.326	-201.453	132.643	83.2314	30.6946	829.296	805.518	785.971	4.72729	12	0	68.4983	75.4563	6.23698	517.219	75.4563	6.23698	517.219	
13127	53388	165.42	392.574	156.796	-99999	26.374	-0.886436	0	0	0	0	0	-335.042	-286.521	133.245	-11.0011	31.8556	62.9705	-335.097	-302.458	-287.314	133.303	59.1892	-17.0359	31.8397	48.3204	68.9398	5.50175	16	0	77.188	-16.2247	20.8124	535.24	-16.2247	20.8124	535.24	
13127	9840	237.351	543.603	236.537	-99999	46.731	-0.9369	1	1	1	1	1	-159.328	-75.9886	129.557	-91.7561	490.314	494.9	-144.981	-103.546	-61.3551	130.318	19.1273	-91.7561	490.312	492.056	494.9	5.54882	9	0	46.2899	46.7524	-38.5089	475.973	46.7524	-38.5089	475.973	
13127	63301	322.931	695.463	322.819	-99999	-23.058	-0.940744	1	1	1	1	1	-272.538	-298.057	133.736	-168.191	-341.502	-235.073	-272.512	-288.836	-298.03	133.736	-17.5781	-168.191	-341.502	-287.824	-235.073	5.76221	11	0	73.033	-23.0424	-31.4778	-24.3495	-23.0424	-31.4778	-24.3495	
13127	49759	221.497	600.176	220.304	-99999	-37.255	-0.891489	1	1	1	1	1	-254.151	-304.742	132.255	-58.3221	-8.92607	86.0497	-253.891	-287.405	-304.71	132.791	37.8821	-58.8293	-9.09502	36.0958	86.3108	22.7691	8	0	138.269	-29.3066	-27.5864	-31.7666	-29.3066	-27.5864	-31.7666	
13127	50719	201.191	506.376	201.045	25.129	24.719	-0.474879	1	1	1	1	1	-265.846	-161.749	132.65	2.42763	583.556	477.705	-265.92	-206.562	-161.749	132.712	79.6242	2.42763	583.644	522.68	477.705	4.8482	16	0	75.7627	24.7532	4.75594	513.225	24.7532	4.75594	513.225	
13127	49500	315.198	776.161	313.208	-99999	99.179	-0.90274	1	1	1	1	0	-224.633	-331.314	115.782	-171.473	-889.541	-827.069	-224.587	-283.659	-331.949	116.167	-26.3704	-172.852	-889.631	-857.735	-826.567	4.4595	11	0	74.7891	99.1929	-41.8502	-810.513	99.1929	-41.8502	-810.513	
13127	5666	316.573	741.946	315.469	-99999	37.651	-0.945681	1	1	1	1	1	-356.275	-306.279	134.578	-171.673	199.533	249.311	-356.574	-326.834	-306.327	135.56	-17.9751	-171.724	199.3	221.968	249.32	5.56301	12	0	91.573	37.6581	-12.8171	223.821	37.6581	-12.8171	223.821	
13127	52405	322.429	1208.78	276.607	-99999	19.281	-0.965727	1	1	1	1	1	-231.019	-290.147	132.725	-136.281	-875.474	-850.62	-231.041	-265.34	-299.587	132.725	-24.0246	-180.844	-875.474	-860.417	-845.962	10.2333	13	0	120.379	19.304	-47.7742	-790.876	19.304	-47.7742	-790.876	
13127	54177	125.321	332.33	124.557	-99999	57.823	-0.60209	1	1	1	1	1	-125.247	-219.322	133.56	62.7738	-201.747	-242.378	-115.604	-162.772	-210.235	134.021	98.2555	62.7738	-201.498	-222.031	-242.378	4.40699	9	0	89.6222	57.8704	-13.3827	-268.496	18.9104	36.2459	-228.623	
13127	51804	28.2252	28.6516	6.37433	-99999	59.127	-0.9528	1	1	1	1	1	-171.856	-170.88	126.637	120.419	-575.217	-574.51	-153.34	-152.269	-152.87	126.637	112.72	98.7268	-575.217	-573.917	-572.557	4.55764	7	0	28.6516	59.1429	-21.78	-324.998	59.1429	-21.78	-324.998	
13127	55984	71.7259	193.477	71.7227	-99999	59.122	-0.88692	1	1	1	1	1	-203.299	-220.314	133.028	70.8968	645.15	613.663	-194.008	-202.349	-211.023	133.028	101.907	70.8968	645.15	629.419	613.663	8.43819	12	0	63.4657	59.1487	-33.6561	557.926	59.1487	-33.6561	557.926	
13127	3969	175.225	450.836	173.883	-99999	100.893	-0.45695	1	1	0	0	0	-99.0972	-114.346	131.588	49.2147	-756.645	-606.009	-67.3864	-76.3575	-82.7528	132.153	86.4854	49.2143	-757.747	-683.57	-605.919	4.16557	10	0	107.497	100.908	59.8883	-670.859	100.908	59.8883	-670.859	
13127	62591	124.751	319.873	123.378	-99999	81.088	-0.952164	1	1	1	0	0	-114.437	-100.75	132.716	15.0769	-805.424	-772.73	-89.3017	-79.9748	-75.3892	133.859	74.3647	14.9444	-805.698	-789.517	-772.701	4.02568	6	0	82.2628	81.0979	45.4716	-782.364	81.0979	45.4716	-782.364	
13127	61688	196.324	625.195	170.674	-99999	81.254	-0.942042	1	1	1	1	1	-192.089	-230.08	131.7	-25.9006	-722.511	-775.809	-166.474	-188.594	-209.893	132.455	41.7409	-48.7436	-722.306	-752.562	-783.925	15.0835	14	0	96.2451	81.2702	-14.4373	-747.895	81.2702	-14.4373	-747.895	
13127	64590	101.279	263.709	98.1958	-26.8054	-28.06	-0.942793	1	1	0	0	0	-199.3	-215.844	130.21	38.3434	-877.99	-847.974	-198.947	-206.163	-215.901	132.648	85.1507	37.8719	-878.781	-862.87	-847.85	5.98017	10	0	78.2236	-28.0443	19.8061	-802.926	-28.0443	19.8061	-802.926	
13127	4033	312.381	740.867	311.591	-99999	115.267	-0.999793	0	0	0	0	0	-273.913	-259.243	133.593	-170.638	-864.68	-811.807	-274.045	-263.463	-259.607	133.593	-19.853	-171.308	-864.68	-839.343	-811.576	5.4824	9	0	78.2019	-999999	-999999	-999999	-999999	-999999	-999999	
13127	4393	43.0844	109.735	41.7088	65.5292	64.867	-0.820287	1	1	1	1	1	-216.523	-220.081	129.493	94.8568	287.378	310.126	-206.404	-208.695	-210.061	129.493	111.51	93.7859	287.378	298.858	310.983	4.27808	6	0	70.3879	64.8998	-28.9471	399.975	64.8998	-28.9471	399.975	
13127	12895	403.821	948.39	400.421	-99999	81.357	-0.473293	1	1	1	1	1	-339.377	-245.488	123.035	-68.018	-885.094	-551.896	-339.476	-288.066	-246.025	123.046	30.1061	-70.6247	-885.115	-713.463	-551.088	8.02398	15	0	66.7388	81.3734	9.57907	-691.549	81.3734	9.57907	-691.549	
13127	60290	118.809	288.999	118.131	-99999	53.57	-0.652608	0	0	0	0	0	-219.555	-218.282	130.746	57.1207	315.214	267.934	-211.136	-209.967	-209.864	130.746	105.697	57.1207	315.214	295.052	267.934	5.43518	10	0	55.3264	57.7407	9.31744	844.779	13.5707	-67.6518	787.059	
13127	61010	185.934	438.418	183.176	-99999	-31.544	-0.70375	1	1	1	1	1	-231.318	-258.802	132.773	0.739588	477.916	601.11	-231.282	-243.035	-259.604	132.773	63.3553	-1.23287	477.916	538.532	602.831	4.65809	15	0	80.2747	-31.5108	1.85434	569.287	-31.5108	1.85434	569.287	
13127	62570	624.595	1430.09	624.001	-99999	35.151	-0.409142	1	1	1	1	1	-243.996	-318.559	130.883	-151.148	44.2623	590.287	-244.022	-271.508	-318.769	130.935	-34.0924	-151.294	44.1043	307.677	590.646	5.93806	14	0	79.2124	35.1918	-35.5709	349.112	35.1918	-35.5709	349.112	
13127	17305	284.444	588.927	282.039	-477.778	-18.028	-0.480227	0	0	0	0	0	-139.062	-337.393	132.996	16.7204	-791.47	-628.137	-137.622	-237.137	-337.557	134.043	74.5506	16.6258	-792.706	-710.374	-627.997	19.0198	13	0	44.7935	-21.8916	43.7742	208.543	-21.8916	43.7742	208.543	
13127	52918	192.372	2348.17	192.369	-99999	3.13	-0.660216	1	1	1	1	1	-199.487	-289.191	130.473	3.59228	479.808	593.092	-199.487	-244.157	-289.191	130.473	67.0745	3.59228	479.808	536.651	593.092	15.2647	13	0	1732.13	3.16081	-40.3099	637.728	3.16081	-40.3099	637.728	
13127	52004	277.894	700.461	276.191	-99999	3.156	-0.887345	1	1	1	1	1	-213.702	-317.677	131.612	-115.804	256.23	305.581	-213.705	-276.105	-318.019	131.612	11.4498	-117.464	256.23	287.091	305.556	5.00883	8	0	81.9411	3.17659	-34.7162	296.705	3.17659	-34.7162	296.705	
13127	52964	313.596	746.803	313.357	-18.0557	-18.392	-0.885261	1	1	1	1	1	-281.24	-165.921	132.776	-146.58	406.612	326.319	-281.331	-218.019	-165.921	132.98	-3.67955	-146.58	406.668	363.334	326.319	5.55294	14	0	90.0887	-18.3643	-17.0173	363.116	-18.3643	-17.0173	363.116	
13127	51873	112.285	268.403	112.001	-24.3759	-27.61	-0.843965	1	1	0	0	0	-192.418	-230.523	132.893	32.1164	833.496	849.729	-192.418	-221.66	-230.539	132.893	86.2121	31.8487	833.496	843.776	849.748	11.1428	8	0	54.786	-27.5857	20.5352	780.827	52.8043	17.2392	810.652	
13127	52392	238.188	487.124	236.445	-804.145	84.94	-0.782136	0	0	0	0	0	-219.613	-197.602	132.5	-37.5597	751.118	589.286	-219.536	-212.518	-197.512	133.381	46.7497	-38.0141	751.84	670.755	588.971	4.97082	14	0	62.436	81.8704	-33.1161	296.866	81.8704	-33.1161	296.866	
13127	53472	105.246	281.719	104.783	-99999	46.827	-0.965109	1	1	1	0	0	-103.025	-75.998	129.318	28.2724	713.185	719.341	-88.4813	-74.9498	-61.3344	129.764	79.0011	28.2724	713.174	716.161	719.341	4.46266	7	0	52.628	46.8566	14.2572	725.296	46.8566	14.2572	725.296	
13127	52409	90.1803	6708.1	86.1248	-99999	105.59	-0.552592	0	0	0	0	0	-237.887	-237.907	129.466	65.456	501.472	541.2	-204.822	-205.15	-204.842	129.466	96.1016	65.456	501.472	529.03	541.2	17.5817	13	0	6506.16	47.8277	-12.505	302.867	47.8277	-12.505	302.867	
13127	50236	391.004	950.37	390.446	-99999	75.588	-0.72436	1	1	1	1	1	-105.55	-179.319	130.17	-158.132	266.635	514.76	-81.8781	-102.971	-155.844	130.183	-18.6377	-158.434	266.623	391.457	515.149	4.03603	6	0	99.3883	75.6173	-23.6819	393.324	75.6173	-23.6819	393.324	
13127	58432	438.974	1002.59	438.912	-99999	73.678	-0.567927	1	1	1	1	1	-220.964	-108.479	131.241	-100.316	-372.283	-18.4197	-197.892	-138.295	-85.3812	131.241	7.1784	-100.334	-372.283	-201.469	-18.3748	4.15911	7	0	76.9565	73.7205	-37.7883	-138.724	73.7205	-37.7883	-138.724	
13127	59272	316.655	778.626	315.762	-20.943	-22.917	-0.852318	1	1	1	1	1	-242.039	-90.568	131.981	-134.641	-122.584	-189.566	-242.307	-166.199	-90.4127	132.488	0.901569	-134.883	-122.428	-165.852	-189.576	10.3022	9	0	78.4631	-23.0623	-11.8503	141.103	-23.0623	-11.8503	141.103	
13127	16955	319.485	705.43	317.927	-99999	10.503	-0.931224	1	1	1	1	1	-174.597	-95.2467	131.686	-168.043	-154.967	-96.7408	-171.654	-124.629	-91.9459	132.608	-18.3031	-168.542	-155.114	-132.781	-96.672	5.07132	7	0	92.517	10.4356	-25.3232	114.124	22.2356	-13.5957	-254.952	
13127	58626	219.939	654.282	219.121	-99999	90.009	-0.68743	1	1	1	1	1	-228.077	-195.635	132.723	-14.9311	202.887	361.486	-242.309	-226.104	-209.78	133.285	59.2945	-14.9311	202.301	282.019	361.486	8.86584	14	0	49.6474	90.05	-25.5424	372.037	90.05	-25.5424	372.037	
13127	58508	166.886	447.102	165.977	65.1632	63.165	-0.787987	1	1	1	1	1	-280.354	-191.044	132.7	-0.3627	-463.733	-496.571	-280.856	-231.653	-191.044	133.408	69.4734	-0.3627	-463.506	-484.63	-496.571	4.20806	11	0	99.3506	63.1873	9.99755	-478.275	63.1873	9.99755	-478.275	
13127	58519	115.621	771.941	113.999	-99999	27.623	-0.845749	1	1	1	1	1	-296.121	-347.168	132.574	49.7562	-142.753	-119.385	-295.711	-325.195	-347.2	133.302	84.3802	49.7562	-142.886	-134.258	-119.385	7.12426	20	0	188.894	27.6482	25.1778	-127.897	27.6482	25.1778	-127.897	
13127	13862	37.3622	125.119	36.7983	-99999	-41.208	-0.912307	1	0	0	0	0	-351.953	-337.098	124.955	91.4554	138.233	140.971	-351.906	-344.064	-336.964	124.955	108.044	90.9088	138.233	139.38	141.004	4.88657	10	0	80.8785	-41.1885	57.289	160.263	-41.1885	57.289	160.263	
13127	2470	161.241	389.755	160.682	-99999	75.505	-0.929152	1	1	1	1	0	-124.719	-173.437	132.873	-16.7544	-151.507	-125.025	-100.946	-126.241	-149.853	133.247	59.0609	-16.8927	-151.587	-133.061	-125.028	6.16689	7	0	83.8646	75.5264	10.3797	-140.159	75.5264	10.3797	-140.159	
13127	63196	346.191	830.915	344.686	18.7338	16.371	-0.860251	1	1	1	1	1	-343.806	-174.606	133.877	-158.776	180.637	121.332	-343.908	-250.972	-174.01	134.057	-10.3301	-159.906	180.667	159.063	121.181	7.40012	8	0	94.8037	16.3804	-3.5043	159.799	16.3804	-3.5043	159.799	
13127	49480	104.145	283.762	102.098	-99999	-43.959	-0.932444	1	1	0	0	0	-265.704	-227.761	132.467	42.9448	-844.959	-816.339	-265.829	-250.185	-227.043	133.321	86.162	42.0397	-845.237	-829.883	-816.266	4.99568	6	0	98.4402	-43.9295	19.4999	-705.358	-43.9295	19.4999	-705.358	
13127	52480	262.691	1062.3	261.341	-99999	92.01	-0.812971	1	1	1	1	1	-314.885	-195.539	133.655	-73.9729	-281.932	-177.664	-329.567	-268.211	-209.586	134.082	30.1795	-74.6189	-282.133	-230.28	-177.371	8.24966	12	0	113.113	92.0443	-27.1668	-195.147	92.0443	-27.1668	-195.147	
13127	53200	165.838	504.436	165.837	-99999	34.149	-0.692644	1	1	1	1	1	-215.738	-283.486	125.23	12.3524	348.017	448.349	-215.777	-248.151	-283.525	125.23	70.1479	12.3524	348.017	400.657	448.349	4.91713	14	0	161.83	29.1446	31.5952	234.406	43.1646	2.76133	440.653	
13127	50050	201.659	478.038	200.692	-99999	90.646	-0.948919	1	1	1	1	0	-149.67	-89.7142	129.423	-60.3283	344.622	370.557	-121.57	-91.5073	-61.329	130.338	34.9434	-60.3283	344.506	357.204	370.557	4.01843	7	0	45.1844	90.664	-22.0092	364.078	90.664	-22.0092	364.078	
13127	48899	368.009	851.742	365.397	33.3452	32.413	-0.787267	1	1	1	1	1	-336.977	-116.973	133.054	-138.747	498.267	398.343	-336.997	-228.313	-115.928	133.081	-9.20275	-140.546	498.274	456.144	396.835	5.58365	15	0	80.5332	32.4397	-30.2741	441.823	32.4397	-30.2741	441.823	
13127	59210	244.703	589.429	243.253	42.9067	40.516	-0.925091	1	1	1	1	1	-289.997	-201.593	132.651	-91.4423	153.331	129.514	-290.185	-251.49	-201.31	133.176	18.6103	-92.2667	153.436	135.358	129.414	5.88199	7	0	74.914	40.5436	-1.29046	140.871	40.5436	-1.29046	140.871	
13127	22725	210.427	506.799	208.912	-99999	-16.861	-0.967007	1	1	1	0	0	-288.433	-323.138	133.183	-70.6611	-825.358	-809.686	-288.312	-302.343	-323.332	133.757	30.8802	-71.5376	-825.477	-808.91	-809.828	9.15559	7	0	85.0767	-16.8464	-5.66142	-789.611	-16.8464	-5.66142	-789.611	
13187	4875	256.442	580.476	253.582	-44.7173	-46.223	-0.873992	1	1	1	1	1	-232.588	-140.355	131.891	-74.5939	-746.208	-859.935	-233.15	-186.195	-139.975	133.43	28.5498	-75.5494	-745.575	-802.069	-860.29	4.6709	13	0	78.4697	-46.2087	-13.3208	-781.431	-46.2087	-13.3208	-781.431	
13193	14594	29.818	80.2326	29.1092	-99999	68.769	-0.933612	1	1	1	1	1	-211.624	-221.655	129.812	102.75	154.031	150.258	-200.629	-205.643	-210.902	130.335	116.434	102.613	154.098	152.126	150.244	4.14442	8	0	55.077	68.7902	-24.6177	135.972	68.7902	-24.6177	135.972	
13193	17114	60.6127	156.381	60.4214	-99999	78.7	-0.92243	1	1	0	0	0	-108.048	-85.931	130.063	74.8135	447.731	437.393	-83.4282	-72.7122	-61.2337	130.128	102.2	74.7085	447.742	442.883	437.367	5.56359	13	0	58.5344	78.7224	60.174	427.7	78.7224	60.174	427.7	
13193	16045	339.311	1303.73	338.806	-26.6359	-28.853	-0.794671	1	1	1	1	1	-154.343	-321.165	133.076	-121.341	802.207	669.372	-154.343	-232.188	-321.478	133.076	6.46423	-121.713	802.207	720.625	669.424	7.47913	6	0	80.1947	-28.8117	-31.829	699.037	-28.8117	-31.829	699.037	
13193	13292	274.535	776.682	273.364	-99999	46.138	-0.861624	1	1	1	1	1	-146.937	-217.453	134.242	-70.3264	-76.7358	-243.559	-139.686	-174.882	-210.373	134.242	31.4877	-71.0503	-76.7358	-160.521	-244.453	4.89628	19	0	60.2452	46.1676	-17.8132	-195.208	46.1676	-17.8132	-195.208	
13187	10441	279.596	671.25	276.797	58.4103	57.098	-0.88262	1	1	1	1	1	-166.426	-257.634	132.758	-116.253	-669.275	-734.665	-165.919	-227.246	-257.914	133.86	11.2513	-117.34	-668.994	-695.753	-734.762	4.37936	7	0	70.0404	62.8121	-102.736	-387.238	62.8121	-102.736	-387.238	
13193	13776	117.275	332.74	116.491	-99999	6.709	-0.616997	1	1	1	1	0	-220.935	-224.584	126.629	43.4406	-3.88537	70.2255	-221.216	-214.236	-224.591	127.033	83.1383	43.4406	-4.38679	33.5984	70.2255	5.05749	11	0	92.9471	6.74657	13.1516	45.7742	6.74657	13.1516	45.7742	
13193	21904	37.2263	164.718	36.7186	-99999	-1.657	-0.974124	1	1	1	0	0	-358.038	-347.274	-51.6248	-85.535	365.311	372.17	-358.036	-354.384	-346.962	-51.6248	-69.7255	-85.887	365.311	367.534	372.194	10.7877	20	0	123.021	-1.65113	-29.1008	372.163	-1.65113	-29.1008	372.163	
13193	22332	51.901	160.746	51.0976	-99999	42.222	-0.499968	1	1	0	0	0	-289.813	-320.015	133.38	106.867	-54.9347	-23.395	-289.791	-304.805	-320.489	133.439	119.858	106.522	-55.0112	-38.783	-22.9875	5.20951	12	0	74.5585	42.2095	65.863	8.90312	42.2095	65.863	8.90312	
13193	20080	342.36	1068.91	338.589	-99999	73.97	-0.677215	1	1	1	1	1	-180.906	-221.891	131.992	-79.2106	-555.187	-816.584	-168.606	-189.538	-210.267	134.527	27.0031	-79.2106	-552.49	-683.978	-816.584	8.64951	15	0	52.3722	74.0048	-11.1576	-693.665	74.0048	-11.1576	-693.665	
13193	21280	232.19	509.807	231.782	-715.394	95.428	-0.403675	0	0	0	0	0	-164.436	-299.465	131.864	40.6241	698.483	863.158	-164.436	-230.491	-299.69	131.864	84.9933	40.4499	698.483	781.597	863.437	4.19568	14	0	49.6173	76.0015	36.1472	-812.69	-49.1285	5.97522	782.674	
13193	19008	347.152	838.552	317.404	-99999	-38.985	-0.982984	1	1	1	1	1	-171.609	-151.617	132.113	-167.787	-422.08	-443.055	-183.817	-169.264	-163.729	132.113	-39.9615	-168.114	-422.08	-434.314	-443.072	7.74926	7	0	84.2098	-38.9532	-33.3831	-435.594	-38.9532	-33.3831	-435.594	
13193	23328	111.281	317.253	110.265	-99999	93.704	-0.960294	1	1	0	0	0	-263.369	-271.372	133.21	27.468	796.944	826.349	-263.476	-265.487	-271.717	133.21	79.6183	26.4899	796.944	811.651	826.446	6.75635	8	0	87.2482	93.7366	24.0531	791.761	93.7366	24.0531	791.761	
13193	25826	262.361	524.076	256.503	-649.807	-42.364	-0.837014	0	0	0	0	0	-204.327	-237.645	131.158	-49.0554	-496.385	-318.531	-204.035	-218.152	-237.7	133.18	40.1357	-50.6414	-497.658	-407.423	-315.597	11.87	20	0	96.8014	-999999	-999999	-999999	-999999	-999999	-999999	
13193	24818	112.225	292.303	102.071	-99999	26.698	-0.55071	1	1	1	1	1	-252.637	-317.214	124.997	65.9981	94.6618	147.261	-252.453	-287.977	-323.368	125.181	92.8826	60.2157	94.4748	123.511	152.299	20.3506	12	0	74.4561	26.7119	27.7269	165.114	26.7119	27.7269	165.114	
13193	25478	76.2001	186.172	74.7495	-99999	9.549	-0.905743	0	0	0	0	0	-63.5106	-97.5311	122.599	56.1944	609.384	612.151	-60.4643	-77.1254	-95.3104	122.719	88.4954	55.1281	609.386	610.537	612.226	9.95671	6	0	75.483	-999999	-999999	-999999	-999999	-999999	-999999	
13193	5328	225.141	568.528	224.098	-99999	57.308	-0.807195	1	1	1	1	1	-205.896	-79.27	132.527	-52.3602	-125.529	-124.882	-188.258	-124.555	-61.031	132.942	40.1365	-52.7954	-125.532	-125.051	-124.89	4.73468	6	0	48.7269	57.3332	-42.3083	-145.296	57.3332	-42.3083	-145.296	
13193	1375	282.955	726.716	282.495	-99999	-45.392	-0.962916	1	1	1	1	1	-254.371	-237.137	131.542	-135.483	606.515	685.558	-254.335	-244.164	-237.085	131.824	-3.07261	-135.483	606.44	640.709	685.558	4.7491	12	0	65.9153	-45.368	-20.8523	642.406	-45.368	-20.8523	642.406	
13193	6990	294.043	1426.27	292.909	-99999	84.205	-0.922676	1	1	1	1	1	-295.112	-228.782	132.936	-129.827	290.942	399.775	-295.209	-261.446	-228.993	132.936	-0.0786948	-130.83	290.942	343.625	400.252	190.968	12	0	507.703	84.2261	-26.9259	356.626	84.2261	-26.9259	356.626	
13193	7710	151.888	425.385	150.527	-99999	69.991	-0.979909	1	1	1	0	0	-104.218	-83.1775	128.986	-19.4436	402.886	416.275	-82.5359	-71.5024	-61.2603	130.314	55.4696	-19.4436	402.737	409.282	416.275	7.31001	7	0	56.1981	70.0123	-6.47293	423.018	70.0123	-6.47293	423.018	
13193	10497	254.967	603.179	253.092	95.4869	95.523	-0.790667	1	1	1	1	1	-104.005	-263.064	133.356	-57.3788	-192.999	-238.594	-103.729	-184.885	-263.976	133.748	39.4667	-58.3344	-192.883	-220.465	-238.967	4.61963	6	0	76.5409	95.561	-2.15291	-219.385	95.561	-2.15291	-219.385	
13193	9311	445.089	1045.94	444.061	-99999	62.99	-0.597172	1	1	1	1	1	-92.0578	-200.859	130.126	-147.652	423.552	751.499	-72.2482	-126.986	-181.286	130.34	-6.31636	-147.942	423.277	589.997	752.073	4.75419	10	0	90.2843	63.0246	-9.67275	571.795	63.0246	-9.67275	571.795	
13193	16651	229.674	461.373	228.823	-99999	16.869	-0.995025	1	1	1	1	1	-271.468	-253.871	126.78	-94.0075	-489.15	-468.678	-271.487	-265.432	-253.89	126.78	14.4942	-94.0075	-489.15	-480.408	-468.678	5.30802	9	0	77.4668	16.8708	-20.6126	-477.422	16.8708	-20.6126	-477.422	
13193	15763	410.392	1067.63	403.793	-99999	54.926	-0.755641	1	1	1	1	1	-88.8221	-192.615	130.38	-165.97	45.0865	298.796	-70.6736	-123.212	-176.127	133.566	-18.1992	-167.317	42.4761	170.181	300.607	21.2276	9	0	91.6508	59.3088	-17.0983	-167.82	59.3088	-17.0983	-167.82	
13181	3411	143.147	361.66	142.355	-99999	-9.419	-0.876245	1	1	1	1	0	-300.568	-282.433	133.437	7.02935	368.796	430.66	-300.612	-293.234	-282.422	134.132	72.2494	7.02935	368.425	403.519	430.66	4.46186	11	0	77.6324	-9.3937	22.6745	411.133	-9.3937	22.6745	411.133	
13193	16386	270.472	674.71	270.027	57.9755	57.782	-0.906714	1	1	1	1	1	-271.386	-198.916	132.831	-107.693	685.991	594.149	-271.386	-224.904	-198.894	132.831	11.8271	-108.096	685.991	648.024	593.982	9.38723	12	0	93.3729	57.8169	-18.3829	638.267	57.8169	-18.3829	638.267	
13193	23977	23.4831	53.482	20.2596	-99999	73.658	-0.597781	1	1	1	1	1	-353.662	-339.102	-76.3078	-88.5915	693.891	700.781	-353.764	-345.333	-336.872	-76.2938	-83.3622	-90.5515	693.882	697.983	701.802	4.59736	9	0	47.8235	73.661	-80.0571	706.273	73.661	-80.0571	706.273	
13181	917	284.814	654.686	281.835	-81.5347	18.731	-0.923531	1	1	1	1	1	-285.449	-148.91	132.266	-110.34	-209.192	-241.704	-285.449	-224.171	-147.992	132.266	4.9178	-113.045	-209.192	-225.082	-242.523	5.183	14	0	78.7631	18.7438	-4.82506	153.055	-25.2662	-32.7686	-165.273	
13193	3873	137.18	362.328	136.265	-99999	31.329	-0.971864	1	1	1	1	1	-250.085	-205.257	132.216	4.3309	-720.851	-711.149	-255.195	-235.509	-210.18	133.104	67.8421	4.3309	-720.939	-714.257	-711.149	4.72978	10	0	83.0521	31.3603	11.7979	-707.26	31.3603	11.7979	-707.26	
13193	4713	236.387	610.002	234.776	62.6058	61.874	-0.911205	1	1	1	1	1	-235.964	-182.666	131.391	-71.0835	631.507	530.691	-236.167	-219.277	-182.535	132.591	25.0947	-71.2842	632.009	586.037	530.549	5.3311	13	0	82.3352	61.903	-16.6831	574.21	61.903	-16.6831	574.21	
13187	7243	113.151	529.087	107.614	-99999	-1.367	-0.519357	1	1	1	1	1	-61.9072	-125.16	18.7992	-26.8919	389.114	462.126	-62.3353	-96.3636	-128	18.7992	-7.37706	-26.4175	389.114	425.942	467.069	5.07151	11	0	304.885	-1.31602	-35.9842	480.533	-1.31602	-35.9842	480.533	
13181	26933	136.344	315.421	136.236	-99999	-12.404	-0.935624	1	1	0	0	0	-356.532	-300.691	-45.89	-168.236	851.549	866.58	-356.518	-333.452	-300.628	-45.89	-109.847	-168.328	851.549	856.21	866.589	5.3202	9	0	78.3234	-12.3906	-43.9098	835.902	-12.3906	-43.9098	835.902	
13193	11929	201.359	527.068	199.602	-99999	71.91	-0.783025	1	1	1	1	1	-305.419	-247.597	132.966	-25.122	538.819	639.54	-306.13	-263.685	-247.679	134.339	59.979	-25.122	537.95	590.75	639.54	6.04098	11	0	95.9539	71.9502	7.34194	608.822	71.9502	7.34194	608.822	
13193	8712	231.635	584.919	228.352	34.231	31.722	-0.810367	1	1	1	1	1	-214.653	-186.042	130.077	-50.0916	586.195	452.131	-214.783	-205.996	-185.598	131.673	41.9352	-51.2207	587.342	515.098	451.655	4.93601	13	0	81.7153	31.7649	-15.1649	487.924	31.7649	-15.1649	487.924	
13193	15782	207.942	561.552	207.941	-99999	44.124	-0.581596	1	1	1	1	1	-260.718	-202.047	133.783	23.3594	-492.889	-658.997	-267.651	-238.665	-208.98	133.783	77.9356	23.3594	-492.889	-575.632	-658.997	9.65504	7	0	62.0716	44.1724	-19.4064	-687.619	44.1724	-19.4064	-687.619	
13193	13610	157.496	769.879	157.027	-31.8246	-32.47	-0.662543	1	1	1	1	1	-223.522	-126.588	132.497	25.9654	-289.734	-350.235	-223.563	-173.438	-126.456	132.543	79.6938	25.6901	-289.703	-319.383	-350.486	4.94264	17	0	78.2755	-35.7428	7.45529	-91.3409	29.1472	-31.1971	-227.904	
13193	12924	290.193	800.328	290.002	-99999	110.982	-0.894562	0	0	0	0	0	-241.309	-221.771	131.654	-112.083	-406.76	-555.802	-206.58	-187.756	-187.018	131.793	5.91688	-112.083	-406.694	-475.903	-555.802	6.11903	13	0	115.731	77.4737	24.5319	-357.212	77.4737	24.5319	-357.212	
13193	17160	209.861	535.772	209.533	-99999	102.617	-0.901558	0	0	0	0	0	-272.783	-341.713	133.249	-63.6913	-292.322	-290.144	-272.901	-308.947	-341.928	133.249	35.2457	-63.9975	-292.322	-295.562	-290.115	6.71786	7	0	73.9175	51.4401	-72.9346	-240.391	51.4401	-72.9346	-240.391	
13193	13137	43.0625	108.101	42.4041	-99999	45.663	-0.978981	1	1	1	1	1	-208.073	-217.609	131.885	90.6335	-131.027	-133.31	-200.778	-205.536	-210.439	132.509	111.542	90.6133	-130.985	-132.1	-133.311	6.58462	8	0	53.0636	45.7005	-29.3335	19.4601	45.7005	-29.3335	19.4601	
13193	12910	336.982	767.077	335.582	-45.7906	-48.168	-0.737538	1	1	1	1	1	-105.619	-315.54	134.481	-114.313	657.176	731.479	-105.619	-218.154	-316.357	134.481	11.9731	-115.375	657.176	682.173	731.866	4.56845	10	0	80.7122	-48.1348	-29.259	694.194	-48.1348	-29.259	694.194	
13193	14059	161.394	389.38	160.379	-99999	-0.47	-0.88105	1	1	1	1	1	-259.607	-337.047	131.157	-4.80977	68.8606	99.7403	-259.538	-293.685	-337.522	131.303	60.6023	-5.50884	68.8181	87.2593	99.7551	5.69452	8	0	72.2253	-0.450831	16.9832	93.482	-0.450831	16.9832	93.482	
13193	3110	283.914	851.977	283.521	-99999	86.703	-0.494061	1	1	1	1	1	-234.231	-339.005	131.946	-10.4489	-544.671	-325.328	-234.231	-289.434	-339.104	132.063	61.1446	-10.4489	-544.854	-434.972	-325.328	4.85279	6	0	52.1839	86.7346	-10.6407	-345.87	86.7346	-10.6407	-345.87	
13187	6862	144.524	393.982	143.184	-99999	-24.026	-0.279771	1	1	1	0	0	-134.597	-132.286	125.005	52.8154	-373.629	-252.023	-142.1	-146.878	-139.673	125.039	88.6362	52.1064	-373.751	-312.262	-251.083	5.74752	8	0	80.5258	-33.3798	-6.78303	-277.971	-33.3798	-6.78303	-277.971	
13181	9866	244.172	6120.34	243.8	106.047	107.377	-0.316969	0	0	0	0	0	-66.8533	-262.193	-58.6924	-139.976	380.75	264.086	-66.8533	-166.603	-262.193	-58.6924	-98.1956	-139.976	380.75	322.51	264.086	13.7391	67	0	734.063	-999999	-999999	-999999	-999999	-999999	-999999	
13181	28936	198.897	667.07	197.439	-99999	75.073	-0.913198	1	1	1	1	1	-273.43	-286.799	133.948	-53.1175	467.553	522.048	-273.516	-282.534	-287.133	133.948	39.396	-54.3978	467.553	496.126	522.428	169.755	12	0	205.805	74.0401	-22.2343	-289.828	74.0401	-22.2343	-289.828	
13181	29056	195.142	743.626	192.881	116.417	115.691	-0.885636	0	0	0	0	0	-240.547	-199.654	132.069	-19.2633	201.353	92.5104	-240.547	-220.752	-199.42	132.069	48.6583	-20.6579	201.353	154.967	90.8322	7.50428	13	0	68.7506	-999999	-999999	-999999	-999999	-999999	-999999	
13193	18642	260.561	621.691	260.554	-35.8747	-36.593	-0.75951	1	1	1	1	1	-309.667	-164.382	133.425	-71.9126	146.466	209.011	-309.667	-237.142	-164.382	133.425	31.4185	-71.9126	146.466	182.383	209.011	7.65652	6	0	75.1128	-34.2642	-16.4945	-761.685	-18.3342	-5.64176	625.007	
13193	21112	206.233	533.445	206.167	-20.8689	-22.214	-0.828028	1	1	1	1	1	-250.775	-131.404	133.119	-32.2679	356.157	376.793	-250.775	-195.131	-131.385	133.119	47.1263	-32.3205	356.157	367.688	376.797	13.1515	7	0	106.812	-22.189	14.8485	-319.659	8.74096	-29.0576	284.324	
13193	20056	192.986	465.443	192.532	194.277	7.931	-0.650348	0	0	0	0	0	-202.079	-345.983	131.968	9.23342	-486.232	-460.899	-201.741	-279.149	-345.983	132.258	75.5242	9.23342	-486.228	-478.323	-460.899	5.03683	7	0	77.1357	21.0487	-38.4471	210.78	21.0487	-38.4471	210.78	
13181	14027	317.711	818.038	317.141	69.9524	68.776	-0.960539	1	1	1	1	1	-189.556	-268.087	132.385	-160.44	168.787	257.793	-189.556	-223.327	-268.314	132.385	-17.3607	-160.947	168.787	209.189	257.89	5.64095	9	0	92.9838	72.2958	17.1532	647.881	-36.1842	-20.692	640.801	
13193	5777	33.0278	127.077	30.1958	-99999	77.44	-0.714108	0	0	0	0	0	-282.495	-283.664	133.744	109.054	-109.555	-92.6994	-282.584	-284.094	-284.06	133.744	120.923	106.586	-109.555	-99.4368	-91.4739	5.8015	15	0	86.188	77.4672	39.7122	-98.0907	77.4672	39.7122	-98.0907	
13193	5343	247.911	623.139	247.69	-99999	45.085	-0.942549	1	1	1	1	1	-210.292	-262.642	126.125	-105.233	33.4036	100.101	-210.284	-237.388	-262.697	126.321	8.50169	-105.238	33.3602	60.5443	100.103	7.59996	9	0	80.9223	45.1182	-18.5175	66.7521	45.1182	-18.5175	66.7521	
13193	3752	55.9609	167.583	55.7972	-99999	-44.021	-0.948955	1	0	0	0	0	-184.857	-183.031	132.703	81.1224	-756.126	-775.608	-198.642	-196.279	-196.819	132.703	106.21	81.1117	-756.126	-764.258	-775.615	7.70216	12	0	78.3666	-43.5469	-10.4887	140.162	-43.5469	-10.4887	140.162	
13193	5218	147.086	357.067	147.067	-99999	7.024	-0.697675	1	1	1	1	1	-249.62	-325.763	131.122	35.9133	-97.8844	-15.702	-249.618	-287.578	-325.771	131.135	82.971	35.9133	-97.8934	-57.3382	-15.702	5.98787	12	0	62.7905	7.05472	-6.22691	8.88242	7.05472	-6.22691	8.88242	
13193	4990	45.4962	227.699	42.6422	-99999	110.241	-0.647336	0	0	0	0	0	-211.311	-227.052	128.994	101.209	-819.953	-847.56	-211.437	-219.882	-227.282	128.994	114.659	99.1803	-819.953	-835.253	-849.303	8.25581	6	0	106.007	-43.0805	35.9658	459.241	-43.0805	35.9658	459.241	
13193	719	235.929	579.666	234.307	88.3688	83.521	-0.737937	1	1	1	1	1	-263.562	-112.391	132.336	-35.4762	-337.22	-395.414	-263.758	-193.709	-111.413	132.569	41.988	-36.2443	-337.13	-364.86	-395.701	5.52678	7	0	71.4755	83.5505	-9.28448	-378.912	83.5505	-9.28448	-378.912	
13193	8648	269.709	581.223	262.575	-99999	-44.045	-0.91002	1	1	1	1	1	-255.196	-314.813	133.179	-95.0109	351.735	463.463	-255.146	-287.238	-316.174	133.179	12.9996	-100.192	351.735	403.232	468.041	6.59373	19	0	55.3058	-44.0262	-43.8762	421.783	-44.0262	-43.8762	421.783	
13193	11892	62.4876	194.796	62.3867	-99999	69.66	-0.748299	1	1	1	1	1	-238.756	-199.107	132.552	86.4237	615.961	602.553	-249.762	-229.48	-210.053	132.625	109.828	86.4237	615.984	609.282	602.553	4.74487	7	0	70.8427	69.6925	-28.4712	567.199	69.6925	-28.4712	567.199	
13193	6493	232.3	509.496	231.747	-99999	-1.024	-0.487971	1	1	1	1	1	-130.241	-220.651	128.82	-78.5983	246.421	272.148	-130.241	-169.385	-220.852	128.82	23.1964	-78.9678	246.421	255.087	272.24	6.70208	9	0	86.131	-0.984983	-11.4241	243.19	-0.984983	-11.4241	243.19	
13187	11208	21.5714	245.45	18.8859	-24.3801	27.836	-0.754492	0	0	0	0	0	-183.385	-178.988	132.305	122.195	-298.199	-284.89	-179.659	-180.087	-174.348	133.447	127.089	122.219	-299.068	-291.57	-284.593	4.68435	14	0	245.45	43.4316	-83.9887	836.943	-26.3984	-13.4845	-158.742	
13193	14615	256.848	807.511	256.571	-99999	33.69	-0.53647	1	1	1	1	1	-129.936	-72.3638	130.39	-2.34135	151.136	362.548	-119.45	-90.555	-61.814	130.536	62.0298	-2.34135	150.916	255.621	362.548	19.0778	23	0	193.638	33.7331	-8.5487	342.616	33.7331	-8.5487	342.616	
13181	14352	271.033	705.995	269.76	-43.8638	-44.001	-0.961498	1	1	1	1	1	-228.942	-162.915	133.677	-125.648	359.875	368.648	-229.023	-185.828	-162.862	134.163	6.33184	-126.408	359.971	369.841	368.715	7.52293	6	0	92.0628	-43.9639	-30.919	365.365	-43.9639	-30.919	365.365	
13193	14433	323.276	784.53	322.476	-99999	33.262	-0.648394	1	1	1	1	1	-66.5482	-217.055	74.6141	-137.356	153.034	-37.7146	-60.9637	-136.821	-211.848	75.1025	-31.4225	-137.38	153.49	58.4974	-37.7388	8.68785	12	0	77.6958	33.3002	11.4315	94.9011	33.3002	11.4315	94.9011	
13193	16657	402.105	978.327	400.649	30.9746	29.895	-0.759117	1	1	1	1	1	-162.443	-257.239	132.495	-144.161	-444.76	-177.519	-162.194	-224.724	-257.096	133.348	-8.53546	-144.389	-445.442	-317.578	-177.334	6.06749	15	0	85.3066	29.9392	-29.1616	-294.621	29.9392	-29.1616	-294.621	
13193	14390	334.816	1808.18	333.725	102.739	101.273	-0.732352	0	0	0	0	0	-304.416	-121.095	133.588	-100.917	271.32	123.62	-304.416	-209.204	-120.83	133.588	16.442	-101.889	271.32	199.368	123.218	5.93023	18	0	135.195	-999999	-999999	-999999	-999999	-999999	-999999	
13193	15487	225.169	541.577	224.769	-99999	77.126	-0.960579	1	1	1	1	1	-278.716	-313.955	132.494	-79.0288	-290.171	-232.066	-278.763	-287.493	-314.109	132.781	24.1701	-79.0947	-290.243	-262.246	-232.038	4.64572	8	0	67.4511	77.1483	-28.2357	-247.731	77.1483	-28.2357	-247.731	
13187	7273	225.554	592.255	224.548	-99999	89.539	-0.941832	1	1	1	0	0	-319.059	-254.894	114.107	-99.4077	-890.105	-871.169	-319.407	-281.616	-254.865	114.789	8.83362	-99.6455	-890.148	-883.527	-871.138	5.31373	8	0	84.9702	89.5583	-9.34373	-817.146	89.5583	-9.34373	-817.146	
13181	14244	182.781	449.096	182.235	-25.9871	-27.454	-0.747766	1	1	1	1	1	-196.114	-255.764	132.311	0.16084	-681.616	-572.707	-195.981	-228.613	-255.764	132.718	64.4606	0.16084	-681.944	-630.752	-572.707	4.90448	12	0	90.3359	-27.428	6.79402	-603.078	27.182	44.7357	-660.664	
13193	20156	60.6631	184.418	59.1363	-99999	108.38	-0.821062	0	0	0	0	0	-219.425	-235.273	131.911	84.6923	-736.159	-767.497	-185.216	-191.663	-201.334	133.165	108.418	84.6923	-735.337	-751.627	-767.497	6.02978	9	0	86.7262	-999999	-999999	-999999	-999999	-999999	-999999	
13193	21126	110.458	257.953	109.253	-99999	82.114	-0.96166	1	1	1	0	0	-109.297	-87.1254	132.423	26.3858	-357.356	-343.272	-83.8848	-72.4543	-61.4119	133.577	80.0471	26.3858	-357.521	-350.187	-343.272	8.82436	8	0	54.556	82.1049	2.78818	-351.591	82.1049	2.78818	-351.591	
13193	23047	64.8787	187.408	63.4539	-99999	43.912	-0.942356	1	0	0	0	0	-85.2417	-78.3162	129.954	69.8917	171.444	153.362	-71.5344	-67.2553	-64.7288	130.267	99.5629	68.9533	171.538	162.446	153.044	6.27383	12	0	82.578	43.9421	69.9814	170.782	43.9421	69.9814	170.782	
13187	11294	89.7856	303.736	89.7753	-99999	102.717	-0.781405	0	0	0	0	0	-240.053	-219.879	134.052	66.1564	584.591	530.661	-207.888	-197.961	-187.713	134.052	98.0965	66.1556	584.591	559.744	530.66	10.2536	11	0	96.3164	-999999	-999999	-999999	-999999	-999999	-999999	
13181	15926	87.1782	233.407	82.103	-99999	62.482	-0.971649	1	1	0	0	0	-229.463	-230.897	130.237	50.1513	191.57	208.212	-229.382	-232.323	-230.418	132.75	90.245	47.7795	190.983	199.982	208.689	6.55983	7	0	72.1738	62.5037	19.2269	204.206	62.5037	19.2269	204.206	
13187	8254	65.3084	225.962	64.7056	-99999	-14.466	-0.780057	0	0	0	0	0	-261.328	-239.83	125.598	74.5567	702.143	731.906	-263.584	-249.456	-242.249	125.598	98.8233	74.1067	702.143	714.179	732.207	8.43621	18	0	101.851	-9.23524	10.6858	178.74	-9.23524	10.6858	178.74	
13193	24425	214.662	555.875	214.091	-99999	112.805	-0.853484	0	0	0	0	0	-222.599	-310.901	133.176	-42.878	-498.652	-416.754	-222.728	-272.498	-311.197	133.176	45.1605	-43.3585	-498.652	-462.813	-416.5	5.32453	14	0	79.7724	5.53136	-68.3466	729.346	-28.0786	-25.7404	-534.295	
13193	24784	321.496	933.102	311.726	53.8981	53.98	-0.719387	1	1	1	1	1	-65.9134	-268.852	121.962	-96.2939	146.249	233.901	-60.1011	-162.685	-269.233	128.442	12.3885	-96.9104	144.084	186.607	234.207	5.13772	13	0	81.8977	54.015	0.122619	189.43	54.015	0.122619	189.43	
13193	24593	323.724	858.114	307.586	50.7071	49.874	-0.66679	1	1	1	1	1	-351.845	-173.449	57.1776	-142.965	727.662	585.575	-359.185	-279.208	-173.179	67.9023	-41.8988	-143.123	736.672	649.144	585.556	5.82357	7	0	74.6918	49.8808	3.22281	688.423	49.8808	3.22281	688.423	
13193	7275	54.7065	214.244	53.6959	-99999	37.131	-0.934643	1	0	0	0	0	-96.1809	-105.321	133.513	84.1665	-77.9964	-96.3526	-84.5521	-88.5903	-93.703	133.526	108.447	83.2181	-77.9916	-87.9306	-96.4152	9.2358	16	0	131.366	37.1543	38.6936	-93.877	37.1543	38.6936	-93.877	
13193	7274	236.076	557.995	235.522	-99999	18.591	-0.725677	1	1	1	1	1	-352.387	-263.482	133.222	-28.3563	-487.375	-342.582	-352.465	-302.982	-263.415	133.319	50.5271	-28.6781	-487.447	-419.755	-342.331	5.29345	15	0	68.7974	18.6126	11.4862	-392.95	18.6126	11.4862	-392.95	
13193	14103	283.55	714.404	282.129	-99999	78.084	-0.970096	1	1	1	1	1	-196.825	-156.569	132.29	-145.658	-483.311	-476.111	-172.42	-148.912	-131.866	132.468	-6.94444	-146.858	-483.32	-473.95	-476.212	4.58504	11	0	73.1365	78.1144	-29.1156	-473.567	78.1144	-29.1156	-473.567	
13193	14236	60.9953	196.457	60.5023	-99999	105.738	-0.852267	0	0	0	0	0	-295.223	-264.217	133.108	82.2503	-289.161	-279.303	-295.408	-279.174	-264.162	133.223	107.781	81.9584	-289.185	-284.921	-279.2	4.00149	12	0	86.1861	-999999	-999999	-999999	-999999	-999999	-999999	
13193	18129	199.504	584.97	198.819	-99999	16.304	-0.97722	1	1	1	1	1	-139.766	-119.887	133.012	-62.9247	-417.429	-401.385	-134.66	-121.79	-114.75	133.012	34.2194	-63.5858	-417.429	-417.253	-401.396	7.77666	6	0	175.509	16.3304	-5.2883	-410.622	16.3304	-5.2883	-410.622	
13193	21009	347.272	4472.7	347.134	-46.2936	-47.201	-0.83959	1	1	1	1	1	-292.927	-164.837	132.921	-145.291	-521.541	-683.353	-292.927	-227.598	-164.785	132.921	-7.16626	-145.398	-521.541	-600.023	-683.409	8.88494	10	0	88.1285	-47.168	-17.2693	-602.891	-47.168	-17.2693	-602.891	
13193	21665	241.342	621.142	240.775	85.0778	83.013	-0.522162	1	1	1	1	1	-144.854	-266.155	132.733	-0.832321	560.453	718.838	-144.583	-209.215	-266.197	132.992	66.1466	-0.873888	560.128	636.837	718.87	7.08165	10	0	111.329	83.0666	7.09201	659.043	83.0666	7.09201	659.043	
13193	21315	159.358	422.898	159.332	-99999	-30.103	-0.982698	1	1	1	1	1	-251.531	-258.947	133.248	-20.6589	118.454	156.953	-251.497	-253.977	-258.912	133.248	55.9503	-20.6589	118.454	136.894	156.953	4.99728	10	0	67.0791	-27.8582	7.65875	-147.511	-27.8582	7.65875	-147.511	
13181	14661	230.123	577.084	230.006	-99999	66.283	-0.901389	1	1	1	1	1	-129.156	-221.358	133.226	-67.3073	135.063	70.4938	-118.74	-164.551	-210.986	133.226	32.8625	-67.411	135.063	102.474	70.4686	5.27136	10	0	48.9779	66.3166	-20.2755	77.3169	66.3166	-20.2755	77.3169	
13181	17541	297.292	697.846	291.037	-99999	-27.953	-0.897497	1	1	1	1	1	-191.347	-153.375	125.817	-145.609	416.668	501.976	-200.822	-178.866	-161.717	130.278	-9.99089	-146.541	414.648	458.385	502.015	5.92697	6	0	70.8802	-32.2872	-36.7123	-106.809	-32.2872	-36.7123	-106.809	
13193	20579	344.608	1219.76	328.014	-99999	48.627	-0.807713	1	1	1	1	1	-98.3775	-222.736	132.794	-122.905	120.369	283.812	-82.9389	-148.351	-207.968	133.35	-0.98323	-136.684	120.029	205.79	290.72	8.18204	10	0	195.479	48.6496	-36.7287	256.453	48.6496	-36.7287	256.453	
13181	17120	332.007	777.412	332.002	58.6597	59.066	-0.62732	1	1	1	1	1	-130.197	-310.225	133.508	-66.7777	-597.053	-405.586	-130.197	-221.961	-310.225	133.508	28.7968	-66.7777	-597.053	-506.866	-405.586	6.17857	14	0	79.8507	59.0986	-17.7503	-474.772	59.0986	-17.7503	-474.772	
13193	25810	105.478	272.392	104.945	-99999	21.269	-0.918692	1	1	0	0	0	-288.439	-331.239	133.527	38.1395	-633.644	-629.754	-288.463	-307.59	-331.512	133.527	84.6415	37.6703	-633.644	-629.045	-629.779	4.62115	6	0	69.8954	21.2935	42.6616	-625.376	21.2935	42.6616	-625.376	
13193	25060	259.648	607.454	259.311	-99999	70.479	-0.945647	1	1	1	1	1	-275.351	-291.443	133.712	-112.512	-450.045	-377.926	-275.432	-296.012	-291.557	133.712	10.5425	-112.775	-450.045	-415.535	-377.85	4.75608	10	0	73.7623	70.496	-23.6303	-398.664	70.496	-23.6303	-398.664	
13187	9100	248.751	597.982	246.525	-44.5669	-43.175	-0.793574	1	1	1	1	1	-151.355	-281.812	132.566	-64.1474	-127.218	-67.5815	-151.085	-226.027	-282.987	132.933	35.4301	-65.3789	-127.267	-109.278	-67.1375	5.14913	6	0	72.0274	-43.1364	-16.737	-92.8738	-43.1364	-16.737	-92.8738	
13193	24279	203.013	528.54	202.31	-99999	14.711	-0.801575	1	1	1	1	1	-339.555	-242.341	133.571	-29.9533	109.775	175.827	-339.935	-284.729	-242.358	134.134	54.5688	-29.9533	109.573	139.898	175.827	6.07407	7	0	104.195	14.218	-40.0001	-289.955	14.218	-40.0001	-289.955	
13193	25216	278.085	707.932	276.507	-99999	45.606	-0.958857	1	1	1	1	1	-244.071	-294.371	133.732	-129.214	496.659	562.594	-244.124	-268.356	-294.797	133.732	-0.381417	-130.729	496.659	523.696	562.766	5.62498	12	0	88.824	45.9563	-31.0276	-507.211	45.9563	-31.0276	-507.211	
13193	8776	330.351	955.433	323.797	-99999	60.173	-0.936583	1	1	1	1	1	-105.353	-218.743	132.781	-167.673	-326.437	-367.474	-95.6242	-153.158	-211.6	133.572	-19.9107	-172.881	-326.329	-346.521	-367.654	5.98488	12	0	66.3859	60.207	-11.1326	-348.768	60.207	-11.1326	-348.768	
13193	13277	75.7308	235.936	75.6497	-99999	21.92	-0.68624	1	1	0	0	0	-291.999	-312.306	132.858	80.0368	-724.623	-674.809	-292.022	-300.837	-312.345	132.873	107.527	79.9974	-724.623	-697.959	-674.782	6.80119	13	0	84.553	21.941	39.5948	-679.754	21.941	39.5948	-679.754	
13193	14957	206.29	528.376	205.87	115.891	116.41	-0.975909	0	0	0	0	0	-218.764	-152.447	132.548	-60.1537	809.376	802.155	-218.858	-194.303	-152.447	132.954	32.8406	-60.1537	809.372	811.949	802.155	4.47708	9	0	84.6844	91.7174	3.49583	-547.915	-45.0626	-91.8152	-349.667	
13193	16553	94.1277	248.248	91.5856	-99999	-39.504	-0.962868	1	0	0	0	0	-230.227	-252.177	132.291	44.7552	790.668	801.315	-230.162	-242.16	-252.838	132.36	86.8668	42.4556	790.668	791.176	801.861	4.23034	13	0	79.1799	-39.4842	25.2176	767.061	-39.4842	25.2176	767.061	
13181	16923	182.955	584.64	181.961	-99999	20.819	-0.819432	1	1	1	1	1	-68.168	-169.34	-16.9821	-166.353	-819.687	-796.392	-61.0868	-112.502	-162.82	-16.1711	-90.8177	-166.353	-819.789	-807.466	-796.392	4.11272	8	0	70.5622	20.8336	-37.7065	-803.787	20.8336	-37.7065	-803.787	
13193	17550	291.62	863.381	291.388	-99999	33.675	-0.996997	1	1	1	1	1	-259.043	-269.687	132.018	-154.319	-706.865	-687.983	-259.082	-266.634	-269.726	132.018	-13.1953	-154.319	-706.865	-703.057	-687.983	5.61931	7	0	151.271	33.7016	13.7388	-27.1151	33.7016	13.7388	-27.1151	
13187	4956	246.104	571.753	244.427	-99999	16.289	-0.985519	1	1	1	1	1	-82.9173	-110.343	131.916	-107.877	-644.889	-610.351	-77.6935	-89.3213	-105.242	133.558	12.2668	-107.877	-645.135	-628.701	-610.351	4.61412	7	0	76.022	16.2962	-3.35725	-604.441	16.2962	-3.35725	-604.441	
13193	16649	580.408	2661.87	574.7	-99999	76.053	-0.699323	1	1	1	1	1	-143.519	-232.688	134.694	-167.686	-298.099	-778.365	-119.704	-164.937	-209.723	134.694	-17.9515	-170.764	-298.099	-540.563	-783.072	25.8997	11	0	146.301	76.0968	-30.9536	-590.405	76.0968	-30.9536	-590.405	
13193	13403	156.649	398.335	151.933	95.3964	93.95	-0.967723	1	1	1	1	0	-198.763	-257.242	132.301	-7.32116	-827.399	-828.692	-198.603	-224.596	-258.937	132.967	59.2849	-10.8248	-827.361	-828.083	-829.702	9.8803	7	0	91.7933	93.9721	1.37275	-787.249	93.9721	1.37275	-787.249	
13193	16643	26.6543	104.442	24.8437	-99999	84.308	-0.978705	0	0	0	0	0	-233.587	-235.063	131.806	107.327	-715.033	-718.674	-206.914	-208.447	-208.662	133.576	120.487	107.327	-714.776	-716.741	-718.674	8.55555	9	0	91.9168	89.0409	-22.0942	235.425	1.65092	-21.7962	-797.31	
13187	8194	214.391	495.353	213.748	-99999	-1.433	-0.733164	1	1	1	0	0	-358.145	-217.164	70.7109	-88.9369	872.133	881.531	-358.143	-284.992	-216.869	70.7109	-7.32305	-89.5031	872.133	878.332	881.48	4.9382	8	0	80.7619	-1.41848	7.68	833.882	-1.41848	7.68	833.882	
13193	15973	139.397	378.222	138.79	40.7385	38.988	-0.920146	1	1	1	1	1	-162.707	-221.305	132.536	11.9969	636.938	669.955	-162.575	-192.949	-221.366	132.882	71.4564	11.7887	636.882	648.913	670.03	5.51301	12	0	88.1639	39.0242	7.27543	646.909	39.0242	7.27543	646.909	
13193	2374	248.243	769.303	246.399	-99999	103.201	-0.955384	0	0	0	0	0	-212.273	-226.119	131.018	-93.4157	-272.247	-178.994	-196.058	-207.171	-210.02	131.851	14.573	-93.4157	-272.48	-234.2	-178.994	4.73284	7	0	332.988	54.4983	16.9975	-72.6783	54.4983	16.9975	-72.6783	
13193	20556	30.1547	65.0826	30.1546	-99999	70.597	-0.53822	0	0	0	0	0	-102.73	-83.3464	134.332	117.834	-641.913	-658.077	-80.6234	-70.8343	-61.2393	134.332	126.127	117.834	-641.913	-649.923	-658.077	5.6783	13	0	44.9091	70.6121	61.6939	-640.855	70.6121	61.6939	-640.855	
13193	20832	193.521	469.693	193.518	-99999	96.279	-0.763923	1	1	1	1	1	-290.358	-320.758	133.711	-21.9254	219.082	328.111	-290.468	-302.479	-320.869	133.711	53.3223	-21.9254	219.082	271.369	328.111	6.81026	13	0	86.3225	96.3041	-27.0917	-476.141	96.3041	-27.0917	-476.141	
13193	23097	269.248	667.463	266.458	51.2953	50.052	-0.971316	1	1	1	1	1	-220.053	-189.336	132.196	-127.554	-610.495	-628.924	-220.081	-198.204	-189.844	132.45	1.43235	-128.78	-610.439	-631.329	-628.849	8.61047	7	0	85.1708	50.0778	-20.8343	-621.608	50.0778	-20.8343	-621.608	
13193	18551	411.502	954.226	411.486	-99999	13.773	-0.235775	1	1	1	1	1	-290.081	-235.741	109.058	-3.27697	-893.261	-503.562	-290.096	-265.819	-235.757	109.058	54.7737	-3.27697	-893.261	-697.057	-503.562	6.58622	14	0	84.7185	13.7878	11.3977	-665.545	13.7878	11.3977	-665.545	
13193	22794	300.059	798.813	298.371	-99999	-7.688	-0.802682	1	1	1	1	1	-246.57	-313.919	132.558	-108.2	-399	-237.535	-246.535	-275.06	-314.439	132.67	10.2476	-109.358	-399.079	-317.353	-236.658	9.48538	16	0	101.778	-7.67837	-28.9221	-293.991	-7.67837	-28.9221	-293.991	
13181	20247	232.18	663.292	231.999	55.1496	53.656	-0.592789	1	1	1	1	1	-243.187	-152.281	132.617	24.7787	-651.189	-832.664	-243.246	-195.017	-152.281	132.718	70.2821	24.7787	-651.065	-736.126	-832.664	13.983	7	0	99.417	53.6882	16.8882	-742.772	53.6882	16.8882	-742.772	
13193	22677	146.449	344.414	145.654	-99999	90.686	-0.96537	1	1	1	0	0	-339.662	-293.805	132.401	-2.95101	740.09	765.251	-339.967	-314.124	-293.909	133.166	65.2724	-2.95101	740.046	748.331	765.251	4.28436	9	0	69.1924	90.7178	17.9459	756.642	90.7178	17.9459	756.642	
13193	19459	279.022	2642.59	277.935	-99999	50.532	-0.546204	1	1	1	1	1	-69.3576	-217.707	108.974	-39.2197	-18.1916	164.153	-61.3904	-136.392	-210.357	109.001	34.8052	-39.7656	-18.2234	73.0308	164.8	180.905	6	0	2063.79	50.5744	-44.842	219.35	50.5744	-44.842	219.35	
13187	10141	101.441	258.458	101.418	-99999	68.744	-0.411803	1	1	1	0	0	-259.899	-345.295	133.003	89.2478	5.2988	38.118	-259.958	-302.584	-345.374	133.011	111.01	89.2478	5.29076	21.7567	38.118	10.0448	7	0	46.3227	68.7712	61.9004	28.5502	68.7712	61.9004	28.5502	
13193	26171	115.626	311.72	114.122	-99999	105.511	-0.900338	0	0	0	0	0	-351.05	-314.84	133.141	32.7942	-239.312	-199.291	-351.566	-334.213	-314.893	134.345	82.5299	32.6589	-239.734	-220.89	-199.226	5.73826	10	0	85.4292	-999999	-999999	-999999	-999999	-999999	-999999	
13193	19365	44	149.541	43.35	-99999	-37.852	-0.837753	0	0	0	0	0	-223.544	-245.503	132.955	98.4808	-533.466	-519.482	-223.281	-234.336	-245.552	133.314	115.451	98.3126	-533.549	-527.17	-519.42	4.7378	11	0	74.765	-23.106	-78.5468	-246.183	-23.106	-78.5468	-246.183	
13181	21357	133.307	526.227	132.042	55.1823	54.367	-0.651411	1	1	1	1	1	-256.442	-174.01	132.837	46.9095	514.884	458.4	-256.442	-215.417	-173.235	132.837	89.9392	45.9766	514.884	484.841	458.052	8.19377	8	0	102.988	54.3978	16.9021	463.775	54.3978	16.9021	463.775	
13193	21809	74.7986	250.684	73.8477	-99999	32.664	-0.722816	1	1	0	0	0	-293.806	-252.083	133.114	83.5971	25.6735	60.1638	-294.339	-274.125	-252.121	133.805	106.823	83.5971	25.2522	41.3854	60.1638	4.78576	12	0	112.997	32.6818	36.3409	43.9698	32.6818	36.3409	43.9698	
13181	12625	324.897	696.726	324.77	-99999	68.796	-0.965928	1	1	1	1	0	-271.269	-329.002	133.685	-171.642	-862.883	-776.641	-271.348	-305.153	-329.082	133.685	-22.438	-171.735	-862.883	-833.963	-776.616	5.60085	11	0	77.0862	68.8141	-30.2162	-802.49	68.8141	-30.2162	-802.49	
13181	12745	326.153	805.591	315.952	23.8	23.694	-0.974741	1	1	1	1	1	-266.798	-198.906	133.195	-171.301	-834.491	-884.315	-266.919	-231.856	-197.065	133.807	-23.4917	-180.471	-834.431	-859.287	-886.317	6.55256	10	0	45.997	23.7142	-5.95261	-784.544	23.7142	-5.95261	-784.544	
13181	5758	290.717	699.76	288.987	115.367	112.577	-0.743418	0	0	0	0	0	-142.658	-337.781	132.819	-69.9192	-606.581	-542.011	-142.186	-239.867	-338.425	133.402	30.5214	-70.5736	-606.786	-575.498	-541.784	5.80762	8	0	78.2566	-999999	-999999	-999999	-999999	-999999	-999999	
13181	1006	271.259	660.942	270.853	-99999	26.283	-0.979978	1	1	1	1	1	-308.325	-269.68	132.931	-133.744	-738.574	-716.086	-308.373	-289.755	-269.661	133.043	-0.380666	-134.024	-738.589	-725.456	-716.1	7.68446	6	0	96.1722	26.3125	-16.0831	-713.024	26.3125	-16.0831	-713.024	
13181	376	253.172	589.861	252.338	-99999	-7.136	-0.99548	1	1	1	1	1	-322.53	-275.611	132.758	-113.849	-154.539	-137.283	-322.577	-303.738	-275.604	133.376	8.35211	-114.048	-154.557	-149.462	-137.267	7.96956	11	0	83.0036	-7.11114	-12.5414	-147.625	-7.11114	-12.5414	-147.625	
13181	1733	420.94	1032.01	407.866	66.8148	65.268	-0.65939	1	1	1	1	1	-316.878	-143.118	126.448	-125.037	475.404	206.36	-321.122	-232.635	-141.93	133.335	0.937939	-126.064	482.288	344.72	204.482	4.86994	12	0	72.5024	65.2916	-16.684	330.392	65.2916	-16.684	330.392	
13181	2813	361.336	4063.58	360.688	47.1778	45.956	-0.900816	1	1	1	1	1	-246.787	-172.453	133.567	-161.811	316.682	126.769	-246.793	-209.597	-172.322	133.61	-18.1992	-162.252	316.699	226.204	126.472	6.54815	13	0	36.1104	45.9886	-44.0509	184.018	45.9886	-44.0509	184.018	
13181	7678	252.023	658.405	244.854	-99999	0.272	-0.950504	1	1	1	1	1	-358.273	-284.197	-109.612	123.578	712.816	720.166	-282.943	-319.844	-358.374	130.125	10.0006	-109.903	718.665	716.944	712.804	5.02729	366	0	658.406	0.307084	-46.3885	731.358	0.307084	-46.3885	731.358	
13181	8188	290.824	681.75	289.991	-99999	-28.093	-0.932937	1	1	1	1	1	-177.966	-74.8197	129.766	-137.484	301.776	305.397	-186.777	-139.818	-83.1838	129.804	-6.68205	-138.049	301.771	318.669	305.064	4.33915	12	0	75.7248	-28.0649	-38.968	313.064	-28.0649	-38.968	313.064	
13181	6222	197.925	492.845	195.134	-99999	29.761	-0.862648	1	1	1	1	1	-271.543	-328.956	132.402	-36.6898	-161.631	-84.0382	-271.31	-305.148	-329.46	133.027	48.1192	-38.5794	-161.881	-124.055	-83.351	9.3622	11	0	86.3921	29.7946	0.995618	-107.686	29.7946	0.995618	-107.686	
13181	9822	313.447	766.598	313.041	-99999	-6.424	-0.939073	1	1	1	1	1	-274.618	-346.541	131.271	-147.543	79.772	198.379	-274.61	-305.48	-346.718	131.271	-13.3422	-147.862	79.772	131.057	198.543	7.31826	12	0	93.7714	-6.40916	-44.5764	147.001	-6.40916	-44.5764	147.001	
13181	10902	368.544	776.034	367.859	-29.9375	-32.072	-0.729309	1	1	1	1	1	-251.811	-175.657	132.105	-135.178	-179.61	-415.917	-251.927	-208.467	-175.578	132.477	0.671743	-135.252	-179.276	-300.376	-416.013	4.53558	12	0	93.2181	-32.0277	-25.717	-318.887	-32.0277	-25.717	-318.887	
13181	6224	172.879	406.84	171.807	-99999	102.777	-0.986899	0	0	0	0	0	-110.044	-93.5843	129.236	-40.5687	231.199	251.114	-77.9723	-69.5637	-61.4004	130.287	44.9146	-40.5687	231.071	241.633	251.114	4.09356	10	0	50.6176	95.0349	-28.1022	494.783	95.0349	-28.1022	494.783	
13181	6596	199.215	567.964	196.494	-99999	35.098	-0.648482	1	1	1	1	1	-353.496	-205.107	24.2991	-99.9493	779.255	812.977	-359.012	-283.699	-208.564	24.2991	-38.5901	-101.663	779.255	796.371	813.427	5.88196	7	0	77.6255	35.1062	-28.4131	775.724	35.1062	-28.4131	775.724	
13181	15323	214.858	504.989	214.752	-99999	-0.483	-0.798342	1	1	1	1	1	-61.9707	-151.646	-0.852483	-169.738	-43.0877	-136.827	-62.122	-113.836	-151.81	-0.852483	-85.3988	-169.804	-43.0877	-84.3176	-136.903	4.3082	17	0	80.1119	-0.451733	-41.5805	-73.8077	-0.451733	-41.5805	-73.8077	
13181	7149	144.858	363.412	144.254	33.7811	31.444	-0.812527	1	1	1	1	1	-270.414	-186.934	132.601	16.4753	347.13	329.325	-270.757	-228.757	-186.934	133.09	74.8909	16.4753	347.193	337.744	329.325	5.36889	9	0	82.7863	31.477	9.56787	339.086	31.477	9.56787	339.086	
13181	8349	287.986	836.643	287.984	-99999	-9.937	-0.796136	1	1	1	1	1	-238.186	-335.27	131.989	-98.9648	709.937	851.883	-238.174	-287.109	-335.258	131.989	16.3472	-98.9648	709.937	780.389	851.883	9.41896	16	0	100.154	-9.91319	-34.6637	788.874	-9.91319	-34.6637	788.874	
13181	17339	398.246	1631.73	395.715	96.5517	95.493	-0.84412	1	1	1	1	1	-198.065	-335.393	134.294	-161.084	329.489	550.427	-198.065	-259.286	-336.131	134.294	-23.6944	-162.657	329.489	433.462	552.257	4.91648	16	0	96.9692	95.5157	-46.6923	465.65	95.5157	-46.6923	465.65	
13181	15011	225.194	550.903	225.079	-112.492	23.547	-0.551027	0	0	0	0	0	-233.55	-113.877	132.511	28.8851	855.171	697.543	-233.603	-180.478	-113.877	132.572	72.8033	28.8851	855.245	776.077	697.543	5.0494	12	0	69.455	-25.0459	-52.8192	756.77	-25.0459	-52.8192	756.77	
13181	12814	299.83	667.862	298.923	-99999	93.619	-0.774397	1	1	1	1	1	-330.632	-335.896	131.443	-163.372	-411.633	-380.891	-330.718	-333.082	-336.003	132.067	-15.1248	-163.372	-412.167	-390.439	-380.891	4.48043	7	0	43.3873	93.6386	-22.4134	-385.839	93.6386	-22.4134	-385.839	
13181	14563	472.022	3298.63	471.148	25.7284	25.827	-0.649758	1	1	1	1	1	-69.5373	-232.533	133.134	-160.819	-400.554	-70.5493	-69.3261	-150.517	-232.578	133.592	-14.5873	-160.911	-401.044	-236.282	-70.4199	12.2599	16	0	173.98	25.8632	-21.1119	-205.825	25.8632	-21.1119	-205.825	
13181	15186	210.802	898.65	210.624	-99999	4.647	-0.9728	1	1	1	1	1	-62.9043	-107.995	76.0894	-127.283	270.85	301.848	-61.4491	-83.8286	-106.582	76.0894	-25.7483	-127.449	270.85	286.225	301.875	19.4584	6	0	342.041	4.67514	-41.7148	286.145	4.67514	-41.7148	286.145	
13181	17716	317.832	810.008	315.106	44.5719	42.704	-0.933484	1	1	1	1	1	-205.674	-272.038	130.045	-164.573	-816.541	-728.522	-205.135	-235.995	-272.17	131.868	-16.3337	-165.315	-816.99	-769.133	-728.384	7.11305	10	0	95.4447	42.7237	-29.3189	-738.37	42.7237	-29.3189	-738.37	
13181	22564	214.798	540.394	213.47	-99999	46.247	-0.989239	1	1	1	1	1	-309.672	-278.459	133.302	-77.0577	-550.353	-545.292	-309.738	-293.548	-278.559	133.402	27.5161	-78.2738	-550.358	-543.085	-545.333	6.99275	8	0	85.233	46.2663	-5.41657	-546.826	46.2663	-5.41657	-546.826	
13181	20535	179.752	469.192	178.345	53.8701	51.003	-0.691839	1	1	1	1	1	-154.216	-239.22	132.37	12.2778	-667.344	-567.345	-154.159	-195.13	-239.749	132.446	68.806	11.5071	-667.404	-619.039	-566.455	5.88774	14	0	85.395	51.033	13.4601	-602.319	51.033	13.4601	-602.319	
13187	9782	225.184	550.253	225.18	-99999	-34.27	-0.507473	1	1	1	1	1	-234.439	-331.566	132.969	-2.95969	-788.021	-639.36	-234.4	-286.716	-331.527	132.969	69.9573	-2.95969	-788.021	-710.839	-639.36	4.42702	11	0	76.6001	-34.2446	10.8878	-670.933	-34.2446	10.8878	-670.933	
13181	19574	396.999	1003.3	396.512	64.8995	63.894	-0.726874	1	1	1	1	1	-251.961	-105.414	132.866	-155.97	-640.156	-859.629	-251.961	-189.832	-105.176	132.866	-11.3091	-156.374	-640.156	-760.731	-859.742	5.09621	10	0	82.2105	63.9248	-32.5323	-751.391	63.9248	-32.5323	-751.391	
13181	23894	432.796	1017.91	432.07	-26.4796	-28.794	-0.516374	1	1	1	1	1	-290.173	-184.531	133.127	-96.4189	-145.224	203.469	-290.173	-235.773	-184.449	133.127	13.3903	-96.6507	-145.224	26.4779	204.143	4.71563	14	0	67.6387	-28.7454	-11.5351	46.4706	-28.7454	-11.5351	46.4706	
13181	20879	229.708	579.95	228.106	-19.7158	-16.454	-0.751609	1	1	1	1	1	-269.869	-134.066	132.869	-47.9603	-712.599	-687.301	-269.869	-198.18	-133.169	132.869	44.3936	-49.2829	-712.599	-697.986	-687.34	7.85994	7	0	105.309	-16.4286	-13.2018	-690.976	-16.4286	-13.2018	-690.976	
13181	20649	292.568	2801.98	277.33	-69.4117	6.347	-0.761228	0	0	0	0	0	-350.863	-195.735	65.4648	-136.544	-500.981	-608.629	-359.851	-276.964	-195.735	76.962	-32.1479	-136.544	-496.617	-547.262	-608.629	5.06302	11	0	110.395	38.0492	-85.19	249.021	38.0492	-85.19	249.021	
13181	21369	212.197	552.771	212.058	-99999	44.872	-0.53313	1	1	1	1	1	-246.289	-315.558	133.045	25.745	85.5612	254.295	-246.34	-278.882	-315.647	133.045	75.1007	25.6918	85.5612	168.219	254.416	7.25098	14	0	76.6064	44.9053	22.7333	218.018	44.9053	22.7333	218.018	
13181	374	178.121	446.369	178.057	-99999	-21.309	-0.879532	1	1	1	1	1	-210.544	-290.103	127.868	-30.0825	-594.964	-578.17	-210.506	-247.277	-290.097	127.893	47.0626	-30.1077	-594.965	-588.595	-578.168	5.82221	6	0	75.5307	-21.287	-5.99791	-585.522	-21.287	-5.99791	-585.522	
13181	5088	176.611	439.16	175.906	-99999	-19.443	-0.909084	1	1	1	1	1	-343.015	-277.125	133.607	-27.0338	629.671	655.354	-343.241	-307.19	-277.093	134.206	54.552	-27.0751	629.569	641.578	655.365	4.3781	12	0	75.9832	-19.428	12.0338	646.319	-19.428	12.0338	646.319	
13181	2083	131.561	417.809	130.329	101.996	100.995	-0.989876	0	0	0	0	0	-223.132	-204.074	130.945	2.60942	-182.692	-181.151	-223.256	-213.841	-204.077	132.071	67.0221	2.52352	-182.599	-184.737	-181.145	13.1955	7	0	120.117	-3.81171	-99.1413	195.769	-3.81171	-99.1413	195.769	
13181	2490	124.983	323.067	123.506	-99999	92.481	-0.977816	1	1	1	1	1	-235.507	-222.969	132.1	10.1187	-385.174	-395.749	-206.547	-199.974	-193.543	132.1	70.3588	8.72827	-385.174	-392.008	-395.723	7.6636	8	0	73.3163	92.5104	5.76968	-393.554	92.5104	5.76968	-393.554	
13181	5372	192.131	475.856	189.911	-99999	4.945	-0.650593	1	1	1	1	1	-237.399	-216.453	132.942	24.5342	-853.712	-700.668	-237.479	-230.454	-216.459	134.352	75.2807	24.5342	-855.372	-780.348	-700.668	5.24841	15	0	99.6529	4.97022	16.2831	-727.69	4.97022	16.2831	-727.69	
13181	11122	198.16	501.616	197.864	38.4937	36.416	-0.974395	1	1	1	1	1	-181.592	-233.397	132.777	-57.5105	44.9724	55.1734	-181.559	-208.625	-233.397	133.061	38.0885	-57.5105	44.9285	51.2328	55.1734	6.50813	8	0	83.6463	39.0304	-71.5844	221.47	39.0304	-71.5844	221.47	
13181	6390	400.844	1004.47	399.392	102.608	100.695	-0.610857	1	1	1	1	1	-253.43	-128.434	132.65	-90.024	333.854	30.5613	-253.569	-203.922	-128.372	133.195	19.1158	-90.4908	334.534	177.579	30.2503	6.10087	16	0	91.5387	100.752	-22.3903	134.653	100.752	-22.3903	134.653	
13181	22550	104.652	321.829	104.551	-99999	113.269	-0.969833	0	0	0	0	0	-214.049	-219.182	132.863	31.1668	342.551	365.685	-214.17	-216.087	-219.312	132.952	82.0202	31.1668	342.53	354.153	365.685	32.3758	8	0	114.963	92.0064	-23.1609	21.2773	92.0064	-23.1609	21.2773	
13181	6523	311.019	785.911	310.417	66.4494	66.657	-0.8575	1	1	1	1	1	-93.0733	-287.255	133.624	-99.4977	-168.118	-206.82	-92.7937	-177.348	-287.255	134.127	5.64312	-99.4977	-168.026	-190.39	-206.82	4.57338	8	0	82.2687	66.6928	-16.3457	-197.108	66.6928	-16.3457	-197.108	
13181	9721	42.2955	107.979	42.206	-99999	103.604	-0.954977	0	0	0	0	0	-104.681	-93.4938	133.519	92.8295	-368.871	-369.313	-72.2513	-66.5432	-61.0384	133.558	113.2	92.784	-368.87	-369.184	-369.312	6.29664	7	0	45.7549	-18.397	-10.6495	-496.581	-18.397	-10.6495	-496.581	
13181	18480	224.914	639.385	224.576	-30.5755	-30.713	-0.830044	1	1	1	1	1	-188.03	-265.873	131.172	-56.6452	-412.254	-319.2	-187.957	-226.859	-265.924	131.361	38.7759	-56.7262	-412.358	-361.938	-319.164	6.40841	11	0	79.6547	-30.6874	-16.6262	-343.023	-30.6874	-16.6262	-343.023	
13181	7628	293.909	1241.03	293.903	-99999	2.585	-0.39111	1	1	1	1	1	-118.224	-329.467	130.393	-38.8947	501.444	615.438	-118.224	-223.843	-329.467	130.393	45.9869	-38.8947	501.444	558.682	615.438	4.62907	9	0	133.299	2.57247	-29.6491	610.279	2.57247	-29.6491	610.279	
13181	16837	146.005	374.946	144.731	-99999	59.911	-0.696558	1	1	1	1	0	-269.115	-289.366	132.524	27.0251	-833.481	-736.894	-269.131	-279.461	-289.591	132.979	78.2716	26.6418	-833.955	-786.945	-736.445	5.76771	14	0	88.0388	59.924	26.8044	-755.36	59.924	26.8044	-755.36	
13181	4572	226.138	608.763	225.872	-99999	34.394	-0.989925	1	1	1	1	1	-266.399	-228.444	133.09	-87.3323	-262.298	-241.635	-266.446	-245.83	-228.483	133.256	22.829	-87.4161	-262.311	-250.8	-241.63	4.14449	14	0	98.5441	34.4269	-18.6461	-244.793	34.4269	-18.6461	-244.793	
13181	16438	325.172	746.458	323.224	14.726	18.774	-0.887374	1	1	1	1	1	-134.514	-297.151	132.649	-143.315	-707.975	-675.014	-134.193	-209.86	-297.878	133.283	-10.2293	-144.263	-708.047	-700.159	-674.826	5.79488	8	0	79.4748	18.7781	-22.9943	-674.205	18.7781	-22.9943	-674.205	
13181	14850	278.911	732.162	277.11	55.8865	54.297	-0.816672	1	1	1	1	1	-308.606	-162.862	132.886	-86.5664	778.421	695.362	-309.001	-230.467	-162.578	133.599	27.1743	-87.4314	778.722	734.941	695.195	6.30888	11	0	81.4157	54.3255	-6.60174	720.343	54.3255	-6.60174	720.343	
13181	5193	237.719	636.893	236.489	-99999	96.982	-0.891604	1	1	1	1	1	-118.743	-226.386	133.001	-75.7012	-435.706	-463.561	-103.234	-157.914	-211.436	133.571	28.9901	-76.215	-435.618	-449.73	-463.61	4.31213	8	0	45.6958	97.0106	-17.0515	-452.133	97.0106	-17.0515	-452.133	
13181	14252	306.954	753.046	306.89	-99999	7.068	-0.931946	1	1	1	1	1	-185.06	-345.613	132.19	-124.53	-274.014	-242.094	-185.044	-253.07	-345.613	132.234	-4.48011	-124.53	-274.018	-263.859	-242.094	6.1609	8	0	79.8964	7.10377	-48.6376	-254.653	7.10377	-48.6376	-254.653	
13181	12368	320.227	733.195	313.412	21.2461	16.385	-0.788472	1	1	1	1	1	-355.631	-185.938	134.917	-117.152	128.062	198.41	-355.832	-272.498	-184.1	135.187	5.47896	-123.001	127.992	169.928	196.469	4.06254	7	0	67.7273	16.401	-1.48079	173.651	16.401	-1.48079	173.651	
13181	15415	234.83	607.667	233.791	88.0617	86.839	-0.976587	1	1	1	1	1	-201.434	-235.786	131.186	-96.7255	-605.194	-571.13	-201.311	-224.485	-235.888	131.836	17.9086	-97.0751	-605.269	-589.829	-571.129	5.98495	7	0	79.0317	86.8628	-17.0307	-583.823	86.8628	-17.0307	-583.823	
13181	1990	103.973	297.881	103.432	-99999	50.121	-0.755583	1	1	0	0	0	-273.143	-220.419	132.829	55.1789	-734.372	-692.087	-265.518	-242.144	-212.6	133.236	93.3152	55.1789	-734.666	-711.169	-692.087	7.59119	9	0	91.1091	50.1484	24.8081	-695.987	50.1484	24.8081	-695.987	
13181	3806	302.533	747.69	301.956	-99999	14.81	-0.954418	1	1	1	1	1	-266.816	-239.849	132.029	-160.972	720.021	778.573	-266.872	-244.371	-239.866	132.56	-12.619	-160.972	719.867	755.517	778.573	5.63164	13	0	83.7914	14.8386	-22.6562	740.489	14.8386	-22.6562	740.489	
13181	9164	62.4829	208.003	62.1777	-99999	65.603	-0.622061	1	1	1	1	1	-180.331	-221.811	132.412	95.8062	-340.427	-368.763	-169.831	-190.618	-211.502	132.604	114.174	95.8062	-340.288	-354.567	-368.763	11.7551	9	0	65.2306	65.6376	-13.3615	-416.725	65.6376	-13.3615	-416.725	
13181	2105	88.6993	235.486	88.5117	-99999	-16.681	-0.949341	1	0	0	0	0	-63.6111	-81.8525	129.65	43.7877	167.476	174.385	-68.7868	-78.0304	-87.076	129.826	87.1396	43.7877	167.447	174.76	174.385	8.31269	8	0	83.3769	-16.6611	57.1447	174.655	-16.6611	57.1447	174.655	
13181	2225	305.376	792.626	301.915	-99999	70.301	-0.998565	1	1	1	1	1	-301.063	-280.401	132.857	-162.243	-705.166	-720.786	-301.185	-290.238	-280.439	134.169	-17.1577	-164.334	-705.187	-689.066	-720.866	6.94676	6	0	91.0107	70.3215	-21.4132	-682.752	70.3215	-21.4132	-682.752	
13181	1115	74.919	255.855	74.852	-99999	105.623	-0.686227	0	0	0	0	0	-177.171	-227.909	132.964	83.2415	-329.289	-352.812	-160.53	-185.852	-211.311	133.01	108.107	83.2415	-329.267	-341.169	-352.812	5.68897	9	0	69.8936	58.726	58.1052	21.2821	58.726	58.1052	21.2821	
13181	2915	288.644	693.564	287.454	-45.8824	-47.432	-0.862067	1	1	1	1	1	-273.408	-126.039	133.187	-107.471	-780.198	-731.4	-273.499	-201.018	-125.433	133.375	13.4625	-108.224	-780.255	-746.322	-731.404	4.1013	6	0	69.748	-47.4081	-25.3963	-736.689	-47.4081	-25.3963	-736.689	
13181	6328	136.115	334.257	135.14	-99999	75.106	-0.498518	1	1	1	1	1	-220.294	-125.832	131.754	68.4351	-281.46	-208.575	-197.463	-149.997	-102.313	132.236	99.087	68.4351	-281.952	-246.199	-208.575	13.9172	8	0	74.8833	75.0755	40.1184	-200.804	75.0755	40.1184	-200.804	
13181	10288	167.024	438.501	166.307	-99999	94.816	-0.919109	1	1	1	1	1	-272.803	-289.857	132.93	-22.662	-415.322	-360.775	-272.862	-280.882	-290.065	133.109	54.5648	-23.1328	-415.398	-388.534	-360.616	9.08087	12	0	101.814	94.8316	3.39803	-378.213	94.8316	3.39803	-378.213	
13181	12134	259.469	1503.59	258.91	-99999	6.509	-0.546374	1	1	1	1	1	-62.6347	-258.822	54.2798	-101.024	283.738	343.766	-62.195	-164.098	-258.822	54.5821	-16.5989	-101.024	283.608	320.349	343.766	4.99448	7	0	57.8001	6.54223	-11.0202	310.74	6.54223	-11.0202	310.74	
13181	17688	323.833	786.903	323.297	-99999	20.653	-0.63791	1	1	1	1	1	-246.201	-281.744	132.822	-69.1551	95.6619	344.458	-246.098	-268.643	-281.767	133.157	30.5571	-69.1551	95.2705	218.441	344.458	4.79085	17	0	84.0797	20.6875	-7.90428	485.609	20.6875	-7.90428	485.609	
13181	23559	328.836	795.156	326.703	-99999	29.964	-0.968205	1	1	1	1	1	-87.9562	-166.087	132.191	-162.544	-626.2	-737.296	-78.3754	-107.317	-156.832	133.889	-18.5999	-162.846	-625.836	-679.515	-737.482	5.84467	13	0	87.1055	29.9883	-3.0262	-673.483	29.9883	-3.0262	-673.483	
13181	23235	169.248	419.382	165.961	-99999	47.368	-0.955554	1	1	1	0	0	-283.659	-326.506	131.43	-27.9886	446.06	455.402	-283.269	-305.67	-326.964	132.845	51.285	-29.7354	445.995	446.623	455.253	5.22765	6	0	77.5755	47.3777	5.67077	442.191	47.3777	5.67077	442.191	
13181	28201	184.422	461.265	183.103	-99999	63.381	-0.952583	1	1	1	1	1	-247.442	-199.9	131.822	-41.443	527.227	511.948	-257.735	-233.909	-209.86	133.067	45.0762	-41.443	527.43	514.567	511.948	7.28207	11	0	60.1105	63.4124	-15.2823	512.238	63.4124	-15.2823	512.238	
13187	7284	65.8532	217.126	65.6363	-99999	80.9	-0.951405	1	1	1	1	1	-201.838	-223.415	133.569	72.0868	420.813	413.044	-189.101	-199.874	-210.736	133.669	102.834	71.9806	420.83	416.778	413.036	22.6673	8	0	114.641	80.9208	-33.3047	397.323	80.9208	-33.3047	397.323	
13187	7644	46.4891	309.507	45.6723	-99999	53.339	-0.739826	1	1	1	1	1	-287.109	-314.487	133.197	98.44	562.592	573.833	-287.17	-301.399	-314.97	133.197	115.758	97.7614	562.592	568.392	574.001	16.4029	9	0	222.109	53.3583	47.9577	589.632	53.3583	47.9577	589.632	
13181	22027	102.51	264.156	100.354	-99999	104.455	-0.642413	0	0	0	0	0	-232.111	-313.168	130.928	72.7393	-396.209	-387.4	-231.811	-272.256	-314.456	131.277	100.204	71.6435	-396.25	-392.259	-387.317	4.00482	6	0	70.8207	58.8061	28.5651	258.976	58.8061	28.5651	258.976	
13181	19148	98.5453	301.014	96.601	-99999	89.055	-0.661902	1	1	1	1	0	-270.15	-218.757	132.807	67.7319	-652.191	-603.104	-270.666	-245.974	-218.073	133.371	99.7857	67.0599	-652.674	-626.436	-602.759	8.34135	8	0	86.6854	89.0802	26.7681	-615.748	89.0802	26.7681	-615.748	
13181	26004	265.3	627.369	265.186	-99999	-3.98	-0.974962	1	1	1	1	1	-269.261	-281.03	133.514	-126.027	199.106	242.018	-269.257	-281.109	-281.026	133.514	2.6682	-126.027	199.106	216.816	242.018	5.79238	8	0	88.7096	-3.96686	-20.959	226.611	-3.96686	-20.959	226.611	
13181	27138	21.013	98.4747	20.9988	-99999	107.871	-0.604251	0	0	0	0	0	-301.913	-294.157	134.135	123.653	100.412	116.721	-302.037	-298.935	-294.274	134.135	128.595	123.648	100.412	108.747	116.728	6.3558	13	0	95.9631	-999999	-999999	-999999	-999999	-999999	-999999	
13187	7130	191.175	715.256	184.083	57.0946	57.087	-0.691007	1	1	1	1	1	-165.938	-299.223	132.559	6.20554	-120.557	-132.813	-165.938	-234.961	-304.221	132.559	66.7797	1.25247	-120.557	-127.224	-133.623	37.6961	6	0	296.994	57.1259	-25.7174	-135.923	57.1259	-25.7174	-135.923	
13187	7370	400.581	986.942	399.54	-99999	97.764	-0.617404	1	1	1	1	1	-177.601	-91.9359	133.415	-71.7277	-594.806	-263.003	-147.191	-100.901	-61.2777	133.936	31.022	-71.8174	-595.399	-429.997	-262.804	5.23875	8	0	49.2456	97.7969	-36.7236	-346.825	97.7969	-36.7236	-346.825	
13181	23653	55.7414	187.925	54.7118	-99999	116.219	-0.998499	0	0	0	0	0	-99.9013	-108.946	134.454	81.1782	-249.164	-248.099	-63.4962	-65.4672	-72.7408	134.791	107.166	80.6423	-249.061	-247.51	-248.058	6.4065	9	0	110.821	99.1044	0.898951	-552.586	99.1044	0.898951	-552.586	
13181	21060	156.228	395.837	153.156	-99999	-30.185	-0.975794	1	1	1	1	1	-135.267	-114.106	128.848	-20.1197	522.107	539.994	-144.913	-133.812	-123.483	130.311	54.7027	-21.6646	521.838	537.751	539.734	6.09219	15	0	88.2396	-30.1513	-9.84182	441.155	-30.1513	-9.84182	441.155	
13181	18552	275.522	651.515	273.951	-15.2146	-19.544	-0.813098	1	1	1	1	1	-347.903	-189.362	132.835	-77.824	509.636	437.478	-347.903	-270.942	-188.435	132.835	25.6181	-79.042	509.636	470.387	437.15	5.31377	8	0	92.2339	-19.5277	-8.84795	463.545	-19.5277	-8.84795	463.545	
13181	18552	226.98	545.937	226.824	-99999	115.831	-0.609106	0	0	0	0	0	-127.685	-239.066	132.511	-0.47463	676.695	821.169	-91.4129	-144.424	-202.851	132.511	59.1263	-0.55474	676.695	745.006	821.28	6.24451	6	0	92.4798	67.6523	-84.8948	834.327	67.6523	-84.8948	834.327	
13181	23696	307.895	706.498	305.707	-99999	52.826	-0.971815	1	1	1	1	1	-118.233	-142.614	133.712	-161.56	-4.63498	-74.466	-101.693	-109.195	-125.587	133.951	-14.8075	-163.401	-4.57713	-42.494	-74.6712	6.09032	10	0	70.0288	52.8407	-15.0271	-41.6566	52.8407	-15.0271	-41.6566	
13181	24053	244.178	1902.9	242.963	16.2613	15.718	-0.80187	1	1	1	1	1	-168.506	-266.651	133.606	-62.6928	-433.523	-332.255	-168.506	-222.541	-267.334	133.606	39.8727	-63.4533	-433.523	-377.214	-331.607	4.16431	11	0	59.9907	15.7526	-13.2225	-362.356	15.7526	-13.2225	-362.356	
13181	9975	221.379	576.286	220.511	-99999	-29.732	-0.790013	1	1	1	1	1	-214.484	-305.744	133.639	-51.5258	570.366	644.963	-214.45	-260.223	-306.046	133.639	41.3701	-52.306	570.366	609.973	645.1	4.74022	11	0	71.875	-29.7025	-13.2939	629.152	-29.7025	-13.2939	629.152	
13181	26405	63.4191	175.485	62.2874	-99999	96.234	-0.907947	1	1	1	0	0	-95.7826	-91.763	134.493	76.0759	-486.21	-465.205	-65.6812	-63.858	-61.5844	135.096	105.644	75.624	-486.491	-474.915	-465.132	7.00168	7	0	68.3662	96.2562	-14.4078	-431.241	96.2562	-14.4078	-431.241	
13181	28606	202.998	504.38	202.509	-99999	32.975	-0.950438	1	1	1	1	0	-71.6879	-135.609	76.0406	-114.805	449.701	461.002	-61.2877	-91.6956	-125.36	76.2714	-19.6325	-115.029	449.675	462.725	460.96	6.94552	11	0	80.0531	32.9909	-7.67627	448.802	32.9909	-7.67627	448.802	
13181	31106	333.938	990.78	329.427	75.3196	77.545	-0.558736	1	1	1	1	1	-75.669	-348.302	133.693	-48.2314	184.172	151.455	-75.669	-213.56	-351.751	133.693	40.974	-51.053	184.172	167.955	150.858	6.44359	15	0	118.589	77.5677	-9.3721	166.429	77.5677	-9.3721	166.429	
13181	32186	220.558	586.472	220.073	55.4363	51.865	-0.794486	1	1	1	1	1	-282.003	-148.623	133.09	-40.46	-58.9088	-57.6254	-282.003	-215.54	-148.397	133.09	45.32	-40.8582	-58.9088	-55.1745	-57.7666	6.9725	8	0	103.422	51.8978	-4.7121	-53.3711	51.8978	-4.7121	-53.3711	
13181	16429	259.999	616.369	258.631	-99999	-21.517	-0.991509	1	1	1	1	1	-89.7432	-100.091	132.251	-121.984	-413.222	-455.054	-96.3977	-105.25	-106.829	133.59	5.73253	-121.984	-413.075	-434.389	-455.054	5.29015	8	0	67.4592	-21.5054	-15.9166	-437.619	-21.5054	-15.9166	-437.619	
13181	7413	92.6508	478.084	92.2989	-99999	85.112	-0.585556	1	1	1	1	1	-268.416	-318.611	133.3	77.7126	124.162	178.083	-268.316	-293.438	-318.717	133.496	105.323	77.7044	123.972	150.817	178.091	12.5142	12	0	246.129	85.1358	20.0111	56.6145	85.1358	20.0111	56.6145	
13181	8733	95.2802	389.698	94.9764	-99999	-10.739	-0.490027	1	1	1	1	1	-259.971	-280.168	133.203	96.2685	527.07	608.752	-259.939	-271.31	-280.151	133.235	110.489	96.2494	527.013	567.186	608.762	4.74865	34	0	182.67	-10.715	-13.945	-450.723	-10.715	-13.945	-450.723	
13181	18625	197.355	515.037	195.89	-44.7921	-47.261	-0.945318	1	1	1	1	1	-256.406	-197.734	132.508	-53.3095	-43.3663	-48.199	-256.718	-226.01	-197.524	133.511	40.2487	-53.6389	-43.2411	-51.8534	-48.1773	4.83781	6	0	79.6428	-47.2439	-0.193335	-89.9906	-47.2439	-0.193335	-89.9906	
13181	27879	210.265	1356.89	209.319	25.8228	23.938	-0.784904	1	1	1	1	1	-155.963	-250.763	132.731	-31.0074	672.658	760.796	-155.546	-202.183	-250.763	133.477	49.8634	-31.0074	672.258	715.482	760.796	6.09483	14	0	83.8849	26.091	-33.046	696.073	26.091	-33.046	696.073	
13181	29575	106.13	268.404	105.444	-99999	-44.243	-0.990692	1	1	1	0	0	-100.049	-87.6068	133.477	29.7583	-294.696	-294.598	-113.903	-110.225	-101.311	133.477	80.7113	29.1111	-294.696	-293.307	-294.627	8.69922	8	0	73.8278	-44.219	25.1312	-293.006	-44.219	25.1312	-293.006	
13181	24428	142.215	378.905	142.065	-99999	107.797	-0.950093	0	0	0	0	0	-240.87	-240.476	130.195	-8.55298	-516.038	-494.99	-240.993	-238.118	-240.594	130.195	60.7988	-8.62411	-516.038	-506.212	-494.997	4.04119	6	0	70.1087	97.3009	21.3321	-369.654	97.3009	21.3321	-369.654	
13181	28144	126.331	397.107	124.329	-99999	39.689	-0.964906	1	1	1	1	1	-237.358	-203.725	131.925	13.9271	-523.482	-543.466	-243.689	-226.838	-209.521	132.306	72.2236	12.4163	-523.441	-533.178	-543.786	8.3498	6	0	72.7465	39.7258	-28.2655	-548.841	39.7258	-28.2655	-548.841	
13181	39714	413.43	1346.8	405.458	-99999	-14.768	-0.814486	1	1	1	1	1	-248.828	-241.919	130.602	-168.874	-601.091	-873.771	-248.77	-244.717	-241.965	132.536	-19.9104	-174.29	-599.719	-739.118	-874.084	4.71806	6	0	214.089	-14.7421	-10.011	-399.507	-14.7421	-10.011	-399.507	
13181	39222	312.6	1359.13	312.108	24.0182	22.1	-0.814942	1	1	1	1	1	-301.631	-193.583	133.577	-115.217	-395.897	-547.111	-301.631	-249.567	-193.551	133.577	8.36572	-115.663	-395.897	-473.493	-547.257	4.20962	10	0	86.0198	22.1235	-10.5879	-470.55	22.1235	-10.5879	-470.55	
13181	41266	142.468	424.279	141.304	-99999	73.21	-0.994076	0	0	0	0	0	-234.978	-256.791	132.185	-6.30318	-183.669	-175.304	-234.964	-243.815	-256.954	133.17	63.0278	-6.45339	-183.695	-175.236	-175.302	4.35694	7	0	76.3884	-5.23196	-22.2586	112.489	-5.23196	-22.2586	112.489	
13181	23359	101.527	334.092	101.265	-99999	-9.129	-0.530519	1	1	1	1	1	-273.217	-336.699	132.289	76.618	642.255	698.138	-273.037	-305.17	-336.688	132.426	104.509	76.618	642.112	669.764	698.138	5.02538	12	0	84.3907	-9.09249	27.8476	718.263	-9.09249	27.8476	718.263	
13181	24077	223.14	998.973	222.392	-43.9152	-45.734	-0.498537	1	1	1	1	1	-153.644	-334.421	132.245	22.2972	191.702	259.905	-153.059	-244.12	-334.421	132.639	78.0313	22.2972	191.462	225.67	259.905	4.55597	7	0	48.2013	-45.5109	23.1004	263.69	-45.5109	23.1004	263.69	
13187	182	301.265	728.194	299.359	81.5863	80.445	-0.952248	1	1	1	1	1	-273.755	-193.735	132.406	-143.992	533.662	470.555	-273.951	-226.281	-193.955	133.115	-8.56757	-144.95	533.78	516.196	469.964	6.65996	14	0	76.9924	80.4769	-24.4979	512.8	80.4769	-24.4979	512.8	
13181	26623	111.63	273.632	111.418	-99999	-19.349	-0.923827	1	1	1	0	0	-271.465	-224.03	132.184	31.6906	-410.448	-409.625	-271.442	-248.425	-223.929	132.184	81.4583	31.4965	-410.448	-412.693	-409.616	5.95667	9	0	80.4403	-19.3285	17.5272	-402.496	-19.3285	17.5272	-402.496	
13181	25235	260.268	1474.54	259.035	-99999	77.661	-0.595279	1	1	1	1	1	-188.304	-85.2786	129.834	-21.7769	528.004	711.004	-164.336	-112.435	-60.8684	130.371	54.0976	-21.9772	527.378	619.155	711.254	207.769	6	0	850.897	77.7012	-28.3415	704.874	77.7012	-28.3415	704.874	
13181	26421	223.103	2242.17	222.423	64.5274	63.874	-0.804247	1	1	1	1	1	-269.805	-183.581	133.063	-45.191	-776.132	-875.026	-270.051	-225.383	-183.581	133.601	46.5333	-45.191	-775.825	-829.322	-875.026	13.5197	14	0	159.496	63.8994	0.939762	-786.781	63.8994	0.939762	-786.781	
13181	33725	272.394	684.091	272.194	-99999	-8.26	-0.789169	1	1	1	1	1	-257.758	-311.594	132.519	-83.4078	673.058	826.125	-257.748	-276.464	-311.658	132.519	22.4047	-83.5838	673.058	750.759	826.158	12.8379	7	0	77.3996	-8.22371	-17.3723	758.426	-8.22371	-17.3723	758.426	
13181	38745	61.9289	191.059	61.5346	-99999	38.379	-0.93255	1	0	0	0	0	-298.952	-277.636	133.517	77.9677	-779.772	-765.512	-298.996	-289.832	-277.489	133.517	104.573	77.7025	-779.772	-773.776	-765.355	6.88598	15	0	90.8494	38.3871	46.228	-760.874	38.3871	46.228	-760.874	
13181	40756	47.8032	112.307	47.0407	-99999	94.546	-0.908116	1	1	0	0	0	-108.801	-90.811	129.839	87.0935	639.809	647.683	-79.3869	-70.2499	-61.0992	130.297	108.579	86.861	639.725	643.739	647.723	8.29841	6	0	54.4447	96.886	-36.5301	-175.557	96.886	-36.5301	-175.557	
13181	41384	56.8815	341.218	56.6611	-99999	42.661	-0.658185	1	1	0	0	0	-268.782	-244.918	126.848	89.7116	656.585	691.46	-262.127	-249.894	-238.174	126.848	108.699	89.5968	656.585	674.695	691.491	10.3209	26	0	222.269	46.5056	23.5608	-805.95	-44.9544	-38.8345	536.1	
13193	1884	47.4299	172.59	44.5604	-99999	-4.174	-0.99456	1	1	1	1	1	-83.8598	-79.0756	130.741	95.9306	505.72	491.02	-85.1609	-83.4445	-80.3827	131.363	113.588	95.9306	505.64	498.275	491.02	4.80109	20	0	74.3424	-4.15293	-16.9768	444.778	-4.15293	-16.9768	444.778	
13181	22018	170.48	403.269	169.065	-99999	-17.141	-0.99642	1	1	1	1	1	-275.147	-291.934	131.733	-34.5511	100.433	123.664	-275.077	-283.734	-291.919	132.348	48.2649	-35.3255	100.466	110.572	123.775	5.31708	12	0	77.1016	-17.1235	4.34714	118.81	-17.1235	4.34714	118.81	
13181	19660	27.7333	100.455	27.0278	-99999	-34.605	-0.975989	0	0	0	0	0	-293.3	-300.572	133.109	107.452	-184.53	-187.091	-293.212	-295.61	-300.81	133.323	119.765	107.071	-184.504	-186.075	-187.106	4.2654	7	0	76.932	-34.575	56.7424	-185.17	-34.575	56.7424	-185.17	
13181	18701	277.303	710.585	274.218	-99999	60.168	-0.953515	1	1	1	1	1	-167.064	-216.778	128.118	-140.221	665.577	681.688	-147.869	-169.266	-198	130.646	-5.88561	-140.636	664.851	672.899	681.705	4.2529	9	0	106.456	60.1852	-23.3549	657.378	60.1852	-23.3549	657.378	
13181	24925	153.932	400.021	152.931	-99999	-31.237	-0.806677	1	1	1	1	1	-247.595	-275.864	132.123	10.644	372.312	460.384	-247.531	-262.309	-275.809	132.219	71.0838	9.90154	372.247	416.57	460.854	4.11234	16	0	69.0363	-31.2196	10.7167	429.742	-31.2196	10.7167	429.742	
13181	16709	346.835	872.145	345.178	-99999	5.822	-0.988225	1	1	1	1	1	-277.658	-261.14	133.157	-171.359	237.133	193.715	-277.664	-283.1	-261.147	133.157	-36.6917	-171.359	237.133	214.539	193.715	4.401	6	0	83.2434	5.84093	-23.9799	222.371	5.84093	-23.9799	222.371	
13181	41077	172.409	1002.65	144.102	-99999	10.891	-0.80248	1	1	1	1	1	-67.0963	-153.178	19.7154	-95.8209	-575.219	-573.875	-63.4903	-115.368	-164.228	19.9796	-48.8603	-119.725	-575.224	-574.389	-573.452	67.6197	10	0	701.165	10.9282	-45.2555	-570.237	10.9282	-45.2555	-570.237	
13181	33247	317.912	991.11	306.768	-99999	87.845	-0.991982	1	1	1	1	1	-156.422	-195.218	132.905	-170.084	313.541	285.742	-128.866	-148.57	-169.273	133.555	-23.4527	-180.434	313.608	298.651	285.253	5.05802	12	0	143.352	87.8742	-20.0283	295.778	87.8742	-20.0283	295.778	
13181	34959	320.436	813.027	319.11	68.1946	67.922	-0.952833	1	1	1	1	1	-151.214	-236.566	132.524	-167.289	-164.696	-97.7686	-151.121	-192.753	-236.831	132.922	-18.1635	-168.108	-164.779	-131.615	-97.5059	5.62363	14	0	91.8561	67.9563	-20.6899	-138.081	67.9563	-20.6899	-138.081	
13193	943	287.222	739.769	284.88	-99999	-38.015	-0.977097	1	1	1	1	1	-252.448	-295.281	131.035	-138.49	84.6022	155.251	-252.051	-260.888	-295.238	133.285	-6.24932	-138.49	84.2531	116.373	155.251	5.80541	6	0	71.3311	-37.989	-22.9092	126.093	-37.989	-22.9092	126.093	
13181	34336	313.021	53779	304.573	-99999	86.192	-0.722935	1	1	1	1	1	-126.404	-236.999	-13.3567	-78.6571	-891.846	-615.77	-96.0693	-153.419	-210.008	-8.57732	-44.9244	-78.6571	-897.729	-757.658	-615.77	5.03565	12	0	132.334	86.162	-58.2691	-435.494	86.162	-58.2691	-435.494	
13181	715	320.414	2977.34	318.564	-99999	17.904	-0.892661	1	1	1	1	1	-178.477	-129.314	131.345	-147.23	-167.633	-21.5138	-173.181	-147.936	-123.71	132.809	-7.39054	-147.381	-168.3	-95.104	-21.4084	10.4992	6	0	370.127	17.938	-58.2739	-44.671	17.938	-58.2739	-44.671	
13181	36850	104.115	237.073	101.652	-99999	70.325	-0.834182	1	1	1	0	0	-304.624	-299.473	130.801	45.1118	-686.586	-633.818	-305.045	-300.841	-299.554	132.705	88.9651	45.1118	-687.798	-659.979	-633.818	4.87178	12	0	66.1794	70.3476	32.6455	-641.797	70.3476	32.6455	-641.797	
13187	4296	102.681	293.699	102.593	-99999	-28.932	-0.902465	0	0	0	0	0	-227.289	-247.236	133.069	43.734	5.03616	50.2583	-227.237	-239.438	-247.203	133.147	87.8656	43.734	5.00454	25.84	50.2583	5.22733	14	0	78.4843	81.9948	25.4001	34.4412	81.9948	25.4001	34.4412	
13181	634	63.4649	152.236	63.3644	-99999	77.269	-0.946839	1	1	1	1	0	-91.2744	-85.8214	130.182	70.0991	320.841	301.512	-67.0925	-64.3158	-61.6251	130.276	100.253	70.0991	320.87	310.988	301.512	4.94263	11	0	57.2463	77.2919	-9.46268	263.486	77.2919	-9.46268	263.486	
13181	33302	310.044	862.763	309.665	49.1904	48.228	-0.986673	1	1	1	1	1	-257.741	-193.975	132.353	-169.255	314.938	325.572	-257.754	-228.85	-193.931	132.483	-19.2437	-169.48	314.924	326.703	325.508	4.41308	13	0	80.234	48.2385	-24.2961	328.353	48.2385	-24.2961	328.353	
13181	37926	252.487	705.896	251.479	-29.6185	-29.631	-0.929607	1	1	1	1	1	-212.361	-158.249	131.318	-109.185	-767.051	-811.11	-212.461	-180.285	-158.283	131.681	11.9319	-109.791	-766.947	-790.329	-811.183	7.09121	9	0	104.156	-34.3264	-58.3945	-497.14	-34.3264	-58.3945	-497.14	
13181	36289	71.8632	188.482	69.7297	-99999	-11.163	-0.898114	0	0	0	0	0	-127.762	-101.782	133.91	71.9934	-826.179	-811.385	-131.277	-119.398	-104.859	133.954	101.495	69.9896	-826.187	-816.66	-811.302	4.53496	10	0	77.3613	-11.147	56.4264	-798.516	-11.147	56.4264	-798.516	
13181	40561	299.561	733.052	299.051	-99999	-35.381	-0.999161	1	1	1	1	0	-136.059	-116.558	130.519	-166.453	-861.596	-880.631	-147.138	-142.734	-127.571	130.519	-18.7684	-166.935	-861.596	-871.55	-880.679	8.54349	13	0	91.0527	-35.3628	-22.5741	-809.834	-35.3628	-22.5741	-809.834	
13181	37971	227.007	549.855	225.703	-99999	100.742	-0.724945	1	1	1	1	1	-347.791	-236.841	133.374	-19.6438	36.234	153.6	-348.269	-302.072	-236.792	134.116	53.4248	-19.8628	35.6331	100.644	153.646	5.4503	10	0	78.7437	100.763	9.54431	121.539	100.763	9.54431	121.539	
13181	41091	274.297	660.428	272.557	-99999	-32.726	-0.979563	1	1	1	1	1	-140.08	-182.208	129.073	-139.36	115.804	120.177	-150.101	-173.051	-192.58	130.29	-4.61562	-139.83	115.684	124.53	120.182	7.08745	8	0	92.5434	-32.7008	-18.7592	119.457	-32.7008	-18.7592	119.457	
13181	5221	41.2572	131.507	40.231	-99999	-43.124	-0.944704	1	0	0	0	0	-288.156	-299.028	132.668	94.0673	-573.096	-570.747	-287.88	-294.065	-299.033	133.296	113.64	93.7187	-573.11	-572.365	-570.76	6.31006	7	0	79.1705	-43.1012	53.1827	-581.766	-43.1012	53.1827	-581.766	
13181	28005	215.199	616.048	212.669	20.0232	15.911	-0.905838	1	1	1	1	1	-268.12	-186.251	132.845	-58.3026	-200.785	-240.314	-268.184	-224.914	-185.223	132.993	36.9755	-59.8751	-200.753	-222.776	-240.877	5.50824	9	0	167.373	15.9506	-33.1543	-236.468	15.9506	-33.1543	-236.468	
13181	24873	229.913	583.764	229.893	-99999	-6.104	-0.974072	1	1	1	1	1	-145.572	-167.756	133.691	-88.4939	-382.107	-330.4	-147.483	-153.848	-169.67	133.691	22.7773	-88.5032	-382.107	-353.387	-330.399	5.56074	6	0	96.7301	-6.07905	-13.2938	-353.927	-6.07905	-13.2938	-353.927	
13181	26553	269.261	760.532	268.967	-99999	60.573	-0.950925	1	1	1	1	1	-152.801	-80.4839	132.846	-125.687	-766.918	-750.699	-133.924	-97.4861	-61.5159	133.122	3.83308	-125.687	-766.935	-758.006	-750.699	5.70553	9	0	55.4748	60.5936	-31.1219	-750.297	60.5936	-31.1219	-750.297	
13187	8652	311.168	741.132	310.251	-99999	-28.365	-0.988378	1	1	1	1	1	-239.973	-227.259	132.725	-167.899	117.479	150.473	-239.941	-234.663	-227.217	132.725	-16.0171	-168.243	117.479	146.704	150.465	14.9826	7	0	99.7612	-36.7541	1.33145	-327.093	50.7659	47.423	278.328	
13181	375	296.25	736.374	295.954	25.7566	23.267	-0.984343	1	1	1	1	1	-224.169	-167.441	133.135	-156.171	27.2477	21.6766	-224.169	-199.768	-167.384	133.141	-12.6843	-156.445	27.2488	26.1374	21.6844	5.37328	6	0	87.8222	19.7606	-26.5867	-380.375	48.9206	45.8238	252.763	
13181	2415	148.226	389.083	147.43	76.5049	73.449	-0.901101	1	1	1	0	0	-166.227	-240.151	132.872	8.81298	807.218	834.632	-166.08	-199.486	-240.404	133.191	68.2309	8.47144	807.159	819.556	834.732	4.73103	9	0	85.8328	73.4847	13.8978	785.38	73.4847	13.8978	785.38	
13181	4215	101.822	729.555	101.821	-99999	50.195	-0.750283	1	1	1	1	1	-273.62	-330.012	134.195	57.1946	-711.888	-676.507	-273.677	-302.091	-330.069	134.195	95.6311	57.1946	-711.888	-694.692	-676.507	18.8006	10	0	519.051	50.2235	19.9059	-667.494	50.2235	19.9059	-667.494	
13181	24843	303.098	702.493	303.05	-99999	42.619	-0.820363	1	1	1	1	1	-318.777	-310.198	134.521	-97.5536	404.912	594.546	-318.826	-331.784	-310.247	134.521	18.1858	-97.5536	404.912	501.028	594.546	5.57041	13	0	74.5265	42.6229	-10.6517	510.027	42.6229	-10.6517	510.027	
13181	28803	394.178	1327.79	391.981	-99999	113.218	-0.831527	0	0	0	0	0	-232.183	-242.519	132.926	-149.016	-157.959	111.541	-196.892	-204.427	-207.066	134.613	-8.69873	-149.016	-159.051	-24.4373	111.541	7.59865	14	0	193.894	92.2881	17.3323	226.191	92.2881	17.3323	226.191	
13181	35558	461.38	39313.9	461.078	-99999	-2.673	-0.552838	1	1	1	1	1	-62.2009	-222.946	99.8244	-157.279	-295.42	51.8789	-62.1004	-142.652	-222.946	99.9882	-28.9578	-157.279	-295.644	-122.148	51.8789	16.6641	11	0	25580.1	-2.6229	-34.7719	-46.6322	-2.6229	-34.7719	-46.6322	
13181	30562	185.063	497.167	185.041	-99999	51.081	-0.933236	1	1	1	1	1	-221.912	-275.367	132.766	-37.0376	-190.544	-143.928	-221.971	-251.802	-275.428	132.766	47.9936	-37.0545	-190.544	-169.045	-143.923	5.46755	12	0	82.6123	51.1096	-7.48694	-162.286	51.1096	-7.48694	-162.286	
13181	31498	337.518	844.374	337.491	-99999	88.358	-0.910014	1	1	1	1	1	-215.999	-97.0983	132.82	-168.619	-40.5355	-131.436	-188.339	-127.792	-69.4295	132.841	-19.1735	-168.619	-40.5304	-80.2646	-131.436	10.4272	8	0	86.9192	88.3926	-38.893	-104.943	88.3926	-38.893	-104.943	
13181	33298	62.9192	171.584	61.3831	-99999	64.312	-0.699718	1	1	1	0	0	-355.572	-315.739	9.66955	-36.2279	-352.313	-345.446	-356.41	-335.461	-315.525	10.4066	-12.8807	-36.5968	-352.3	-350.638	-345.385	5.06235	7	0	77.6002	64.3197	-12.7158	-342.908	64.3197	-12.7158	-342.908	
13181	6020	251.908	581.135	248.365	96.0199	93.774	-0.864197	1	1	1	1	1	-172.01	-306.355	133.224	-63.4426	-540.411	-599.523	-172.01	-233.162	-308.692	133.224	31.8352	-66.076	-540.411	-582.863	-599.302	4.39321	6	0	65.3298	93.7989	-18.7553	-586.546	93.7989	-18.7553	-586.546	
13181	35523	262.609	656.246	262.191	-99999	-3.756	-0.965812	1	1	1	1	1	-199.134	-248.77	132.116	-119.318	-80.9154	-42.7942	-199.121	-216.808	-248.77	132.505	6.05854	-119.318	-81.0159	-51.0696	-42.7942	5.86629	7	0	74.7628	-3.72559	-27.3771	-51.5725	-3.72559	-27.3771	-51.5725	
13181	37601	361.315	1008.98	361.16	56.4927	57.252	-0.862326	1	1	1	1	1	-103.984	-258.256	132.892	-156.191	160.777	307.374	-103.928	-183.474	-258.256	133.016	-16.7885	-156.191	160.731	222.032	307.374	6.96837	12	0	86.1072	57.2842	-17.0073	226.489	57.2842	-17.0073	226.489	
13181	41681	314.994	751.715	308.115	-99999	96.342	-0.997117	1	1	1	1	1	-171.502	-190.693	132.581	-119.745	-308.454	-292.778	-141.237	-143.278	-160.97	134.025	-6.60401	-120.526	-308.522	-330.727	-292.656	12.8557	6	0	116.272	96.3631	-21.2263	-305.721	96.3631	-21.2263	-305.721	
13181	801	159.22	917.897	158.683	300.902	79.167	-0.699756	0	0	0	0	0	-156.689	-249.573	132.547	23.0377	230.96	297.98	-156.415	-202.365	-249.573	132.922	79.0888	23.0377	230.695	267.051	297.98	5.29864	10	0	81.7983	-999999	-999999	-999999	-999999	-999999	-999999	
13181	37983	317.437	2879.79	312.84	53.8455	52.985	-0.71884	1	1	1	1	1	-304.921	-144.063	129.979	-97.8465	497.549	358.31	-306.938	-224.736	-144.063	133.245	22.8296	-97.8465	500.069	421.567	358.31	6.05979	10	0	111.092	53.0264	-20.1007	405.838	53.0264	-20.1007	405.838	
13181	36596	116.639	388.547	113.118	-99999	46.494	-0.505657	1	1	0	0	0	-140.023	-80.8776	112.144	54.0918	-890.839	-813.854	-125.838	-95.4551	-64.8704	112.503	82.668	52.611	-891.327	-851.479	-811.957	8.24663	8	0	183.02	46.5163	48.1233	-806.345	46.5163	48.1233	-806.345	
13181	41438	51.3954	143.76	51.1791	-99999	82.2	-0.560448	1	1	0	0	0	-95.4038	-86.9615	130.156	101.278	311.923	270.535	-69.7014	-65.3272	-61.221	130.278	116.029	101.278	312.098	291.165	270.535	14.8532	16	0	66.9952	82.2389	65.1164	218.402	82.2389	65.1164	218.402	
13181	3203	638.962	1505.68	638.728	46.5568	45.236	-0.391428	1	1	1	1	1	-97.9993	-229.682	133.721	-65.9653	-781.711	-192.233	-97.9892	-175.533	-229.682	133.783	32.977	-65.9653	-781.857	-488.989	-192.233	4.40462	14	0	39.3486	45.2606	0.373934	-473.845	45.2606	0.373934	-473.845	
13181	38577	223.479	586.41	223.46	-99999	19.962	-0.586262	1	1	1	1	1	-69.437	-168.819	-5.09521	124.326	-335.887	-183.229	-162.576	-113.15	-63.186	124.338	59.4134	-5.09521	-183.216	-259.552	-335.887	5.33255	647	0	586.41	20.0108	8.93411	-297.335	20.0108	8.93411	-297.335	
13181	35936	146.715	504.635	143.898	-27.5043	-28.656	-0.615856	1	1	1	1	1	-260.238	-163.646	127.302	35.9761	785.736	733.315	-262.248	-209.772	-163.587	128.968	82.0032	35.911	786.415	766.088	733.242	5.19253	14	0	80.1001	-28.6297	19.8958	743.829	-28.6297	19.8958	743.829	
13181	28257	329.157	1010.06	328.737	-99999	45.145	-0.449696	0	0	0	0	0	-253.894	-283.768	133.888	14.4476	-723.728	-419.014	-253.946	-268.995	-283.848	133.888	73.5905	14.3661	-723.728	-571.377	-418.612	11.1795	14	0	52.8732	-999999	-999999	-999999	-999999	-999999	-999999	
13181	29803	182.115	484.63	181.897	-99999	52.36	-0.9226	1	1	1	1	1	-248.856	-304.105	132.3	-33.1954	-284.446	-235.435	-248.841	-277.482	-304.165	132.498	48.3278	-33.1954	-284.486	-264.944	-235.435	11.0955	13	0	123.848	54.84	-20.9551	-249.954	54.84	-20.9551	-249.954	
13181	25800	64.2802	188.926	61.5878	-99999	80.56	-0.711778	0	0	0	0	0	-180.807	-145.927	127.054	77.0857	483.109	488.923	-156.17	-136.495	-119.843	127.653	102.676	75.4669	483.033	486.982	488.696	11.6074	13	0	88.7738	52.0827	30.7269	474.717	52.0827	30.7269	474.717	
13181	28069	176.857	471.251	175.389	103.8	102.861	-0.753743	0	0	0	0	0	-238.037	-159.998	132.038	23.3712	-688.552	-797.677	-238.611	-201.738	-159.979	133.112	70.5432	23.3702	-687.821	-738.171	-797.715	5.98416	14	0	84.2872	57.8994	-26.2119	-716.029	57.8994	-26.2119	-716.029	
13181	5560	227.398	588.89	226.31	-99999	98.788	-0.861676	1	1	1	1	1	-206.554	-92.2656	131.569	-62.5331	-322.792	-300.966	-175.786	-118.501	-60.9619	131.859	34.2933	-63.1792	-322.825	-311.586	-300.874	5.67329	7	0	52.2729	98.8187	-16.8556	-316.783	98.8187	-16.8556	-316.783	
13181	31612	233.617	601.577	233.258	110.438	108.38	-0.893475	0	0	0	0	0	-252.51	-138.511	133.03	-68.7785	-527.687	-511.641	-252.51	-194.301	-138.371	133.03	32.3906	-69.0883	-527.687	-518.74	-511.742	4.60469	10	0	77.9917	-999999	-999999	-999999	-999999	-999999	-999999	
13193	4392	126.77	298.83	119.007	-99999	90.245	-0.517624	1	1	0	0	0	-131.13	-89.6222	-122.133	-51.1963	894.396	808.357	-61.2415	-83.5467	-105.395	-51.0399	-88.4495	-126.64	808.112	854.136	899.758	4.72274	133	0	298.83	90.2801	-55.2046	793.639	90.2801	-55.2046	793.639	
13181	36635	46.3328	250.18	44.6383	-99999	61.246	-0.770598	1	1	1	1	1	-198.723	-220.209	131.858	96.221	-125.962	-110.741	-188.552	-201.028	-210.749	132.652	115.114	95.5878	-126.325	-117.761	-110.646	4.10161	6	0	128.22	61.2825	-32.7554	-50.1184	61.2825	-32.7554	-50.1184	
13181	36394	134.737	320.125	134.531	-99999	13.074	-0.982171	1	1	1	0	0	-312.757	-315.297	133.546	3.19906	785.716	813.35	-312.772	-310.38	-315.284	133.546	67.7329	3.01915	785.716	798.437	813.386	5.57964	10	0	72.617	13.1031	27.249	791.361	13.1031	27.249	791.361	
13181	39262	527.816	1053.09	527.071	-99999	44.849	-0.591721	1	1	1	1	1	-282.678	-333.012	133.147	-171.066	-154.956	228.71	-282.729	-324.03	-333.14	133.147	-30.3957	-171.295	-154.956	47.8597	229.007	5.57132	15	0	94.4373	44.8847	-31.3094	53.9862	44.8847	-31.3094	53.9862	
13181	30937	359.401	916.53	356.61	-40.9949	-42.719	-0.485443	1	1	1	1	1	-62.5397	-299.448	133.489	-64.6343	675.439	842.726	-60.791	-182.967	-299.531	134.756	46.955	-64.7771	673.971	772.134	842.763	5.66696	10	0	93.5579	-42.6824	-0.662003	759.023	-42.6824	-0.662003	759.023	
13181	32017	400.921	1049.23	400.918	-99999	63.681	-0.594044	1	1	1	1	1	-122.012	-221.077	134.043	-52.6206	30.8489	-309.748	-112.005	-162.047	-211.07	134.043	40.0543	-52.6206	30.8489	-138.923	-309.748	4.888	14	0	51.5841	60.3948	-20.6985	-255.602	60.3948	-20.6985	-255.602	
13181	31123	116.763	305.456	114.193	-99999	104.478	-0.955216	0	0	0	0	0	-216.772	-233.772	133.071	22.7658	-760.651	-739.201	-216.814	-227.763	-234.175	133.394	77.1587	20.5737	-760.709	-749.872	-738.989	5.49981	10	0	67.7174	47.4414	-5.12596	815.915	47.4414	-5.12596	815.915	
13181	1263	352.965	814.846	352.482	-39.2557	-39.499	-0.900036	1	1	1	1	1	-158.157	-341.145	132.577	-165.423	-22.5542	-11.036	-157.956	-248.789	-341.145	133.005	-17.6044	-165.423	-22.5604	-12.448	-11.036	4.14333	8	0	86.6754	-39.4678	-46.6249	-20.0956	-39.4678	-46.6249	-20.0956	
13181	2703	387.499	2178.58	384.903	-99999	-2.969	-0.0926582	1	1	1	1	1	-62.0052	-314.68	-65.8341	-104.298	397.057	684.608	-62.0052	-189.515	-316.142	-65.8341	-84.9746	-104.93	397.057	541.662	686.649	6.69589	13	0	65.6761	-2.98019	-62.5945	595.597	-2.98019	-62.5945	595.597	
13181	33040	131.316	320.445	130.755	-99999	19.962	-0.990861	1	1	1	1	0	-140.958	-115.514	130.346	2.49075	667.93	663.917	-134.739	-124.892	-109.171	130.59	65.7704	2.19709	667.936	664.786	663.885	4.67262	9	0	74.4412	19.9821	13.8768	658.422	19.9821	13.8768	658.422	
13181	35440	228.469	1110.15	221.721	81.3128	80.05	-0.770299	1	1	1	1	1	-235.821	-102.082	128.239	-43.0824	-673.055	-714.859	-238.461	-169.017	-101.407	131.655	43.7473	-45.2204	-672.104	-694.394	-714.318	57.6705	8	0	276.748	80.0638	-64.2178	-733.124	80.0638	-64.2178	-733.124	
13181	30350	310.396	771.673	310.229	109.681	107.624	-0.974434	0	0	0	0	0	-193.267	-246.703	131.311	-171.067	-449.79	-415.85	-193.238	-220.285	-246.703	131.453	-20.5598	-171.067	-449.805	-434.778	-415.85	4.54238	9	0	60.2135	-999999	-999999	-999999	-999999	-999999	-999999	
13193	1659	304.385	768.267	291.201	-99999	7.666	-0.681571	1	1	1	1	1	-63.7175	-232.417	-69.403	123.289	158.84	296.718	-240.285	-149.615	-63.7175	132.282	32.5127	-69.403	302.251	232.069	158.84	6.72822	654	0	768.267	7.70203	-25.5512	45.7253	42.112	-30.4487	267.581	
13193	5139	192.68	477.908	191.757	-99999	-24.481	-0.930147	1	1	1	1	1	-309.834	-244.753	132.796	-42.6699	329.942	370.687	-309.959	-278.958	-244.563	133.254	44.3205	-43.0673	329.848	350.007	370.71	7.38379	7	0	81.5829	-24.4554	0.797851	359.958	-24.4554	0.797851	359.958	
13181	32094	79.9073	631.952	78.4997	-99999	65.562	-0.923084	1	1	0	0	0	-216.487	-187.448	131.007	64.7548	-398.526	-370.313	-196.049	-184.404	-166.646	131.341	96.8604	63.8054	-398.636	-382.601	-370.26	6.20288	8	0	92.2438	65.0675	-24.8736	-657.983	-42.8125	-96.4623	-253.232	
13181	35574	337.989	813.143	337.881	-99999	78.756	-0.888144	1	1	1	1	1	-231.663	-85.9631	133.194	-169.929	98.8302	70.5523	-207.048	-129.71	-61.3011	133.287	-16.5562	-169.929	98.8448	88.471	70.5523	4.66975	10	0	47.0629	78.7955	-45.4243	74.6117	78.7955	-45.4243	74.6117	
13181	41822	137.256	353.877	137.255	-99999	-17.576	-0.809678	1	1	1	1	0	-355.616	-302.205	-0.217506	-115.3	-258.486	-208.369	-355.596	-328.281	-302.185	-0.217506	-55.0727	-115.3	-258.486	-227.681	-208.369	7.50856	9	0	86.0024	-17.5545	-22.0352	-240.698	-17.5545	-22.0352	-240.698	
13181	36548	175.656	411.38	175.647	-99999	23.948	-0.899714	1	1	1	1	1	-299.489	-311.131	133.703	-26.9512	-454.351	-385.1	-299.517	-305.824	-311.158	133.703	54.212	-26.9512	-454.351	-417.71	-385.1	4.47475	8	0	78.1284	23.9489	4.97101	-398.615	23.9489	4.97101	-398.615	
13181	37912	175.302	1660.08	158.157	-99999	-24.802	-0.947117	1	1	1	1	1	-301.561	-299.193	133.449	-3.22406	-493.694	-572.675	-301.533	-300.528	-296.485	133.449	57.3526	-15.1572	-493.694	-536.929	-584.115	237.384	6	0	1284.36	-24.783	-24.314	-589.691	-24.783	-24.314	-589.691	
13181	31305	298.098	802.052	296.786	-99999	76.114	-0.996724	1	1	1	1	1	-226.841	-237.867	131.444	-162.85	515.581	516.885	-226.861	-231.329	-237.976	132.173	-16.4935	-163.298	515.546	513.713	517.149	5.6751	9	0	85.98	76.1244	-32.1098	515.71	76.1244	-32.1098	515.71	
13181	35038	552.274	1430.64	552.254	47.9726	46.507	-0.533294	1	1	1	1	1	-284.461	-100.42	133.277	-166.321	-425.51	-848.062	-284.461	-178.272	-100.42	133.277	-20.5531	-166.321	-425.51	-628.171	-848.062	4.76469	16	0	99.7289	46.5494	-36.5921	-646.859	46.5494	-36.5921	-646.859	
13181	31328	133.861	337.534	130.96	-47.0591	-48.933	-0.643122	1	1	1	1	0	-150.907	-223.123	132.063	60.1364	-851.225	-771.778	-149.973	-179.717	-223.6	133.555	92.198	59.976	-852.747	-809.384	-771.514	4.15787	8	0	67.9984	-48.914	28.8759	-769.479	-48.914	28.8759	-769.479	
13181	33306	265.217	621.138	264.914	-99999	-7.464	-0.858386	1	1	1	1	1	-357.122	-233.898	63.3325	-169.209	-357.837	-345.386	-357.177	-290.447	-233.829	63.4226	-51.0003	-169.387	-357.835	-356.301	-345.369	4.94117	9	0	83.681	-7.45092	2.2161	-356.117	-7.45092	2.2161	-356.117	
13181	31995	71.3097	327.287	71.3092	-99999	29.738	-0.41193	1	1	1	1	1	-256.948	-296.208	132.726	101.786	-151.289	-100.446	-256.982	-276.617	-296.242	132.726	117.444	101.786	-151.289	-125.756	-100.446	4.33431	13	0	200.318	29.7826	39.8805	-55.4466	29.7826	39.8805	-55.4466	
13181	35595	305.875	844.276	305.175	-99999	60.913	-0.962031	1	1	1	1	1	-320.825	-326.586	130.007	-133.82	-661.187	-550.31	-320.895	-324.448	-326.626	130.007	-16.1256	-134.224	-661.187	-624.968	-550.04	6.00042	14	0	39.3641	60.9372	-27.4256	-619.495	60.9372	-27.4256	-619.495	
13181	35392	132.752	335.33	132.41	-99999	-35.673	-0.913853	1	1	1	1	0	-94.1829	-133.867	130.274	9.10653	484.006	516.738	-105.311	-128.751	-145.057	130.384	70.3715	8.89534	483.981	499.711	516.722	5.93534	7	0	65.8684	-35.6359	13.951	499.668	-35.6359	13.951	499.668	
13181	12099	83.6778	259.03	83.1221	-99999	92.934	-0.958515	1	1	1	0	0	-255.413	-233.248	132.709	53.7889	-580.159	-568.076	-255.519	-243.404	-233.271	132.709	92.8903	53.2731	-580.159	-576.479	-567.893	5.92503	14	0	86.2751	92.9635	21.7386	-578.724	92.9635	21.7386	-578.724	
13181	32829	63.6859	185.514	63.6854	-99999	70.64	-0.930641	1	0	0	0	0	-97.8152	-83.448	-155.684	-95.8619	-893.447	-877.055	-61.3275	-68.4516	-75.6947	-95.8619	-125.7	-155.684	-877.055	-885.564	-893.447	6.93306	150	0	185.514	70.6605	-66.7337	-863.437	70.6605	-66.7337	-863.437	
13181	33694	144.632	325.419	144.308	-384.495	111.508	-0.930525	0	0	0	0	0	-196.996	-245.487	132.611	5.22099	589.309	634.349	-196.92	-225.184	-245.487	132.911	69.131	5.22099	589.224	608.03	634.349	4.89986	11	0	68.1781	8.31209	38.5985	-690.309	8.31209	38.5985	-690.309	
13181	33683	129.767	358.249	129.73	-99999	14.859	-0.737059	0	0	0	0	0	-269.561	-297.874	134.016	33.8004	63.7237	139.78	-269.578	-279.608	-297.896	134.016	84.798	33.771	63.7237	104.672	139.799	7.34499	19	0	66.9624	-7.83771	-20.9442	186.175	-7.83771	-20.9442	186.175	
13193	7221	316.536	711.382	316.334	-36.1347	-35.747	-0.967214	1	1	1	1	1	-131.609	-250.476	133.126	-152.36	800.32	848.057	-131.581	-179.022	-250.476	133.31	-15.163	-152.36	800.288	827.021	848.057	4.82337	8	0	74.5207	-35.7155	-14.8485	785.93	-35.7155	-14.8485	785.93	
13181	12650	157.498	417.333	157.084	73.1136	71.536	-0.908063	1	1	1	1	1	-192.276	-257.276	132.397	-4.80814	-206.476	-168.006	-192.125	-224.139	-257.276	132.771	62.439	-4.80814	-206.558	-191.517	-168.006	8.86893	10	0	89.8839	71.5758	-0.61551	-179.417	71.5758	-0.61551	-179.417	
13181	12650	65.2939	173.142	62.7887	-99999	40.127	-0.445619	0	0	0	0	0	-136.481	-107.433	132.635	100.286	-745.227	-700.018	-124.736	-108.855	-94.4781	133.349	117.2	99.7652	-746.409	-722.924	-699.398	5.72249	6	0	72.2862	71.5758	-0.61551	-179.417	92.9158	-4.05733	-750.939	
13181	36577	228.606	636.001	228.019	246.968	46.687	-0.565165	0	0	0	0	0	-140.134	-232.616	133.345	4.23838	-188.624	-26.6111	-140.106	-191.446	-232.763	133.385	68.0512	4.02135	-188.675	-110.426	-26.1708	6.9578	18	0	138.348	-999999	-999999	-999999	-999999	-999999	-999999	
13181	40654	225.983	590.851	225.059	-99999	70.554	-0.865453	1	1	1	1	1	-228.396	-293.725	131.695	-69.6731	700.022	774.837	-228.464	-265.425	-294.066	131.727	31.5324	-70.4574	700.008	736.803	775.147	6.4747	13	0	93.0725	70.5805	-16.6403	739.969	70.5805	-16.6403	739.969	
13181	39510	281.817	2429.4	280.154	12.7784	12.451	-0.826626	1	1	1	1	1	-159.509	-253.469	131.666	-99.4357	-567.117	-446.484	-159.228	-198.1	-253.763	132.533	17.8114	-99.9658	-567.629	-495.918	-446.396	5.11298	9	0	75.4803	12.4808	-19.6662	-484.545	12.4808	-19.6662	-484.545	
13181	4374	313.051	788.848	312.909	-99999	112.006	-0.947107	0	0	0	0	0	-98.6579	-179.485	134.701	-165.981	-35.7996	-50.4266	-63.5416	-104.925	-144.412	134.827	-15.7378	-165.984	-35.7969	-45.0554	-50.427	4.607	11	0	87.4725	91.7723	-12.8087	-90.2663	91.7723	-12.8087	-90.2663	
13181	36570	356.202	780.567	355.337	-99999	41.795	-0.418939	1	1	1	1	1	-190.959	-193.972	129.534	-164.005	835.269	667.535	-177.871	-171.139	-180.891	129.534	-16.4233	-164.107	835.269	750.656	667.541	4.69033	11	0	87.4879	41.824	-27.4235	709.489	41.824	-27.4235	709.489	
13181	36805	171.577	426.395	170.796	-99999	16.157	-0.763238	1	1	1	0	0	-273.605	-341.237	133.252	9.99069	-842.32	-746.094	-273.623	-307.905	-341.447	133.252	69.4077	9.48624	-842.32	-796.557	-745.532	5.31067	14	0	74.6009	16.1809	29.4826	-764.491	16.1809	29.4826	-764.491	
13181	37157	259.842	632.466	259.613	101.323	95.093	-0.943377	1	1	1	1	1	-290.979	-192.614	132.777	-99.4247	-284.076	-327.438	-291.026	-242.768	-192.591	132.915	12.8829	-99.4762	-284.063	-294.928	-327.479	6.11524	15	0	88.4561	95.1219	-11.7637	-292.307	95.1219	-11.7637	-292.307	
13181	1912	217.918	549.374	217.62	-99999	58.055	-0.915791	0	0	0	0	0	-260.296	-270.247	133.386	-63.5812	-432.399	-355.962	-260.363	-267.468	-270.313	133.465	32.1874	-63.5812	-432.437	-393.099	-355.962	9.13832	8	0	91.9384	34.2137	-5.04651	269.08	34.2137	-5.04651	269.08	
13181	5392	150.297	353.919	150.112	-99999	94.607	-0.91521	1	1	1	0	0	-128.425	-100.207	133.677	-11.8868	-262.292	-245.717	-98.871	-80.1944	-70.5817	133.838	62.1491	-11.8868	-262.317	-250.506	-245.717	4.70345	7	0	76.9746	94.6255	22.3956	-241.636	94.6255	22.3956	-241.636	
13181	39391	27.5977	108.672	26.1288	-99999	53.382	-0.990249	0	0	0	0	0	-249.382	-243.818	132.374	106.926	121.807	121.29	-249.463	-246.768	-243.801	132.68	119.193	105.816	121.769	121.846	121.511	4.58832	12	0	83.1852	53.4045	33.0753	125.905	53.4045	33.0753	125.905	
13181	38701	432.034	1007.22	431.48	-99999	-26.885	-0.509315	1	1	1	1	1	-117.919	-187.261	131.868	-82.6992	-739.897	-373.907	-126.265	-161.038	-195.68	132.145	15.1256	-82.6992	-740.362	-562.249	-373.907	4.81333	15	0	79.4667	-26.8485	-6.96702	-545.12	-26.8485	-6.96702	-545.12	
13181	40620	111.366	708.73	111.334	-99999	109.829	-0.860659	0	0	0	0	0	-275.421	-249.917	133.417	43.0058	-170.083	-111.023	-275.547	-265.811	-250.031	133.417	86.3475	42.983	-170.083	-142.013	-111.007	7.04807	12	0	487.103	-999999	-999999	-999999	-999999	-999999	-999999	
13181	38652	186.924	147082	182.146	46.5138	45.124	-0.857714	1	1	1	1	1	-140.324	-241.06	133.053	-17.2633	151.54	172.194	-140.324	-191.93	-243.61	133.053	55.8859	-21.2671	151.54	162.271	172.704	1443.42	7	0	146640	45.1398	-38.2013	180.595	45.1398	-38.2013	180.595	
13193	3225	202.367	461.337	200.84	-21.1989	-22.444	-0.681974	1	1	1	1	1	-186.675	-242.04	132.499	5.1159	-778.864	-635.885	-186.37	-210.612	-242.04	133.536	62.4969	5.11472	-779.925	-712.164	-635.884	15.6094	13	0	57.5773	-22.4141	8.06621	-679.932	-22.4141	8.06621	-679.932	
13193	6329	207.128	535.321	206.571	-99999	76.653	-0.906798	1	1	1	1	1	-237.558	-298.664	131.579	-50.2017	-272.675	-198.33	-237.561	-264.195	-298.885	131.87	38.9472	-50.3807	-272.783	-235.946	-198.268	4.34337	9	0	80.2425	76.6719	-11.0993	-217.882	76.6719	-11.0993	-217.882	
13187	1814	273.45	674.921	272.074	-99999	-24.973	-0.957445	1	1	1	1	1	-265.424	-330.271	132.612	-114.664	36.5167	115.286	-265.138	-297.421	-330.436	133.53	2.83477	-114.993	36.391	59.7992	115.427	10.7485	10	0	76.6136	-24.9605	-19.8164	67.5722	-24.9605	-19.8164	67.5722	
13187	2774	126.788	1036.84	126.773	309.623	40.688	-0.675921	0	0	0	0	0	-222.186	-128.82	132.82	54.5651	-392.004	-424.998	-222.186	-176.302	-128.82	132.82	93.5826	54.5651	-392.004	-410.613	-424.998	5.37751	8	0	94.6493	-999999	-999999	-999999	-999999	-999999	-999999	
13187	2958	92.0231	224.602	88.8908	-99999	72.41	-0.788028	1	1	1	1	0	-286.495	-337.197	132.674	63.8453	-767.118	-742.788	-286.315	-312.547	-338.678	133.041	97.3291	61.6913	-767.226	-754.843	-742.061	4.83628	9	0	65.0084	72.4286	30.2721	-730.021	72.4286	30.2721	-730.021	
13187	5600	274.313	1992.75	274.309	-337.389	-13.471	-0.751828	0	0	0	0	0	-236.4	-85.7998	132.365	-60.8192	809.914	687.245	-236.4	-162.374	-85.7998	132.365	34.5056	-60.8192	809.914	748.912	687.245	8.49578	11	0	123.676	21.9867	-20.206	-165.586	96.8967	-64.1533	808.299	
13187	222	462.896	1053.8	448.592	-99999	-31.989	-0.693435	1	1	1	1	1	-158.691	-145.352	133.054	-170.652	-555.058	-884.745	-168.745	-161.902	-155.005	133.344	-23.7607	-180.375	-554.762	-724.47	-894.618	4.55079	13	0	55.4937	-31.9693	-21.5323	-702.207	-31.9693	-21.5323	-702.207	
13187	4471	360.99	1008.4	359.825	-99999	22.995	-0.705926	1	1	1	1	1	-357.12	-314.426	133.887	-165.927	-831.672	-640.49	-357.293	-336.572	-314.452	134.693	-19.4611	-165.927	-832.479	-741.39	-640.49	8.87394	6	0	47.7409	23.0094	-5.95182	-737.12	23.0094	-5.95182	-737.12	
13187	6683	82.0604	231.962	82.0601	-99999	-22.634	-0.641534	1	1	1	1	0	-275.999	-334.634	131.038	79.671	492.493	518.066	-275.973	-305.367	-334.608	131.038	105.209	79.671	492.493	504.828	518.066	7.1553	9	0	69.8506	-22.6174	32.4624	526.364	-22.6174	32.4624	526.364	
13187	5131	210.148	559.558	209.765	-99999	31.525	-0.831793	1	1	1	1	1	-268.22	-217.149	131.187	-46.3091	-571.671	-473.907	-268.382	-237.982	-217.185	131.498	42.6684	-46.3091	-571.847	-524.712	-473.907	6.06587	12	0	83.4658	31.5545	-4.95402	-507.455	-0.855531	1.99909	-531.024	
13187	5855	402.612	1522.35	399.695	-99999	-10.829	-0.673626	1	1	1	1	1	-354.101	-77.2482	-168.788	91.7922	-716.508	-594.305	-77.2482	-217.146	-356.055	91.7922	-39.0157	-170.754	-594.305	-655.213	-717.304	8.02105	767	0	1522.35	-10.8007	17.3267	-620.864	-10.8007	17.3267	-620.864	
13187	46	237.044	604.465	233.534	-99999	50.403	-0.914062	1	1	1	1	1	-162.561	-197.619	127.473	-100.619	226.026	259.11	-146.318	-164.417	-181.889	130.331	14.9662	-100.991	224.865	244.157	259.097	4.6914	9	0	112.328	50.263	-38.869	364.731	50.263	-38.869	364.731	
13187	5386	311.023	777.647	306.078	13.7452	11.499	-0.62128	1	1	1	1	1	-64.7164	-279.493	133.124	-69.1788	442.247	517.855	-62.9725	-174.321	-280.401	134.572	32.5039	-71.0189	441.705	478.508	519.452	4.8158	15	0	80.3408	11.5361	-5.5426	477.289	11.5361	-5.5426	477.289	
13187	3637	342.113	1115.66	341.27	112.895	110.857	-0.893019	0	0	0	0	0	-312.372	-189.252	132.871	-167.614	341.867	237.043	-312.425	-251.541	-188.989	133.018	-17.9227	-168.208	341.918	289.304	236.869	35.5489	10	0	286.133	-999999	-999999	-999999	-999999	-999999	-999999	
13187	5557	198.632	569.638	196.861	-99999	5.209	-0.921154	0	0	0	0	0	-278.78	-297.034	130.968	-52.0762	-123.3	-61.415	-278.702	-294.146	-296.838	131.455	40.9217	-53.2129	-123.49	-85.8076	-61.1241	6.43446	13	0	148.279	20.3903	-9.9836	-75.65	20.3903	-9.9836	-75.65	
13187	2257	270.82	663.422	270.813	-40.2316	-42.395	-0.684908	1	1	1	1	1	-223.264	-145.186	132.614	-18.944	-241.516	-35.4071	-223.264	-185.595	-145.186	132.614	47.4983	-18.944	-241.516	-143.283	-35.4071	6.85614	8	0	76.9581	-42.3522	-6.51754	-103.05	-42.3522	-6.51754	-103.05	
13187	4578	264.548	680.676	264.031	119.906	116.676	-0.910671	0	0	0	0	0	-158.772	-230.189	132.498	-103.398	578.088	667.176	-158.698	-182.66	-230.214	132.908	12.0455	-103.453	577.92	625.821	667.192	12.2752	8	0	87.9491	-999999	-999999	-999999	-999999	-999999	-999999	
13187	4460	549.805	5626.33	549.266	-99999	-5.898	-0.560349	1	1	1	1	1	-134.061	-222.544	126.434	-164.961	3.1325	458.357	-134.029	-177.054	-222.544	126.562	-23.2989	-164.961	2.94642	229.339	458.357	608.337	13	0	4176.64	-5.86161	-41.0164	328.6	98.3684	-29.8202	175.649	
13187	6072	202.79	503.53	199.497	-99999	26.393	-0.971668	1	1	1	1	1	-212.306	-180.874	130.304	-64.7793	-618.822	-594.641	-204.543	-189.596	-172.449	132.641	33.5176	-65.641	-619.108	-604.401	-594.694	6.20749	7	0	81.7891	26.4238	-9.43548	-599.722	26.4238	-9.43548	-599.722	
13187	8665	310.685	852.217	309.835	100.978	98.16	-0.871789	1	1	1	1	1	-124.169	-284.604	133.678	-120.025	846.067	773.245	-124.169	-202.989	-285.168	133.678	4.53184	-120.639	846.067	811.226	773.135	4.72458	9	0	84.351	98.1962	-18.2499	771.24	98.1962	-18.2499	771.24	
13187	9025	65.0189	181.047	64.8693	-99999	-47.398	-0.85774	1	0	0	0	0	-309.411	-280.054	133.097	84.6792	730.914	759.693	-309.421	-294.781	-280	133.223	106.067	84.6792	730.874	741.069	759.693	5.83331	12	0	79.5773	-47.3622	40.5021	748.475	-47.3622	40.5021	748.475	
13187	650	367.871	3782.54	367.293	-13.8767	-13.344	-0.835806	1	1	1	1	1	-140.37	-265.467	132.784	-171.375	405.959	567.699	-140.37	-202.055	-265.714	132.784	-18.0106	-171.866	405.959	491.239	567.799	6.85634	9	0	85.078	-13.3175	-22.2279	482.888	-13.3175	-22.2279	482.888	
13187	2570	331.468	861.249	328.27	4.79605	3.859	-0.893696	1	1	1	1	1	-249.393	-182.621	130.716	-166.197	862.684	740.555	-249.696	-216.659	-182.423	132.518	-17.6099	-167.189	863.535	801.885	739.959	8.24943	15	0	109.593	3.90046	-23.3871	764.143	3.90046	-23.3871	764.143	
13187	75	63.2155	1442.68	63.2154	-99999	71.07	-0.903604	1	1	1	1	1	-308.264	-327.397	131.678	73.3516	-406.697	-391.712	-308.346	-318.375	-327.479	131.678	102.815	73.3516	-406.697	-398.622	-391.712	9.75386	14	0	1146.05	71.0765	-3.44687	-353.66	71.0765	-3.44687	-353.66	
13187	5163	289.917	1117.43	288.053	-99999	82.607	-0.734926	1	1	1	1	1	-140.149	-87.1346	127.106	-48.5913	-504.478	-282.775	-114.359	-88.029	-61.0085	127.425	37.3567	-49.2041	-504.753	-394.374	-281.569	5.76482	14	0	36.0306	82.6477	-31.2619	-325.743	82.6477	-31.2619	-325.743	
13187	2681	59.3044	182.491	59.164	-99999	81.728	-0.927722	1	1	0	0	0	-214.018	-221.892	132.611	75.092	794.638	804.808	-214.07	-219.31	-221.986	132.735	104.388	75.092	794.602	801.383	804.808	5.21509	10	0	80.4809	81.7662	26.3052	771.4	81.7662	26.3052	771.4	
13187	3164	246.139	601.761	245.067	-99999	63.222	-0.95257	1	1	1	0	0	-142.227	-81.0651	131.972	-104.132	-879.998	-856.166	-122.458	-91.7722	-60.9843	132.051	13.4674	-105.07	-880.009	-868.148	-856.067	5.85541	8	0	57.0146	63.2451	-39.1714	-839.113	63.2451	-39.1714	-839.113	
13187	8157	111.735	316.249	109.99	-99999	41.262	-0.95449	1	1	1	0	0	-337.62	-322.252	132.182	37.0262	-581.789	-532.022	-337.971	-329.394	-322.299	133.839	81.8324	37.0262	-582.189	-564.001	-532.022	6.339	20	0	97.1793	41.276	45.7849	-557.476	41.276	45.7849	-557.476	
13193	13039	159.713	458.479	150.894	-99999	-1.01	-0.632322	1	1	1	1	1	-186.116	-284.448	128.68	35.5611	763.634	830.124	-185.993	-237.992	-290.115	128.801	79.2299	30.415	763.553	798.376	834.1	7.2474	10	0	64.0627	-1.02796	0.706195	809.456	-1.02796	0.706195	809.456	
13187	1918	113.805	316.939	112.363	80.4322	79.609	-0.835046	1	1	0	0	0	-164.698	-217.564	132.003	35.5426	851.257	868.909	-163.952	-195.516	-217.564	133.214	86.6811	35.5426	851.053	859.701	868.909	6.5842	9	0	99.8713	79.6411	27.5685	802.864	-14.9289	37.6389	811.331	
13187	8079	139.604	316.182	134.906	-99999	-14.913	-0.859108	1	1	1	1	0	-285.278	-338.28	131.958	8.89761	398.126	409.505	-285.238	-315.534	-338.888	131.998	69.7137	4.40468	398.119	405.959	410.501	4.37793	9	0	53.3349	-14.8894	17.727	410.202	-14.8894	17.727	410.202	
13187	10599	284.147	655.937	281.182	-99999	39.564	-0.981389	1	1	1	1	1	-295.025	-326.32	131.597	-136.24	637.72	709.735	-295.031	-309.207	-326.906	131.923	-7.31149	-138.589	637.669	661.757	710.777	8.41105	17	0	85.8522	42.6571	11.5415	-267.116	42.6571	11.5415	-267.116	
13187	1407	311.002	798.139	310.832	-99999	34.538	-0.94534	1	1	1	1	1	-282.329	-345.377	133.643	-153.99	685.426	775.318	-282.368	-311.932	-345.49	133.643	-15.4662	-154.106	685.426	717.341	775.402	5.5715	12	0	71.2184	34.5682	-41.7509	726.433	34.5682	-41.7509	726.433	
13193	15411	292.486	747.695	292.01	72.8293	71.108	-0.916185	1	1	1	1	1	-305.869	-190.411	132.9	-133.214	395.736	412.333	-306.055	-246.205	-190.411	133.331	-0.00168439	-133.214	395.773	392.461	412.333	7.53868	6	0	83.1922	71.1186	-12.2178	397.124	71.1186	-12.2178	397.124	
13187	5820	152.386	400.473	151.582	-99999	29.053	-0.956921	1	1	1	1	1	-301.795	-249.106	132.831	-8.06767	-148.172	-133.403	-301.939	-276.713	-248.954	133.238	61.8646	-8.39582	-148.213	-139.847	-133.39	7.52535	7	0	91.2959	29.067	9.33577	-145.631	29.067	9.33577	-145.631	
13187	1849	127.198	320.439	127.019	-99999	43.506	-0.668616	1	1	1	1	1	-217.294	-292.902	132.024	47.9946	-537.747	-480.419	-217.256	-254.358	-292.968	132.128	89.2946	47.9828	-537.823	-509.026	-480.411	5.62831	7	0	63.6906	43.5326	22.3333	-490.658	43.5326	22.3333	-490.658	
13181	6856	528.582	1289.78	513.021	21.9161	20.472	-0.672176	1	1	1	1	1	-252.859	-124.292	133.42	-169.024	-49.6786	339.078	-252.954	-197.093	-124.157	134.843	-22.8056	-171.022	-51.2313	152.708	352.211	5.8033	12	0	64.4114	21.6082	20.2612	-457.196	-41.1718	-30.1503	435.44	
13181	10456	115.33	280.657	100.723	108.586	105.469	-0.585997	0	0	0	0	0	-179.224	-236.772	125.075	48.4805	523.782	547.969	-170.279	-210.948	-237.568	132.179	93.5704	45.7449	521.334	534.303	548.544	6.79807	16	0	93.2924	-11.1002	-21.6034	-779.123	-11.1002	-21.6034	-779.123	
13181	11776	187.746	393.444	187.416	-99999	85.968	-0.963634	0	0	0	0	0	-94.5225	-159.543	132.803	-41.917	-450.78	-442.145	-67.5497	-100.94	-132.648	133.013	45.9198	-42.0238	-450.792	-441.316	-442.157	4.22465	8	0	44.1464	-999999	-999999	-999999	-999999	-999999	-999999	
13187	3407	145.648	362.056	141.623	-99999	97.278	-0.734945	1	1	1	1	1	-169.736	-225.866	130.073	32.907	105.51	19.141	-153.029	-182.08	-210.626	132.936	82.4494	32.8212	107.736	64.0461	19.057	4.92068	16	0	74.7832	97.3246	-41.1291	-59.1557	97.3246	-41.1291	-59.1557	
13187	6106	303.41	3955.79	302.19	40.237	39.563	-0.684174	1	1	1	1	1	-119.607	-323.894	133.123	-53.5599	-458.011	-342.449	-118.999	-215.684	-324.03	133.829	33.1226	-53.6278	-458.438	-399.332	-342.337	5.69557	12	0	98.762	39.5868	-17.3999	-377.718	39.5868	-17.3999	-377.718	
13187	11506	446.422	1031.98	444.143	-99999	76.443	-0.665626	1	1	1	1	1	-246.883	-318.079	132.804	-154.02	-790.281	-461.327	-246.97	-298.314	-318.261	132.804	-15.6167	-155.391	-790.281	-631.816	-459.569	5.38754	16	0	84.4436	76.4687	-30.596	-602.628	76.4687	-30.596	-602.628	
13187	6419	367.013	917.71	366.312	-99999	70.894	-0.635272	1	1	1	1	1	-344.629	-240.888	132.085	-135.671	-433.549	-206.827	-344.969	-294.065	-240.969	132.517	-1.41584	-135.671	-434.031	-319.5	-206.827	10.9641	11	0	132.631	70.9226	-5.37283	-312.755	70.9226	-5.37283	-312.755	
13187	6333	326.97	852.391	326.337	-99999	85.515	-0.440416	1	1	1	1	1	-234.703	-88.0271	129.968	-28.7044	14.6459	259.13	-207.989	-134.134	-61.0191	130.033	51.457	-28.9333	14.5394	137.359	259.495	9.94606	7	0	55.9693	85.5569	-11.918	180.319	85.5569	-11.918	180.319	
13187	6813	264.718	713.681	264.343	-99999	107.46	-0.868898	0	0	0	0	0	-242.639	-94.9217	131.991	-87.1945	448.248	446.254	-209.104	-135.195	-61.1992	132.198	22.415	-87.3109	448.252	447.455	446.25	4.46698	7	0	128.448	-999999	-999999	-999999	-999999	-999999	-999999	
13193	82	206.643	515.014	206.123	-99999	67.375	-0.585564	1	1	1	1	1	-71.9002	-222.026	129.876	5.92388	305.505	237.982	-60.9285	-136.621	-211.439	130.177	68.384	5.92388	305.677	272.118	237.982	8.57832	12	0	68.9302	67.4056	-50.3567	175.537	67.4056	-50.3567	175.537	
13187	6884	280.349	731.554	279.85	-99999	100.462	-0.72364	1	1	1	1	1	-213.101	-285.638	132.836	-56.8288	-368.983	-178.846	-213.031	-249.762	-285.753	133.193	32.5341	-56.8288	-369.275	-279.035	-178.846	5.39836	14	0	94.2531	100.499	-16.4271	-243.243	100.499	-16.4271	-243.243	
13187	9123	118.644	304.778	107.352	-99999	19.441	-0.55572	1	1	1	1	0	-160.672	-75.5902	130.091	66.3402	519.454	534.227	-154.919	-107.956	-60.9143	130.319	95.0563	59.7846	519.388	527.702	535.489	4.75632	6	0	98.2039	19.4673	32.4249	533.239	19.4673	32.4249	533.239	
13193	19215	171.983	831.719	132.887	-99999	-14.393	-0.755045	1	1	1	1	1	-301.748	-343.038	131.957	25.3346	572.136	638.085	-301.732	-330.732	-355.251	131.957	62.7973	-6.13214	572.136	613.089	656.368	14.0973	16	0	110.849	-14.3628	24.7835	625.637	-14.3628	24.7835	625.637	
13187	7061	27.2068	96.6928	26.4991	-99999	14.171	-0.970333	0	0	0	0	0	-121.218	-116.253	133.433	107.452	-292.068	-290.934	-116.786	-114.237	-111.679	133.456	120.11	106.793	-292.069	-291.804	-290.844	7.08084	6	0	78.4647	14.1987	41.8089	-282.569	14.1987	41.8089	-282.569	
13187	10901	366.243	1008.04	361.472	26.6931	26.106	-0.861407	1	1	1	1	1	-240.425	-115.689	132.33	-169.137	82.578	-69.9556	-240.658	-176.616	-114.823	132.955	-21.7895	-172.117	82.8525	9.34316	-72.4826	5.11468	16	0	79.827	18.9467	-36.408	146.001	18.9467	-36.408	146.001	
13181	20042	118.053	318.075	117.574	-99999	-19.025	-0.67831	1	1	1	1	1	-340.553	-292.501	132.866	45.4636	774.32	835.236	-340.764	-312.524	-292.479	133.191	91.2707	45.4636	774.058	804.392	835.236	5.59149	14	0	85.9563	-18.8899	-23.0203	-430.239	-46.52	-53.8784	797.058	
13193	18738	30.1302	64.9797	28.9962	-99999	38.997	-0.478083	0	0	0	0	0	-316.227	-339.005	132.749	118.426	-794.126	-783.345	-315.966	-327.808	-339.623	132.93	125.679	118.014	-794.269	-788.427	-783.089	4.47956	8	0	45.3269	94.32	-87.0276	345.421	-38.07	-10.9395	-752.145	
13187	3875	26.6509	101.805	26.4218	-99999	94.932	-0.970233	0	0	0	0	0	-188.3	-187.439	133.566	107.72	797.775	793.416	-158.573	-156.982	-157.735	133.566	120.555	107.515	797.775	795.629	793.415	8.172	8	0	81.2824	94.961	53.0456	785.202	94.961	53.0456	785.202	
13187	5465	189.567	633.073	189.559	-99999	110.024	-0.897845	0	0	0	0	0	-201.909	-228.405	133.134	-32.8628	-373.348	-460.56	-184.62	-198.113	-211.115	133.134	50.5351	-32.8628	-373.348	-417.784	-460.56	5.04035	9	0	53.2527	-999999	-999999	-999999	-999999	-999999	-999999	
13187	3458	305.478	728.31	305.294	-99999	-10.018	-0.935281	1	1	1	1	1	-242.921	-343.75	132.189	-154.305	-319.615	-300.924	-242.901	-295.124	-343.77	132.21	-10.3681	-154.459	-319.617	-303.964	-300.93	7.63582	6	0	88.4009	-10.0002	-42.3336	-295.595	-10.0002	-42.3336	-295.595	
13187	3325	359.109	6501.71	357.008	103.314	101.343	-0.840784	0	0	0	0	0	-294.933	-154.623	133.732	-155.21	697.931	548.23	-294.933	-236.253	-153.529	133.732	-13.9105	-156.931	697.931	614.413	547.761	4.82015	10	0	66.7937	-999999	-999999	-999999	-999999	-999999	-999999	
13187	1619	201.822	533.353	198.163	111.378	109.829	-0.97694	0	0	0	0	0	-204.035	-222.583	131.521	-63.3583	-450.945	-426.009	-204.031	-215.749	-222.691	131.559	32.7791	-66.8661	-450.952	-434.583	-426.49	7.88535	13	0	111.438	78.2387	63.4028	-615.471	78.2387	63.4028	-615.471	
13187	4523	252.547	644.208	251.805	25.5838	22.149	-0.917454	1	1	1	1	1	-262.846	-202.45	132.876	-92.3517	133.285	224.624	-262.926	-235.844	-202.45	133.552	20.1698	-92.3517	133.016	181.262	224.624	4.90624	6	0	79.2598	21.5012	1.48563	260.131	21.5012	1.48563	260.131	
13187	2902	363.166	1509.09	362.096	105.605	102.028	-0.783404	0	0	0	0	0	-255.969	-131.281	133.548	-161.68	-290.018	-452.119	-256.176	-176.791	-131.293	133.923	-11.8814	-162.192	-289.807	-362.886	-452.41	6.54032	12	0	104.445	53.5512	-32.9459	477.891	53.5512	-32.9459	477.891	
13187	4233	212.415	633.476	183.689	-99999	73.986	-0.704191	1	1	1	1	0	-210.319	-340.236	109.204	-20.4677	890.181	883.651	-210.404	-285.625	-360.983	109.204	34.3157	-40.3947	890.181	886.753	882.998	16.7613	6	0	206.075	74.0192	-15.6864	835.848	74.0192	-15.6864	835.848	
13187	2014	84.3465	256.983	82.1774	-99999	113.44	-0.935089	0	0	0	0	0	-223.515	-247.578	130.853	53.3341	303.034	315.588	-222.937	-234.845	-247.708	132.877	93.0107	53.3341	302.717	309.546	315.588	6.14176	9	0	95.2688	69.6852	10.5689	416.437	69.6852	10.5689	416.437	
13187	2134	208.108	473.834	206.146	-99999	97.079	-0.637867	1	1	1	1	1	-329.277	-326.032	131.951	-18.9669	-485.049	-348.099	-329.513	-323.033	-326.143	133.157	61.5432	-18.9669	-486.509	-411.785	-348.099	4.06279	15	0	79.1312	97.1107	22.5355	-387.823	97.1107	22.5355	-387.823	
13187	6529	97.5204	259.866	96.5949	-99999	43.242	-0.985287	1	1	1	0	0	-330.957	-308.695	132.733	39.915	530.961	539.283	-331.126	-324.266	-308.742	133.635	85.5747	39.9094	530.854	535.352	539.284	4.47232	10	0	70.4776	43.261	28.4426	553.124	43.261	28.4426	553.124	
13193	20623	205.799	517.652	204.682	372.229	87.245	-0.910301	0	0	0	0	0	-234.843	-157.446	132.483	-49.6341	-433.564	-390.146	-235.03	-200.011	-157.36	133.221	41.7423	-49.9213	-433.811	-402.513	-390.231	5.7817	9	0	87.2557	24.8339	-30.4561	-113.225	24.8339	-30.4561	-113.225	
13193	18161	402.022	1272.08	373.301	-99999	5.991	-0.708783	1	1	1	1	1	-62.1306	-258.96	-153.31	112.959	271.229	443.323	-274.211	-168.198	-62.0162	133.121	-9.84884	-153.478	456.397	363.304	271.112	5.64723	883	0	1272.08	6.01446	-30.3721	350.307	6.01446	-30.3721	350.307	
13193	22715	170.114	591.625	166.263	-99999	2.506	-0.752605	1	1	1	1	1	-212.447	-326.18	133.027	12.0789	527.162	534.898	-212.45	-271.061	-328.544	133.027	71.494	9.09675	527.162	530.367	535.474	8.90853	10	0	148.944	2.53141	-25.5559	552.738	2.53141	-25.5559	552.738	
13193	22015	132.881	438.334	132.87	-99999	91.653	-0.876943	1	1	1	1	1	-344.975	-297.782	133.693	20.6324	627.761	677.439	-345.08	-323.042	-297.887	133.693	76.8587	20.6324	627.761	654.039	677.439	10.9833	12	0	173.259	91.6814	14.771	679.315	91.6814	14.771	679.315	
13193	18774	184.113	433.006	183.823	-43.2091	-43.54	-0.873431	1	1	1	1	1	-155.368	-247.737	132.489	-23.6986	-594.49	-569.337	-155.23	-199.137	-247.737	132.739	52.2235	-23.6986	-594.509	-586.84	-569.337	4.71934	10	0	76.3194	-43.5137	1.11525	-580.067	-43.5137	1.11525	-580.067	
13181	8386	130.519	362.852	130.08	-99999	101.564	-0.873646	0	0	0	0	0	-202.121	-241.66	133.242	22.6389	-76.9879	-132.535	-170.216	-189.794	-209.856	133.625	77.9771	22.6389	-76.8038	-104.686	-132.535	4.05231	16	0	49.8493	-999999	-999999	-999999	-999999	-999999	-999999	
13193	376	268.281	648.825	258.985	-99999	108.864	-0.702927	0	0	0	0	0	-249.212	-305.536	132.977	-35.284	-616.385	-431.663	-249.314	-272.097	-308.123	133.044	35.6053	-39.2928	-616.449	-527.166	-423.771	4.02295	10	0	63.142	81.0946	-76.1957	-61.8501	-28.7554	-33.2374	-416.075	
13193	2536	213.91	708.814	205.31	62.0837	54.141	-0.419413	1	1	1	1	1	-132.494	-314.532	129.742	43.652	761.501	801.427	-124.919	-219.446	-314.532	133.367	87.857	43.652	759.686	780.397	801.427	4.15072	8	0	93.6978	52.4083	-14.4699	755.347	52.4083	-14.4699	755.347	
13193	7067	206.51	478.19	191.212	-99999	17.064	-0.31446	1	1	1	1	1	-270.427	-262.624	132.426	36.8354	-770.278	-873.464	-270.31	-271.887	-262.296	132.644	104.92	36.0628	-769.251	-809.033	-874.14	4.21465	14	0	117.103	17.0964	-34.0056	-210.787	-26.6436	-3.61107	-276.717	
13193	11747	413.491	994.684	402.288	-99999	102.568	-0.647294	0	0	0	0	0	-268.534	-259.229	131.152	-143.218	-741.469	-488.672	-268.781	-256.869	-259.346	131.987	1.44838	-143.218	-742.442	-602.344	-488.672	24.3021	16	0	232.092	-11.7475	-6.20044	-255.716	-11.7475	-6.20044	-255.716	
13193	9441	300.99	746.572	299.296	-99999	115.217	-0.849892	0	0	0	0	0	-352.52	-264.605	133.083	-120.04	-743.182	-615.61	-352.681	-321.517	-263.797	133.245	3.63821	-121.184	-743.278	-673.934	-615.373	5.53848	8	0	86.2916	-999999	-999999	-999999	-999999	-999999	-999999	
13181	20168	125.166	476.415	122.421	-99999	107.842	-0.984646	0	0	0	0	0	-221.052	-232.828	132.242	11.3305	-533.101	-545.995	-221.073	-227.563	-233.389	132.8	70.817	9.22238	-533.056	-538.092	-546.224	45.2078	7	0	200.251	33.7744	-3.20738	811.645	33.7744	-3.20738	811.645	
13193	7480	133.989	335.822	133.726	-99999	18.865	-0.761305	1	1	1	1	0	-332.823	-297.076	132.457	35.6459	661.168	745.617	-332.883	-318.103	-297.097	132.656	82.8492	35.6459	661.003	703.021	745.617	10.0824	12	0	87.3871	18.9037	25.6747	721.772	18.9037	25.6747	721.772	
13193	10975	342.984	924.87	341.768	-99999	71.847	-0.961288	1	1	1	1	1	-333.742	-336.969	133.981	-163.883	190.23	346.695	-333.824	-319.934	-337.266	133.998	-21.3096	-164.982	190.226	260.108	347.062	5.2752	13	0	106.739	71.8622	-17.1114	268.396	71.8622	-17.1114	268.396	
13193	15610	129.697	428.625	127.9	-99999	32.281	-0.854748	1	1	1	1	0	-279.091	-252.724	133.132	18.1821	177.794	224.794	-279.287	-263.231	-252.913	134.081	77.1259	17.5817	177.24	203.523	225.068	29.4831	15	0	161.011	28.4097	-21.7766	-18.1308	28.4097	-21.7766	-18.1308	
13193	14267	76.1946	169.557	74.5222	-99999	41.017	-0.841568	1	1	1	1	1	-337.365	-334.883	125.317	61.6603	879.588	845.836	-337.412	-330.106	-334.993	125.317	91.9284	61.4243	879.588	863.72	845.638	4.14653	8	0	128.911	41.0467	-12.0219	791.508	41.0467	-12.0219	791.508	
13193	15227	227.625	555.215	226.382	14.3814	12.335	-0.790098	1	1	1	1	1	-261.699	-150.078	132.494	-46.4842	304.719	228.158	-262.144	-199.445	-149.777	133.099	43.5313	-46.7831	304.844	273.975	227.94	5.98214	11	0	80.4732	12.3749	-10.4556	251.113	12.3749	-10.4556	251.113	
13187	7035	295.347	724.719	293.416	-99999	91.243	-0.98563	1	1	1	1	1	-231.968	-164.129	129.682	-153.607	444.492	447.369	-203.543	-177.994	-134.97	130.633	-14.5638	-154.344	444.384	448.065	447.201	5.67399	9	0	90.2637	91.2761	-37.8806	442.109	91.2761	-37.8806	442.109	
13187	9555	272.163	666.138	269.893	21.377	20.758	-0.811012	1	1	1	1	1	-289.936	-119.552	133.422	-71.216	-614.123	-654.248	-290.339	-206.069	-118.549	134.019	28.8334	-72.3434	-614.006	-632.174	-654.53	4.42854	8	0	75.9234	20.7754	-16.5246	-636.841	20.7754	-16.5246	-636.841	
13193	16729	68.2395	234.018	67.6633	-99999	48.941	-0.875092	0	0	0	0	0	-167.051	-153.933	129.655	74.5703	600.158	563.704	-151.703	-146.431	-138.573	129.973	102.073	74.4613	600.313	581.683	563.642	7.29454	12	0	101.941	-2.82398	21.5731	840.454	-2.82398	21.5731	840.454	
13193	17701	77.6314	239.363	77.1477	57.5669	57.561	-0.931899	1	0	0	0	0	-195.526	-225.577	131.785	61.8011	73.3693	83.5556	-195.395	-210.663	-225.612	132.153	96.8081	61.7226	73.324	77.9961	83.5497	6.33144	6	0	86.8823	57.5892	21.3995	72.8365	57.5892	21.3995	72.8365	
13193	16272	301.101	681.515	284.434	-99999	-27.377	-0.994744	1	1	1	1	1	-147.018	-168.788	132.822	-147.215	337.338	374.03	-155.565	-168.736	-174.512	133.191	-15.4107	-161.903	337.306	357.137	379.174	4.82652	14	0	84.6686	-27.37	-26.2469	357.959	-27.37	-26.2469	357.959	
13181	7968	143.808	377.491	143.035	-99999	79.809	-0.996646	1	1	0	0	0	-336.649	-337.857	131.344	-10.8656	95.0806	95.8183	-336.811	-334.892	-337.949	132.1	60.3025	-10.8656	95.0434	93.3888	95.8183	4.1691	8	0	52.9647	79.8248	20.4526	96.0506	79.8248	20.4526	96.0506	
13193	23141	349.288	1310.43	348.149	-553.699	79.656	-0.87356	0	0	0	0	0	-143.376	-219.482	132.796	-165.36	257.503	415.455	-143.296	-187.035	-219.423	133.374	-15.855	-165.792	257.195	336.205	415.589	6.41695	12	0	94.9504	46.4748	27.3048	-158.727	33.9648	-31.169	464.385	
13193	22281	337.395	808.672	336.448	24.5962	20.372	-0.871203	1	1	1	1	1	-315.4	-176.795	132.941	-153.748	-245.9	-163.887	-315.645	-259.926	-176.774	133.733	-12.4421	-153.771	-246.273	-183.4	-163.895	4.50205	9	0	75.8203	20.4013	-14.7114	-188.645	20.4013	-14.7114	-188.645	
13193	21573	275.131	730.084	274.046	-99999	99.446	-0.915682	1	1	1	1	1	-278.854	-241.956	132.914	-112.927	-359.321	-246.941	-278.967	-267.812	-241.862	132.955	9.23918	-113.905	-359.339	-300.464	-246.668	5.5235	14	0	87.6463	99.47	-18.402	-286.952	99.47	-18.402	-286.952	
13193	24210	260.364	850.514	260.223	-99999	104.598	-0.591546	0	0	0	0	0	-226.1	-107.309	129.682	-20.6043	91.3437	266.865	-193.398	-135.682	-74.5547	129.757	52.7766	-20.6043	91.2561	178.942	266.865	5.64038	6	0	117.823	67.4475	28.3087	-212.192	67.4475	28.3087	-212.192	
13181	8929	165.228	409.357	165.223	-99999	107.205	-0.803012	0	0	0	0	0	-351.669	-271.36	111.483	-31.8538	645.636	649.466	-351.792	-306.837	-271.483	111.483	42.2578	-31.8538	645.636	645.511	649.466	4.5835	10	0	78.4655	-999999	-999999	-999999	-999999	-999999	-999999	
13187	829	319.498	725.915	315.648	-27.4519	-29.225	-0.929599	1	1	1	1	1	-222.284	-166.139	131.622	-159.616	-596.315	-697.842	-222.471	-183.463	-165.367	132.455	-12.3404	-162.405	-596.048	-650.321	-698.385	9.58006	6	0	89.6731	-29.196	-28.6957	-654.09	-29.196	-28.6957	-654.09	
13181	22374	318.88	776.338	315.107	92.5751	91.042	-0.85833	1	1	1	1	1	-171.89	-225.275	132.292	-122.052	-318.926	-493.325	-171.839	-189.406	-225.745	132.9	-3.01237	-124.165	-318.567	-399.815	-495.474	4.00051	9	0	97.3744	91.0784	-22.3095	-412.654	91.0784	-22.3095	-412.654	
13187	5160	228.895	533.043	228.753	-99999	-47.191	-0.94015	1	1	1	1	1	-255.001	-330.775	132.013	-77.4491	-392.646	-345.651	-254.947	-286.367	-330.754	132.013	25.6492	-77.5789	-392.646	-364.532	-345.666	6.3816	6	0	67.2738	-47.1661	-27.8102	-356.194	-47.1661	-27.8102	-356.194	
13181	25739	139.687	370.949	138.483	-99999	5.82	-0.918834	1	1	1	1	1	-146.2	-189.147	129.347	-0.423912	734.98	747.51	-144.007	-169.149	-187.408	130.274	66.2322	-0.593418	734.833	746.514	747.51	5.81677	6	0	94.2705	5.85559	13.1529	735.621	5.85559	13.1529	735.621	
13181	1550	304.854	721.972	303.591	-99999	81.991	-0.822693	1	1	1	1	1	-357.215	-225.747	112.881	-152.179	-394.265	-339.151	-357.434	-280.699	-225.676	113.083	-13.7054	-153.177	-394.327	-359.302	-339.086	4.33966	11	0	88.4147	81.9964	8.07201	-363.598	81.9964	8.07201	-363.598	
13181	25562	160.762	403.921	159.535	-99999	27.777	-0.90121	1	1	0	0	0	-250.799	-303.936	132.562	-5.72756	825.827	883.797	-250.742	-277.345	-304.194	132.793	61.4615	-6.52656	825.764	851.276	884.295	7.29932	16	0	82.2883	27.8061	18.8724	820.23	27.8061	18.8724	820.23	
13193	3626	214.213	554.341	212.486	98.5654	97.426	-0.718436	1	1	1	1	1	-109.664	-239.613	132.833	-33.6213	-757.765	-753.003	-109.163	-180.927	-239.938	133.35	53.9463	-34.5683	-757.767	-757.086	-753.018	8.67349	7	0	110.422	97.4557	9.22165	-743.088	97.4557	9.22165	-743.088	
13193	504	201.954	477.48	201.8	-99999	80.615	-0.928826	1	1	1	1	1	-241.007	-305.341	132.416	-52.935	-278.839	-235.173	-241.044	-276.43	-305.433	132.553	39.565	-52.935	-278.854	-262.355	-235.173	5.73398	10	0	74.4524	80.6416	-16.2755	-244.049	80.6416	-16.2755	-244.049	
13193	5607	191.492	445.78	191.487	-99999	50.716	-0.892723	1	1	1	0	0	-262.502	-340.651	133.313	-32.5585	-337.882	-289.554	-262.56	-293.502	-340.709	133.313	47.7544	-32.5585	-337.882	-308.326	-289.554	6.42193	7	0	71.7403	50.7608	-4.57675	-293.982	76.4208	60.7968	-357.042	
13193	4662	87.8522	232.478	87.3208	-99999	-48.935	-0.646597	1	0	0	0	0	-342.328	-312.401	131.532	72.3493	-396.035	-339.881	-342.494	-324.949	-312.345	131.872	103.016	72.3493	-396.372	-368.358	-339.881	4.11173	15	0	84.802	-48.9169	50.8536	-365.1	-48.9169	50.8536	-365.1	
13181	27373	89.1358	261.618	88.1208	-99999	53.22	-0.607247	1	1	1	1	1	-154.295	-218.983	133.112	80.3529	-172.826	-201.025	-145.931	-178.427	-211.38	133.112	106.324	79.7554	-172.826	-187.392	-201.332	4.43402	9	0	46.4701	53.2636	-13.2653	-230.746	53.2636	-13.2653	-230.746	
13187	1933	341.532	874.935	338.722	-14.987	-18.337	-0.897977	1	1	1	1	1	-243.077	-80.6905	132.498	-164.587	-134.207	-126.044	-243.182	-161.941	-79.2369	132.738	-17.3721	-166.646	-134.219	-129.372	-126.356	6.01785	13	0	103.54	-18.3042	-45.8405	-134.472	-18.3042	-45.8405	-134.472	
13193	3420	302.689	723.008	292.028	39.5722	39.476	-0.814867	1	1	1	1	1	-168.214	-233.419	124.97	-93.6128	-597.992	-419.908	-166.688	-197.88	-233.465	132.368	9.91708	-94.6219	-603.167	-520.102	-418.825	6.3824	15	0	76.3207	39.513	-16.449	-501.597	39.513	-16.449	-501.597	
13193	566	156.309	418.917	156.261	-29.8833	-30.694	-0.892215	1	1	1	1	1	-248.535	-183.415	132.309	3.15873	418.926	361.317	-248.547	-219.552	-183.415	132.35	65.3692	3.15873	418.941	391.158	361.317	5.1216	11	0	79.5082	-30.6587	4.89814	376.256	-30.6587	4.89814	376.256	
13193	8154	391.718	940.54	391.06	-99999	-28.503	-0.652241	1	1	1	1	1	-289.968	-230.028	134.1	-37.8822	122.163	462.422	-289.974	-264.196	-229.97	134.312	26.8235	-37.9554	121.917	283.223	462.736	6.64483	8	0	73.6097	-28.4658	-1.08701	304.641	-28.4658	-1.08701	304.641	
13187	1925	256.272	962.748	256.257	-99999	-4.48	-0.383547	1	1	1	1	1	-61.945	-291.868	-57.7011	-146.411	549.168	619.275	-61.9343	-177.154	-291.868	-57.6965	-101.826	-146.411	549.165	583.68	619.275	6.35176	10	0	51.255	-4.44627	-69.319	575.03	-4.44627	-69.319	575.03	
13193	12424	330.254	539.704	329.14	-99999	40.684	-0.978841	1	1	1	1	1	-302.517	-294.365	133.411	-158.948	725.602	844.42	-302.564	-290.322	-294.411	133.411	-11.3643	-158.948	725.602	783.35	844.42	4.00314	12	0	74.585	40.7204	-24.7454	768.417	40.7204	-24.7454	768.417	
13193	12717	28.6903	260.957	28.3512	-99999	88.884	-0.859893	1	1	1	0	0	-304.542	-317.737	133.06	108.905	164.321	171.038	-304.566	-311.265	-317.919	133.196	120.862	108.752	164.295	167.242	171.087	26.2382	8	0	240.477	88.9026	46.8187	185.56	88.9026	46.8187	185.56	
13193	17189	74.8815	272.961	74.4149	-99999	98.462	-0.502445	1	1	1	1	0	-236.128	-194.213	132.835	98.3289	-791.927	-842.795	-251.78	-230.979	-209.633	133.022	115.394	98.283	-791.666	-817.307	-842.861	7.31817	6	0	65.6264	98.4297	24.6069	-792.417	98.4297	24.6069	-792.417	
13193	17560	267.586	2188.27	266.538	-17.674	-18.809	-0.70753	1	1	1	1	1	-316.797	-105.542	133.341	6.77732	841.79	746.102	-317.009	-216.916	-104.893	133.589	57.958	6.57882	841.878	795.917	745.922	4.03919	7	0	71.8982	-18.7994	13.4066	758.346	-18.7994	13.4066	758.346	
13187	149	75.9962	9670.34	75.5146	-99999	-2.004	-0.746436	1	1	1	1	1	-81.4616	-92.149	132.562	74.061	-373.797	-344.005	-82.0891	-84.7773	-92.7765	132.562	97.8337	74.061	-373.797	-363.095	-344.005	6.22464	15	0	9379.12	-1.97397	1.19176	-318.715	-1.97397	1.19176	-318.715	
13193	14962	216.545	513.843	215.708	-99999	45.933	-0.863031	1	1	1	0	0	-297.168	-347.039	109.551	-70.1196	-892.976	-785.323	-297.221	-320.869	-347.374	109.551	17.4652	-70.8394	-892.976	-841.286	-785.02	4.03211	12	0	79.4162	45.9123	-9.83376	-803.555	45.9123	-9.83376	-803.555	
13193	17842	49.9628	214.376	49.9503	-99999	-25.82	-0.593684	1	1	1	1	1	-354.321	-327.733	-56.7176	-85.7255	199.893	230.295	-354.292	-340.707	-327.703	-56.7176	-71.1438	-85.7255	199.893	215.084	230.295	11.2166	13	0	109.346	-25.8166	-63.1096	263.599	-25.8166	-63.1096	263.599	
13193	4537	258.834	694.799	258.714	157.509	-42.802	-0.991267	0	0	0	0	0	-191.055	-243.532	132.604	-116.899	93.5199	130.772	-191.048	-214.241	-243.532	132.715	6.30259	-116.899	93.5192	107.011	130.772	7.03156	14	0	96.7792	-999999	-999999	-999999	-999999	-999999	-999999	
13193	18317	39.7296	113.888	38.9065	-99999	101.274	-0.428262	0	0	0	0	0	-112.224	-93.0553	133.649	116.75	-418.545	-389.21	-80.5102	-70.7588	-60.9329	133.649	125.064	116.372	-418.545	-403.519	-388.604	4.12746	7	0	48.5093	67.2971	-45.7493	-413.373	67.2971	-45.7493	-413.373	
13193	20753	32.3779	111.132	30.5559	-99999	-31.435	-0.44072	0	0	0	0	0	-252.119	-274.583	132.862	116.829	-474.844	-461.864	-251.373	-263.523	-275.166	133.271	125.542	116.304	-475.304	-467.932	-461.518	4.79498	10	0	82.0299	-48.9466	-31.4997	-552.034	-48.9466	-31.4997	-552.034	
13193	20670	102.867	345.74	101.618	-99999	27.977	-0.721874	1	1	0	0	0	-294.455	-326.954	131.264	52.9086	-59.6594	-5.14416	-294.469	-309.698	-327.451	131.303	93.757	51.8304	-59.6923	-28.0432	-4.9339	10.2287	10	0	131.443	28.0121	46.5712	-11.7348	28.0121	46.5712	-11.7348	
13181	26382	72.2169	218.31	72.1008	-99999	-3.937	-0.492232	1	1	1	1	1	-67.2635	-114.925	-155.207	-120.108	608.268	646.47	-116.158	-91.4737	-68.4964	-120.108	-137.928	-155.207	646.47	627.222	608.268	4.38117	205	0	218.31	-3.91171	-18.996	726.544	-3.91171	-18.996	726.544	
13193	1251	236.097	599.606	235.694	-99999	90.585	-0.992792	1	1	1	1	1	-193.371	-230.871	132.765	-97.39	-445.86	-473.102	-165.005	-176.463	-202.598	132.765	16.4042	-97.7776	-445.86	-461.169	-473.086	6.39347	7	0	99.4554	90.6023	-17.6729	-463.509	90.6023	-17.6729	-463.509	
13193	8932	344.957	1533.23	344.795	30.4725	31.244	-0.783969	1	1	1	1	1	-298.249	-152.908	133.077	-125.669	849.867	689.498	-298.302	-218.499	-152.903	133.183	-4.2439	-125.672	849.931	783.349	689.48	6.58136	15	0	93.6051	31.2846	-20.7945	742.725	31.2846	-20.7945	742.725	
13193	10023	395.711	903.861	395.188	-40.1604	-41.007	-0.504364	1	1	1	1	1	-332.957	-189.81	133.347	-61.7352	-285.929	-594.951	-333.099	-274.597	-189.794	133.594	25.5559	-61.7512	-285.534	-440.305	-594.973	6.1923	14	0	88.4537	-40.9678	4.75374	-279.232	-40.9678	4.75374	-279.232	
13187	1623	172.007	441.741	167.086	92.7941	91.652	-0.851867	1	1	1	1	1	-255.549	-175.173	129.798	-11.0707	799.49	763.015	-257.473	-217.834	-174.88	133.408	61.0412	-11.6794	800.582	776.575	762.983	4.87077	8	0	81.8261	91.6815	5.87108	754.124	91.6815	5.87108	754.124	
13193	9382	312.398	759.778	311.765	-99999	-25.431	-0.949406	1	1	1	1	1	-288.184	-241.592	133.409	-159.981	32.1973	120.274	-288.171	-268.745	-241.405	133.578	-15.6634	-160.357	32.1468	72.9783	120.443	6.59066	12	0	82.1334	-25.4242	-13.2762	70.7537	-25.4242	-13.2762	70.7537	
13193	10835	321.311	777.043	321.309	-99999	50.532	-0.910986	1	1	1	1	1	-187.674	-77.2391	132.813	-163.32	-619.884	-677.633	-171.85	-116.432	-61.4153	132.813	-14.9929	-163.32	-619.884	-649.733	-677.633	4.49662	12	0	42.8114	50.5479	-37.4422	-656.957	50.5479	-37.4422	-656.957	
13181	15112	290.159	686.424	289.385	-99999	44.529	-0.937031	1	1	1	1	1	-181.429	-75.3446	129.831	-139.04	729.226	740.863	-167.755	-116.825	-61.4006	130.551	-5.09959	-139.04	729.181	735.286	740.863	5.5477	8	0	50.6063	37.5396	-51.9834	330.713	37.5396	-51.9834	330.713	
13193	9419	265.521	659.626	264.797	-99999	-10.365	-0.839916	1	1	1	1	1	-322.903	-336.927	131.922	-87.2542	77.3104	218.666	-322.844	-338.037	-336.926	132.319	20.0693	-87.3507	77.0587	146.043	218.805	10.1866	14	0	133.721	-10.3472	-9.62712	164.544	-10.3472	-9.62712	164.544	
13193	13429	273.785	775.48	273.329	-99999	39.424	-0.987107	1	1	1	1	1	-246.717	-203.327	131.656	-138.176	422.9	419.455	-252.986	-231.055	-209.522	132.101	-3.00915	-138.176	422.907	421.274	419.455	4.05006	8	0	62.4527	39.4444	-22.0295	419.999	39.4444	-22.0295	419.999	
13187	4439	235.971	563.923	235.963	-99999	8.137	-0.931363	1	1	1	1	1	-254.055	-303.585	133.243	-92.67	-589.492	-546.974	-254.064	-282.696	-303.594	133.243	21.1445	-92.67	-589.492	-566.69	-546.974	6.73487	8	0	79.8765	8.15675	-22.0262	-562.352	8.15675	-22.0262	-562.352	
13193	16671	359.654	821.849	359.344	30.8931	29.168	-0.847487	1	1	1	1	1	-140.991	-335.777	133.535	-166.751	823.758	822.082	-140.991	-243.624	-335.944	133.535	-13.769	-166.994	823.758	822.999	822.12	6.31541	8	0	73.0264	29.2018	-41.5265	787.934	29.2018	-41.5265	787.934	
13193	21302	320.301	872.256	320.299	-99999	95.881	-0.728233	1	1	1	1	1	-259.642	-337.771	132.786	-104.936	-868.931	-670.471	-259.751	-298.186	-337.881	132.786	15.6264	-104.936	-868.931	-766.771	-670.471	4.42171	11	0	77.8778	95.9072	-34.8724	-713.626	95.9072	-34.8724	-713.626	
13181	15353	211.285	487.189	210.264	-99999	34.397	-0.923141	1	1	1	1	1	-284.15	-215.855	132.901	-58.9725	-90.9914	-41.2454	-279.1	-243.999	-210.49	133.839	36.8296	-58.9725	-91.2181	-68.6748	-41.2454	4.27488	8	0	59.8396	34.4221	-7.87549	-60.4805	34.4221	-7.87549	-60.4805	
13193	23616	64.0165	2813.43	62.5277	-99999	56.196	-0.873283	1	1	1	1	1	-139.278	-147.924	133.834	79.3923	-543.076	-515.012	-121.681	-127.704	-130.149	133.834	105.926	77.9941	-543.076	-529.156	-514.824	184.581	6	0	952.33	56.2284	-20.8987	-461.312	56.2284	-20.8987	-461.312	
13193	24958	79.2473	248.884	79.245	-99999	18.644	-0.703207	0	0	0	0	0	-117.957	-171.34	131.116	75.3931	880.412	865.258	-112.119	-139.939	-165.502	131.116	103.232	75.3931	880.412	876.317	865.258	4.20984	12	0	107.111	18.6666	37.4057	810.553	18.6666	37.4057	810.553	
13181	1276	37.7733	164.184	37.7723	-99999	71.382	-0.77441	1	1	1	1	1	-240.492	-241.649	134.207	105.719	327.082	304.528	-240.574	-242.011	-241.73	134.207	119.106	105.719	327.082	316.749	304.528	7.10386	26	0	82.0124	71.3982	-19.0233	219.808	71.3982	-19.0233	219.808	
13193	1323	426.07	1184.79	422.629	105.157	101.28	-0.708404	0	0	0	0	0	-63.4161	-261.194	121.876	-171.144	550.774	777.794	-61.956	-148.586	-261.194	124.287	-27.2115	-171.144	548.834	670.795	777.794	9.24493	10	0	92.3714	56.2719	-64.1711	821.72	-27.8581	-51.9038	791.241	
13193	1504	230.056	604.718	228.877	-99999	41.859	-0.968222	1	1	1	1	1	-278.695	-241.33	131.579	-90.4134	389.419	427.7	-278.768	-261.996	-241.016	131.844	19.6054	-91.2225	389.358	407.823	427.843	6.23851	7	0	101.848	41.8712	-14.9459	407.245	41.8712	-14.9459	407.245	
13193	4505	186.397	439.275	185.85	-99999	-22.885	-0.98448	1	1	1	1	0	-350.588	-320.327	132.301	-44.2129	253.671	293.883	-350.57	-341.044	-320.069	132.405	40.8093	-44.5565	253.653	267.455	294.026	5.55376	10	0	92.2872	-22.67	8.3119	281.037	-22.67	8.3119	281.037	
13187	906	135.51	351.556	135.433	-99999	61.049	-0.66278	1	1	1	0	0	-174.076	-80.6689	130.783	42.6625	-707.054	-750.023	-154.959	-108.484	-61.5011	130.783	86.396	42.6126	-707.054	-728.501	-750.046	6.54445	10	0	64.2045	61.0694	32.7003	-737.989	61.0694	32.7003	-737.989	
13193	5794	512.901	1774.33	480.848	-623.241	9.464	-0.535906	0	0	0	0	0	-230.16	-162.262	132.445	-49.3286	-437.622	-877.505	-230.175	-193.998	-157.728	133.091	36.2042	-62.9872	-436.753	-671.321	-904.854	4.50324	13	0	391.936	28.8451	-64.3748	38.4838	28.8451	-64.3748	38.4838	
13193	4332	46.9711	109.789	46.304	-99999	105.678	-0.914278	0	0	0	0	0	-112.578	-94.0759	129.684	87.2457	687.018	687.27	-79.7562	-70.2763	-60.9835	130.293	108.808	87.2457	687.019	687.307	687.27	4.57549	9	0	51.5466	93.1266	21.4936	103.954	66.8966	-59.5852	811.349	
13181	15526	419.494	657.218	347.102	-99999	55.659	-0.311495	1	1	1	1	1	-81.7174	-98.3429	130.067	-125.999	538.112	767.706	-64.1684	-79.8382	-73.5494	130.661	-19.1701	-173.573	536.313	679.412	806.375	7.04448	9	0	56.3205	55.6871	-24.4548	683.277	55.6871	-24.4548	683.277	
13193	9722	357.982	870.922	351.145	66.7824	65.306	-0.822937	1	1	1	1	1	-256.376	-90.1647	132.606	-150.63	478.106	602.053	-256.6	-171.263	-87.5673	133.044	-10.9183	-156.2	477.912	541.365	603.062	6.19398	11	0	42.0343	65.3313	-60.5031	582.445	65.3313	-60.5031	582.445	
13193	11462	167.18	439.963	166.668	-99999	-12.787	-0.966585	0	0	0	0	0	-302.827	-270.848	133.673	-26.3409	515.658	544.535	-302.813	-287.655	-270.7	133.673	54.0633	-26.8288	515.658	534.866	544.54	5.61285	9	0	90.379	-39.1665	45.0589	-418.756	40.4835	-20.2567	395.219	
13193	11570	143.566	392.583	140.383	-99999	-48.64	-0.697746	1	0	0	0	0	-184.951	-157.519	131.824	50.2518	-152.087	-43.0268	-200.604	-191.959	-172.75	134.037	86.6216	50.2518	-154.325	-101.296	-43.0268	7.1565	6	0	81.6244	-48.6427	39.8262	-538.485	-48.6427	39.8262	-538.485	
13193	6386	236.078	576.562	235.859	-99999	70.996	-0.916349	1	1	1	1	1	-130.516	-221.982	133.558	-75.4305	-554.081	-502.867	-119.36	-171.383	-210.904	133.558	30.3592	-75.6265	-554.081	-531.233	-502.867	4.35377	6	0	65.3631	71.0203	1.45717	-533.687	71.0203	1.45717	-533.687	
13193	7712	259.009	710.39	256.485	-99999	-3.677	-0.849339	1	1	1	1	1	-158.592	-249.19	129.573	-77.0894	14.4096	132.522	-158.21	-201.707	-249.527	130.47	19.2326	-78.3215	14.0001	63.8434	133.227	5.24996	17	0	85.2824	-3.64894	-10.5024	78.9894	-3.64894	-10.5024	78.9894	
13193	4778	183.143	483.357	182.785	-99999	44.504	-0.695346	1	1	1	1	0	-306.932	-329.065	134.134	7.71857	-264.504	-135.056	-306.983	-322.206	-329.208	134.134	71.6203	7.49853	-264.504	-199.416	-134.799	24.3681	19	0	107.821	44.5317	28.0118	-174.509	44.5317	28.0118	-174.509	
13193	5258	36.0412	149.443	34.8563	-99999	70.176	-0.830572	0	0	0	0	0	-176.696	-189.321	133.566	102.96	-8.83053	-11.164	-154.27	-164.472	-167.346	134.301	119.778	102.96	-8.82291	-9.7655	-11.164	17.1213	13	0	108.363	70.2023	39.6792	-17.7728	70.2023	39.6792	-17.7728	
13181	27801	189.293	483.97	187.246	-99999	59.791	-0.949195	1	1	1	1	0	-356.053	-335.418	134.507	-47.6473	-362.376	-325.923	-356.323	-344.359	-335.406	135.451	43.4303	-48.6691	-362.643	-344.196	-325.78	8.45835	15	0	117.356	59.8016	3.04307	-338.571	59.8016	3.04307	-338.571	
13209	18187	74.1346	265.693	73.9117	-99999	42.528	-0.764629	1	1	1	1	1	-224.985	-269.533	128.391	72.0902	375.652	393.163	-225.034	-247.467	-269.695	128.391	100.251	71.9041	375.652	384.518	393.203	7.64466	9	0	108.031	42.5477	-11.6058	457.218	42.5477	-11.6058	457.218	
13209	19518	254.509	1078.04	242.219	14.1348	14.877	-0.467769	1	1	1	1	1	-358.561	-160.498	55.4528	-54.5011	589.407	504.345	-359.256	-255.242	-151.005	55.8495	-3.32407	-57.1636	589.693	546.433	498.58	5.75776	8	0	124.685	14.8965	-37.3014	514.394	14.8965	-37.3014	514.394	
13209	19520	318.975	1333.7	318.955	-99999	23.994	-0.941799	1	1	1	1	1	-160.883	-189.975	133.513	-165.341	424.843	317.557	-153.369	-168.098	-182.461	133.513	-15.9702	-165.341	424.843	371.376	317.557	5.43933	14	0	306.344	24.0081	-32.7235	359.333	24.0081	-32.7235	359.333	
13209	22880	205.75	540.828	205.713	-99999	87.818	-0.967473	1	1	1	1	1	-308.723	-305.814	131.783	-67.1485	-448.167	-398.141	-308.824	-305.291	-305.915	131.801	32.3363	-67.1485	-448.172	-423.118	-398.141	6.99666	11	0	106.395	87.8402	-8.84243	-407.403	87.8402	-8.84243	-407.403	
13209	48237	200.216	806.379	195.799	82.6506	84.477	-0.482124	1	1	1	1	1	-102.028	-238.113	132.16	32.313	171.708	72.6027	-102.028	-171.511	-241.224	132.16	80.5216	30.3078	171.708	121.463	70.2013	36.0803	6	0	320.647	83.1933	-13.7284	101.633	83.1933	-13.7284	101.633	
13209	49437	315.822	765.661	315.682	51.3429	48.497	-0.913726	1	1	1	1	1	-135.477	-273.901	133.11	-141.656	806.865	865.35	-135.438	-190.179	-273.901	133.232	-10.4338	-141.656	806.827	842.074	865.35	6.69022	9	0	76.5595	49.5361	-24.0233	802.776	49.5361	-24.0233	802.776	
13209	52797	210.06	546.434	208.6	-99999	-6.192	-0.991957	1	1	1	1	1	-247.895	-216.494	131.903	-72.3518	-844.538	-824.481	-248.028	-231.723	-216.487	133.343	29.814	-72.3518	-844.631	-839.243	-824.481	5.80472	9	0	90.6394	-6.15903	-5.14319	-785.901	-6.15903	-5.14319	-785.901	
13209	17312	335.818	568.199	189.661	18.4953	19.868	-0.949774	1	1	1	1	1	-186.886	-241.13	132.838	-44.0708	-114.306	-73.1227	-186.886	-235.012	-284.227	132.838	-23.7578	-180.108	-114.306	-78.0186	-41.7412	15.1252	10	0	157.252	19.9042	-35.7741	-71.7634	19.9042	-35.7741	-71.7634	
13209	28055	63.4727	1208.9	63.467	-99999	97.479	-0.9534	1	1	1	1	1	-223.852	-240.695	133.208	73.7657	846.488	832.229	-193.327	-201.818	-210.17	133.208	103.663	73.7657	846.488	838.675	832.229	18.9582	6	0	457.455	97.4988	-16.7857	768.503	97.4988	-16.7857	768.503	
13209	28244	201.764	525.13	201.344	-99999	40.109	-0.869514	1	1	1	1	0	-316.421	-238.568	132.935	-32.5164	-806.682	-728.884	-316.629	-280.117	-238.614	133.297	45.0177	-32.5164	-806.809	-774.503	-728.884	5.45458	12	0	120.744	40.1267	11.1996	-750.411	40.1267	11.1996	-750.411	
13209	26635	124.721	380.651	124.714	-99999	55.643	-0.694246	1	1	1	1	0	-150.356	-198.677	133.139	42.2029	-586.285	-654.768	-132.932	-160.433	-181.252	133.139	89.5969	42.2029	-586.285	-621.371	-654.768	7.68055	8	0	105.18	55.6623	30.5851	-626.008	55.6623	30.5851	-626.008	
13209	24714	166.368	804.045	164.504	-99999	-3.906	-0.824518	1	1	1	1	1	-154.191	-228.939	129.674	-0.928262	136.754	202.575	-153.819	-191.296	-229.282	130.36	62.8359	-1.73767	136.463	167.33	203.101	4.39821	17	0	81.5711	-3.87659	6.16409	178.064	-3.87659	6.16409	178.064	
13209	27114	319.074	785.24	317.061	33.2706	31.624	-0.838911	1	1	1	1	1	-254.963	-102.856	131.642	-140.607	639.488	688.507	-254.963	-173.97	-101.879	131.642	-2.67982	-142.354	639.488	667.963	688.669	4.75831	6	0	75.8087	31.6623	-38.0812	661.516	31.6623	-38.0812	661.516	
13209	24366	306.946	765.08	306.427	84.0962	81.548	-0.937478	1	1	1	1	1	-204.328	-308.316	129.828	-149.714	-152.117	-91.0463	-204.328	-245.834	-308.665	129.828	-13.0258	-150.073	-152.117	-115.076	-90.9471	6.54821	9	0	80.6761	81.5797	-39.8112	-107.308	81.5797	-39.8112	-107.308	
13209	28206	129.387	312.575	129.373	-99999	-12.885	-0.478665	1	1	1	1	0	-356.485	-293.331	79.0486	19.6938	160.272	255.741	-356.47	-322.888	-293.31	79.0486	49.7326	19.691	160.272	207.016	255.749	5.20706	13	0	80.2494	-12.8776	39.2208	-5.01171	-12.8776	39.2208	-5.01171	
13209	26556	147.418	1163.52	142.794	-409.313	28.588	-0.834133	0	0	0	0	0	-263.417	-196.766	30.4884	-75.2878	894.285	827.075	-263.871	-234.676	-194.824	31.5156	-26.9347	-77.3855	894.779	860.913	825.248	4.08397	13	0	75.4649	-999999	-999999	-999999	-999999	-999999	-999999	
13209	97817	152.918	467.133	151.615	-99999	-31.375	-0.997102	1	1	1	1	1	-219.482	-240.415	129.348	-13.3295	7.78047	38.6474	-219.375	-227.22	-240.379	130.597	55.1729	-13.3295	7.74259	16.2518	38.6474	42.9791	8	0	141.085	-31.3604	-1.18803	20.3173	-31.3604	-1.18803	20.3173	
13209	27421	335.201	758.964	334.324	-39.7722	-44.496	-0.865484	1	1	1	1	1	-326.364	-157.721	133.167	-154.003	170.21	187.676	-326.721	-238.77	-157.67	133.806	-8.7041	-154.131	170.24	174.594	187.675	4.03529	7	0	70.0008	-44.4778	-12.3218	181.123	-44.4778	-12.3218	181.123	
13209	2660	170.6	272.885	165.02	-99999	69.889	-0.85657	1	0	0	0	0	-105.871	-98.9202	126.035	-16.8384	308.035	229.402	-83.8683	-86.5204	-77.0349	129.986	56.6325	-16.8384	310.434	267.076	229.402	5.80221	11	0	68.9615	69.9097	42.9873	652.746	69.9097	42.9873	652.746	
13209	32785	252.736	616.698	251.574	-99999	109.489	-0.994402	0	0	0	0	0	-257.178	-282.785	131.345	-117.268	572.966	582.06	-257.279	-268.672	-283.213	131.581	6.09247	-118.077	572.956	575.003	582.271	5.03081	10	0	75.013	80.6757	-43.7767	-659.446	80.6757	-43.7767	-659.446	
13209	33265	66.6517	163.12	66.1984	-99999	34.423	-0.462886	1	0	0	0	0	-99.5459	-72.0237	133.584	101.723	-592.247	-541.176	-89.004	-74.9744	-61.2443	133.789	117.728	101.723	-592.573	-566.981	-541.176	4.76523	7	0	51.1285	39.3002	-98.4895	-637.49	39.3002	-98.4895	-637.49	
13209	51982	26.7694	57.1246	25.9397	-99999	51.482	-0.947885	1	0	0	0	0	-82.887	-77.4167	129.76	104.884	797.776	802.654	-66.8987	-64.038	-61.2442	130.321	117.545	104.656	797.636	800.411	802.687	4.49611	6	0	42.2177	51.5008	61.7042	815.541	51.5008	61.7042	815.541	
13209	32794	44.6298	120.085	41.7793	-99999	6.608	-0.882096	0	0	0	0	0	-98.938	-77.5925	132.167	96.4403	-517.823	-515.493	-97.5723	-87.3253	-74.8269	133.497	113.751	95.3022	-517.982	-516.476	-515.438	4.67435	6	0	68.0319	6.63894	57.6987	-540.641	6.63894	57.6987	-540.641	
13209	34834	218.982	576.022	218.205	-99999	110.79	-0.83497	0	0	0	0	0	-182.814	-95.8271	133.528	-61.0369	-775.2	-728.508	-148.365	-104.711	-61.0214	133.902	36.3374	-61.3216	-775.319	-751.706	-728.452	5.64397	7	0	60.7817	12.9821	60.377	651.573	12.9821	60.377	651.573	
13209	32265	171.253	462.123	170.16	112.071	110.109	-0.919831	0	0	0	0	0	-246.826	-172.667	131.874	-19.1145	638.826	658.337	-246.997	-212.093	-172.376	132.292	54.523	-19.6774	638.787	646.433	658.293	5.32968	8	0	79.0042	-999999	-999999	-999999	-999999	-999999	-999999	
13209	34065	106.641	242.945	104.887	-99999	18.168	-0.90352	1	1	0	0	0	-143.709	-129.063	132.486	33.7292	-865.407	-837.707	-138.37	-125.462	-123.533	133.372	83.4577	33.1406	-865.658	-852.33	-837.59	4.21254	6	0	71.3461	18.1957	32.2926	-811.806	18.1957	32.2926	-811.806	
13209	32363	144.106	448.78	138.659	-99999	-13.119	-0.964769	1	1	1	1	1	-161.149	-185.627	128.158	-7.1941	-784.557	-790.543	-164.639	-176.15	-189.616	131.015	59.9815	-9.4603	-785.012	-782.448	-791.498	8.76602	14	0	159.512	-13.099	11.9083	-764.717	-13.099	11.9083	-764.717	
13209	34643	440.612	1054.73	440.3	-99999	30.892	-0.423932	0	0	0	0	0	-299.105	-345.392	132.807	-51.9217	66.371	447.992	-299.14	-340.684	-345.427	132.807	31.3562	-51.9217	66.371	257.391	447.992	15.3404	13	0	82.8494	-999999	-999999	-999999	-999999	-999999	-999999	
13209	35963	317.64	812.883	316.483	101.907	98.348	-0.955433	1	1	1	1	1	-256.781	-164.506	131.871	-167.692	-545.813	-511.867	-257.074	-211.756	-164.506	132.967	-17.9652	-167.692	-545.965	-526.671	-511.867	4.999	7	0	85.5736	98.3732	-27.394	-525.982	98.3732	-27.394	-525.982	
13209	16500	340.164	952.827	336.777	-31.3395	-33.34	-0.703504	1	1	1	1	1	-265.892	-76.3248	130.899	-108.779	-641.48	-779.513	-267.53	-172.292	-76.1964	132.995	16.4293	-109.148	-640.127	-719.178	-779.596	5.43794	9	0	79.2736	-33.3195	-18.6128	-442.598	-33.3195	-18.6128	-442.598	
13209	38914	311.272	744.989	311.269	-99999	-33.523	-0.91015	1	1	1	1	1	-229.358	-266.236	132.55	-147.041	579.636	707.691	-229.32	-257.245	-266.198	132.55	-8.19747	-147.041	579.636	638.888	707.691	7.60085	12	0	72.1256	-33.4881	-28.1357	647.726	-33.4881	-28.1357	647.726	
13209	47641	153.836	373.114	150.865	32.198	28.836	-0.752308	1	1	1	1	1	-217.35	-110.982	131.873	32.1471	-339.218	-375.463	-219.135	-169.185	-110.982	134.107	79.4344	32.1471	-338.43	-359.066	-375.463	4.63512	6	0	65.1438	28.8635	23.195	-388.016	28.8635	23.195	-388.016	
13209	15924	404.534	887.418	382.277	-99999	-15.796	-0.753143	1	1	1	1	1	-109.045	-77.5347	133.393	-160.368	-64.2611	-306.598	-113.995	-95.925	-79.5322	133.41	-22.9136	-175.332	-64.2467	-191.198	-322.635	4.39556	11	0	49.6814	-15.7662	-27.2045	-197.025	-15.7662	-27.2045	-197.025	
13209	42163	50.2056	122.781	48.7353	-99999	44.84	-0.874229	1	1	1	1	1	-193.561	-218.183	131.505	89.4675	-366.755	-365.862	-186.039	-198.731	-211.358	132.38	110.739	89.0503	-366.808	-366.067	-365.864	4.76107	8	0	53.1845	44.859	-48.806	-370.451	44.859	-48.806	-370.451	
13209	47654	237.344	554.164	234.522	-42.0649	-44.314	-0.804951	1	1	1	1	1	-238.906	-102.019	133.105	-43.2178	-607.899	-677.863	-238.906	-171.076	-100.465	133.105	43.3454	-45.5291	-607.899	-645.254	-678.146	5.10849	8	0	77.9022	-44.2812	-11.5177	-664.123	-44.2812	-11.5177	-664.123	
13209	45865	250.08	593.4	247.927	-99999	-8.008	-0.908646	1	1	1	1	1	-246.122	-322.743	132.704	-93.5584	106.584	168.934	-245.772	-291.379	-323.236	133.575	21.5049	-94.6071	106.385	136.536	169.196	5.76265	10	0	69.9424	-7.98944	-13.7878	150.098	-7.98944	-13.7878	150.098	
13209	46705	303.44	752.91	301.563	-36.6585	-38.578	-0.961176	1	1	1	1	1	-236.06	-199.994	130.851	-157.342	-232.73	-311.061	-236.195	-215.324	-199.949	132.266	-13.6416	-157.706	-232.357	-267.701	-311.182	5.99937	11	0	83.9702	-29.8752	-54.9841	194.622	-29.8752	-54.9841	194.622	
13209	22241	326.991	778.797	324.269	10.3641	7.571	-0.925867	1	1	1	1	1	-312.314	-188.675	131.966	-165.433	-174.378	-147.612	-313.026	-250.836	-188.301	133.787	-15.8728	-166.057	-174.134	-154.104	-147.758	6.35773	9	0	85.7947	7.59501	-14.7875	-159.927	7.59501	-14.7875	-159.927	
13209	102463	163.589	452.712	163.382	-99999	54.117	-0.97917	1	1	1	1	0	-324.831	-338.128	131.162	-30.8054	525.903	531.877	-324.879	-334.888	-338.186	131.26	50.4565	-30.8961	525.889	532.978	531.88	10.457	8	0	115.31	54.1277	-4.84951	537.421	54.1277	-4.84951	537.421	
13209	104143	225.059	571.266	221.05	-99999	22.313	-0.947179	1	1	1	1	1	-217.468	-277.737	131.092	-74.4131	-171.528	-118.289	-217.257	-246.997	-278.772	132.172	27.6725	-77.0887	-171.809	-142.811	-118.34	4.39357	8	0	80.4716	22.328	-21.7589	-130.771	22.328	-21.7589	-130.771	
13209	23907	125.86	324.806	125.141	-99999	113.378	-0.961285	0	0	0	0	0	-173.542	-141.706	129.755	11.6361	227.707	252.151	-138.115	-123.256	-106.048	130.054	69.6821	11.2631	227.669	237.023	252.188	7.58222	6	0	75.628	-45.509	58.5798	765.382	-45.509	58.5798	765.382	
13209	24511	206.62	553.575	206.289	-99999	23.331	-0.881559	1	1	0	0	0	-344.52	-292.793	133.398	-52.6343	795.565	865.533	-344.607	-319.947	-292.784	133.621	42.4526	-52.7005	795.462	836.968	865.539	21.1702	7	0	111.716	23.3539	22.6335	813.603	23.3539	22.6335	813.603	
13209	28204	98.1733	301.697	96.1858	-99999	106.793	-0.610309	0	0	0	0	0	-239.695	-314.048	132.227	72.2393	238.727	249.794	-239.653	-277.643	-315.504	132.352	101.844	71.0676	238.697	244.623	249.867	4.574	6	0	47.9472	-999999	-999999	-999999	-999999	-999999	-999999	
13209	103352	46.2786	152.623	44.0548	-99999	66.069	-0.938416	0	0	0	0	0	-92.6259	-83.7702	129.721	88.8286	290.095	280.398	-72.1026	-68.7699	-62.8597	130.383	109.222	87.7548	290.265	283.354	280.088	8.71678	12	0	95.3564	66.0969	50.0717	268.605	66.0969	50.0717	268.605	
13209	29550	242.527	4087.95	241.337	38.3758	38.971	-0.473375	1	1	1	1	1	-61.8692	-250.195	11.3489	-110.195	-51.163	37.8038	-60.917	-156.338	-250.195	11.8974	-49.1699	-110.195	-51.5773	-8.34329	37.8038	5.13301	14	0	3117.99	38.9426	-56.8078	24.5409	38.9426	-56.8078	24.5409	
13209	25148	75.3619	315.217	75.3594	-99999	84.129	-0.618995	0	0	0	0	0	-228.933	-263.789	109.853	68.1166	-892.801	-841.904	-229.029	-245.613	-263.885	109.853	85.2812	68.1166	-892.801	-869.589	-841.904	17.2971	14	0	167.961	87.109	-31.5054	-795.29	87.109	-31.5054	-795.29	
13209	3041	214.961	559.766	213.58	-99999	81.722	-0.282421	1	1	1	1	1	-197.321	-346.098	127.789	54.119	178.953	44.6317	-209.802	-284.671	-359.572	127.929	91.5357	53.8194	179.277	111.324	44.1051	5.75587	8	0	51.0158	81.7546	33.296	88.3013	81.7546	33.296	88.3013	
13209	5921	264.403	646.912	262.905	-99999	110.062	-0.481803	0	0	0	0	0	-241.388	-95.7509	132.293	16.7873	-282.654	-96.749	-206.923	-133.771	-60.4513	132.293	74.3638	16.1034	-282.654	-189.021	-95.7118	4.698	6	0	53.3851	25.5421	-22.6432	-96.3054	25.5421	-22.6432	-96.3054	
13209	103967	90.7003	228.299	90.6661	-99999	49.4	-0.367286	1	1	0	0	0	-343.695	-266.475	133.828	105.763	249.958	287.63	-343.752	-305.565	-266.532	133.828	118.031	105.763	249.958	268.585	287.63	5.61012	6	0	70.2672	49.407	40.3796	260.308	49.407	40.3796	260.308	
13209	26947	79.6005	54611.4	79.4803	-99999	64.272	-0.755245	1	1	1	1	1	-334.402	-313.977	132.512	62.7326	522.334	514.552	-334.475	-322.553	-314.051	132.512	97.1642	62.7326	522.334	516.083	514.552	6.14382	12	0	53159.4	64.2754	3.39903	507.69	64.2754	3.39903	507.69	
13209	32715	323.489	805.361	322.133	-99999	105.766	-0.903102	0	0	0	0	0	-339.102	-227.713	133.11	-153.675	421.385	514.032	-322.854	-268.3	-211.065	133.851	-9.6061	-154.185	421.146	471.858	514.085	5.53934	10	0	92.1783	-999999	-999999	-999999	-999999	-999999	-999999	
13209	35718	348.222	875.768	345.681	-99999	89.063	-0.601271	1	1	1	1	1	-235.187	-89.2532	131.845	-46.4109	-188.867	68.7927	-208.115	-135.086	-61.0391	132.959	42.4516	-46.7221	-190.081	-60.5537	69.322	4.00935	7	0	60.4058	89.1042	-32.6909	-21.9918	89.1042	-32.6909	-21.9918	
13209	14386	22.7397	54.6346	21.8112	-99999	62.998	-0.662753	1	1	1	0	0	-84.6168	-81.0092	129.794	115.658	392.501	408.713	-64.9514	-63.033	-61.2014	130.035	122.582	115.305	392.237	400.607	409.147	4.8549	7	0	48.9427	63.0148	67.7544	432.182	63.0148	67.7544	432.182	
13209	35481	218.617	585.115	217.938	96.0466	94.997	-0.503417	1	1	1	1	1	-262.373	-135.98	132.742	31.7141	563.901	419.885	-262.373	-196.942	-135.845	132.742	79.0581	31.2172	563.901	494.809	419.453	7.20893	18	0	82.5764	95.0163	15.6089	464.1	95.0163	15.6089	464.1	
13209	34196	381.948	1204.1	375.873	-99999	84.917	-0.728526	1	1	1	1	1	-84.4559	-223.234	129.691	-141.556	593.214	373.176	-69.5532	-140.082	-210.502	133.092	-4.41009	-142.5	596.009	483.829	372.34	4.12371	13	0	71.0922	84.9448	-3.363	485.821	84.9448	-3.363	485.821	
13209	32059	102.098	293.675	101.608	-99999	-38.413	-0.785526	1	1	1	1	1	-268.68	-215.911	132.551	55.1648	760.829	800.031	-262.875	-236.257	-209.875	132.936	94.3079	55.1648	760.637	780.752	800.031	9.66378	17	0	87.8955	-38.3789	-39.4551	793.412	-38.3789	-39.4551	793.412	
13209	34219	208.447	658.946	208.374	-99999	61.557	-0.642371	1	1	1	1	1	-70.9636	-220.998	95.0166	-33.8913	-17.753	-83.1442	-61.2428	-135.642	-211.325	95.0618	30.1082	-33.8913	-17.7296	-50.9944	-83.1442	4.28217	9	0	47.2547	61.5956	16.4508	-59.7207	61.5956	16.4508	-59.7207	
13209	34339	92.6746	353.206	92.6064	-99999	63.907	-0.290873	1	1	0	0	0	-104.061	-81.2118	-169.688	-139.725	-885.199	-800.621	-61.1806	-72.5359	-84.0494	-139.706	-154.944	-169.688	-800.558	-842.812	-885.199	36.1511	293	0	353.206	63.8548	-86.6398	-750.419	63.8548	-86.6398	-750.419	
13209	33707	154.792	620.79	154.512	-99999	5.394	-0.58816	1	1	1	1	1	-220.949	-297.295	131.96	41.1114	-38.4414	60.4068	-220.817	-259.029	-297.301	132.124	86.244	41.1114	-38.6204	10.5704	60.4068	13.9556	12	0	135.728	5.42768	1.32805	94.2413	5.42768	1.32805	94.2413	
13209	34003	238.186	1258.98	235.059	-99999	25.432	-0.873228	1	1	1	1	1	-166.223	-179.443	128.245	-62.1339	211.399	343.625	-158.161	-164.243	-171.482	130.674	28.5941	-62.3047	210.048	271.056	343.852	73.4248	6	0	771.651	25.4533	-9.47725	398.165	25.4533	-9.47725	398.165	
13209	37595	252.171	609.314	247.754	87.2854	85.24	-0.822677	1	1	1	1	1	-170.097	-320.607	132.908	-62.3206	-795.794	-807.492	-170.097	-249.08	-323.198	132.908	35.2713	-65.8916	-795.794	-805.744	-807.474	5.38909	7	0	74.1039	85.2687	-12.6474	-777.841	85.2687	-12.6474	-777.841	
13209	41534	309.291	887.347	308.799	189.205	-36.6	-0.787005	0	0	0	0	0	-202.671	-267.192	133.03	-85.2038	-785.643	-586.859	-202.671	-207.89	-267.192	133.03	18.1036	-85.2038	-785.643	-684.966	-586.859	5.43572	13	0	91.6077	-44.291	-14.8782	-743.062	-44.291	-14.8782	-743.062	
13209	39597	22.2367	24.3483	14.9779	-99999	-37.701	-0.933556	1	1	1	1	1	-198.408	-195.631	125.238	111.385	-724.573	-722.408	-210.214	-209.227	-204.625	125.238	114.542	104.783	-724.573	-722.021	-722.056	5.14349	13	0	24.3483	-37.6814	-27.4684	-697.284	-37.6814	-27.4684	-697.284	
13209	41000	93.6013	223.603	92.3915	-99999	100.628	-0.966425	1	1	1	0	0	-293.803	-280.799	132.524	45.9752	-800.755	-774.129	-294.06	-285.052	-280.914	133.69	88.9746	45.9752	-801.023	-790.654	-774.129	4.32924	8	0	52.2842	100.636	24.7442	-758.203	100.636	24.7442	-758.203	
13209	36718	237.088	568.838	236.097	-99999	89.83	-0.810184	1	1	1	1	1	-114.101	-156.169	133.245	-43.9672	-264.905	-116.083	-85.8972	-107.068	-128.051	133.913	41.173	-44.0786	-265.378	-194.835	-115.966	5.46541	6	0	81.0822	89.8634	12.4504	-182.792	89.8634	12.4504	-182.792	
13209	37318	114.332	317.74	112.952	-99999	3.06	-0.872569	1	1	1	0	0	-328.84	-273.576	133.178	37.057	-291.408	-273.986	-329.149	-301.105	-273.227	133.738	84.2112	36.4318	-291.473	-286.497	-273.828	4.65055	10	0	104.431	3.08895	22.0838	-276.783	3.08895	22.0838	-276.783	
13209	29778	161.746	428.71	161.745	-99999	39.888	-0.71277	1	1	1	1	1	-286.585	-203.908	133.096	20.0471	322.905	403.782	-292.853	-251.355	-210.176	133.096	76.7731	20.0471	322.905	363.455	403.782	8.7005	11	0	59.9107	39.9287	-42.3444	445.377	39.9287	-42.3444	445.377	
13209	27823	141.73	411.17	141.328	-99999	40.605	-0.483464	1	1	1	1	1	-178.161	-216.934	131.881	61.7628	441.177	557.545	-171.68	-191.418	-210.556	132.056	97.1167	61.7446	440.87	499.274	557.571	8.15229	8	0	67.4753	40.6609	-32.8941	687.5	40.6609	-32.8941	687.5	
13209	48647	201.197	494.919	201.061	-99999	-41.97	-0.860109	0	0	0	0	0	-107.163	-175.538	134.011	-45.2679	-819.764	-769.677	-120.306	-151.269	-188.743	134.011	45.7747	-45.3816	-819.764	-782.973	-769.69	4.32219	7	0	84.704	-5.46343	-97.309	176.652	-5.46343	-97.309	176.652	
13209	25208	141.875	419.801	141.869	-99999	106.282	-0.753	0	0	0	0	0	-218.3	-233.734	132.55	22.3651	506.258	593.43	-218.422	-227.956	-233.856	132.55	78.8236	22.3651	506.258	551.563	593.43	6.31833	8	0	91.4791	95.0811	-20.575	134.321	95.0811	-20.575	134.321	
13209	26672	288.368	714.199	287.768	-99999	-45.507	-0.946483	1	1	1	1	1	-291.27	-219.224	132.145	-138.792	-293.543	-231.269	-291.365	-258.61	-219.172	132.709	-3.25092	-138.792	-293.668	-258.798	-231.269	5.48786	12	0	78.9183	-45.489	-20.0565	-255.324	-45.489	-20.0565	-255.324	
13209	29432	262.755	642.666	257.228	-99999	85.796	-0.991995	1	1	1	0	0	-325.332	-304.117	130.989	-121.989	830.992	853.834	-325.8	-311.007	-304.856	133.95	3.64787	-124.419	830.939	835.535	853.903	4.92537	10	0	68.6128	85.8167	-7.81217	810.866	85.8167	-7.81217	810.866	
13209	26793	68.0621	151.282	68.0144	-99999	73.603	-0.357712	1	1	1	1	1	-93.1612	-83.8548	130.081	95.7423	3.03671	-54.6968	-70.1125	-65.5597	-60.8064	130.083	112.426	95.7423	3.04501	-25.5993	-54.6968	5.22358	15	0	64.0484	73.6322	24.1155	-132.925	73.6322	24.1155	-132.925	
13209	19456	209.196	542.544	209.178	-99999	-32.361	-0.974467	1	1	1	1	1	-237.117	-233.454	132.857	-70.7413	247.704	292.6	-237.08	-240.045	-233.417	132.857	31.0139	-70.7413	247.704	270.792	292.6	6.72037	10	0	83.7932	-32.3386	-13.3116	281.502	-32.3386	-13.3116	281.502	
13209	13680	300.768	725.755	299.784	-23.9075	-23.849	-0.940664	1	1	1	1	1	-88.8242	-215.838	132.98	-135.993	79.5788	58.7102	-88.7331	-147.534	-216.274	133.263	-4.9541	-136.508	79.5896	73.7142	58.7646	5.88831	8	0	84.2557	-23.8371	-15.3286	67.0284	-23.8371	-15.3286	67.0284	
13209	14760	336.262	752.359	326.666	-338.593	-9.753	-0.638337	0	0	0	0	0	-90.2863	-287.954	131.652	-80.1902	-411.148	-264.171	-88.8343	-195.628	-291.145	133.164	30.1	-86.6427	-412.248	-333.331	-263.897	4.30479	9	0	71.7619	-49.1399	5.59467	156.309	-49.1399	5.59467	156.309	
13209	28683	140.411	392.537	139.573	-99999	87.579	-0.916751	1	1	1	0	0	-306.406	-277.659	133.389	1.46738	411.211	443.996	-306.745	-287.527	-277.759	134.153	68.9892	1.46738	410.984	428.283	443.996	11.962	8	0	85.7343	87.6096	18.4093	427.061	87.6096	18.4093	427.061	
13209	25539	183.552	456.193	180.366	-99999	79.392	-0.529431	1	1	1	1	1	-73.9281	-223.699	129.447	30.299	92.9436	76.8111	-61.0269	-137.549	-213.368	129.729	79.7534	28.7714	93.001	84.7755	76.3788	7.20197	7	0	59.1342	79.423	-38.6431	72.6474	79.423	-38.6431	72.6474	
13209	24259	272.895	651.802	272.508	-35.3014	-36.845	-0.904694	1	1	1	1	1	-282.683	-124.282	133.089	-83.5992	148.454	143.72	-282.683	-216.907	-123.998	133.089	13.6476	-83.8357	148.454	148.212	143.633	4.63087	8	0	69.9413	-36.828	-22.7634	146.484	-36.828	-22.7634	146.484	
13209	35162	82.2298	215.032	82.0059	-99999	36.426	-0.919121	1	1	0	0	0	-95.8172	-73.2798	130.108	55.3128	428.328	403.393	-84.4107	-73.1502	-61.812	130.108	92.5918	55.1084	428.328	415.85	403.33	6.23182	11	0	64.8527	36.4442	48.9382	400.374	36.4442	48.9382	400.374	
13209	31693	188.532	526.764	188.215	-99999	91.137	-0.342215	1	1	1	1	0	-132.221	-89.8064	-156.651	-82.4968	-892.87	-725.188	-61.23	-82.236	-103.682	-82.3899	-119.079	-156.651	-724.893	-809.122	-892.87	10.333	601	0	526.764	91.0982	-109.225	-760.948	91.0982	-109.225	-760.948	
13209	31235	291.187	766.622	288.495	-99999	58.273	-0.873781	1	1	1	1	1	-213.984	-321.811	132.731	-124.421	-153.733	-86.5888	-214.049	-272.059	-322.259	132.735	4.68025	-126.928	-153.734	-115.935	-87.4473	4.68462	6	0	111.054	58.3007	-39.6814	-102.384	58.3007	-39.6814	-102.384	
13209	34820	117.07	293.693	114.738	-99999	56.005	-0.488306	1	1	1	0	0	-157.113	-83.2648	130.728	72.5598	625.661	559.988	-140.856	-102.729	-65.5135	131.679	102.648	72.3031	626.781	593.171	559.803	4.57652	12	0	74.1644	56.0308	57.5582	569.523	56.0308	57.5582	569.523	
13209	30354	255.073	588.818	255.064	-122.464	27.967	-0.318007	0	0	0	0	0	-173.633	-327.605	132.577	76.5855	-313.238	-506.533	-173.633	-246.782	-327.605	132.577	99.8697	76.5855	-313.238	-412.204	-506.533	5.20517	12	0	75.5686	25.2158	-87.5176	259.137	25.2158	-87.5176	259.137	
13209	30954	145.176	6411.33	139.551	-99999	44.741	-0.610455	1	1	1	1	1	-205.701	-100.79	132.363	53.1058	-297.365	-251.221	-192.258	-137.609	-83.8669	132.856	91.8832	49.3203	-297.65	-273.132	-251.578	5.51365	10	0	366.181	44.761	26.7776	-249.796	44.761	26.7776	-249.796	
13209	91090	105.847	288.839	105.75	30.9818	26.114	-0.833824	1	1	1	0	0	-265.431	-196.8	133.046	54.2597	128.126	114.613	-265.477	-233.501	-196.8	133.122	91.7958	54.2597	128.142	120.088	114.613	6.14315	6	0	71.043	26.138	17.6615	122.725	26.138	17.6615	122.725	
13209	30818	39.475	123.168	38.9969	-99999	3.168	-0.638592	0	0	0	0	0	-301.807	-326.746	130.868	102.22	425.281	430.22	-301.681	-315.665	-326.863	130.987	117.949	101.962	425.22	429.947	430.183	4.33953	7	0	73.8944	3.19034	64.7169	423.036	3.19034	64.7169	423.036	
13209	41144	270.431	1522.52	269.177	371.456	78.19	-0.706901	0	0	0	0	0	-156.135	-303.931	133.399	-38.6975	-5.98514	135.044	-155.907	-229.964	-304.439	133.688	39.6466	-39.2647	-6.15266	56.0592	135.395	5.98847	10	0	108.287	-999999	-999999	-999999	-999999	-999999	-999999	
13209	90177	61.2907	220.232	60.9607	-99999	58.823	-0.707416	1	1	0	0	0	-293.925	-287.043	133.143	91.0029	-570.235	-527.526	-293.992	-288.994	-287.111	133.143	112.527	90.8672	-570.235	-548.585	-527.319	8.89792	19	0	107.114	58.856	44.3538	-550.739	58.856	44.3538	-550.739	
13209	37609	334.507	1326.79	331.744	-24.1403	-25.89	-0.804376	1	1	1	1	1	-231.466	-168.922	132.45	-135.877	-457.936	-640.166	-231.56	-202.379	-168.599	133.124	0.131655	-137.704	-457.455	-554.331	-640.525	5.11662	28	0	553.511	-25.8615	-31.6351	-572.09	-25.8615	-31.6351	-572.09	
13209	38084	193.525	562.112	182.657	-99999	-32.607	-0.894269	1	1	1	1	1	-123.531	-185.446	132.292	-29.9831	-78.6889	-22.2247	-133.592	-166.626	-199.105	132.721	46.9355	-39.2313	-78.8418	-48.6756	-19.0967	8.17271	7	0	113.039	-32.58	-35.1741	-13.3943	-32.58	-35.1741	-13.3943	
13209	38935	110.993	959.062	110.985	73.3343	73.954	-0.732249	1	1	1	0	0	-256.457	-177.866	132.855	66.1715	-577.909	-614.326	-256.457	-222.473	-177.866	132.855	94.4022	66.1715	-577.909	-598.721	-614.326	5.89037	8	0	105.817	73.9788	25.6457	-599.743	73.9788	25.6457	-599.743	
13209	41661	210.229	516.193	208.973	52.7139	46.847	-0.832831	1	1	1	1	1	-306.699	-186.736	133.066	-35.156	-202.3	-230.528	-307.371	-244.525	-186.736	134.115	50.7917	-35.156	-202.189	-214.451	-230.528	5.22615	10	0	85.0237	46.8763	5.46005	-216.364	46.8763	5.46005	-216.364	
13209	40402	72.3387	173.782	69.9259	-99999	93.781	-0.414223	0	0	0	0	0	-275.912	-321.726	133.124	102.965	111.043	154.411	-274.902	-298.627	-322.328	133.809	118.211	102.631	110.025	132.429	154.871	5.8139	12	0	49.1745	90.4419	5.37526	-514.286	28.4619	-21.1922	-133.661	
13209	41639	257.275	935.466	257.271	-15.3842	-16.291	-0.709153	1	1	1	1	1	-89.7428	-220.031	131.524	-44.9072	510.268	643.286	-89.7428	-155.157	-220.031	131.524	39.6112	-44.9072	510.268	571.815	643.286	5.3209	12	0	109.664	-16.2555	13.1652	450.345	-16.2555	13.1652	450.345	
13209	42119	224.49	589.795	221.095	-99999	21.039	-0.687038	1	1	1	1	1	-320.806	-256.673	-79.9735	52.9659	-894.315	-729.75	-255.874	-288.501	-320.986	54.9253	-13.2102	-80.3031	-727.872	-810.827	-894.727	4.24273	246	0	589.795	21.0685	-21.221	-759.079	21.0685	-21.221	-759.079	
13209	39799	131.981	315.905	131.947	-99999	-22.968	-0.835362	1	1	1	1	0	-354.896	-308.72	57.9693	-56.6796	436.89	481.941	-354.881	-331.614	-308.694	57.9953	0.899628	-56.6796	436.877	460.171	481.941	4.30027	15	0	73.4601	-22.9622	26.1808	310.035	-22.9622	26.1808	310.035	
13209	30649	232.262	546.583	227.983	-99999	-43.193	-0.701782	1	1	1	1	1	-236.64	-264.449	131.92	-32.5874	-144.818	9.38588	-236.366	-253.166	-265.186	132.742	46.4522	-34.4274	-145.623	-69.9162	11.7508	6.17379	14	0	59.8071	-43.1594	-4.26096	-42.4818	-43.1594	-4.26096	-42.4818	
13209	34249	137.33	370.82	136.332	-99999	63.615	-0.466123	1	1	1	0	0	-288.653	-295.253	125.605	11.5204	767.69	826.565	-288.726	-287.114	-295.51	125.677	72.1687	10.8362	767.535	805.191	826.772	7.53528	10	0	94.3204	63.6444	23.2532	786.168	63.6444	23.2532	786.168	
13209	30196	277.62	704.142	275.905	-18.5615	-18.71	-0.879363	1	1	1	1	1	-163.539	-249.311	132.559	-109.33	-533.845	-632.225	-163.374	-205.781	-249.532	133.082	11.7661	-110.387	-533.616	-585.825	-632.484	6.64149	6	0	80.3843	-18.6767	-17.924	-589.153	-18.6767	-17.924	-589.153	
13209	51028	121.167	333.017	120.999	-99999	93.998	-0.581075	1	1	1	1	0	-216.881	-274.516	132	64.0828	470.028	551.501	-216.906	-244.373	-274.623	132.096	96.3101	64.0828	469.918	510.336	551.501	4.32353	14	0	82.0134	94.029	25.4146	539.311	94.029	25.4146	539.311	
13209	51388	225.819	993.725	224.014	25.7005	23.972	-0.782879	1	1	1	1	1	-251.74	-155.069	131.421	-31.3711	-350.907	-468.746	-252.254	-209.294	-154.933	132.612	44.3804	-31.5637	-350.118	-405.834	-468.903	12.6529	13	0	85.873	24.0074	-8.80481	-430.69	24.0074	-8.80481	-430.69	
13209	23796	299.016	839.604	290.605	-99999	42.634	-0.993632	1	1	1	1	1	-293.733	-295.3	133.814	-126.874	256.926	286.895	-293.782	-294.309	-295.349	133.814	13.7127	-126.874	256.926	263.402	286.895	4.02679	8	0	62.8517	42.6619	-24.4932	257.495	42.6619	-24.4932	257.495	
13209	31408	26.1307	86.4194	25.9849	-99999	80.123	-0.904828	1	1	1	1	1	-212.125	-223.224	132.214	108.82	155.53	153.615	-199.534	-205.318	-210.676	132.214	120.535	108.684	155.53	154.63	153.601	4.55054	6	0	67.6951	80.1387	-32.6632	145.019	80.1387	-32.6632	145.019	
13209	23803	322.343	751.43	321.755	-15.9587	-19.007	-0.890043	1	1	1	1	1	-115.792	-249.538	133.064	-155.447	-319.911	-280.313	-115.728	-189.97	-249.811	133.189	-8.99423	-155.776	-319.92	-304.517	-280.247	5.80743	7	0	81.8781	-18.9747	-17.9527	-301.954	-18.9747	-17.9527	-301.954	
13209	30199	238.321	536.442	236.648	-99999	90.872	-0.799407	1	1	1	1	1	-329.848	-334	132.438	-57.2374	-444.371	-312.679	-330.032	-322.695	-334.104	133.541	39.2069	-57.2374	-445.182	-373.507	-312.679	5.82607	13	0	80.9356	90.8936	-9.40493	-347.663	90.8936	-9.40493	-347.663	
13209	32839	326.105	826.053	324.613	13.3371	11.395	-0.758503	1	1	1	1	1	-193.819	-334.982	132.175	-120.23	-625.149	-481.905	-193.729	-264.597	-335.445	132.356	11.3264	-121.372	-625.277	-542.304	-481.72	5.66955	11	0	84.7235	11.4263	-40.2685	-512.539	11.4263	-40.2685	-512.539	
13209	31370	332.964	770.267	332.154	-99999	15.532	-0.906774	1	1	1	1	1	-220.807	-283.972	131.355	-156.202	363.708	510.032	-220.686	-248.711	-283.99	132.085	-19.7271	-156.202	363.394	425.497	510.032	4.41737	15	0	67.5933	15.5523	-35.4434	439.112	15.5523	-35.4434	439.112	
13209	30301	196.057	379.948	194.364	-979.971	30.732	-0.691017	1	1	1	1	1	-236.705	-177.928	132.496	3.96172	-43.7905	-176.035	-236.836	-208.146	-177.517	132.858	66.8594	2.96616	-43.4374	-109.954	-176.48	4.90391	13	0	67.4304	30.7679	-23.1536	305.519	30.7679	-23.1536	305.519	
13209	33302	271.79	750.053	270.755	-99999	-9.981	-0.884691	1	1	1	1	1	-182.381	-297.469	130.354	-102.059	561.939	636.541	-182.333	-241.516	-297.772	130.449	12.8146	-102.885	561.912	593.848	636.592	8.54293	10	0	167.541	-9.95161	-30.4682	610.805	-9.95161	-30.4682	610.805	
13209	38993	315.474	732.218	315.243	-99999	43.165	-0.982198	1	1	1	1	1	-146.052	-182.754	132.62	-165.693	-317.212	-397.544	-132.535	-153.532	-169.254	132.62	-21.85	-165.855	-317.212	-340.838	-397.595	4.58993	10	0	85.3824	46.6036	-16.0545	-162.128	46.6036	-16.0545	-162.128	
13209	24030	387.54	871.137	387.207	-99999	0.205	-0.595682	1	1	1	1	1	-234.808	-335.656	133.199	-136.975	-178.809	75.3441	-234.808	-287.826	-335.821	133.199	7.22037	-137.212	-178.809	-41.582	75.4936	4.31634	12	0	68.4921	0.236709	-27.1319	-18.0969	0.236709	-27.1319	-18.0969	
13209	36967	333.511	794.577	333.352	-15.0959	-14.355	-0.894126	1	1	1	1	1	-314.868	-156.812	132.459	-152.771	498.477	466.33	-314.868	-234.857	-156.812	132.459	-13.8079	-152.771	498.477	498.841	466.33	7.40148	11	0	75.4734	-14.3272	-25.5495	485.878	9.1528	-16.1608	493.02	
13209	39522	140.408	412.454	140.015	-99999	82.185	-0.933632	1	1	1	1	1	-131.965	-87.2644	130.978	-0.977739	642.294	628.45	-106.229	-84.1413	-61.3908	130.978	64.7061	-1.34352	642.294	635.342	628.421	13.1107	8	0	66.9593	82.199	0.395412	626.504	82.199	0.395412	626.504	
13209	5628	247.388	595.839	246.677	-99999	22.922	-0.997829	1	1	1	1	1	-262.975	-253.49	132.617	-110.802	-758.415	-740.798	-262.962	-264.795	-253.516	133.296	9.97108	-110.802	-758.442	-749.438	-740.798	5.72332	13	0	76.909	22.9527	-15.015	-734.145	22.9527	-15.015	-734.145	
13209	46631	193.337	530.884	192.785	45.7395	43.952	-0.497624	1	1	1	1	1	-184.622	-239.947	132.552	43.0148	317.931	478.788	-184.456	-215.37	-239.947	132.824	86.7686	43.0148	317.488	396.516	478.788	4.92338	14	0	83.1321	44.0096	14.4607	419.643	44.0096	14.4607	419.643	
13209	47793	239.929	549.508	237.591	-99999	14.543	-0.93059	1	1	1	1	1	-342.321	-267.667	133.187	-90.5349	-291.852	-282.265	-342.47	-295.939	-267.418	133.543	23.5323	-92.4475	-291.884	-281.036	-282.003	6.2357	10	0	82.177	14.5692	-16.3603	-276.188	14.5692	-16.3603	-276.188	
13209	26640	118.485	375.204	118.143	-99999	112.758	-0.743328	0	0	0	0	0	-263.896	-295.143	131.239	41.9694	332.641	403.413	-263.915	-279.773	-295.273	131.489	87.1383	41.9666	332.442	368.369	403.415	4.81267	13	0	57.7713	97.5358	38.7552	-85.5422	-34.9342	6.41709	729.133	
13209	7072	65.6409	187.658	64.7241	-99999	51.823	-0.883449	0	0	0	0	0	-260.799	-269.93	131.977	75.9918	384.201	414.708	-260.774	-265.471	-270.073	132.296	103.603	75.5584	384.009	399.084	414.703	5.01324	12	0	71.7129	51.8384	36.9515	401.837	51.8384	36.9515	401.837	
13209	24685	311.122	788.771	309.866	-99999	-30.798	-0.951005	1	1	1	1	1	-313.73	-268.873	132.981	-161.758	660.321	579.434	-313.741	-285.456	-268.598	133.267	-15.1849	-162.652	660.4	623.693	579.265	4.48994	6	0	93.3713	-30.7725	-20.6421	622.209	-30.7725	-20.6421	622.209	
13209	29245	39.4088	137.189	39.2295	-99999	39.29	-0.514193	0	0	0	0	0	-319.214	-300.396	133.677	116.623	-618.955	-589.128	-319.259	-310.066	-300.345	133.677	124.351	116.558	-618.955	-604.25	-588.993	8.43065	11	0	87.7792	39.3	59.9214	-600.476	39.3	59.9214	-600.476	
13209	26359	49.5104	166.24	49.5087	-99999	-14.566	-0.714231	1	0	0	0	0	-279.199	-247.221	133.24	96.4202	-283.672	-275.902	-279.182	-262.253	-247.204	133.24	115.692	96.4202	-283.672	-279.446	-275.902	6.63652	8	0	85.9806	-14.545	34.0558	-265.208	-14.545	34.0558	-265.208	
13209	28039	275.212	665.39	274.25	48.9899	47.667	-0.88576	1	1	1	1	1	-120.099	-246.637	132.748	-107.488	-719.55	-754.932	-119.904	-184.428	-246.775	133.157	13.6858	-107.953	-719.468	-741.065	-755.035	6.48166	6	0	79.4697	47.6878	-10.4374	-728.413	47.6878	-10.4374	-728.413	
13209	26576	162.185	401.633	161.537	-99999	1.685	-0.873914	1	1	1	1	1	-303.228	-251.528	133.41	3.99892	-625.926	-545.433	-303.399	-277.721	-251.53	133.982	69.9248	3.99892	-626.176	-583.906	-545.433	4.11242	11	0	81.7444	1.70609	17.9782	-572.714	1.70609	17.9782	-572.714	
13209	32801	265.21	647.446	264.766	-162.317	67.459	-0.861041	0	0	0	0	0	-247.813	-193.727	133.214	-66.7168	518.793	681.034	-247.813	-228.774	-193.547	133.214	30.8622	-66.9427	518.793	600.614	681.361	6.46814	6	0	72.6691	37.4453	-45.4877	-327.062	37.4453	-45.4877	-327.062	
13209	38573	349.559	848.943	349.554	-23.0058	-25.225	-0.891385	1	1	1	1	1	-177.368	-311.608	132.576	-168.244	-633.78	-523.212	-177.368	-250.251	-311.608	132.576	-19.0115	-168.244	-633.78	-586.593	-523.212	5.50138	14	0	81.0039	-25.1945	-18.8516	-158.86	-25.1945	-18.8516	-158.86	
13209	39554	123.835	217.805	120.414	-99999	-28.83	-0.756857	1	1	1	1	1	-220.353	-202.959	130.875	37.0819	-707.438	-636.959	-220.353	-213.704	-203.101	130.875	81.575	34.9995	-707.438	-670.747	-634.828	6.28428	7	0	47.4193	-28.8063	-24.635	-585.787	-28.8063	-24.635	-585.787	
13209	46938	148.463	378.45	148.459	-99999	80.494	-0.912988	1	1	1	1	0	-266.094	-288.655	132.811	-4.9986	663.413	712.957	-266.186	-280.357	-288.747	132.811	64.4522	-4.9986	663.413	688.553	712.957	5.37815	12	0	75.1511	80.5218	9.09784	695.894	80.5218	9.09784	695.894	
13209	45685	523.689	339.644	522.929	-99999	86.41	-0.687298	0	0	0	0	0	-350.022	-345.814	130.734	-1.15887	-500.22	-57.7269	-350.121	-345.774	-345.913	130.734	3.97634	-1.15887	-500.22	-307.841	-57.7269	4.28826	9	0	30.3725	93.1688	-27.1665	636.457	-13.8212	-35.983	-327.135	
13209	51679	86.7465	219.123	62.8743	-99999	2.17	-0.785523	1	1	1	1	0	-62.3926	-100.517	-110.296	-159.074	-185.641	-174.698	-61.7071	-88.0399	-113.824	-110.289	-143.948	-178.013	-185.643	-178.26	-170.941	4.22217	6	0	102.023	2.21021	-79.3223	-154.936	2.21021	-79.3223	-154.936	
13209	47594	397.336	1185.6	396.771	33.7334	32.332	-0.684985	1	1	1	1	1	-77.3317	-244.12	133.429	-118.53	245.515	495.264	-77.179	-160.613	-244.132	133.689	-2.74865	-118.546	245.285	362.999	495.439	7.60863	16	0	89.4394	32.3723	-12.3901	358.825	32.3723	-12.3901	358.825	
13209	43416	229.681	3677.26	229.041	96.3153	92.873	-0.769417	1	1	1	1	1	-333.737	-202.912	134.317	-32.5298	-46.922	-131.288	-333.802	-271.576	-202.673	134.423	49.6103	-32.942	-46.8621	-92.7251	-131.402	4.58628	12	0	76.122	92.9102	10.2243	-91.4081	92.9102	10.2243	-91.4081	
13209	45456	269.539	660.726	268.742	37.3966	34.846	-0.908575	1	1	1	1	1	-119.935	-240.828	132.862	-91.5124	-3.92226	78.2954	-119.781	-175.708	-240.948	133.251	17.0198	-91.8051	-3.99847	34.2298	78.4751	5.98501	12	0	83.6444	34.8746	-6.89606	31.6235	34.8746	-6.89606	31.6235	
13209	42682	121.809	543.309	119.07	-99999	4.911	-0.90566	1	1	1	1	1	-357.168	-322.626	38.0895	-70.0845	399.696	435.483	-357.403	-339.872	-321.995	38.787	-16.5454	-71.9117	399.463	417.908	435.836	13.23	12	0	294.204	4.91256	-34.6438	426.441	4.91256	-34.6438	426.441	
13209	49843	139.32	414.305	138.497	90.4839	90.242	-0.670258	1	1	1	1	1	-204.128	-259.33	131.047	55.8699	-374.415	-273.376	-204.114	-226.373	-259.719	131.081	89.6332	55.4896	-374.449	-323.397	-272.847	5.60468	13	0	86.5026	90.2757	16.7416	-299.444	90.2757	16.7416	-299.444	
13209	3806	131.41	331.471	130.575	-99999	93.931	-0.903842	1	1	1	0	0	-304.705	-347.671	133.516	17.0599	-263.969	-224.189	-304.812	-325.818	-348.154	133.516	74.0151	16.3573	-263.969	-245.707	-223.948	4.95719	11	0	73.5887	93.963	30.5085	-230.133	93.963	30.5085	-230.133	
13209	97534	75.9759	217.566	75.6699	-99999	-46.609	-0.894336	1	1	0	0	0	-265.464	-242.094	133.191	73.0301	-306.901	-268.388	-272.735	-261.091	-249.325	133.191	101.41	72.7852	-306.901	-290.01	-268.32	10.4586	13	0	82.558	-46.5761	22.1408	-276.635	-46.5761	22.1408	-276.635	
13209	55583	332.402	795.199	332.117	-99999	-1.699	-0.696019	1	1	1	1	1	-61.7159	-173.238	64.4057	-146.734	294.687	523.669	-62.1556	-111.019	-173.77	64.6005	-44.404	-146.734	294.51	409.756	523.669	4.55764	8	0	73.0042	-1.66222	-13.1315	369.524	49.7478	-36.0423	371.932	
13209	58143	123.991	341.306	122.785	-99999	31.35	-0.751608	1	1	1	1	1	-287.914	-204.019	133.14	44.2195	-610.098	-598.888	-293.619	-251.367	-208.946	134.053	89.0609	44.2195	-610.208	-604.45	-598.888	4.22045	6	0	51.8179	31.364	-45.9315	-560.825	31.364	-45.9315	-560.825	
13209	61932	235.67	537.206	227.319	111.685	110.559	-0.826618	0	0	0	0	0	-330.193	-184.573	128.606	-37.8274	-772.355	-822.651	-334.208	-263.822	-184.15	134.934	44.2415	-38.3074	-770.624	-796.394	-822.788	4.76352	7	0	70.1155	89.4249	20.8079	-736.437	89.4249	20.8079	-736.437	
13209	61932	89.7319	245.604	88.8322	-99999	89.416	-0.954781	1	1	1	0	0	-216.413	-228.697	133.448	48.473	-757.091	-746.156	-216.259	-225.563	-228.8	134.245	90.4969	48.473	-757.133	-759.387	-746.156	5.71593	7	0	98.7544	89.4249	20.8079	-736.437	89.4249	20.8079	-736.437	
13209	58385	229.284	587.325	227.154	-99999	98.601	-0.655368	1	1	1	1	1	-230.527	-92.2561	133.202	-25.9149	-247.616	-332.062	-200.83	-130.555	-61.0706	134.215	54.0607	-26.3053	-247.354	-289.231	-332.286	6.5837	11	0	61.8185	98.6364	-9.9669	-321.735	98.6364	-9.9669	-321.735	
13209	65150	51.988	162.967	50.8279	-99999	52.789	-0.85701	1	1	1	1	1	-205.166	-218.577	132.007	90.9492	-305.947	-332.671	-196.619	-203.574	-210.285	132.994	111.653	90.9342	-305.437	-318.523	-332.683	7.14319	17	0	72.8151	52.8202	-35.2324	-410.329	52.8202	-35.2324	-410.329	
13209	34565	264.926	682.884	261.578	76.3511	74.611	-0.926418	1	1	1	1	1	-198.93	-237.307	132.723	-109.196	313.904	223.63	-198.93	-221.047	-238.025	132.723	11.3834	-112.362	313.904	266.427	222.906	4.88715	9	0	82.0751	74.6362	-22.555	259.922	74.6362	-22.555	259.922	
13209	36005	77.3209	208.341	75.8371	-99999	-27.429	-0.981144	0	0	0	0	0	-87.4092	-102.902	134.048	60.0789	-620.483	-618.607	-95.9637	-102.476	-111.912	134.223	96.1602	58.8634	-620.469	-621.598	-618.395	5.10158	7	0	85.6822	-999999	-999999	-999999	-999999	-999999	-999999	
13209	33868	84.8998	229.483	84.8864	-99999	-11.869	-0.91896	1	1	1	0	0	-322.122	-294.602	132.829	53.3402	278.155	285.879	-322.109	-308.393	-294.583	132.829	92.9172	53.333	278.155	282.119	285.879	6.49053	7	0	77.1382	-11.8366	30.7701	273.286	-11.8366	30.7701	273.286	
13209	37529	72.5158	221.17	68.5414	84.6933	83.758	-0.953666	0	0	0	0	0	-207.702	-233.576	130.797	67.9198	-491.629	-485.112	-207.289	-218.935	-234.592	132.413	98.3166	65.8814	-491.914	-488.238	-485.091	5.06936	9	0	88.4834	83.779	20.1242	-476.221	83.779	20.1242	-476.221	
13209	38413	278.696	692.494	278.188	46.8461	46.59	-0.812862	1	1	1	1	1	-239.28	-85.5302	132.66	-69.8167	-477.869	-587.453	-239.28	-166.841	-85.2486	132.66	24.848	-70.1027	-477.869	-527.849	-587.755	5.32589	13	0	76.1854	46.6168	-22.7808	-547.879	46.6168	-22.7808	-547.879	
13209	13422	99.4284	208.385	92.975	-99999	64.119	-0.889856	1	1	1	0	0	-121.23	-83.1463	129.448	45.5998	697.959	710.478	-101.591	-80.3947	-60.9562	130.358	85.9166	40.6197	697.811	704.542	710.94	5.13561	6	0	49.0612	54.515	1.18867	370.671	54.515	1.18867	370.671	
13209	98754	150.38	382.438	150.379	-99999	14.845	-0.787392	1	0	0	0	0	-324.884	-272.444	133.741	16.6552	805.928	882.061	-324.901	-304.156	-272.461	133.741	75.0866	16.6552	805.928	848.078	882.061	7.1381	9	0	80.4632	14.87	37.4777	812.155	14.87	37.4777	812.155	
13209	51776	326.955	2318.78	324.031	97.3483	100.756	-0.958369	1	1	1	1	1	-146.564	-269.973	133.68	-165.609	101.566	94.4741	-146.417	-208.028	-271.007	134.248	-17.1092	-167.54	101.534	98.7005	94.1256	8.05923	7	0	228.66	100.783	-44.7602	102.394	100.783	-44.7602	102.394	
13209	53576	364.617	81406	362.634	14.4515	12.131	-0.828495	1	1	1	1	1	-307.437	-116.408	133.067	-158.234	286.755	186.073	-307.63	-211.746	-115.555	133.407	-13.0135	-159.506	286.869	235.883	185.712	5293.04	14	0	80401.2	12.1598	-36.0493	-100.863	12.1598	-36.0493	-100.863	
13209	38723	322.508	841.966	321.214	70.4696	70.115	-0.823601	1	1	1	1	1	-100.13	-245.346	132.914	-129.469	375.612	485.775	-100.06	-180.608	-245.596	133.039	5.91456	-130.427	375.564	433.212	486.335	5.38011	16	0	92.0968	70.12	-7.92143	426.518	70.12	-7.92143	426.518	
13209	41548	343.085	863.502	342.34	-99999	-1.725	-0.72529	1	1	1	1	1	-163.837	-201.633	130.077	-97.6435	115.778	366.33	-164.348	-186.436	-202.124	130.266	8.09988	-97.9235	115.6	233.918	366.666	5.53279	6	0	88.9781	-1.69588	-30.2107	213.086	-1.69588	-30.2107	213.086	
13209	40265	198.363	467.139	197.726	-99999	-24.626	-0.832585	1	1	1	1	0	-221.293	-328.095	131.316	-17.783	-192.891	-122.345	-221.219	-266.812	-328.44	131.401	50.7685	-18.1228	-192.926	-157.638	-122.183	4.24395	10	0	65.5926	-24.5902	-1.02884	-128.325	-24.5902	-1.02884	-128.325	
13209	46749	110.17	321.73	109.533	-99999	94.546	-0.941993	1	1	0	0	0	-256.639	-227.845	132.105	28.6374	817.264	836.842	-242.007	-228.041	-213.096	132.705	81.1257	28.6374	817.088	830.083	836.842	4.75795	8	0	80.8356	94.5658	19.4268	793.476	94.5658	19.4268	793.476	
13209	43301	59.5718	196.775	57.3276	-99999	83.51	-0.97647	1	0	0	0	0	-271.159	-278.984	132.794	78.2781	197.076	212.241	-271.254	-275.324	-279.224	132.794	103.954	76.1175	197.076	203.172	212.778	4.56218	12	0	94.9709	83.5118	41.6476	207.517	83.5118	41.6476	207.517	
13209	55418	190.445	432.972	189.641	-99999	0.644	-0.696314	1	1	1	1	1	-62.727	-197.912	112.718	-20.2523	810.768	811.979	-61.9502	-130.212	-197.71	113.276	46.9038	-20.2523	810.754	812.111	811.979	4.01232	6	0	59.2337	0.67591	-11.6885	783.267	0.67591	-11.6885	783.267	
13209	57098	357.497	1779.69	357.492	-99999	-25.525	-0.777256	1	1	1	1	1	-141.888	-198.097	131.855	-168.489	869.313	684.185	-149.881	-178.401	-206.09	131.855	-18.548	-168.489	869.313	777.111	684.185	49.7788	8	0	868.754	-25.4811	-34.3593	720.364	-25.4811	-34.3593	720.364	
13209	48711	264.381	886.519	263.669	-44.7196	-45.902	-0.888946	1	1	1	1	1	-177.072	-270.076	131.854	-84.7382	-195.289	-79.9334	-176.878	-216.257	-270.076	132.486	21.6001	-84.7382	-195.546	-135.852	-79.9334	4.71936	11	0	77.5788	-45.8632	-20.8598	-120.858	-45.8632	-20.8598	-120.858	
13209	98559	281.898	17721.4	281.711	-20.6408	-22.516	-0.80964	1	1	1	1	1	-233.794	-156.177	132.239	-78.7724	-669.968	-836.449	-233.832	-195.504	-156.177	132.381	18.7848	-78.7724	-669.87	-743.749	-836.449	5.2599	13	0	99.6628	-22.487	-17.647	-748.007	-22.487	-17.647	-748.007	
13209	99039	392.363	1350.46	391.232	-99999	86.45	-0.632936	1	1	1	1	1	-74.6912	-223.609	127.626	-122.804	-464.938	-726.004	-60.8977	-136.396	-210.22	127.999	3.02671	-123.148	-464.532	-595.549	-726.373	8.91523	15	0	61.0669	86.4848	-10.1382	-600.414	86.4848	-10.1382	-600.414	
13209	59329	44.4263	151.794	43.467	-99999	21.732	-0.836603	0	0	0	0	0	-313.463	-288.456	133.271	99.0033	-636.058	-628.326	-313.488	-300.709	-287.959	133.271	115.199	98.272	-636.058	-634.536	-627.996	5.50523	11	0	82.3545	21.7501	53.2123	-622.234	21.7501	53.2123	-622.234	
13209	99256	71.8384	228.671	70.8251	-99999	57.116	-0.96871	1	1	0	0	0	-274.4	-279.1	133.084	65.4253	532.997	551.591	-274.453	-276.022	-279.319	133.266	98.5268	64.8163	532.881	541.042	551.692	7.26397	10	0	90.6045	57.139	29.33	554.789	57.139	29.33	554.789	
13209	37695	328.468	862.677	326.827	-99999	4.085	-0.831272	1	1	1	1	1	-116.206	-263.526	132.944	-134.513	-442.115	-328.001	-115.927	-197.313	-264.054	133.478	1.69639	-135.266	-442.324	-388.301	-327.617	4.17397	10	0	67.2545	4.12151	-14.3858	-384.033	4.12151	-14.3858	-384.033	
13209	2341	282.806	708.885	281.726	40.3745	38.873	-0.92698	1	1	1	1	1	-128.366	-241.697	133.294	-122.749	476.908	451.184	-128.366	-189.157	-241.909	133.294	6.3592	-123.784	476.908	464.83	450.998	5.82329	7	0	89.5771	38.9082	-19.2875	456.041	38.9082	-19.2875	456.041	
13209	40203	96.921	264.027	94.3808	-99999	111.861	-0.918326	0	0	0	0	0	-276.624	-294.787	133.183	46.4142	428.395	458.507	-276.663	-283.077	-295.741	133.545	89.1209	44.442	428.263	446.467	458.389	5.16165	8	0	91.439	63.8842	5.068	724.2	63.8842	5.068	724.2	
13209	41067	149.398	1426.32	149.397	-99999	5.15	-0.856306	1	1	1	1	1	-358.644	-295.794	87.6422	-40.9077	669.558	712.365	-358.65	-326.98	-295.8	87.6422	23.5823	-40.9077	669.558	691.302	712.365	36.4033	11	0	572.782	5.17916	-30.4964	705.422	5.17916	-30.4964	705.422	
13209	46320	95.8819	282.063	95.6135	-99999	112.655	-0.74457	0	0	0	0	0	-220.422	-236.916	130.539	72.2853	692.388	619.977	-185.084	-193.444	-201.638	130.736	96.7065	72.2853	692.557	659.972	619.977	6.82662	13	0	92.9415	72.6947	-11.927	693.545	72.6947	-11.927	693.545	
13209	42910	67.9642	569.098	67.8924	-99999	92.837	-0.861386	1	1	1	1	1	-208.621	-237.375	133.045	77.9519	-89.8223	-115.551	-179.55	-193.177	-208.304	133.045	104.242	77.9519	-89.8223	-101.616	-115.551	24.5026	13	0	315.643	92.8749	-20.5425	-141.851	92.8749	-20.5425	-141.851	
13209	43401	303.901	876.815	303.754	-99999	-45.257	-0.999017	1	1	1	1	1	-245.002	-243.74	131.687	-171.631	367.166	361.794	-244.945	-246.207	-243.688	131.811	-20.0258	-171.631	367.168	365.34	361.794	4.6915	7	0	58.0063	-45.2304	-28.2094	366.408	-45.2304	-28.2094	366.408	
13209	45681	211.361	527.904	210.672	-99999	31.156	-0.6883	1	1	1	1	1	-66.1854	-215.644	64.2905	-83.2223	-113.959	-130.002	-60.8013	-136.254	-210.748	64.7606	-8.58863	-83.2223	-113.855	-123.447	-130.002	5.60076	8	0	54.4153	31.1987	-18.9228	-129.874	31.1987	-18.9228	-129.874	
13209	49100	87.9089	257.007	87.1715	-99999	39.99	-0.993701	1	0	0	0	0	-155.329	-171.389	128.357	43.2411	-874.406	-879.93	-142.776	-148.554	-159.089	128.646	85.1575	42.8595	-874.397	-876.347	-879.966	7.7931	8	0	87.7057	40.0086	26.6157	-818.136	40.0086	26.6157	-818.136	
13209	96285	288.098	690.5	286.099	-99999	5.396	-0.887938	1	1	1	1	1	-300.191	-294.871	132.861	-113.064	35.7694	171.933	-300.233	-289.044	-295.147	133.842	9.36789	-113.837	35.2664	106.581	171.972	5.99858	8	0	78.7213	5.4086	-9.89597	118.302	5.4086	-9.89597	118.302	
13209	53851	142.079	418.019	141.498	-99999	69.535	-0.857803	1	1	1	0	0	-287.826	-271.679	134.078	19.5018	-358.32	-277.463	-287.906	-282.057	-271.711	134.078	76.6024	19.0278	-358.32	-317.101	-277.136	7.58106	16	0	133.834	69.565	13.5365	-301.232	69.565	13.5365	-301.232	
13209	52110	252.18	667.533	252.17	-99999	115.31	-0.854612	0	0	0	0	0	-205.76	-239.438	130.122	-98.531	493.042	394.759	-169.651	-188.177	-203.33	130.122	13.1818	-98.531	493.042	450.108	394.759	7.32921	13	0	100.16	69.9082	-59.2973	543.117	69.9082	-59.2973	543.117	
13209	51844	78.116	213.24	77.9096	-99999	83.32	-0.888457	1	1	0	0	0	-358.094	-329.073	108.806	40.2926	470.711	488.756	-358.19	-340.821	-329.16	108.806	74.2341	40.12	470.711	474.87	488.858	4.49387	17	0	78.9795	83.3409	29.8183	465.488	83.3409	29.8183	465.488	
13209	56577	214.6	546.026	211.977	14.7457	14.003	-0.915647	1	1	1	1	1	-166.221	-219.797	131.798	-60.664	-756.339	-689.057	-165.982	-191.53	-220.284	132.711	34.2409	-62.1949	-756.657	-722.635	-689.072	6.03348	10	0	83.5633	14.0358	-3.25975	-707.699	14.0358	-3.25975	-707.699	
13209	57178	315	807.534	313.13	137.093	-14.511	-0.581039	0	0	0	0	0	-199.625	-293.784	131.797	-73.1059	-620.332	-406.846	-199.308	-251.437	-294.125	132.322	39.6256	-73.961	-620.998	-504.911	-406.583	5.61789	11	0	81.8075	47.1711	-87.7798	42.4901	47.1711	-87.7798	42.4901	
13209	7058	338.769	841.642	322.63	7.79316	6.544	-0.929792	1	1	1	1	1	-144.196	-264.917	132.296	-166.33	41.1646	57.9252	-143.887	-208.405	-271.246	133.069	-23.3229	-179.715	41.1749	49.0968	57.5663	6.70264	9	0	99.2841	6.56989	-26.9036	41.9674	6.56989	-26.9036	41.9674	
13209	101696	212.972	530.63	211.492	-99999	104.994	-0.923312	0	0	0	0	0	-247.494	-307.251	133.153	-60.198	-824.337	-773.249	-247.614	-270.15	-308.191	133.153	33.2726	-61.3856	-824.337	-795.181	-772.961	5.99538	9	0	82.2517	-999999	-999999	-999999	-999999	-999999	-999999	
13209	54312	289.453	596.521	289.446	-662.845	-23.673	-0.884764	0	0	0	0	0	-168.126	-307.994	132.639	-120.588	579.012	585.186	-168.126	-239.008	-307.994	132.639	6.48967	-120.588	579.012	579.772	585.186	10.6757	6	0	71.8236	73.8061	-12.4815	-735.578	73.8061	-12.4815	-735.578	
13209	59712	252.028	651.497	251.915	102.311	101.142	-0.599491	0	0	0	0	0	-152.627	-280.996	132.781	-15.6447	-849.266	-691.938	-152.576	-216.962	-280.996	132.847	57.9212	-15.6447	-849.338	-771.172	-691.938	5.29711	14	0	82.5099	3.65066	63.8719	763.98	3.65066	63.8719	763.98	
13209	58627	20.3084	45.9594	17.359	-99999	87.19	-0.769148	0	0	0	0	0	-99.5869	-88.6393	129.779	116.429	57.4816	59.2702	-73.0769	-66.6899	-60.2821	130.751	122.947	115.121	57.3186	58.4995	59.3938	5.30749	7	0	45.9594	87.2193	57.5473	41.983	87.2193	57.5473	41.983	
13209	60366	210.829	452.302	209.503	-99999	17.078	-0.833185	1	1	1	1	0	-327.096	-308.572	133.767	-35.4018	359.872	481.012	-327.103	-317.992	-308.485	134.105	50.1354	-36.1741	359.64	422.441	481.477	4.14441	11	0	62.1684	17.1014	10.7299	433.828	17.1014	10.7299	433.828	
13209	106838	182.834	316.42	181.336	-959.123	102.587	-0.87272	0	0	0	0	0	-189.343	-260.616	125.237	-29.5147	374.957	436.982	-188.815	-224.635	-260.616	126.535	48.4524	-29.5147	374.447	405.644	436.982	4.02983	11	0	45.4274	86.0449	-10.5164	-594.446	-21.2752	19.0602	490.441	
13209	61711	214.4	514.413	213.745	-20.3347	-22.216	-0.686843	1	1	1	1	1	-168.546	-304.81	133.023	-2.44792	315.158	403.34	-168.546	-229.372	-305.147	133.023	62.4076	-2.81765	315.158	367.75	403.749	4.38689	16	0	81.2664	-18.9297	13.0779	-294.349	-18.9297	13.0779	-294.349	
13209	62240	261.608	586.933	254.846	61.3679	67.947	-0.759017	1	1	1	1	1	-73.9849	-226.089	133.68	-57.1854	-262.587	-190.218	-73.7165	-153.509	-228.953	134.042	37.7993	-62.1389	-262.732	-224.294	-189.077	5.86736	9	0	168.027	67.9929	-22.8077	-202.162	67.9929	-22.8077	-202.162	
13209	65131	206.727	546.532	206.696	-99999	-18.325	-0.994967	1	1	1	1	1	-148.621	-166.331	126.084	-78.4675	682.333	694.778	-154.359	-161.933	-172.069	126.084	23.1715	-78.4675	682.333	687.593	694.778	5.62012	10	0	86.2761	-18.2982	-14.2991	675.866	-18.2982	-14.2991	675.866	
13209	71273	414.348	1046.21	414.14	52.3277	49.959	-0.637704	1	1	1	1	1	-294.132	-124.913	134.276	-70.0716	164.501	479.372	-294.132	-213.031	-124.815	134.276	19.5238	-70.1687	164.501	316.463	479.521	4.9927	6	0	82.957	50.0042	-14.4528	346.627	50.0042	-14.4528	346.627	
13209	41590	116.652	4919.79	111.819	114.381	113.228	-0.668443	0	0	0	0	0	-190.926	-262.407	129.084	46.4295	279.058	302.324	-188.607	-226.341	-263.26	131.315	88.4336	45.3466	278.275	289.921	302.953	62.8141	14	0	4131.16	-999999	-999999	-999999	-999999	-999999	-999999	
13209	38796	94.1276	211.566	94.1268	-99999	86.377	-0.778045	1	1	0	0	0	-138.367	-88.2487	133.804	56.5017	-714.855	-734.102	-111.318	-86.2406	-61.2003	133.804	95.1624	56.5017	-714.855	-724.444	-734.102	6.63809	9	0	55.9356	86.357	32.1956	-737.128	86.357	32.1956	-737.128	
13209	39768	276.659	625.046	276.494	-99999	-20.281	-0.989695	1	1	1	1	1	-352.129	-279.31	133.123	-131.099	-251.796	-246.315	-352.127	-331.308	-279.286	133.28	-3.3877	-131.099	-251.796	-252.464	-246.315	4.00591	9	0	78.6085	-20.252	-16.9447	-244.723	-20.252	-16.9447	-244.723	
13209	44343	192.734	473.111	191.794	-43.0837	-44.648	-0.957167	1	1	1	1	1	-193.083	-244.02	132.1	-48.0418	-527.882	-489.855	-192.993	-212.221	-244.117	132.799	40.5246	-48.218	-528.074	-508.837	-489.825	6.25224	7	0	84.4317	-44.6182	-16.7048	-502.387	-44.6182	-16.7048	-502.387	
13209	45183	307.672	812.253	307.619	-99999	73.321	-0.958748	1	1	1	1	1	-181.08	-134.279	133.628	-166.632	786.152	749.817	-158.12	-130.252	-111.319	133.628	-15.1919	-166.633	786.152	759.778	749.817	13.8207	8	0	128.208	73.3534	-31.7938	749.595	73.3534	-31.7938	749.595	
13209	95490	89.431	287.226	89.3044	-99999	-10.171	-0.754037	0	0	0	0	0	-299.898	-323.102	133.564	59.1148	-204.115	-160.826	-299.852	-311.941	-323.091	133.632	96.5338	59.1148	-204.172	-182.535	-160.826	4.17829	14	0	55.1845	86.2136	22.943	518.115	86.2136	22.943	518.115	
13209	50729	51.77	414.033	48.0504	-99999	-21.516	-0.80746	1	1	1	1	1	-254.25	-279.281	132.415	92.7403	-549.158	-538.766	-254.088	-267.61	-281.062	132.608	111.251	89.8641	-549.211	-543.647	-538.023	37.9355	8	0	326.756	-21.495	11.7714	-527.549	-21.495	11.7714	-527.549	
13209	9547	162.314	457.554	162.306	-99999	104.832	-0.746717	0	0	0	0	0	-210.139	-94.3874	133.082	21.5834	-300.013	-320.39	-177.312	-119.694	-61.5599	133.082	76.7276	21.5834	-300.013	-309.32	-320.39	4.53437	17	0	47.6937	33.779	-34.9325	361.947	33.779	-34.9325	361.947	
13209	62138	104.953	278.914	104.613	-99999	7.142	-0.932539	1	1	1	0	0	-267.871	-229.75	129.617	33.3578	440.949	454.351	-268.002	-250.648	-229.758	129.932	80.8663	33.3578	440.932	447.15	454.351	5.01392	10	0	82.6467	7.17399	21.0831	438.717	7.17399	21.0831	438.717	
13209	64680	268.748	695.705	267.479	-99999	76.604	-0.966512	1	1	1	1	1	-253.34	-281.878	132.224	-124.718	217.381	282.198	-253.427	-262.957	-282.402	132.224	4.32167	-125.88	217.381	257.284	282.424	5.23108	9	0	82.5501	76.627	-24.5825	263.326	76.627	-24.5825	263.326	
13209	60833	314.399	1781.55	285.076	-99999	19.799	-0.997134	1	1	1	1	1	-186.119	-195.327	129.023	-154.19	703.683	681.145	-179.882	-185.115	-187.679	130.351	-26.1538	-179.799	703.772	691.131	671.901	155.207	11	0	1027.03	19.823	-48.0173	579.489	19.823	-48.0173	579.489	
13209	62296	153.004	375.333	134.86	-99999	6.826	-0.660073	1	1	1	1	1	-63.5353	-165.775	121.755	33.8683	759.335	761.331	-62.2853	-120.503	-178.086	121.921	72.3179	22.0218	759.332	760.711	760.725	4.81391	9	0	81.7649	6.87414	-43.7415	739.041	6.87414	-43.7415	739.041	
13209	61479	241.254	500.163	238.683	-99999	108.989	-0.960076	0	0	0	0	0	-349.025	-337.95	131.66	-40.4928	278.102	323.775	-349.137	-345.211	-338.069	133.539	44.4087	-40.9347	277.555	334.119	323.874	6.20568	11	0	81.255	-999999	-999999	-999999	-999999	-999999	-999999	
13209	91372	213.789	527.963	212.724	-99999	-0.883	-0.743289	1	1	1	1	1	-196.264	-291.687	130.157	-5.85978	142.341	271.688	-196.206	-246.591	-291.846	130.255	56.6377	-6.30474	142.274	200.881	272.486	6.79896	17	0	64.0735	-0.848469	1.82273	234.695	-0.848469	1.82273	234.695	
13209	56723	248.486	593.766	244.672	-13.6361	-16.143	-0.816792	1	1	1	1	1	-248.236	-186.05	131.838	-46.4698	-516.645	-670.775	-248.392	-222.172	-185.57	133.128	37.821	-47.9955	-515.752	-590.788	-672.321	6.21817	11	0	76.6141	-16.1114	-5.08112	-605.772	-16.1114	-5.08112	-605.772	
13209	59973	292.007	719.927	291.548	-99999	67.485	-0.98465	1	1	1	1	1	-252.57	-221.287	133.098	-151.465	-511.698	-465.204	-252.647	-235.8	-221.286	133.098	-8.35118	-151.908	-511.698	-480.087	-465.219	5.25403	8	0	95.4223	67.4974	-25.0196	-474.514	67.4974	-25.0196	-474.514	
13209	12739	351.36	834.073	350.622	45.6726	44.647	-0.769011	1	1	1	1	1	-306.673	-90.7911	132.89	-132.756	592.965	523.434	-307.094	-196.461	-90.7846	133.441	3.66375	-132.769	593.131	551.71	523.43	4.8306	8	0	76.7421	44.671	-29.892	547.786	44.671	-29.892	547.786	
13209	64029	85.1081	241.776	84.9487	-99999	54.835	-0.95641	1	1	0	0	0	-102.622	-78.4376	133.784	52.5995	697.18	696.673	-85.4508	-73.1288	-61.2451	133.784	93.0635	52.4862	697.18	696.958	696.651	6.48655	10	0	93.0576	54.855	25.7301	693.596	54.855	25.7301	693.596	
13209	65097	138.714	338.806	122.247	-99999	29.811	-0.358169	1	1	1	1	1	-156.397	-101.446	130.199	88.9443	102.525	203.626	-147.302	-116.274	-84.8327	130.398	106.702	83.8565	102.066	159.389	216.829	4.78766	8	0	52.4099	29.85	57.6359	220.168	29.85	57.6359	220.168	
13209	62855	304.067	805.851	303.504	39.0733	35.44	-0.99363	1	1	1	1	1	-224.875	-205.238	133.528	-167.36	302.183	273.845	-224.865	-216.556	-205.241	133.73	-17.0561	-167.688	302.203	285.307	273.842	4.46019	8	0	87.2263	35.4672	-30.1364	284.916	35.4672	-30.1364	284.916	
13209	60370	216.397	474.441	215.48	-99999	-7.456	-0.578065	1	1	1	1	0	-156.72	-112.566	56.7879	-46.4388	-894.478	-715.785	-159.295	-126.715	-114.901	57.2796	-5.38247	-46.4404	-895.135	-813.378	-715.781	6.53002	6	0	55.4278	-7.43779	-23.1942	-773.218	-7.43779	-23.1942	-773.218	
13209	42632	64.9377	194.264	63.7817	-99999	-34.229	-0.906981	1	1	0	0	0	-141.456	-167.968	130.233	72.7753	661.61	668.193	-152.133	-165.544	-178.92	130.327	101.205	71.752	661.595	666.684	668.198	5.41459	10	0	84.5836	-34.189	24.7947	649.717	-34.189	24.7947	649.717	
13209	61343	219.729	565.876	218.933	114.91	111.808	-0.857386	0	0	0	0	0	-253.024	-154.326	132.679	-57.8504	141.578	106.98	-253.113	-197.834	-154.102	132.831	39.0623	-58.2709	141.6	127.527	106.602	5.95612	21	0	107.77	-41.0809	-15.219	-840.173	-41.0809	-15.219	-840.173	
13209	65666	252.155	656.113	250.961	-99999	-11.555	-0.99403	1	1	1	1	1	-200.686	-166.682	131.243	-113.008	-301.547	-266.925	-204.333	-199.666	-170.2	131.542	6.97438	-113.884	-301.565	-283.362	-266.93	10.794	10	0	114.228	-8.66977	-37.1465	-661.257	-8.66977	-37.1465	-661.257	
13209	49063	36.5467	118.967	35.93	-99999	-27.435	-0.804815	0	0	0	0	0	-297.424	-299.619	128.894	97.9421	-272.02	-254.324	-297.393	-298.912	-299.616	128.895	113.469	97.4488	-272.021	-262.473	-254.003	4.30677	15	0	73.883	47.4475	-70.8168	305.551	47.4475	-70.8168	305.551	
13209	91496	319.559	776.449	268.818	-99999	8.602	-0.975921	1	1	1	1	1	-145.385	-109.783	132.799	-133.498	-810.096	-801.916	-142.918	-122.089	-94.5048	133.712	-24.588	-181.322	-810.166	-804.897	-797.441	9.58672	8	0	102.649	8.61895	-44.8574	-777.517	8.61895	-44.8574	-777.517	
13209	52458	265.546	772.078	260.406	-99999	72.572	-0.941997	1	1	1	1	1	-99.6877	-166.231	132.245	-106.993	-173.896	-114.433	-76.8932	-117.209	-143.143	132.551	11.4954	-110.402	-173.976	-137.773	-113.545	6.44946	6	0	292.25	72.5963	-1.80921	-146.99	72.5963	-1.80921	-146.99	
13209	52712	50.0552	721	47.6766	-99999	84.721	-0.784351	1	1	1	1	1	-107.286	-116.459	133.373	92.1899	-576.225	-555.307	-80.7565	-86.3297	-90.0927	133.373	111.506	89.9696	-576.225	-565.913	-555.333	42.9909	7	0	646.712	84.7478	-9.46426	-503.834	84.7478	-9.46426	-503.834	
13209	48777	30.2548	115.828	29.1678	-99999	42.658	-0.985326	0	0	0	0	0	-197.219	-199.006	132.321	104.826	-210.345	-202.038	-183.878	-183.206	-185.841	132.638	118.19	104.301	-210.402	-206.726	-201.985	6.17173	8	0	89.2781	51.9174	-82.6354	-820.159	51.9174	-82.6354	-820.159	
13209	49977	263.21	607.365	262.644	-99999	71.475	-0.550994	1	1	1	1	1	-169.12	-83.7775	133.249	-28.2654	-643.156	-454.555	-146.787	-103.363	-61.2409	133.306	51.7369	-28.5004	-643.233	-549.581	-454.199	7.88623	6	0	56.45	71.5171	-3.80607	-493.88	71.5171	-3.80607	-493.88	
13209	50698	317.285	771.952	317.257	-99999	0.831	-0.819629	1	1	1	1	1	-218.36	-225.058	132.379	-120.972	584.215	771.67	-218.361	-231.394	-225.054	132.379	7.59566	-120.984	584.215	681.192	771.678	7.7514	14	0	77.0159	0.868291	-24.1772	687.423	0.868291	-24.1772	687.423	
13209	53829	174.158	623.563	172.768	-43.0293	-46.589	-0.802734	1	1	1	1	1	-281.053	-181.207	133.354	1.14638	-237.12	-284.834	-281.567	-229.973	-180.999	134.12	67.7203	0.791278	-236.878	-259.252	-284.943	5.23446	10	0	258.317	-46.5549	8.81568	-236.237	-46.5549	8.81568	-236.237	
13209	42556	449.775	1073.47	449.276	35.8153	35.569	-0.578976	1	1	1	1	1	-265.644	-173.814	133.168	-98.8313	-866.341	-494.711	-265.659	-229.991	-173.723	133.341	10.0043	-98.881	-866.584	-682.038	-494.568	5.40748	8	0	70.8465	35.5931	-15.0526	-636.633	35.5931	-15.0526	-636.633	
13209	51881	220.401	572.551	219.595	-99999	-12.726	-0.917188	1	1	1	1	1	-85.1343	-159.578	133.75	-40.912	-310.446	-412.275	-89.0817	-111.343	-163.892	134.028	38.666	-41.1933	-310.33	-360.354	-412.519	6.88004	10	0	83.6838	-12.7002	4.39479	-374.101	-12.7002	4.39479	-374.101	
13209	15421	84.3941	206.951	83.4001	-99999	-13.623	-0.900497	0	0	0	0	0	-345.341	-327.565	132.712	57.7019	-102.643	-72.6081	-345.402	-334.073	-327.511	132.995	94.4355	57.1639	-102.757	-90.1327	-72.3598	4.13151	14	0	70.0411	-15.9177	81.239	619.524	75.2023	5.84094	273.337	
13209	55423	274.904	690.888	274.889	-99999	61.74	-0.871949	1	1	1	1	1	-253.498	-325.092	133.73	-106.678	-139.403	-31.6036	-253.569	-280.281	-325.162	133.73	10.6213	-106.678	-139.403	-84.5733	-31.6036	5.8679	9	0	74.6349	61.7793	-32.3797	-68.9876	61.7793	-32.3797	-68.9876	
13209	55508	285.793	678.324	279.019	40.7081	38.809	-0.979484	1	1	1	1	1	-230.588	-170.714	132.533	-136.767	499.747	485.504	-230.652	-206.149	-168.689	132.89	-7.65424	-142.801	499.708	507.127	484.99	4.22175	6	0	59.8848	38.8489	-35.888	502.375	38.8489	-35.888	502.375	
13209	56012	193.242	481.03	193.073	70.569	61.49	-0.805132	1	1	1	1	1	-229.45	-107.963	131.453	-9.11252	-388.778	-431.93	-229.541	-171.327	-107.963	131.58	55.2418	-9.11252	-388.766	-399.178	-431.93	4.80193	13	0	75.6013	61.5239	0.842036	-411.487	61.5239	0.842036	-411.487	
13209	56690	295.042	747.233	293.432	82.7153	84.21	-0.985009	1	1	1	1	1	-193.965	-247.505	132.517	-153.897	306.317	322.029	-193.911	-218.857	-247.682	132.912	-12.2408	-155.041	306.345	304.144	322.356	5.99571	12	0	87.9303	89.3724	26.1567	275.639	89.3724	26.1567	275.639	
13209	57542	109.859	307.854	106.075	-99999	31.992	-0.651153	1	1	1	0	0	-225.595	-246.958	132.72	57.0137	-805.918	-735.245	-225.625	-237.756	-248.155	132.739	94.3887	54.9184	-805.939	-768.618	-732.355	5.08507	13	0	94.9586	32.0217	24.9198	-733.904	32.0217	24.9198	-733.904	
13209	62716	344.956	887.433	344.213	89.9112	89.755	-0.303968	1	1	1	1	1	-358.076	-100.104	134.909	-41.6551	656.079	518.085	-358.076	-228.642	-99.5281	134.909	54.458	-42.1002	656.079	576.043	517.973	6.27433	7	0	74.3956	89.777	4.44872	565.369	89.777	4.44872	565.369	
13209	61146	277.294	699.024	276.489	-21.3935	-22.612	-0.660111	1	1	1	1	1	-277.786	-197.335	132.651	-50.9965	747.208	558.621	-278.005	-234.653	-197.335	133.18	42.0262	-50.9965	747.766	652.965	558.621	7.21188	15	0	85.1575	-22.5698	-3.85695	638.697	-22.5698	-3.85695	638.697	
13209	63148	162.943	452.251	160.831	-99999	9.194	-0.935015	1	1	1	0	0	-269.654	-327.711	132.047	-16.7775	825.243	843.69	-269.665	-298.64	-328.69	132.047	56.4917	-18.6503	825.243	834.668	843.701	9.37936	8	0	108.474	9.20291	-26.7923	821.843	9.20291	-26.7923	821.843	
13209	7783	233.457	545.218	230.858	-28.4191	-29.997	-0.982809	1	1	1	1	1	-269.697	-199.617	131.796	-80.4645	861.645	809.476	-270.131	-230.25	-199.617	134.323	28.2556	-80.4645	861.836	834.535	809.476	4.59996	10	0	71.9643	-29.9712	-7.90346	784.997	21.3488	27.1852	814.788	
13209	43007	310.819	892.778	310.811	-72.7656	-46.773	-0.888025	0	0	0	0	0	-93.4172	-220.123	134.348	-122.037	501.617	618.852	-93.4172	-149.386	-220.123	134.348	1.60084	-122.037	501.617	559.607	618.852	6.34749	19	0	98.0397	-1.07914	34.4026	844.03	-1.07914	34.4026	844.03	
13209	45887	287.026	698.725	285.004	72.7908	72.334	-0.839859	1	1	1	1	1	-308.984	-138.825	132.744	-86.1529	538.982	475.764	-309.207	-226.288	-137.917	133.128	19.3289	-87.3313	539.08	512.164	475.308	6.11448	9	0	83.7171	72.3736	-20.8125	501.973	72.3736	-20.8125	501.973	
13209	46607	333.383	762.327	333.12	-99999	-21.804	-0.743865	1	1	1	1	1	-327.794	-262.446	133.174	-104.185	100.006	321.976	-327.839	-286.598	-262.421	133.368	14.0499	-104.185	99.8495	208.535	321.976	6.93481	17	0	85.4135	-21.7804	-12.4888	229.699	-21.7804	-12.4888	229.699	
13209	12811	293.67	628.301	292.037	-99999	13.882	-0.951063	1	1	1	1	1	-262.77	-254.033	125.691	-146	264.366	353.449	-262.796	-258.114	-254.012	126.398	-14.7185	-146.531	264.136	302.201	353.629	6.6128	11	0	97.0601	13.9034	-27.4121	313.971	13.9034	-27.4121	313.971	
13209	15305	142.319	397.708	141.013	-42.9722	-46.688	-0.911839	1	1	1	1	1	-258.737	-198.692	132.645	11.3356	343.948	307.33	-259.198	-232.39	-198.692	133.839	69.6607	11.3356	344.188	329.312	307.33	6.31548	9	0	116.285	-46.6906	-1.81601	234.896	-46.6906	-1.81601	234.896	
13209	16505	119.299	1108.52	119.138	-99999	94.331	-0.761138	1	1	1	1	1	-183.902	-225.796	129.288	33.994	-398.394	-455.509	-169.016	-190.812	-210.972	129.403	82.4693	33.994	-398.313	-427.923	-455.509	9.70798	10	0	74.4144	94.3623	-29.5042	-489.816	94.3623	-29.5042	-489.816	
13209	57284	180.215	624.421	176.844	-99999	65.475	-0.777438	1	1	1	1	1	-228.938	-130.854	129.206	-5.83071	-294.909	-240.089	-209.063	-156.3	-109.366	130.215	64.0226	-7.65321	-295.421	-264.783	-240.093	5.1974	6	0	73.5478	65.5011	7.37943	-248.207	65.5011	7.37943	-248.207	
13209	59684	54.6701	157.311	54.4512	-99999	4.668	-0.833058	1	1	1	1	1	-242.594	-273.05	133.391	88.7769	-843.258	-836.509	-242.48	-257.608	-273.055	133.573	111.021	88.7769	-843.276	-840.187	-836.509	4.28616	8	0	60.8249	4.66605	-40.6634	-223.687	43.4761	-75.536	-780.607	
13209	56874	267.269	648.886	266.895	84.5667	83.834	-0.89008	1	1	1	1	1	-144.121	-257.494	133.115	-100.652	-465.544	-406.723	-144.121	-201.624	-257.729	133.115	15.9276	-100.91	-465.544	-437.051	-406.603	4.7228	11	0	80.0447	83.8628	1.33579	-434.036	83.8628	1.33579	-434.036	
13209	44253	292.013	1176.93	292.007	92.0672	91.227	-0.870868	1	1	1	1	1	-120.996	-234.168	133.874	-106.183	600.832	719.873	-120.996	-172.739	-234.168	133.874	10.5862	-106.183	600.832	659.182	719.873	5.56055	14	0	95.1182	91.2474	-11.5228	656.73	91.2474	-11.5228	656.73	
13209	60974	249.574	601.331	249.436	-99999	27.702	-0.964154	1	1	1	1	1	-120.922	-177.641	130.152	-109.996	460.444	428.547	-112.217	-139.006	-168.966	130.278	9.22598	-109.996	460.463	446.698	428.547	4.0116	9	0	69.3466	21.508	-12.3124	683.652	36.378	-68.1792	420.632	
13209	65333	220.907	634.987	219.821	-99999	54.8	-0.927219	1	1	1	1	1	-132.732	-218.839	132.541	-69.5865	-200.353	-194.585	-123.998	-167.565	-210.437	132.851	31.4255	-70.2954	-200.366	-196.776	-194.705	4.13524	6	0	53.2208	54.8363	-13.687	-198.066	54.8363	-13.687	-198.066	
13209	62763	113.808	291.29	112.054	-99999	-21.415	-0.690848	1	1	1	0	0	-235.137	-285.349	132.326	50.7496	-613.385	-556.084	-234.857	-263.8	-285.594	132.643	93.0978	49.6935	-613.605	-584.732	-555.397	7.43375	8	0	59.0098	-21.3811	32.1302	-572.833	-21.3811	32.1302	-572.833	
13209	68940	63.7093	252.295	59.264	-99999	66.281	-0.866716	1	1	1	1	1	-356.458	-337.295	-100.549	-150.329	165.985	175.58	-357.469	-348.617	-337.185	-98.6642	-125.095	-150.671	166.089	168.027	175.549	4.88156	12	0	110.375	66.2976	-69.9804	148.395	66.2976	-69.9804	148.395	
13209	70417	340.237	1030.62	339.84	-99999	85.962	-0.888572	1	1	1	1	1	-224.141	-74.8155	126.9	-169.1	-5.31057	-79.6811	-210.632	-135.683	-61.1374	126.9	-21.5076	-169.448	-5.31057	-41.1063	-79.7494	5.244	11	0	59.2532	85.987	-33.5598	-45.2118	85.987	-33.5598	-45.2118	
13209	67274	120.521	374.281	120.125	-99999	65.713	-0.974212	1	1	1	1	0	-203.006	-185.924	132.221	14.6831	-407.498	-393.238	-182.521	-170.694	-165.346	132.593	73.7083	14.6831	-407.507	-402.996	-393.238	4.56413	6	0	137.611	65.723	8.56819	-399.223	65.723	8.56819	-399.223	
13209	68234	31.9121	86.2362	31.8688	-99999	98.68	-0.646711	1	1	1	0	0	-276.741	-301.462	133.499	113.773	-116.772	-113.029	-276.854	-289.271	-301.604	133.499	123.648	113.748	-116.772	-115.07	-113.023	5.42418	8	0	58.548	98.7143	33.7741	-108.548	98.7143	33.7741	-108.548	
13209	72311	245.025	609.842	244.225	-99999	-10.569	-0.871946	1	1	1	1	1	-212.635	-282.824	132.509	-65.8894	-369.907	-247.007	-212.583	-248.186	-283.122	132.63	31.811	-66.4274	-369.963	-310.351	-246.79	4.76294	10	0	79.8653	-5.22914	-33.6627	217.045	-24.1191	-2.63124	206.115	
13209	76151	303.642	807.956	301.624	-99999	82.472	-0.984636	1	1	1	1	1	-312.53	-256.053	132.465	-162.801	-668.248	-682.406	-312.879	-279.586	-256.077	133.959	-13.9707	-163.29	-668.284	-673.679	-682.436	6.05173	8	0	124.115	82.4779	-42.3634	-373.116	71.1679	-77.3279	-824.578	
13209	56729	364.367	842.116	361.875	-99999	15.364	-0.557098	1	1	1	1	1	-166.157	-89.5833	131.851	-80.0138	-171.996	106.859	-161.913	-138.664	-84.7722	133.231	22.5968	-80.0138	-173.979	-31.2852	106.859	5.03774	9	0	91.9747	15.394	-35.2535	8.88713	15.394	-35.2535	8.88713	
13209	54402	287.514	743.59	282.835	-99999	58.413	-0.788507	1	1	1	1	1	-214.806	-246.063	130.676	-78.8832	367.6	183.97	-214.497	-231.51	-246.561	132.353	17.4125	-80.1233	368.86	284.313	181.796	5.03647	11	0	85.8438	58.4452	-20.3071	263.396	58.4452	-20.3071	263.396	
13209	58430	393.038	1163.91	392.141	62.8627	59.557	-0.658803	1	1	1	1	1	-323.807	-119.899	133.003	-122.328	-357.341	-573.881	-323.965	-221.281	-119.642	133.212	5.71918	-122.666	-357.161	-465.853	-574.26	4.85177	10	0	100.058	59.5918	-47.3059	-520.329	59.5918	-47.3059	-520.329	
13209	48503	134.92	500.258	134.917	-99999	64.484	-0.798464	0	0	0	0	0	-241.829	-300.317	133.313	26.2169	231.868	289.198	-241.903	-271.227	-300.391	133.313	79.3819	26.2169	231.868	259.825	289.198	8.0208	15	0	73.9321	23.2714	-19.7124	-805.074	23.2714	-19.7124	-805.074	
13209	54514	95.5824	279.852	95.1559	-99999	58.652	-0.875792	0	0	0	0	0	-198.865	-168.807	134.059	52.042	-831.093	-866.468	-180.498	-165.739	-150.241	134.059	90.9215	51.7527	-831.093	-845.32	-866.704	4.28882	15	0	80.5809	58.6739	29.5506	-802.176	58.6739	29.5506	-802.176	
13209	55714	326.113	804.19	324.195	-25.0855	-28.135	-0.983143	1	1	1	1	1	-282.695	-203.392	133.886	-169.809	-831.641	-754.13	-282.767	-252.829	-202.859	134.579	-20.4507	-170.88	-831.723	-791.25	-754.002	5.83673	6	0	82.3211	-28.1182	-15.1251	-762.434	-28.1182	-15.1251	-762.434	
13209	57754	166.537	440.297	165.835	-99999	74.592	-0.984631	1	1	1	1	0	-112.386	-84.8188	129.62	-33.7644	483.069	489.394	-89.1438	-75.1931	-61.4607	130.308	48.2949	-33.7644	483.032	486.533	489.394	10.2805	13	0	62.3675	74.6208	-55.2119	453.9	74.6208	-55.2119	453.9	
13209	61159	93.5642	233.35	92.7981	-99999	-24.05	-0.818021	1	1	0	0	0	-354.213	-308.916	118.246	39.5039	462.68	449.743	-354.472	-328.197	-308.839	118.649	80.3503	39.2493	462.702	457.828	449.726	6.07611	6	0	78.8613	-24.0359	37.0672	443.744	-24.0359	37.0672	443.744	
13209	60446	220.051	1027.73	218.554	-25.8409	-27.927	-0.647186	1	1	1	1	1	-112.419	-278.522	133.286	11.5298	-369.138	-437.164	-112.419	-193.581	-279.655	133.286	65.7805	10.9632	-369.138	-399.922	-437.944	5.41482	6	0	58.4983	-26.3549	-16.3011	-750.785	-26.3549	-16.3011	-750.785	
13209	65332	183.008	530.206	180.684	-99999	81.4	-0.897947	1	1	1	1	1	-234.164	-220.998	132.212	-33.9788	113.882	175.234	-209.003	-200.173	-195.375	133.623	50.7614	-34.6011	113.262	150.808	175.318	5.07544	6	0	63.6338	81.4177	-28.2103	-385.003	81.4177	-28.2103	-385.003	
13209	64024	211.452	799.768	211.448	-99999	60.511	-0.951292	1	1	1	1	1	-179.512	-220.605	132.563	-68.2112	191.648	139.694	-170.003	-190.865	-211.096	132.563	32.2097	-68.2112	191.648	165.754	139.694	4.18232	6	0	78.7323	60.5307	-15.9913	156.236	60.5307	-15.9913	156.236	
13209	69835	126.308	371.827	124.469	-99999	57.155	-0.689117	1	1	1	1	1	-135.993	-219.162	133.357	51.1605	-168.936	-211.529	-126.919	-169.159	-211.184	133.457	91.6126	49.9286	-168.885	-190.153	-212.113	5.96874	10	0	60.61	57.1962	-40.6443	-235.662	57.1962	-40.6443	-235.662	
13209	2744	285.939	683.865	285.69	16.1876	14.716	-0.749169	1	1	1	1	1	-305.581	-102.797	133.165	-62.5299	610.898	581.647	-305.581	-214.548	-102.593	133.165	24.7197	-62.6418	610.898	591.349	581.59	6.12388	7	0	73.6351	14.7447	-10.4385	625.375	14.7447	-10.4385	625.375	
13209	70946	92.1318	333.792	92.0467	-99999	68.056	-0.942942	1	1	1	1	0	-109.453	-82.5935	130.011	43.2774	356.829	371.923	-88.1421	-74.687	-61.2587	130.011	86.6262	43.1974	356.829	364.494	371.934	5.4227	6	0	63.7447	68.0581	43.1306	369.678	68.0581	43.1306	369.678	
13209	66481	270.771	677.022	266.649	119.75	115.115	-0.746915	0	0	0	0	0	-331.899	-189.807	133.323	-61.6802	-493.972	-385.345	-331.967	-262.914	-186.75	133.435	33.6064	-63.3751	-494.039	-434.276	-383.48	10.7969	7	0	85.8531	6.39567	42.9216	812.102	-17.4743	-18.1659	-675.763	
13209	355	24.7293	103.389	23.6977	-99999	57.635	-0.99273	0	0	0	0	0	-119.304	-119.888	130.547	107.982	278.389	273.707	-101.256	-102.26	-101.725	130.547	118.935	107.113	278.389	275.707	273.847	5.50245	8	0	89.3741	57.6583	48.4629	221.549	57.6583	48.4629	221.549	
13209	2035	84.9364	230.737	82.5394	-99999	-0.612	-0.942935	1	1	0	0	0	-259.951	-289.16	132.989	56.5817	254.308	261.962	-259.95	-274.517	-289.622	132.989	93.2102	54.2437	254.308	256.225	261.774	5.6152	10	0	82.6556	-0.584235	32.5716	253.849	-0.584235	32.5716	253.849	
13209	71869	269.625	718.146	266.108	-99999	88.336	-0.529663	1	1	1	1	1	-186.5	-90.2223	131.485	-6.76358	-853.734	-647.795	-158.912	-111.23	-61.3307	131.591	60.6557	-8.58647	-853.89	-749.659	-645.317	4.782	6	0	52.9058	88.3514	22.7223	-721.3	88.3514	22.7223	-721.3	
13209	66387	163.894	414.375	162.486	-24.2408	-26.584	-0.940062	1	1	1	1	1	-236.199	-173.762	132.281	-16.4583	69.5232	59.6283	-236.461	-206.271	-173.434	133.05	57.1456	-16.9041	69.6027	63.9721	59.4356	4.93169	11	0	81.7142	-26.7099	-16.5776	14.0826	-26.7099	-16.5776	14.0826	
13209	70947	203.661	696.331	202.295	-99999	62.928	-0.248352	1	1	1	1	1	-349.218	-200.065	-32.1897	-78.8111	707.815	836.238	-359.99	-284.694	-209.831	-31.8912	-55.2766	-78.8414	707.073	771.504	836.358	6.79599	10	0	74.0984	62.9424	-47.1206	755.233	62.9424	-47.1206	755.233	
13209	52998	78.5366	281.512	78.0337	-99999	100.769	-0.858804	1	1	1	1	1	-186.54	-226.387	133.138	68.1013	253.046	236.631	-170.705	-190.699	-210.8	133.138	100.392	67.6693	253.046	244.713	236.569	4.23134	9	0	147.072	100.785	-33.8365	207.06	100.785	-33.8365	207.06	
13209	70360	218.262	543.035	216.192	-39.5493	-40.189	-0.929115	1	1	1	1	1	-170.521	-219.396	131.928	-66.6214	-778.463	-711.607	-170.332	-192.67	-219.84	132.977	33.0406	-67.4338	-778.831	-741.164	-711.548	7.19847	6	0	86.658	-40.1619	-5.39741	-726.092	-40.1619	-5.39741	-726.092	
13209	69807	380.394	872.591	378.417	22.2759	20.389	-0.801905	1	1	1	1	1	-316.845	-84.7871	133.15	-156.799	288.212	340.993	-317.478	-205.367	-84.3203	134.094	-12.646	-157.436	287.918	332.969	340.895	4.27824	8	0	72.8212	20.4168	-34.9394	335.973	20.4168	-34.9394	335.973	
13209	68380	285.867	713.962	285.571	-99999	89.258	-0.970922	1	1	1	1	1	-95.6939	-176.636	132.536	-139.266	-384.449	-369.484	-67.7047	-100.619	-148.719	132.701	-5.82178	-139.379	-384.468	-372.821	-369.512	6.36283	11	0	82.8625	89.2818	0.0122028	-373.586	89.2818	0.0122028	-373.586	
13209	69669	278.659	715.697	277.86	68.6824	66.666	-0.942086	1	1	1	1	1	-170.336	-253.483	132.555	-129.048	453.011	417.393	-170.336	-210.41	-253.684	132.555	1.2824	-129.808	453.011	429.982	417.445	7.12827	8	0	88.9748	66.6882	-28.3741	421.104	66.6882	-28.3741	421.104	
13209	70820	277.466	658.41	276.493	-99999	-17.106	-0.982304	1	1	1	1	1	-290.668	-246.875	132.668	-133.546	557.895	611.331	-290.717	-269.266	-246.772	133.121	-2.59713	-134.012	557.86	576.145	611.519	7.61687	15	0	92.0291	-17.0829	-23.2432	587.919	-17.0829	-23.2432	587.919	
13209	68175	230.478	559.763	230.228	-99999	33.992	-0.948158	1	1	1	1	1	-302.671	-328.551	134.4	-76.5406	-640.98	-556.437	-302.71	-310.202	-328.708	134.4	28.5942	-76.7212	-640.98	-597.333	-556.357	5.43562	8	0	67.2161	34.0084	-11.4282	-585.392	34.0084	-11.4282	-585.392	
13209	70482	456.898	1093.98	456.808	-99999	94.594	-0.240429	1	1	1	1	1	-279.719	-239.825	129.204	-76.576	-871.961	-467.677	-279.827	-262.605	-239.933	129.204	18.9844	-76.576	-871.961	-672.913	-467.677	8.10113	14	0	100.08	94.603	-9.34137	-631.188	94.603	-9.34137	-631.188	
13209	68493	196.798	586.992	189.961	-25.5109	-28.022	-0.923645	1	1	1	1	1	-219.5	-205.276	130.099	-41.5872	204.632	130.872	-219.659	-207.243	-205.276	132.343	43.0271	-41.5872	205.553	166.337	130.872	5.30358	11	0	237.696	-27.9886	-5.37128	153.808	-27.9886	-5.37128	153.808	
13209	70836	65.7307	203.305	65.0382	-99999	14.803	-0.352126	0	0	0	0	0	-262.857	-217.095	-55.6042	-78.1505	-894.571	-854.805	-263.291	-238.328	-217.048	-55.3928	-65.81	-78.1988	-894.914	-876.264	-854.728	6.47183	13	0	79.0768	-999999	-999999	-999999	-999999	-999999	-999999	
13209	75449	269.743	898.278	267.611	-99999	116.749	-0.998122	0	0	0	0	0	-132.215	-127.071	128.529	-133.469	237.944	226.313	-95.7208	-92.1751	-90.5153	130.314	-3.94163	-133.635	237.835	239.592	226.22	12.2336	9	0	181.646	92.3606	-13.9722	-46.8215	92.3606	-13.9722	-46.8215	
13209	76809	276.726	777.751	274.627	76.7125	76.11	-0.958978	1	1	1	1	1	-206.017	-276.39	131.219	-132.754	-349.463	-344.785	-205.917	-242.949	-276.883	131.566	-1.62351	-134.4	-349.437	-352.607	-344.588	6.12773	8	0	116.729	74.8879	-16.3502	-157.274	74.8879	-16.3502	-157.274	
13209	74001	300.688	1062.54	300.68	-99999	-2.414	-0.723846	1	1	1	1	1	-62.1168	-260.343	66.5445	-155.158	-537.832	-494.304	-62.1168	-161.881	-260.343	66.5445	-43.8763	-155.158	-537.832	-516.738	-494.304	5.44678	8	0	179.895	-2.39166	-10.0327	-504.761	-2.39166	-10.0327	-504.761	
13209	74976	168.426	460.943	168.01	-99999	53.669	-0.831295	1	1	1	1	1	-184.293	-218.794	132.571	-12.4433	-10.4268	-87.7623	-175.811	-193.224	-210.36	132.911	60.4255	-12.4433	-10.2011	-49.3055	-87.7623	8.85293	6	0	47.1896	53.7053	-45.865	-130.773	53.7053	-45.865	-130.773	
13209	74279	154.907	383.189	154.5	-99999	55.913	-0.835254	1	1	1	1	0	-355.569	-277.225	134.276	4.80581	163.46	193.594	-355.818	-318.248	-277.283	134.604	69.008	4.79589	163.349	179.837	193.596	4.87939	10	0	85.553	55.9343	34.9777	191.116	55.9343	34.9777	191.116	
13209	64704	98.4592	264.794	97.9642	-99999	55.149	-0.803917	1	1	0	0	0	-125.279	-78.4719	133.534	56.1999	-161.025	-198.566	-108.01	-84.5829	-60.9354	133.534	94.2849	55.8635	-161.025	-179.26	-198.811	5.6852	13	0	81.8188	55.1705	55.5807	-191.913	55.1705	55.5807	-191.913	
13209	67097	351.969	1105.36	348.953	-99999	90.768	-0.830744	1	1	1	1	1	-198.083	-238.183	133.056	-149.155	-548.433	-749.47	-169.695	-189.104	-209.954	133.3	-9.57421	-151.213	-548.269	-649.024	-751.23	19.2188	16	0	188.787	90.7934	-24.7792	-659.489	90.7934	-24.7792	-659.489	
13209	106626	176.587	481.488	176.584	-99999	38.588	-0.763411	1	1	1	1	1	-275.97	-315.615	133.658	-5.33745	-106.755	-6.19283	-276.014	-294.762	-315.659	133.658	65.22	-5.33745	-106.755	-54.2355	-6.19283	26.4923	6	0	100.806	38.6227	11.1191	-31.4391	38.6227	11.1191	-31.4391	
13209	72948	218.796	471.839	216.318	-99999	89.038	-0.956328	1	1	1	1	1	-229.247	-220.284	132.325	-69.2103	-224.177	-291.28	-201.365	-205.68	-192.403	132.455	33.7592	-69.2103	-224.139	-260.607	-291.28	5.31994	8	0	97.9531	81.7285	48.5515	-198.39	81.7285	48.5515	-198.39	
13209	77748	36.2497	107.729	35.8241	-99999	101.182	-0.961037	0	0	0	0	0	-101.398	-92.9717	130.078	95.8203	100.668	94.6144	-69.7626	-65.3373	-61.2589	130.286	112.91	95.6205	100.699	98.0513	94.5586	4.92769	11	0	69.4255	68.3845	-1.01855	-256.626	68.3845	-1.01855	-256.626	
13209	76466	341.199	854.015	341.126	-99999	105.398	-0.777233	0	0	0	0	0	-280.188	-232.54	133.551	-81.7226	496.869	741.346	-280.308	-289.179	-232.644	133.551	15.3484	-81.7375	496.869	616.356	741.368	4.9207	15	0	83.4024	54.351	-16.5574	572.309	54.351	-16.5574	572.309	
13209	72591	144.665	378.081	144.661	-99999	33.641	-0.850835	1	1	1	1	0	-271.004	-315.649	132.919	23.6972	200.878	282.351	-271.042	-292.152	-315.687	132.919	74.6173	23.6972	200.878	237.832	282.351	5.95111	14	0	78.2117	33.6667	21.7157	260.651	33.6667	21.7157	260.651	
13209	73882	255.302	675.67	254.452	-32.743	-34.061	-0.876116	1	1	1	1	1	-202.611	-274.956	131.382	-74.4147	-322.64	-194.887	-202.481	-235.062	-274.956	132.115	24.0287	-74.4147	-323.03	-263.793	-194.887	7.811	11	0	76.2906	-34.026	-24.3225	-232.288	-34.026	-24.3225	-232.288	
13209	76762	261.047	620.301	259.764	-99999	-16.951	-0.841719	1	1	1	1	1	-211.323	-333.714	133.237	-80.537	-361.736	-288.704	-211.303	-279.584	-333.844	133.237	30.2135	-81.7736	-361.736	-320.241	-288.972	4.00998	9	0	69.1322	-16.9091	-40.3365	-290.36	-16.9091	-40.3365	-290.36	
13209	75783	161.164	349.188	160.696	-99999	-26.02	-0.737545	1	1	1	1	1	-353.421	-308.731	-49.1021	-168.835	-199.612	-105.074	-353.456	-330.834	-308.686	-48.9425	-108.821	-169.07	-199.744	-150.808	-105.11	4.70026	6	0	37.9202	-25.9928	-34.9184	-206.571	-25.9928	-34.9184	-206.571	
13209	70684	236.266	540.359	235.412	-99999	4.754	-0.874264	1	1	1	1	1	-341.1	-302.198	133.619	-76.871	-333.358	-240.539	-341.105	-319.519	-302.094	133.619	29.5666	-77.6193	-333.358	-282.396	-240.272	6.18823	12	0	83.7278	4.76424	-13.5815	-266.162	4.76424	-13.5815	-266.162	
13209	70901	276.15	741.678	275.893	-99999	59.827	-0.862101	1	1	1	1	1	-77.5214	-220.58	133.586	-96.2589	11.692	-40.8232	-68.1199	-139.633	-211.3	133.586	18.6595	-96.4651	11.692	-14.917	-40.8602	5.60974	8	0	97.6462	59.8435	-13.6356	-26.0054	59.8435	-13.6356	-26.0054	
13209	4429	123.214	310.644	122.912	-99999	51.532	-0.661119	1	1	1	1	1	-130.93	-219.771	133.521	58.1921	-303.458	-342.581	-122.644	-166.915	-211.673	133.725	95.5295	58.1921	-303.342	-322.685	-342.581	7.21567	9	0	59.1773	51.563	-21.2259	-375.588	51.563	-21.2259	-375.588	
13209	72592	300.612	705.04	299.814	-128.45	54.896	-0.72996	0	0	0	0	0	-244.243	-87.6079	132.277	-75.7106	405.984	260.571	-244.53	-169.59	-87.6079	132.859	29.9417	-75.7106	406.439	327.222	260.571	4.70791	12	0	71.6553	-35.0456	-27.2026	629.172	-35.0456	-27.2026	629.172	
13209	75782	251.681	629.832	249.42	115.255	111.692	-0.842875	0	0	0	0	0	-295.252	-163.096	133.151	-68.8052	-41.5152	-98.5422	-295.845	-230.536	-162.198	134.138	30.1474	-69.3463	-41.3253	-68.5052	-98.7997	4.40394	6	0	77.2102	76.6507	-41.3095	-330.555	-2.40927	-36.7392	-264.306	
13209	4332	455.631	1153.02	452.394	79.7531	79.346	-0.436804	1	1	1	1	1	-162.51	-242.79	133.211	-42.3309	-802.1	-394.486	-162.503	-190.4	-243.513	133.546	43.3273	-43.6408	-802.788	-595.623	-392.545	6.08213	14	0	103.329	79.372	-3.95534	-547.95	79.372	-3.95534	-547.95	
13209	80231	252.216	650.883	238.474	-99999	60.287	-0.866802	1	1	1	1	1	-201.518	-84.2091	131.964	-75.1889	-431.439	-418.844	-182.64	-119.944	-61.0315	131.964	22.7872	-87.9311	-431.439	-424.217	-421.593	8.1919	8	0	82.1255	60.3182	-45.2352	-423.157	60.3182	-45.2352	-423.157	
13209	82871	124.773	293.999	124.177	-99999	60.63	-0.873933	1	1	1	1	1	-187.743	-174.626	132.606	27.4265	-642.21	-704.859	-168.775	-167.962	-155.635	132.96	79.3691	27.2597	-642.018	-673.48	-704.939	5.10253	16	0	74.2336	60.6508	-43.6761	-720.623	60.6508	-43.6761	-720.623	
13209	79713	213.558	504.78	212.509	-99999	16.456	-0.996698	1	1	1	1	1	-215.759	-237.401	132.134	-78.2095	-470.511	-461.428	-215.736	-223.053	-237.442	132.595	26.6345	-78.7437	-470.53	-462.756	-461.444	4.38445	11	0	72.6556	16.475	-19.7555	-455.081	16.475	-19.7555	-455.081	
13209	81033	55.4812	251.949	53.6939	-99999	42.3	-0.172393	1	1	1	1	1	-199.809	-153.556	130.485	120.346	139.083	164.333	-188.115	-163.94	-140.31	130.8	125.945	120.346	138.258	150.96	164.333	6.95909	7	0	165.94	42.3052	53.4151	190.292	42.3052	53.4151	190.292	
13209	69654	326.741	823	324.503	-99999	67.926	-0.394686	1	1	1	1	1	-211.569	-82.4799	132.346	-5.89131	-759.202	-495.547	-191.004	-126.375	-60.8877	132.931	62.7247	-6.17291	-760.391	-627.81	-494.949	4.35582	10	0	55.3744	67.9604	12.5761	-570.275	67.9604	12.5761	-570.275	
13209	49383	62.3524	221.713	60.0228	-99999	-27.709	-0.859123	1	1	0	0	0	-331.212	-338.229	132.359	78.8858	395.574	418.869	-331.18	-338.087	-338.037	132.359	104.408	78.0792	395.574	406.966	418.913	18.547	16	0	124.799	-27.6714	34.5315	22.4179	-27.6714	34.5315	22.4179	
13209	69541	60.6614	221.357	59.6139	100.886	98.519	-0.68567	0	0	0	0	0	-221.315	-197.788	132.086	91.7101	134.468	98.4838	-221.566	-207.802	-197.745	132.508	112.241	91.3351	134.835	116.98	98.2853	6.26746	13	0	116.35	98.5644	20.6788	115.337	98.5644	20.6788	115.337	
13209	51958	325.655	763.66	306.938	-99999	-4.822	-0.742249	1	1	1	1	1	-223.034	-270.41	132.727	-108.576	39.3379	210.084	-222.703	-270.431	-268.761	133.31	6.73055	-124.262	38.9022	129.324	204.607	7.75006	12	0	82.0791	-4.79076	-17.6777	145.147	-4.79076	-17.6777	145.147	
13209	67339	327.495	820.663	326.485	-99999	-11.285	-0.915829	1	1	1	1	1	-237.694	-273.41	132.656	-165.789	-190.234	-72.5992	-237.682	-266.279	-273.389	132.656	-19.5053	-166.571	-190.234	-137.316	-72.2034	7.19575	14	0	86.1517	-11.253	-31.5865	-128.044	-11.253	-31.5865	-128.044	
13209	2372	356.594	1389.95	355.574	-99999	113.364	-0.436811	0	0	0	0	0	-145.694	-227.939	133.576	-19.8628	861.838	551.862	-127.879	-168.979	-210.263	133.576	56.3853	-20.2894	861.838	706.518	550.949	9.62782	15	0	86.5374	-999999	-999999	-999999	-999999	-999999	-999999	
13209	55833	264.006	736.906	262.521	-99999	80.808	-0.956328	1	1	1	1	1	-152.409	-223.54	132.05	-112.653	-533.194	-596.052	-139.374	-175.614	-210.867	133.358	10.2928	-112.761	-532.984	-563.927	-596.082	5.12672	10	0	54.3196	80.8394	-18.1907	-570.114	80.8394	-18.1907	-570.114	
13209	74109	266.969	681.616	266.705	-99999	18.94	-0.993786	1	1	1	1	1	-283.313	-280.203	133.142	-127.162	98.6488	129.316	-283.335	-281.202	-280.225	133.142	2.35376	-127.162	98.6488	114.717	129.316	5.31414	6	0	74.8768	18.9615	-16.4108	115.412	18.9615	-16.4108	115.412	
13209	74527	75.5432	254.09	72.8856	-99999	43.406	-0.999535	1	1	0	0	0	-106.213	-119.211	128.996	60.6085	711.689	728.457	-92.6037	-97.2312	-106.189	130.125	94.3603	59.5315	711.794	721.418	728.154	11.3687	10	0	115.668	43.4346	38.2372	726.168	43.4346	38.2372	726.168	
13209	73454	247.147	591.621	246.011	-99999	-34.69	-0.969676	1	1	1	1	1	-92.4496	-122.137	131.227	-104.657	-435.19	-375.296	-103.302	-116.827	-133.173	131.788	13.8925	-105.177	-435.327	-401.85	-375.286	8.2394	6	0	79.3093	-34.6698	-11.6688	-398.018	-34.6698	-11.6688	-398.018	
13209	77064	246.641	554.165	242.648	-213.099	43.405	-0.852441	1	1	1	1	1	-298.043	-162.139	132.904	-63.0832	588.59	549.213	-298.499	-226.763	-160.464	133.67	34.265	-65.6787	588.646	576.225	549.031	4.01139	7	0	61.2912	43.4243	-38.6852	576.922	43.4243	-38.6852	576.922	
13209	58751	107.499	246.659	105.991	-99999	29.564	-0.33225	1	1	1	0	0	-70.5601	-151.777	80.164	116.565	-418.875	-361.321	-143.289	-102.087	-60.9143	116.894	98.5865	79.9964	-360.778	-390.037	-419.158	4.16114	225	0	246.659	29.5374	73.1542	-415.45	29.5374	73.1542	-415.45	
13209	73733	342.098	764.203	321.294	-99999	83.569	-0.924465	1	1	1	1	1	-358.282	-232.1	134.759	-159.445	-841.556	-868.713	-358.377	-291.575	-223.947	134.759	-22.1006	-178.37	-841.556	-855.276	-871.258	7.75429	11	0	69.6357	83.5881	5.83688	-811.693	83.5881	5.83688	-811.693	
13209	73278	148.249	364.85	148.124	-99999	81.698	-0.980207	1	1	1	1	0	-334.611	-320.934	132.849	-12.6673	-276.274	-258.08	-334.731	-322.526	-321.028	132.968	60.3324	-12.6673	-276.279	-268.221	-258.08	5.46162	8	0	76.9561	81.7144	11.345	-260.101	81.7144	11.345	-260.101	
13209	95044	295.481	813.276	295.14	-99999	68.555	-0.936829	1	1	1	1	1	-238.016	-305.953	133.308	-148.934	-572.232	-521.594	-238.095	-272.264	-306.016	133.308	-8.2995	-149.259	-572.232	-548.073	-521.517	7.15373	11	0	95.0548	68.5817	-33.0244	-543.919	68.5817	-33.0244	-543.919	
13209	9498	360.033	885.593	346.813	-99999	16.569	-0.539211	1	1	1	1	1	-157.271	-145.511	132.502	-169.779	-453.638	-613.915	-152.082	-146.693	-139.915	132.502	-23.5215	-180.177	-453.638	-537.88	-621.797	10.0816	13	0	69.2275	16.6026	-30.5126	-535.798	16.6026	-30.5126	-535.798	
13209	76789	100.231	262.252	98.6812	-99999	-16.899	-0.871886	1	1	1	1	1	-324.28	-340.181	133.365	44.2732	-522.706	-484.754	-324.253	-329.687	-340.613	133.403	88.7358	42.872	-522.727	-500.715	-484.457	4.53643	12	0	69.8655	-16.8782	-23.2278	-573.04	-0.788218	33.0127	-497.097	
13209	73406	505.361	1396.32	505.205	-99999	54.561	-0.564221	1	1	1	1	1	-127.103	-220.078	132.585	-165.842	420.624	23.8928	-118.53	-165.511	-211.534	132.585	-18.6714	-165.922	420.624	223.789	23.7654	5.49145	13	0	77.8266	54.6066	-15.5975	224.496	54.6066	-15.5975	224.496	
13209	20204	239.816	554.086	238.359	-28.4578	-27.107	-0.83828	1	1	1	1	1	-70.4096	-215.471	133.782	-51.1917	-219.171	-255.409	-70.1175	-142.269	-216.097	134.261	40.9185	-51.8071	-219.095	-239.922	-255.496	8.07062	6	0	82.5532	-27.0876	20.1994	-232.427	-27.0876	20.1994	-232.427	
13209	75800	220.685	589.012	219.368	49.7109	47.958	-0.966698	1	1	1	1	1	-206.132	-258.689	130.73	-75.6674	-336.024	-286.861	-206.003	-227.335	-258.689	131.999	27.2657	-75.6674	-336.33	-309.317	-286.861	21.2256	17	0	105.774	47.9961	-25.2751	-301.929	47.9961	-25.2751	-301.929	
13209	75919	386.497	1002	386.439	-99999	76.024	-0.473023	1	1	1	1	1	-353.632	-228.96	134.01	-95.7405	75.2168	357.409	-353.719	-297.973	-229.018	134.01	18.4494	-95.7774	75.2168	219.518	357.434	10.2509	10	0	86.6817	76.0592	-0.234751	235.253	76.0592	-0.234751	235.253	
13209	55960	48.8756	127.505	45.9315	-99999	47.127	-0.823147	0	0	0	0	0	-95.7235	-97.9972	130.023	96.2873	-549.901	-571.5	-80.966	-80.0581	-83.3092	130.023	112.427	96.154	-549.901	-559.669	-571.617	4.46419	20	0	64.9829	74.6003	-47.6078	-698.131	74.6003	-47.6078	-698.131	
13209	71554	200.716	503.668	199.973	-99999	105.155	-0.99552	0	0	0	0	0	-321.415	-299.977	133.549	-64.4273	791.461	793.256	-321.537	-310.678	-300.104	133.612	33.9991	-65.0824	791.467	787.055	793.404	8.11736	7	0	50.8735	-20.0253	-43.2873	203.292	-20.0253	-43.2873	203.292	
13209	71585	156.914	784.683	154.551	-99999	-10.711	-0.884226	1	1	1	1	1	-169.494	-105.892	129.345	-7.46953	469.331	500.779	-172.864	-139.689	-108.206	129.378	60.5974	-9.54365	469.323	487.318	500.67	10.4582	8	0	76.2782	-10.6783	-33.4459	504.406	-10.6783	-33.4459	504.406	
13209	74689	292.516	776.772	289.668	91.1138	89.865	-0.91803	1	1	1	1	1	-244.356	-167.115	131.078	-136.913	277.987	204.531	-244.638	-209.212	-166.789	132.357	-1.72447	-138.321	278.463	232.695	204.431	9.35004	9	0	91.3602	89.899	-25.1906	231.172	89.899	-25.1906	231.172	
13209	7198	305.469	935.509	305.429	-99999	110.551	-0.988213	0	0	0	0	0	-337.912	-334.953	133.112	-167.291	339.284	387.632	-338.038	-336.555	-335.079	133.112	-17.1548	-167.291	339.284	362.08	387.632	4.86601	11	0	35.7343	5.07754	-16.4185	361.874	5.07754	-16.4185	361.874	
13209	95583	242.89	598.103	242.044	-99999	-43.053	-0.867692	1	1	1	1	1	-218.695	-311.174	133.088	-80.7107	-327.104	-266.262	-218.645	-267.928	-311.447	133.088	24.3488	-81.3801	-327.104	-305.133	-265.863	4.36674	11	0	85.7822	-43.0357	-39.0249	-280.257	-43.0357	-39.0249	-280.257	
13209	72483	66.6868	173.659	66.3479	-99999	-41.541	-0.814817	1	1	1	1	1	-163.745	-203.741	132.769	79.9314	-839.113	-836.064	-170.079	-190.269	-210.269	133.046	106.549	79.9314	-839.113	-837.845	-836.064	4.12342	6	0	64.6124	-41.5071	-61.5038	-849.152	-41.5071	-61.5038	-849.152	
13209	76564	38.7783	128.616	37.7879	76.024	57.028	-0.679879	0	0	0	0	0	-191.072	-216.315	132.561	105.517	766.478	773.739	-190.908	-204.437	-216.837	132.72	119.432	104.977	766.435	770.423	773.797	10.9847	7	0	75.035	69.5884	33.7084	754.778	69.5884	33.7084	754.778	
13209	80438	107.863	396.187	107.645	-99999	21.029	-0.812339	1	1	1	1	1	-241.775	-285.191	129.662	40.7042	351.467	393.695	-241.799	-263.45	-285.299	129.662	85.2103	40.5143	351.467	373	393.76	6.71445	11	0	122.869	21.0523	-25.6244	425.317	21.0523	-25.6244	425.317	
13209	56753	328.28	715.811	294.163	-99999	-35.907	-0.992753	0	0	0	0	0	-242.61	-245.464	132.155	-150.547	-578.689	-527.613	-242.559	-244.621	-245.559	132.263	-28.9416	-152.669	-578.7	-550.832	-496.099	6.73036	11	0	68.2645	-35.8824	41.3044	-838.784	-35.8824	41.3044	-838.784	
13209	57473	246.942	631.413	246.425	82.4176	80.496	-0.904797	1	1	1	1	1	-223.787	-125.779	132.269	-89.6267	227.779	187.431	-223.898	-177.017	-125.68	132.532	21.4412	-89.8244	227.833	201.478	187.408	5.51634	6	0	78.7259	80.529	-26.5732	195.954	80.529	-26.5732	195.954	
13209	58313	310.016	736.062	305.932	-99999	85.624	-0.877611	1	1	1	1	1	-230.745	-89.4932	131.928	-138.624	-49.9564	-29.6324	-204.101	-131.117	-60.9834	132.235	-4.11728	-141.941	-49.9858	-39.862	-29.486	4.30605	6	0	52.072	85.6318	-67.4156	-35.0307	85.6318	-67.4156	-35.0307	
13209	73962	310.77	2265.97	310.51	-99999	110.676	-0.920415	0	0	0	0	0	-214.824	-97.2207	129.734	-157.083	188.199	205.925	-180.266	-121.614	-62.5632	129.97	-13.6331	-157.083	188.184	197.065	205.925	11.2618	7	0	96.079	-45.5461	16.2255	787.291	-45.5461	16.2255	787.291	
13209	85409	218.935	561.223	217.399	-99999	98.322	-0.941929	1	1	1	1	1	-246.621	-320.486	131.941	-71.1584	618.174	636.916	-246.7	-285.265	-320.729	132.039	29.9511	-72.5793	618.17	626.26	636.896	6.5899	11	0	92.2351	98.3556	-20.4383	634.563	98.3556	-20.4383	634.563	
13209	87809	192.261	469.243	191.236	-99999	-31.123	-0.776892	1	1	1	1	1	-214.836	-225.429	132.367	-17.0459	-694.781	-577.987	-214.718	-220.742	-225.393	133.134	58.3292	-17.0459	-695.405	-635.684	-577.987	6.08778	15	0	95.2851	-31.1017	0.424105	-609.547	-31.1017	0.424105	-609.547	
13209	88006	127.963	330.223	127.625	-99999	53.069	-0.86813	1	1	0	0	0	-196.797	-129.377	132.571	25.3528	-810.552	-800.261	-180.341	-149.042	-112.759	132.862	77.8333	25.3528	-810.59	-801.536	-800.261	6.18749	7	0	74.9159	53.0917	27.0714	-784.377	53.0917	27.0714	-784.377	
13209	80056	241.216	580.166	240.087	-99999	-46.033	-0.909237	1	1	1	1	1	-216.429	-324.083	132.379	-76.8981	500.477	539.204	-216.112	-266.486	-324.17	133.069	25.4291	-77.198	500.304	519.862	539.36	4.55842	14	0	72.3776	-46.0189	-40.7212	534.596	-46.0189	-40.7212	534.596	
13209	57519	151.737	340.195	151.128	-99999	-35.282	-0.93121	1	1	1	0	0	-293.324	-348.726	134.125	2.7125	250.185	295.18	-293.284	-314.969	-349.115	134.125	66.1555	2.30274	250.185	274.955	295.297	6.18414	6	0	70.0751	-35.0702	20.3085	279.423	-35.0702	20.3085	279.423	
13209	17504	179.492	499.566	176.531	25.5146	23.509	-0.953144	1	1	1	1	1	-233.777	-191.894	109.883	-46.6826	-892.167	-825.741	-234.131	-215.853	-191.57	111.681	28.5799	-47.4127	-892.588	-864.219	-825.03	4.12685	6	0	77.1406	23.5396	-7.16446	-794.386	23.5396	-7.16446	-794.386	
13209	82401	277.183	673.024	274.516	-99999	-24.745	-0.969216	1	1	1	1	1	-181.689	-139.803	128.44	-139.366	722.078	762.695	-189.661	-172.244	-147.331	130.309	-5.29185	-140.054	721.651	744.04	762.798	4.7352	6	0	74.1619	-24.7174	-32.0047	732.661	-24.7174	-32.0047	732.661	
13209	96394	85.7242	215.101	85.2664	-99999	108.431	-0.958328	0	0	0	0	0	-107.693	-95.2702	131.082	49.1711	433.274	453.325	-73.7389	-67.1874	-61.2548	131.082	90.012	48.7227	433.274	443.597	453.386	4.10981	6	0	51.5136	-999999	-999999	-999999	-999999	-999999	-999999	
13209	86844	231.532	606.337	231.145	113.016	1.066	-0.948123	0	0	0	0	0	-220.007	-155.552	133.022	-57.3362	-179.411	-288.038	-220.022	-199.238	-155.427	133.119	33.3759	-57.5474	-179.383	-232.692	-288.098	8.72749	8	0	96.4312	23.7927	-46.7494	466.44	23.7927	-46.7494	466.44	
13209	13675	245.992	2863.33	245.983	-20.5181	-19.244	-0.756773	1	1	1	1	1	-154.669	-272.848	133.381	-53.1628	199.496	306.083	-154.669	-216.327	-272.848	133.381	41.8677	-53.1628	199.496	253.632	306.083	5.67932	8	0	72.3847	-19.208	-12.0067	273.903	-19.208	-12.0067	273.903	
13209	14755	68.1629	193.612	67.4117	-99999	-47.875	-0.622446	1	0	0	0	0	-302.28	-275.527	133.02	91.4835	436.34	482.051	-302.347	-289.472	-275.268	133.214	111.183	91.2355	436.13	458.687	482.349	5.43471	14	0	83.8858	-47.8403	34.6401	435.277	-47.8403	34.6401	435.277	
13209	88920	273.389	466.899	273.316	-99999	-15.22	-0.777368	1	1	1	0	0	-335.615	-310.207	112.873	-88.0616	-891.021	-711.017	-335.597	-326.664	-310.19	112.873	5.88433	-88.0616	-891.021	-807.062	-711.017	5.58487	13	0	84.3677	-15.1962	-15.2276	-766.984	-15.1962	-15.2276	-766.984	
13209	101651	97.401	292.188	96.2086	-149.693	-36.647	-0.708097	0	0	0	0	0	-218.973	-188.96	132.143	67.8648	320.409	255.748	-219.341	-202.384	-188.929	132.89	100.345	67.7791	321.053	289.21	255.645	6.95769	14	0	93.5683	-999999	-999999	-999999	-999999	-999999	-999999	
13209	86747	157.7	466.776	157.315	-45.4582	-47.269	-0.984932	1	1	1	1	1	-224.189	-204.259	132.456	-22.021	-277.121	-295.452	-224.203	-215.522	-204.254	132.665	55.2009	-22.1759	-277.088	-288.48	-295.45	11.5551	7	0	134.816	-47.2331	-2.32995	-282.478	-47.2331	-2.32995	-282.478	
13209	79030	94.8125	269.449	94.2145	-99999	49.284	-0.774582	1	1	1	1	1	-216.466	-154.374	131.104	60.7627	-17.7233	-9.4076	-201.395	-170.247	-138.941	131.573	96.1418	60.7627	-17.7936	-13.2046	-9.4076	5.30474	6	0	99.4114	49.3028	0.521989	-5.06385	49.3028	0.521989	-5.06385	
13209	80927	289.964	690.747	289.268	-99999	-37.759	-0.940456	1	1	1	1	1	-149.98	-81.0312	130.193	-146.301	412.074	434.517	-161.821	-125.65	-92.6502	130.242	-7.65577	-146.884	412.068	437.935	434.372	4.31056	16	0	73.5273	-37.7249	-37.7924	434.595	-37.7249	-37.7924	434.595	
13209	79187	103.84	406.985	103.283	-99999	93.096	-0.945564	1	1	1	1	1	-218.87	-241.036	131.849	31.3412	-614.849	-614.506	-218.8	-233.211	-241.149	132.328	82.4935	31.2985	-614.839	-616.57	-614.501	5.72038	10	0	104.901	93.1287	11.2015	-352.862	93.1287	11.2015	-352.862	
13209	15990	90.0717	251.599	87.854	-99999	78.987	-0.967485	1	1	1	1	1	-216.443	-234.508	131.188	47.6968	-707.01	-686.748	-191.321	-200.46	-209.773	133.329	90.4951	47.6968	-707.407	-696.969	-686.748	4.04359	9	0	49.8098	81.5401	14.7835	-342.11	50.4901	-35.2873	-692.348	
13209	85325	232.104	602.596	231.549	-99999	101.684	-0.664449	0	0	0	0	0	-240.168	-172.918	130.288	-10.8329	313.696	144.848	-208.423	-178.433	-141.016	130.563	51.1986	-10.879	313.989	234.939	144.729	5.7195	13	0	87.5992	-999999	-999999	-999999	-999999	-999999	-999999	
13209	74288	42.5779	140.251	41.0806	45.5791	42.485	-0.897486	0	0	0	0	0	-226.1	-204.737	132.261	97.5642	-291.941	-292.983	-226.307	-216.047	-204.13	132.696	114.142	96.8095	-291.995	-290.63	-293.252	7.36098	11	0	79.4245	42.5316	7.12127	-272.159	42.5316	7.12127	-272.159	
13209	72207	26.2425	189.298	26.2421	-99999	-27.55	-0.53978	1	1	1	1	1	-268.482	-287.659	133.255	119.615	238.333	249.898	-268.45	-278.056	-287.628	133.255	126.16	119.615	238.333	243.768	249.898	28.0186	13	0	171.612	-27.5257	33.5325	265.622	-27.5257	33.5325	265.622	
13209	101436	192.342	1205.4	174.238	-99999	-42.627	-0.441753	1	1	1	1	1	-213.985	-219.038	132.856	-15.566	271.059	182.999	-213.936	-216.59	-224.062	132.856	50.4916	-25.757	271.059	222.808	169.926	115.194	14	0	457.26	-42.5967	-22.3538	168.62	-42.5967	-22.3538	168.62	
13209	75168	351.876	1603.58	351.223	-36.4896	-37.802	-0.890214	1	1	1	1	1	-100.918	-274.828	133.205	-171.607	573.125	559.62	-100.918	-187.995	-275.197	133.205	-19.5236	-172.137	573.125	566.648	559.633	168.557	9	0	636.887	-37.7765	-39.9591	563.862	-37.7765	-39.9591	563.862	
13209	57221	40.3396	193.666	39.4403	-99999	33.855	-0.598938	0	0	0	0	0	-151.369	-179.734	133.08	108.884	-115.659	-105.037	-145.634	-160.53	-174.452	133.5	122.347	108.884	-115.992	-109.339	-105.037	4.35535	7	0	92.8484	33.9034	35.2967	-116.053	33.9034	35.2967	-116.053	
13209	2533	169.267	394.946	169.02	-99999	-37.617	-0.96133	1	1	1	1	0	-62.4689	-122.043	133.031	-22.4607	-254.993	-239.822	-74.19	-96.7196	-133.822	133.264	52.5366	-22.4607	-255.022	-243.68	-239.822	7.13288	8	0	75.1135	-37.5939	20.3625	-237.188	-37.5939	20.3625	-237.188	
13209	82017	105.961	339.655	99.78	-99999	25.658	-0.917324	1	1	1	0	0	-145.266	-150.358	130.529	39.3311	-680.149	-646.902	-137.06	-144.87	-141.423	133.074	84.5431	38.4862	-681.219	-663.318	-646.324	5.37178	15	0	127.89	25.687	27.4625	-651.407	25.687	27.4625	-651.407	
13209	82249	285.286	680.456	284.402	-99999	88.168	-0.898795	1	1	1	1	1	-249.067	-290.1	133.588	-132.541	584.331	672.382	-249.168	-273.269	-290.048	133.588	2.43163	-133.375	584.331	634.741	672.575	7.41099	12	0	84.2919	88.202	-30.0239	646.595	88.202	-30.0239	646.595	
13209	82729	280.51	689.778	280.334	-99999	46.921	-0.924647	1	1	1	0	0	-241.611	-321.013	132.88	-128.245	809.031	870.863	-241.664	-279.762	-321.138	132.88	2.05682	-128.399	809.031	842.105	870.884	4.32489	8	0	68.844	46.9457	-23.8334	806.381	46.9457	-23.8334	806.381	
13209	81426	419.504	1096.9	365.954	24.1892	26.099	-0.693842	1	1	1	1	1	-65.1742	-322.652	127.576	-114.309	-675.234	-579.918	-61.5553	-209.508	-356.393	131.145	-6.92803	-146.325	-676.495	-621.428	-567.031	13.7183	7	0	134.802	26.1275	-73.2378	-592.305	26.1275	-73.2378	-592.305	
13209	20969	221.17	518.782	203.68	-99999	0.125	-0.76348	1	1	1	1	1	-62.5007	-197.86	109.757	-42.0218	-313.917	-302.967	-62.1626	-135.469	-208.955	110.113	27.5359	-54.8913	-313.936	-307.995	-303.316	5.39233	7	0	67.9213	0.15613	-25.7641	-301.917	0.15613	-25.7641	-301.917	
13209	78949	55.8298	135.059	55.6159	-99999	56.445	-0.507412	1	1	1	1	1	-175.607	-219.846	132.913	106.289	-405.034	-425.678	-166.577	-188.629	-210.976	133.022	119.46	106.289	-404.943	-415.369	-425.678	8.58101	9	0	54.006	56.4769	21.2057	-464.727	56.4769	21.2057	-464.727	
13209	78950	142.189	348.173	141.626	-99999	0.093	-0.762433	1	1	1	1	1	-317.795	-219.83	133.972	36.7248	-359.582	-338.586	-317.795	-269.085	-219.548	133.972	82.4219	36.4058	-359.582	-355.658	-338.226	4.28586	14	0	73.7657	0.110088	22.362	-350.822	0.110088	22.362	-350.822	
13209	80150	228.819	726.923	228.55	-99999	32.609	-0.909718	1	1	0	0	0	-164.731	-98.1795	133.613	-83.4494	-876.886	-857.741	-154.638	-125.071	-87.9682	133.841	24.0556	-83.4494	-876.901	-865.322	-857.741	123.083	6	0	253.292	32.6219	-30.5972	-832.055	32.6219	-30.5972	-832.055	
13209	76246	126.669	348.948	126.28	-99999	17.797	-0.861501	1	1	1	0	0	-215.721	-281.703	131.278	24.1036	-249.666	-246.883	-215.541	-247.983	-281.723	131.609	77.4874	24.1036	-249.688	-244.384	-246.883	4.19435	7	0	80.318	9.22551	-14.8238	-69.1231	9.22551	-14.8238	-69.1231	
13209	77926	87.281	274.47	87.0466	77.0774	74.565	-0.859358	1	1	0	0	0	-200.674	-230.029	132.851	59.2001	-210.715	-176.768	-200.592	-219.624	-230.029	133.05	96.8481	59.2001	-210.795	-195.683	-176.768	4.50152	16	0	88.902	69.2359	-8.12576	-470.229	69.2359	-8.12576	-470.229	
13209	72070	94.9245	242.21	93.5448	-99999	116.136	-0.969216	0	0	0	0	0	-264.982	-272.597	134.158	44.2193	-179.75	-156.988	-265.112	-267.149	-272.74	134.193	87.7791	43.0297	-179.758	-170.353	-156.383	5.67638	10	0	69.4316	30.313	-26.0176	-126.299	30.313	-26.0176	-126.299	
13209	75179	150.062	373.174	147.374	-99999	-27.961	-0.95109	1	1	1	0	0	-324.463	-329.895	131.787	-6.4079	362.064	412.502	-324.121	-327.83	-329.882	133.851	63.3877	-6.86253	361.483	386.764	412.659	6.42449	14	0	76.5893	-27.9436	24.8554	395.699	-27.9436	24.8554	395.699	
13209	76499	57.1994	151.624	56.7785	-99999	10.062	-0.588649	0	0	0	0	0	-171.305	-125.884	126.966	95.2864	445.395	432.899	-168.475	-145.727	-122.733	127.222	111.141	95.2864	445.486	439.031	432.899	4.7854	7	0	67.8288	71.035	72.4477	226.567	71.035	72.4477	226.567	
13209	72819	208.26	2310.53	206.808	-47.9857	-47.877	-0.340441	1	1	1	1	1	-358.71	-186.923	59.0906	-33.1076	772.534	706.85	-360.013	-269.383	-186.923	59.5727	17.1497	-33.1076	772.934	744.304	706.85	4.69133	10	0	79.4101	-47.8768	20.1637	744.065	-47.8768	20.1637	744.065	
13209	66519	629.129	1296.1	627.203	-617.107	28.599	-0.640664	0	0	0	0	0	-251.18	-113.253	134.683	-148.074	-398.781	141.294	-251.18	-187.971	-112.86	134.683	-19.4769	-148.197	-398.781	-132.355	143.158	5.35019	13	0	56.4201	49.7329	-39.4104	-22.982	83.2629	25.6723	-131.117	
13209	67239	284.88	740.479	282.365	-99999	-23.536	-0.923737	1	1	1	1	1	-218.142	-309.538	131.77	-117.452	-771.806	-677.681	-217.844	-259.76	-310.093	132.782	4.81624	-118.736	-772.121	-725.941	-677.544	6.72904	6	0	85.018	-23.5036	-35.9226	-692.277	-23.5036	-35.9226	-692.277	
13209	80784	160.164	441.441	160.095	-99999	48.678	-0.797386	1	1	1	1	0	-88.7166	-174.215	130.49	3.31968	423.217	465.526	-73.4734	-118.416	-159	130.49	68.5114	3.26327	423.217	446.286	465.528	21.3695	8	0	109.503	51.0682	-10.014	499.664	51.0682	-10.014	499.664	
13209	86167	40.0855	133.532	39.7899	-99999	85.057	-0.968385	0	0	0	0	0	-268.201	-277.491	133.448	94.8943	-783.961	-783.143	-268.292	-272.227	-277.616	133.471	113.837	94.65	-783.962	-784.335	-783.093	8.17248	7	0	76.0975	85.0697	49.1975	-766.634	85.0697	49.1975	-766.634	
13209	85454	118.405	341.784	117.339	-99999	46.57	-0.674302	1	1	1	1	1	-219.746	-275.812	133.199	52.6331	157.596	221.854	-219.799	-248.248	-276.313	133.199	92.8001	51.8157	157.596	190.198	222.368	4.94334	6	0	85.7878	46.6013	-58.3756	308.573	46.6013	-58.3756	308.573	
13209	89064	111.557	255.32	110.791	-99999	14.138	-0.774909	1	1	1	1	1	-255.926	-320.032	132.897	46.8912	59.9993	87.6824	-255.701	-287.864	-320.245	133.211	89.7563	46.6036	59.9021	73.6163	87.767	4.8368	8	0	43.0472	14.155	16.0541	99.5529	14.155	16.0541	99.5529	
13209	84745	292.32	732.527	290.421	-99999	89.461	-0.924964	1	1	1	1	1	-236.79	-149.672	132.889	-140.569	-150.204	-182.376	-208.785	-167.672	-120.867	132.913	-4.13307	-142.257	-150.198	-179.196	-182.362	4.68577	9	0	83.6089	89.4953	-40.8878	-175.668	89.4953	-40.8878	-175.668	
13209	21062	233.641	3615.51	227.947	15.6507	8.433	-0.670115	1	1	1	1	1	-170.808	-333.373	129.689	-7.054	-18.7514	62.0928	-167.193	-250.75	-333.541	133.171	63.9619	-7.30189	-20.6185	21.3196	62.1496	5.03146	8	0	79.9402	8.46077	-7.15981	51.1772	8.46077	-7.15981	51.1772	
13209	81151	222.899	583.502	222.785	-99999	113.72	-0.852211	0	0	0	0	0	-208.133	-96.6009	132.308	-60.1937	-381.092	-369.522	-172.582	-116.718	-60.9902	132.404	36.1649	-60.1937	-381.101	-374.972	-369.522	5.35565	6	0	59.7816	53.5227	-2.72136	-268.287	53.5227	-2.72136	-268.287	
13209	82554	186.981	446.772	185.045	47.3543	46.926	-0.83375	1	1	1	1	1	-154.612	-242.928	130.119	-28.3096	47.7496	15.4002	-154.296	-204.157	-243.511	130.612	53.5404	-29.5168	47.8174	30.7395	15.4503	4.5729	8	0	76.1912	38.3273	-14.0176	-136.945	38.3273	-14.0176	-136.945	
13209	104409	315.875	797.349	307.503	-99999	99.566	-0.849735	0	0	0	0	0	-298.592	-260.295	132.745	-133.437	-795.225	-656.373	-298.706	-263.573	-260.808	132.745	-2.69473	-134.644	-795.225	-722.179	-648.421	4.64991	10	0	112.686	30.3349	14.0108	539.214	30.3349	14.0108	539.214	
13209	78701	53.0155	180.399	51.0723	-99999	40.605	-0.988573	0	0	0	0	0	-219.718	-228.26	132.029	83.1782	851.853	859.242	-219.765	-223.591	-228.475	132.029	107.413	82.0231	851.853	854.982	859.397	6.71209	10	0	98.3218	40.6202	30.0642	790.093	40.6202	30.0642	790.093	
13209	82422	233.772	534.934	233.684	-99999	-15.796	-0.875683	1	1	1	1	1	-355.413	-250.859	75.9435	-128.538	666.328	700.943	-355.433	-306.546	-250.841	76.0156	-28.9379	-128.538	666.321	680.817	700.943	6.85446	15	0	85.1287	-15.7736	-9.82774	677.995	-15.7736	-9.82774	677.995	
13209	82219	151.66	371.808	151.278	-99999	-27.352	-0.864313	1	1	1	1	1	-308.67	-241.528	133.45	6.30104	176.017	220.835	-308.776	-277.845	-241.497	133.779	68.1904	6.30104	175.891	197.775	220.835	5.42118	8	0	82.0382	-27.3445	20.207	207.35	-27.3445	20.207	207.35	
13209	83299	443.971	968.508	401.078	-99999	55.623	-0.608788	1	1	1	1	1	-81.7145	-120.76	129.925	-87.0971	84.905	390.258	-64.2378	-100.139	-103.342	130.184	9.92922	-87.0971	84.5801	266.762	390.258	5.11874	7	0	105.253	55.669	-1.85718	257.964	55.669	-1.85718	257.964	
13209	83314	441.437	1207.54	441.373	-99999	96.734	-0.514009	1	1	1	1	1	-249.135	-286.879	133.833	-84.864	-268.101	101.653	-249.246	-270.623	-286.99	133.833	10.4039	-84.864	-268.101	-86.5463	101.653	5.95819	9	0	86.235	96.7769	-15.4338	-45.4614	96.7769	-15.4338	-45.4614	
13209	83865	210.183	630.484	210.084	-99999	-25.865	-0.860559	1	1	1	1	1	-261.025	-216.812	133.753	-49.5364	-736.966	-649.614	-260.995	-229.989	-216.791	133.753	43.467	-49.6116	-736.966	-693.074	-649.615	23.5116	8	0	159.604	-25.8436	-3.86421	-670.143	-25.8436	-3.86421	-670.143	
13209	2974	107.656	297.27	104.601	-99999	112.412	-0.508067	0	0	0	0	0	-164.919	-97.8637	134.358	80.1627	-237.653	-178.44	-129.718	-95.2888	-60.6049	134.358	106.385	78.6093	-237.653	-207.174	-176.803	4.36269	7	0	64.521	53.27	-23.8509	-257.142	53.27	-23.8509	-257.142	
13209	82822	348.33	757.103	347.096	-99999	-5.073	-0.866762	1	1	1	1	1	-141.736	-186.062	132.361	-162.736	-447.739	-623.178	-143.24	-165.917	-187.651	133.424	-16.7255	-162.736	-447.131	-532.295	-623.178	8.60839	14	0	86.4328	-5.03369	-25.9184	-537.051	-5.03369	-25.9184	-537.051	
13209	83302	366.73	975.844	366.509	89.9466	88.402	-0.514581	1	1	1	1	1	-242.336	-132.998	131.626	-67.7314	330.16	616.278	-242.357	-186.148	-132.917	131.656	36.365	-67.7925	330.114	476.098	616.395	6.94597	8	0	88.0495	88.4472	-17.273	510.187	88.4472	-17.273	510.187	
13209	67742	295.154	860.105	294.501	-99999	-7.363	-0.557288	1	1	1	1	1	-62.4741	-261.583	56.1391	-107.883	-320.972	-179.167	-62.0459	-161.694	-261.583	56.4985	-26.272	-107.883	-321.29	-250.604	-179.167	8.09811	17	0	166.304	-7.30971	-48.0856	-208.098	-7.30971	-48.0856	-208.098	
13209	80465	112.642	294.903	110.364	-99999	75.891	-0.96433	1	1	1	1	0	-213.978	-196.482	129.02	22.6487	591.068	597.391	-190.473	-176.332	-172.85	130.169	76.2839	22.2496	590.868	598.017	597.355	5.94717	9	0	83.1965	75.8953	12.9747	594.556	75.8953	12.9747	594.556	
13209	83417	91.2524	230.461	90.5932	-99999	-3.089	-0.978701	1	1	0	0	0	-355.927	-337.639	134.504	47.0438	-47.5284	-35.4874	-355.973	-349.022	-337.501	134.817	90.0486	46.739	-47.5758	-42.3621	-35.4631	5.36779	8	0	73.5975	-3.07469	58.3067	-30.986	-3.07469	58.3067	-30.986	
13209	80317	290.499	843.374	286.043	-99999	13.071	-0.953691	1	1	1	1	1	-138.879	-179.983	126.33	-152.043	271.03	296.498	-134.428	-146.558	-175.995	130.366	-12.8429	-152.23	269.853	289.579	296.449	57.4128	8	0	166.552	13.1038	-21.8099	285.617	13.1038	-21.8099	285.617	
13209	97475	260.774	894.138	256.552	18.7145	43.197	-0.6778	0	0	0	0	0	-331.191	-186.257	130.318	-48.8135	-502.001	-609.871	-333.262	-262.626	-186.098	132.918	44.483	-49.131	-500.09	-564.743	-610.012	5.85467	11	0	85.756	48.883	-50.4521	-732.467	14.823	5.09626	-568.454	
13209	82050	231.107	471.464	227.863	-529.353	104.75	-0.696658	0	0	0	0	0	-135.963	-285.894	132.99	-27.843	80.9618	128.838	-135.963	-215.793	-287.743	132.99	50.9478	-29.8965	80.9618	94.8931	130.526	4.23417	13	0	64.3769	58.2271	-26.473	768.511	58.2271	-26.473	768.511	
13209	82050	222.727	590.755	221.619	-99999	58.203	-0.649691	1	1	1	1	1	-70.3779	-219.574	38.2977	-109.041	826.794	756.218	-60.9969	-136.641	-210.751	38.5193	-35.4859	-109.374	826.908	792.243	755.615	4.13904	8	0	64.0013	58.2271	-26.473	768.511	58.2271	-26.473	768.511	
13209	71765	239.667	652.521	239.645	-22.3998	-23.516	-0.979125	1	1	1	1	1	-226.335	-185.208	132.069	-96.7406	818.536	861.128	-226.335	-215.563	-185.208	132.069	16.4238	-96.7406	818.536	847.501	861.128	5.52099	28	0	100.973	-23.4892	-20.3411	793.794	-23.4892	-20.3411	793.794	
13209	86895	140.418	379.296	136.899	-99999	-13.846	-0.591925	1	1	1	1	1	-237.435	-347.461	131.59	52.4012	480.788	499.784	-236.687	-293.135	-349.434	132.139	91.4997	50.8037	480.68	490.211	500.266	8.89809	8	0	88.2995	-13.817	22.5977	484.846	-13.817	22.5977	484.846	
13209	68331	241.21	665.124	239.995	-99999	19.875	-0.937446	1	1	1	1	1	-224.8	-255.474	131.691	-93.5094	-516.536	-443.767	-224.789	-234.974	-255.769	131.924	18.5086	-94.3526	-516.616	-477.249	-443.417	4.63009	14	0	86.114	19.9036	-22.1636	-464.195	19.9036	-22.1636	-464.195	
13209	87063	252.201	632.357	250.466	110.06	106.46	-0.862058	0	0	0	0	0	-298.886	-186.441	133.234	-89.1336	-10.5978	-16.7292	-299.164	-235.451	-185.751	133.723	25.0736	-90.0523	-10.5588	-13.3098	-16.7283	4.86679	6	0	83.5858	-40.8273	-52.7436	-822.924	-40.8273	-52.7436	-822.924	
13209	86462	164.911	741.232	163.243	-99999	42.317	-0.825459	1	1	1	1	0	-343.618	-302.462	131.157	5.34364	276.183	184.276	-344.116	-320.449	-302.51	132.512	65.1686	5.34364	276.995	235.76	184.276	9.6019	6	0	68.8856	42.3384	27.394	222.247	42.3384	27.394	222.247	
13209	80152	58.9208	168.85	57.434	-99999	-43.326	-0.878539	0	0	0	0	0	-351.235	-346.497	129.668	75.6368	-145.466	-130.773	-351.182	-349.612	-346.33	130.154	103.346	74.8856	-145.683	-136.679	-130.656	5.04826	11	0	78.3646	-999999	-999999	-999999	-999999	-999999	-999999	
13209	81112	442.883	1085.06	440.462	83.6037	82.258	-0.205774	1	1	1	1	1	-227.142	-71.8589	131.906	-28.1496	-89.548	-466.071	-227.662	-147.855	-71.8589	132.407	47.7049	-28.1496	-87.2473	-275.358	-466.071	6.06622	14	0	95.2147	82.3035	-6.90603	-345.361	82.3035	-6.90603	-345.361	
13209	81298	279.43	881.257	279.418	-99999	49.627	-0.940109	1	1	1	1	1	-214.374	-202.161	133.676	-128.555	-683.641	-588.057	-222.173	-216.238	-209.959	133.676	2.53007	-128.555	-683.641	-635.918	-588.057	6.59081	12	0	53.3033	49.6567	-15.8643	-623.484	49.6567	-15.8643	-623.484	
13209	81486	207.798	559.965	206.976	-99999	46.517	-0.767558	1	1	1	1	1	-264.558	-288.206	132.612	-32.452	40.5592	160.155	-264.545	-274.94	-288.259	133.24	52.831	-32.452	40.0391	104.928	160.155	5.77183	12	0	71.1709	46.5249	7.86681	240.088	46.5249	7.86681	240.088	
13209	83562	92.388	329.343	67.0518	-99999	107.275	-0.935661	0	0	0	0	0	-231.785	-232.157	133.771	94.208	383.503	337.252	-231.908	-231.702	-233.822	133.771	117.309	87.0763	383.503	354.464	325.481	9.13495	11	0	247.49	76.1199	59.1181	-747.087	-22.2401	-0.545614	125.567	
13209	300	200.91	501.671	200.41	-99999	116.924	-0.792467	0	0	0	0	0	-220.022	-97.9097	130.199	-28.509	7.68711	15.54	-183.713	-122.798	-61.2956	130.594	50.8212	-28.509	7.66131	11.7497	15.54	14.6296	8	0	79.9711	34.4564	-16.4945	-800.971	34.4564	-16.4945	-800.971	
13209	102756	361.671	959.699	360.078	57.2752	53.576	-0.79565	1	1	1	1	1	-306.708	-124.352	132.504	-149.907	-310.08	-435.982	-307.364	-220.685	-124.352	133.661	-9.643	-149.907	-309.495	-377.597	-435.982	5.63905	10	0	82.7645	53.6133	-31.5222	-382.776	53.6133	-31.5222	-382.776	
13209	103957	378.596	946.075	377.811	-99999	90.126	-0.631048	0	0	0	0	0	-349.331	-233.033	94.7452	-138.357	533.69	264.188	-349.548	-281.922	-233.002	94.9473	-32.2601	-138.55	533.913	411.422	263.795	5.20789	9	0	92.8906	70.5423	-21.1881	-559.724	54.6723	-88.3507	183.694	
13209	88745	157.032	430.087	156.87	-99999	61.649	-0.964361	1	1	1	1	1	-277.399	-268.562	133.463	-10.072	-271.468	-211.453	-277.47	-268.081	-268.677	133.463	61.6148	-10.2116	-271.468	-241.724	-211.433	7.97241	6	0	113.187	61.6778	6.32701	-226.671	61.6778	6.32701	-226.671	
13209	80508	252.542	705.332	251.048	52.9333	50.207	-0.796197	1	1	1	1	1	-236.227	-100.706	132.249	-74.1515	-787.95	-760.821	-236.442	-160.13	-100.438	132.54	33.7403	-75.2401	-787.995	-770.814	-760.823	5.66155	8	0	136.217	50.2383	-20.1462	-758.355	50.2383	-20.1462	-758.355	
13209	78001	169.186	442.022	168.608	-16.4439	-15.234	-0.790762	1	1	1	1	1	-163.363	-263.327	131.156	16.5228	192.591	260.402	-163.231	-212.705	-263.585	131.339	67.7218	16.3395	192.536	218.028	260.523	6.35508	9	0	76.0448	-15.2008	9.03569	238.926	-15.2008	9.03569	238.926	
13209	78601	178.339	381.208	173.121	-99999	42.215	-0.80275	1	1	1	1	1	-189.985	-77.9638	129.69	-1.54426	588.347	599.892	-177.218	-121.645	-61.8202	130.308	61.0684	-4.89446	588.303	595.769	599.99	4.1047	6	0	40.8795	42.2407	10.9446	588.787	42.2407	10.9446	588.787	
13209	79321	374.164	886.302	373.552	18.6674	12.896	-0.804163	1	1	1	1	1	-327.942	-89.8853	133.308	-149.986	-246.896	-267.541	-328.268	-214.695	-89.8853	133.758	-14.2483	-149.986	-246.863	-259.502	-267.541	4.01127	14	0	69.371	12.9269	-24.1305	-238.1	12.9269	-24.1305	-238.1	
13209	80600	199.391	747.103	195.859	-99999	98.035	-0.902261	1	1	1	1	1	-227.8	-262.943	130.855	-44.9947	-450.437	-371.728	-227.912	-245.666	-263.76	130.855	41.251	-48.2233	-450.437	-410.528	-370.492	4.59491	12	0	150.746	98.0541	-47.4741	-356.254	98.0541	-47.4741	-356.254	
13209	82008	468.881	1262.56	467.41	-120.847	81.834	-0.749222	0	0	0	0	0	-73.5127	-238.43	133.14	-164.334	211.798	-104.224	-73.5127	-162.786	-239.071	133.14	-27.9964	-165.204	211.798	67.6875	-105.207	9.82051	7	0	200.01	81.175	-67.963	118.369	81.175	-67.963	118.369	
13209	89697	63.8271	166.156	60.4932	-99999	-40.943	-0.919158	1	0	0	0	0	-103.998	-76.1522	132.663	80.0146	-243.757	-236.27	-117.382	-105.209	-87.9848	133.921	104.591	78.388	-243.835	-241.684	-235.848	4.70922	6	0	74.8496	-40.917	57.3352	-230.745	-40.917	57.3352	-230.745	
13209	87036	128.082	349.67	128.025	-99999	3.444	-0.832001	1	1	0	0	0	-327.867	-303.66	133.066	31.0682	-222.774	-149.86	-327.874	-318.988	-303.662	133.107	80.5327	31.0625	-222.801	-187.468	-149.857	5.76054	13	0	113.64	3.46666	43.1163	-173.878	3.46666	43.1163	-173.878	
13209	87648	198.126	515.989	198.01	-99999	90.66	-0.639941	1	1	1	1	1	-122.338	-237.94	132.875	4.04336	-582.74	-678.877	-93.8838	-151.789	-209.55	132.948	68.3734	4.04336	-582.678	-630.524	-678.877	6.90583	10	0	59.0463	90.6798	-21.9597	-695.279	90.6798	-21.9597	-695.279	
13209	89208	563.293	1444.49	557.329	-99999	-24.524	-0.548622	1	1	1	1	1	-193.474	-80.1017	130.64	-162.421	225.463	-233.245	-202.782	-148.921	-87.4116	133.332	-12.1427	-163.076	229.195	-5.54354	-234.005	13.3714	16	0	106.947	-24.8531	-34.1326	-105.417	-24.8531	-34.1326	-105.417	
13209	83938	119.964	359172	117.813	-99999	116.95	-0.674995	0	0	0	0	0	-211.175	-222.008	132.425	33.9772	-730.649	-789.774	-211.309	-216.347	-222.509	132.425	83.6729	31.9439	-730.649	-762.775	-789.577	67127.3	17	0	357662	25.885	-53.3344	149.114	-46.325	4.985	-541.572	
13209	84217	149.163	415.806	148.057	-32.45	-32.881	-0.811796	1	1	1	1	1	-269.648	-189.473	132.543	20.8082	764.133	714.548	-269.816	-232.391	-188.955	132.911	74.0965	20.6126	764.328	738.232	714.225	4.64329	9	0	78.0156	-32.8473	11.1291	724.038	-32.8473	11.1291	724.038	
13209	106022	225.026	532.08	213.447	-99999	25.345	-0.700615	0	0	0	0	0	-171.165	-158.262	131.882	-23.1338	-873.704	-728.761	-163.276	-153.368	-152.38	132.15	46.8236	-30.8787	-873.991	-801.527	-721.098	5.53755	7	0	80.3516	88.311	22.1914	20.357	88.311	22.1914	20.357	
13209	88841	122.83	312.353	121.829	-249.4	-19.762	-0.993735	1	1	1	1	1	-227.478	-201.973	132.896	14.237	486.397	490.545	-227.478	-216.555	-201.592	132.896	72.5161	13.3362	486.397	488.351	490.707	7.97501	6	0	84.1546	-19.7265	-31.655	362.757	-19.7265	-31.655	362.757	
13209	89201	187.863	525.538	187.23	-99999	35.621	-0.995661	1	1	1	1	0	-341.281	-301.416	133.098	-47.6207	-665.661	-645.496	-341.346	-326.227	-301.376	133.492	41.2606	-47.8137	-665.634	-658.735	-645.406	10.2503	10	0	181.358	35.6409	0.739039	-647.879	35.6409	0.739039	-647.879	
13209	89921	73.659	184.443	72.6994	-99999	42.4	-0.910512	1	1	0	0	0	-104.994	-74.6349	129.453	63.4487	696.915	699.501	-92.114	-76.8029	-61.3576	130.325	96.8529	63.4487	696.879	698.136	699.501	4.00604	7	0	53.8309	42.4276	30.9187	699.529	42.4276	30.9187	699.529	
13209	90119	534.275	1217.74	534.082	15.3162	12.962	-0.400989	1	1	1	1	1	-299.335	-178.892	117.318	-77.7818	-888.208	-409.123	-299.335	-229.385	-178.892	117.318	12.3579	-77.7818	-888.208	-652.856	-409.123	4.98757	8	0	46.2946	12.9817	-9.8926	-618.94	12.9817	-9.8926	-618.94	
13209	105314	279.348	580.752	279.31	-99999	0.757	-0.632487	1	1	1	1	1	-238.334	-266.249	131.959	-51.8429	-547.102	-342.52	-238.334	-249.737	-266.249	131.971	31.6007	-51.8429	-547.116	-451.077	-342.52	4.00284	15	0	74.7003	0.790836	-17.7001	-411.195	0.790836	-17.7001	-411.195	
13209	94113	23.5605	90.4629	22.5992	-99999	22.4	-0.999703	0	0	0	0	0	-300.21	-297.555	132.724	110.589	730.427	733.433	-300.221	-299.28	-297.574	133.508	121.848	110.437	730.444	731.352	733.491	4.32574	11	0	81.5493	6.41844	-29.5638	-400.955	6.41844	-29.5638	-400.955	
13209	90699	309.693	1006.37	301.048	-99999	-45.988	-0.984181	1	1	1	1	1	-253.441	-277.04	132.044	-165.923	399.396	365.881	-253.273	-264.681	-277.828	132.94	-20.3222	-173.523	399.529	380.741	364.941	12.7528	14	0	267.363	-45.981	-31.7938	376.982	-45.981	-31.7938	376.982	
13209	95805	204.836	383.217	199.515	-99999	10.434	-0.971633	1	1	1	1	1	-239.2	-219.219	132.801	-53.4258	-851.015	-789.998	-239.211	-226.735	-219.291	132.801	35.3927	-54.086	-851.015	-822.228	-789.879	4.75692	10	0	32.0355	14.997	10.2595	-762.861	14.997	10.2595	-762.861	
13209	97029	326.015	1904.21	325.581	23.9675	23.005	-0.738243	1	1	1	1	1	-131.915	-336.008	133.18	-104.677	-166.355	-247.945	-131.65	-230.91	-336.008	133.492	8.9844	-104.677	-166.249	-200.521	-247.945	10.1588	6	0	76.1784	23.0391	-35.6286	-218.337	23.0391	-35.6286	-218.337	
13209	89598	75.0847	224.633	74.5669	-99999	35.516	-0.88071	1	0	0	0	0	-197.665	-216.785	132.004	67.7927	-46.733	-77.2402	-192.054	-197.079	-211.204	132.455	98.5801	67.7927	-46.4865	-61.762	-77.2402	5.17471	12	0	73.7009	42.8754	-75.4527	357.684	42.8754	-75.4527	357.684	
13209	84579	202.431	501.872	202.28	-99999	38.013	-0.959804	1	1	1	1	1	-307.398	-255.972	132.023	-55.7315	196.661	242.748	-307.46	-291.127	-256.008	132.146	33.9393	-55.7437	196.627	214.551	242.755	5.43187	12	0	86.4404	38.0282	3.08654	225.331	38.0282	3.08654	225.331	
13209	85563	186.265	465.662	186.003	-99999	40.775	-0.872637	1	1	1	1	0	-162.63	-73.9745	130.28	-32.8991	459.455	469.494	-149.935	-104.829	-61.1552	130.411	49.0838	-32.9958	459.449	464.297	469.503	5.33787	6	0	58.5732	40.8088	-14.9759	452.633	40.8088	-14.9759	452.633	
13209	90978	351.441	2127.67	345.772	67.2889	66.322	-0.582081	1	1	1	1	1	-109.692	-235.926	126.767	-142.366	112.563	284.336	-107.792	-165.445	-235.926	130.413	-12.6215	-142.366	108.733	192.083	284.336	5.77518	13	0	98.4443	66.3369	-15.0247	192.897	66.3369	-15.0247	192.897	
13209	90458	177.104	482.747	171.933	44.4425	43.309	-0.882214	1	1	1	1	1	-241.357	-176.651	131.78	-24.4072	-653.682	-645.493	-241.357	-200.6	-176.616	131.78	53.8063	-29.0704	-653.682	-644.756	-647.641	4.78343	27	0	132.009	43.3283	-1.69542	-640.046	43.3283	-1.69542	-640.046	
13209	90960	255.341	654.464	246.177	-99999	37.795	-0.519561	1	1	1	1	1	-347.554	-203.377	124.976	-1.39072	-624.164	-778.564	-358.858	-283.813	-209.294	129.723	64.507	-1.41289	-618.52	-698.603	-778.593	4.17256	7	0	60.848	34.4905	-15.3136	-308.59	34.4905	-15.3136	-308.59	
13209	93720	282.025	775.021	279.277	266.06	-5.43	-0.618122	0	0	0	0	0	-245.844	-130.565	88.0493	-78.4653	894.423	703.577	-246.122	-183.24	-130.098	88.464	3.03722	-79.8291	894.868	802.003	702.084	7.06641	13	0	86.1329	-999999	-999999	-999999	-999999	-999999	-999999	
13209	90259	198.197	2422.19	197.699	-23.2665	-26.33	-0.712321	1	1	1	1	1	-294.036	-184.095	133.954	-7.22905	125.179	43.7085	-294.036	-231.519	-183.824	133.954	67.1221	-7.57463	125.179	87.4426	43.5049	5.50366	12	0	81.3294	-26.2959	7.36443	75.0741	-26.2959	7.36443	75.0741	
13209	93259	232.854	507.953	223.907	-99999	4.215	-0.709357	1	1	1	1	1	-66.0496	-153.298	13.6237	-114.114	-871.338	-715.193	-61.4585	-112.909	-152	19.3878	-54.3994	-114.12	-876.283	-802.563	-714.528	5.66168	17	0	69.4495	4.21935	-1.45441	-832.216	4.21935	-1.45441	-832.216	
13209	42467	157.071	415.204	156.248	-99999	-39.765	-0.93816	1	1	1	1	1	-172.814	-115.284	129.875	-11.0906	351.923	331.765	-185.444	-158.179	-127.636	130.354	56.7315	-11.3503	351.914	352.559	331.628	9.61953	12	0	87.6218	-39.7398	-0.725496	344.516	-39.7398	-0.725496	344.516	
13209	2437	77.8827	214.879	77.2925	-99999	-47.749	-0.84381	1	0	0	0	0	-148.494	-164.555	133.229	78.8402	-182.529	-131.615	-163.447	-167.499	-179.69	133.229	102.577	78.5303	-182.529	-159.028	-131.156	4.30358	7	0	81.8786	-47.7118	33.1439	-158.827	-47.7118	33.1439	-158.827	
13209	92066	237.216	659.005	235.202	-99999	88.026	-0.449492	1	1	1	1	1	-75.2459	-224.018	129.855	23.5983	376.397	524.346	-60.7063	-136.241	-210.748	130.344	76.3681	23.1911	375.725	449.538	524.951	10.3481	7	0	65.1942	88.0012	-33.8262	544.384	88.0012	-33.8262	544.384	
13209	92269	273.882	700.424	273.428	-99999	-20.07	-0.941009	1	1	1	1	1	-74.1037	-151.793	129.033	-128.757	881.385	843.266	-80.3885	-125.193	-158.173	129.033	0.691078	-129.175	881.385	865.303	843.306	13.1914	6	0	113.182	-20.0453	-18.6942	815.164	9.94469	19.8946	823.433	
13209	95947	190.044	581.945	189.896	-99999	108.76	-0.983378	0	0	0	0	0	-177.631	-227.873	133.353	-49.6018	256.461	249.577	-160.518	-185.258	-210.782	133.493	41.8455	-49.6018	256.461	252.989	249.577	4.29295	8	0	58.8894	41.6378	23.8267	313.646	41.6378	23.8267	313.646	
13209	46581	187.157	498.09	186.96	20.4939	19.286	-0.67599	1	1	1	1	1	-246.652	-155.05	132.634	-1.55205	574.811	483.716	-246.75	-198.62	-155.05	132.766	68.152	-1.55205	574.916	527.38	483.716	7.51446	10	0	77.8684	19.3242	2.97334	504.26	19.3242	2.97334	504.26	
13209	93236	217.603	517.225	216.955	-99999	70.632	-0.780633	1	1	1	1	1	-223.112	-289.662	132.251	-17.1701	-562.799	-422.589	-211.932	-243.092	-278.699	132.619	51.8208	-17.234	-563.048	-497.799	-422.44	4.97382	16	0	75.6738	70.6639	-7.11181	-464.962	70.6639	-7.11181	-464.962	
13209	94022	357.183	986.45	354.747	-99999	74.793	-0.775231	1	1	1	1	1	-124.049	-221.389	132.81	-111.427	-389.017	-622.223	-112.185	-143.941	-210.316	133.631	1.77322	-112.441	-388.367	-504.458	-622.864	12.8994	10	0	178.863	74.8334	-9.93902	-507.421	74.8334	-9.93902	-507.421	
13209	95714	107.503	304.407	107.501	-99999	57.777	-0.874583	1	1	1	0	0	-257.021	-235.477	133.181	49.8932	-633.172	-571.392	-257.087	-247.76	-235.543	133.181	86.8901	49.8932	-633.172	-607.521	-571.392	5.18453	15	0	85.3173	57.807	24.3398	-594.456	57.807	24.3398	-594.456	
13209	93842	213.538	435.358	211.718	-99999	-26.094	-0.908637	1	1	1	1	1	-301.826	-321.896	132.482	-54.3624	-495.686	-399.764	-301.691	-310.903	-321.997	133.392	36.9041	-54.9834	-496.096	-451.736	-399.387	4.98291	17	0	75.1281	-26.0658	-8.26087	-428.426	-26.0658	-8.26087	-428.426	
13209	93853	315.371	776.023	314.522	-99999	105.88	-0.586861	0	0	0	0	0	-311.985	-344.878	133.435	-63.9553	-679.387	-439.387	-312.004	-325.422	-344.999	133.903	36.9504	-63.9553	-680.014	-556.684	-439.387	5.15613	16	0	110.43	-27.8727	-68.7831	-136.94	-27.8727	-68.7831	-136.94	
13209	46931	200.095	468.996	199.187	-99999	67.201	-0.70757	1	1	1	1	1	-245.63	-323.758	132.206	-10.4264	126.626	240.132	-245.306	-290.12	-323.835	132.78	59.4145	-10.4264	126.208	177.254	240.132	4.57456	15	0	68.0959	67.2228	5.65521	212.036	67.2228	5.65521	212.036	
13209	98041	176.882	464.063	175.988	-99999	-43.604	-0.917349	1	1	1	1	1	-238.558	-233.552	133.298	-19.4178	7.33161	91.4573	-238.507	-232.824	-233.436	133.367	56.5148	-20.1594	7.30085	49.8936	91.7561	8.07157	15	0	71.5082	-43.5834	2.1306	62.6371	-43.5834	2.1306	62.6371	
13209	96986	231.783	1335.5	228.58	-99999	2.857	-0.797129	1	1	1	1	1	-179.77	-321.27	132.046	-44.5837	-294.647	-263.137	-179.661	-251.124	-323.272	132.197	42.4315	-46.6838	-294.675	-278.519	-262.335	17.4076	12	0	613.657	2.89714	-57.5946	-252.16	2.89714	-57.5946	-252.16	
13209	100106	45.2442	226.22	42.7152	-99999	71.067	-0.846248	1	1	0	0	0	-101.314	-83.8831	133.78	98.7287	-442.858	-427.325	-79.1059	-69.458	-60.945	133.842	114.921	96.921	-442.898	-435.258	-426.481	17.0019	10	0	144.484	71.1031	73.3968	-422.426	71.1031	73.3968	-422.426	
13209	97601	319.495	833.112	318.677	87.9975	85.189	-0.905063	1	1	1	1	1	-234.229	-112.045	133.255	-136.982	-258.073	-148.499	-234.229	-183.129	-111.688	133.255	-4.88716	-137.693	-258.073	-196.639	-148.533	4.71691	8	0	72.5786	85.2281	-35.4307	-181.081	85.2281	-35.4307	-181.081	
13209	91655	228.278	598.329	227.642	38.0599	35.363	-0.935068	1	1	1	1	1	-275.557	-173.246	132.839	-64.154	96.748	135.363	-275.671	-235.099	-173.048	133.175	28.9746	-64.3374	96.694	118.758	135.33	4.48998	9	0	75.0723	35.3876	-6.94925	121.814	35.3876	-6.94925	121.814	
13209	94415	227.165	603.6	227.057	-99999	-3.426	-0.518574	1	1	1	1	1	-188.448	-236.884	130.563	26.2613	-262.885	-68.5102	-188.421	-215.192	-236.884	130.615	73.5769	26.2613	-262.969	-168.544	-68.5102	6.19657	14	0	86.6202	3.64577	-55.3371	812.8	3.64577	-55.3371	812.8	
13209	91355	175.396	457.797	175.302	43.6354	42.455	-0.937575	1	1	1	1	1	-165.971	-237.698	132.917	-25.2834	-598.385	-585.466	-165.971	-197.652	-237.739	132.917	51.23	-25.3606	-598.385	-595.01	-585.443	7.20434	8	0	83.1884	42.4841	2.98521	-593.843	42.4841	2.98521	-593.843	
13209	91355	85.0565	240.515	84.0833	-99999	-32.129	-0.953301	1	1	0	0	0	-242.164	-238.705	131.714	56.8361	595.394	626.593	-247.155	-249.733	-243.717	132.036	92.8823	56.8361	595.212	609.401	626.593	4.34104	26	0	95.8425	-29.7959	21.9512	-824.356	42.4841	2.98521	-593.843	
13209	93262	173.625	502.689	173.624	-99999	30.111	-0.79333	1	1	1	1	1	-110.012	-215.978	133.529	1.00705	256.942	220.267	-105.28	-158.552	-211.247	133.529	67.6999	1.00705	256.942	237.896	220.267	4.51101	9	0	78.4046	30.1398	-32.2985	202.627	30.1398	-32.2985	202.627	
13209	95586	273.168	984.481	272.874	-99999	-28.454	-0.770337	1	1	1	1	1	-216.717	-250.8	132.311	-84.1607	65.4562	228.018	-216.635	-233.78	-250.767	132.533	24.3653	-84.1607	65.2757	146.86	228.018	17.3406	16	0	316.876	-28.4312	-42.9019	222.288	-28.4312	-42.9019	222.288	
13209	94250	231.595	535.244	231.544	-99999	-11.518	-0.99331	1	1	1	1	1	-316.629	-288.769	132.087	-96.4902	506.556	513.675	-316.62	-301.127	-288.756	132.121	17.7227	-96.4902	506.554	514.791	513.675	5.15119	8	0	64.7745	-11.5045	-26.3491	515.115	-11.5045	-26.3491	515.115	
13209	101648	209.216	749.028	201.062	36.1842	29.901	-0.722089	1	1	1	1	1	-196.062	-343.734	133.025	-3.34661	798.459	795.435	-195.504	-272.256	-348.936	133.615	62.608	-8.49851	798.472	796.772	794.974	6.70006	8	0	254.479	29.9326	-18.698	785.926	29.9326	-18.698	785.926	
13209	10631	313.991	859.048	313.216	117.532	115.206	-0.965351	0	0	0	0	0	-194.476	-264.637	132.484	-169.745	530.932	570.469	-194.476	-228.447	-264.893	132.484	-18.8649	-170.47	530.932	554.69	570.481	8.17695	9	0	89.6824	38.6139	67.4356	582.521	38.6139	67.4356	582.521	
13209	101338	206.617	480.784	205.94	-99999	-32.064	-0.836353	1	1	1	1	1	-214.866	-306.014	132.732	-45.9221	-862.72	-820.727	-214.83	-267.161	-306.124	132.732	46.3782	-46.5713	-862.72	-841.852	-820.618	5.3883	9	0	75.0575	-32.0429	-9.00997	-796.897	-32.0429	-9.00997	-796.897	
13209	10414	126.803	336	126.03	-99999	10.601	-0.820893	1	1	1	0	0	-319.499	-246.502	133.093	30.8967	726.299	722.342	-319.512	-281.423	-246.208	133.093	82.5489	30.1937	726.299	722.851	722.313	5.27244	6	0	88.1625	10.6245	22.2435	723.156	10.6245	22.2435	723.156	
13209	92564	179.698	408.51	175.455	-99999	80.041	-0.88781	1	1	1	1	1	-273.748	-293.822	133.438	-22.6214	-23.6535	52.837	-273.839	-286.948	-294.08	133.438	52.6279	-26.2904	-23.6535	13.0879	54.9237	8.46775	12	0	89.3636	80.0593	7.57564	22.7026	80.0593	7.57564	22.7026	
13209	96326	160.755	384.575	159.78	-99999	105.201	-0.800148	0	0	0	0	0	-191.333	-94.2998	131.768	4.85985	-620.159	-617.504	-158.974	-110.089	-61.3567	132.547	68.7572	4.85985	-620.168	-619.027	-617.504	4.45194	6	0	50.7075	-999999	-999999	-999999	-999999	-999999	-999999	
13209	62568	261.887	642.425	258.42	-47.9192	-48.735	-0.732822	1	1	1	1	1	-173.253	-246.756	128.002	-100.935	213.01	304.049	-171.96	-214.334	-246.756	130.569	15.9236	-100.935	211.133	257.269	304.049	13.3795	6	0	89.7276	-48.7157	-21.387	270.704	-48.7157	-21.387	270.704	
13209	107780	311.029	839.69	311.023	118.513	116.287	-0.552123	0	0	0	0	0	-224.479	-160.853	133.695	-40.6057	505.783	258.566	-224.479	-187.609	-160.853	133.695	53.5892	-40.6057	505.783	377.877	258.566	4.73218	13	0	84.0686	84.7526	-100.082	217.537	59.1126	-76.9018	461.046	
13209	9631	257.586	642.454	257.208	51.9595	48.483	-0.534194	1	1	1	1	1	-257.415	-78.0331	133.264	15.4116	97.7808	-40.1303	-257.624	-175.782	-78.0331	133.457	67.3335	15.4116	98.0021	23.9497	-40.1303	6.36041	12	0	88.8965	48.5163	6.97014	-10.5338	48.5163	6.97014	-10.5338	
13209	106388	259.727	621.369	259.322	-99999	32.398	-0.976911	1	1	1	1	1	-163.961	-184.484	133.296	-114.372	-473.434	-420.068	-153.816	-164.973	-174.339	133.296	7.56621	-114.372	-473.434	-443.517	-420.068	5.44426	19	0	91.7408	32.4343	-20.1015	-436.428	32.4343	-20.1015	-436.428	
13209	104119	103.646	386.226	102.875	-99999	39.428	-0.572033	1	1	1	1	1	-134.017	-216.632	126.921	69.5859	593.458	572.529	-127.822	-169.812	-210.852	126.921	98.4485	68.9825	593.458	583.022	572.319	5.88929	10	0	63.2388	39.4624	-5.62427	565.198	39.4624	-5.62427	565.198	
13209	67808	155.684	371.689	154.071	-99999	56.187	-0.711644	1	1	1	1	1	-156.926	-219.129	132.113	25.9154	-447.88	-540.45	-147.564	-178.307	-210.299	133.261	79.4079	25.9154	-446.883	-493.919	-540.45	15.8585	14	0	61.5556	56.2208	-33.8332	-586.693	56.2208	-33.8332	-586.693	
13209	102675	211.052	463.833	210.998	-99999	16.593	-0.976803	1	1	1	0	0	-287.348	-310.315	133.088	-72.3121	738.311	774.923	-287.36	-291.624	-310.334	133.131	29.3578	-72.3121	738.303	756.525	774.923	5.83463	9	0	81.455	16.5974	-12.5002	756.027	16.5974	-12.5002	756.027	
13209	107116	231.759	588.29	231.079	-38.0485	-38.792	-0.916727	1	1	1	1	1	-237.816	-159.581	131.97	-73.3671	-831.202	-762.571	-237.956	-199.335	-159.539	132.356	26.913	-73.598	-831.284	-802.777	-762.573	4.5635	6	0	86.3163	-38.7804	-17.9915	-763.289	-38.7804	-17.9915	-763.289	
13209	96485	295.481	817.801	294.161	105.657	102.756	-0.835679	0	0	0	0	0	-160.18	-338.258	132.416	-101.124	-815.099	-798.944	-159.536	-248.677	-338.331	133.422	15.9188	-101.219	-815.105	-807.12	-798.937	5.18415	7	0	85.6139	-999999	-999999	-999999	-999999	-999999	-999999	
13209	66223	99.0778	451.321	98.5749	-36.2214	-21.702	-0.786592	1	1	1	1	1	-237.993	-193.835	133.565	61.1595	-755.792	-805.73	-238.068	-215.929	-193.699	133.714	96.2467	60.9581	-755.705	-779.352	-805.917	6.35536	15	0	26.4044	-21.6724	-10.7513	-787.553	-21.6724	-10.7513	-787.553	
13209	96423	158.874	391.687	155.736	-33.9693	-33.597	-0.982505	1	1	1	1	1	-176.213	-225.903	131.995	-12.4635	-311.65	-292.227	-176.039	-195.093	-227.163	133.028	56.4738	-14.1108	-311.714	-302.775	-292.248	5.94619	6	0	78.2135	-33.5679	0.642626	-296.116	-33.5679	0.642626	-296.116	
13209	20045	291.22	741.884	291.214	44.4075	42.983	-0.956007	1	1	1	1	1	-123.882	-231.555	134.033	-130.825	216.367	174.255	-123.882	-170.687	-231.555	134.033	-1.67537	-130.825	216.367	192.887	174.255	9.09721	6	0	96.9812	43.0198	-13.6856	192.191	43.0198	-13.6856	192.191	
13209	21125	365.567	949.635	343.984	105.941	102.452	-0.880869	0	0	0	0	0	-314.613	-144.848	133.099	-163.018	202.001	159.917	-315.113	-224.95	-134.74	134.088	-23.1436	-180.485	202.148	178.577	159.587	12.5541	8	0	136.405	37.1316	-7.97461	820.315	37.1316	-7.97461	820.315	
13209	21245	247.057	674.96	245.884	-99999	25.86	-0.978799	1	1	1	1	1	-340.029	-312.457	132.32	-109.011	512.325	534.735	-340.229	-321.842	-312.469	133.234	12.3929	-109.175	512.199	529.899	534.735	7.14818	7	0	118.509	25.884	-36.9128	541.159	25.884	-36.9128	541.159	
13209	106975	129.714	326.613	129.427	-99999	103.951	-0.997756	0	0	0	0	0	-325.048	-312.914	133.342	5.00927	83.9124	91.2564	-325.175	-321.278	-313.011	133.507	68.9323	4.90012	83.9049	88.0582	91.2488	8.47457	7	0	74.9445	65.1196	40.9407	-599.999	19.4296	-77.6627	67.777	
13209	100973	189.395	442.729	189.25	-99999	-23.614	-0.945264	1	1	1	1	1	-217.902	-245.618	132.803	-45.0901	-21.1534	33.1019	-217.875	-235.324	-245.625	132.803	43.1603	-45.1755	-21.1534	2.99271	33.14	5.33667	10	0	81.5239	-18.1421	-36.229	-7.53264	-18.1421	-36.229	-7.53264	
13209	101951	217.187	666.524	214.512	-99999	48.795	-0.600569	1	1	1	1	1	-349.58	-202.887	16.5762	-115.757	457.209	540.693	-357.247	-282.764	-208.756	16.5762	-50.1714	-117.471	457.209	499.483	541.677	8.59639	9	0	66.2516	48.797	-25.1753	498.36	48.797	-25.1753	498.36	
13209	70952	45.25	237.423	44.0051	-99999	-8.415	-0.86315	0	0	0	0	0	-325.193	-317.727	132.33	95.1409	841.588	862.52	-325.184	-320.439	-317.809	132.33	113.572	94.1404	841.588	853.083	862.665	41.5506	13	0	145.632	-8.38423	58.1962	816.749	-8.38423	58.1962	816.749	
13209	102228	123.715	741.662	123.712	-99999	73.748	-0.089464	1	1	1	1	1	-210.611	-314.89	132.451	102.161	-863.118	-804.106	-210.695	-262.973	-314.974	132.451	118.329	102.161	-863.118	-833.385	-804.106	26.9169	8	0	487.303	73.7732	66.9935	-777.212	73.7732	66.9935	-777.212	
13209	104319	97.9822	278.424	97.4405	-99999	101.717	-0.975854	0	0	0	0	0	-169.508	-178.232	132.563	36.8924	-368.598	-360.447	-137.633	-140.233	-146.403	132.958	84.4722	36.8079	-368.689	-362.423	-360.465	4.9939	9	0	76.7436	-999999	-999999	-999999	-999999	-999999	-999999	
13209	105259	124.473	344.315	123.37	-99999	-14.507	-0.927626	1	1	1	0	0	-286.982	-237.038	132.894	22.5665	444.751	465.336	-287.063	-266.247	-236.688	133.16	75.4422	21.8277	444.712	455.01	465.417	6.92382	8	0	105.061	-14.4842	13.96	449.759	-14.4842	13.96	449.759	
13209	103066	158.491	432.022	155.892	24.4859	23.909	-0.664783	1	1	1	1	0	-230.093	-180.771	131.847	31.3686	862.441	754.668	-230.628	-206.501	-180.665	133.348	82.8752	31.1654	864.028	808.058	754.41	5.63381	16	0	76.2168	23.9551	14.3784	754.119	23.9551	14.3784	754.119	
13209	106401	656.274	1348.79	651.929	-99999	22.919	-0.275989	1	1	1	1	1	-318.293	-298.731	133.229	-123.47	-747.52	-160.046	-318.301	-321.943	-297.232	133.251	5.37418	-123.634	-747.6	-446.743	-156.284	6.33094	16	0	75.1281	22.9402	-15.5282	-424.416	22.9402	-15.5282	-424.416	
13209	107387	60.2853	177.939	59.0556	-99999	-0.655	-0.904051	0	0	0	0	0	-202.602	-179.571	130.712	77.0019	-824.428	-831.755	-203.325	-190.868	-179.771	131.808	104.487	76.9872	-824.459	-826.431	-831.757	6.22603	9	0	78.202	-0.628454	31.6791	-794.22	-0.628454	31.6791	-794.22	
13209	104334	261.25	631.397	259.733	-99999	-13.927	-0.994408	1	1	1	1	1	-124.743	-164.125	129.313	-126.616	52.5732	55.6283	-129.001	-147.107	-168.514	130.288	1.14019	-127.141	52.5978	47.5898	55.6957	4.42387	9	0	82.0009	-13.9035	-17.5795	41.7373	-13.9035	-17.5795	41.7373	
13209	106854	264.951	628.399	264.101	-99999	92.187	-0.95228	1	1	1	1	1	-163.451	-89.9458	129.507	-122.54	49.3153	77.7276	-134.834	-97.7106	-61.078	130.312	3.83108	-122.54	49.2401	62.3833	77.7276	4.29119	6	0	49.0878	92.2111	-46.3799	51.5531	92.2111	-46.3799	51.5531	
13209	108796	90.0422	235.477	89.1351	129.699	18.556	-0.863479	0	0	0	0	0	-181.163	-222.218	132.499	57.4002	-6.05565	17.9543	-180.798	-199.965	-222.263	133.199	94.6231	57.3262	-6.2329	6.42907	17.9792	5.13015	11	0	91.1963	-38.4009	82.15	418.451	-38.4009	82.15	418.451	
13209	96868	256.279	1234.88	255.639	-99999	0.6	-0.62089	1	1	1	1	1	-129.839	-316.732	133.599	-11.8849	-240.098	-144.051	-129.398	-222.477	-316.732	134	60.2885	-11.8849	-240.328	-192.214	-144.051	6.57932	8	0	98.6685	0.645103	-10.3974	-109.444	0.645103	-10.3974	-109.444	
13209	99748	315.742	808.158	315.548	-99999	95.199	-0.982699	1	1	1	1	1	-186.901	-226.032	133.348	-168.674	-80.4594	-157.239	-171.941	-190.126	-211.175	133.356	-18.6659	-168.78	-80.4579	-117.331	-157.273	4.82338	8	0	83.44	95.2375	-25.8288	-121.322	95.2375	-25.8288	-121.322	
13209	19319	109.079	290.212	108.149	-99999	60.43	-0.96698	1	1	1	0	0	-305.853	-291.061	133.002	29.0475	-41.4839	-16.3269	-305.945	-299.176	-291.206	133.312	80.8895	28.4637	-41.559	-28.2446	-16.1818	7.78489	11	0	80.4429	60.4528	32.8311	-17.6317	60.4528	32.8311	-17.6317	
13209	104309	205.151	498.591	204.943	-43.569	-46.09	-0.937518	1	1	1	1	1	-273.714	-191.935	132.915	-52.4081	-211.771	-192.728	-273.779	-233.021	-191.935	133.1	39.9416	-52.4081	-211.792	-198.589	-192.728	4.18258	6	0	64.8766	-46.0632	-16.2036	-239.833	-46.0632	-16.2036	-239.833	
13209	101842	121.181	356.008	120.61	-99999	66.084	-0.988783	1	1	1	1	1	-206.163	-199.666	131.316	11.5768	-285.975	-273.539	-216.606	-213.019	-210.05	131.879	71.8353	11.5768	-286.042	-278.789	-273.539	7.95197	9	0	65.512	66.1088	-27.0702	-268.172	66.1088	-27.0702	-268.172	
13209	114067	46.7008	903.937	42.6134	-99999	-33.86	-0.905334	1	1	1	1	1	-272.186	-266.63	133.33	94.8785	-483.677	-498.991	-272.148	-268.227	-266.16	133.33	112.396	91.7511	-483.677	-493.236	-500.891	280.024	16	0	856.159	-33.8317	-21.9628	-554.589	-33.8317	-21.9628	-554.589	
13209	115508	265.266	635.32	261.672	-99999	74.998	-0.871086	1	1	1	1	1	-332.361	-198.74	133.375	-89.816	-181.353	-153.817	-344.684	-276.615	-209.837	134.347	21.2939	-92.0573	-181.423	-168.181	-153.01	4.82433	11	0	52.7274	75.0216	-7.96821	-164.929	75.0216	-7.96821	-164.929	
13209	114776	379.743	841.058	377.553	-99999	0.004	-0.683536	1	1	1	1	1	-74.5162	-330.053	129.931	-143.198	181.759	223.434	-73.7881	-201.54	-331.018	130.608	-6.62133	-143.844	181.656	210.704	223.67	4.06228	8	0	65.713	0.0380538	-33.1223	206.884	0.0380538	-33.1223	206.884	
13209	106674	170.298	388.44	169.922	-99999	12.518	-0.966906	1	1	1	1	1	-334.742	-315.467	133.283	-30.6273	-646.044	-608.024	-334.773	-324.518	-315.46	133.554	51.2886	-30.7139	-646.115	-626.791	-608.019	4.33032	8	0	74.4369	12.5401	11.3474	-615.157	12.5401	11.3474	-615.157	
13209	103106	222.703	538.127	221.621	33.9044	31.222	-0.975658	1	1	1	1	1	-246.419	-169.46	131.827	-69.6796	-481.441	-476.038	-246.64	-221.809	-169.46	132.873	24.465	-69.6796	-481.509	-476.632	-476.038	6.50726	10	0	75.6045	31.255	-18.6463	-469.189	31.255	-18.6463	-469.189	
13209	98279	521.936	1240.01	521.928	-99999	-7.403	-0.38084	1	1	1	1	1	-331.482	-254.666	131.52	-61.6233	-354.114	123.418	-331.474	-292.916	-254.657	131.522	32.3863	-61.6233	-354.118	-116.014	123.418	4.86252	15	0	68.0345	-7.35398	4.5499	-101.865	-7.35398	4.5499	-101.865	
13209	113830	50.6476	120.53	50.6442	-99999	78.087	-0.84024	1	1	1	1	1	-200.346	-222.625	132.983	92.1306	-579.476	-599.077	-188.075	-199.697	-210.354	132.983	112.828	92.1306	-579.476	-589.428	-599.077	5.50578	9	0	47.1251	78.1175	-38.223	-659.766	78.1175	-38.223	-659.766	
13209	109461	352.55	828.821	343.775	-99999	107.662	-0.936229	0	0	0	0	0	-140.31	-129.794	131.107	-159.751	210.768	100.155	-106.596	-106.66	-96.2688	131.107	-15.9682	-164.076	210.768	134.881	96.8986	5.73854	23	0	96.439	-35.286	-27.6289	-710.56	-35.286	-27.6289	-710.56	
13209	108885	199.601	527.059	197.433	-99999	20.419	-0.763897	1	1	1	1	1	-126.585	-190.438	128.888	-12.61	677.512	798.115	-119.74	-148.91	-184.218	130.288	56.4496	-12.7744	676.417	736.798	798.34	6.49601	7	0	84.7537	20.4617	7.51072	728.789	20.4617	7.51072	728.789	
13209	42944	344.827	14005.4	344.553	70.5821	69.61	-0.864772	1	1	1	1	1	-282.425	-186.583	132.768	-169.454	609.98	481.984	-282.478	-237.221	-186.583	132.997	-13.135	-169.454	610.101	530.679	481.984	7.84984	12	0	12600.5	76.5426	37.567	479.512	61.9526	-31.6011	592.837	
13209	106798	305.888	694.27	304.709	-99999	-26.022	-0.89144	1	1	1	1	1	-294.913	-308.482	131.815	-137.573	-350.447	-222.664	-294.824	-305.281	-308.588	132.375	-9.04657	-137.982	-350.728	-295.363	-222.469	4.31411	12	0	57.6443	-25.9929	-29.1621	-276.051	-25.9929	-29.1621	-276.051	
13209	106798	295.183	994.538	294.54	-99999	65.34	-0.78767	1	1	1	1	1	-89.0185	-220.53	133.124	-92.0332	281.758	145.174	-78.7507	-145.337	-210.448	133.124	20.9083	-92.5545	281.758	212.852	144.857	9.21791	14	0	239.367	65.3671	-18.4079	175.976	65.3671	-18.4079	175.976	
13209	105239	391.005	1075.23	390.996	73.0066	71.146	-0.585449	1	1	1	1	1	-206.08	-266.832	131.918	-96.3998	437.998	129.112	-206.08	-239.515	-266.832	131.918	14.5734	-96.3998	437.998	285.339	129.112	8.04965	11	0	133.197	71.1833	-17.9336	255.148	71.1833	-17.9336	255.148	
13209	105408	207.823	501.934	207.814	-99999	-41.264	-0.991352	1	1	1	1	1	-283.538	-258.131	133.723	-64.1804	510.665	567.255	-283.491	-273.105	-258.084	133.723	35.169	-64.1804	510.665	541.296	567.255	4.11655	11	0	81.0851	-41.2469	-12.4324	557.337	-41.2469	-12.4324	557.337	
13209	104570	284.72	1620.13	283.915	-99999	111.589	-0.946119	0	0	0	0	0	-283.416	-281.575	132.33	-114.383	-626.742	-766.774	-283.544	-282.605	-281.679	132.33	8.03055	-114.814	-626.742	-696.039	-767.278	324.567	14	0	1571.53	-999999	-999999	-999999	-999999	-999999	-999999	
13209	104810	103.103	339.979	102.943	-99999	81.054	-0.895181	1	1	1	1	1	-244.972	-196.717	132.679	43.1735	-523.368	-538.932	-257.774	-234.03	-209.454	132.821	87.8343	43.1735	-523.344	-531.681	-538.932	17.4098	6	0	113.566	81.0871	-40.582	-552.849	81.0871	-40.582	-552.849	
13209	106370	31.0741	107.374	29.6498	-99999	34.233	-0.95408	0	0	0	0	0	-159.054	-157.635	132.955	103.808	-493.953	-496.671	-148.334	-145.746	-146.95	132.955	117.827	102.451	-493.953	-495.819	-496.905	5.30648	11	0	81.251	34.2647	39.8456	-498.413	34.2647	39.8456	-498.413	
13209	103856	177.606	436.786	176.058	-99999	103.907	-0.744256	0	0	0	0	0	-219.427	-101.642	130.327	1.83997	443.103	463.8	-186.959	-128.925	-68.2077	130.407	64.4499	0.717839	443.088	455.896	463.756	6.36088	7	0	73.4674	86.857	-117.207	-20.1273	3.56701	6.36884	649.696	
13209	111917	221.814	624.95	220.912	35.6482	34.49	-0.903181	1	1	1	1	1	-249.722	-182.404	132.537	-64.4296	191.555	121.695	-249.834	-216.802	-182.317	132.91	33.9315	-64.5799	191.692	154.255	121.307	5.7252	21	0	121.648	34.5143	-11.3321	146.627	34.5143	-11.3321	146.627	
13209	34169	287.54	672.578	285.386	-99999	-1.193	-0.92917	1	1	1	1	1	-268.926	-330.911	132.92	-140.218	732.511	688.92	-268.924	-296.277	-331.318	132.92	-3.58314	-142.322	732.511	697.408	688.906	4.83855	12	0	83.9877	-1.18178	-39.3919	699.535	-1.18178	-39.3919	699.535	
13209	116067	304.311	722.183	303.684	-99999	57.537	-0.90769	1	1	1	1	1	-224.428	-109.512	132.49	-145.919	-171.197	-191.995	-206.428	-149.335	-91.3059	132.526	-8.44646	-146.425	-171.197	-171.305	-192.209	4.87699	12	0	74.0288	57.5616	-43.0396	-173.05	57.5616	-43.0396	-173.05	
13209	116213	93.4549	247.501	92.854	-99999	47.688	-0.696202	1	1	1	1	1	-156.482	-218.233	132.97	71.3986	-292.152	-323.928	-148.988	-180.105	-211.063	132.97	101.721	70.9898	-292.152	-307.586	-324.224	8.43857	7	0	52.0283	47.718	-19.0599	41.7684	47.718	-19.0599	41.7684	
13209	114384	183.544	511.745	183.401	-99999	-25.811	-0.975268	1	1	1	1	1	-281.527	-263.033	133.009	-44.9343	686.249	715.059	-281.497	-268.093	-263.003	133.009	44.4157	-44.9343	686.249	706.003	715.059	20.3682	6	0	81.5143	-25.8002	-7.96711	706.305	-25.8002	-7.96711	706.305	
13209	34380	263.339	904.484	255.854	83.4534	87.225	-0.787825	1	1	1	1	1	-157.286	-318.803	132.553	-61.713	-308.619	-269.305	-156.607	-239.137	-323.173	133.452	33.006	-65.967	-308.756	-288.722	-267.605	5.78268	8	0	169.826	87.2582	-39.1333	-262.327	87.2582	-39.1333	-262.327	
13209	45894	226.093	612.311	225.774	-99999	40.333	-0.932209	1	1	1	1	1	-308.881	-243.869	133.226	-79.0833	-655.568	-621.15	-309.015	-271.143	-243.915	133.519	29.1283	-79.0833	-655.638	-634.706	-621.15	14.0375	6	0	128.767	40.3548	-6.04286	-622.966	40.3548	-6.04286	-622.966	
13209	113129	229.627	584.58	229.444	17.5804	15.816	-0.940627	1	1	1	1	1	-197.27	-266.568	132.937	-74.0475	512.989	579.135	-197.27	-237.887	-266.629	132.937	29.9746	-74.21	512.989	542.515	579.144	6.10749	6	0	66.6878	15.848	-25.3294	568.289	15.848	-25.3294	568.289	
13209	111662	193.245	502.395	190.448	-99999	18.652	-0.992195	0	0	0	0	0	-184.194	-175.037	127.821	-61.4089	-329.701	-319.082	-178.432	-173.575	-168.919	128.881	32.7676	-63.0745	-329.811	-324.259	-318.99	4.809	10	0	90.3155	15.811	-12.6155	-322.679	15.811	-12.6155	-322.679	
13209	51768	105.513	320.263	105.104	-99999	-38.696	-0.811897	1	1	1	0	0	-308.861	-345.155	133.265	49.1462	-647.648	-597.119	-308.721	-326.748	-345.202	133.437	89.059	49.0069	-647.735	-625.741	-597.021	4.13065	12	0	94.9823	-38.6741	54.7374	-609.68	-38.6741	54.7374	-609.68	
13209	97427	238.318	616.434	238.313	-99999	53.774	-0.939947	1	1	1	1	1	-281.945	-331.425	133.221	-91.151	156.78	216.755	-282.007	-303.546	-331.486	133.221	19.3325	-91.151	156.78	184.113	216.755	12.106	17	0	95.819	53.7833	-15.9456	197.87	53.7833	-15.9456	197.87	
13209	112213	222.536	518.218	221.824	19.4037	15.508	-0.877343	1	1	1	1	1	-291.131	-188.716	132.895	-57.4261	-235.802	-283.397	-291.428	-243.625	-188.716	133.511	36.8991	-57.4261	-235.622	-262.96	-283.397	4.28028	9	0	69.9506	15.5398	-6.51475	-268.166	15.5398	-6.51475	-268.166	
13209	113960	201.561	513.309	199.047	42.1332	39.934	-0.941563	1	1	1	1	1	-172.34	-242.145	131.913	-52.5872	-468.651	-450.063	-171.999	-204.31	-242.882	133.013	38.3891	-53.7025	-468.829	-457.124	-449.999	5.21085	9	0	78.5486	39.9632	-10.192	-449.713	39.9632	-10.192	-449.713	
13209	109789	326.575	765.699	324.437	-99999	-3.033	-0.73409	1	1	1	1	1	-169.412	-225.347	129.374	-111.245	673.615	881.9	-169.193	-194.536	-225.285	130.437	13.8576	-111.664	672.66	784.025	882.389	5.44157	15	0	87.8671	-2.98763	-9.82894	749.296	-2.98763	-9.82894	749.296	
13209	109332	298.21	816.906	297.542	342.745	4.75	-0.599804	0	0	0	0	0	-176.23	-337.25	133.234	-46.8034	-805.004	-633.218	-176.23	-255.208	-337.726	133.234	44.2624	-47.1973	-805.004	-715.396	-632.972	6.10503	8	0	75.0713	16.4651	-108.236	62.5495	16.4651	-108.236	62.5495	
13209	46518	157.437	359.893	157.339	-99999	-26.316	-0.75743	1	1	1	1	1	-354.217	-264.703	14.1722	-82.2069	628.752	711.911	-354.232	-311.8	-264.673	14.2456	-39.628	-82.2069	628.71	667.035	711.911	5.30831	14	0	78.6363	-26.304	-23.6839	661.545	-26.304	-23.6839	661.545	
13209	116037	130.22	366.649	130.044	91.2327	89.84	-0.945718	1	1	1	1	1	-231.299	-194.579	132.623	11.0222	-669.497	-677.444	-231.31	-213.661	-194.549	132.659	70.3305	10.9154	-669.503	-663.785	-677.517	16.1322	9	0	93.8671	89.8597	10.0556	-662.23	89.8597	10.0556	-662.23	
13209	111793	149.125	349.184	149.122	-99999	-19.452	-0.878635	1	1	1	1	1	-355.496	-291.958	47.802	-78.5978	-635.159	-593.959	-355.474	-323.896	-291.935	47.802	-18.2809	-78.5978	-635.159	-621.305	-593.959	5.64864	10	0	74.8679	-19.4335	5.06637	-620.219	-19.4335	5.06637	-620.219	
13209	112392	281.778	684.795	281.508	-99999	10.493	-0.980535	1	1	1	1	1	-248.024	-259.747	132.677	-143.67	222.855	263.893	-248.036	-254.933	-259.754	132.677	-6.34236	-143.868	222.855	243.94	263.913	7.6551	9	0	114.479	10.5094	-25.0839	242.575	10.5094	-25.0839	242.575	
13209	11156	42.0921	112.282	41.9399	-99999	79.362	-0.51167	1	1	1	1	1	-201.131	-223.628	131.66	110.38	-392.653	-420.927	-188.66	-200.049	-211.229	131.66	120.986	110.302	-392.653	-406.769	-421.035	4.57361	14	0	55.9472	79.4009	3.83702	-529.826	79.4009	3.83702	-529.826	
13209	115820	421.331	1061.41	421.324	-39.6703	-41.838	-0.302002	1	1	1	1	1	-280.731	-157.186	133.463	-8.49276	81.8104	457.125	-280.731	-210.374	-157.186	133.463	60.4848	-8.49276	81.8104	266.231	457.125	5.52179	8	0	75.5837	-41.7945	5.18676	302.061	-41.7945	5.18676	302.061	
13209	96990	244.228	612.699	243.497	73.9265	71.771	-0.813259	1	1	1	1	1	-268.711	-116.47	133.47	-55.4876	322.069	308.297	-269.12	-193.203	-116.47	134.067	38.7186	-55.4876	322.097	315.259	308.297	7.12244	6	0	82.1547	71.8029	-18.3557	311.059	71.8029	-18.3557	311.059	
13209	111873	312.61	789.053	311.223	77.7249	75.304	-0.904523	1	1	1	1	1	-271.006	-118.935	132.614	-132.945	-595.547	-648.719	-271.157	-199.515	-118.487	132.939	-3.4586	-133.859	-595.509	-621.159	-648.711	5.20787	7	0	79.064	75.3316	-32.7235	-622.338	75.3316	-32.7235	-622.338	
13209	5775	162.485	525.698	158.641	-99999	83.199	-0.962888	1	1	1	0	0	-126.14	-100.779	129.722	-23.58	790.286	820.548	-100.22	-85.0483	-74.2991	130.39	52.6132	-26.6885	790.157	807.881	820.382	4.10657	8	0	242.092	83.2198	-0.908757	809.427	83.2198	-0.908757	809.427	
13209	110577	88.072	235.888	86.9606	-99999	85.398	-0.936392	1	1	1	0	0	-309.499	-290.968	132.208	48.6297	706.937	720.53	-309.976	-297.612	-291.065	133.247	91.5891	48.6297	706.846	713.607	720.53	5.13115	10	0	72.6689	84.6666	-8.00534	-141.439	63.1766	-27.2428	643.076	
13209	113499	147.574	385.446	147.014	-99999	116.359	-0.978468	0	0	0	0	0	-256.793	-262.461	132.835	-9.34895	-496.784	-477.472	-256.895	-269.045	-262.442	132.977	60.514	-9.69296	-496.794	-490.751	-477.346	6.15896	12	0	73.8737	40.381	45.1943	818.79	40.381	45.1943	818.79	
13209	108718	73.0243	208.94	71.7295	-99999	93.64	-0.911534	1	0	0	0	0	-188.101	-177.457	132.749	64.2234	-813.137	-797.997	-158.949	-152.328	-148.064	133.399	99.6192	63.679	-813.368	-801.307	-798.027	6.53891	6	0	85.3087	93.6638	38.2091	-781.833	93.6638	38.2091	-781.833	
13209	110758	100.079	287.905	98.4462	-99999	85.668	-0.752293	1	1	0	0	0	-256.695	-285.581	132.303	57.2312	-875.509	-820.176	-256.746	-268.67	-286.305	132.457	95.7042	56.0104	-875.632	-843.884	-819.779	4.35472	10	0	74.495	86.2026	-29.1242	-185.731	86.2026	-29.1242	-185.731	
13209	3292	70.5964	194.002	68.3601	-99999	57.873	-0.971426	1	0	0	0	0	-320.592	-335.605	132.847	66.3061	-527.954	-527.538	-320.615	-327.919	-336.163	133.039	98.559	64.3314	-527.937	-529.593	-527.592	6.22289	8	0	78.5997	57.8882	45.4308	-541.539	57.8882	45.4308	-541.539	
13209	109783	256.679	623.126	251.315	101.413	98.332	-0.876081	1	1	1	1	1	-142.836	-226.621	132.849	-70.0859	-402.01	-516.888	-142.792	-177.364	-228.677	133.025	22.0714	-72.8589	-401.924	-456.264	-520.032	4.93024	7	0	98.6528	98.368	-6.04169	-460.197	98.368	-6.04169	-460.197	
13209	111862	313.638	807.787	313.341	-99999	36.442	-0.989982	1	1	1	1	1	-220.97	-241.385	132.983	-169.057	729.963	804.571	-221.011	-222.62	-241.488	132.983	-18.2762	-169.324	729.963	768.848	804.602	4.13926	9	0	68.8258	36.473	-26.393	747.108	36.473	-26.393	747.108	
13209	109700	74.7447	209.285	74.1663	-99999	-9.658	-0.561148	1	1	0	0	0	-326.499	-298.441	133.268	93.5627	529.455	585.345	-326.666	-313.416	-298.43	133.592	112.694	93.5627	529.012	557.001	585.345	6.21504	15	0	78.4922	-9.63178	53.8218	582.876	-9.63178	53.8218	582.876	
13209	109820	158.156	365.673	154.841	-99999	38.394	-0.934771	1	1	1	1	0	-137.631	-73.4881	127.027	-13.4692	444.736	455.598	-126.789	-94.0635	-61.4652	130.12	58.3606	-13.4692	444.603	450.132	455.598	4.40131	11	0	60.367	38.4236	-1.00329	442.893	38.4236	-1.00329	442.893	
13209	110900	91.8385	263.1	91.2023	-99999	82.049	-0.845838	1	1	1	0	0	-324.942	-284.11	133.02	52.1615	-255.998	-261.325	-325.036	-301.311	-284.057	133.02	93.9334	51.5508	-255.998	-260.149	-261.392	5.22004	8	0	90.3963	82.0755	33.8069	-250.965	82.0755	33.8069	-250.965	
13209	115757	351.82	3322.59	351.348	-99999	48.155	-0.334287	1	1	1	1	1	-300.594	-202.418	134.021	14.5927	69.2514	384.631	-308.244	-258.357	-209.985	134.175	72.891	14.5927	68.8179	225.947	384.631	7.0293	9	0	574.831	48.2121	-18.741	426.193	12.5921	-24.092	247.896	
13209	97514	161.436	422.851	160.706	-99999	89.945	-0.753519	1	1	1	0	0	-235.587	-319.361	132.428	11.5334	795.522	859.823	-235.69	-279.089	-319.765	132.428	71.6452	10.9549	795.522	826.049	860.148	4.86836	14	0	84.4573	89.9644	24.0597	814.446	89.9644	24.0597	814.446	
13209	44385	195.971	501.23	194.286	-206.609	101.122	-0.991339	0	0	0	0	0	-224.931	-203.546	131.791	-60.1899	-335.235	-323.828	-225.037	-214.103	-203.447	132.638	35.3337	-60.984	-335.195	-335.772	-323.683	6.44767	6	0	81.6611	6.91444	31.578	-681.871	6.91444	31.578	-681.871	
13209	47865	179.785	490.377	179.648	-99999	16.781	-0.682315	1	1	1	1	1	-218.646	-227.38	130.338	22.1479	145.408	283.8	-218.642	-231.017	-227.399	130.415	70.7477	22.1479	145.329	211.221	283.8	7.03262	10	0	71.3677	16.8134	8.76751	239.241	16.8134	8.76751	239.241	
13209	116029	312.516	1641.66	312.513	-99999	116.514	-0.58301	0	0	0	0	0	-243.891	-97.7812	132.174	-39.694	-475.019	-691.24	-207.406	-134.904	-61.2955	132.174	46.5463	-39.694	-475.019	-583.752	-691.24	16.8832	15	0	76.7622	85.4842	-26.1448	10.2514	85.4842	-26.1448	10.2514	
13209	94212	353.259	1546.97	352.599	168.083	34.85	-0.778023	1	1	1	1	1	-242.224	-101.97	132.422	-139.84	200.729	35.2988	-242.441	-171.611	-101.94	132.844	-12.4928	-139.889	200.987	131.041	35.2057	6.83657	13	0	95.3012	34.8931	-11.4836	793.701	80.3031	70.0834	10.5014	
13209	114372	217.941	498.413	216.956	-99999	9.067	-0.865152	1	1	1	1	1	-346.314	-288.465	133.528	-51.3116	458.71	554.319	-346.546	-312.474	-288.429	134.16	44.2448	-51.5495	458.432	509.479	554.391	5.51319	12	0	80.1426	9.09089	-7.05006	522.149	9.09089	-7.05006	522.149	
13209	92294	205.909	530.821	203.717	58.4371	56.223	-0.899793	1	1	1	1	1	-234.553	-132.605	132.328	-43.6276	576.167	583.805	-234.812	-184.763	-132.002	132.908	43.1955	-45.0477	576.111	582.328	583.96	4.62718	7	0	78.4715	56.2635	-13.7216	579.83	56.2635	-13.7216	579.83	
13209	112527	76.0921	248.337	76.0897	-99999	5.376	-0.899872	1	0	0	0	0	-286.881	-307.972	134.269	61.9175	-833.539	-827.91	-286.887	-300.65	-307.978	134.269	98.8796	61.9175	-833.539	-832.185	-827.91	25.5575	6	0	111.363	5.40086	52.6026	-364.21	80.5009	3.212	-745.452	
13209	91105	252.715	956.26	250.066	-99999	-44.644	-0.908115	1	1	1	1	1	-76.7596	-122.162	128.053	-94.0451	538.506	643.695	-90.2797	-113.127	-136.142	130.447	17.689	-94.0451	537.501	589.734	643.695	5.31818	8	0	348.673	-44.6194	-49.4463	626.634	-44.6194	-49.4463	626.634	
13209	111483	167.831	426.217	165.769	-99999	36.028	-0.993246	1	1	1	1	0	-168.397	-170.224	128.031	-35.4541	719.096	737.724	-157.084	-163.534	-158.556	128.511	45.484	-36.935	719.167	728.119	737.752	4.12819	8	0	75.4893	36.0584	-7.96664	718.079	36.0584	-7.96664	718.079	
13209	113643	300.224	745.5	299.997	66.067	62.527	-0.76109	1	1	1	1	1	-281.529	-100.675	132.587	-85.1929	380.749	292.123	-281.659	-195.24	-100.672	132.754	14.0344	-85.195	380.801	349.91	292.12	4.14981	16	0	77.678	62.5494	-29.2676	326.908	62.5494	-29.2676	326.908	
13209	109445	334.271	830.806	331.324	111.199	110.088	-0.932001	0	0	0	0	0	-158.57	-302.625	132.947	-148.658	-440.51	-511.228	-158.526	-215.28	-304.573	133.121	-14.9338	-150.551	-440.461	-492.868	-510.783	7.58076	9	0	84.5093	70.7663	-4.67567	761.866	70.7663	-4.67567	761.866	
13209	108859	37.224	123.91	36.4125	-99999	86.53	-0.959845	0	0	0	0	0	-157.526	-164.21	128.492	94.5987	504.102	493.01	-130.43	-132.815	-137.267	128.492	110.686	93.8655	504.102	499.274	492.7	4.62552	16	0	79.7569	86.5479	36.0659	500.098	86.5479	36.0659	500.098	
13209	112963	65.2418	170.996	63.7531	33.3153	30.53	-0.935632	0	0	0	0	0	-216.731	-199.66	132.733	72.5122	-91.3145	-97.9502	-216.731	-208.502	-199.386	132.733	102.259	71.0615	-91.3145	-99.489	-97.9336	4.8103	11	0	90.7421	30.5721	22.5071	-114.382	30.5721	22.5071	-114.382	
13209	9090	348.817	813.985	347.954	70.0897	67.09	-0.878724	1	1	1	1	1	-130.674	-293.381	133.1	-165.597	669.611	734.646	-130.674	-207.512	-293.873	133.1	-18.7755	-166.273	669.611	707.453	734.811	4.103	8	0	77.0363	67.1175	-30.0509	699.325	67.1175	-30.0509	699.325	
13209	112890	210.696	505.736	210.691	-99999	83.686	-0.859926	1	1	1	1	0	-358.473	-304.001	19.8486	-140.509	354.208	475.804	-358.569	-324.452	-304.096	19.8486	-64.2507	-140.509	354.208	407.011	475.804	5.96122	18	0	81.9861	83.7044	-24.6732	386.793	83.7044	-24.6732	386.793	
13209	115441	371.529	843.164	365.441	-99999	29.523	-0.333638	1	1	1	1	1	-89.8525	-172.758	126.375	-165.513	326.875	527.399	-79.3397	-121.634	-163.513	128.834	-18.7232	-165.513	321.693	424.513	527.399	4.59252	7	0	73.9849	29.5557	-13.8073	419.038	29.5557	-13.8073	419.038	
13209	115045	338.359	924.832	331.331	7.28879	4.409	-0.937474	1	1	1	1	1	-262.87	-141.377	131.958	-171.816	-565.803	-617.773	-263.09	-200.289	-138.841	132.643	-22.409	-177.552	-565.701	-590.824	-617.98	4.87299	15	0	94.3188	4.44096	-32.8692	-590.1	4.44096	-32.8692	-590.1	
13209	90624	212.8	492.376	211.309	-99999	8.701	-0.967326	1	1	1	1	1	-150.356	-100.611	132.912	-71.7123	-49.8654	-48.1262	-147.631	-124.192	-97.5642	132.912	29.2877	-73.162	-49.8654	-45.5163	-48.1847	4.01872	10	0	75.6444	8.73404	-16.8762	-48.8586	8.73404	-16.8762	-48.8586	
13209	95904	319.652	736.938	319.638	-99999	105.627	-0.886101	0	0	0	0	0	-237.859	-94.3455	133.118	-151.515	-300.78	-321.121	-204.782	-130.255	-61.2635	133.118	-8.04383	-151.525	-300.78	-307.747	-321.122	4.28116	12	0	48.4865	-32.6979	34.8026	-602.13	-32.6979	34.8026	-602.13	
13209	115230	69.1333	175.567	68.996	-99999	56.499	-0.644183	1	1	1	1	1	-206.264	-219.116	132.632	87.5201	241.846	191.258	-197.368	-203.7	-210.237	132.72	110.183	87.5201	241.95	216.525	191.258	4.56473	14	0	50.428	56.5424	-30.0398	51.3176	56.5424	-30.0398	51.3176	
13209	115051	274.151	652.19	256.601	-99999	12.649	-0.552256	1	1	1	1	1	-65.3206	-203.488	39.3334	-97.7409	-274.688	-107.48	-63.1319	-137.119	-210.121	39.5568	-33.8107	-107.553	-274.947	-185.885	-96.3675	15.7933	11	0	101.149	12.7042	-12.039	-197.858	12.7042	-12.039	-197.858	
13209	115935	59.5041	166.164	57.6367	-99999	40.699	-0.974612	1	1	1	0	0	-79.9988	-73.9168	129.147	73.2094	731.594	740.462	-67.4039	-64.1549	-61.1735	130.3	101.147	72.7887	731.349	736.261	740.09	5.19542	11	0	85.6203	40.7108	4.27896	748.435	40.7108	4.27896	748.435	
13209	55930	337.029	858.874	337.024	-99999	77.948	-0.911625	1	1	1	1	1	-202.329	-127.813	130.972	-165.355	326.009	187.304	-177.92	-147.624	-103.404	130.972	-20.5235	-165.355	326.009	258.881	187.304	7.67288	18	0	100.653	77.9858	-42.525	244.326	77.9858	-42.525	244.326	
13209	116140	281.335	718.252	277.763	71.898	70.013	-0.964876	1	1	1	1	1	-213.836	-195.536	130.44	-139.95	-529.705	-588.919	-213.849	-206.027	-195.436	131.868	-4.79794	-142.007	-529.316	-561.381	-589.164	5.03844	14	0	84.9826	70.0193	-21.4641	-669.966	70.0193	-21.4641	-669.966	
13209	113867	155.366	367.833	150.673	-25.9495	-27.577	-0.887189	1	1	1	0	0	-162.144	-219.325	131.816	-7.29988	-830.898	-831.266	-161.914	-193.575	-220.326	132.255	61.373	-11.246	-830.91	-830.877	-832.253	4.34411	6	0	69.7744	-27.555	8.82017	-786.93	-27.555	8.82017	-786.93	
13209	56649	429.32	1190.8	334.312	-99999	103.135	-0.688571	0	0	0	0	0	-219.422	-269.276	133.121	-111.155	187.738	410.406	-219.539	-251.881	-283.819	133.121	-23.5608	-180.874	187.738	330.803	473.195	8.68165	13	0	188.854	96.4852	-22.4768	257.646	96.4852	-22.4768	257.646	
13209	116358	262.767	563.433	261.349	-99999	102.435	-0.986292	0	0	0	0	0	-236.051	-272.328	130.419	-122.037	-476.332	-428.837	-236.094	-247.195	-272.656	131.057	1.30451	-122.708	-476.4	-461.196	-428.552	4.62932	13	0	91.2728	42.0835	-85.2133	-440.17	42.0835	-85.2133	-440.17	
13209	116218	202.75	514.595	202.24	29.7875	27.508	-0.759861	1	1	1	1	1	-271.608	-138.839	133.791	-16.0571	742.856	715.952	-271.608	-203.434	-138.621	133.791	59.9678	-16.5115	742.856	729.861	715.932	5.76052	8	0	78.9599	27.5365	1.05198	714.226	27.5365	1.05198	714.226	
13209	116377	99.37	2393.08	73.8246	-99999	101.512	-0.720765	0	0	0	0	0	-350.07	-326.449	-19.6709	36.6208	-522.575	-489.213	-326.565	-341.711	-351.952	36.6208	1.37097	-39.9422	-489.213	-511.277	-518.145	83.7352	361	0	2393.08	-999999	-999999	-999999	-999999	-999999	-999999	
13209	1929	155.956	449.018	155.59	-99999	115.288	-0.933001	0	0	0	0	0	-177.799	-229.031	132.244	-12.0965	-533.379	-506.11	-159.572	-185.264	-210.915	132.584	60.3646	-12.0965	-533.448	-519.16	-506.11	7.38743	6	0	65.9539	86.1557	-60.994	432.982	72.0557	-37.8169	201.225	
13209	22853	347.982	1116.97	347.666	90.8637	90.779	-0.790032	1	1	1	1	1	-96.0333	-265.653	132.829	-130.573	-603.191	-456.712	-95.8817	-179.559	-265.653	133.07	-4.54692	-130.573	-603.301	-537.589	-456.712	9.49638	7	0	76.3657	90.8045	-7.39527	-537.601	90.8045	-7.39527	-537.601	
13209	98287	296.103	733.065	295.055	37.0429	35.42	-0.941444	1	1	1	1	1	-196.084	-313.389	132.057	-127.615	404.721	468.129	-195.963	-244.786	-313.789	132.484	-3.13485	-128.034	404.637	438.301	468.247	6.32115	8	0	75.7492	37.7958	-37.3537	-571.407	37.7958	-37.3537	-571.407	
13209	29795	317.377	882.444	316.668	-99999	89.333	-0.933104	1	1	1	1	1	-184.919	-176.161	132.779	-162.066	-695.072	-800.547	-156.946	-151.66	-148.219	132.79	-16.9776	-162.505	-695.067	-745.829	-800.919	5.81486	12	0	54.5478	89.358	-25.0242	-733.003	89.358	-25.0242	-733.003	
13209	28571	278.341	4076.29	276.438	-99999	44.2	-0.990921	1	1	1	0	0	-355.976	-347.186	133.927	-127.094	-356.369	-349.356	-356.069	-352.742	-347.152	134.803	8.19005	-127.398	-356.479	-353.576	-349.275	4.33351	10	0	113.507	44.2115	-27.971	-355.259	44.2115	-27.971	-355.259	
13209	30976	206.954	567.856	202.901	-99999	76.462	-0.841748	0	0	0	0	0	-357.425	-317.883	133.007	-36.8749	-847.141	-744.699	-357.689	-333.635	-317.721	133.728	47.2696	-39.4211	-847.563	-796.094	-742.792	5.55186	13	0	192.387	-999999	-999999	-999999	-999999	-999999	-999999	
13209	32079	107.769	2108.44	106.731	151.256	-41.627	-0.629317	0	0	0	0	0	-146.831	-218.802	133.575	65.5367	-536.267	-497.256	-146.831	-182.649	-219.557	133.575	97.9807	65.0257	-536.267	-517.622	-496.768	6.09765	8	0	141.753	-5.18516	-32.5654	-333.387	-5.18516	-32.5654	-333.387	
13209	250	200.054	485.521	198.999	-99999	18.056	-0.552707	1	1	1	1	0	-353.903	-296.638	133.483	19.4094	-864.709	-714.211	-354.179	-328.062	-296.659	134.059	72.2117	19.4094	-865.553	-791.499	-714.211	4.87527	14	0	81.6195	18.0848	42.0625	-765.152	18.0848	42.0625	-765.152	
13209	13992	294.596	715.567	292.696	-99999	94.831	-0.754224	1	1	1	1	1	-189.748	-219.291	132.137	-76.3196	-266.096	-64.5675	-160.034	-177.714	-189.615	133.33	26.2649	-76.4519	-267.132	-168.045	-64.3255	4.30316	8	0	85.779	88.5387	24.7282	-180.204	88.5387	24.7282	-180.204	
13209	15432	258.256	728.839	258.213	-99999	58.22	-0.953702	1	1	1	1	1	-358.277	-292.47	134.808	-100.737	526.674	602.792	-358.353	-328.082	-292.536	134.846	12.515	-100.737	526.666	554.385	602.792	6.12813	11	0	103.81	56.5783	-46.9184	526.509	56.5783	-46.9184	526.509	
13209	32693	213.965	525.508	212.45	-39.334	-41.308	-0.959187	1	1	1	1	1	-174.89	-241.067	131.964	-68.739	-350.923	-349.741	-174.859	-209.653	-241.692	132.074	31.3487	-69.9817	-350.912	-358.316	-349.66	4.25391	9	0	76.2932	-41.2824	-16.4015	-348.959	-41.2824	-16.4015	-348.959	
13209	34419	306.959	732.68	305.631	29.465	25.384	-0.886605	1	1	1	1	1	-344.706	-181.409	130.144	-112.497	-1.94918	-87.6799	-344.706	-264.368	-180.905	130.144	6.27832	-113.676	-1.94918	-43.1801	-87.9902	5.32536	11	0	96.9233	25.4117	0.507622	-40.0256	25.4117	0.507622	-40.0256	
13209	34419	208.741	474.195	208.172	-99999	89.696	-0.810685	1	1	1	1	0	-320.873	-303.163	133.159	-25.6658	674.056	805.902	-320.991	-313.09	-303.266	133.601	51.9255	-25.6658	673.741	737.685	805.902	5.78312	15	0	89.4737	89.7317	5.93231	750.584	89.7317	5.93231	750.584	
13209	33964	280.927	688.336	279.72	48.5793	45.657	-0.777703	1	1	1	1	1	-212.977	-109.99	131.549	-97.2573	702.001	585.559	-213.141	-175.792	-109.99	132.332	9.76367	-97.2573	702.613	646.799	585.559	8.45156	12	0	72.4727	45.6782	-35.3236	618.34	45.6782	-35.3236	618.34	
13209	35989	91.4157	279.037	89.7919	-99999	51.566	-0.974935	1	1	1	0	0	-218.098	-198.642	129.282	42.3605	-409.258	-400.45	-201.95	-193.71	-182.165	129.282	84.6503	40.7783	-409.258	-405.554	-400.384	13.0652	9	0	99.3735	51.5969	17.1429	-407.008	51.5969	17.1429	-407.008	
13209	31732	204.86	502.286	204.202	-99999	-36.622	-0.822397	1	1	1	1	1	-351.254	-264.265	133.726	-38.1543	78.8821	141.233	-351.521	-300.073	-264.223	134.268	53.1772	-38.1543	78.6852	114.188	141.233	4.24784	7	0	63.799	-36.6218	8.31024	127.452	-36.6218	8.31024	127.452	
13209	34265	295.6	721.322	294.551	-99999	70.19	-0.87751	1	1	1	1	1	-211.851	-90.017	129.825	-134.915	605.216	618.092	-190.136	-121.088	-67.8664	130.319	-0.00708874	-135.353	605.266	596.578	618.194	14.2813	6	0	84.8037	70.217	-31.2244	373.868	55.067	-38.1437	442.027	
13209	35141	346.907	841.155	345.986	-22.575	-21.554	-0.682401	1	1	1	1	1	-81.9141	-237.372	133.29	-91.6951	511.128	719.585	-81.7785	-154.829	-237.718	133.546	18.3535	-92.0779	510.892	617.88	719.74	6.0906	9	0	77.0832	-21.5099	-1.12942	618.399	-21.5099	-1.12942	618.399	
13209	3657	91.7289	321.452	91.5908	-99999	102.926	-0.775374	0	0	0	0	0	-202.994	-242.261	130.156	57.6422	370.107	330.375	-170.704	-190.53	-210.031	130.263	94.2791	57.6422	370.172	349.789	330.375	4.52988	12	0	130.69	11.9762	-50.1286	520.396	11.9762	-50.1286	520.396	
13209	4749	324.411	838.33	320.127	-99999	69	-0.950084	1	1	1	1	1	-303.592	-325.612	130.85	-171.394	-181.791	-91.204	-303.454	-313.725	-325.496	133.561	-23.2886	-172.283	-182.725	-145.664	-90.2484	9.40958	24	0	76.5346	69.0271	-28.0005	-144.098	69.0271	-28.0005	-144.098	
13209	54570	238.183	558.033	236.636	-99999	22.5	-0.990225	1	1	1	1	1	-276.588	-269.874	132.548	-101.272	421.184	425.843	-276.673	-267.123	-269.884	132.982	15.0073	-102.308	421.199	421.633	425.945	5.46029	8	0	92.3702	22.5138	-17.6113	418.085	22.5138	-17.6113	418.085	
13209	60090	304.32	772.617	303.917	79.0365	76.243	-0.902808	1	1	1	1	1	-145.823	-263.525	132.571	-138.251	273.603	343.672	-145.686	-201.268	-263.525	132.934	-3.61091	-138.251	273.512	310.958	343.672	7.42578	10	0	87.6399	76.2701	-26.1187	314.9	76.2701	-26.1187	314.9	
13209	526	302.134	748.237	300.298	-99999	-14.641	-0.938607	1	1	1	1	1	-328.41	-218.432	133.143	-144.964	-82.0501	-60.0633	-328.664	-271.506	-218.049	133.911	-5.51003	-145.901	-82.1083	-71.7743	-60.1493	7.40669	7	0	83.7997	-14.6126	-15.5649	-67.27	-14.6126	-15.5649	-67.27	
13209	41	290.94	649.969	290.866	-99999	38.982	-0.71819	1	1	1	1	1	-309.154	-345.566	132.602	-82.8052	450.646	641.323	-309.19	-330.332	-345.611	132.647	19.7471	-82.8052	450.601	539.607	641.323	9.10357	15	0	85.9042	39.0149	-22.8076	573.133	39.0149	-22.8076	573.133	
13209	98812	382.742	1024.9	380.989	47.1145	43.928	-0.789753	1	1	1	1	1	-314.565	-77.3937	133.216	-159.863	-474.966	-421.288	-315.238	-196.244	-77.0905	134.119	-12.9958	-160.366	-475.136	-446.59	-421.141	5.38171	17	0	113.693	43.9551	-64.8655	-423.801	43.9551	-64.8655	-423.801	
13209	100612	114.331	329.024	113.487	84.5217	83.386	-0.977004	1	1	1	1	1	-237.91	-204.822	132.014	25.1934	797.648	780.669	-237.91	-222.816	-204.647	132.014	77.5762	24.374	797.648	789.95	780.646	11.4302	10	0	95.6352	83.4243	13.145	764.715	83.4243	13.145	764.715	
13209	59188	226.001	587.15	224.828	-99999	37.159	-0.754976	1	1	1	1	1	-76.4963	-216.974	133.566	-38.0824	-357.544	-393.909	-70.4076	-142.252	-211.618	133.86	48.7889	-38.6878	-357.477	-376.628	-394	8.9852	8	0	58.9178	37.1895	-16.8464	-393.891	37.1895	-16.8464	-393.891	
13209	5914	239.408	622.583	238.503	-99999	102.681	-0.552816	0	0	0	0	0	-195.677	-93.5297	-33.3259	-156.969	-894.78	-718.284	-163.651	-112.21	-61.108	-33.1628	-95.5404	-157.287	-894.987	-806.736	-717.836	4.82537	7	0	51.561	-999999	-999999	-999999	-999999	-999999	-999999	
13209	5036	257.856	608.337	257.755	-99999	-9.388	-0.899408	1	1	1	1	1	-170.999	-257.747	129.914	-103.569	256.997	307.544	-170.963	-218.436	-257.747	129.99	10.9778	-103.569	256.99	268.271	307.544	5.86735	11	0	74.6681	-9.36966	-25.6845	279.45	-9.36966	-25.6845	279.45	
13209	4023	370.505	874.82	370.478	-99999	110.308	-0.710762	0	0	0	0	0	-169.518	-144.034	133.605	-170.626	-534.531	-739.618	-134.976	-122.287	-109.492	133.605	-14.2756	-170.626	-534.531	-644.589	-739.618	12.2455	9	0	94.5938	4.66897	-116.852	219.053	-47.011	-32.7374	-505.208	
13209	99598	316.415	741.553	315.41	-99999	-6.526	-0.50372	1	1	1	1	1	-96.9146	-273.005	57.8919	-93.8782	-894.427	-682.909	-96.4717	-181.757	-273.077	58.3133	-20.4113	-93.9545	-895	-787.605	-682.784	4.69077	15	0	82.2003	-6.50246	-17.531	-756.591	-6.50246	-17.531	-756.591	
13209	8217	302.215	904.154	297.998	-99999	104.317	-0.980184	0	0	0	0	0	-210.962	-215.681	128.027	-165.692	675.496	720.542	-178.207	-180.688	-183.049	131.204	-17.0636	-166.577	674.861	700.962	720.514	4.01496	11	0	118.922	-49.0396	3.74843	-15.5196	-49.0396	3.74843	-15.5196	
13209	12436	339.921	1038.18	339.5	48.613	46.897	-0.933955	1	1	1	1	1	-94.2699	-216.308	132.72	-164.517	560.02	660.772	-94.1499	-153.88	-216.308	133.103	-21.5749	-164.517	559.936	596.562	660.772	7.59303	13	0	82.1433	46.9165	-10.4148	593.452	46.9165	-10.4148	593.452	
13209	13516	247.085	659.362	245.993	-99999	-23.132	-0.970969	1	1	1	1	1	-167.626	-174.589	131.086	-110.917	-178.16	-162.522	-174.843	-184.958	-181.833	131.279	9.12857	-110.917	-178.201	-170.826	-162.522	4.72285	11	0	79.5783	-23.1089	-21.8515	-170.328	-23.1089	-21.8515	-170.328	
13209	16636	177.316	446.019	176.647	110.378	108.769	-0.766637	0	0	0	0	0	-302.773	-178.902	133.301	9.79244	594.252	600.312	-302.856	-243.257	-178.497	133.403	68.5669	9.48614	594.237	604.302	600.163	4.25161	10	0	83.1319	93.0948	-23.734	-173.056	93.0948	-23.734	-173.056	
13209	13275	345.84	882.382	345.414	-17.6667	-18.984	-0.862908	1	1	1	1	1	-271.608	-204.636	133.067	-148.001	-563.762	-378.582	-271.624	-243.642	-204.583	133.21	-16.0326	-148.17	-563.843	-481.396	-378.403	4.22283	6	0	83.0191	-18.9645	-21.9141	-474.118	-18.9645	-21.9141	-474.118	
13209	14732	432.828	2780.37	347.803	-99999	91.334	-0.563509	1	1	1	1	1	-264.037	-339.101	133.273	-53.0591	104.5	388.387	-264.141	-310.377	-358.721	133.273	16.9324	-98.527	104.5	281.011	457.484	13.5513	9	0	1393.2	91.3596	-28.5707	354.532	91.3596	-28.5707	354.532	
13209	20004	384.604	980.282	382.274	72.0884	70.113	-0.619259	1	1	1	1	1	-203.721	-266.469	129.37	-155.557	208.068	449.49	-203.411	-240.843	-266.459	130.698	-17.0048	-155.649	206.391	323.44	449.565	6.88843	10	0	28.8162	70.1489	-36.5613	352.003	70.1489	-36.5613	352.003	
13209	20364	81.5066	330.805	80.3428	-99999	57.148	-0.677733	1	1	1	1	1	-241.765	-303.51	133.038	83.822	498.056	512.686	-241.777	-272.927	-304.42	133.089	107.941	83.1755	498.048	505.526	512.916	21.3022	6	0	144.445	57.1827	19.898	520.55	57.1827	19.898	520.55	
13209	21804	62.6095	179.37	62.0884	-99999	40.4	-0.463367	1	1	0	0	0	-223.044	-203.322	132.844	107.774	783.718	836.963	-229.514	-219.836	-209.671	133.09	120.144	107.774	783.275	810.065	836.963	5.80782	14	0	70.4157	40.4543	27.7061	787.627	40.4543	27.7061	787.627	
13209	22658	112.253	321.314	106.285	-99999	-39.426	-0.909104	1	1	1	1	0	-179.039	-141.656	131.845	33.6619	-91.2803	-78.2778	-191.75	-173.057	-150.916	132.699	80.5294	29.7317	-91.436	-82.8179	-78.5964	6.19311	12	0	128.19	-39.3916	12.0585	-85.9812	-39.3916	12.0585	-85.9812	
13209	23018	293.86	779.651	293.831	25.4168	24.007	-0.841348	1	1	1	1	1	-110.995	-261.699	133.423	-92.3973	-858.317	-759.456	-110.989	-185.738	-261.699	133.433	12.1178	-92.3973	-858.32	-822.903	-759.456	11.0028	8	0	91.0145	24.0299	-9.05493	-772.279	24.0299	-9.05493	-772.279	
13209	20397	646.257	2148.25	645.688	54.1724	51.661	-0.473614	1	1	1	1	1	-294.848	-104.334	133.321	-157.239	-836.68	-292.576	-294.987	-199.075	-104.334	133.588	-12.058	-157.239	-837.157	-565.2	-292.576	4.69213	8	0	164.48	51.7041	-33.0147	-496.286	51.7041	-33.0147	-496.286	
13209	20517	139.866	396.942	139.758	-99999	41.202	-0.745237	1	1	1	1	0	-289.899	-221.017	133.265	24.4238	357.554	410.602	-289.998	-254.445	-221.064	133.344	80.2518	24.4238	357.508	385.601	410.602	6.4417	8	0	94.1634	41.229	19.3842	393.011	41.229	19.3842	393.011	
13209	21837	235.096	3598.11	229.754	-402.283	-8.578	-0.506263	0	0	0	0	0	-349.384	-190.911	45.4979	-71.5154	-156.205	-274.37	-349.384	-267.882	-187.424	45.4979	-13.7851	-74.4679	-156.205	-216.666	-277.125	62.6293	13	0	2845.6	-18.0716	80.8867	-573.232	-18.0716	80.8867	-573.232	
13209	107457	175.282	398.476	161.328	-99999	40.697	-0.489764	1	1	1	1	1	-200.322	-92.7039	130.124	46.9759	603.05	689.801	-187.897	-129.689	-70.705	130.348	85.3116	40.0855	602.796	650.368	696.77	6.2546	6	0	61.794	40.7146	24.804	683.648	40.7146	24.804	683.648	
13209	21009	447.116	1128.45	445.757	58.2188	57.214	-0.446967	1	1	1	1	1	-282.647	-119.4	133.429	-66.1596	522.187	884.416	-282.728	-202.938	-118.739	133.579	36.4479	-66.4334	521.896	706.672	885.137	4.58015	9	0	83.6883	57.2612	-13.379	712.717	57.2612	-13.379	712.717	
13209	20530	439.844	1400.1	438.544	67.6057	65.398	-0.736059	1	1	1	1	1	-316.748	-194.113	133.092	-169.068	-460.381	-167.355	-316.767	-255.334	-193.904	133.149	-19.3629	-169.798	-460.429	-314.433	-166.405	39.4092	13	0	170.466	65.4362	-10.1678	-318.999	65.4362	-10.1678	-318.999	
13209	22810	113.237	404.758	113.11	30.5674	29.891	-0.669925	1	1	1	0	0	-219.269	-141.027	132.743	53.1615	162.146	167.786	-219.355	-175.266	-141.027	132.821	97.8809	53.1615	162.137	167.693	167.786	6.37109	7	0	182.418	29.9222	26.916	169.79	29.9222	26.916	169.79	
13209	1042	333.902	859.197	329.555	-99999	99.407	-0.989959	1	1	1	1	1	-247.829	-193.996	130.224	-171.383	-872.026	-751.248	-264.086	-236.603	-209.617	134.515	-18.9715	-171.383	-872.092	-813.718	-751.248	10.3617	14	0	87.0002	99.4283	-18.9131	-764.375	99.4283	-18.9131	-764.375	
13209	6880	107.493	285.919	107.317	-99999	108.026	-0.732565	0	0	0	0	0	-317.787	-270.391	133.086	57.4139	-671.744	-613.107	-317.984	-294.919	-270.514	133.215	93.015	57.4139	-671.838	-644.654	-613.107	5.67791	13	0	82.9558	-7.21146	58.2391	-407.189	-7.21146	58.2391	-407.189	
13209	7000	292.507	786.313	290.83	41.4577	39.97	-0.954101	1	1	1	1	1	-197.047	-236.907	131.888	-148.021	562.979	622.115	-197.007	-228.135	-236.982	132.11	-7.48282	-149.359	562.922	592.988	622.523	8.75202	15	0	91.8528	40.005	-27.3009	597.34	40.005	-27.3009	597.34	
13209	7990	145.865	412.837	144.399	35.1304	33.674	-0.953408	1	1	1	1	1	-200.627	-241.49	130.337	-6.29498	84.7066	100.585	-200.555	-221.246	-241.778	130.571	62.0117	-7.47314	84.6899	97.9908	100.555	4.14403	9	0	80.27	33.6959	4.09541	93.5823	33.6959	4.09541	93.5823	
13209	8720	62.56	178.792	62.0425	-99999	37.943	-0.888368	1	0	0	0	0	-291.901	-317.508	133.052	77.5812	-651.807	-643.615	-291.857	-303.784	-317.719	133.253	105.151	77.354	-651.851	-645.146	-643.593	4.80936	8	0	73.6424	37.9664	49.8873	-626.13	37.9664	49.8873	-626.13	
13209	11600	379.912	953.359	379.896	-46.6519	-48.608	-0.689254	1	1	1	1	1	-198.955	-264.609	132.389	-139.775	-80.7042	173.192	-198.955	-240.507	-264.609	132.389	-4.79262	-139.775	-80.7042	43.7998	173.192	5.09157	18	0	85.3305	-48.5774	-25.7766	66.7524	-48.5774	-25.7766	66.7524	
13209	2305	118.175	318.081	118.163	-99999	98.412	-0.99888	1	1	1	0	0	-218.952	-234.417	133.189	16.9331	-873.43	-873.195	-188.135	-194.975	-203.6	133.189	74.8939	16.9331	-873.43	-868.402	-873.195	7.11129	11	0	81.918	98.431	12.8248	-799.064	98.431	12.8248	-799.064	
13209	64960	125.981	360.089	125.981	-99999	38.505	-0.647556	1	1	1	1	1	-272.048	-318.023	132.82	51.6418	-95.1917	-10.5785	-272.092	-295.124	-318.067	132.82	91.8742	51.6418	-95.1917	-53.2317	-10.5785	4.49007	15	0	93.0762	38.5367	7.23752	14.6839	38.5367	7.23752	14.6839	
13209	9091	154.258	414.796	152.94	34.3551	31.843	-0.964691	1	1	1	1	1	-234.321	-199.428	131.463	-16.5581	30.3132	33.9464	-234.489	-215.541	-199.306	132.096	57.6133	-17.202	30.352	25.4423	33.9957	6.6245	6	0	90.3978	31.8776	-0.198778	25.9268	31.8776	-0.198778	25.9268	
13209	8828	196.017	505.168	195.65	-99999	84.535	-0.894202	1	1	1	0	0	-345.151	-300.721	133.666	-40.4672	-197.915	-124.242	-345.28	-330.62	-300.797	133.952	46.772	-40.5075	-198.052	-155.987	-124.235	9.32043	7	0	97.8082	84.5591	21.4519	-154.034	84.5591	21.4519	-154.034	
13209	11332	93.2828	1051.67	93.225	-99999	-18.304	-0.836473	1	1	1	1	1	-266.793	-223.849	132.811	56.6764	247.373	279.55	-266.796	-245.21	-223.828	132.857	94.4639	56.6764	247.354	262.689	279.55	6.46683	12	0	777.093	-18.2757	-24.2977	305.171	-18.2757	-24.2977	305.171	
13209	12733	152.26	402.221	151.66	-99999	92.449	-0.774999	1	1	1	1	0	-305.089	-253.68	132.693	11.925	651.615	726.004	-305.383	-280.994	-253.786	133.156	72.6153	11.925	651.292	690.372	726.004	5.18184	14	0	86.1787	92.4642	15.6573	690.809	92.4642	15.6573	690.809	
13209	63675	191.015	771.197	190.998	42.2152	41.432	-0.832088	1	1	1	1	1	-277.177	-204.149	133.194	-17.3601	-15.872	-104.671	-277.177	-241.227	-204.149	133.194	52.972	-17.3601	-15.872	-53.0983	-104.671	5.68395	15	0	82.8997	41.4563	8.01593	-77.3263	41.4563	8.01593	-77.3263	
13209	17546	186.178	482.009	184.934	97.2132	95.204	-0.947923	1	1	1	1	1	-197.735	-236.266	132.405	-44.942	458.47	424.39	-197.735	-218.143	-236.721	132.405	43.4854	-46.087	458.47	440.328	424.265	4.30801	6	0	80.865	95.2364	-12.9006	430.14	95.2364	-12.9006	430.14	
13209	12132	64.2126	149.391	63.4817	-99999	111.842	-0.850352	0	0	0	0	0	-131.685	-96.3427	130.15	77.521	407.534	410.206	-96.8211	-78.7917	-61.0642	130.407	103.924	77.1779	407.518	409.495	410.205	4.21234	7	0	54.3266	38.3754	-5.38117	-656.508	38.3754	-5.38117	-656.508	
13209	15024	310.48	798.179	310.074	62.0221	61.946	-0.907863	1	1	1	1	1	-302.347	-200.296	132.989	-136.159	820.485	708.342	-302.438	-256.601	-200.296	133.352	-5.16607	-136.159	820.622	767.735	708.342	5.14628	11	0	88.0404	61.9782	-7.44774	754.531	61.9782	-7.44774	754.531	
13209	6065	144.442	387.118	144.44	-99999	83.591	-0.689405	1	1	1	1	0	-346.194	-276.249	132.874	23.641	512.959	574.606	-346.29	-307.135	-276.345	132.874	80.4262	23.641	512.959	543.209	574.606	6.997	10	0	126.064	83.6161	23.9522	570.429	83.6161	23.9522	570.429	
13209	15082	443.75	903.442	442.241	-702.787	-39.339	-0.461162	0	0	0	0	0	-263.94	-146.515	133.042	-74.5615	-786.097	-416.295	-264.112	-197.09	-146.444	133.523	28.1933	-74.705	-787.004	-603.763	-415.879	4.33145	7	0	51.5255	-46.5553	-32.8907	560.954	-46.5553	-32.8907	560.954	
13209	14745	276.394	710.652	275.283	104.058	101.606	-0.955821	0	0	0	0	0	-227.629	-172.566	131.964	-134.314	-237.488	-202.237	-227.908	-191.641	-172.566	132.987	1.41978	-134.314	-237.618	-216.611	-202.237	7.23049	6	0	95.2367	22.8924	-15.6473	73.3969	22.8924	-15.6473	73.3969	
13209	21351	57.9363	1054.3	57.6502	-804.712	49.08	-0.288627	1	1	1	1	0	-263.252	-241.955	129.001	84.7337	521.41	522.127	-255.595	-242.465	-234.298	129.001	111.763	84.7337	521.41	519.557	522.127	4.38495	11	0	95.6986	49.1109	24.7348	474.169	49.1109	24.7348	474.169	
13209	19920	240.607	640	240.205	-99999	101.707	-0.84164	0	0	0	0	0	-225.919	-94.2404	128.435	-71.861	86.1112	101.37	-194.07	-128.261	-62.1734	128.435	28.0963	-72.1958	86.1112	94.6429	101.386	5.60106	7	0	83.8989	89.4002	-8.50582	-307.237	89.4002	-8.50582	-307.237	
13209	21350	233.351	324.174	223.088	-99999	106.766	-0.87376	0	0	0	0	0	-211.945	-235.321	133.471	-59.9559	-600.401	-706.61	-178.512	-200.485	-201.545	133.471	32.6387	-63.3857	-600.401	-654.758	-710.096	8.91189	9	0	25.8555	100.636	-31.8496	-410.7	100.636	-31.8496	-410.7	
13209	9176	313.414	728.741	313.096	-99999	-28.59	-0.975238	1	1	1	1	1	-243.97	-304.044	132.653	-168.516	318.599	364.474	-243.937	-265.584	-304.158	132.653	-21.8135	-168.791	318.599	332.7	364.498	7.35931	7	0	78.2297	-28.5945	-36.8857	343.229	-28.5945	-36.8857	343.229	
13209	22162	316.58	200810	308.631	-99999	114.648	-0.932891	0	0	0	0	0	-115.645	-104.155	134.288	-117.201	-482.094	-335.236	-79.7434	-74.3101	-62.3071	134.288	4.62548	-119.406	-482.094	-409.141	-330.889	16.9829	17	0	200411	86.8414	-0.875123	363.963	86.8414	-0.875123	363.963	
13209	9002	132.417	315.63	128.732	-99999	106.706	-0.852426	0	0	0	0	0	-357.552	-298.829	23.9425	-86.5681	78.2468	102.28	-359.074	-329.782	-298.687	26.686	-29.3612	-86.9465	77.3031	96.5271	102.286	4.97518	8	0	84.0462	80.2995	-19.1903	-758.268	80.2995	-19.1903	-758.268	
13209	6885	234.972	643.991	234.434	-99999	37.879	-0.986268	1	1	1	1	1	-98.9811	-73.3284	133.015	-99.5487	-591.749	-578.78	-87.2125	-74.1004	-61.4668	133.535	16.9962	-99.5487	-591.77	-584.993	-578.78	5.77094	13	0	66.2793	37.8801	-50.9433	-541.363	37.8801	-50.9433	-541.363	
13209	7608	174.949	446.573	165.279	-99999	1.348	-0.370786	1	1	1	1	1	-131.882	-264.73	130.255	66.6542	90.9117	165.857	-131.474	-201.923	-272.086	130.44	96.4624	63.5697	90.6853	129.842	170.371	7.52595	9	0	55.0569	1.32203	19.1677	183.045	1.32203	19.1677	183.045	
13209	62945	170.422	538.998	169.637	-99999	62.559	-0.813696	1	1	1	1	1	-111.344	-221.08	133.656	4.41157	-18.2298	-17.3038	-101.062	-154.721	-211.249	134.294	68.1485	4.41157	-18.2591	-17.0087	-17.3038	6.01555	6	0	54.1014	62.5874	-37.8752	-34.8843	62.5874	-37.8752	-34.8843	
13209	14937	365.383	889.832	357.861	48.2612	47.693	-0.828735	1	1	1	1	1	-178.571	-240.108	126.705	-134.138	-312.377	-80.5442	-177.191	-207.607	-240.108	132.793	-14.1037	-134.138	-316.53	-212.391	-80.5442	17.6028	13	0	111.809	47.7342	-26.1552	-194.683	47.7342	-26.1552	-194.683	
13209	12175	381.166	928.74	380.785	-99999	-3.972	-0.621878	1	1	1	1	1	-257.121	-256.501	130.184	-155.263	490.438	718.678	-257.113	-264.371	-256.406	130.215	-1.70928	-155.467	490.4	619.843	718.81	12.8037	12	0	96.91	-3.92966	-26.7559	595.184	-3.92966	-26.7559	595.184	
13209	62619	24.0513	122.694	23.837	-99999	-32.353	-0.317407	1	1	0	0	0	-236.52	-224.618	68.0637	60.6456	-894.761	-875.689	-236.582	-231.474	-224.581	68.1234	64.1753	60.6456	-894.939	-884.797	-875.689	9.24383	12	0	107.703	-32.3389	-84.9987	-814.008	-32.3389	-84.9987	-814.008	
13209	12971	268.421	667.626	267.983	-99999	19.941	-0.968729	1	1	1	1	1	-281.509	-246.784	131.033	-134.202	-753.112	-749.763	-281.565	-264.566	-246.81	131.274	-1.68055	-134.376	-753.17	-754.257	-749.74	8.929	7	0	82.0271	19.9568	-12.788	-736.849	19.9568	-12.788	-736.849	
13209	20193	35.0891	297.566	34.2285	-99999	-26.697	-0.682653	1	1	1	1	1	-135.077	-122.775	131.41	101.474	135.168	144.741	-143.438	-136.061	-130.725	131.41	116.675	100.839	135.168	140.263	144.837	7.12072	23	0	237.27	-26.6736	-21.1099	187.337	-26.6736	-21.1099	187.337	
13209	23592	173.999	281.973	88.7822	-99999	-35.924	-0.543286	1	1	1	1	1	-130.77	-124.296	132.039	58.3296	149.088	187.547	-142.019	-135.883	-129.679	132.039	59.3717	40.0571	149.088	188.304	115.26	7.31055	6	0	12.1545	-35.8885	-13.4033	100.69	-35.8885	-13.4033	100.69	
13209	90820	72.2343	233.379	70.6596	-99999	85.916	-0.959282	1	1	1	0	0	-103.126	-88.183	132.028	63.6973	-597.148	-592.721	-76.5049	-68.6875	-61.1349	133.103	97.9463	63.4583	-597.322	-594.926	-592.888	5.26902	11	0	71.9797	85.938	49.8438	-582.816	85.938	49.8438	-582.816	
13209	64502	216.392	506.223	215.11	-99999	64.479	-0.897437	1	1	1	1	0	-176.273	-81.4149	129.425	-62.6822	437.001	455.853	-156.503	-109.83	-61.0908	130.292	33.2025	-62.9665	436.931	446.909	455.874	4.07931	6	0	45.5409	64.5033	-43.1131	437.058	64.5033	-43.1131	437.058	
13209	26713	350.989	1346.78	350.985	62.5587	60.84	-0.670645	1	1	1	1	1	-315.43	-139.151	133.522	-121.138	345.787	184.578	-315.43	-228.368	-139.151	133.522	13.8513	-121.138	345.787	251.598	184.578	6.59727	11	0	132.316	60.8816	-17.0934	253.476	60.8816	-17.0934	253.476	
13209	27374	241.125	638.929	238.711	13.773	10.159	-0.941921	1	1	1	1	1	-229.417	-169.186	131.382	-98.2791	214.271	227.996	-229.417	-192.04	-168.476	131.382	17.3636	-100.578	214.271	225.16	228.11	5.59812	8	0	83.7785	10.1859	-20.4221	219.283	10.1859	-20.4221	219.283	
13209	2237	271.401	672.794	269.05	82.3254	80.277	-0.826353	1	1	1	1	1	-236.494	-185.037	131.736	-94.7944	857.509	725.078	-236.657	-201.053	-184.7	132.425	22.353	-95.9054	857.947	787.354	724.116	6.86864	14	0	95.069	80.3165	-21.4249	746.113	80.3165	-21.4249	746.113	
13209	26756	312.24	753.918	312.003	-99999	20.347	-0.937855	1	1	1	1	1	-324.938	-230.005	133.256	-153.07	-173.449	-98.758	-325.032	-272.289	-230.028	133.476	-10.3951	-153.07	-173.477	-144.592	-98.758	7.61235	11	0	91.0674	20.373	-12.2187	-145.568	20.373	-12.2187	-145.568	
13209	26493	251.396	600.539	249.965	-99999	19.074	-0.955153	1	1	1	1	0	-117.902	-71.9835	134.1	-111.079	-240.606	-234.285	-112.015	-88.885	-65.9544	134.339	10.8973	-112.246	-240.605	-238.142	-234.262	4.0874	6	0	73.1045	19.099	-34.4956	-232.187	19.099	-34.4956	-232.187	
13209	30359	115.339	388.521	114.938	-99999	58.162	-0.880531	1	1	0	0	0	-132.696	-79.8584	106.692	5.14654	-894.571	-884.283	-114.597	-88.0881	-61.5747	106.907	55.9457	5.009	-894.596	-889.516	-884.27	4.16495	6	0	60.95	58.1831	17.5204	-855.244	58.1831	17.5204	-855.244	
13209	31199	166.431	511.43	163.141	-12.9099	-14.905	-0.885565	1	1	1	1	1	-202.273	-233.761	131.426	-10.928	323.756	396.133	-202.072	-214.988	-233.955	132.78	60.2928	-12.517	323.083	361.758	396.852	4.78969	16	0	91.3164	-14.8791	-4.16216	378.409	-14.8791	-4.16216	378.409	
13209	41528	352.382	835.34	350.73	68.3682	67.801	-0.629221	1	1	1	1	1	-80.7843	-290.371	132.998	-71.0106	-390.915	-199.071	-80.1481	-185.483	-290.72	133.708	24.9935	-71.3147	-391.518	-301.564	-198.846	5.41972	10	0	78.5353	67.836	-3.20047	-288.895	67.836	-3.20047	-288.895	
13209	8864	57.746	116.148	56.2941	140.105	-26.89	-0.310569	0	0	0	0	0	-117	-126.863	133.616	85.4296	-855.522	-830.031	-121.195	-126.654	-131.512	133.616	108.521	84.6466	-855.522	-843.543	-828.96	10.0855	10	0	57.6314	-47.0669	-111.574	-417.811	-47.0669	-111.574	-417.811	
13209	6369	37.3296	162.329	36.8826	-99999	42.457	-0.7488	1	1	0	0	0	-85.388	-74.2981	126.343	100.007	-154.911	-177.963	-72.1087	-67.3068	-60.8746	126.381	112.42	99.7634	-154.887	-166.249	-178.207	5.2569	15	0	80.5117	42.6769	78.5586	-175.601	42.6769	78.5586	-175.601	
13209	7929	23.9555	114.024	11.8113	68.5438	66.178	-0.437903	1	1	1	1	1	-354.951	-347.325	100.44	98.142	-889.87	-881.505	-347.825	-344.666	-336.996	103.002	100.413	98.1412	-900.434	-889.922	-881.502	6.40705	26	0	114.024	66.2277	-50.6101	-414.792	66.2277	-50.6101	-414.792	
13209	9241	147.066	379.295	146.62	-99999	11.648	-0.804158	1	1	1	1	0	-331.561	-255.682	133.266	23.693	630.882	687.806	-331.789	-293.621	-255.696	133.626	75.2223	23.693	630.733	653.903	687.806	6.01648	14	0	78.1989	11.6707	23.0738	662.258	11.6707	23.0738	662.258	
13209	7106	162.568	423.119	162.012	21.1438	18.152	-0.989505	1	1	1	1	1	-213.766	-196.044	132.556	-26.8159	116.656	125.158	-213.732	-207.901	-196.008	132.972	52.5811	-26.8823	116.588	125.076	125.147	4.17905	9	0	70.9217	18.1896	-5.36156	124.553	18.1896	-5.36156	124.553	
13209	8915	147.48	356.861	146.554	-99999	7.822	-0.920705	1	1	1	1	0	-300.207	-295.998	133.617	-1.41144	673.587	729.624	-300.216	-297.158	-295.999	133.617	65.8793	-2.25932	673.587	702.458	729.972	6.07277	11	0	81.4674	7.83101	12.2123	715.488	7.83101	12.2123	715.488	
13209	11246	57.2034	162.402	57.2015	-99999	-5.713	-0.293375	1	1	0	0	0	-357.529	-324.201	-96.576	-123.46	8.11504	45.0641	-357.523	-339.569	-324.195	-96.576	-106.587	-123.46	8.11504	27.8714	45.0641	6.83031	9	0	68.8793	-5.71576	-93.732	15.0499	-5.71576	-93.732	15.0499	
13209	6981	195.52	506.403	189.698	71.4562	70.528	-0.907127	1	1	1	1	1	-239.959	-147.152	132.432	-32.0651	-579.287	-569.404	-240.037	-196.895	-143.835	132.601	45.1962	-36.6153	-579.295	-572.757	-569.354	7.41675	6	0	85.2627	70.5605	-5.8612	-572.18	70.5605	-5.8612	-572.18	
13209	9985	344.599	727.78	344.405	-99999	3.209	-0.855749	1	1	1	1	1	-218.532	-247.691	132.444	-156.411	489.58	670.141	-218.516	-234.107	-247.695	132.526	-18.1428	-156.411	489.532	571.458	670.141	15.7465	12	0	82.7235	3.23804	-35.7767	588.967	3.23804	-35.7767	588.967	
13209	17883	306.832	824.902	306.363	-99999	107.697	-0.879345	0	0	0	0	0	-232.046	-95.1556	132.94	-141.114	538.65	536.919	-198.321	-129.493	-61.2126	132.94	-4.15753	-141.526	538.65	537.482	536.953	10.9931	10	0	65.4595	-999999	-999999	-999999	-999999	-999999	-999999	
13209	23317	110.059	326.92	109.311	-99999	13.641	-0.983789	1	1	1	0	0	-243.809	-261.289	131.152	27.7647	-275.306	-248.434	-243.816	-248.707	-261.402	131.243	77.2272	27.1777	-275.32	-266.274	-248.168	7.41217	15	0	97.0646	13.6595	10.4585	-251.328	13.6595	10.4585	-251.328	
13209	48938	176.656	475.993	176.569	142.523	37.742	-0.967695	0	0	0	0	0	-199.323	-224.344	130.352	-39.4535	842.069	808.973	-199.316	-206.241	-224.344	130.424	45.502	-39.4535	842.086	819.558	808.973	5.11285	8	0	70.6948	88.057	-100.664	763.911	88.057	-100.664	763.911	
13209	25093	464.107	1096.18	463.76	13.4415	12.856	-0.460244	1	1	1	1	1	-170.473	-294.678	132.844	-68.2653	-561.853	-165.325	-170.392	-239.596	-294.678	133	25.0193	-68.2653	-562.146	-368.889	-165.325	4.68648	15	0	67.1058	12.8823	-18.9979	-312.795	12.8823	-18.9979	-312.795	
13209	27733	95.8991	276.034	95.4413	-99999	49.901	-0.729197	1	1	0	0	0	-280.87	-296.353	133.3	56.8359	-89.4902	-35.982	-280.928	-291.336	-296.391	133.3	96.1652	56.5453	-89.4902	-61.1303	-35.7454	9.63307	16	0	83.9131	49.9283	33.5946	-41.8994	49.9283	33.5946	-41.8994	
13209	7536	292.705	777.959	289.701	112.898	111.269	-0.943809	0	0	0	0	0	-232.343	-156.224	131.545	-141.148	384.638	327.988	-232.355	-193.436	-154.935	131.588	-7.49863	-143.742	384.648	361.898	327.414	7.50636	7	0	77.0663	-999999	-999999	-999999	-999999	-999999	-999999	
13209	9517	330.564	726.225	329.94	-553.876	88.063	-0.856892	0	0	0	0	0	-271.933	-94.8124	132.717	-143.293	-148.303	-183.907	-272.238	-184.476	-94.8124	133.25	-5.83983	-143.293	-148.235	-164.376	-183.907	4.7267	9	0	52.3351	-9.57578	-88.8185	-807.735	-9.57578	-88.8185	-807.735	
13209	8690	291.082	777.993	289.865	109.564	108.031	-0.804418	0	0	0	0	0	-161.215	-284.304	132.754	-75.4416	59.0925	214.058	-161.139	-213.584	-284.994	132.961	21.4843	-75.8958	58.9649	136.323	214.542	4.63878	10	0	74.7408	-12.0138	14.6138	-773.544	-12.0138	14.6138	-773.544	
13209	14431	223.297	102246	222.576	-99999	86.738	-0.806028	1	1	1	1	1	-184.37	-195.266	127.959	-59.258	197.921	307.681	-157.208	-166.927	-168.105	127.959	31.5548	-59.258	197.921	252.609	307.681	262001	13	0	100738	86.7717	-24.4436	275.556	86.7717	-24.4436	275.556	
13209	16296	131.309	386.213	129.93	-99999	33.392	-0.960217	1	1	1	1	1	-183.063	-215.468	131.722	8.34977	-810.91	-835.504	-177.536	-193.815	-210.221	133.043	70.6764	8.34977	-810.654	-823.113	-835.504	10.5459	7	0	104.891	33.411	-20.3285	-785.937	33.411	-20.3285	-785.937	
13209	97436	221.191	672.972	220.526	-99999	80.982	-0.444793	0	0	0	0	0	-238.453	-283.575	132.779	32.139	490.377	680.04	-238.546	-261.066	-283.701	132.779	78.8708	32.1288	490.377	584.173	680.698	5.01203	18	0	83.3563	85.4512	-4.7486	158.618	85.4512	-4.7486	158.618	
13209	26969	260.662	687.636	260.104	-99999	-37.364	-0.947825	1	1	1	1	1	-341.72	-253.751	133.444	-102.969	201.32	260.57	-341.827	-296.786	-253.708	133.97	14.283	-102.969	201.237	226.024	260.57	7.168	15	0	96.4573	-37.3556	-5.62443	-138.236	-37.3556	-5.62443	-138.236	
13209	24049	53.0374	194.047	51.739	-99999	30.636	-0.601815	0	0	0	0	0	-186.467	-176.772	133.796	103.586	-52.2678	-11.7911	-176.874	-172.12	-166.867	133.796	117.122	103.384	-52.2678	-32.246	-10.6381	4.10612	6	0	73.521	15.7065	-6.36957	-232.789	15.7065	-6.36957	-232.789	
13209	29580	77.1764	183.404	76.9098	-99999	81.479	-0.919238	1	1	0	0	0	-116.606	-86.8148	130.058	59.1794	477.573	479.47	-91.1954	-76.1763	-61.3001	130.303	94.7734	59.1794	477.562	478.589	479.47	4.32075	7	0	46.8176	81.511	26.9566	471.596	81.511	26.9566	471.596	
13209	26518	197.947	434.155	193.07	-99999	29.693	-0.946097	1	1	1	1	0	-258.775	-289.525	129.634	-48.7242	-320.811	-271.688	-257.864	-284.91	-289.559	132.858	40.1456	-48.7242	-321.376	-300.215	-271.688	6.28188	14	0	57.0082	29.7208	-11.2648	-286.203	29.7208	-11.2648	-286.203	
13209	39471	148.633	383.441	148.273	-99999	35.093	-0.542342	1	1	1	1	1	-116.507	-217.193	131.427	51.3399	282.202	208.521	-110.752	-161.501	-211.679	131.624	91.3007	51.3399	282.38	246.036	208.521	4.46603	11	0	49.3728	35.1191	-36.5965	129.614	35.1191	-36.5965	129.614	
13209	41152	286.409	784.723	281.088	103.703	102.231	-0.832016	0	0	0	0	0	-220.221	-113.156	130.8	-119.716	-704.715	-770.326	-221.281	-162.109	-112.721	132.752	7.33549	-122.532	-703.953	-739.451	-771.129	12.6509	8	0	115.642	-999999	-999999	-999999	-999999	-999999	-999999	
13209	37044	112.785	341.602	112.641	-99999	103.76	-0.985484	0	0	0	0	0	-229.614	-233.624	132.94	22.2322	-703.326	-721.881	-197.122	-201.541	-201.132	132.94	77.76	22.0984	-703.326	-713.538	-721.894	11.5173	10	0	122.442	-999999	-999999	-999999	-999999	-999999	-999999	
13209	53513	336.632	686.151	212.274	-99999	-23.649	-0.929946	1	1	1	1	1	-112.48	-84.1691	133.551	-65.4783	121.28	53.2056	-119.885	-97.4565	-75.3828	133.551	-24.2086	-181.627	121.28	67.1383	12.0638	6.85389	8	0	140.075	-23.623	-35.5846	64.9687	-23.623	-35.5846	64.9687	
13209	37965	295.18	723.394	293.288	33.8183	33.08	-0.943815	1	1	1	1	1	-252.895	-166.525	131.911	-133.735	570.74	486.884	-253.265	-212.547	-166.53	133.562	-3.12126	-133.856	571.173	533.388	486.823	5.25447	17	0	80.6293	33.1162	-29.3435	522.772	33.1162	-29.3435	522.772	
13209	42649	53.6164	135.812	53.1842	-99999	66.419	-0.852602	1	1	1	1	1	-225.507	-199.122	132.579	88.6758	-764.219	-749.948	-236.148	-222.99	-209.559	132.948	110.748	88.6758	-764.317	-757.088	-749.948	7.16776	11	0	56.5858	66.4511	-48.5127	-703.568	66.4511	-48.5127	-703.568	
13209	47209	148.113	371.735	143.584	-99999	25.984	-0.925679	1	1	1	1	0	-137.887	-158.807	126.891	-11.6423	330.691	355.756	-129	-138.87	-150.85	130.242	60.0306	-12.5337	329.563	350.765	355.766	4.9809	6	0	83.6931	26.0081	4.65204	350.339	26.0081	4.65204	350.339	
13279	45906	107.536	295.527	107.535	-99999	-45.279	-0.892317	1	1	1	1	1	-259.358	-216.665	132.497	37.0881	-638.569	-613.389	-252.242	-230.907	-209.55	132.497	84.8335	37.0881	-638.569	-625.803	-613.389	5.65307	8	0	69.1737	-45.2513	-34.0056	-587.77	-45.2513	-34.0056	-587.77	
13279	44240	210.563	596.22	209.564	-22.8469	-25.361	-0.528263	1	1	1	1	1	-311.264	-139.74	133.624	48.78	413.245	331.074	-311.679	-229.065	-139.383	133.935	84.5247	48.6539	413.479	371.13	330.883	4.44985	7	0	73.5082	-25.3344	23.7012	362.67	-25.3344	23.7012	362.67	
13279	53688	183.276	415.971	182.755	-99999	6.299	-0.692541	1	1	1	1	1	-268.585	-169.708	133.25	43.6391	-432.841	-311.403	-268.586	-214.442	-169.47	133.252	81.9068	43.4434	-432.841	-380.592	-311.019	4.56192	7	0	79.086	1.41662	-15.104	164.151	71.3166	29.5653	-768.062	
13279	51108	168.309	442.13	166.875	-99999	80.092	-0.689952	1	1	1	1	0	-160.512	-190.624	112.658	-0.896651	-889.884	-771.774	-135.249	-152.352	-165.612	113.443	57.4714	-1.09316	-890.685	-830.297	-771.569	4.35327	6	0	89.2546	80.0919	10.8879	-776.995	80.0919	10.8879	-776.995	
13279	52178	208.017	542.448	207.545	-99999	10.902	-0.805743	1	1	1	1	1	-316.982	-255.626	132.939	-25.5176	-243.577	-126.172	-317.11	-285.492	-255.638	133.318	51.9638	-25.5176	-243.829	-187.31	-126.172	6.71792	15	0	94.2191	10.9367	11.3703	-175.76	10.9367	11.3703	-175.76	
13279	49091	209.97	550.073	209.2	110.362	108.965	-0.896149	0	0	0	0	0	-121.795	-222.125	133.217	-49.5901	732.748	734.174	-121.795	-170.82	-222.384	133.217	40.5418	-50.3071	732.748	734.678	734.171	7.04372	9	0	84.2533	91.8847	-27.9558	-70.4767	65.2147	55.4059	696.458	
13279	52451	254.021	619.625	250.182	-99999	32.148	-0.954162	1	1	1	1	1	-274.517	-215.541	131.511	-110.791	585.9	604.944	-270.094	-239.49	-210.322	133.371	10.4598	-112.604	585.867	594.914	604.496	6.20996	6	0	60.8328	32.1811	-16.7077	600.481	32.1811	-16.7077	600.481	
13279	48642	101.256	302.243	99.8344	91.8962	89.182	-0.93496	1	1	1	0	0	-236.737	-203.695	132.549	38.8914	-225.395	-217.475	-236.737	-217.725	-203.32	132.549	85.7347	37.5441	-225.395	-222.562	-217.24	4.25639	7	0	83.9268	89.2165	13.0361	-225.096	89.2165	13.0361	-225.096	
13279	50442	300.532	797.156	299.762	86.0596	84.009	-0.740368	1	1	1	1	1	-270.601	-159.747	132.409	-98.9305	-424.017	-574.054	-270.857	-212.043	-159.747	132.966	26.24	-98.9305	-423.582	-511.323	-574.054	4.97641	9	0	63.6712	84.0412	-19.2054	-518.749	84.0412	-19.2054	-518.749	
13279	50577	93.2257	253.882	91.1884	-99999	45.306	-0.927094	1	1	1	0	0	-324.57	-290.387	132.929	48.9071	-511.923	-503.677	-325.257	-307.239	-290.36	134.589	92.0178	48.6747	-512.123	-506.287	-503.663	6.31659	10	0	84.376	45.3303	29.8477	-510.342	45.3303	29.8477	-510.342	
13279	48892	196.374	550.877	193.373	-99999	115.533	-0.964958	0	0	0	0	0	-171.288	-221.372	132.569	-51.8172	-240.911	-214.459	-135	-160.316	-185.495	133.123	39.6576	-54.1769	-241.014	-225.216	-214.893	7.68522	6	0	119.989	-999999	-999999	-999999	-999999	-999999	-999999	
13279	50932	182.351	515.362	182.128	49.0983	46.02	-0.981309	1	1	1	1	1	-208.254	-237.233	130.622	-48.4822	852.077	855.514	-208.231	-223.003	-237.267	130.747	40.9259	-48.5546	852.08	852.898	855.524	5.1786	8	0	81.7511	46.0587	-7.92424	796.507	46.0587	-7.92424	796.507	
13279	49263	352.456	896.338	350.495	87.2739	85.008	-0.794555	1	1	1	1	1	-287.172	-93.545	132.664	-136.08	-352.877	-458.512	-288.122	-190.025	-93.4259	134.106	-0.683766	-136.134	-352.357	-408.7	-458.575	4.58374	9	0	75.8252	85.0404	-35.6553	-413.765	85.0404	-35.6553	-413.765	
13279	53774	265.571	683.566	261.581	-17.2987	-21.084	-0.974937	1	1	1	1	1	-246.779	-181.664	132.595	-118.749	49.2705	21.4181	-247.007	-212.814	-181.949	133.707	6.02491	-121.408	49.3161	37.2588	20.4608	4.41733	19	0	83.6419	-21.0529	-23.2497	32.2967	-21.0529	-23.2497	32.2967	
13279	15526	80.6092	216.125	80.0712	-99999	73.392	-0.892687	1	1	0	0	0	-123.985	-96.4918	129.752	59.3852	59.2507	84.5026	-101.163	-90.117	-73.5095	130.23	94.3114	59.3852	59.0751	73.5711	84.5026	4.04526	6	0	76.6864	73.4152	33.3018	-119.435	73.4152	33.3018	-119.435	
13279	16246	173.382	487.554	173.314	-99999	30.788	-0.830787	1	1	1	1	1	-70.9489	-140.453	-92.3029	50.2937	268.686	338.353	-130.812	-96.3227	-61.2831	50.2937	-21.2813	-92.3552	338.353	303.752	268.66	4.18068	441	0	487.554	30.8167	-43.4485	289.603	30.8167	-43.4485	289.603	
13279	59043	108.995	258.571	108.698	-99999	50.816	-0.72999	1	1	0	0	0	-132.935	-77.0665	133.566	50.4336	-510.324	-552.51	-117.199	-88.8846	-61.1538	133.779	92.2563	50.4336	-510.215	-531.26	-552.51	10.523	12	0	48.4996	50.8335	39.8433	-549.327	50.8335	39.8433	-549.327	
13279	11330	75.7798	231.552	74.8202	-99999	-41.663	-0.7176	1	1	0	0	0	-243.883	-235.889	132.55	66.2965	674.98	688.846	-243.835	-245.807	-235.439	132.55	100.114	65.7274	674.98	682.805	688.865	5.21463	7	0	89.8099	-41.6303	21.4041	681.921	-41.6303	21.4041	681.921	
13279	58642	387.626	1304.83	386.865	-6.07863	-7.985	-0.863787	1	1	1	1	1	-274.526	-139.316	132.96	-171.228	695.175	880.24	-274.526	-207.977	-138.99	132.96	-32.3943	-171.46	695.175	770.983	880.862	4.94669	10	0	99.3396	-7.98337	-25.3821	750.073	-7.98337	-25.3821	750.073	
13279	57256	309	815.831	306.299	108.17	105.383	-0.956944	0	0	0	0	0	-248.473	-136.367	132.217	-151.455	-215.193	-210.837	-248.663	-196.012	-135.662	132.89	-11.9963	-153.301	-215.118	-223.103	-210.628	4.73587	7	0	78.4649	72.7687	-128.494	27.5245	41.9687	-39.882	-254.696	
13279	7536	223.619	515.495	215.457	-99999	-8.516	-0.993486	1	1	1	0	0	-92.68	-87.0565	133.131	-80.6379	-170.553	-153.554	-95.3576	-86.7085	-89.3778	133.219	22.046	-87.8973	-170.559	-163.056	-156.744	6.40921	6	0	95.2079	-8.48525	-12.212	-170.054	-8.48525	-12.212	-170.054	
13279	8016	66.0185	152.598	65.4796	-99999	-13.408	-0.49564	1	1	1	0	0	-283.79	-337.89	126.399	93.0121	237.419	252.242	-283.34	-311.051	-337.875	126.683	110.461	93.0121	237.323	244.935	252.242	7.95744	8	0	59.2485	-13.4266	49.3277	242.849	-13.4266	49.3277	242.849	
13279	65015	158.166	504.549	157.39	374.951	26.081	-0.887609	0	0	0	0	0	-256.945	-183.108	133.098	-4.96205	-59.4015	-51.8742	-256.997	-216.576	-182.753	133.212	65.3419	-5.49617	-59.41	-57.0538	-51.9289	6.045	6	0	190.322	17.9111	-23.0371	795.953	17.9111	-23.0371	795.953	
13279	61267	58.9059	163.791	58.8949	-99999	5.963	-0.56449	0	0	0	0	0	-357.676	-343.602	15.2413	-13.4211	-388.483	-339.181	-357.686	-350.169	-343.609	15.2462	-0.291274	-13.4211	-388.491	-364.675	-339.181	5.70104	13	0	74.4674	16.4348	18.4681	-436.587	16.4348	18.4681	-436.587	
13279	60243	244.657	524.466	244.641	-99999	40.022	-0.630176	1	1	1	1	1	-319.183	-333.895	132.705	-20.3676	258.018	446.905	-319.229	-332.581	-333.941	132.705	54.1729	-20.3676	258.018	350.489	446.905	4.27067	14	0	43.4714	40.055	2.76897	391.605	40.055	2.76897	391.605	
13279	63163	307.237	805.841	304.329	-99999	45.188	-0.953505	1	1	1	1	1	-239.334	-289.369	131.639	-160.692	583.359	647.338	-239.19	-269.635	-289.527	133.064	-15.2689	-162.064	582.934	608.376	647.592	4.56936	10	0	68.4102	38.2309	6.24945	68.7203	61.4609	-3.15581	247.335	
13279	42126	27.8383	100.797	25.4976	-99999	81.376	-0.948351	0	0	0	0	0	-90.9505	-94.7288	128.251	103.306	862.821	866.359	-65.1568	-67.2186	-69.2651	130.323	116.84	103.158	862.188	864.86	866.375	7.35932	7	0	83.5905	81.4101	60.7151	820.064	81.4101	60.7151	820.064	
13279	47766	95.6671	284.637	95.6643	-99999	111.858	-0.927676	0	0	0	0	0	-280.251	-296.744	133.583	45.0206	-784.193	-752.358	-280.379	-287.309	-296.872	133.583	88.8325	45.0206	-784.193	-768.853	-752.358	7.71409	12	0	107.648	40.0543	-92.4111	601.293	40.0543	-92.4111	601.293	
13279	47918	188.402	400.222	183.538	-99999	1.63	-0.983789	1	1	1	0	0	-128.643	-110.438	129.535	-13.139	763.738	723.189	-128.254	-115.964	-109.918	130.379	37.5745	-13.9637	763.637	773.982	719.398	5.41089	6	0	50.4559	1.65314	-30.2385	772.733	1.65314	-30.2385	772.733	
13279	42408	315.952	1750.63	314.678	112.649	111.504	-0.893546	0	0	0	0	0	-260.812	-175.558	132.767	-133.866	-608.73	-749.979	-260.852	-221.574	-174.983	132.94	-1.58688	-134.701	-608.654	-680.954	-750.226	7.3758	9	0	90.9098	56.7591	-78.0409	-250.289	56.7591	-78.0409	-250.289	
13279	47935	383.344	914.215	381.833	-316.383	17.829	-0.708799	0	0	0	0	0	-279.458	-184.261	132.795	-109.27	290.42	12.6334	-279.621	-233.682	-184.047	133.407	4.37211	-109.703	291.008	157.291	12.2186	5.53313	13	0	86.338	80.2518	-29.2286	816.007	80.2518	-29.2286	816.007	
13279	46822	125.801	314.599	123.633	-99999	24.48	-0.853293	1	1	0	0	0	-265.516	-324.023	133.061	25.8479	-845.794	-832.214	-265.113	-296.423	-324.802	133.744	79.3002	24.7222	-845.765	-844.03	-832.126	6.28013	7	0	84.0075	24.4974	31.2502	-812.345	24.4974	31.2502	-812.345	
13279	47302	179.405	446.718	175.131	23.6758	19.75	-0.961305	1	1	1	1	1	-197.673	-259.47	133.326	-26.4672	798.869	823.442	-197.622	-228.506	-260.218	133.545	49.5026	-29.5899	798.854	803.091	825.896	4.44123	16	0	75.8842	19.7831	0.600482	598.293	19.7831	0.600482	598.293	
13279	16105	96.0141	264.561	94.7314	-21.9659	-26.517	-0.774625	1	1	0	0	0	-248.524	-194.408	132.631	59.2154	-294.44	-319.307	-248.759	-220.203	-194.069	132.961	96.4045	58.4765	-294.317	-306.598	-319.575	4.87512	13	0	80.6872	-26.4782	18.5691	-323.123	-26.4782	18.5691	-323.123	
13279	52438	245.097	570.223	245.047	-99999	-13.839	-0.75637	1	1	1	1	1	-94.1808	-259.147	133.554	-37.1167	-759.548	-704.904	-94.1808	-172.519	-259.147	133.554	44.2392	-37.1167	-759.548	-730.09	-704.904	4.56896	9	0	76.984	-13.8092	5.6496	-721.089	-13.8092	5.6496	-721.089	
13279	4743	34.6757	127.632	34.1992	-99999	-5.637	-0.915777	0	0	0	0	0	-167.952	-178.03	132.944	102.828	-83.7718	-96.0868	-168.832	-174.449	-179.005	132.944	117.938	102.388	-83.7718	-90.2474	-96.1859	6.17335	11	0	83.5465	-5.61559	28.2678	-96.1921	-5.61559	28.2678	-96.1921	
13279	12687	209.936	531.003	206.199	-99999	-33.928	-0.991667	1	1	1	0	0	-107.078	-139.124	132.251	-69.6987	-789.219	-791.324	-117.626	-129.636	-151.538	133.093	28.9232	-71.9405	-789.287	-786.634	-791.052	4.50038	6	0	93.3097	-33.9133	-2.7632	-773.213	-33.9133	-2.7632	-773.213	
13279	17487	277.882	688.776	276.414	116.482	113.281	-0.773614	0	0	0	0	0	-116.175	-299.588	133.209	-72.139	855.325	855.946	-116.168	-208.937	-300.222	133.219	29.9263	-73.4307	855.324	856.957	856.069	6.54159	7	0	85.9427	78.9995	-32.3526	719.523	78.9995	-32.3526	719.523	
13279	59347	503.09	1.77899e+06	470.851	-99999	88.742	-0.557838	1	1	1	1	1	-348.722	-289.409	132.576	-151.932	-427.39	-65.3324	-348.974	-317.133	-288.241	133.571	-21.5465	-174.084	-428.887	-233.494	-52.1229	145.982	13	0	9639.16	88.7971	-50.3709	-124.042	88.7971	-50.3709	-124.042	
13279	10838	307.053	64543.7	306.985	-99999	50.227	-0.992336	1	1	1	1	1	-215.44	-225.059	131.741	-168.797	697.386	754.778	-215.497	-220.298	-225.116	131.748	-19.3747	-168.797	697.385	723.14	754.778	49.4984	12	0	249.834	50.2529	-49.0536	717.204	50.2529	-49.0536	717.204	
13279	58580	204.599	505.427	191.17	-99999	79.111	-0.863608	1	1	1	1	1	-358.277	-307.122	-46.0027	124.28	505.495	575.717	-304.083	-331.636	-359.109	133.691	42.6547	-48.4726	579.683	542.051	504.563	4.18165	97	0	505.427	79.1054	-29.186	526.489	79.1054	-29.186	526.489	
13279	63514	87.9069	277.324	76.1398	-99999	28.181	-0.906516	1	1	1	1	1	-142.139	-113.335	129.764	60.5113	278.574	291.345	-133.568	-116.697	-101.143	130.352	90.4348	53.2123	278.472	285.808	298.805	4.15457	8	0	137.593	28.2092	-3.9892	299.588	28.2092	-3.9892	299.588	
13279	66034	238.783	630.13	238.771	-99999	-16.773	-0.920667	1	1	1	1	1	-297.001	-216.65	133.125	-88.9877	-492.087	-467.978	-296.982	-250.569	-216.631	133.125	24.3715	-88.9877	-492.087	-475.784	-467.978	17.0164	6	0	122.959	-16.7489	-10.8012	-469.127	-16.7489	-10.8012	-469.127	
13279	17031	229.65	578.37	228.984	28.6185	26.615	-0.652751	1	1	1	1	1	-136.273	-233.348	132.841	-11.8183	692.596	840.09	-135.984	-189.51	-233.348	133.277	59.507	-11.8183	692.188	761.93	840.09	14.6688	11	0	96.9933	26.6661	8.7668	752.158	26.6661	8.7668	752.158	
13279	65930	77.8564	229.415	77.111	-99999	7.63	-0.831284	1	1	0	0	0	-266.265	-222.931	131.876	69.0077	245.361	254.639	-265.24	-243.878	-221.585	132.12	99.9921	68.6168	245.298	250.272	254.659	4.72891	8	0	77.8329	7.65417	29.1258	253.962	7.65417	29.1258	253.962	
13279	66138	219.564	829.457	218.543	13.092	10.892	-0.835738	1	1	1	1	1	-116.229	-222.308	133.332	-28.5855	76.3099	173.987	-116.055	-169.829	-222.449	133.656	47.1736	-29.0591	76.198	116.602	174.38	5.37651	14	0	90.283	10.9245	3.30064	129.949	10.9245	3.30064	129.949	
13279	69498	436.905	1635.16	412.001	109.853	107.879	-0.743396	0	0	0	0	0	-180.633	-217.248	130.461	-156.713	537.865	800.822	-180.621	-181.844	-217.248	130.569	-33.7478	-156.713	537.769	636.028	800.822	6.50397	14	0	87.4035	38.0399	-4.21451	-651.654	38.0399	-4.21451	-651.654	
13279	76366	85.5609	216.338	85.5587	-99999	43.092	-0.787606	1	1	1	1	1	-277.801	-283.071	132.362	63.2313	767.03	817.141	-277.85	-280.404	-283.12	132.362	97.9787	63.2313	767.03	792.346	817.141	10.0517	14	0	59.9171	43.1226	-29.5948	570.648	9.27257	8.42395	800.738	
13279	76726	267.396	658.012	266.016	-99999	45.408	-0.738074	1	1	1	1	1	-197.533	-92.7698	130.301	-60.3111	124.459	276.087	-183.385	-132.084	-78.2337	130.425	30.5625	-61.2343	124.369	196.789	276.793	9.6842	6	0	92.9595	45.4437	-25.6794	218.035	45.4437	-25.6794	218.035	
13279	2654	161.899	424.197	161.2	-99999	12.638	-0.979104	1	1	1	0	0	-294.845	-261.906	132.065	-23.655	826.343	850.176	-294.973	-278.235	-261.92	132.747	54.853	-23.655	826.261	840.22	850.176	6.60794	9	0	93.7444	12.6651	12.1534	805.765	12.6651	12.1534	805.765	
13279	81921	247.635	586.745	247.598	-99999	0.078	-0.55867	1	1	1	1	1	-62.0106	-197.929	-65.3564	-158.299	446.711	619.067	-61.968	-135.864	-197.905	-65.3403	-128.741	-158.299	446.694	522.963	619.067	5.94913	11	0	87.8419	0.118294	-82.4219	475.785	0.118294	-82.4219	475.785	
13279	6807	84.061	241.859	81.5767	106.007	103.062	-0.936325	0	0	0	0	0	-210.815	-197.94	126.176	49.0312	272.907	251.743	-210.832	-206.511	-197.267	126.981	87.7197	47.5942	273.226	259.227	251.723	4.30593	6	0	69.3375	-0.0272761	-15.5522	761.205	-11.6773	-16.1346	626.804	
13279	85968	208.159	912.778	207.756	62.9755	60.373	-0.785395	1	1	1	1	1	-230.984	-160.486	131.526	-49.2221	684.472	618.353	-230.984	-195.228	-160.36	131.526	45.6032	-49.5989	684.472	638.262	618.377	7.17661	6	0	85.4661	60.4043	-12.8027	623.047	60.4043	-12.8027	623.047	
13279	88477	350.442	862.893	349.735	92.0161	89.437	-0.805613	1	1	1	1	1	-80.3021	-258.612	130.954	-157.499	680.826	746.615	-80.2467	-175.791	-258.918	131.031	-14.918	-157.914	680.817	692.682	746.921	10.5693	13	0	90.3924	89.4672	-19.6615	693.883	89.4672	-19.6615	693.883	
13279	7661	335.161	812.481	332.852	35.3912	34.541	-0.931103	1	1	1	1	1	-84.5881	-222.323	132.928	-163.125	-776.701	-835.21	-84.0991	-149.39	-222.601	134.289	-17.2432	-163.917	-776.507	-805.311	-835.119	6.68281	9	0	81.4191	34.5588	4.04309	-780.096	34.5588	4.04309	-780.096	
13279	10061	228.77	564.205	228.018	65.6629	63.371	-0.652119	1	1	1	1	1	-171.319	-230.663	130.434	-75.7819	651.515	582.197	-171.319	-194.82	-230.855	130.434	27.716	-76.4478	651.515	608.386	582.116	5.56714	6	0	93.3686	63.408	-16.3916	587.691	63.408	-16.3916	587.691	
13279	90238	258.629	772.53	252.714	113.841	111.151	-0.811486	0	0	0	0	0	-288.722	-200.343	133.16	-87.269	646.118	564.964	-289.007	-241.24	-198.353	133.846	24.9534	-91.6155	646.516	596.194	566.376	9.41705	14	0	99.8145	89.6136	-31.1758	433.02	-16.0164	-6.52985	699.811	
13279	90238	268.494	635.39	267.783	-14.5405	-16.059	-0.819132	1	1	1	1	1	-89.4549	-262.031	131.057	-70.3608	699.631	731.264	-89.4549	-175.634	-262.447	131.057	29.2733	-70.9164	699.631	713.199	731.384	4.46197	8	0	77.185	-16.0164	-6.52985	699.811	-16.0164	-6.52985	699.811	
13279	52296	214.598	647.855	213.153	104.825	102.336	-0.717442	0	0	0	0	0	-184.218	-256.976	131.602	-6.50512	-370.515	-514.439	-184.205	-218.635	-257.337	131.634	56.4473	-7.3738	-370.487	-438.701	-515.464	6.63133	6	0	116.349	93.748	-25.2774	146.703	48.318	-37.5729	20.3122	
13279	7431	154.879	431.465	153.172	-28.5	-28.257	-0.68741	1	1	1	1	1	-152.016	-229.04	132.449	30.4316	-484.018	-401.253	-151.894	-187.947	-229.764	132.638	78.1426	29.8319	-484.172	-442.687	-400.177	5.9181	12	0	84.7012	-37.617	-14.0392	-579.983	-37.617	-14.0392	-579.983	
13279	53839	112.19	275.536	109.737	-99999	111.06	-0.809846	0	0	0	0	0	-158.94	-97.5327	132.321	41.383	-873.725	-873.078	-124.313	-92.9303	-61.499	132.527	86.0364	39.5828	-873.725	-873.67	-872.996	5.8428	7	0	45.6887	-999999	-999999	-999999	-999999	-999999	-999999	
13279	53466	203.507	534.623	203.382	-99999	72.921	-0.925687	1	1	1	1	1	-243.114	-284.713	133.18	-51.2626	-714.393	-644.097	-243.197	-262.304	-284.835	133.18	36.755	-51.3461	-714.393	-688.527	-644.017	5.13516	13	0	71.127	72.9497	-10.3077	-661.458	72.9497	-10.3077	-661.458	
13279	51140	199.253	533.48	198.013	-99999	76.307	-0.448667	1	1	1	1	1	-189.68	-85.2904	132.943	38.6128	-682.657	-543.335	-165.988	-113.449	-60.9445	133.098	85.7164	38.1777	-682.897	-612.762	-542.705	7.02684	6	0	65.1418	76.3418	38.5677	-562.347	30.9718	32.8031	-592.435	
13279	48070	279.009	677.571	276.085	-99999	-6.564	-0.912023	1	1	1	1	1	-164.274	-252.078	131.904	-122.345	-860.726	-808.051	-163.707	-205.442	-252.558	133.625	6.28244	-123.249	-861.247	-822.727	-808.075	5.53768	6	0	79.7019	-6.55897	-16.565	-780.065	-6.55897	-16.565	-780.065	
13279	49282	40.1029	146.306	39.4086	-99999	54.771	-0.776389	0	0	0	0	0	-242.174	-227.803	132.384	101.366	736.493	755.409	-233.779	-225.019	-219.234	132.716	117.328	101.16	736.295	745.638	755.566	6.55413	14	0	92.7612	54.8068	29.7577	745.78	54.8068	29.7577	745.78	
13279	51922	245.307	530.582	244.013	-99999	-40.529	-0.988027	1	1	1	1	1	-335.806	-296.442	131.957	-107.266	689.074	683.665	-335.892	-314.374	-296.396	132.845	12.1652	-107.266	689.102	689.27	683.665	10.6784	8	0	85.081	-40.5109	-20.683	690.8	-40.5109	-20.683	690.8	
13279	7673	112.186	369.906	112.185	-99999	96.601	-0.833446	1	1	1	1	1	-304.416	-348.169	134.173	37.3143	-568.793	-532.944	-304.526	-326.42	-348.279	134.173	85.7618	37.3143	-568.793	-550.854	-532.944	9.48704	10	0	125.464	96.6165	20.6888	-530.807	96.6165	20.6888	-530.807	
13279	15624	238.723	579.073	237.884	-99999	-9.577	-0.43349	1	1	1	1	1	-198.463	-131.42	133.09	57.3276	-876.173	-662.14	-201.735	-176.716	-134.419	133.456	90.2602	57.3276	-876.871	-768.577	-662.14	5.50264	10	0	76.1938	-9.63919	-13.9871	-438.067	-9.63919	-13.9871	-438.067	
13279	48549	232.127	549.547	231.586	-99999	10.953	-0.97394	1	1	1	1	1	-343.838	-290.727	133.34	-90.0739	409.339	433.096	-343.898	-315.173	-290.707	133.565	21.7133	-90.3665	409.316	420.096	433.182	6.30169	13	0	90.6822	10.9782	1.45596	418.032	10.9782	1.45596	418.032	
13279	49170	567.275	1787.07	566.675	-99999	89.428	-0.388706	1	1	1	1	1	-173.549	-89.3817	132.705	-102.437	-375.184	133.178	-145.571	-104.738	-61.2893	132.758	14.3851	-102.437	-375.312	-120.826	133.617	16.2046	16	0	68.0761	89.4693	-65.069	27.1431	89.4693	-65.069	27.1431	
13279	48529	36.7024	108.322	36.2827	-99999	-38.776	-0.864739	1	1	1	1	1	-186.65	-205.207	128.685	97.5128	-368.776	-368.75	-192.607	-201.901	-211.367	128.911	113.09	97.3735	-368.771	-368.819	-368.752	4.66854	9	0	61.7061	-38.7598	-58.016	-365.617	-38.7598	-58.016	-365.617	
13279	49628	271.639	1332.44	271.123	-99999	115.553	-0.874814	0	0	0	0	0	-239.466	-97.3031	133.216	-95.272	501.094	468.322	-203.519	-132.473	-61.1184	133.67	19.0806	-95.272	501.126	484.893	468.322	4.1934	9	0	477.692	-999999	-999999	-999999	-999999	-999999	-999999	
13279	50095	116.966	605.402	115.368	-99999	4.379	-0.60675	1	1	1	1	1	-62.7066	-152.063	124.267	53.9579	-159.28	-140.06	-61.3354	-106.904	-151.759	124.267	88.9421	52.8088	-159.28	-149.508	-139.774	5.19043	18	0	360.536	4.36577	-14.7024	-130.359	4.36577	-14.7024	-130.359	
13279	16525	292.746	789.937	290.838	67.1675	62.894	-0.720375	1	1	1	1	1	-306.401	-116.642	133.195	-66.1399	-86.244	-177.364	-306.842	-209.128	-115.854	133.708	32.394	-66.887	-86.0562	-125.989	-177.871	6.31841	10	0	93.1228	62.933	-18.8158	-149.757	62.933	-18.8158	-149.757	
13279	57225	111.305	1062.33	111.198	-99999	-26.117	-0.901028	1	1	1	1	1	-156.789	-106.201	127.49	28.8221	449.026	440.7	-164.967	-139.79	-114.33	127.49	78.0519	28.7285	449.026	444.69	440.693	6.1265	15	0	283.771	-26.0903	-16.6056	433.356	-26.0903	-16.6056	433.356	
13279	59265	63.1102	171.786	62.6866	-99999	65.818	-0.825773	0	0	0	0	0	-340.981	-300.996	133.243	88.0073	290.913	306.356	-341.264	-323.155	-301.071	133.591	109.006	88.0073	290.852	298.635	306.356	6.39104	6	0	73.3238	93.8369	-58.0764	-486.412	-11.2232	8.71149	413.347	
13279	71282	97.312	233.509	96.4311	-99999	-7.799	-0.670122	1	1	0	0	0	-220.31	-292.673	133.635	74.4165	-421.961	-401.489	-220.301	-254.473	-293.374	133.635	102.165	73.9273	-421.961	-407.631	-401.33	4.85905	7	0	70.1956	-7.76557	39.7474	-398.598	-7.76557	39.7474	-398.598	
13279	71762	378.654	805.523	344.657	-99999	-19.065	-0.814584	1	1	1	1	1	-312.973	-271.145	132.767	-151.268	-257.93	-68.6024	-313.085	-289.155	-272.444	134.063	-19.8405	-175.411	-258.836	-151.23	-47.932	5.34258	6	0	104.943	-22.8795	-33.6548	-95.529	14.0605	-1.2489	-189.964	
13279	58554	200.683	482.107	199.709	-99999	-11.05	-0.939663	1	1	1	1	1	-235.679	-307.794	131.633	-46.7767	109.477	156.365	-235.355	-272.463	-307.79	132.512	40.7021	-46.8068	109.408	123.983	156.383	5.99357	11	0	79.289	-11.0262	-3.22441	141.916	-11.0262	-3.22441	141.916	
13279	54205	371.685	1034.11	371.645	-99999	102.777	-0.762255	0	0	0	0	0	-246.507	-275.269	133.095	-163.884	-624.107	-407.682	-246.624	-268.687	-275.387	133.095	-15.8257	-163.884	-624.107	-515.364	-407.682	10.6993	11	0	98.8326	48.6529	-19.6837	-430.933	-38.8771	-41.7882	-493.526	
13279	58848	237.618	705.356	237	-99999	109.386	-0.655411	0	0	0	0	0	-216.048	-268.871	133.893	7.62105	99.4251	291.658	-216.173	-242.367	-269.196	133.893	67.3581	7.43155	99.4251	194.151	292.208	8.99411	17	0	177.208	96.8205	-8.45626	651.606	-5.56954	-22.8101	-246.14	
13279	59701	266.541	623.657	266.534	-14.5989	-17.417	-0.837869	1	1	1	1	1	-190.037	-340.831	132.68	-62.3896	356.571	440.545	-190.037	-264.052	-340.831	132.68	25.2605	-62.3896	356.571	383.495	440.545	9.39614	12	0	100.739	-17.407	-24.8103	406.336	-17.407	-24.8103	406.336	
13279	15216	229.826	518.811	226.677	-99999	-23.069	-0.9499	1	1	1	1	1	-260.536	-311.692	131.595	-81.8745	-474.551	-422.229	-260.139	-289.021	-311.863	132.845	23.6185	-83.6486	-474.755	-454.567	-421.863	18.7458	9	0	85.2128	-23.055	-24.1433	-434.89	-23.055	-24.1433	-434.89	
13279	63442	210.752	523.037	208.463	81.3786	78.644	-0.891468	1	1	1	1	1	-285.178	-189.257	132.426	-49.5451	-629.753	-655.431	-285.656	-243.722	-188.536	133.456	37.9156	-50.3902	-629.539	-643.521	-655.611	5.75222	6	0	79.4023	78.6746	0.142114	-633.418	78.6746	0.142114	-633.418	
13279	66444	540.652	1243.82	512.371	-99999	12.171	-0.50578	1	1	1	1	1	-105.533	-150.664	130.769	-162.724	37.002	442.793	-101.093	-154.901	-146.68	132.802	-12.3286	-163.053	33.5733	255.01	443.205	7.09377	7	0	78.9444	12.2058	-17.3789	247.131	12.2058	-17.3789	247.131	
13279	9359	94.5783	277.176	94.0675	-99999	2.522	-0.850931	0	0	0	0	0	-284.152	-249.075	133.562	52.9876	246.046	278.258	-284.348	-264.868	-249.078	133.996	93.6553	52.9876	245.865	260.952	278.258	6.18595	12	0	100.088	76.2004	-96.4221	833.642	76.2004	-96.4221	833.642	
13279	70291	200.184	512.207	198.663	28.098	25.686	-0.931282	1	1	1	1	1	-244.557	-171.048	131.912	-51.8288	589.639	577.047	-244.824	-207.115	-170.924	132.639	40.3631	-52.5423	589.727	581.268	576.918	4.688	11	0	78.3875	25.7162	-13.2685	577.051	25.7162	-13.2685	577.051	
13279	17108	65.8362	161.021	60.6579	-99999	113.424	-0.99843	0	0	0	0	0	-270.493	-271.8	128.157	73.2085	76.7425	96.7798	-270.545	-270.843	-272.777	129.558	100.392	70.4367	76.8366	86.917	97.016	5.26262	14	0	80.8523	-999999	-999999	-999999	-999999	-999999	-999999	
13279	69412	43.0531	15.1426	42.4636	-99999	-12.206	-0.0552066	1	1	1	1	1	-297.658	-301.964	133.352	96.9306	-691.551	-712.741	-297.644	-299.995	-301.886	133.352	114.698	96.6361	-691.551	-702.035	-713.162	5.22065	13	0	10.5324	-12.1805	-19.8114	-772.21	-23.1005	17.0408	-781.183	
13279	70979	366.106	833.633	365.247	-99999	107.643	-0.664433	0	0	0	0	0	-274.414	-320.7	133.391	-140.109	-722.575	-490.49	-274.537	-303.779	-320.792	133.391	5.59065	-140.831	-722.575	-594.902	-490.102	6.49924	15	0	76.6027	-999999	-999999	-999999	-999999	-999999	-999999	
13279	17815	296.677	781.179	296.055	118.088	115.068	-0.987157	0	0	0	0	0	-139.382	-232.432	133.462	-136.554	336.939	407.105	-139.377	-175.448	-232.736	133.596	-6.97881	-136.917	336.925	365.932	407.185	8.5507	7	0	91.083	-999999	-999999	-999999	-999999	-999999	-999999	
13279	7599	451.699	719.644	446.411	-99999	-42.148	-0.487987	1	1	1	1	1	-245.462	-223.239	131.877	-94.0045	583.161	884.733	-245.414	-223.709	-223.19	131.877	10.06	-94.0045	583.161	771.97	884.733	8.28156	11	0	70.1279	-42.0911	-5.36357	721.869	-42.0911	-5.36357	721.869	
13279	76120	335.671	795.217	335.249	-38.3338	-40.816	-0.922392	1	1	1	1	1	-223.5	-85.979	131.807	-168.401	-167.257	-213.606	-223.606	-165.109	-85.9291	132.11	-23.1948	-168.476	-167.193	-190.978	-213.621	5.0466	8	0	69.1954	-48.3538	-39.7979	-207.041	-48.3538	-39.7979	-207.041	
13279	74682	408.018	1074.83	408.012	-99999	67.252	-0.515932	1	1	1	1	1	-212.372	-82.2056	130.562	-169.193	280.795	41.9131	-191.312	-128.785	-61.1461	130.562	-25.4866	-169.193	280.795	165.756	41.9131	6.47119	12	0	61.5141	67.2821	-41.7471	142.41	67.2821	-41.7471	142.41	
13279	77805	27.2949	131.198	24.7667	336.51	84.363	-0.832283	0	0	0	0	0	-352.119	-339.248	-57.711	-78.0558	479.648	481.961	-340.18	-332.02	-326.068	-55.7874	-66.4623	-78.1401	479.914	480.095	482.006	14.8076	28	0	117.048	-2.10338	65.0584	-161.664	-2.10338	65.0584	-161.664	
13279	2124	133.982	381	133.874	-99999	40.053	-0.912905	1	1	1	1	1	-196.597	-217.688	130.991	8.26979	12.1034	-36.8281	-190.303	-200.648	-211.411	130.991	69.8601	8.17964	12.1034	-13.0544	-36.8599	5.16198	12	0	51.0001	40.089	-28.3908	-51.6062	40.089	-28.3908	-51.6062	
13279	73216	218.585	602.244	215.624	-99999	51.981	-0.994724	1	1	1	1	1	-98.2607	-107.848	129.013	-80.6021	238.56	243.97	-81.9176	-85.2276	-91.3929	130.328	22.8281	-82.018	238.688	239.614	244.007	4.40053	7	0	168.649	52.0008	-5.52456	228.6	52.0008	-5.52456	228.6	
13279	73871	384.11	1042.25	382.464	78.498	76.441	-0.794642	1	1	1	1	1	-135.238	-321.412	132.724	-167.696	-332.999	-189.853	-135.094	-233.042	-322.031	132.954	-15.0451	-168.866	-333.094	-260.453	-189.618	6.16972	9	0	94.9756	76.4846	-41.8587	-247.137	76.4846	-41.8587	-247.137	
13279	75386	318.964	889.934	318.962	-99999	57.448	-0.818331	1	1	1	1	1	-227.619	-79.3098	127.951	-131.89	-563.825	-674.343	-209.629	-135.169	-61.3203	127.951	-1.80162	-131.89	-563.825	-619.069	-674.343	4.77334	12	0	43.3839	57.4748	-26.8277	-293.291	42.5448	-91.4264	-564.515	
13279	77786	75.4321	242.918	75.4184	42.4508	39.758	-0.797401	1	1	0	0	0	-203.671	-248.526	132.219	82.0509	624.208	656.742	-203.671	-224.14	-248.533	132.219	104.639	82.0465	624.208	639.683	656.748	6.02778	11	0	77.4277	39.8004	25.172	644.989	39.8004	25.172	644.989	
13279	74846	319.118	907.494	319.107	63.8328	62.044	-0.713983	1	1	1	1	1	-128.567	-297.894	133.376	-77.7688	-426.62	-259.516	-128.567	-213.189	-297.894	133.376	25.5765	-77.7688	-426.62	-345.238	-259.516	6.43206	14	0	80.7556	62.084	-18.3516	-322.863	62.084	-18.3516	-322.863	
13279	74004	110.758	302.906	110.757	-99999	50.226	-0.544649	1	1	1	0	0	-330.986	-290.59	131.981	71.5409	45.6297	128.699	-331.043	-312.08	-290.647	131.981	98.8496	71.5409	45.6297	85.7129	128.699	7.69572	14	0	79.7886	50.2504	38.0461	95.1772	50.2504	38.0461	95.1772	
13279	73227	223.946	559.909	221.226	-99999	44.137	-0.947698	1	1	1	1	1	-257.723	-296.106	133.16	-78.4094	-268.418	-217.508	-257.773	-278.776	-297.027	133.16	25.7731	-80.936	-268.418	-244.981	-217.035	4.12166	12	0	79.5684	44.159	-19.7486	-232.393	44.159	-19.7486	-232.393	
13279	78592	173.25	449.06	171.632	89.5863	88.225	-0.951531	1	1	1	1	1	-196.847	-221.69	131.007	-28.9826	-291.075	-235.025	-196.743	-209.2	-221.681	132.26	50.8491	-29.2561	-291.463	-264.747	-234.909	4.64293	13	0	88.2768	88.2641	-4.27469	-252.825	88.2641	-4.27469	-252.825	
13279	83522	269.285	675.483	268.488	-99999	18.628	-0.991745	1	1	1	1	1	-302.451	-263.869	133.164	-131.592	445.331	462.543	-302.562	-282.354	-263.89	133.947	1.15214	-131.592	445.335	452.191	462.543	5.41849	6	0	74.3511	25.3056	-30.5946	592.173	25.3056	-30.5946	592.173	
13279	81908	41.9934	105.686	41.9927	-99999	80.808	-0.38063	0	0	0	0	0	-261.548	-288.624	133.975	116.261	790.381	817.11	-261.64	-275.368	-288.717	133.975	125.076	116.261	790.381	803.51	817.11	5.70317	13	0	48.3492	42.7112	53.5735	795.7	42.7112	53.5735	795.7	
13279	82834	108.007	7034.17	105.496	-99999	3.695	-0.980013	1	1	1	0	0	-271.695	-279.907	132.283	31.6424	-573.652	-560.358	-271.699	-276.668	-280.578	132.283	78.9768	31.1064	-573.652	-567.987	-558.732	7.18872	8	0	6830.3	3.71609	26.7223	-572.223	3.71609	26.7223	-572.223	
13279	78539	372.755	13142	368.845	119.31	115.544	-0.886241	0	0	0	0	0	-126.81	-270.528	132.327	-158.402	-97.1848	72.6364	-126.181	-196.81	-270.943	134.188	-22.4353	-159.782	-97.9221	-26.3847	73.7028	6.20727	8	0	71.8496	-999999	-999999	-999999	-999999	-999999	-999999	
13279	89267	148.26	439.016	147.664	97.26	95.557	-0.888006	1	1	1	1	1	-206.23	-246.159	132.371	9.61695	43.6297	114.271	-206.23	-224.699	-246.401	132.371	71.4877	9.15515	43.6297	81.493	114.549	6.07663	12	0	91.3653	95.5838	11.1945	95.8021	95.5838	11.1945	95.8021	
13279	51229	194.423	466.208	191.113	-99999	-32.523	-0.750963	1	1	1	0	0	-319.661	-255.53	131.396	17.7196	-373.77	-235.743	-319.992	-290.424	-255.283	133.336	69.2704	17.3067	-375.445	-308.789	-235.198	5.61952	15	0	74.3807	-32.4893	23.8865	-516.579	-21.3693	18.2867	-291.993	
13279	50968	88.7353	296.712	88.4391	-99999	25.67	-0.67766	1	1	1	0	0	-305.383	-280.749	133.055	65.8323	-581.341	-531.263	-305.412	-291.784	-280.811	133.055	102.376	65.6601	-581.341	-552.496	-531.141	4.33914	25	0	115.478	25.6964	40.937	-553.088	25.6964	40.937	-553.088	
13279	52793	240.142	2485.87	231.3	-22.7919	-25.923	-0.871173	1	1	1	1	1	-332.368	-203.436	134.115	-42.7497	-101.974	-158.726	-332.368	-275.84	-200.193	134.115	30.8823	-50.6964	-101.974	-125.158	-159.706	4.28262	8	0	64.8685	-25.8925	-4.66139	-132.945	-36.5925	5.21237	-134.788	
13279	49760	238.65	600.339	236.583	-99999	-47.43	-0.934773	1	1	1	1	1	-221.524	-278.369	133.118	-93.1598	-599.429	-562.395	-221.392	-251.46	-278.675	133.338	18.9485	-94.9304	-599.476	-584.249	-562.144	4.85136	14	0	82.1642	-47.4135	-26.1408	-576.288	-47.4135	-26.1408	-576.288	
13279	54084	48.6533	163.782	48.6529	-99999	85.787	-0.596487	1	1	1	1	1	-213.948	-196.376	132.468	105.003	-377.17	-341.093	-227.429	-218.776	-209.857	132.468	118.292	105.003	-377.17	-359.397	-341.093	10.8339	15	0	72.6016	85.8332	-63.4813	-137.662	53.7632	-44.5338	-459.147	
13279	13644	41.1791	84.7267	39.7645	-99999	57.357	-0.582318	1	0	0	0	0	-109.845	-79.6992	-63.2521	-39.5612	-892.566	-882.096	-61.7129	-77.3506	-92.9332	-39.5424	-51.6702	-64.1107	-882.086	-887.759	-892.808	4.47621	73	0	84.7267	57.3785	-46.8491	-843.462	57.3785	-46.8491	-843.462	
13279	49979	303.094	759.476	302.156	-99999	89.629	-0.99066	1	1	1	1	1	-300.722	-242.599	132.917	-161.864	-40.489	-16.8744	-300.955	-274.169	-242.701	133.838	-14.7552	-161.864	-40.5365	-28.5982	-16.8744	5.2072	9	0	85.5438	89.6553	-17.5731	-27.7436	89.6553	-17.5731	-27.7436	
13279	55832	428.998	1154.87	426.448	115.376	112.79	-0.338319	0	0	0	0	0	-159.11	-223.652	131.376	-1.82164	12.4474	409.361	-159.023	-178.888	-224.643	131.651	62.3135	-2.35992	11.7052	213.573	410.693	6.07807	12	0	84.6013	0.267074	41.8136	818.198	0.267074	41.8136	818.198	
13279	55631	140.686	426.932	140.685	-99999	114.755	-0.745937	0	0	0	0	0	-179.938	-244.818	132.911	29.2108	766.351	696.883	-144.003	-176.576	-208.883	132.911	81.0402	29.2108	766.351	731.768	696.883	6.77327	12	0	85.5747	46.699	46.1204	18.8555	46.699	46.1204	18.8555	
13279	57191	227.769	586.234	227.738	-99999	62.803	-0.922676	1	1	1	1	1	-294.429	-227.43	132.883	-81.5597	358.937	392.597	-294.501	-254.703	-227.497	132.883	27.5148	-81.5864	358.937	375.543	392.605	6.68916	14	0	100.19	62.828	-7.1387	379.316	62.828	-7.1387	379.316	
13279	55018	186.308	213.585	143.133	-99999	87.787	-0.733552	1	1	0	0	0	-321.283	-322.616	133.361	67.3932	478.492	553.331	-321.383	-321.057	-324.186	133.361	99.7119	82.4501	478.492	532.08	573.399	5.77768	11	0	79.3408	87.8075	21.8327	-805.301	87.8075	21.8327	-805.301	
13279	44773	217.647	590.888	217.215	111.484	108.559	-0.964217	0	0	0	0	0	-183.807	-250.713	132.081	-70.4609	546.977	584.117	-183.792	-215.482	-250.773	132.15	29.0497	-70.7892	546.971	560.681	584.238	7.55172	13	0	108.246	-999999	-999999	-999999	-999999	-999999	-999999	
13279	47053	208.078	497.783	207.706	33.3892	31.628	-0.678068	1	1	1	1	1	-88.5429	-242.964	130.485	-1.3556	849.992	812.713	-88.3004	-163.299	-242.964	130.729	64.129	-1.3556	850.116	822.973	812.713	6.00195	7	0	80.8051	31.6654	21.3517	787.234	31.6654	21.3517	787.234	
13279	54892	271.85	3018.07	271.798	113.155	110.046	-0.475851	0	0	0	0	0	-130.162	-296.94	133.389	1.75774	378.381	547.634	-130.14	-213.753	-296.94	133.41	67.2385	1.75774	378.348	462.576	547.634	5.54539	8	0	2139.2	1.60239	-80.0661	810.981	1.60239	-80.0661	810.981	
13279	57533	138.575	405.586	138.063	-99999	37.729	-0.69729	1	1	1	0	0	-334.501	-279.113	133.079	27.7225	-380.924	-312.854	-334.73	-304.286	-279.156	133.434	84.2733	27.7225	-381.238	-343.26	-312.854	10.3919	10	0	132.844	37.7456	27.9644	-336.241	37.7456	27.9644	-336.241	
13279	58253	131.209	371.991	130.597	-99999	37.671	-0.687383	1	1	1	1	1	-234.618	-226.374	132.231	18.2864	-236.174	-176.303	-234.622	-235.257	-226.417	132.638	77.001	18.2864	-236.616	-203.756	-176.303	6.62238	10	0	81.4859	37.7089	8.76924	-199.081	37.7089	8.76924	-199.081	
13279	14989	140.584	401.456	139.463	-99999	90.729	-0.852259	1	1	1	1	1	-210.861	-238.326	131.964	14.9309	-524.557	-595.234	-182.296	-196.264	-209.915	132.918	74.1245	14.9309	-523.996	-559.883	-595.234	4.38292	13	0	85.5258	90.7611	-24.0181	-613.356	90.7611	-24.0181	-613.356	
13279	63029	31.3543	103.4	31.0231	-99999	107.953	-0.736288	0	0	0	0	0	-188.434	-189.697	130.973	113.584	459.833	436.334	-154.63	-155.26	-155.892	130.973	123.397	113.584	459.833	447.194	436.334	6.37546	15	0	81.0082	-999999	-999999	-999999	-999999	-999999	-999999	
13279	60640	221.618	712.359	221.129	-99999	88.091	-0.935189	1	1	1	1	1	-167.441	-225.397	133.534	-65.5828	734.415	657.742	-153.54	-182.184	-211.57	133.956	33.9921	-65.6182	734.55	696.342	657.727	6.73466	11	0	82.9331	88.1293	-21.5037	663.738	88.1293	-21.5037	663.738	
13279	64058	106.675	359.262	105.886	-99999	-17.985	-0.657518	1	1	1	1	1	-279.967	-319.21	127.837	59.2365	264.135	334.508	-279.886	-299.915	-319.345	127.942	92.9222	58.8533	264.032	298.922	334.98	5.63425	16	0	154.473	-17.9606	1.50529	376.401	-17.9606	1.50529	376.401	
13279	45663	159.079	849.35	158.172	74.1506	71.703	-0.793574	1	1	1	1	1	-184.822	-239.419	133.038	3.92165	-720.178	-648.003	-184.822	-214.025	-239.64	133.038	69.4908	3.3142	-720.178	-682.488	-647.376	14.3752	17	0	145.257	72.9869	-1.55163	-635.108	72.9869	-1.55163	-635.108	
13279	65705	124.354	313.873	121.71	-99999	76.759	-0.9336	1	1	1	0	0	-148.214	-178.65	128.051	11.5066	769.376	779.096	-123.707	-137.335	-154.642	130.453	70.0875	11.4505	768.59	771.388	779.099	5.18134	7	0	82.2375	76.7981	22.6827	759.805	76.7981	22.6827	759.805	
13279	65579	360.037	1066.29	358.214	-99999	-2.628	-0.564504	1	1	1	1	1	-62.1681	-274.692	36.7643	-165.376	-365.86	-162.786	-61.9621	-170.075	-275.164	36.957	-63.3027	-166.759	-366.052	-262.78	-162.742	5.41396	7	0	36.4974	-2.57911	-26.6551	-281.178	-2.57911	-26.6551	-281.178	
13279	71267	228.592	514.398	224.606	-99999	45.361	-0.855015	1	1	1	1	1	-336.427	-280.824	131.776	-62.375	-805.254	-709.846	-336.509	-309.18	-280.289	131.869	35.4889	-66.0068	-805.302	-750.622	-708.725	6.13748	9	0	69.5049	44.896	-2.70807	-702.199	44.896	-2.70807	-702.199	
13279	71625	210.218	533.826	207.865	-99999	-39.638	-0.883866	1	1	1	1	1	-222.709	-292.566	132.507	-56.9852	-722.926	-680.326	-222.388	-266.566	-292.634	133.043	39.1775	-58.6825	-723.008	-706.342	-679.954	4.78041	14	0	77.676	-39.6169	-12.1745	-683.868	-39.6169	-12.1745	-683.868	
13279	1815	199.081	511.594	197.181	15.2867	14.208	-0.921282	1	1	1	1	1	-187.555	-234.603	131.671	-44.5932	-203.418	-129.351	-187.429	-208.447	-234.942	132.332	42.9713	-45.6003	-203.667	-165.258	-128.841	4.7252	13	0	71.8852	14.2413	-11.852	-157.804	14.2413	-11.852	-157.804	
13279	6622	150.026	397.151	149.878	-99999	79.869	-0.957589	1	1	1	1	1	-225.642	-259.27	133.297	-7.93839	-256.58	-226.641	-225.734	-236.337	-259.428	133.297	61.3645	-8.06295	-256.58	-238.439	-226.619	5.41529	9	0	83.0229	79.8866	1.49293	-231.719	79.8866	1.49293	-231.719	
13279	11062	168.777	441.513	168.676	-99999	77.817	-0.990661	1	1	1	1	1	-186.653	-186.315	133.698	-33.3589	736.664	755.601	-162.293	-163.751	-161.947	133.772	50.0171	-33.3589	736.656	746.112	755.601	8.50634	6	0	80.5195	77.8498	-0.502191	737.081	77.8498	-0.502191	737.081	
13279	66745	94.87	208.676	87.2592	-99999	50.618	-0.600132	1	1	1	1	1	-357.984	-289.335	-82.4821	-136.257	47.1942	50.0413	-359.044	-321.635	-284.874	-81.7362	-110.862	-140.704	47.1489	48.6029	50.4472	4.45783	6	0	51.5777	50.6096	-74.7105	46.4727	50.6096	-74.7105	46.4727	
13279	71712	247.669	658.346	244.505	-99999	75.583	-0.890967	1	1	1	1	1	-232.917	-317.098	129.184	-78.9148	465.823	558.027	-231.949	-274.033	-317.184	131.996	24.3465	-78.9148	464.853	509.114	558.027	8.63133	19	0	135.621	75.6166	-33.5551	533.182	75.6166	-33.5551	533.182	
13279	67993	312.863	774.06	302.704	-99999	96.916	-0.986561	1	1	1	1	1	-136.294	-109.297	129.753	-171.086	243.09	262.222	-106.016	-92.2592	-77.8903	130.33	-25.1698	-180.578	243.016	252.712	262.492	5.71737	6	0	53.5324	96.9429	-35.2359	211.115	96.9429	-35.2359	211.115	
13279	68829	337.494	849.855	336.505	-99999	12.497	-0.464693	1	1	1	1	1	-301.334	-232.849	133.995	-4.53456	10.3062	308	-301.388	-268.19	-232.759	134.358	63.4067	-4.56386	9.62881	158.974	308.186	6.32801	13	0	90.5977	12.5454	13.3703	181.808	12.5454	13.3703	181.808	
13279	77397	280.083	758.096	280.07	74.5363	71.947	-0.984915	1	1	1	1	1	-249.232	-194.602	132.745	-136.708	-628.618	-677.772	-249.232	-226.678	-194.602	132.745	-3.94627	-136.708	-628.618	-648.773	-677.772	11.9627	14	0	128.466	71.973	-18.9968	-42.3951	71.973	-18.9968	-42.3951	
13279	72529	105.533	281.532	102.627	-99999	97.579	-0.754483	1	1	0	0	0	-168.971	-187.362	131.383	62.5741	-286.266	-213.507	-138.238	-147.372	-157.057	132.768	93.8841	62.0796	-287.435	-253.133	-212.765	4.26808	9	0	83.6193	97.6253	28.1507	-239.299	97.6253	28.1507	-239.299	
13279	74197	78.8679	232.639	78.247	-99999	65.698	-0.783996	1	1	1	1	1	-169.113	-221.312	133.165	74.9434	280.26	278.318	-158.413	-184.636	-210.988	133.656	104.253	74.9434	280.243	279.017	278.318	6.46865	6	0	69.3324	65.7245	-36.8861	265.901	65.7245	-36.8861	265.901	
13279	72422	121.352	318.041	120.661	-99999	27.178	-0.820582	1	1	0	0	0	-281.861	-336.695	132.994	33.3798	-218.582	-180.058	-281.857	-312.532	-336.948	133.049	84.5878	32.8415	-218.599	-199.125	-179.846	4.98164	11	0	76.7044	27.2019	43.755	-189.34	27.2019	43.755	-189.34	
13279	81770	284.669	1161.81	284.663	-99999	33.919	-0.952112	1	1	1	1	1	-236.785	-266.284	126.989	-138.285	2.10801	100.481	-236.823	-253.733	-266.323	126.989	-4.98407	-138.285	2.10801	52.4513	100.481	6.13761	12	0	63.414	33.94	-19.4215	55.2557	33.94	-19.4215	55.2557	
13279	82690	133.179	382.194	133.176	-99999	-40.902	-0.949529	1	1	1	1	1	-216.136	-250.301	125.973	0.593003	-659.936	-632.211	-209.708	-225.685	-243.873	125.973	62.5657	0.593003	-659.936	-647.517	-632.211	4.11183	9	0	95.9713	-40.883	6.1199	-639.081	-40.883	6.1199	-639.081	
13279	85275	328.572	767.376	317.268	-99999	57.043	-0.955349	1	1	1	1	1	-292.245	-266.651	132.97	-170.512	-507.018	-420.331	-292.324	-279.256	-264.793	133.302	-22.2325	-179.708	-507.12	-462.732	-419.54	6.23035	17	0	43.2689	57.0575	-31.4921	-455.643	57.0575	-31.4921	-455.643	
13279	85839	340.799	2071.69	339.438	-225.716	95.979	-0.817794	0	0	0	0	0	-123.705	-238.137	132.211	-130.012	-166.47	12.6086	-123.377	-174.791	-238.194	133.163	-6.00451	-130.157	-167.05	-83.4798	12.6638	5.1774	12	0	69.3656	95.9939	32.4932	-511.814	95.9939	32.4932	-511.814	
13279	55913	50.8602	143.419	50.1153	-99999	59.96	-0.758645	1	1	1	1	1	-235.844	-267.327	132.946	94.0216	-74.1769	-72.0222	-235.771	-251.885	-267.707	133.106	113.462	93.5919	-74.184	-73.1479	-72.0071	6.12185	6	0	74.1633	59.9909	-0.0234592	-63.2579	59.9909	-0.0234592	-63.2579	
13279	87165	213.665	489.645	210.529	-99999	101.617	-0.967591	0	0	0	0	0	-203.844	-170.721	131.76	-72.9576	-196.961	-212.201	-172.263	-153.152	-138.795	132.657	27.6951	-75.0751	-197.03	-194.666	-212.391	6.43239	8	0	67.4586	-999999	-999999	-999999	-999999	-999999	-999999	
13279	64250	315.484	842.372	303.469	-99999	-33.761	-0.997114	1	1	1	1	1	-107.973	-136.49	133.069	-168.488	-250.138	-232.51	-118.539	-133.226	-148.51	133.2	-23.5683	-180.242	-250.133	-241.216	-231.695	4.14587	7	0	50.4874	-33.7358	-26.4185	-239.219	-33.7358	-26.4185	-239.219	
13279	64945	332.992	918.373	323.666	-99999	-28.477	-0.944132	1	1	1	1	1	-312.137	-290.786	132.672	-171.457	-131.04	-239.583	-312.098	-300.901	-290.246	133.274	-23.1658	-179.832	-130.833	-186.659	-241.493	6.08593	6	0	149.749	-28.4541	-26.0697	-193.402	-28.4541	-26.0697	-193.402	
13279	8130	235.452	643.984	234.375	-19.9249	-22.169	-0.970897	1	1	1	1	1	-230.711	-177.509	131.545	-92.8738	471.047	498.984	-230.881	-208.439	-177.393	132.356	17.8372	-93.0728	470.938	484.604	498.955	7.6002	8	0	109.537	-22.141	-23.2826	486.232	-22.141	-23.2826	486.232	
13279	62638	325.53	794.315	325.525	-99999	108.024	-0.972585	0	0	0	0	0	-232.768	-304.746	133.568	-171.215	-821.411	-758.417	-232.892	-252.138	-304.87	133.568	-26.0792	-171.215	-821.411	-796.89	-758.417	6.45343	7	0	94.419	51.825	-35.4333	763.723	-19.545	16.9636	-730.178	
13279	62879	159.546	426.775	159.327	-99999	70.838	-0.80134	1	1	1	1	1	-221.711	-160.542	128.008	-2.15269	-476.823	-541.186	-210.579	-180.145	-149.303	128.008	67.2026	-2.33701	-476.823	-518.236	-541.223	6.66678	7	0	76.2706	70.8773	4.06752	-527.713	70.8773	4.06752	-527.713	
13279	61107	225.266	921.535	220.71	86.015	87.371	-0.453556	1	1	1	1	1	-62.1336	-238.834	53.7255	-67.0523	47.1958	100.694	-58.8882	-149.737	-239.391	55.4586	-5.03218	-67.5486	46.2542	73.9567	100.798	15.0528	7	0	109.622	87.405	-18.845	85.0502	87.405	-18.845	85.0502	
13279	60292	284.095	743.744	283.851	-43.3962	-45.057	-0.967197	1	1	1	1	1	-145.128	-218.042	133.699	-136.432	196.921	233.349	-145.109	-190.367	-218.042	133.929	-0.127539	-136.432	196.893	208.5	233.349	8.13013	7	0	115.794	-45.0274	-18.8343	212.436	-45.0274	-18.8343	212.436	
13279	66629	192.79	513.241	192.474	-99999	-25.947	-0.947873	1	1	1	1	1	-300.524	-280.69	132.529	-53.2268	650.714	684.065	-300.508	-291.346	-280.661	132.748	41.1244	-53.2268	650.642	679.005	684.065	26.4292	10	0	150.431	-25.9189	-2.47121	680.01	-25.9189	-2.47121	680.01	
13279	13590	300.785	766.315	298.811	91.9588	90.03	-0.978664	1	1	1	1	1	-218.036	-138.138	131.465	-151.369	-879.77	-860.719	-218.265	-184.389	-137.835	132.635	-12.2315	-152.052	-879.87	-859.271	-860.897	5.35233	10	0	84.4844	90.0549	-43.9053	-740.558	-26.2251	13.2504	-826.957	
13279	15030	81.1516	181.02	72.5248	-99999	87.376	-0.571171	1	1	1	0	0	-275.915	-335.22	132.325	91.653	-656.104	-646.782	-275.423	-308.466	-341.48	132.747	109.889	86.8264	-656.208	-650.564	-645.811	5.29355	6	0	61.4105	87.4086	60.5439	-632.394	87.4086	60.5439	-632.394	
13279	71220	126.678	327.811	126.641	-99999	74.842	-0.938211	0	0	0	0	0	-212.462	-229.777	132.341	15.9598	470.517	515.667	-212.548	-221.611	-229.863	132.341	72.5794	15.9598	470.517	488.848	515.667	6.39729	12	0	66.751	-12.7226	-41.9093	773.895	-27.6026	-41.4791	278.443	
13279	70766	182.398	378.535	181.011	-99999	77.033	-0.879023	1	1	1	1	0	-299.517	-311.564	132.614	-27.2199	114.485	195.797	-299.431	-309.089	-311.652	133.771	52.2526	-27.2199	113.88	153.547	195.797	4.56158	9	0	53.5714	77.0488	8.23066	173.23	77.0488	8.23066	173.23	
13279	63844	586.786	1576.98	586.694	87.887	85.228	-0.541731	1	1	1	1	1	-185.332	-343.425	133.201	-143.241	-718.699	-228.601	-185.332	-253.231	-343.466	133.201	-15.3336	-143.251	-718.699	-475.029	-228.527	4.93551	14	0	85.2223	85.2751	-40.8442	-409.842	85.2751	-40.8442	-409.842	
13279	79094	211.623	623.321	211.391	-99999	11.994	-0.605434	1	1	1	0	0	-283.8	-335.141	133.348	-13.7619	725.392	867.34	-283.718	-315.056	-335.155	133.475	61.7587	-13.7619	725.225	796.269	867.34	133.892	14	0	193.716	12.0407	21.2586	804.548	12.0407	21.2586	804.548	
13279	9631	303.102	749.443	302.143	75.0336	73.34	-0.775337	1	1	1	1	1	-237.796	-77.4328	126.656	-123.11	511.504	557.381	-237.968	-149.339	-77.1314	126.876	7.85949	-123.707	511.454	541.795	557.371	4.11229	7	0	98.8463	73.379	-51.8913	544.895	73.379	-51.8913	544.895	
13279	10351	50.4221	152.733	49.6857	-99999	22.105	-0.890979	1	0	0	0	0	-293.152	-311.913	133.432	87.6765	515.303	518.888	-293.127	-303.202	-312.22	133.528	110.46	87.1267	515.3	516.472	518.987	5.54723	9	0	76.3989	22.1335	40.906	510.616	22.1335	40.906	510.616	
13279	83806	306.899	1892.29	306.71	84.8552	82.236	-0.778568	1	1	1	1	1	-325.169	-181.008	133.216	-95.319	240.366	97.2814	-325.187	-248.388	-180.941	133.247	16.8641	-95.4301	240.384	176.501	97.2363	9.23233	9	0	83.3581	82.256	-2.03763	170.188	82.256	-2.03763	170.188	
13279	6194	141.986	347.489	141.566	-99999	103.13	-0.918596	0	0	0	0	0	-307.211	-339.12	133.447	3.86118	118.733	165.223	-307.286	-321.661	-339.33	133.616	68.9165	3.65177	118.673	144.061	165.272	4.46388	10	0	66.1773	-999999	-999999	-999999	-999999	-999999	-999999	
13279	80984	152.086	579.301	151.472	-99999	54.87	-0.941253	1	1	1	1	1	-168.914	-220.114	131.956	-9.89258	-81.2618	-67.1598	-160.089	-185.741	-211.491	132.533	61.2962	-9.89258	-81.3016	-74.323	-67.1598	6.183	7	0	65.5634	62.7307	-40.5913	-10.7607	62.7307	-40.5913	-10.7607	
13279	83472	259.055	706.397	259.005	-99999	-21.227	-0.981403	1	1	1	1	1	-220.509	-215.73	128.661	-129.33	-117.921	-116.746	-220.484	-215.514	-215.706	128.661	-0.534288	-129.33	-117.921	-117.318	-116.746	10.5404	7	0	89.0333	-21.1993	-27.857	-111.452	-21.1993	-27.857	-111.452	
13279	87121	159.982	457.786	159.376	-99999	-44.075	-0.882509	1	1	1	1	1	-263.02	-261.13	132.118	-5.75687	465.861	541.162	-262.949	-269.154	-261.04	132.223	64.6153	-6.20991	465.809	507.605	541.24	6.35665	13	0	103.488	-44.051	1.8003	513.407	-44.051	1.8003	513.407	
13279	84756	73.4539	224.361	73.1039	-99999	-22.417	-0.957746	1	1	1	0	0	-285.674	-304.905	132.786	63.117	722.577	728.685	-285.649	-295.593	-304.979	132.786	97.5258	62.7943	722.577	721.742	728.767	5.40397	12	0	84.9037	-12.8239	-33.7389	297.773	-12.8239	-33.7389	297.773	
13279	88356	187.734	446.224	186.657	-99999	-11.197	-0.968382	1	1	1	1	0	-356.693	-323.872	15.3884	-166.174	-74.4225	-47.2671	-356.728	-342.474	-323.673	15.6647	-76.0228	-166.937	-74.4754	-60.6618	-47.1899	5.76339	10	0	80.2417	-11.1689	-9.84129	-66.102	-11.1689	-9.84129	-66.102	
13279	85502	139.643	366.496	138.467	-36.7131	-41.315	-0.896926	1	1	1	1	1	-247.651	-183	132.226	12.0806	-282.249	-278.803	-247.701	-220.199	-182.349	132.333	68.8731	11.2553	-282.264	-272.939	-278.874	4.64959	8	0	80.0782	-45.9719	-19.5965	-468.908	-45.9719	-19.5965	-468.908	
13279	61656	688.151	1215.24	661.818	-99999	97.392	-0.35114	1	1	1	1	1	-280.243	-260.604	127.421	-153.879	-576.868	-22.6601	-280.366	-273.12	-260.916	127.682	-18.3606	-165.235	-577.6	-292.133	-0.389298	4.40925	15	0	39.9207	90.1057	-20.0609	-62.2163	-26.5743	-5.29015	-429.448	
13279	62856	224.28	542.432	223.239	-99999	24.16	-0.719638	1	1	1	1	1	-337.722	-259.973	133.629	-32.8952	-194.556	-71.0403	-337.852	-289.202	-260	133.797	50.3034	-33.5241	-194.679	-138.042	-70.5373	6.45001	12	0	81.2557	24.1862	19.3061	-129.423	24.1862	19.3061	-129.423	
13279	63710	135.092	360.12	134.585	-99999	-10.312	-0.898813	1	1	1	1	0	-249.605	-291.668	132.703	9.18234	-233.661	-204.802	-249.502	-272.352	-291.66	132.907	71.7417	8.91163	-233.715	-216.54	-204.78	11.4002	12	0	100.251	-10.282	13.9067	-212.365	-10.282	13.9067	-212.365	
13279	64106	99.5248	213.889	98.1398	-99999	10.734	-0.872758	1	1	1	0	0	-67.4988	-94.1476	129.643	37.3486	598.167	614.352	-63.7955	-81.4738	-90.8595	130.316	84.9449	36.7574	597.99	608	614.38	5.14025	12	0	49.3512	10.7562	59.8016	603.716	10.7562	59.8016	603.716	
13279	13618	322.356	21387.8	319.563	-50.3016	-43.904	-0.968425	1	1	1	1	1	-135.501	-230.828	133.537	-169.454	210.861	223.187	-135.454	-184.204	-230.974	133.733	-19.858	-171.478	210.858	213.856	222.683	5.62352	11	0	349.522	-43.8803	-40.6216	210.716	-43.8803	-40.6216	210.716	
13279	60156	280.153	698.109	279.986	-99999	4.502	-0.945435	1	1	1	1	1	-224.357	-274.312	133.093	-140.566	336.748	353.683	-224.362	-256.39	-274.28	133.093	-3.01536	-140.719	336.748	342.572	353.69	4.40159	8	0	81.0555	4.48263	-31.3831	349.122	4.48263	-31.3831	349.122	
13279	64956	236.86	572.014	236.007	-99999	4.253	-0.994814	1	1	1	1	1	-164.389	-176.789	129.918	-103.556	625.125	630.872	-163.024	-171.095	-175.457	130.332	12.7599	-103.556	625.151	620.925	630.872	4.15842	6	0	77.9039	4.2806	-18.0177	620.809	4.2806	-18.0177	620.809	
13279	63084	22.0845	106.417	21.9833	-99999	79.212	-0.578569	1	1	0	0	0	-358.639	-348.022	-105.659	-117.254	-549.114	-534.448	-358.76	-353.906	-348.112	-105.621	-112.703	-117.254	-549.189	-542.297	-534.448	5.22406	20	0	103.011	88.8004	-89.8874	53.6516	88.8004	-89.8874	53.6516	
13279	66006	81.508	245.675	76.3754	-45.8506	-45.467	-0.937007	1	1	0	0	0	-207.899	-226.468	131.857	59.1874	-303.691	-313.58	-207.785	-221.197	-226.362	132.254	94.4605	55.4049	-303.606	-310.568	-316.358	7.36854	8	0	89.8612	-45.4283	16.2089	-319.464	-45.4283	16.2089	-319.464	
13279	70496	88.4525	241.97	85.6482	-99999	83.547	-0.821087	1	1	1	1	1	-176.217	-223.996	131.102	66.1378	183.852	156.418	-161.682	-186.284	-210.867	133.403	99.0622	66.1378	184.558	171.523	156.418	6.08234	13	0	83.7812	83.5787	-25.528	125.119	83.5787	-25.528	125.119	
13279	17567	307.887	821.739	307.392	101.407	98.995	-0.976712	1	1	1	1	1	-190.602	-241.094	132.177	-169.13	465.717	484.173	-190.504	-221.693	-241.094	132.636	-17.8211	-169.13	465.69	473.352	484.173	11.3346	9	0	104.122	99.026	-34.1168	468.417	99.026	-34.1168	468.417	
13279	69697	196.337	462.662	195.579	-99999	-7.525	-0.852774	1	1	1	1	1	-276.985	-234.676	133.036	-44.2394	-759.659	-692.572	-277.019	-250.632	-234.589	133.171	46.3867	-44.8249	-759.731	-722.517	-692.499	4.04543	10	0	64.9453	-7.49329	1.44354	-703.326	-7.49329	1.44354	-703.326	
13279	68565	342.674	731.177	341.443	-398.736	104.736	-0.457756	0	0	0	0	0	-349.908	-188.941	-0.887893	-134.061	-525.415	-792.662	-349.908	-272.564	-188.094	-0.887893	-67.2939	-134.723	-525.415	-662.913	-793.236	7.32048	9	0	78.4608	-45.9886	-13.6145	393.561	-45.9886	-13.6145	393.561	
13279	72301	117.516	328.778	117.454	-99999	31.263	-0.671625	1	1	1	0	0	-324.129	-235.403	128.502	57.3247	403.88	430.35	-324.204	-278.668	-235.439	128.539	93.8477	57.3247	403.873	416.3	430.35	4.90665	8	0	77.3689	31.2708	39.634	412.091	31.2708	39.634	412.091	
13279	77438	237.35	578.497	236.126	-99999	-9.392	-0.884619	1	1	1	1	1	-341.162	-250.258	133.04	-78.3184	409.748	456.213	-341.287	-288.585	-250.171	133.306	29.9496	-79.2192	409.707	434.386	456.357	6.08792	12	0	78.2291	-9.37565	8.43055	431.361	-9.37565	8.43055	431.361	
13279	72803	65.5488	189.895	64.656	-99999	-46.586	-0.853121	1	0	0	0	0	-339.394	-308.484	133.469	79.396	356.54	373.547	-339.638	-323.983	-308.311	134.002	106.215	79.1652	356.409	363.908	373.61	6.56426	10	0	81.8641	-46.567	57.4075	289.054	-46.567	57.4075	289.054	
13279	73763	504.838	1268.27	504.249	-99999	91.319	-0.420065	1	1	1	1	1	-357.257	-254.363	-34.718	-154.966	2.13239	474.706	-357.513	-299.995	-254.467	-34.472	-120.852	-154.966	1.62831	231.16	474.706	10.0555	15	0	93.3022	91.3318	-44.6889	92.4696	91.3318	-44.6889	92.4696	
13279	76462	214.167	1431.96	210.886	-47.9462	-35.159	-0.50385	1	1	1	1	1	-63.6008	-227.953	49.7107	-58.8267	-766.543	-691.702	-62.9895	-147.328	-229.622	50.0987	-4.73783	-59.8462	-766.794	-730.112	-690.891	7.96644	9	0	59.9306	-35.1279	-30.8245	-697.968	-35.1279	-30.8245	-697.968	
13279	76582	211.428	542.768	210.717	-99999	49.048	-0.723213	1	1	1	1	1	-224.048	-76.6977	129.328	-20.9604	636.262	626.661	-208.82	-134.825	-61.0127	129.465	54.1395	-21.3634	636.273	631.296	626.663	4.86823	7	0	70.4978	41.4879	-30.0978	464.034	41.4879	-30.0978	464.034	
13279	77182	277.665	740.92	277.082	-99999	77.944	-0.923385	1	1	1	1	1	-175.921	-222.503	132.794	-115.824	-168.791	-274.886	-163.652	-176.936	-210.255	133.328	4.6901	-115.824	-168.569	-218.768	-274.886	6.85224	13	0	119.081	68.7883	-31.7435	52.7446	-38.5917	-33.6609	-374.974	
13279	73986	183.37	453.675	182.408	-99999	-5.498	-0.927073	1	1	1	1	0	-245.286	-265.947	132.862	-38.2336	257.269	313.452	-245.109	-259.2	-265.951	133.628	48.5531	-38.3196	257.003	287.878	313.483	4.94707	12	0	86.2811	-5.47509	-33.3153	325.068	-5.47509	-33.3153	325.068	
13279	77586	364.565	1092.3	347.327	92.9027	88.683	-0.899552	1	1	1	1	1	-329.426	-168.818	133.87	-167.07	-530.907	-466.008	-329.921	-245.283	-162.637	134.991	-22.703	-181.716	-531.091	-496.615	-465.611	25.3645	10	0	133.313	88.7226	-16.1238	-181.049	18.6526	-36.0163	-500.825	
13279	73640	179.001	526.61	179	-99999	43.462	-0.606967	1	1	1	1	1	-217.25	-338.56	128.263	17.8468	8.7359	80.3563	-217.3	-278.091	-338.609	128.263	73.0522	17.8468	8.7359	44.3023	80.3563	5.50775	10	0	75.7477	43.4927	18.4847	74.0722	43.4927	18.4847	74.0722	
13279	75295	248.36	643.173	245.974	57.9419	55.96	-0.951812	1	1	1	1	1	-221.698	-149.015	131.211	-102.339	680.483	665.327	-222.151	-183.757	-148.802	132.775	14.9911	-103.027	680.706	673.793	665.172	4.5288	11	0	93.203	61.2498	-19.116	280.535	61.2498	-19.116	280.535	
13279	75295	183.007	619.272	182.583	-99999	54.881	-0.883869	1	1	1	1	1	-322.988	-288.638	133.654	-30.2622	-398.722	-327.269	-323.152	-302.738	-288.701	134.026	51.3645	-30.2622	-398.888	-365.538	-327.269	4.51531	12	0	82.8073	61.2498	-19.116	280.535	-3.14019	-77.9908	-507.375	
13279	77095	353.737	958.237	352.47	56.4359	54.217	-0.720624	1	1	1	1	1	-240.667	-155.38	131.561	-124.692	676.813	451.794	-240.944	-197.497	-155.38	132.478	4.89472	-124.692	677.634	563.23	451.794	6.39048	14	0	99.8602	54.2549	-26.2667	539.174	54.2549	-26.2667	539.174	
13279	76698	86.8704	234.019	86.1092	-99999	38.1	-0.9547	1	1	1	1	1	-212.164	-204.102	132.705	51.2728	-187.111	-160.351	-218.16	-214.069	-210.041	132.983	91.9412	50.827	-187.196	-173.622	-160.212	5.08839	11	0	63.9282	38.1349	-31.7696	-111.9	38.1349	-31.7696	-111.9	
13279	76938	322.629	879.063	322.626	-99999	44.274	-0.932367	1	1	1	1	1	-126.902	-217.88	133.557	-157.768	848.511	744.131	-119.945	-165.555	-210.922	133.557	-12.0772	-157.768	848.511	796.33	744.131	6.26291	11	0	62.2389	44.2801	-13.4238	765.999	44.2801	-13.4238	765.999	
13279	76244	338.84	1056.96	334.077	-99999	-13.818	-0.904841	1	1	1	1	1	-225.793	-330.122	132.145	-171.516	-279.676	-188.186	-225.778	-279.304	-330.821	132.145	-21.9095	-176.011	-279.676	-233.842	-186.976	12.8131	7	0	102.015	-13.7858	-55.9418	-221.634	-13.7858	-55.9418	-221.634	
13279	79879	260.976	598.209	257.836	90.1285	88.247	-0.991517	1	1	1	1	1	-183.247	-216.692	128.476	-123.59	855.077	826.807	-182.946	-192.127	-216.853	130.769	1.04498	-124.357	855.023	846.857	826.641	5.31008	6	0	80.6599	88.2746	-21.2229	787.279	88.2746	-21.2229	787.279	
13279	82015	212.975	579.561	212.853	-99999	-0.865	-0.86834	1	1	1	1	1	-271.088	-333.347	132.993	-54.4536	-154.06	-76.7598	-271.087	-308.938	-333.372	132.993	40.4991	-54.5612	-154.06	-117.447	-76.7145	16.0147	10	0	129.538	-0.83987	-17.4717	-96.3071	-0.83987	-17.4717	-96.3071	
13279	83335	194.883	511.971	194.874	166.31	-3.109	-0.871794	0	0	0	0	0	-166.457	-273.708	132.952	-17.1171	127.537	186.263	-166.457	-212.219	-273.708	132.952	52.0295	-17.1171	127.537	156.096	186.263	5.45141	8	0	72.1996	-0.601457	-105.13	642.718	-0.601457	-105.13	642.718	
13279	81100	242.645	614.572	236.747	-99999	34.237	-0.847356	1	1	1	1	1	-352.073	-227.744	129.669	-57.6803	-381.174	-311.507	-352.169	-290.053	-223.354	129.772	29.8829	-60.6901	-381.2	-351.943	-309.353	4.75307	9	0	81.2972	34.2532	16.9027	-350.875	34.2532	16.9027	-350.875	
13279	82939	42.992	125.69	41.7516	-99999	12.22	-0.966806	0	0	0	0	0	-93.8543	-87.5763	133.422	92.4857	-796.847	-792.241	-90.0277	-86.2734	-83.5613	133.422	112.368	91.2829	-796.847	-795.132	-792.122	4.94113	8	0	74.5445	-16.2139	-42.2188	460.138	-16.2139	-42.2188	460.138	
13279	10877	167.038	468.471	166.801	-99999	95.604	-0.780811	1	1	1	1	1	-231.923	-179.737	130.125	-6.01421	820.782	744.457	-201.985	-181.648	-149.701	130.125	63.8366	-6.22528	820.782	774.272	744.422	4.6655	9	0	86.5369	95.639	3.74826	741.876	95.639	3.74826	741.876	
13279	84919	211.398	512.868	210.559	-99999	54.078	-0.93637	1	1	1	1	1	-151.642	-78.3524	132.114	-64.4438	-595.406	-578.238	-134.989	-100.302	-61.4182	132.895	33.5318	-64.4438	-595.51	-585.901	-578.238	6.21384	7	0	48.5899	54.1006	-4.77826	-445.989	54.1006	-4.77826	-445.989	
13279	86513	302.65	4435.71	302.285	-99999	103.61	-0.87311	0	0	0	0	0	-215.097	-309.502	132.428	-129.348	471.675	586.487	-215.169	-257.503	-309.717	132.552	-3.39489	-129.515	471.616	522.711	586.581	13.0681	12	0	89.5733	82.027	-12.2201	396.325	82.027	-12.2201	396.325	
13279	17978	279.877	702.209	279.873	-99999	33.331	-0.781122	1	1	1	1	1	-319.955	-215.592	132.031	-85.4503	57.9589	198.054	-314.755	-255.914	-210.393	132.031	26.3686	-85.4503	57.9589	128.209	198.054	5.71631	11	0	90.4138	33.3567	-2.08654	137.507	33.3567	-2.08654	137.507	
13279	7935	136.996	399.898	136.913	31.786	29.318	-0.859364	1	1	1	1	1	-201.43	-263.647	131.687	14.5615	-229.575	-198.72	-201.428	-235.213	-263.641	131.69	74.1756	14.494	-229.576	-214.087	-198.715	5.07954	10	0	102.677	21.7495	-50.0131	-366.238	21.7495	-50.0131	-366.238	
13279	13188	328.783	876.82	325.91	107.771	106.898	-0.880994	0	0	0	0	0	-227.621	-135.486	130.557	-164.13	494.029	392.695	-228.289	-181.102	-135.223	132.507	-16.3638	-164.67	494.835	444.362	392.446	4.05195	13	0	77.7823	52.5379	-0.360193	539.53	52.5379	-0.360193	539.53	
13279	68698	151.078	421.763	150.856	-31.7829	-33.569	-0.746721	1	1	1	1	1	-201.086	-232.092	132.662	40.0704	-451.232	-338.78	-201.046	-211.369	-232.092	132.823	78.8122	40.0704	-451.369	-399.731	-338.78	6.16904	16	0	87.861	-33.5277	11.8175	-369.802	-33.5277	11.8175	-369.802	
13279	67391	344.54	1064.94	343.107	25.2371	25.078	-0.818756	1	1	1	1	1	-178.449	-308.127	131.314	-124.973	-482.436	-300.228	-178.024	-231.837	-308.127	132.464	-2.70893	-124.973	-483.12	-391.43	-300.228	4.27165	12	0	72.3412	25.1017	-37.9208	-356.992	25.1017	-37.9208	-356.992	
13279	68984	331.349	818.732	331.027	62.1271	57.942	-0.77872	1	1	1	1	1	-120.734	-302.796	130.292	-130.112	573.932	484.692	-120.558	-206.195	-302.796	130.534	-2.59137	-130.112	574.021	525.498	484.692	5.55842	6	0	78.1024	57.9623	-27.0267	521.036	57.9623	-27.0267	521.036	
13279	3339	31.1751	76.8444	31.1505	-99999	75.216	-0.682042	1	1	1	1	1	-213.905	-197.318	132.901	113.255	-841.133	-823.58	-225.725	-217.62	-209.124	132.901	122.831	113.24	-841.133	-832.442	-823.566	4.4089	12	0	52.4178	75.2483	-6.32897	-721.211	75.2483	-6.32897	-721.211	
13279	67964	239.86	555.939	239.699	-99999	44.298	-0.49633	1	1	1	1	1	-77.5605	-181.717	134.659	8.27891	-451.732	-278.343	-63.608	-121.019	-167.845	134.736	72.5592	8.27891	-451.841	-366.901	-278.343	4.71086	10	0	80.131	44.3378	29.3763	-356.898	44.3378	29.3763	-356.898	
13279	68324	237.724	626.409	236.897	102.538	98.64	-0.897911	1	1	1	1	1	-274.246	-192.467	133.09	-80.425	-302.149	-358.364	-274.438	-231.179	-192.443	133.745	29.8831	-80.5164	-301.904	-339.623	-358.385	4.83812	9	0	97.56	98.6592	-10.8336	-339.223	98.6592	-10.8336	-339.223	
13279	8094	145.647	425.651	144.113	107.952	106.933	-0.692774	0	0	0	0	0	-260.397	-189.357	132.93	31.509	-385.927	-459.168	-260.397	-225.875	-188.483	132.93	82.3932	30.5229	-385.927	-425.26	-459.941	6.90192	12	0	84.2377	-12.731	-83.8843	-447.856	-12.731	-83.8843	-447.856	
13279	72219	109.636	313.964	108.886	-99999	-9.128	-0.620518	1	1	1	1	1	-216.718	-290.155	131.146	64.2831	762.96	807.052	-216.242	-253.635	-290.145	131.576	98.4534	64.2831	762.733	785.172	807.052	4.12835	12	0	34.9822	-9.2216	-19.7551	86.4616	-9.2216	-19.7551	86.4616	
13279	75970	172.483	408.848	172.146	-99999	-17.618	-0.769548	1	1	1	1	1	-350.285	-237.076	-3.56927	123.166	746.721	773.811	-236.977	-293.48	-350.399	123.262	59.4651	-3.72543	773.823	760.953	746.694	7.57968	165	0	408.848	-17.5838	-0.538963	753.682	-17.5838	-0.538963	753.682	
13279	81107	184.286	430.353	182.369	-99999	-19.274	-0.85528	1	1	1	1	1	-345.683	-281.432	134.059	-30.056	-243.59	-200.622	-345.888	-307.812	-281.12	134.5	54.2664	-31.4076	-243.732	-219.342	-200.405	5.37473	8	0	74.2383	-19.2548	16.1304	-212.915	-19.2548	16.1304	-212.915	
13279	10387	243.475	799.491	243.128	-99999	85.323	-0.957921	1	1	1	1	1	-165.42	-224.049	132.58	-99.147	505.067	460.658	-152.012	-181.335	-210.729	132.58	16.5625	-99.4743	505.067	482.746	460.593	5.08819	9	0	68.4395	85.345	-21.6038	472.336	85.345	-21.6038	472.336	
13279	80132	113.124	122.049	29.0435	-99999	-16.078	-0.463052	1	1	1	1	1	-263.184	-285.561	133.669	117.787	122.902	132.325	-262.196	-305.921	-349.513	134.205	104.085	73.5758	122.511	141.821	160.97	19.8512	8	0	103.369	-16.0936	63.1795	169.883	-16.0936	63.1795	169.883	
13279	83651	158.619	382.415	157.176	-99999	-19.709	-0.936603	1	1	1	1	0	-140.75	-76.5293	130.532	-11.7142	305.856	312.211	-146.922	-119.081	-82.1537	130.532	56.5357	-13.0273	305.856	311.566	311.992	4.04235	11	0	77.4744	-19.6877	10.0058	310.783	-19.6877	10.0058	310.783	
13279	80142	90.3172	316.707	89.7202	-99999	115.18	-0.913309	0	0	0	0	0	-188.635	-228.318	132.846	52.6379	-540.077	-545.926	-170.509	-191.019	-210.394	132.915	92.8118	52.1476	-540.07	-543.148	-545.923	5.89367	8	0	121.405	91.1948	25.5984	732.653	77.3848	-78.3999	333.229	
13279	83622	246.027	624.535	244.558	-12.8137	-14.84	-0.883463	1	1	1	1	1	-241.216	-184.124	131.455	-88.9807	692.957	606.735	-241.595	-203.785	-184.113	132.594	23.5638	-89.1296	693.429	651.089	606.648	6.30096	9	0	87.796	-14.808	-18.616	637.447	-14.808	-18.616	637.447	
13279	86824	372.455	948.572	371.38	105.748	102.145	-0.716448	0	0	0	0	0	-306.254	-144.044	132.832	-118.113	-178.056	-395.529	-306.67	-232.089	-144.044	133.6	3.33671	-118.113	-177.441	-287.563	-395.529	7.14805	10	0	88.7888	3.79306	29.2012	-125.111	3.79306	29.2012	-125.111	
13279	85165	314.887	1178.77	304.42	-99999	-4.514	-0.999469	1	1	1	1	1	-258.912	-231.51	133.624	-169.362	-849.943	-855.407	-258.902	-245.211	-229.542	133.871	-22.8789	-179.178	-849.932	-852.701	-856.855	5.50769	8	0	90.3847	-4.49029	-14.0471	-789.448	-4.49029	-14.0471	-789.448	
13279	85955	168.042	429.825	165.97	-99999	14.695	-0.990093	1	1	1	1	1	-323.079	-333.176	133.58	-26.2677	541.087	566.219	-323.092	-328.254	-333.157	133.631	50.2762	-26.6442	541.081	548.854	566.392	12.1266	15	0	83.7906	14.7149	-0.540749	568.982	14.7149	-0.540749	568.982	
13279	88904	218.797	552.419	217.984	-37.2462	-37.314	-0.893937	1	1	1	1	1	-190.802	-287.582	132.516	-48.4175	81.7434	150.094	-190.77	-233.541	-287.88	132.609	38.181	-49.0001	81.7102	116.26	150.286	4.05819	13	0	79.6716	-37.287	-9.2007	130.867	-37.287	-9.2007	130.867	
13279	85088	113.496	299.599	113.495	-99999	57.622	-0.430455	1	1	1	1	1	-121.205	-219.598	133.084	80.2868	95.162	75.0351	-112.15	-161.542	-210.543	133.084	107.062	80.2868	95.162	85.0355	75.0351	4.69023	6	0	61.2491	57.6415	10.9507	61.0918	57.6415	10.9507	61.0918	
13279	90977	85.918	216.602	85.8413	-99999	37.643	-0.664766	0	0	0	0	0	-351.862	-337.908	131.712	71.8722	-466.033	-407.975	-351.905	-345.048	-337.95	131.712	99.2755	71.8719	-466.033	-438.836	-407.973	13.7633	23	0	95.4704	21.0422	-12.9082	-779.491	21.0422	-12.9082	-779.491	
13279	77878	240.064	594.872	236.334	-99999	99.229	-0.834971	1	1	1	1	1	-225.345	-94.3401	130.274	-66.3636	460.14	464.892	-194.382	-128.074	-61.3618	130.436	30.4068	-69.3376	460.14	462.228	464.979	14.424	9	0	72.4513	99.2526	-84.9929	436.746	99.2526	-84.9929	436.746	
13279	72441	272.242	567.036	271.661	-548.309	-22.425	-0.901114	0	0	0	0	0	-216.217	-155.475	132.862	-105.757	-65.422	-178.411	-216.217	-182.678	-155.399	132.862	14.1407	-106.303	-65.422	-122.28	-178.571	4.49414	12	0	68.8961	74.069	-2.87326	-308.203	74.069	-2.87326	-308.203	
13279	74140	293.179	3183.97	265.256	-99999	5.908	-0.770334	1	1	1	1	1	-64.7864	-229.785	80.1991	-124.088	-622.205	-585.283	-62.0318	-154.142	-244.37	83.5983	-28.6379	-141.993	-622.807	-602.662	-580.969	195.291	10	0	2504.31	5.94578	15.448	-604.474	5.94578	15.448	-604.474	
13279	72221	130.939	297.914	130.528	-99999	-29.516	-0.956172	1	1	1	1	1	-320.56	-316.201	132.388	8.84976	-773.717	-736.185	-320.54	-318.402	-316.167	132.72	69.6438	8.84976	-773.819	-756.927	-736.185	5.43163	10	0	63.03	-29.4933	40.4433	-684.108	-29.4933	40.4433	-684.108	
13279	75217	349.253	984.329	349.123	-99999	88.994	-0.489326	1	1	1	1	1	-200.723	-88.9755	130.489	-43.1085	344.597	626.121	-172.855	-116.816	-61.0631	130.489	43.7631	-43.1647	344.597	485.421	626.227	4.06809	8	0	46.3158	89.0409	-10.6641	537.872	89.0409	-10.6641	537.872	
13279	78000	192.673	488.525	191.912	-99999	70.742	-0.946064	1	1	1	1	1	-293.139	-228.474	132.706	-35.1461	-277.99	-219.356	-293.295	-260.674	-228.275	132.98	44.8104	-35.404	-278.048	-257.453	-219.081	4.80063	14	0	84.2723	70.7784	-4.72984	-245.302	70.7784	-4.72984	-245.302	
13279	80035	428.283	1019.42	427.644	-99999	33.414	-0.738753	1	1	1	1	1	-226.95	-263.622	133.062	-166.38	-625.894	-332.845	-226.988	-267.06	-263.714	133.062	-23.5867	-166.756	-625.894	-485.703	-332.451	5.77615	16	0	82.1089	33.444	-32.5527	-468.25	33.444	-32.5527	-468.25	
13279	80035	233.397	507.797	232.312	-99999	19.164	-0.993193	1	1	1	1	1	-293.289	-278.18	131.091	-96.0893	624.952	648.315	-293.387	-279.924	-278.215	131.805	16.1216	-96.1854	624.917	630.612	648.345	5.94909	14	0	58.8182	19.174	-21.0224	641.065	19.174	-21.0224	641.065	
13279	8325	79.8971	477.047	79.896	-99999	4.377	-0.918668	0	0	0	0	0	-181.557	-153.646	-166.024	-92.0078	-887.44	-876.255	-152.275	-166.398	-180.186	-92.0078	-128.935	-166.024	-876.255	-881.966	-887.44	4.6973	155	0	477.047	-33.0448	-6.98566	443.41	-33.0448	-6.98566	443.41	
13279	83190	453.856	963.602	391.827	76.6014	75.935	-0.691621	1	1	1	1	1	-274.368	-90.5433	132.776	-133.909	627.798	848.221	-274.625	-168.117	-61.7124	133.206	-21.3138	-176.366	627.432	754.944	881.873	4.85531	6	0	66.2212	73.0162	-39.4665	553.598	73.0162	-39.4665	553.598	
13279	83741	224.236	796.708	223.071	139.05	63.125	-0.681141	0	0	0	0	0	-240.203	-88.1169	132.875	-3.14413	847.888	760.166	-240.203	-167.147	-87.3743	132.875	57.5791	-3.7494	847.888	808.603	759.512	4.00866	11	0	94.9383	-999999	-999999	-999999	-999999	-999999	-999999	
13279	8901	502.771	1206.68	496.316	-99999	43.294	-0.57874	1	1	1	1	1	-109.695	-74.852	133.569	-167.015	-759.283	-366.316	-96.301	-78.9257	-60.8079	134.087	-18.0148	-170.445	-760	-560.659	-362.022	5.00412	13	0	56.6737	43.3027	-51.9422	-521.641	43.3027	-51.9422	-521.641	
13279	80238	91.8781	267.493	90.2783	-99999	29.222	-0.89161	1	1	1	1	1	-180.297	-216.166	130.415	49.0287	-329.192	-313.759	-175.072	-193.137	-211.574	131.836	90.3422	49.0287	-329.564	-321.706	-313.759	8.0243	6	0	97.6472	29.2515	-34.7689	-292.613	0.161507	6.40405	-348.123	
13279	12964	331.686	857.151	331.381	114.11	114.891	-0.738019	0	0	0	0	0	-134.116	-220.951	132.79	-116.989	-462.919	-268.681	-134.056	-179.254	-220.951	132.987	12.8497	-116.989	-463.088	-358.176	-268.681	6.68585	13	0	115.45	52.4952	-1.71559	95.3815	52.4952	-1.71559	95.3815	
13279	78169	387.271	1196.1	386.959	0.68422	0.1	-0.795232	1	1	1	1	1	-68.1459	-281.503	133.589	-169.085	-72.9571	38.4816	-67.995	-174.879	-281.503	133.816	-17.7602	-169.085	-73.042	-17.4327	38.4816	58.1293	10	0	240.692	0.138617	-25.9319	-9.70602	0.138617	-25.9319	-9.70602	
13279	88574	257.097	890.901	254.907	-99999	31.637	-0.900471	1	1	1	1	1	-99.5962	-219.687	133.044	-89.5382	-658.531	-690.103	-89.0193	-148.998	-210.084	134.468	21.878	-90.0625	-658.416	-674.094	-690.151	6.00006	7	0	52.1193	31.6571	-11.7859	-670.029	31.6571	-11.7859	-670.029	
13279	85638	289.081	742.401	287.257	-27.1862	-30.06	-0.975585	1	1	1	1	1	-230.135	-183.87	130.867	-146.161	569.295	516.934	-230.234	-219.413	-183.843	132.558	-9.59439	-146.232	569.671	546.401	516.924	6.3302	10	0	98.7945	-30.0297	-30.7378	540.946	-30.0297	-30.7378	540.946	
13279	84297	335.967	661.271	333.187	-99999	29.769	-0.975386	1	1	1	1	1	-127.793	-130.825	133.037	-166.901	-34.2542	-157.718	-118.471	-123.084	-122.233	133.119	-18.7285	-169.274	-34.2321	-89.0773	-157.448	4.17924	10	0	48.2853	29.8004	-34.5949	-102.453	29.8004	-34.5949	-102.453	
13279	86791	418.049	944.117	406.798	-46.6493	18.666	-0.603969	0	0	0	0	0	-63.1885	-254.29	85.168	-150.243	577.558	846.568	-60.5284	-161.33	-254.444	88.3382	-38.3673	-154.294	574.295	706.344	850.923	6.13624	17	0	61.7869	19.6595	14.4138	-820.066	-49.0905	57.3271	595.571	
13279	7549	326.697	717.784	295.258	-99999	85.201	-0.94996	1	1	1	1	1	-92.4206	-174.523	130.427	-150.572	675.439	637.182	-65.638	-111.648	-156.885	130.772	-24.5993	-180.046	675.491	654.914	633.386	4.48189	6	0	41.6218	85.2266	-23.6535	645.983	85.2266	-23.6535	645.983	
13279	91152	273.105	635.576	272.923	-99999	65.07	-0.847223	1	1	1	1	1	-355.515	-221.506	92.2653	-137.251	-770.275	-712.381	-345.365	-280.597	-211.321	92.2653	-24.0627	-137.419	-770.275	-740.701	-712.336	5.53068	13	0	91.1792	65.0863	28.7643	-748.561	65.0863	28.7643	-748.561	
13279	90397	346.363	1244.5	342.766	-99999	-5.237	-0.743076	1	1	1	1	1	-100.326	-304.99	129.526	-97.0889	2.00154	157.505	-100.136	-202.519	-307.031	129.799	13.8157	-99.028	1.85578	79.5936	159.088	4.23444	9	0	58.9977	-5.20711	-43.6782	130.16	-5.20711	-43.6782	130.16	
13279	90948	216.909	577.37	216.64	-99999	16.536	-0.962228	1	1	1	1	1	-221.171	-279.224	130.51	-70.4969	-291.522	-240.2	-221.132	-247.448	-279.243	130.765	27.6641	-70.4969	-291.561	-271.049	-240.2	7.0522	8	0	74.1586	16.5648	-19.3336	-259.34	16.5648	-19.3336	-259.34	
13279	81375	168.555	432.77	168.475	-99999	56.933	-0.983661	1	1	1	1	1	-245.892	-243.795	133.167	-31.0454	169.984	202.938	-245.957	-241.324	-243.858	133.167	50.8501	-31.0941	169.984	185.7	202.947	5.99567	9	0	73.6059	56.9525	0.538381	194.402	56.9525	0.538381	194.402	
13279	90819	302.037	866.279	302.035	-99999	89.513	-0.812781	1	1	1	1	1	-236.893	-89.4126	128.238	-117.399	103.888	8.43498	-208.862	-135.198	-61.3822	128.238	5.9335	-117.399	103.888	54.7445	8.43498	5.21686	12	0	62.5564	89.5428	-45.0269	45.9466	89.5428	-45.0269	45.9466	
13279	83289	96.4527	265.461	95.9338	-99999	49.112	-0.990751	1	1	1	0	0	-319.022	-329.981	133.469	38.2542	-54.8468	-53.7986	-319.079	-325.917	-330.127	133.469	85.7347	37.7479	-54.8468	-54.9687	-53.7899	15.2316	8	0	82.9981	49.1387	37.9252	-50.4239	49.1387	37.9252	-50.4239	
13279	79053	282.801	730.846	280.104	-34.6574	-36.389	-0.940609	1	1	1	1	1	-203.758	-240.875	129.554	-130.455	-546.814	-454.096	-203.515	-213.63	-240.916	131.913	-1.70351	-130.594	-547.63	-503.233	-454.01	8.72409	12	0	141.839	-36.3632	-26.7091	-493.262	-36.3632	-26.7091	-493.262	
13279	6127	336.828	835.69	336.819	177.097	49.653	-0.651405	0	0	0	0	0	-86.0667	-332.107	133.076	-83.0513	533.166	471.348	-86.0667	-206.456	-332.107	133.076	25.3515	-83.0513	533.166	485.954	471.348	4.56714	8	0	80.7723	98.0762	-29.4217	-175.99	98.0762	-29.4217	-175.99	
13279	90035	214.714	550.52	214.706	-99999	-30.686	-0.955466	1	1	1	1	1	-210.824	-271.307	127.608	-77.4846	-439.218	-428.248	-210.789	-237.712	-271.272	127.608	23.9412	-77.4846	-439.218	-434.902	-428.248	8.33124	8	0	102.134	-30.666	-23.6498	-425.538	-30.666	-23.6498	-425.538	
13279	90035	153.714	384.834	151.344	-99999	21.48	-0.934813	1	1	1	1	1	-260.332	-218.402	131.944	-6.65255	562.193	604.35	-260.703	-237.973	-218.442	133.271	62.852	-7.5866	561.835	582.434	604.512	4.4004	11	0	70.1531	21.514	3.6947	597.475	21.514	3.6947	597.475	
13279	81393	70.3719	146.504	65.5574	-99999	112.343	-0.857094	0	0	0	0	0	-217.61	-229.028	126.774	69.7752	201.682	171.41	-199.149	-205.153	-211.415	130.771	100.343	69.6358	203.929	187.322	171.352	7.24902	11	0	50.3519	58.3713	74.108	-570.537	33.6513	30.5398	686.464	
13279	90133	315.877	870.497	315.786	-99999	94.095	-0.973476	1	1	1	1	1	-233.974	-195.461	132.63	-168.789	-765.644	-680.033	-248.769	-229.274	-210.248	132.711	-18.2504	-168.789	-765.66	-723.625	-680.033	4.27677	8	0	56.1703	94.1188	-18.8468	-705.172	94.1188	-18.8468	-705.172	
13279	6392	243.212	590.438	243.152	-99999	-31.433	-0.956772	1	1	1	1	1	-104.991	-194.822	132.322	-91.8869	-503.864	-485.886	-114.818	-152.971	-204.665	132.375	17.5662	-91.8869	-503.865	-492.596	-485.886	7.46091	7	0	82.3032	-31.398	-11.8437	-491.453	-31.398	-11.8437	-491.453	
13279	6992	309.681	599.129	308.654	-99999	99.026	-0.724515	1	1	1	1	1	-278.584	-294.274	131.749	-86.4703	494.994	698.552	-278.698	-295.105	-294.387	131.749	25.1605	-86.4703	494.994	605.842	698.552	5.66629	12	0	63.8166	99.0695	-19.1006	634.559	99.0695	-19.1006	634.559	
13279	78244	117.14	308.103	115.945	-99999	-43.278	-0.961717	1	1	1	1	0	-273.54	-292.201	128.671	17.2844	-628.563	-605.132	-273.417	-282.857	-291.951	129.037	72.8065	16.5076	-628.639	-615.484	-605.035	4.72546	10	0	82.5349	-43.2693	22.1529	-606.43	-43.2693	22.1529	-606.43	
13279	10603	175.074	460.255	174.91	82.5191	76.047	-0.773871	1	1	1	1	1	-286.467	-173.809	133.11	8.89599	260.277	214.806	-286.467	-234.258	-173.695	133.11	66.1308	8.8111	260.277	239.448	214.737	6.6713	10	0	83.3579	76.0737	10.7702	233.006	76.0737	10.7702	233.006	
13279	88876	282.329	768.258	281.909	94.6545	93.916	-0.942785	1	1	1	1	1	-278.161	-185.872	133.2	-129.06	848.699	805.472	-278.161	-233.936	-185.781	133.2	1.0819	-129.447	848.699	826.851	805.371	9.72952	9	0	107.264	93.9526	-15.9335	781.934	93.9526	-15.9335	781.934	
13279	89836	179.221	437.086	178.118	-99999	66.838	-0.773644	1	1	1	0	0	-232.363	-289.407	106.407	-37.0526	-894.825	-807.011	-232.44	-262.588	-289.784	106.407	32.7896	-37.9309	-894.825	-853.843	-806.419	4.33811	11	0	71.9609	66.8674	-8.30026	-794.246	66.8674	-8.30026	-794.246	
13279	8466	377.908	963.138	376.884	54.607	54.075	-0.870756	1	1	1	1	1	-351.844	-151.433	133.107	-169.169	722.157	817.297	-352.227	-249.715	-151.341	133.829	-21.1264	-169.333	722.043	755.293	817.327	5.96405	6	0	83.0814	54.1067	-13.8431	745.499	54.1067	-13.8431	745.499	
13279	88499	149.864	322.532	102.317	-99999	85.59	-0.50043	1	1	1	1	1	-248.345	-269.544	133.41	67.0026	158.961	230.988	-248.443	-264.553	-281.101	133.41	89.1126	35.1917	158.961	216.804	261.148	4.55261	20	0	104.112	85.6277	-29.3107	52.9456	22.1077	29.4471	213.645	
13279	8048	163.773	369.426	162.757	-99999	21.411	-0.8857	0	0	0	0	0	-297.123	-339.759	132.293	-19.9301	-56.5203	-24.1662	-296.94	-325.272	-339.709	132.762	58.2771	-20.3932	-56.6601	-38.0573	-24.1146	4.59942	12	0	69.8499	21.432	52.238	50.4374	21.432	52.238	50.4374	
13279	9368	153.291	405.406	153.285	-99999	83.265	-0.561571	1	1	1	0	0	-288.567	-320.826	133.69	41.6055	-54.7454	62.9622	-288.662	-302.457	-320.921	133.69	88.405	41.6055	-54.7454	5.4481	62.9622	5.21051	13	0	67.5413	91.2743	-21.104	-570.414	91.2743	-21.104	-570.414	
13279	16024	229.334	529.902	223.64	-99999	67.499	-0.970902	1	1	1	1	1	-212.813	-179.203	129.381	-88.7955	-218.063	-191.751	-191.817	-181.655	-156.102	131.324	18.4782	-91.9029	-218.532	-202.489	-191.679	8.41869	6	0	82.0119	67.7617	-14.437	576.756	67.7617	-14.437	576.756	
13279	17104	133.955	353.521	132.962	-99999	-1.595	-0.977566	1	1	1	1	0	-204.846	-183.463	130.758	1.49653	-371.164	-351.629	-205.448	-191.424	-183.926	131.324	66.7487	1.09516	-371.228	-360.758	-351.582	8.16096	6	0	77.3541	-1.55711	4.24786	-361.18	-1.55711	4.24786	-361.18	
13279	13462	385.525	1116.13	385.49	-99999	98.8	-0.532841	1	1	1	1	1	-76.8132	-226.122	126.786	-80.7044	685.74	397.225	-61.2744	-136.65	-210.596	126.804	22.5915	-80.7044	685.766	542.191	397.225	4.16386	14	0	83.2431	98.8431	-17.291	466.725	98.8431	-17.291	466.725	
13279	17069	272.69	622.631	269.187	-99999	-10.536	-0.982073	1	1	1	0	0	-279.509	-299.138	132.899	-125.524	783.748	853.617	-279.497	-284.625	-299.493	132.899	1.12896	-128.848	783.748	817.068	854.605	7.49979	11	0	83.5834	-10.5053	-20.6797	795.382	-10.5053	-20.6797	795.382	
13279	16471	224.398	522.17	223.24	-99999	30.989	-0.977468	1	1	1	1	1	-174.886	-203.34	132.176	-85.4616	-255.025	-247.655	-165.181	-167.989	-193.972	132.22	21.3851	-86.1622	-255.016	-251.089	-247.584	7.7664	7	0	82.0505	30.9934	-13.1314	-252.28	30.9934	-13.1314	-252.28	
13279	17222	179.501	503.71	178.745	-99999	66.33	-0.942186	1	1	1	1	1	-290.422	-279.288	132.792	-32.7908	302.454	359.828	-290.498	-283.733	-279.346	132.848	48.098	-33.3587	302.435	329.759	359.965	4.58816	19	0	110.713	66.346	-4.34979	344.902	66.346	-4.34979	344.902	
13279	17541	174.591	462.387	173.758	-99999	34.274	-0.90823	1	1	1	1	1	-164.547	-216.269	132.887	-14.7044	-311.873	-387.537	-159.012	-185.016	-210.883	133.659	59.5004	-14.7044	-311.609	-349.544	-387.537	8.34941	13	0	50.8679	34.3062	-25.1214	-387.878	34.3062	-25.1214	-387.878	
13279	12522	364.209	885.379	361.725	-99999	1.102	-0.642767	1	1	1	1	1	-115.513	-224.187	130.062	-92.4856	53.6501	315.612	-115.366	-161.903	-225.009	130.391	15.0922	-93.6201	53.287	186.213	316.991	9.13946	12	0	89.4809	1.1546	-7.99478	192.927	1.1546	-7.99478	192.927	
13279	14562	100.74	256.577	99.1866	-99999	-7.667	-0.942656	1	1	1	0	0	-351.218	-324.297	132.854	40.7403	-599.767	-576.182	-351.585	-336.844	-324.242	134.17	88.1767	40.5931	-600.035	-585.865	-576.173	4.59558	9	0	74.4559	-3.26764	-20.7889	-421.989	-3.26764	-20.7889	-421.989	
13279	252	287.41	715.794	284.476	-17.3712	-19.219	-0.889908	1	1	1	1	1	-221.971	-95.1669	131.465	-114.733	-613.778	-673.963	-222.347	-165.505	-94.3946	132.635	4.128	-116.147	-613.306	-642.737	-674.032	6.26846	6	0	87.074	-19.1952	-39.1766	-656.709	-19.1952	-39.1766	-656.709	
13279	55756	173.15	484.044	172.141	-99999	100.098	-0.863066	1	1	1	1	1	-299.003	-232.698	132.941	-14.1752	708.764	765.545	-299.47	-265.159	-232.74	133.69	59.2525	-14.2518	708.512	736.098	765.637	5.61321	14	0	113.299	100.131	6.229	731.747	100.131	6.229	731.747	
13279	12909	216.545	538.347	216.287	60.785	59.302	-0.561976	1	1	1	1	1	-275.691	-156.156	132.812	17.7552	-602.151	-738.686	-275.804	-220.646	-156.156	132.955	76.3533	17.7552	-601.973	-675.883	-738.686	5.49832	11	0	89.749	59.3313	17.3888	-687.603	59.3313	17.3888	-687.603	
13279	16426	340.46	898.758	340.454	-99999	-37.041	-0.892084	1	1	1	1	1	-226.042	-306.039	132.526	-152.343	-208.138	-45.4582	-226	-262.85	-305.997	132.526	-16.3217	-152.343	-208.138	-134.517	-45.4582	28.263	10	0	113.885	-37.0066	-36.3237	-115.895	-37.0066	-36.3237	-115.895	
13279	16922	319.9	735.616	309.214	65.6441	64.237	-0.779851	1	1	1	1	1	-292.92	-81.8782	133.133	-89.7083	667.809	656.463	-293.546	-188.119	-74.3641	133.937	13.7522	-95.2361	667.844	670.353	653.957	6.76818	7	0	66.3575	64.2575	-48.4845	652.035	64.2575	-48.4845	652.035	
13279	17985	145.414	346.643	143.667	-99999	12.42	-0.819269	1	1	1	1	0	-265.261	-312.105	132.39	7.80571	-465.987	-414.91	-265.135	-286.129	-312.571	132.767	71.5979	6.62625	-466.214	-433.231	-414.678	4.65983	10	0	79.5501	12.4413	13.4843	-415.816	12.4413	13.4843	-415.816	
13279	18081	79.2471	217.986	74.5773	-99999	80.088	-0.885027	1	0	0	0	0	-117.573	-87.2832	132.897	64.8292	-846.613	-844.275	-92.7902	-76.3174	-60.9098	133.449	97.4615	61.008	-846.655	-844.916	-844.459	4.14231	9	0	87.8018	80.1084	43.2082	-834.783	80.1084	43.2082	-834.783	
13279	18455	137.466	352.997	136.321	-99999	88.163	-0.715043	1	1	1	0	0	-129.339	-236.071	133.19	50.6521	-689.645	-690.489	-101.604	-151.108	-209.185	133.321	85.8887	50.0416	-689.659	-685.92	-690.65	5.0505	8	0	80.1436	88.192	27.6892	-681.076	88.192	27.6892	-681.076	
13279	22535	514.61	2223.88	513.735	57.6399	57.532	-0.598747	1	1	1	1	1	-95.3686	-259.77	133.287	-156.895	-23.043	-413.275	-95.3208	-176.922	-259.955	133.39	-13.6757	-157.14	-22.9132	-217.61	-413.85	4.94034	6	0	90.1436	57.5748	-34.5777	-278.766	57.5748	-34.5777	-278.766	
13279	20734	306.204	3452.48	305.288	94.7754	92.159	-0.892463	1	1	1	1	1	-235.067	-183.551	132.768	-130.158	837.665	693.267	-235.155	-213.536	-183.551	133.57	2.94401	-130.158	838.049	761.274	693.267	22.0636	9	0	106.726	92.2015	-21.8678	729.144	92.2015	-21.8678	729.144	
13279	19661	304.142	754.205	303.14	75.0422	72.439	-0.935172	1	1	1	1	1	-148.848	-267.506	133.037	-140.835	-329.869	-373.161	-148.802	-203.613	-267.773	133.17	-7.39645	-141.643	-329.853	-348.2	-373.202	8.77617	7	0	86.9627	72.4698	-30.8412	-358.274	72.4698	-30.8412	-358.274	
13279	4641	61.0408	167.965	58.2307	-99999	77.109	-0.91476	0	0	0	0	0	-345.196	-330.042	111.955	58.7436	-890.967	-873.645	-345.621	-338.675	-329.779	113.715	85.8858	57.9372	-891.666	-881.265	-873.559	6.40359	10	0	77.3942	85.0103	-16.218	-770.698	85.0103	-16.218	-770.698	
13279	20964	170.443	494.6	158.132	21.9163	22.574	-0.553558	1	1	1	1	1	-120.985	-258.519	133.759	57.2529	-35.734	-20.6813	-120.866	-194.746	-270.068	133.843	92.1921	53.5759	-35.7519	-27.5911	-19.881	4.71741	18	0	149.441	22.6164	11.8945	-17.4286	22.6164	11.8945	-17.4286	
13279	19610	89.9795	264.709	89.5589	-99999	-4.341	-0.842263	0	0	0	0	0	-291.232	-240.696	133.339	62.4157	688.025	707.766	-291.426	-265.235	-240.692	133.693	98.4086	62.4157	687.925	697.108	707.766	6.38585	9	0	86.339	22.8384	-17.1265	29.7362	22.8384	-17.1265	29.7362	
13279	18654	78.4706	220.09	75.1904	-99999	11.312	-0.959067	1	1	0	0	0	-135.138	-151.053	127.158	54.1145	553.176	555.958	-130.988	-139.414	-147.51	130.304	92.3171	54.1145	552.492	557.266	555.958	4.88744	14	0	84.5417	11.3126	32.0711	561.623	11.3126	32.0711	561.623	
13279	20096	266.423	731.711	265.888	-99999	74.69	-0.900453	1	1	1	1	1	-188.391	-84.6955	133.398	-111.343	-707.154	-700.975	-165.099	-113.145	-61.2001	133.593	10.9876	-111.639	-707.153	-703.799	-700.979	5.26849	8	0	52.8174	74.7102	-36.149	-713.525	74.7102	-36.149	-713.525	
13279	20743	386.695	1305.27	362.446	27.2216	24.09	-0.83668	1	1	1	1	1	-220.332	-106.156	132.589	-161.335	-241.282	-419.786	-220.332	-157.261	-98.8537	132.589	-23.79	-181.923	-241.282	-335.852	-429.965	4.80695	10	0	74.4944	24.1209	-48.9086	-357.501	24.1209	-48.9086	-357.501	
13279	3335	294.995	631.81	293.971	-99999	-40.897	-0.851771	1	1	1	1	1	-273.235	-333.617	133.75	-109.111	169.116	320.77	-273.189	-307.438	-333.583	133.75	9.62806	-109.913	169.116	240.886	321.394	4.60257	8	0	39.4571	-40.8821	-35.8889	269.952	-40.8821	-35.8889	269.952	
13279	18709	62.8401	161.097	62.8389	-99999	68.267	-0.712474	1	1	1	1	1	-184.777	-221.825	132.802	91.6163	54.8268	25.2199	-174.049	-192.287	-211.098	132.802	111.84	91.6163	54.8268	40.1907	25.2199	4.48409	11	0	51.8857	68.3027	-27.0796	-42.8276	68.3027	-27.0796	-42.8276	
13279	23022	20.2651	327.012	20.239	-99999	87.975	-0.859648	1	1	1	1	1	-219.972	-229.159	129.573	112.544	-144.786	-148.069	-220.073	-223.773	-229.26	129.573	120.856	112.544	-144.786	-148.285	-148.069	26.1927	12	0	319.013	88.0005	-27.7368	-198.747	88.0005	-27.7368	-198.747	
13279	23742	400.091	1041.52	399.297	-17.5373	-20.347	-0.725499	1	1	1	1	1	-333.028	-150.742	133.836	-147.936	686.039	472.271	-333.028	-239.091	-150.573	133.836	-8.62473	-148.464	686.039	581.893	471.72	4.97556	18	0	89.8974	-20.3219	-18.2418	578.975	-20.3219	-18.2418	578.975	
13279	18117	209.848	535.807	208.703	41.3348	39.187	-0.970631	1	1	1	1	1	-193.741	-243.95	132.809	-69.2355	616.114	615.166	-193.741	-221.322	-244.249	132.809	31.7744	-70.3302	616.114	612.29	615.108	7.70226	6	0	83.1288	39.2213	-16.3662	613.54	39.2213	-16.3662	613.54	
13279	20786	66.4039	178.04	63.9077	-99999	21.243	-0.575661	0	0	0	0	0	-144.849	-138.902	111.625	84.0035	-891.659	-835.045	-138.207	-135.474	-132.01	111.699	93.7977	83.7165	-891.762	-863.975	-832.715	7.45563	13	0	72.9023	21.2558	40.8201	-801.947	21.2558	40.8201	-801.947	
13279	18966	183.216	446.748	179.477	-99999	93.961	-0.465832	1	1	1	1	1	-159.71	-92.4348	130.977	24.456	-482.529	-354.84	-130.762	-96.5891	-62.0364	131.544	77.8589	23.3059	-483.546	-417.748	-352.875	4.03475	7	0	70.2561	93.995	23.0512	-374.893	93.995	23.0512	-374.893	
13279	18752	210.351	542.715	209.68	-99999	9.189	-0.959471	1	1	1	1	1	-242.426	-289.056	132.737	-67.8798	678.532	712.892	-242.423	-262.359	-289.249	132.781	31.3005	-68.4712	678.526	697.096	712.931	7.21517	9	0	81.4094	9.22275	-21.5685	702.977	36.0128	27.9917	668.587	
13279	21752	354.419	1086.88	352.06	-99999	103.844	-0.932439	0	0	0	0	0	-98.4962	-226.487	132.434	-158.368	-721.422	-872.231	-81.6969	-146.084	-210.375	133.791	-12.7205	-159.23	-721.344	-796.78	-872.423	4.24719	7	0	53.5508	-999999	-999999	-999999	-999999	-999999	-999999	
13279	8157	258.181	669.914	256.579	-99999	-20.38	-0.980923	1	1	1	1	1	-149.751	-186.888	132.045	-119.865	-540.418	-514.15	-155.837	-179.946	-193.27	133.597	7.58115	-119.865	-540.512	-527.123	-514.15	4.86028	6	0	96.3352	-20.3509	-14.9375	-529.811	-20.3509	-14.9375	-529.811	
13279	11517	334.919	836.045	333.017	75.7037	73.491	-0.951529	1	1	1	1	1	-190.638	-321.131	133.641	-162.617	363.776	293.487	-190.638	-246.782	-321.949	133.641	-18.152	-164.323	363.776	321.248	293.391	5.98142	7	0	82.4222	73.516	-40.2646	321.306	73.516	-40.2646	321.306	
13279	90249	177.607	517.646	177.016	-99999	81.361	-0.462135	0	0	0	0	0	-197.401	-332.396	132.608	51.5579	163.835	244.675	-210.186	-277.679	-345.634	132.608	92.0398	51.2837	163.835	204.87	244.937	4.24574	10	0	46.2896	67.8695	66.0778	761.797	67.8695	66.0778	761.797	
13279	23461	367.233	1517.81	365.386	42.4139	35.348	-0.816282	1	1	1	1	1	-100.282	-263.525	132.592	-145.363	-94.315	71.8739	-99.4806	-188.42	-263.525	134.09	-10.1787	-145.363	-95.008	-24.5956	71.8739	14.3114	13	0	97.2389	35.374	-17.3107	41.5777	35.374	-17.3107	41.5777	
13279	23795	239.193	626.993	238.335	135.859	25.366	-0.937149	1	1	1	1	1	-246.101	-182.518	132.069	-93.4787	261.148	232.009	-246.291	-215.278	-182.523	132.786	20.4111	-93.5645	261.322	234.891	232.015	6.30919	8	0	95.589	18.9751	-31.784	-91.6076	-19.5349	-22.9863	290.7	
13279	23446	241.607	657.01	241.184	110.784	108.369	-0.974894	0	0	0	0	0	-224.171	-195.892	132.9	-101.62	146.279	190.019	-224.171	-206.489	-195.918	132.9	15.5458	-101.963	146.279	167.56	190.08	5.81642	6	0	85.5015	83.9523	-67.5649	-768.706	33.1123	-128.786	-621.092	
13279	18165	45.3204	287.086	45.0824	-99999	101.809	-0.602601	0	0	0	0	0	-167.647	-139.198	131.812	107.908	-226.878	-251.438	-135.766	-122.703	-107.173	131.812	117.247	107.842	-226.878	-238.243	-251.593	4.86934	12	0	222.099	-46.2533	-81.8635	814.596	-46.2533	-81.8635	814.596	
13279	23805	83.5039	211.305	77.619	-99999	52.821	-0.437167	1	1	0	0	0	-99.2415	-78.8058	130.072	98.0493	371.512	439.158	-82.7022	-71.8611	-61.0739	130.074	112.151	96.641	371.508	407.624	444.727	4.44598	8	0	72.7699	52.8678	61.2136	434.421	52.8678	61.2136	434.421	
13279	23368	114.282	291.213	112.274	-99999	-6.907	-0.921192	0	0	0	0	0	-248.588	-276.86	128.593	34.0538	-420.308	-369.021	-248.473	-256.611	-276.971	130.078	79.7656	33.7992	-420.926	-395.626	-368.922	6.96671	11	0	89.9336	-9.04865	14.4087	797.859	85.5414	-50.5276	655.027	
13279	18835	218.899	546.971	217.512	-99999	77.425	-0.594117	1	1	1	1	1	-167.668	-85.1113	132.822	-3.88349	-292.614	-144.965	-143.901	-101.965	-60.7327	133.426	65.204	-4.09534	-293.291	-218.706	-144.708	4.07902	7	0	58.3214	77.4678	10.0992	-188.753	77.4678	10.0992	-188.753	
13279	22794	105.475	2806.65	97.1633	39.7734	36.184	-0.923001	1	1	1	1	1	-305.324	-250.044	25.8744	-45.7622	887.59	876.728	-299.679	-270.347	-238.469	25.8744	-13.2863	-48.5711	887.59	880.828	876.853	31.5429	29	0	665.913	36.1959	-20.9779	804.589	36.1959	-20.9779	804.589	
13279	6962	150.297	395.828	149.144	-99999	-19.788	-0.555843	1	1	1	1	0	-213.033	-246.348	125.391	40.7986	310.851	428.586	-209.924	-228.331	-243.555	125.391	80.676	40.2204	310.851	368.322	429.529	7.40154	13	0	91.2139	-19.7564	9.90749	382.425	-19.7564	9.90749	382.425	
13279	1829	131.323	373.797	130.401	70.2477	67.022	-0.909201	1	1	1	1	1	-234.348	-196.114	132.513	14.2805	482.616	444.068	-234.569	-216.294	-196.101	133.296	74.4335	14.2256	482.897	460.299	444.054	8.79379	9	0	83.9508	67.0593	7.48133	454.463	67.0593	7.48133	454.463	
13279	21826	171.822	394.279	170.915	-99999	46.156	-0.869422	1	1	1	1	0	-160.108	-75.7665	131.844	-16.1356	-244.031	-229.966	-145.987	-103.947	-61.2	132.435	57.8864	-16.3307	-244.086	-236.639	-229.955	8.3445	7	0	52.3585	46.1674	-10.8919	-228.57	46.1674	-10.8919	-228.57	
13279	18777	126.508	343.421	126.455	-99999	102.498	-0.973951	0	0	0	0	0	-224.753	-234.2	132.442	9.90202	209.748	195.392	-192.657	-206.469	-202.103	132.442	71.0395	9.90202	209.748	204.11	195.392	6.82806	8	0	83.0989	-999999	-999999	-999999	-999999	-999999	-999999	
13279	23939	264.358	635.512	264.353	-99999	-6.82	-0.435166	1	1	1	1	1	-335.307	-282.504	127.412	-20.2332	-759.245	-549.726	-335.299	-321.602	-282.496	127.412	48.3158	-20.2332	-759.245	-654.455	-549.726	5.82951	11	0	82.431	-6.79729	12.09	-629.557	-6.79729	12.09	-629.557	
13279	4538	246.747	912.32	244.369	-99999	40.666	-0.456204	1	1	1	1	1	-172.517	-217.376	133.419	34.9672	-92.4768	-311.536	-165.96	-188.657	-211.152	134.144	83.9642	34.6306	-91.0837	-201.436	-312.24	4.4929	14	0	101.568	40.727	-24.5352	-425.739	-4.29305	-55.8627	-356.422	
13279	5858	203.962	2847.04	202.99	118.31	114.975	-0.662194	0	0	0	0	0	-238.364	-102.634	133.357	8.21386	128.396	45.5013	-238.364	-168.276	-102.071	133.357	69.8541	7.5715	128.396	90.5358	45.0509	5.95013	10	0	76.2588	-999999	-999999	-999999	-999999	-999999	-999999	
13279	20536	105.014	279.003	104.156	-99999	-1.734	-0.91919	1	0	0	0	0	-297.34	-331.96	133.563	40.587	830.788	861.367	-297.313	-313.146	-332.104	133.634	86.25	39.8782	830.77	846.821	861.651	5.0936	13	0	85.4387	-1.70863	23.4924	808.173	-1.70863	23.4924	808.173	
13279	23296	343.957	838.34	343.88	-99999	60.146	-0.83678	1	1	1	1	1	-96.6768	-87.5456	133.958	-163.654	-253.697	-417.096	-77.8424	-72.7047	-68.7112	133.958	-18.8766	-163.654	-253.697	-330.981	-417.096	5.64716	13	0	64.2918	60.1665	-35.9785	-333.128	60.1665	-35.9785	-333.128	
13279	23340	225.77	576.521	224.492	-99999	74.762	-0.937891	1	1	1	1	1	-216.388	-277.074	132.271	-80.3365	362.698	393.655	-216.367	-249.554	-277.467	132.588	25.6706	-81.1635	362.655	376.908	393.972	6.0642	12	0	79.0712	74.7885	-22.4498	380.252	74.7885	-22.4498	380.252	
13279	18903	154.089	334.722	151.953	-99999	-23.032	-0.974157	1	1	1	1	1	-166.889	-144.693	129.758	-18.6164	745.535	764.01	-174.231	-161.972	-151.393	130.36	54.6309	-19.885	745.467	752.18	763.949	4.02224	6	0	34.498	-22.9992	2.83993	743.284	-22.9992	2.83993	743.284	
13279	914	342.108	929.202	342.105	-99999	88.721	-0.569081	1	1	1	1	1	-146.483	-224.796	130.284	-69.1861	586.532	319.975	-132.541	-173.977	-210.854	130.284	30.1843	-69.1861	586.532	454.206	319.975	4.87608	15	0	106.335	88.7698	-21.2897	380.576	88.7698	-21.2897	380.576	
13279	1034	277.297	806.339	275.674	84.5479	87.502	-0.79468	1	1	1	1	1	-283.128	-104.465	133.26	-69.6453	-723.588	-678.066	-284.018	-200.173	-104.465	134.541	28.4776	-69.6453	-723.97	-693.768	-678.066	21.9785	6	0	117.73	87.5151	-24.8301	-689.886	87.5151	-24.8301	-689.886	
13279	18360	71.3695	243.584	70.0919	-34.4143	-37.832	-0.918188	1	0	0	0	0	-222.697	-201.776	131.957	66.6055	-322.521	-323.335	-223.143	-209.644	-201.776	133.119	100.337	66.6055	-322.745	-319.253	-323.335	8.59668	31	0	120.269	-37.796	16.465	-335.667	-37.796	16.465	-335.667	
13279	19808	363.33	3966.34	357.213	-37.7818	-40.488	-0.862695	1	1	1	1	1	-234.791	-197.252	129.153	-170.953	-316.14	-502.878	-235.096	-216.726	-196.946	132.926	-22.7535	-171.864	-313.959	-405.723	-504.311	6.92101	20	0	103.609	-40.4534	-27.3826	-410.594	-40.4534	-27.3826	-410.594	
13279	3348	408.558	970.172	408.041	-46.174	-47.628	-0.73658	1	1	1	1	1	-155.44	-268.864	132.845	-157.777	-635.754	-373.822	-155.401	-213.693	-268.978	132.996	-12.8876	-157.956	-635.886	-505.423	-373.614	4.29745	14	0	65.6017	-47.599	-26.2663	-488.903	-47.599	-26.2663	-488.903	
13279	2337	111.31	307.81	104.444	-99999	-4.733	-0.957685	1	1	1	0	0	-313.303	-321.144	134.092	37.3482	306.523	343.325	-313.298	-318.389	-322.212	134.092	81.4256	31.1174	306.523	323.623	345.683	4.72519	30	0	120.232	-0.845189	-74.9959	-643.74	26.8948	-33.431	168.067	
13279	21382	426.689	2176.75	425.72	-99999	-4.066	-0.607195	1	1	1	1	1	-168.17	-216.722	130.576	-128.761	-706.745	-375.52	-168.177	-179.186	-216.722	131.161	4.23687	-128.761	-707.499	-536.617	-375.52	6.6047	16	0	1256.17	-4.02614	-16.6709	-521.408	-4.02614	-16.6709	-521.408	
13279	20611	327.896	769.76	327.89	52.3759	50.086	-0.87099	1	1	1	1	1	-104.56	-258.528	133.531	-147.546	-179.624	-117.802	-104.56	-184.462	-258.528	133.531	-8.00579	-147.546	-179.624	-158.661	-117.802	5.42866	10	0	79.434	50.1266	-15.0494	-161.471	50.1266	-15.0494	-161.471	
13279	4169	214.246	573.921	212.961	-23.1054	-24.946	-0.873946	1	1	1	1	1	-182.192	-266.071	132.883	-50.1641	-859.712	-795.369	-182.14	-218.081	-266.771	133.037	38.367	-50.9411	-859.773	-825.018	-795.02	7.74197	9	0	85.7025	-24.9143	-4.52298	-731.209	-24.9143	-4.52298	-731.209	
13279	24891	355.793	869.225	353.791	129.402	-41.223	-0.884594	1	1	1	1	1	-222.713	-74.9485	132.132	-168.4	23.7752	-87.2621	-223.348	-153.96	-74.9485	133.89	-19.3056	-168.4	24.4467	-33.1003	-87.2621	5.73834	13	0	71.2364	-41.1812	-39.5959	61.767	-41.1812	-39.5959	61.767	
13279	24201	91.7953	244.333	89.6855	-99999	111.943	-0.992483	0	0	0	0	0	-199.406	-192.125	130.776	41.6127	808.708	810.751	-217.115	-212.339	-209.535	131.75	86.1322	40.5228	808.729	807.54	810.924	4.26199	11	0	46.1759	-999999	-999999	-999999	-999999	-999999	-999999	
13279	46810	175.706	468.684	173.369	-99999	3.679	-0.966299	1	1	1	1	1	-239.257	-176.755	131.994	-29.2976	-641.842	-638.382	-239.431	-209.916	-175.84	132.695	50.0739	-30.6084	-641.888	-638.239	-638.327	5.88333	12	0	101.352	3.70248	-0.581966	-634.636	3.70248	-0.581966	-634.636	
13279	25108	59.9226	161.959	59.2648	-99999	48.851	-0.686844	1	1	1	0	0	-248.447	-284.553	94.5966	53.9578	-894.942	-871.534	-248.488	-266.866	-284.943	94.6145	74.4357	53.4399	-894.952	-882.599	-871.402	4.86367	10	0	64.3907	48.8795	-15.2978	-818.023	48.8795	-15.2978	-818.023	
13279	28228	205.162	560.209	199.11	104.367	102.652	-0.840537	0	0	0	0	0	-182.958	-226.786	133.043	-17.5305	309.697	431.37	-182.958	-203.439	-228.157	133.043	52.4044	-21.7883	309.697	369.481	435.431	5.09219	17	0	93.307	51.529	50.8949	-325.562	-9.10105	67.0663	225.693	
13279	26294	264.276	712.295	263.254	286.316	33.136	-0.584642	1	1	1	0	0	-166.44	-332.443	133.06	3.99643	352.833	197.147	-166.44	-242.455	-332.904	133.06	62.9058	3.51888	352.833	271.156	196.383	4.62877	6	0	102.485	33.1717	-74.0625	724.866	57.9217	40.1914	249.242	
13279	25662	291.574	2963.16	289.894	68.6766	66.186	-0.761335	1	1	1	1	1	-305.071	-149.697	132.92	-78.3033	-280.731	-402.711	-305.507	-231.447	-149.196	133.616	25.0178	-78.7879	-280.334	-343.277	-403.021	7.21954	10	0	79.7978	66.2207	-10.3872	-348.381	66.2207	-10.3872	-348.381	
13279	27822	288.599	706.657	287.345	-99999	-24.664	-0.967785	1	1	1	1	1	-257.348	-296.743	133.217	-150.132	-714.867	-697.58	-257.272	-281.532	-296.704	133.381	-8.6796	-151.202	-714.882	-710.818	-697.493	4.76632	9	0	83.4456	-24.6471	-25.1257	-693.076	7.74295	-18.59	-712.337	
13279	26522	306.415	959.4	305.299	-99999	113.836	-0.641983	0	0	0	0	0	-237.446	-245.77	133.053	-56.6133	-364.474	-132.434	-201.802	-192.061	-210.121	133.068	37.179	-56.8285	-364.491	-246.483	-132.04	8.43128	8	0	98.3444	-6.10979	-38.655	229.682	-6.10979	-38.655	229.682	
13279	28802	415.611	681.991	414.58	-99999	-8.952	-0.406851	0	0	0	0	0	-254.442	-258.462	132.753	-58.2056	-335.025	-14.6826	-254.432	-255.557	-258.5	132.753	53.0864	-58.3238	-335.025	-172.738	-14.4612	12.5221	15	0	122.982	14.9679	-67.9915	-658.062	-46.2421	-37.5966	-504.441	
13279	24792	202.875	518.016	201.917	-99999	-4.573	-0.920317	1	1	1	1	1	-156.333	-191.198	133.006	-54.154	-189.9	-125.465	-157.736	-172.228	-192.752	133.281	40.8601	-54.7887	-190.006	-150.942	-125.344	4.43362	7	0	93.4394	-5.58753	-29.1222	135.595	-5.58753	-29.1222	135.595	
13279	27841	321.75	977.282	308.377	-99999	61.802	-0.972927	1	1	1	1	1	-295.081	-344.824	132.69	-168.746	718.096	677.81	-295.043	-321.349	-346.518	133.198	-24.1505	-181.363	718.156	697.536	678.004	4.09556	7	0	58.6924	61.8366	-45.9172	694.025	61.8366	-45.9172	694.025	
13279	27841	172.739	440.618	171.527	-99999	90.843	-0.976303	1	1	1	0	0	-92.9293	-108.372	133.971	-34.1355	-49.5074	-20.0317	-64.3639	-70.718	-79.9497	134.947	50.2654	-34.3303	-49.6947	-34.0819	-20.011	8.6499	6	0	87.0172	90.8666	5.55635	-24.2072	90.8666	5.55635	-24.2072	
13279	4509	175.356	477.847	175.352	91.4023	89.509	-0.963458	1	1	1	1	1	-207.527	-261.184	130.711	-24.0664	428.834	480.222	-207.527	-227.209	-261.184	130.711	46.8817	-24.0664	428.834	444.394	480.222	5.27252	10	0	81.7751	89.508	-10.8682	459.984	89.508	-10.8682	459.984	
13279	28856	354.269	813.464	353.932	-99999	17.162	-0.781959	1	1	1	1	1	-255.606	-283.241	133.476	-137.643	-132.479	87.259	-255.626	-266.814	-283.335	133.476	-12.6817	-137.779	-132.479	-33.2939	87.5455	6.25354	13	0	75.4468	17.2032	-25.8137	-19.7698	17.2032	-25.8137	-19.7698	
13279	28326	157.701	408.348	157.55	44.9209	42.363	-0.448103	1	1	1	0	0	-153.846	-242.975	132.715	70.1981	479.083	367.627	-153.78	-192.698	-242.975	132.78	97.7968	70.1981	479.197	420.282	367.627	5.06071	8	0	78.827	42.4101	23.5364	404.878	42.4101	23.5364	404.878	
13279	24112	72.6943	216.219	71.8891	-99999	46.313	-0.98951	1	0	0	0	0	-136.153	-149.423	132.171	62.398	-766.251	-775.43	-121.53	-128.398	-134.92	132.96	97.4929	62.398	-766.295	-769.052	-775.43	5.17623	10	0	81.5244	44.2197	24.4361	-574.188	44.2197	24.4361	-574.188	
13279	25105	322.646	4294.15	321.898	-26.5503	-29.819	-0.848722	1	1	1	1	1	-254.559	-133.807	132.605	-107.968	-191.095	-362.662	-254.79	-200.515	-133.807	133.238	2.74387	-107.968	-190.78	-268.241	-362.662	41.2764	15	0	172.14	-29.7743	-30.4561	-297.643	-29.7743	-30.4561	-297.643	
13279	25105	335.997	851.281	334.883	18.2989	14.802	-0.744502	1	1	1	1	1	-146.006	-332.539	130.056	-127.592	818.041	722.221	-145.913	-234.137	-332.993	130.188	0.729609	-128.383	818.115	757.77	722.082	5.42406	6	0	73.3905	14.8357	-35.1369	739.534	14.8357	-35.1369	739.534	
13279	44748	75.9451	816.91	72.6181	-99999	107.723	-0.975556	0	0	0	0	0	-178.237	-177.243	129.033	59.1418	35.7724	47.4201	-144.662	-139.911	-143.21	130.194	93.2007	58.2844	35.5521	41.2543	47.4997	6.27868	8	0	107.249	-999999	-999999	-999999	-999999	-999999	-999999	
13279	46428	109.695	327.002	108.457	-99999	17.759	-0.941806	1	0	0	0	0	-237.698	-229.664	132.686	32.8673	-862.979	-822.266	-237.763	-230.654	-229.814	133.158	82.4486	32.1992	-863.134	-843.55	-822.023	11.8271	12	0	135.486	17.7863	20.6192	-789.345	17.7863	20.6192	-789.345	
13279	27069	739.897	1672.79	738.763	-99999	3.752	-0.419429	1	1	1	1	1	-256.11	-308.981	133.181	-170.622	-522.576	131.608	-255.919	-290.277	-309.011	133.422	-22.9079	-170.707	-523.049	-189.845	131.797	26.1364	9	0	104.107	3.79423	-29.8627	-173.545	3.79423	-29.8627	-173.545	
13279	10252	365.715	7.75383e+07	362.458	-99999	13.432	-0.594287	1	1	1	1	1	-135.186	-123.88	134.195	-157.085	-83.8684	94.6168	-130.98	-122.207	-119.6	134.195	-12.1609	-157.17	-83.8684	3.74081	94.8012	8.12889	25	0	2164.88	13.456	-30.5375	11.9823	13.456	-30.5375	11.9823	
13279	11692	161.346	409.184	160.994	-99999	41.096	-0.995912	1	1	1	1	1	-169.371	-177.225	133.661	-25.9732	262.03	273.958	-156.512	-159.142	-164.369	133.836	53.6288	-26.124	262.016	269.098	273.922	4.04819	11	0	86.0978	41.122	-5.04776	263.23	41.122	-5.04776	263.23	
13279	27308	339.885	836.677	338.844	105.738	106.041	-0.906335	0	0	0	0	0	-129.301	-302.553	133.261	-154.424	166.353	135.305	-129.286	-208.941	-303.101	133.295	-14.9271	-155.219	166.358	143.979	135.552	4.18252	11	0	82.8133	-49.0736	-76.533	-672.102	-49.0736	-76.533	-672.102	
13279	2396	99.5276	314.951	98.0611	-99999	80.059	-0.552041	1	1	1	1	1	-206.264	-128.963	130.513	72.2757	50.6147	65.7545	-181.58	-142.305	-103.078	130.759	101.243	71.7087	50.5484	58.4133	65.7728	4.16629	18	0	110.13	80.2654	27.693	74.6031	80.2654	27.693	74.6031	
13279	26994	256.77	698.087	256.769	-99999	51.532	-0.683583	1	1	1	1	1	-225.002	-77.3831	133.065	-33.5666	419.001	291.089	-208.865	-135.401	-61.2462	133.065	49.5005	-33.5666	419.001	354.971	291.089	4.56984	11	0	65.1492	51.5618	-17.2698	308.811	51.5618	-17.2698	308.811	
13279	28549	192.147	914.813	190.419	-99999	64.787	-0.981251	1	1	1	1	1	-282.576	-254.179	133.738	-45.9574	223.954	246.734	-282.65	-265.773	-254.133	133.738	39.253	-47.3724	223.954	227.286	247.586	33.3429	14	0	478.004	64.8187	-15.4079	229.841	64.8187	-15.4079	229.841	
13279	5705	359.278	955.117	357.656	-15.1482	-14.477	-0.561251	1	1	1	1	1	-86.8775	-284.828	133.528	-78.9896	-245.051	-41.6021	-86.5267	-181.562	-285.16	133.965	35.1054	-79.5482	-245.595	-129.69	-41.1267	4.64696	15	0	87.5612	-19.5726	-30.145	-253.909	-19.5726	-30.145	-253.909	
13279	43921	124.379	301.46	123.859	-99999	31.799	-0.721892	1	1	0	0	0	-264.437	-346.261	133.674	43.8949	97.5453	121.159	-264.358	-305.18	-346.559	133.798	88.4667	43.6836	97.5167	109.522	121.23	4.54297	7	0	67.7869	31.8293	30.6766	120.354	31.8293	30.6766	120.354	
13279	26910	158.129	439.805	154.508	-99999	20.325	-0.831389	1	1	1	1	1	-358.015	-311.473	8.39421	-121.718	-880.237	-811.779	-358.056	-332.979	-311.542	8.44183	-57.3129	-124.482	-880.263	-844.329	-809.995	8.7518	7	0	31.3615	20.3471	-33.6708	-829.328	20.3471	-33.6708	-829.328	
13279	25839	268.267	646.941	266.944	91.1993	88.56	-0.582079	1	1	1	1	1	-117.798	-242.987	131.194	-36.8642	690.436	854.456	-117.514	-174.505	-243.316	131.549	45.4882	-37.3199	690.007	775.575	854.861	7.73156	11	0	80.7257	88.587	5.75385	755.738	88.587	5.75385	755.738	
13279	43906	101.442	288.352	101.217	-99999	104.727	-0.832466	0	0	0	0	0	-295.077	-247.886	134.355	55.2799	-162.147	-122.357	-295.287	-269.224	-248.005	134.543	94.9842	55.2799	-162.225	-144.413	-122.357	5.99082	16	0	90.5049	45.1974	38.8325	-218.163	45.1974	38.8325	-218.163	
13279	28780	319.008	797.385	319.003	37.5055	34.949	-0.643495	1	1	1	1	1	-238.733	-168.361	132.884	-48.9724	-288.902	-38.2607	-238.733	-213.214	-168.361	132.884	35.8992	-48.9724	-288.902	-164.999	-38.2607	9.78298	6	0	79.3703	35.0021	-12.0167	-131.66	35.0021	-12.0167	-131.66	
13279	29140	115.139	325.334	113.449	-99999	-3.664	-0.573123	1	1	1	0	0	-220.284	-244.658	133.132	57.759	-563.661	-483.44	-220.204	-232.804	-245.258	133.229	98.1506	56.6286	-563.787	-520.019	-482.741	5.33305	13	0	81.9269	-3.62665	22.3194	-501.9	-3.62665	22.3194	-501.9	
13279	28365	108.776	284.339	108.449	-99999	6.538	-0.86793	1	1	1	0	0	-263.826	-313.408	132.913	40.4163	53.987	79.0348	-263.82	-285.565	-313.58	132.942	84.812	40.1855	53.9813	66.7142	79.1028	4.58723	9	0	67.483	6.55701	26.2649	72.6675	6.55701	26.2649	72.6675	
13279	28077	307.814	737.599	307.393	-99999	18.251	-0.955589	0	0	0	0	0	-259.791	-342.025	132.695	-158.772	717.641	758.616	-259.721	-298.457	-342.075	133.007	-14.8664	-158.844	717.583	734.146	758.655	5.15623	15	0	85.7255	96.9309	43.9375	253.287	96.9309	43.9375	253.287	
13279	47901	310.637	853.451	310.362	-99999	-9.39	-0.937687	1	1	1	1	1	-237.409	-282.352	133.318	-168.091	588.603	633.799	-237.319	-263.883	-282.341	133.564	-15.2342	-168.091	588.544	623.963	633.799	5.38131	9	0	92.4052	-9.35472	-34.9913	623.994	-9.35472	-34.9913	623.994	
13279	27799	202.391	595.938	201.542	-99999	50.451	-0.945567	1	1	1	1	0	-312.999	-258.886	132.395	-53.964	752.985	802.483	-313.269	-286.055	-258.939	133.157	37.3468	-54.0032	752.843	770.175	802.49	8.79625	12	0	105.184	50.4789	5.72297	766.812	50.4789	5.72297	766.812	
13279	24244	145.563	374.086	145.188	-99999	42.484	-0.928855	1	1	1	1	0	-358.596	-313.733	119.795	-10.267	179.161	221.7	-358.645	-340.421	-313.552	119.795	52.719	-10.5055	179.161	200.427	221.865	15.4131	16	0	98.9482	42.5028	30.4005	204.864	42.5028	30.4005	204.864	
13279	7516	314.599	762.606	312.396	17.1271	14.884	-0.888116	1	1	1	1	1	-259.856	-142.434	132.468	-154.17	-415.498	-438.052	-260.39	-193.406	-142.305	133.544	-7.85652	-155.142	-415.368	-429.74	-438.002	7.71855	7	0	84.1012	14.9087	-30.5612	-423.838	14.9087	-30.5612	-423.838	
13279	46391	314.283	739.306	302.913	-99999	30.544	-0.963778	1	1	1	1	1	-118.516	-199.356	132.57	-156.941	-626.862	-656.153	-108.875	-153.891	-193.545	132.861	-17.1058	-166.904	-626.847	-638.726	-653.338	11.4248	7	0	105.14	30.5695	-9.70366	-633.12	30.5695	-9.70366	-633.12	
13279	24803	551.604	1422.57	551.5	-727.515	5.091	-0.617665	1	1	1	1	1	-288.523	-122.676	133.853	-149.123	-370.653	72.4629	-288.535	-206.114	-122.676	133.908	-8.71578	-149.123	-370.718	-149.697	72.4629	5.77993	9	0	108.635	5.12106	-50.3307	-433.493	5.12106	-50.3307	-433.493	
13279	28043	63.4663	224.896	57.1308	-99999	-0.425	-0.916785	1	1	1	1	1	-268.673	-262.57	132.288	82.1502	675.893	649.923	-268.672	-266.45	-262.089	132.288	104.579	77.79	675.893	660.684	646.105	5.30461	10	0	195.513	-0.400224	-22.7501	608.919	-0.400224	-22.7501	608.919	
13279	8756	341.868	797.5	323.532	-99999	-26.855	-0.94181	1	1	1	1	1	-87.6562	-89.731	132.683	-170.06	-806.499	-718.852	-96.2815	-92.656	-98.1477	133.891	-23.4469	-170.287	-806.882	-760.155	-718.85	4.5383	11	0	72.6451	-26.8365	-25.2466	-757.573	-26.8365	-25.2466	-757.573	
13279	29245	340.983	940.648	339.62	-99999	112.157	-0.809766	0	0	0	0	0	-96.7046	-228.068	133.308	-134.468	-387.442	-549.69	-78.8651	-144.658	-210.654	133.803	-1.61824	-135.028	-387.155	-467.086	-550.141	4.4847	16	0	73.7474	8.99978	-19.3565	677.973	-17.4002	-13.5385	-772.177	
13279	27541	71.7718	201.806	70.9311	-99999	-25.965	-0.954285	1	0	0	0	0	-195.227	-181.225	129.742	61.6661	534.122	545.803	-203.522	-193.925	-189.41	130.279	96.0991	61.417	534.092	538.621	545.853	5.73894	6	0	82.575	-25.9324	18.3883	538.972	-25.9324	18.3883	538.972	
13279	79036	123.079	304.386	121.314	-99999	5.811	-0.927584	1	1	1	1	1	-275.625	-296.072	131.845	16.3989	-515.326	-485.927	-275.45	-284.461	-296.393	132.583	74.2905	15.4961	-515.56	-498.247	-485.781	4.94041	11	0	74.8231	4.8971	41.1555	-534.312	4.8971	41.1555	-534.312	
13279	42341	107.096	368.894	98.6045	-99999	-15.52	-0.863385	1	1	1	1	1	-236.874	-287.571	132.777	48.5951	648.83	640.813	-236.626	-264.184	-291.403	133.177	87.5047	41.557	648.884	644.236	640.601	7.53528	8	0	71.5116	-15.4958	-19.6585	592.622	67.3942	-27.7851	660.852	
13279	24131	62.1891	301.933	61.676	-112.018	-16.916	-0.743214	0	0	0	0	0	-218.837	-184.446	132.601	89.1237	-855.433	-881.975	-218.861	-202.5	-184.106	132.634	109.66	88.8925	-855.417	-868.476	-882.196	5.81627	9	0	81.5844	57.6817	-44.1376	176.869	57.6817	-44.1376	176.869	
13279	25271	107.479	291.261	104.568	-99999	7.157	-0.901366	1	1	1	1	1	-300.235	-323.43	133.2	37.695	606.738	642.265	-300.161	-311.884	-324.137	133.493	84.5851	35.2616	606.623	625.547	642.776	4.78714	6	0	99.7886	7.17462	-21.3882	668.002	7.17462	-21.3882	668.002	
13279	29231	315.309	1145.37	314.722	-99999	37.081	-0.97754	1	1	1	1	1	-133.786	-197.467	133.38	-167.7	247.229	309.602	-122.156	-154.327	-185.871	133.542	-17.8629	-167.726	247.204	277.032	309.589	12.2536	6	0	73.6524	37.0938	-35.6413	282.298	37.0938	-35.6413	282.298	
13279	47391	491.475	1243.39	491.459	-13.5671	-19.777	-0.274183	1	1	1	1	1	-302.242	-171.117	133.397	-6.02206	313.792	-137.269	-302.242	-229.895	-171.117	133.397	73.3405	-6.02206	313.792	86.8833	-137.269	6.56638	9	0	76.3005	-19.7333	9.57525	61.3339	-19.7333	9.57525	61.3339	
13279	24804	185.065	362.778	182.954	-99999	59.161	-0.828678	1	1	1	1	1	-185.789	-93.9297	128.379	-23.5961	554.044	597.972	-168.176	-121.708	-75.2751	129.874	53.1121	-23.8674	553.61	576.199	598.022	8.34998	10	0	92.6491	59.1965	-13.7746	591.107	59.1965	-13.7746	591.107	
13279	28122	333.747	652.269	328.483	-99999	-39.317	-0.910257	1	1	1	1	1	-169.927	-148.46	131.053	-168.699	-705.187	-577.001	-182.441	-178.386	-160.307	133.269	-15.4666	-171.35	-706.174	-631.161	-576.775	6.31657	11	0	75.847	-47.2755	-26.6721	-332.191	-47.2755	-26.6721	-332.191	
13279	29202	280.333	906.416	279.213	-99999	69.355	-0.631542	1	1	1	1	1	-296.242	-229.874	132.683	-40.9689	635.164	840.928	-296.503	-253.779	-229.903	133.052	43.0183	-41.2092	634.752	733.196	841.398	7.02312	18	0	84.7737	69.3987	2.41779	729.134	69.3987	2.41779	729.134	
13279	1136	31.4875	67.0142	29.5932	-99999	88.261	-0.780929	0	0	0	0	0	-108.041	-89.0656	134.582	112.011	-499.139	-501.578	-80.4026	-70.4728	-60.1651	134.582	122.43	110.611	-499.139	-500.384	-501.761	15.7763	7	0	48.3391	88.2816	47.046	-514.259	88.2816	47.046	-514.259	
13279	26577	276.322	782.301	275.497	-48.0543	-48.123	-0.827073	1	1	1	1	1	-242.673	-146.407	132.851	-82.4289	-457.68	-593.826	-242.743	-187.227	-146.434	133.015	21.4215	-82.9869	-457.594	-516.781	-594.053	7.99317	6	0	79.3916	-48.0996	-22.6873	-538.671	-48.0996	-22.6873	-538.671	
13279	33855	134.772	334.541	130.205	-99999	-41.386	-0.97153	1	1	1	1	0	-282.222	-250.265	131.827	6.01453	-233.991	-233.695	-282.334	-265.356	-250.117	132.488	67.2998	2.36919	-234.017	-233.79	-232.399	4.81038	18	0	77.6931	-41.3613	11.5889	-231.697	-41.3613	11.5889	-231.697	
13279	35655	220.955	596.251	219.929	-99999	108.444	-0.898819	0	0	0	0	0	-127.085	-227.858	133.23	-57.7844	-778.436	-819.928	-109.65	-159.994	-210.817	134.156	37.979	-57.7844	-778.246	-798.698	-819.928	6.27435	9	0	63.4145	0.959481	-41.6201	-824.994	0.959481	-41.6201	-824.994	
13279	35010	105.546	353.871	105.543	-99999	95.786	-0.773684	1	1	0	0	0	-241.374	-239.4	132.144	40.6043	-409.726	-359.153	-241.483	-246.674	-239.509	132.144	86.2984	40.6043	-409.726	-384.529	-359.153	5.86266	14	0	109.632	95.805	75.5732	-774.209	95.805	75.5732	-774.209	
13279	35619	152.995	387.853	151.49	-30.4173	-31.674	-0.894706	1	1	1	1	1	-248.808	-199.722	131.189	-9.35585	460.891	435.194	-248.959	-226.388	-199.271	131.637	60.2704	-10.2254	461.066	446.556	435.018	5.76913	10	0	74.5675	-31.6453	4.06931	436.514	-31.6453	4.06931	436.514	
13279	33148	172.061	412.836	171.721	-99999	80.916	-0.941126	1	1	1	0	0	-100.904	-109.94	133.017	-37.2029	-70.7994	-61.768	-75.5654	-77.9688	-84.6896	133.017	48.0672	-37.476	-70.7994	-63.2762	-61.8023	6.56127	7	0	93.4033	80.9335	-9.61872	-60.9962	80.9335	-9.61872	-60.9962	
13279	6329	208.234	498.62	206.748	-99999	81.868	-0.958881	1	1	1	1	1	-105.96	-182.493	132.671	-56.9006	-52.0679	-35.9002	-80.0185	-109.276	-157.01	133.862	34.6751	-57.0805	-52.2527	-41.005	-35.8667	10.6597	9	0	81.4185	81.8945	-0.166379	-36.684	81.8945	-0.166379	-36.684	
13279	30334	202.697	499.996	202.362	-99999	90.579	-0.938098	1	1	1	1	1	-158.552	-89.6873	130.286	-59.5957	305.326	314.887	-130.298	-94.1643	-61.3231	130.599	36.2313	-59.5957	305.294	312.721	314.887	4.94666	9	0	49.9398	90.6078	-54.0086	321.815	90.6078	-54.0086	321.815	
13279	51236	112.546	290.621	111.864	-99999	27.516	-0.8948	1	1	1	1	0	-343.853	-292.159	133.436	36.339	-303.148	-287.995	-344.18	-318.58	-292.19	134.048	84.156	36.339	-303.145	-300.209	-287.995	6.78049	13	0	81.2635	19.9434	-21.5349	7.17251	19.9434	-21.5349	7.17251	
13279	53036	91.9932	293.517	91.6256	80.0995	75.522	-0.637937	1	1	1	1	1	-203.919	-270.465	131.194	68.4952	229.795	235.257	-203.624	-237.309	-270.465	131.402	100.238	68.4952	229.762	232.505	235.257	6.3629	9	0	76.2305	75.5063	2.86324	244.296	75.5063	2.86324	244.296	
13279	35241	160.314	1299.89	159.295	-99999	-5.125	-0.651535	1	1	1	1	1	-156.404	-244.251	124.976	9.95212	526.736	590.555	-156.138	-204.839	-244.463	125.284	72.3041	9.50732	526.5	561.567	590.782	5.40893	12	0	84.0459	-5.08265	11.7079	572.071	-5.08265	11.7079	572.071	
13279	1905	24.5592	67.567	24.1148	-99999	112.499	-0.782066	0	0	0	0	0	-299.177	-313.332	133.91	115.004	876.497	881.366	-299.306	-306.527	-313.727	133.91	124.294	114.659	876.497	878.984	881.454	4.3463	9	0	60.0826	57.8215	-31.8365	-720.915	-17.2385	-21.6354	368.102	
13279	4905	400.933	924.372	394.75	-35.7312	-39.116	-0.784612	1	1	1	1	1	-106.721	-269.621	129.067	-171.427	633.831	825.176	-104.779	-178.301	-269.902	133.432	-19.3234	-171.92	630.949	737.536	825.343	6.48227	10	0	94.2198	-39.0809	-17.3496	709.22	-39.0809	-17.3496	709.22	
13279	7971	317.173	868.965	313.374	-99999	83.759	-0.686333	1	1	1	1	1	-235.223	-89.8961	125.119	-86.3011	318.942	139.524	-208.995	-140.481	-61.5261	125.119	17.725	-88.7074	318.942	224.524	137.514	6.21894	12	0	55.1292	83.798	-32.0492	187.498	83.798	-32.0492	187.498	
13279	31970	310.072	818.269	310.068	-99999	103.042	-0.977814	0	0	0	0	0	-160.649	-240.834	133.49	-165.923	500.906	501.202	-128.382	-169.572	-208.567	133.49	-15.9216	-165.923	500.906	503.552	501.202	6.09563	8	0	62.9684	-999999	-999999	-999999	-999999	-999999	-999999	
13279	31615	189.492	488.5	187.277	88.9211	88.31	-0.595196	1	1	1	1	1	-285.738	-182.753	132.897	28.7203	-566.074	-681.917	-285.887	-236.754	-182.037	133.077	75.7643	27.535	-565.887	-623.063	-683.233	6.31967	12	0	85.8678	88.329	23.6211	-629.392	88.329	23.6211	-629.392	
13279	10864	203.703	11532.4	198.222	-99999	108.946	-0.918027	0	0	0	0	0	-212.384	-291.418	132.052	-46.2876	675.912	690.568	-212.509	-253.644	-293.067	132.052	39.0328	-49.2378	675.912	681.27	692.12	82.216	44	0	781.776	65.0936	-31.58	769.005	65.0936	-31.58	769.005	
13279	35827	279.935	635.32	278.611	59.7725	56.613	-0.745277	1	1	1	1	1	-176.912	-267.519	132.035	-57.6766	-642.925	-466.919	-176.744	-222.826	-267.485	132.476	31.3321	-58.0043	-643.278	-558.264	-466.389	8.03366	15	0	73.6838	56.6412	-15.5786	-528.467	56.6412	-15.5786	-528.467	
13279	1490	298.911	693.926	298.557	-99999	86.055	-0.727305	1	1	1	1	1	-314.7	-248.779	133.369	-58.6183	-819.342	-603.763	-314.879	-277.78	-248.878	133.624	26.9242	-58.6183	-819.566	-721.887	-603.763	8.25821	13	0	79.8777	86.076	3.02905	-694.519	86.076	3.02905	-694.519	
13279	48656	193.858	425.372	193.789	-99999	-25.403	-0.969967	1	1	1	1	0	-336.221	-296.147	133.899	-46.7347	-761.394	-706.853	-336.192	-315.73	-296.111	133.899	42.256	-46.7732	-761.394	-737.522	-706.838	5.16891	11	0	70.1646	-23.075	-42.2539	531.747	-23.075	-42.2539	531.747	
13279	49496	129.247	1702.32	120.334	-99999	-15.986	-0.324862	1	1	1	1	1	-102.083	-185.895	128.316	92.2375	-213.379	-134.956	-106.7	-151.708	-196.541	128.501	109.111	89.469	-213.746	-171.639	-129.464	223.723	7	0	1421.2	-16	5.9051	0.580772	-16	5.9051	0.580772	
13279	35101	267.408	636.039	265.726	-39.736	-41.7	-0.633876	1	1	1	1	1	-195.602	-236.47	129.669	-70.9728	407.817	240.368	-195.585	-209.593	-236.651	130.217	26.0928	-71.4163	408.495	326.176	239.732	5.36743	6	0	81.8224	-41.6651	-18.9754	300.797	-41.6651	-18.9754	300.797	
13279	32589	274.247	694.815	274.194	-99999	11.121	-0.671441	0	0	0	0	0	-224.9	-245.379	133.092	-65.1691	187.742	365.558	-224.912	-244.932	-245.391	133.092	31.6847	-65.1691	187.742	277.559	365.558	7.39535	13	0	206.302	25.8754	-40.759	-24.4894	65.9554	-12.1044	303.161	
13279	33398	187.89	542.337	186.803	-99999	87.358	-0.964849	1	1	1	1	1	-170.369	-158.068	129.621	-51.0297	125.451	83.406	-143.167	-137.745	-130.732	130.521	39.2771	-51.1553	125.651	104.439	83.3656	6.40753	10	0	137.976	90.6433	-36.0071	-298.235	90.6433	-36.0071	-298.235	
13279	30510	64.465	170.982	62.8705	-99999	50.007	-0.674978	1	1	1	1	1	-246.941	-202.061	133.021	92.4933	524.222	541.378	-254.913	-231.995	-209.019	133.144	112.346	91.466	524.165	533.15	541.756	6.74434	8	0	55.5959	50.031	-11.5794	579.67	50.031	-11.5794	579.67	
13279	33622	52.0473	165.194	51.2112	-99999	86.463	-0.613965	0	0	0	0	0	-184.82	-175.008	112.514	81.2575	-890.834	-851.56	-157.804	-153.609	-147.75	112.741	96.5925	81.059	-891.126	-871.161	-851.205	4.87003	6	0	64.5108	86.4862	35.6366	-807.737	86.4862	35.6366	-807.737	
13279	32031	357.999	972.334	354.847	-99999	114.366	-0.958524	0	0	0	0	0	-210.678	-226.339	132.61	-169.94	-540.365	-467.939	-174.867	-182.413	-190.738	132.91	-17.8133	-170.83	-540.453	-476.291	-467.748	8.75035	6	0	104.638	-999999	-999999	-999999	-999999	-999999	-999999	
13279	30484	250.353	587.788	249.549	-99999	113.263	-0.935547	0	0	0	0	0	-157.598	-97.0395	112.366	-122.355	-891.197	-833.538	-122.184	-89.0073	-61.4557	112.576	-3.32582	-122.914	-891.253	-857.62	-833.452	4.63526	6	0	57.5719	89.8584	19.2617	-359.167	89.8584	19.2617	-359.167	
13279	33095	323.891	3002.3	307.549	-99999	25.183	-0.964906	1	1	1	1	1	-118.977	-82.378	133.26	-169.289	758.838	718.178	-111.257	-91.838	-75.0927	134.055	-25.2007	-181.76	758.987	737.08	726.893	9.0015	6	0	421.978	25.193	-50.2445	725.171	25.193	-50.2445	725.171	
13279	7602	371.294	881.618	369.9	-28.8577	-31.838	-0.767114	1	1	1	1	1	-309.244	-109.599	133.072	-151.393	-370.124	-492.801	-309.981	-207.401	-109.599	134.135	-9.57231	-151.393	-369.641	-426.575	-492.801	4.35658	11	0	71.5891	-37.8317	7.57137	-90.0479	-37.8317	7.57137	-90.0479	
13279	8922	205.604	626.132	205.561	-99999	86.371	-0.829137	1	1	1	1	1	-217.197	-283.18	132.401	-43.2678	291.286	373.848	-217.296	-250.348	-283.278	132.401	44.1886	-43.2678	291.286	331.829	373.848	5.76162	14	0	51.2285	86.3844	-43.1505	375.502	86.3844	-43.1505	375.502	
13279	31699	555.669	1630.26	497.532	62.9117	59.661	-0.644196	1	1	1	1	1	-345.412	-147.178	133.427	-149.16	-153.287	-511.379	-345.95	-234.979	-125.727	134.464	-22.7748	-182.041	-152.212	-352.556	-552.016	202.296	9	0	407.324	59.7034	-27.4795	-384.029	59.7034	-27.4795	-384.029	
13279	35299	253.306	657.012	253.303	-99999	17.712	-0.901591	1	1	1	1	1	-220.998	-328.482	133.956	-95.0842	98.1245	105.429	-221.019	-274.069	-328.502	133.956	19.0368	-95.0842	98.1245	101.77	105.429	8.91505	7	0	89.8262	27.2364	-51.1564	581.502	27.2364	-51.1564	581.502	
13279	49627	52.3155	187.369	50.2038	-99999	100.283	-0.87944	0	0	0	0	0	-212.076	-227.999	132.724	88.3437	93.2973	109.865	-212.109	-219.268	-228.61	133.01	110.062	86.6499	93.1682	103.462	110.121	4.96584	11	0	98.7172	100.311	22.2557	107.04	100.311	22.2557	107.04	
13279	32971	213.479	548.768	212.217	33.1678	30.775	-0.952241	1	1	1	1	1	-228.187	-159.337	131.955	-68.1516	-734.574	-726.291	-228.385	-194.593	-159.244	132.587	31.5179	-68.7365	-734.579	-729.528	-726.235	6.0405	6	0	82.3574	30.7959	-14.3964	-721.27	30.7959	-14.3964	-721.27	
13279	31162	46.5979	114.806	45.441	-99999	102.721	-0.959082	0	0	0	0	0	-103.436	-93.2487	132.857	88.7772	-72.1439	-67.9368	-71.528	-66.1479	-61.0167	133.689	111.129	88.5031	-72.2	-70.0374	-67.9127	5.03185	7	0	60.9248	96.3633	-12.6346	-700.458	40.4234	-60.4283	273.042	
13279	33185	149.736	377.888	148.798	-99999	-14.032	-0.942116	1	1	1	1	1	-294.463	-316.347	133.309	-11.6505	533.987	546.155	-294.439	-310.132	-316.213	133.332	61.1514	-12.4906	533.983	545.703	546.178	8.29597	9	0	96.2353	-14.0152	6.43027	558.953	-14.0152	6.43027	558.953	
13279	31983	315.199	705.864	312.878	-99999	58.152	-0.986393	1	1	1	1	1	-330.769	-342.325	133.495	-170.823	-594.753	-527.67	-330.835	-328.338	-342.841	133.495	-20.7327	-173.012	-594.753	-563.666	-527.211	5.62236	10	0	109.319	58.1718	-16.9531	-564.962	58.1718	-16.9531	-564.962	
13279	50493	124.488	319.094	124.017	-99999	104.772	-0.809389	0	0	0	0	0	-101.427	-146.397	130.28	22.5214	213.295	253.605	-68.4259	-90.4676	-113.589	130.655	77.6525	22.5214	213.097	236.963	253.605	5.67906	6	0	79.8215	87.9967	1.52135	-43.9437	87.9967	1.52135	-43.9437	
13279	25	409.773	1070.93	408.438	61.2047	46.678	-0.672729	0	0	0	0	0	-320.101	-175.512	133.267	-153.251	-239.862	-488.444	-320.412	-257.864	-175.512	134.159	-4.23417	-153.251	-238.944	-376.319	-488.444	7.02641	13	0	81.955	54.8384	-19.5372	-21.2909	54.8384	-19.5372	-21.2909	
13279	35088	266.585	1853.81	260.511	92.8841	91.25	-0.668856	1	1	1	1	1	-183.802	-276.067	126.937	-83.1451	735.998	857.517	-182.118	-222.619	-276.381	130.828	21.004	-83.5633	732.551	795.785	857.779	6.01866	12	0	78.6265	91.2838	-14.5473	774.394	91.2838	-14.5473	774.394	
13279	31152	68.0674	188.913	66.7932	-99999	34.557	-0.93209	1	1	0	0	0	-321.503	-339.663	133.701	69.7234	-326.308	-324.226	-321.509	-331.578	-339.916	133.789	101.444	68.5852	-326.319	-323.403	-324.435	7.67538	6	0	79.134	34.5749	41.3037	-329.387	34.5749	41.3037	-329.387	
13279	30446	320.432	951.504	320.377	-99999	20.366	-0.962957	1	1	1	1	1	-219.566	-215.423	128.39	-162.794	616.384	746.666	-219.589	-215.917	-215.445	128.39	-18.6669	-162.808	616.384	677.192	746.672	4.84678	14	0	49.8099	20.391	-26.8023	672.505	20.391	-26.8023	672.505	
13279	30953	350.164	1898.33	340.267	86.3159	85.654	-0.866839	1	1	1	1	1	-165.975	-324.396	131.727	-167.024	579.603	615.167	-165.975	-246.815	-328.607	131.727	-22.2758	-175.826	579.603	598.02	613.967	57.7941	8	0	879.386	85.6635	-55.8972	599.892	85.6635	-55.8972	599.892	
13279	32929	211.878	543.33	211.109	-99999	112.86	-0.767914	0	0	0	0	0	-271.621	-248.097	132.926	-21.617	-484.859	-344.773	-271.75	-266.426	-248.1	132.926	52.6122	-22.2484	-484.859	-416.402	-344.396	9.39253	13	0	83.996	45.2518	-114.31	227.435	45.2518	-114.31	227.435	
13279	65489	199.342	522.966	198.468	-99999	-9.553	-0.922106	1	1	1	1	1	-266.766	-309.393	132.948	-55.8674	456.189	491.71	-266.579	-292.723	-309.351	133.427	39.8208	-56.1906	456.071	478.023	491.726	5.87948	9	0	66.0593	-9.53797	-17.1515	480.463	-9.53797	-17.1515	480.463	
13279	50323	29.2419	119.631	19.1752	-99999	109.991	-0.697906	0	0	0	0	0	-245.707	-243.227	129.999	114.528	523.699	513.444	-245.833	-242.354	-249.628	129.999	118.731	108.518	523.699	515.113	509.514	47.3029	10	0	119.631	-999999	-999999	-999999	-999999	-999999	-999999	
13279	30632	335.227	895.862	334.316	-99999	114.394	-0.89403	0	0	0	0	0	-239.5	-97.2512	132.563	-169.637	69.0769	83.1587	-203.789	-133.185	-61.126	132.789	-19.0327	-170.22	69.0688	76.6428	83.1752	7.74342	7	0	60.8515	-999999	-999999	-999999	-999999	-999999	-999999	
13279	4561	197.225	545.069	195.177	-99999	-47.657	-0.981873	1	1	1	1	1	-243.289	-226.937	131.257	-61.1841	225.645	230.152	-243.323	-228.598	-227.332	131.739	34.486	-62.6296	225.598	231.611	230.378	7.28777	10	0	94.9095	-47.6352	-6.14186	232.921	-47.6352	-6.14186	232.921	
13279	5881	95.1901	252.047	94.3978	-99999	14.965	-0.897055	0	0	0	0	0	-358.713	-322.914	134.932	49.5194	-186.181	-168.56	-358.73	-341.034	-322.794	134.932	91.6158	48.7667	-186.181	-177.547	-168.371	5.8571	15	0	88.4674	7.03857	59.3153	-163.301	7.03857	59.3153	-163.301	
13279	9406	355.716	3819.62	354.216	40.4226	38.022	-0.816152	1	1	1	1	1	-124.555	-262.02	133.615	-140.986	-809.492	-637.307	-124.555	-200.201	-262.244	133.615	-5.23777	-142.001	-809.492	-728.31	-636.271	8.18754	12	0	68.1678	38.0445	-21.1881	-702.691	17.2945	-15.2934	-749.195	
13279	39334	138.998	382.738	138.402	-99999	77.588	-0.972448	1	1	1	1	0	-176.044	-194.265	132.197	-3.02451	-315.078	-316.576	-151.725	-162.919	-169.967	132.438	64.7269	-3.30736	-315.025	-324.631	-316.578	16.2521	7	0	109.432	77.6061	23.8364	-243.275	77.6061	23.8364	-243.275	
13279	41615	321.43	859.658	309.36	-99999	43.104	-0.982327	1	1	1	1	1	-288.474	-296.209	134.157	-169.477	280.881	222.343	-288.524	-291.769	-298.286	134.157	-23.5927	-181.06	280.881	250.418	219.752	8.32898	9	0	139.088	43.1259	-33.6778	247.626	43.1259	-33.6778	247.626	
13279	38706	126.872	333.262	125.315	-99999	39.865	-0.608349	1	1	1	1	0	-180.699	-142.239	132.603	60.0375	-144.712	-50.4101	-168.349	-149.829	-129.598	132.882	94.0362	59.4205	-145.05	-98.4787	-49.5187	5.73321	9	0	87.3747	39.905	25.2626	-77.3252	39.905	25.2626	-77.3252	
13279	41239	75.0839	218.528	73.5949	47.2295	45.768	-0.747734	0	0	0	0	0	-214.971	-182.841	132.411	86.9014	268.947	315.969	-215.205	-197.564	-182.467	132.874	107.179	86.5187	268.626	289.496	316.658	4.50814	8	0	78.8791	45.7912	24.2487	306.189	45.7912	24.2487	306.189	
13279	50631	330.676	799.279	326.152	-45.1008	-46.682	-0.920425	1	1	1	1	1	-169.279	-289.397	134.168	-162.454	-197.004	-138.675	-169.279	-235.543	-291.394	134.168	-15.431	-166.495	-197.004	-173.49	-138.463	5.32724	6	0	73.9382	-46.649	-36.8566	-169.852	-46.649	-36.8566	-169.852	
13279	41600	83.2913	241.583	82.2548	-99999	60.645	-0.967892	1	1	1	1	1	-313.408	-299.925	130.906	50.5944	-374.552	-368.805	-313.507	-307.325	-299.953	131.098	90.3963	49.7842	-374.596	-368.724	-368.988	6.78803	7	0	75.4744	60.6752	-62.1517	470.936	-3.54482	-96.9318	-814.4	
13279	37713	39.4858	177.35	39.4016	-99999	51.476	-0.344134	0	0	0	0	0	-322.728	-310.798	132.846	116.662	824.221	857.394	-322.787	-315.548	-310.855	132.846	125.028	116.63	824.221	840.768	857.413	4.41194	34	0	127.228	-999999	-999999	-999999	-999999	-999999	-999999	
13279	37125	258.696	441.7	224.014	-99999	107.04	-0.908395	0	0	0	0	0	-117.361	-145.611	129.075	-70.7269	449.663	542.94	-83.7383	-110.232	-113.599	129.429	12.4646	-101.009	449.541	497.395	558.077	7.92855	10	0	111.05	22.6075	-24.3054	-555.796	22.6075	-24.3054	-555.796	
13279	41326	211.239	479.407	207.583	-99999	111.714	-0.925056	0	0	0	0	0	-263.445	-236.01	132.896	-55.4087	227.556	308.528	-263.662	-244.281	-236.52	133.676	38.3196	-57.3181	227.259	268.075	310.504	11.7899	14	0	56.1955	56.4647	49.8494	798.32	56.4647	49.8494	798.32	
13279	6881	80.3876	226.767	79.6163	-99999	-28.858	-0.953694	1	0	0	0	0	-249.888	-273.9	132.143	57.2365	196.08	206.273	-249.661	-261.607	-273.87	132.735	94.6932	57.2289	196.041	200.432	206.275	6.54963	11	0	76.6519	-28.827	31.7306	207.78	-28.827	31.7306	207.78	
13279	40987	197.741	506.753	196.821	-99999	77.083	-0.978942	1	1	1	1	1	-277.117	-229.192	131.833	-56.0348	-730.694	-698.994	-277.378	-253.321	-229.28	132.73	37.7982	-56.0348	-730.773	-718.473	-698.994	4.24263	11	0	85.5523	79.3189	9.32547	668.283	60.4689	-23.9674	-669.466	
13279	39220	169.736	428.223	168.967	-36.8206	-38.907	-0.939632	1	1	1	1	1	-181.434	-222.55	132.498	-29.0896	-812.089	-808.957	-181.38	-212.558	-222.549	132.654	53.8131	-29.5183	-812.083	-813.864	-808.925	5.66071	9	0	88.6602	-38.8777	-3.60597	-616.346	-38.8777	-3.60597	-616.346	
13279	36014	319.714	897.093	318.214	-99999	-10.348	-0.905947	1	1	1	1	1	-158.326	-220.714	128.912	-159.432	284.149	393.205	-158.133	-178.23	-220.725	130.192	-12.5944	-159.501	283.587	352.384	393.206	105.804	9	0	168.932	-19.1258	-4.05751	-62.2852	-19.1258	-4.05751	-62.2852	
13279	41489	275.761	670.541	275.759	-99999	99.79	-0.950633	1	1	1	1	1	-165.191	-92.6641	133.923	-131.558	-697.495	-680.606	-133.943	-98.1702	-61.4155	133.923	1.11037	-131.558	-697.495	-688.098	-680.606	14.18	9	0	62.5895	99.7962	-35.6462	-689.565	99.7962	-35.6462	-689.565	
13279	40971	84.105	228.538	83.5133	-99999	95.328	-0.88856	1	0	0	0	0	-276.21	-241.714	132.512	66.531	744.837	779.334	-276.526	-260.09	-241.823	133.034	96.7834	66.531	744.673	758.151	779.334	5.10801	12	0	66.6894	95.362	27.8088	756.55	95.362	27.8088	756.55	
13279	38305	31.5564	72.8755	30.3328	-99999	111.791	-0.38613	0	0	0	0	0	-106.89	-96.2558	130.316	118.218	789.53	815.231	-71.9545	-66.4469	-60.8579	130.393	124.166	117.794	789.359	802.77	816.076	4.7278	10	0	51.9078	41.1853	-36.2831	723.695	41.1853	-36.2831	723.695	
13279	39985	90.0923	251.903	90.0882	-99999	25.606	-0.851293	1	1	0	0	0	-300.937	-259.759	133.453	58.6089	-74.1436	-47.0684	-300.967	-279.274	-259.789	133.453	95.6065	58.6089	-74.1436	-63.0157	-47.0684	6.26175	16	0	86.4537	25.6319	29.6392	-44.5716	25.6319	29.6392	-44.5716	
13279	41141	144.079	331.339	142.637	-99999	43.37	-0.844423	1	1	1	0	0	-151.87	-75.0727	130.24	10.51	451.471	462.011	-138.395	-99.7389	-60.8252	130.409	69.8749	9.4645	451.455	457.014	462.065	4.03003	8	0	56.2849	43.3932	13.2026	455.149	43.3932	13.2026	455.149	
13279	1290	91.3192	221.752	90.5056	-99999	30.741	-0.850477	1	1	1	1	1	-165.799	-215.294	132.742	57.4109	-225.509	-233.623	-160.891	-185.854	-210.812	132.87	94.8566	56.851	-225.496	-229.547	-233.692	4.48757	7	0	43.6171	30.7756	-38.6255	-241.714	30.7756	-38.6255	-241.714	
13279	39363	264.646	672.807	263.37	-99999	79.998	-0.987823	1	1	1	1	1	-303.875	-288.088	132.041	-128.848	-190.228	-169.124	-304.124	-286.663	-288.18	133.293	2.61741	-128.848	-190.347	-179.711	-169.124	6.62368	8	0	82.8915	80.0325	-19.8683	-179.452	80.0325	-19.8683	-179.452	
13279	38764	189.061	509.633	189.06	-99999	114.506	-0.732715	0	0	0	0	0	-238.533	-346.901	133.547	-4.53572	-850.158	-779.968	-238.664	-292.391	-347.032	133.547	64.4381	-4.53572	-850.158	-814.491	-779.968	4.19132	10	0	58.5005	-999999	-999999	-999999	-999999	-999999	-999999	
13279	40911	297.998	747.45	297.059	-99999	104.325	-0.993558	0	0	0	0	0	-202.251	-173.38	132.77	-161.18	-243.76	-226.831	-169.583	-157.714	-140.302	132.77	-15.462	-161.988	-243.76	-235.905	-226.777	10.2258	7	0	92.5493	98.2909	-74.7037	-796.833	98.2909	-74.7037	-796.833	
13279	40346	172.926	432.073	170.873	-99999	-34.986	-0.699749	1	1	1	1	1	-281.666	-318.891	132.211	7.03625	566.618	675.516	-281.541	-298.194	-319.179	132.499	70.9036	5.62598	566.332	624.59	676.277	5.43936	14	0	83.1969	-34.9471	20.7563	649.715	-34.9471	20.7563	649.715	
13279	37849	327.342	811.708	327.338	-99999	96.305	-0.590804	1	1	1	1	1	-358.092	-237.18	19.349	-167.4	168.613	406.08	-358.202	-284.256	-237.29	19.349	-72.8024	-167.4	168.613	281.687	406.08	5.8621	16	0	101.415	96.3122	-28.8011	245.923	96.3122	-28.8011	245.923	
13279	37393	397.517	1009.09	397.262	-99999	83.201	-0.638461	1	1	1	1	1	-224.93	-299.816	132.681	-121.509	189.706	483.974	-224.967	-268.534	-299.911	132.791	7.65743	-121.509	189.579	337.461	483.974	8.37419	9	0	63.8334	83.2388	-27.1722	373.772	83.2388	-27.1722	373.772	
13279	958	107.761	302.024	106.495	53.6774	52.067	-0.889646	1	1	1	1	0	-226.354	-182.778	132.295	37.0882	374.442	387.306	-226.67	-203.159	-182.672	132.981	85.7095	36.6123	374.304	384.816	387.228	6.77304	8	0	84.8581	52.0994	10.0498	384.68	52.0994	10.0498	384.68	
13279	4558	167.347	419.454	165.637	-34.0125	-36.358	-0.905913	1	1	1	1	1	-187.841	-226.071	130.707	-14.3133	449.212	518.384	-187.841	-205.403	-226.615	130.707	55.1761	-15.6522	449.212	480.552	519.289	7.47617	10	0	82.8813	-36.3342	-5.82516	492.549	-36.3342	-5.82516	492.549	
13279	5638	290.109	698.674	286.093	-20.5396	-21.647	-0.629669	1	1	1	1	1	-150.301	-234.797	134.326	-26.8595	-883.899	-664.616	-150.293	-187.225	-236.212	134.447	52.8849	-29.048	-884.05	-770.082	-661.836	8.28376	10	0	92.8338	-21.63	2.12802	-715.137	-21.63	2.12802	-715.137	
13279	4956	205.161	584.495	204.621	-99999	54.055	-0.948768	1	1	1	1	1	-273.435	-303.557	133.342	-61.1698	27.1858	79.048	-273.456	-295.005	-303.604	133.487	36.0587	-61.5329	27.156	50.5715	79.1022	4.65389	9	0	102.252	54.0813	-5.35059	55.1569	54.0813	-5.35059	55.1569	
13279	40031	349.004	823.241	348.695	42.8266	-11.488	-0.904293	0	0	0	0	0	-124.451	-306.893	133.264	-161.491	603.04	603.002	-124.451	-204.329	-307.072	133.264	-21.7769	-161.737	603.04	600.78	603.019	8.05923	6	0	85.0905	40.5416	-33.0623	597.663	40.5416	-33.0623	597.663	
13279	40252	64.7589	895.826	63.7866	-99999	-9.679	-0.481433	0	0	0	0	0	-149.873	-188.166	131.431	86.2525	-841.343	-824.972	-151.131	-173.253	-190.028	131.555	111.379	85.7948	-841.458	-829.565	-825.033	17.6501	17	0	151.822	-16.0014	-12.7133	416.189	-16.0014	-12.7133	416.189	
13279	11219	60.1788	140.461	56.6745	-99999	63.633	-0.873394	1	0	0	0	0	-109.188	-81.2921	127.415	78.3001	576.579	581.161	-90.831	-76.1868	-61.2475	130.265	104.111	78.0924	576.305	578.924	581.174	5.25739	8	0	52.0284	63.6628	74.3895	573.665	63.6628	74.3895	573.665	
13279	11699	68.9568	183.524	68.421	-99999	43.347	-0.937602	1	1	1	1	1	-201.191	-217.317	132.659	69.4643	229.851	209.227	-194.379	-202.841	-210.629	132.659	100.747	68.9719	229.851	219.931	209.057	5.34162	13	0	56.5152	43.3713	-25.425	184.791	43.3713	-25.425	184.791	
13279	46969	363.944	852.82	362.556	28.7471	24.837	-0.868303	1	1	1	1	1	-262.294	-90.2943	132.356	-164.578	59.1227	-54.9251	-262.508	-179.682	-89.8397	132.876	-19.6214	-165.128	59.3232	5.18272	-55.2349	6.02866	11	0	84.5949	24.8773	-46.4374	-6.82126	24.8773	-46.4374	-6.82126	
13279	38172	296.743	744.854	295.974	63.2466	64.257	-0.76165	1	1	1	1	1	-249.324	-157.913	133.458	-81.8614	-421.367	-602.008	-249.372	-205.022	-157.705	133.635	24.72	-82.2207	-421.229	-511.422	-602.334	5.53072	15	0	83.0457	64.2871	-17.0488	-532.387	64.2871	-17.0488	-532.387	
13279	40092	75.0606	215.105	74.5134	-99999	-32.428	-0.823136	0	0	0	0	0	-229.664	-276.143	133.116	78.3344	-79.4875	-61.2982	-229.333	-251.744	-276.106	133.567	104.34	78.3344	-79.5744	-72.683	-61.2982	4.18794	12	0	72.6896	79.0421	-18.007	-204.196	79.0421	-18.007	-204.196	
13279	39719	350.593	1233	349.201	-99999	1.012	-0.654586	1	1	1	1	1	-78.8214	-306.322	129.796	-111.986	679.647	782.729	-78.3499	-195.961	-306.588	130.25	12.1716	-112.614	679.424	733.653	782.608	19.3884	7	0	138.264	1.05578	-24.313	720.578	1.05578	-24.313	720.578	
13279	46214	180.919	466.6	180.912	-99999	-15.755	-0.852549	1	1	1	1	0	-356.008	-301.491	25.758	-133.159	93.0268	155.154	-355.99	-322.047	-301.473	25.758	-52.7772	-133.159	93.0268	122.211	155.154	5.58998	18	0	105.802	-15.7378	-7.31285	106.62	-15.7378	-7.31285	106.62	
13279	4906	255.972	711.549	255.611	104.069	104.887	-0.92147	0	0	0	0	0	-174.521	-229.46	130.872	-108.046	305.684	246.335	-174.521	-191.559	-229.532	130.872	8.20792	-108.385	305.684	273.811	246.325	7.26709	12	0	107.376	59.2073	57.8977	-636.659	59.2073	57.8977	-636.659	
13279	44091	116.793	209.876	91.0594	-99999	-25.595	-0.948575	1	1	1	0	0	-123.04	-116.226	127.854	43.5312	590.26	620.035	-131.357	-125.764	-119.628	130.575	74.5086	27.6258	589.414	604.521	632.05	10.7479	6	0	65.9989	-25.5647	28.6759	609.038	-25.5647	28.6759	609.038	
13279	44450	363.562	891.807	349.837	-99999	26.905	-0.869524	1	1	1	1	1	-214.992	-88.592	131.086	-169.871	-315.026	-189.26	-207.031	-141.251	-75.9108	132.169	-24.0223	-180.874	-315.438	-249.761	-185.225	4.65239	7	0	62.8357	26.937	-40.032	-238.271	26.937	-40.032	-238.271	
13279	1870	94.5866	234.219	94.5858	-99999	67.843	-0.818442	1	1	0	0	0	-119.175	-82.3867	133.881	55.2794	-324	-361.569	-97.9308	-79.2963	-61.1421	133.881	94.5104	55.2794	-324	-342.394	-361.569	4.77949	12	0	49.5019	67.8655	41.7422	-363.6	67.8655	41.7422	-363.6	
13279	55681	242.605	632.411	240.186	-99999	65.983	-0.902423	1	1	1	1	1	-214.384	-278.582	130.416	-91.3052	-639.303	-695.723	-213.978	-239.845	-278.721	132.455	20.4802	-91.4389	-638.444	-676.88	-695.703	4.70128	8	0	72.7857	66.0082	-22.8742	-669.572	66.0082	-22.8742	-669.572	
13279	59401	238.227	1064.38	237.95	-99999	72.719	-0.873812	1	1	1	1	1	-248.773	-327.749	130.161	-77.5778	134.219	219.176	-248.809	-288.39	-327.868	130.281	26.3491	-77.7019	134.169	176.818	219.219	10.099	11	0	229.769	72.7324	-63.3629	215.329	72.7324	-63.3629	215.329	
13279	56650	87.8085	373.646	85.9206	-99999	81.671	-0.630374	1	1	1	0	0	-151.899	-86.8733	125.19	69.311	-205.625	-210.087	-126.324	-93.156	-60.0245	125.19	96.5663	67.922	-205.625	-208.122	-210.154	18.5729	11	0	154.628	81.6919	65.6203	-215.161	81.6919	65.6203	-215.161	
13279	58690	276.174	696.692	276.09	-99999	76.074	-0.971445	1	1	1	1	1	-227.262	-286.276	132.845	-134.136	-701.978	-686.591	-227.349	-255.1	-286.384	132.845	-2.05072	-134.208	-701.978	-693.903	-686.573	4.10056	7	0	95.2311	76.0758	-28.9329	-680.826	76.0758	-28.9329	-680.826	
13279	38858	235.776	596.462	234.541	43.0657	40.283	-0.637472	1	1	1	1	1	-240.185	-183.928	133.13	-35.3823	116.158	-33.9336	-240.278	-205.455	-184.217	133.385	54.1284	-36.0055	116.453	36.558	-34.3602	5.34396	13	0	82.7472	40.3089	-3.90259	16.1419	40.3089	-3.90259	16.1419	
13279	36708	167.736	471.326	167.63	-99999	77.499	-0.588192	1	1	1	1	0	-187.165	-85.4434	133.545	40.005	-98.3122	-193.159	-162.897	-112.259	-61.1113	133.545	86.7383	39.9429	-98.3122	-146.03	-193.216	4.90916	12	0	49.5615	77.5389	39.3987	-178.545	77.5389	39.3987	-178.545	
13279	38835	99.6568	266.077	82.1615	-99999	59.161	-0.770626	1	1	1	1	1	-265.352	-317.228	129.138	65.9088	209.897	217.601	-262.907	-294.274	-326.5	132.21	93.7712	56.0339	209.572	214.184	218.109	8.38199	6	0	95.3331	59.1787	26.5863	225.73	59.1787	26.5863	225.73	
13279	39965	200.074	1173.17	198.886	-22.5942	-25.707	-0.832311	1	1	1	1	1	-248.842	-195.945	132.035	-29.2415	-239.028	-341.538	-249.084	-223.396	-195.945	133.021	48.7922	-29.2415	-238.417	-285.686	-341.538	6.77483	13	0	88.8698	-25.6753	-3.18458	-298.641	-25.6753	-3.18458	-298.641	
13279	37362	36.595	137.385	36.0512	-99999	-33.002	-0.989638	0	0	0	0	0	-297.132	-294.251	128.933	93.1377	-673.225	-673.679	-297.101	-295.423	-294.202	128.994	111.049	93.0676	-673.23	-673.149	-673.65	5.28313	11	0	94.7352	-32.9874	44.0733	-660.926	-32.9874	44.0733	-660.926	
13279	39044	123.814	344.201	123.322	-99999	15.673	-0.970052	1	1	1	1	0	-212.873	-251.784	132.36	17.2221	-810.12	-793.981	-212.891	-229.901	-252.027	132.36	72.9932	16.8069	-810.12	-806.557	-793.857	4.96937	11	0	89.042	15.6974	10.4896	-772.162	15.6974	10.4896	-772.162	
13279	5422	244.02	611.634	234.142	110.931	108.235	-0.574045	0	0	0	0	0	-281.119	-185.498	127.954	-6.4329	865.153	700.425	-285.621	-229.833	-185.328	133.288	61.2087	-6.59671	871.713	790.771	700.253	4.16649	12	0	67.8381	-49.1052	-20.4253	522.825	-49.1052	-20.4253	522.825	
13279	41958	192.277	524.462	191.848	-99999	103.681	-0.756117	0	0	0	0	0	-262.717	-293.208	133.608	-33.1218	-96.1442	-12.436	-262.705	-281.452	-293.327	133.907	55.0591	-33.1218	-96.3904	-45.2981	-12.436	6.5006	9	0	93.2785	75.3873	-31.2963	38.3647	75.3873	-31.2963	38.3647	
13279	9164	92.616	257.478	91.0275	-99999	92.502	-0.914004	1	1	1	0	0	-251.604	-234.864	132.24	48.9142	-557.658	-525.456	-251.801	-242.989	-234.653	132.78	90.5765	48.0365	-557.876	-541.003	-525.106	4.99946	12	0	68.4563	92.528	18.7597	-546.919	92.528	18.7597	-546.919	
13279	45572	120.371	313.215	114.64	-99999	87.744	-0.962812	1	1	1	1	0	-169.311	-161.64	131.584	19.5423	-638.588	-629.194	-141.865	-136.314	-134.225	131.764	73.0338	14.4424	-638.628	-627.182	-631.18	6.81868	11	0	75.1328	87.7691	25.1779	-625.435	87.7691	25.1779	-625.435	
13279	46014	144.604	375.619	144.598	101.981	101.222	-0.808418	0	0	0	0	0	-191.333	-292.187	132.715	31.5589	-557.759	-563.991	-191.333	-236.708	-292.187	132.715	77.0244	31.5589	-557.759	-565.177	-563.991	8.27745	6	0	74.8684	98.3818	18.0353	-567.534	98.3818	18.0353	-567.534	
13279	2632	324.592	727.588	318.89	-99999	85.654	-0.96705	1	1	1	1	1	-240.784	-244.728	130.637	-169.192	-15.8473	64.1659	-240.562	-242.881	-244.846	133.298	-14.6536	-170.093	-16.4849	22.0668	64.485	4.72828	13	0	63.448	93.8414	-23.6588	411.562	40.1714	58.8813	-213.183	
13279	10638	182.255	704.418	178.564	-99999	39.396	-0.806107	1	1	1	0	0	-277.789	-311.874	132.858	-22.3283	-794.074	-719.039	-277.794	-307.615	-311.559	132.925	55.3834	-24.138	-794.107	-757.322	-715.975	7.71267	11	0	311.225	39.4219	-5.63824	-604.879	39.4219	-5.63824	-604.879	
13279	36142	135.668	323.336	134.27	-99999	20.029	-0.851543	1	1	1	0	0	-336.925	-262.541	133.332	22.0821	373.781	382.705	-337.184	-299.004	-262.046	133.721	77.9911	21.2974	373.754	379.57	382.715	5.04087	7	0	76.2517	26.553	-86.7713	-126.106	26.553	-86.7713	-126.106	
13279	41063	175.007	6503.31	175.006	44.573	40.977	-0.575809	1	1	1	1	1	-154.629	-286.202	132.916	32.8435	-211.921	-155.178	-154.629	-221.814	-286.202	132.916	83.8648	32.8435	-211.921	-184.85	-155.178	7.56203	10	0	50.5306	43.4646	-11.1892	-812.855	43.4646	-11.1892	-812.855	
13279	44622	273.475	923.628	262.288	-99999	52.391	-0.675057	1	1	1	0	0	-125.527	-84.4913	72.7103	-99.7808	-894.832	-704.473	-109.122	-83.5481	-68.2832	72.7103	-18.395	-104.645	-894.832	-796.333	-694.468	74.6234	8	0	367.929	52.4046	-33.3336	-166.296	-36.7354	-45.8523	-179.229	
13279	4841	244.528	626.088	243.805	48.0515	45.439	-0.982086	1	1	1	1	1	-226.004	-200.928	132.003	-109.122	830.783	811.765	-226.012	-213.631	-200.92	132.235	10.9393	-109.594	830.827	823.316	811.727	4.61334	10	0	76.6463	45.476	-19.073	777.086	45.476	-19.073	777.086	
13279	7891	173.054	497.552	165.377	62.6198	60.573	-0.865439	1	1	1	1	1	-225.936	-204.504	128.68	-23.5811	-684.94	-743.658	-226.397	-214.375	-203.281	132.402	54.702	-26.7144	-682.868	-718.884	-743.894	4.04978	11	0	123.138	65.7138	-1.87662	620.583	-28.6062	-16.2818	-679.913	
13279	50044	238.339	579.988	237.214	-32.7982	-35.235	-0.675953	1	1	1	1	1	-143.375	-296.216	133.398	-9.10042	-832.651	-725.971	-143.36	-210.554	-297.024	133.424	58.4589	-9.73633	-832.674	-769.338	-725.66	5.87219	8	0	80.5844	-35.2077	6.19802	-737.577	-35.2077	6.19802	-737.577	
13279	51125	195.588	491.7	194.36	-99999	67.335	-0.901571	1	1	1	1	1	-130.518	-221.594	132.764	-38.7959	-435.349	-428.718	-119.67	-165.784	-211.299	133.333	47.1597	-39.32	-435.37	-432.204	-428.693	4.68602	6	0	56.7369	67.3648	-26.1269	-425.623	67.3648	-26.1269	-425.623	
13279	59374	138.168	393.609	138.16	78.9389	76.662	-0.994635	1	1	1	1	1	-218.74	-200.15	132.118	-4.45906	614.979	616.538	-218.74	-208.378	-200.15	132.118	63.929	-4.45906	614.979	612.699	616.538	7.16085	6	0	87.9593	80.7952	-33.935	95.2276	-8.53481	-98.5227	644.581	
13279	56428	299.229	1224.32	297.063	78.2043	77.179	-0.917818	1	1	1	1	1	-157.679	-219.986	132.238	-119.549	-352.485	-213.613	-157.604	-186.975	-220.3	132.732	2.72898	-120.482	-352.684	-285.337	-213.319	4.80291	13	0	60.3383	77.2084	-21.108	-274.289	77.2084	-21.108	-274.289	
13279	57790	340.999	856.193	339.356	-99999	64.607	-0.457844	1	1	1	1	1	-196.938	-82.0153	130.274	-23.513	337.491	617.293	-176.707	-119.761	-61.2644	130.274	52.5959	-24.3928	337.491	478.175	618.577	4.37626	7	0	57.0856	64.655	-16.8307	588.05	36.165	-31.2301	485.245	
13279	57755	45.5527	984.897	36.9408	-99999	110.598	-0.930022	0	0	0	0	0	-104.28	-95.8198	133.811	102.768	-831.871	-818.387	-69.647	-64.5403	-60.2951	133.811	112.33	102.87	-831.871	-826.687	-810.048	5.68806	9	0	942.738	70.9617	-27.5305	356.977	3.17168	42.6642	343.499	
13279	59675	157.464	418.614	156.689	-99999	69.965	-0.913061	0	0	0	0	0	-225.992	-281.12	132.608	-11.3717	-655.229	-681.914	-226.01	-254.493	-281.304	132.755	60.516	-11.9627	-655.207	-668.095	-682.026	4.30772	7	0	80.541	54.9657	-38.1583	675.815	54.9657	-38.1583	675.815	
13279	55170	337.388	943.109	336.595	82.3107	77.807	-0.866419	1	1	1	1	1	-118.393	-322.504	133.804	-125.641	452.058	404.58	-118.393	-216.044	-323.019	133.804	-3.45294	-126.221	452.058	444.665	404.466	5.46871	6	0	71.164	77.8337	-37.5313	422.002	77.8337	-37.5313	422.002	
13279	55849	147.017	399.904	145.47	-99999	6.089	-0.773926	1	1	1	1	1	-146.769	-232.346	129.338	21.0662	442.841	486.385	-145.862	-191.242	-232.346	130.527	75.9546	21.0662	442.486	461.42	486.385	7.06763	9	0	85.7586	6.12925	10.0883	463.414	6.12925	10.0883	463.414	
13279	57619	185.987	526.904	184.605	260.071	36.92	-0.944695	0	0	0	0	0	-207.244	-256.817	132.459	-40.494	713.613	753.604	-207.244	-230.471	-257.473	132.459	44.8988	-41.6755	713.613	734.241	753.875	4.23162	11	0	94.2439	14.5897	72.8559	-586.052	-37.2903	-19.495	-457.275	
13279	57417	354.725	837.013	354.699	-99999	-36.696	-0.758328	1	1	1	1	1	-266.421	-316.398	131.272	-134.019	475.434	703.19	-266.377	-282.111	-316.356	131.287	-3.78813	-134.019	475.421	589.222	703.19	4.94736	16	0	73.6228	-36.6673	-31.5507	613.932	-36.6673	-31.5507	613.932	
13279	3635	375.947	926.099	373.606	27.5963	24.672	-0.57292	1	1	1	1	1	-117.165	-303.792	64.7242	-149.864	-894.433	-657.693	-116.167	-194.335	-303.792	66.064	-43.3448	-149.864	-896.063	-764.828	-657.693	5.56662	10	0	77.9186	24.6846	-26.2595	-742.429	24.6846	-26.2595	-742.429	
13279	59939	93.2177	346.669	91.3212	-99999	74.811	-0.72474	1	1	1	1	1	-204.141	-231.733	131.756	64.6994	-287.876	-232.426	-180.449	-193.797	-208.579	132.556	98.1792	64.1179	-288.581	-260.088	-231.956	4.30948	6	0	148.486	74.8499	-16.5389	-129.623	74.8499	-16.5389	-129.623	
13279	62424	21.8298	104.366	21.7112	-99999	70.017	-0.571858	0	0	0	0	0	-190.037	-189.719	130.485	118.105	659.543	641.731	-168.111	-168.28	-167.785	130.485	124.243	118.043	659.543	650.593	641.631	9.46006	15	0	99.0139	70.0643	39.5749	643.766	70.0643	39.5749	643.766	
13279	41333	314.24	752.392	313.397	-99999	17.377	-0.78602	1	1	1	1	1	-229.279	-278.138	130.965	-116.248	-746.848	-563.368	-229.298	-263.371	-278.114	130.965	6.73823	-116.781	-746.848	-656.984	-562.789	11.9856	12	0	42.8417	17.3984	-26.2143	-630.502	17.3984	-26.2143	-630.502	
13279	36423	324.837	732.623	264.341	-99999	78.095	-0.969394	1	1	1	1	1	-331.644	-277.081	132.876	-122.279	-320.412	-278.207	-331.846	-298.335	-264.183	133.509	-23.2685	-180.023	-320.522	-294.558	-269.55	5.35145	10	0	65.1122	78.121	-31.0165	-286.704	78.121	-31.0165	-286.704	
13279	43755	136.952	368.906	136.695	-99999	96.841	-0.805052	1	1	1	1	1	-276.884	-194.934	133.393	26.1289	67.4279	88.8209	-292.148	-251.397	-210.054	133.459	79.3878	25.9902	67.4164	77.5806	88.8465	4.15479	8	0	59.2747	96.8815	-38.2626	93.5516	96.8815	-38.2626	93.5516	
13279	44768	179.974	518.931	173.501	-99999	115.768	-0.60062	0	0	0	0	0	-142.614	-242.91	133.415	27.5639	67.7646	-23.6454	-106.362	-155.318	-207.407	133.415	76.2409	22.1239	67.7646	18.6697	-26.8587	6.0363	9	0	148.927	60.882	-13.9493	-256.486	60.882	-13.9493	-256.486	
13279	45764	231.363	500.144	213.516	-99999	-8.199	-0.690932	1	1	1	0	0	-62.1969	-218.165	-22.6444	-165.19	853.675	883.939	-62.0114	-145.942	-230.976	-22.4629	-100.324	-176.93	853.645	870.206	886.573	7.26599	11	0	53.6651	-8.16525	-50.7767	816.185	-8.16525	-50.7767	816.185	
13279	43437	227.04	1380.44	226.38	167.629	-12.29	-0.819125	0	0	0	0	0	-149.451	-228.814	132.533	-42.1472	-558.647	-441.176	-149.219	-195.022	-228.814	133.071	42.864	-42.1472	-558.941	-507.753	-441.176	4.97364	14	0	90.4921	-999999	-999999	-999999	-999999	-999999	-999999	
13279	45251	253.076	679.011	251.875	-99999	6.469	-0.551512	1	1	1	1	1	-64.3471	-217.74	-25.8391	-170.067	-101.344	36.5138	-63.5915	-141.536	-217.74	-25.1964	-97.7804	-170.067	-101.986	-33.6724	36.5138	6.20886	16	0	76.9509	6.51446	-54.8862	-27.7394	6.51446	-54.8862	-27.7394	
13279	45851	318.79	1141.27	318.432	-603.336	69.136	-0.833546	1	1	1	0	0	-199.702	-317.768	132.622	-105.77	-239.668	-65.2879	-199.604	-257.05	-317.768	132.918	10.1983	-105.77	-239.833	-156.12	-65.2879	6.75898	15	0	46.0569	69.1501	-14.3201	-801.577	28.3601	-29.8821	-793.706	
13279	51243	336.62	941.324	336.361	78.1701	76.912	-0.901174	1	1	1	1	1	-191.571	-294.849	132.135	-162.521	671.63	790.823	-191.524	-237.803	-294.849	132.352	-15.5806	-162.521	671.537	735.927	790.823	5.00248	15	0	80.9412	76.9492	-29.7726	721.866	76.9492	-29.7726	721.866	
13279	15354	98.2649	303.965	98.2547	-94.7312	-33.719	-0.621146	0	0	0	0	0	-222.962	-170.745	133.608	86.109	892.186	824.289	-222.962	-198.748	-170.745	133.608	108.721	86.109	892.186	857.69	824.289	8.14199	14	0	113.209	-999999	-999999	-999999	-999999	-999999	-999999	
13279	59496	171.83	349.571	167.386	-99999	25.797	-0.678666	1	1	1	1	1	-315.83	-321.891	131.252	17.3614	115.123	235.317	-315.877	-311.637	-321.997	133.917	75.6748	17.0603	112.265	174.54	235.698	6.26314	14	0	80.2266	25.8192	29.3071	199.896	25.8192	29.3071	199.896	
13279	64065	174.267	411.888	173.053	-99999	87.671	-0.950429	0	0	0	0	0	-91.4067	-152.889	129.866	-30.2124	336.244	346.259	-63.7929	-91.8903	-125.597	130.417	49.0555	-30.8098	336.175	348.179	346.147	6.71967	9	0	74.3068	-999999	-999999	-999999	-999999	-999999	-999999	
13279	54470	232.34	605.949	232.325	-99999	116.193	-0.805661	0	0	0	0	0	-349.494	-221.895	4.2132	-170.459	420.678	500.713	-349.627	-291.701	-222.019	4.2132	-88.5036	-170.466	420.678	459.781	500.716	8.30408	8	0	90.0779	-0.653975	71.724	-611.714	-0.653975	71.724	-611.714	
13279	59305	86.3204	245.761	84.5949	-99999	-11.862	-0.93075	1	1	0	0	0	-166.601	-200.004	131.64	55.7922	-479.949	-464.572	-169.777	-185.84	-203.749	133.143	93.5867	55.6902	-480.187	-474.023	-464.569	4.85419	8	0	85.9861	-11.831	18.7783	-471.458	-11.831	18.7783	-471.458	
13279	55721	187.417	421.258	186.37	-384.518	77.341	-0.813638	0	0	0	0	0	-301.468	-194.126	132.627	-18.2341	-824.636	-815.736	-301.468	-246.348	-193.413	132.627	57.8945	-18.9902	-824.636	-814.823	-815.788	7.28132	6	0	78.6351	75.2135	69.9832	-712.49	75.2135	69.9832	-712.49	
13279	58479	281.078	695.704	277.393	-22.3783	-25.341	-0.856895	1	1	1	1	1	-229.74	-152.027	130.673	-111.917	15.8233	-89.4578	-230.395	-193.57	-151.487	132.939	11.7969	-112.779	17.019	-43.6561	-89.5499	5.98556	7	0	82.6411	-25.3094	-30.6347	-58.9578	-25.3094	-30.6347	-58.9578	
13279	59439	163.322	391.556	161.557	-99999	-36.844	-0.923498	1	1	1	1	1	-259.741	-305.62	131.882	-21.6154	523.928	530.932	-259.229	-285.223	-305.701	133.197	56.7439	-21.9184	523.62	534.252	530.962	5.9125	7	0	78.4302	-36.8279	-8.23194	544.335	-36.8279	-8.23194	544.335	
13279	58035	329.235	785.163	328.343	-27.5824	-30.401	-0.927201	1	1	1	1	1	-253.756	-94.0901	132.037	-117.854	-270.891	-390.913	-254.01	-193.508	-94.0901	132.859	-12.7215	-117.854	-270.678	-316.965	-390.913	5.13149	10	0	74.1955	-30.3859	-44.0393	-339.69	-30.3859	-44.0393	-339.69	
13279	54391	115.407	306.526	115.4	-99999	108.361	-0.926617	0	0	0	0	0	-304.325	-259.05	133.047	28.7907	-158.484	-140.502	-304.449	-281.469	-259.174	133.047	80.7576	28.7907	-158.484	-150.618	-140.502	7.10965	6	0	88.9188	-999999	-999999	-999999	-999999	-999999	-999999	
13279	57751	111.267	288.619	110.212	-99999	-10.198	-0.87442	1	1	1	0	0	-294.113	-239.882	133.174	38.8707	18.9243	34.431	-294.596	-266.347	-239.87	134.096	86.4772	38.8707	18.8302	24.1217	34.431	5.56074	11	0	76.7282	-10.1632	26.8425	28.9831	-10.1632	26.8425	28.9831	
13279	61115	154.287	431.619	150.414	-99999	94.559	-0.960772	1	1	1	1	1	-204.871	-221.752	128.051	-17.5858	735.3	767.243	-175.055	-181.904	-192.419	130.365	55.6328	-19.0152	734.662	752.423	767.309	13.3665	6	0	97.7036	94.1596	-31.5684	-337.039	94.1596	-31.5684	-337.039	
13279	64581	366.429	934.34	366.424	61.0084	59.395	-0.740418	1	1	1	1	1	-262.173	-117.23	132.615	-118.296	841.775	620.775	-262.173	-190.111	-117.23	132.615	-0.961849	-118.296	841.775	739.264	620.775	4.54185	11	0	78.7064	59.4424	-37.4071	687.23	59.4424	-37.4071	687.23	
13279	63766	386.912	1297.19	383.786	-99999	-30.79	-0.740224	1	1	1	1	1	-197.961	-142.732	131.848	-166.82	-694.053	-459.527	-207.811	-180.547	-152.045	132.715	-17.894	-168.253	-694.828	-576.576	-458.27	7.46245	7	0	94.688	-30.76	-27.3687	-556.379	-30.76	-27.3687	-556.379	
13279	61260	274.669	649.533	274.477	-37.4216	-39.15	-0.793162	1	1	1	1	1	-171.652	-261.312	133.478	-77.7052	340.418	489.226	-171.641	-222.14	-261.318	133.563	31.4523	-77.7661	340.357	416.794	489.267	7.58886	12	0	90.8813	-30.003	-46.2439	763.301	-30.003	-46.2439	763.301	
13279	70436	208.885	501.826	208.866	-99999	91.215	-0.747434	1	1	1	1	1	-305.319	-337.915	133.821	-24.4923	288.927	419.514	-305.423	-325.249	-338.02	133.821	54.8891	-24.4923	288.927	354.373	419.514	7.84396	12	0	79.9869	91.2384	5.14243	381.853	91.2384	5.14243	381.853	
13279	70952	176.794	442.065	176.124	51.6582	50.703	-0.517009	1	1	1	1	1	-187.358	-339.578	132.65	49.6398	17.332	44.1174	-187.16	-261.903	-339.967	132.784	88.2645	49.5002	17.2798	32.8204	44.0941	4.08386	7	0	53.2924	50.7458	33.2605	42.5636	50.7458	33.2605	42.5636	
13279	71912	267.585	611.516	256.425	-99999	-3.207	-0.762089	1	1	1	1	1	-129.709	-303.453	128.841	-54.9601	-359.657	-317.729	-125.305	-215.155	-306.284	133.951	37.3125	-58.1692	-360.854	-338.909	-317.292	6.26905	7	0	42.2624	-3.18222	-36.9034	-320.242	-3.18222	-36.9034	-320.242	
13279	68479	315.233	790.095	315.038	-99999	63.956	-0.84205	1	1	1	1	1	-224.477	-281.631	132.869	-146.647	116.795	236.367	-224.55	-273.546	-281.688	132.869	-2.09996	-146.801	116.795	181.737	236.439	4.24889	18	0	75.3884	63.9772	-30.509	197.375	63.9772	-30.509	197.375	
13279	5935	181.298	445.698	178.462	102.316	95.097	-0.799547	1	1	1	1	1	-260.017	-153.265	133.078	-7.75809	-407.658	-397.725	-260.017	-202.248	-151.317	133.078	64.2008	-9.72425	-407.658	-396.444	-398.313	4.59169	8	0	69.9383	95.1275	2.70482	-394.709	95.1275	2.70482	-394.709	
13279	73475	172.049	414.376	171.4	-99999	24.327	-0.819516	1	1	1	0	0	-328.067	-262.023	133.351	-4.49547	-347.373	-274.065	-328.349	-288.581	-262.051	133.883	69.2332	-4.49547	-347.637	-307.579	-274.065	4.86838	11	0	74.573	24.3511	13.8898	-298.683	24.3511	13.8898	-298.683	
13279	77002	262.557	634.258	256.191	-28.8222	-30.573	-0.933696	1	1	1	1	1	-243.21	-157.934	132.108	-105.421	-749.534	-787.019	-243.49	-199.127	-155.299	133.015	12.3274	-110.1	-749.335	-775.259	-787.479	4.01231	9	0	58.9602	-30.5542	-22.5741	-753.388	-30.5542	-22.5741	-753.388	
13279	73773	260.974	1582.22	260.532	27.564	25.564	-0.839792	1	1	1	1	1	-180.708	-276.496	132.676	-70.9591	469.797	598.919	-180.708	-221.926	-276.694	132.676	25.1023	-71.3153	469.797	530.775	599.074	6.34517	12	0	79.3707	25.5957	-22.929	554.118	25.5957	-22.929	554.118	
13279	77288	57.0301	174.049	56.7016	-99999	44.433	-0.950486	0	0	0	0	0	-146.302	-134.599	133.283	81.1157	-850.021	-867.415	-132.388	-128.755	-120.528	133.283	106.197	80.84	-850.021	-858.064	-867.431	5.9249	10	0	82.1816	44.4564	34.1784	-844.504	44.4564	34.1784	-844.504	
13279	77299	39.802	175.168	38.9737	-99999	77.801	-0.933544	0	0	0	0	0	-258.82	-256.01	133.186	100.818	-666.683	-645.954	-258.933	-258.566	-256.144	133.518	116.513	100.534	-666.931	-657.042	-645.788	8.37986	14	0	112.035	38.782	35.7517	-127.448	38.782	35.7517	-127.448	
13279	72210	231.321	549.02	230.797	-224.448	56.036	-0.446617	0	0	0	0	0	-144.969	-310.784	132.566	3.44499	-731.903	-640.132	-144.969	-234.374	-311.086	132.566	75.9443	3.06527	-731.903	-685.355	-639.95	4.06099	10	0	71.5496	56.0364	-23.0052	-793.129	56.0364	-23.0052	-793.129	
13279	77864	133.066	399.427	132.657	-99999	64.539	-0.952346	1	1	1	1	1	-255.95	-226.031	131.563	5.17911	-535.896	-510.425	-256.067	-242.297	-226.064	131.825	67.8537	5.0575	-535.976	-524.075	-510.427	7.48622	7	0	97.8586	64.5731	7.01637	-524.957	64.5731	7.01637	-524.957	
13279	53698	298.626	712.494	297.354	33.9369	31.798	-0.799585	1	1	1	1	1	-287.016	-82.4971	133.168	-80.6847	-647.166	-666.121	-287.118	-188.741	-81.8091	133.309	22.1551	-81.5188	-647.159	-662.387	-665.973	12.9109	7	0	80.8924	31.815	-31.7947	-650.665	31.815	-31.7947	-650.665	
13279	48106	240.112	733.307	238.901	59.9098	58.277	-0.816798	1	1	1	1	1	-189.144	-245.296	132.211	-59.3674	-852.972	-723.328	-189.102	-213.902	-245.494	132.407	38.4181	-60.2587	-853.108	-782.847	-723.023	11.5138	10	0	122.169	58.3048	-9.40073	-735.942	44.4548	-16.4958	-786.397	
13279	51117	109.209	333.615	108.916	-99999	110.058	-0.9008	0	0	0	0	0	-200.346	-228.763	130.883	32.3391	291.609	254.96	-183.051	-197.148	-211.548	130.883	81.3963	32.0743	291.609	273.34	254.865	4.26749	12	0	68.9303	-999999	-999999	-999999	-999999	-999999	-999999	
13279	49209	300.248	751.159	298.379	95.2673	93.422	-0.966384	1	1	1	1	1	-262.661	-178.462	131.031	-149.151	791.238	742.792	-262.84	-233.593	-178.305	132.333	-12.4049	-149.639	791.527	765.075	742.738	8.70168	9	0	91.2928	93.4597	-23.073	744.736	93.4597	-23.073	744.736	
13279	58540	230.26	573.147	230.139	35.185	32.515	-0.70519	1	1	1	1	1	-148.328	-304.69	133.225	-25.1076	765.223	820.678	-148.328	-230.508	-304.753	133.225	58.4001	-25.1997	765.223	794.975	820.7	7.03144	11	0	78.9237	26.7169	-9.99427	-362.316	26.7169	-9.99427	-362.316	
13279	69218	314.699	796.582	313.76	48.7008	47.534	-0.966037	1	1	1	1	1	-142.727	-246.64	132.846	-160.105	-179.676	-142.784	-142.607	-192.546	-246.851	133.318	-14.8898	-160.489	-179.706	-164.564	-142.709	6.88234	8	0	86.9279	47.5601	-21.3901	-167.898	47.5601	-21.3901	-167.898	
13279	64134	86.8571	217.448	86.4274	-99999	35.92	-0.46991	1	1	1	0	0	-287.403	-333.634	132.954	89.5931	219.302	278.04	-287.253	-310.622	-333.721	133.114	111.564	89.5436	219.071	248.655	278.1	8.76084	13	0	70.1193	35.9461	35.5045	297.752	35.9461	35.5045	297.752	
13279	74424	232.047	616.613	231.154	-99999	-5.261	-0.893757	1	1	1	1	1	-165.069	-249.024	132.45	-81.181	-203.847	-187.576	-164.896	-212.945	-249.022	132.801	28.0034	-81.6756	-203.877	-191.745	-187.56	31.262	9	0	110.487	-5.22304	-22.2202	-196.577	-5.22304	-22.2202	-196.577	
13279	44620	83.3896	291.155	82.358	82.555	71.458	-0.750762	0	0	0	0	0	-205.548	-222.37	113.326	48.9307	-890.153	-842.904	-205.411	-216.004	-222.302	113.857	82.7394	48.68	-890.62	-865.101	-842.777	6.22867	14	0	86.3607	71.4771	21.6018	-837.093	71.4771	21.6018	-837.093	
13279	47980	82.9919	291.019	79.9636	-99999	-44.137	-0.968657	1	1	0	0	0	-269.755	-282.723	132.872	54.4327	439.872	442.502	-269.647	-277.949	-283.036	133.094	92.4698	51.6782	439.884	438.855	442.546	15.7237	8	0	133.758	-44.1213	34.4481	430.634	-44.1213	34.4481	430.634	
13279	2444	168.257	441.168	167.499	105.268	103.608	-0.94435	0	0	0	0	0	-168.126	-221.151	132.966	-20.772	355.786	390.301	-168.126	-190.48	-221.463	132.966	53.4408	-21.4131	355.786	371.264	390.54	5.15962	11	0	88.2978	-999999	-999999	-999999	-999999	-999999	-999999	
13279	47469	240.429	888.874	240.1	-99999	-2.886	-0.64257	1	1	1	1	1	-62.014	-229.511	98.8582	-56.6112	-520.077	-446.693	-61.9396	-146.235	-229.638	98.9344	21.6489	-56.7756	-520.112	-483.082	-446.648	7.61883	8	0	66.3601	-2.84822	-28.8485	-457.563	-2.84822	-28.8485	-457.563	
13279	17675	109.882	309.569	109.822	-99999	84.209	-0.847785	1	1	1	1	1	-287.904	-327.161	132.972	40.2665	487.355	531.224	-288.001	-307.674	-327.279	132.972	86.5024	40.2167	487.355	509.075	531.248	11.0619	11	0	59.8617	84.2276	-20.5453	560.315	84.2276	-20.5453	560.315	
