13867	16770	145.226	331.006	144.168	27.2188	26.374	-0.893424	1	1	1	1	1	235.998	171.799	131.891	3.82142	-346.873	-359.144	236.446	203.488	171.794	132.822	68.8535	3.81064	-346.752	-355.654	-359.143	4.05352	9	0	67.6212	26.4093	7.22223	-357.93	26.4093	7.22223	-357.93	
13867	17913	256.291	3.36848e+10	256.276	-99999	-19.629	-0.635113	1	1	1	1	1	138.494	78.3934	132.788	-33.6567	48.498	233.804	138.52	108.52	78.4159	132.794	49.7	-33.6567	48.4904	141.307	233.804	35158.2	14	0	3.36848e+10	-19.5929	-42.3222	256.061	-19.5929	-42.3222	256.061	
13867	18074	222.284	1142.81	221.169	-99999	19.418	-0.40773	1	1	1	1	1	222.258	305.938	132.14	40.3602	-442.284	-259.313	227.937	270.355	312.073	132.525	86.9561	40.2799	-443.047	-350.983	-259.174	36.338	6	0	686.56	19.4528	4.82005	-236.388	19.4528	4.82005	-236.388	
13867	22061	266.973	597.196	266.581	96.4954	95.45	-0.930801	1	1	1	1	1	164.3	249.811	133.574	-107.048	203.179	270.3	164.296	197.037	249.977	133.595	11.3771	-107.365	203.173	245.136	270.297	4.75497	7	0	69.7601	95.4755	-20.7016	244.502	95.4755	-20.7016	244.502	
13867	20433	190.363	1001.23	189.778	-99999	4.821	-0.462174	1	1	1	1	1	189.378	75.419	132.753	45.7448	282.011	406.327	189.733	132.594	75.4135	133.021	89.3721	45.7448	281.638	343.997	406.327	6.93902	18	0	364.486	4.84951	23.4823	423.219	4.84951	23.4823	423.219	
13867	22101	84.0496	213.253	82.7542	57.8459	57.718	-0.793308	1	1	0	0	0	214.045	196.828	133.862	69.0002	157.059	205.09	214.045	204.736	196.792	133.862	102.076	67.8857	157.059	182.849	205.74	4.96453	19	0	78.2658	57.7558	22.634	198.655	57.7558	22.634	198.655	
13867	2763	310.693	752.242	310.185	80.1969	78.445	-0.99765	1	1	1	1	1	213.052	193.881	133.542	-162.308	-699.825	-626.474	213.052	200.616	193.873	133.542	-17.983	-162.562	-699.825	-670.364	-626.115	10.8092	14	0	73.8701	78.4692	-28.2865	-636.916	78.4692	-28.2865	-636.916	
13867	5317	67.8344	176.446	67.3778	-99999	20.954	-0.88925	1	1	0	0	0	156.59	190.748	130.82	72.9385	751.981	753.113	156.358	172.144	190.724	131.224	101.263	72.9385	751.971	753.548	753.113	5.02896	7	0	76.2552	20.9923	29.3991	744.164	20.9923	29.3991	744.164	
13867	5156	193.744	464.343	193.112	-99999	20.006	-0.964304	1	1	1	1	1	124.947	92.1114	133.671	-50.7821	5.69569	46.4518	124.953	107.866	91.918	133.772	42.4918	-51.2709	5.67655	32.7183	46.4106	6.52	6	0	80.0447	20.0227	2.42937	36.2963	20.0227	2.42937	36.2963	
13867	9456	232.608	551.96	232.246	95.3216	95.062	-0.75129	1	1	1	1	1	241.005	89.6375	133.369	-35.6319	200.218	248.255	241.005	165.552	89.3684	133.369	48.6144	-35.8617	200.218	225.468	248.305	4.1925	8	0	87.8998	95.9238	-40.7375	-123.588	-10.4362	-84.7491	343.283	
13868	48544	395.877	1667.39	395.097	-99999	88.233	-0.644412	1	1	1	1	1	129.923	224.234	134.399	-99.4664	-623.046	-318.96	116.043	163.817	210.47	134.465	17.5015	-99.8194	-623.123	-470.786	-318.394	5.83288	15	0	554.314	88.27	-23.1254	-398.988	66.33	-24.2191	-488.315	
13867	5650	104.726	239.574	104.596	-99999	-17.947	-0.974889	1	1	1	0	0	296.013	255.727	133.782	37.9483	-801.418	-795.708	290.393	273.51	250.034	133.782	84.4576	37.8435	-801.418	-798.563	-795.714	4.36643	8	0	68.5381	-17.9185	31.6343	-775.105	-17.9185	31.6343	-775.105	
13867	6450	317.255	728.581	317.236	-99999	-48.605	-0.901468	1	1	1	1	1	205.61	173.913	131.504	-146.668	707.128	849.586	205.665	191.404	173.968	131.504	-10.7019	-146.668	707.128	775.507	849.586	4.70147	15	0	85.9519	-48.5781	-23.2207	753.657	-48.5781	-23.2207	753.657	
13867	9650	439.534	821.909	437.179	-99999	104.305	-0.660454	1	1	1	1	1	147.421	155.964	134.292	-169.284	366.627	676.676	147.301	143.805	155.966	134.292	-19.1137	-170.451	366.627	523.836	678.338	4.44728	15	0	75.6152	104.342	-20.7968	527.382	104.342	-20.7968	527.382	
13867	12219	325.711	718.259	314.623	-99999	-37.73	-0.969546	1	1	1	1	0	96.8604	125.913	133.214	-170.726	-841.224	-765.772	96.8247	113.902	126.713	134.297	-22.9788	-180.366	-841.486	-802.997	-763.391	5.786	8	0	60.4962	-37.7062	-15.5785	-782.901	-37.7062	-15.5785	-782.901	
13867	12302	68.3592	483.633	66.2674	78.7458	77.774	-0.826157	1	1	0	0	0	201.487	224.448	132.143	77.5265	163.914	134.627	200.995	213.726	224.646	133.509	106.132	77.1564	164.702	148.742	134.511	6.67509	8	0	66.3227	72.7333	1.22505	377.342	85.9233	-19.3861	334.477	
13867	13314	359.471	831.374	359.384	-99999	66.523	-0.617671	1	1	1	1	1	199.714	106.077	125.799	-95.913	-497.353	-232.901	199.654	155.599	106.001	125.851	17.8729	-95.913	-497.418	-360.798	-232.901	7.52897	14	0	76.9909	66.5535	-22.7217	-320.086	66.5535	-22.7217	-320.086	
13868	7876	32.714	103.771	31.9576	-99999	-4.758	-0.754124	0	0	0	0	0	212.72	233.937	127.859	103.988	238.707	239.405	211.83	222.863	233.508	128.034	115.967	103.566	238.701	239.085	239.423	6.99001	6	0	75.2731	-9.07202	-18.9722	-363.723	32.768	69.281	787.827	
13867	10275	292.992	478.437	291.219	-99999	-7.817	-0.818418	1	1	1	1	1	155.28	174.007	126.493	-95.9586	-883.301	-713.609	155.241	173.463	174.016	126.759	11.7044	-95.9586	-883.479	-794.769	-713.609	4.80238	8	0	47.0926	-7.80834	-19.4999	-744.622	-7.80834	-19.4999	-744.622	
13867	13194	419.214	936.369	416.33	-99999	62.039	-0.801506	1	1	1	1	1	92.7448	157.476	132.693	-166.617	220.259	-56.2777	92.4441	126.533	157.678	134.204	-30.7505	-167.212	221.36	96.7873	-57.0205	5.60641	6	0	80.0933	62.0638	-9.24888	103.294	62.0638	-9.24888	103.294	
13867	18393	475.559	800.193	467.369	-99999	-44.567	-0.414932	1	1	1	1	1	137.367	114.014	131.094	-41.5774	-4.82125	412.469	137.644	142.738	114.065	134.124	38.2467	-41.5774	-11.8475	194.66	412.469	4.738	13	0	73.6297	-44.5146	-0.469782	238.113	-44.5146	-0.469782	238.113	
13868	9085	305.067	724.68	304.376	-99999	21.227	-0.997107	1	1	1	1	1	218.555	204.026	132.692	-170.788	-463.194	-446.881	225.202	219.61	210.616	132.803	-19.2833	-171.352	-463.202	-454.079	-446.866	6.8795	7	0	53.4981	21.2598	-22.7942	-453.455	21.2598	-22.7942	-453.455	
13867	3146	76.9615	159.46	76.3272	-99999	58.631	-0.52051	1	1	1	1	1	71.4278	133.859	72.0382	33.4137	549.221	569.965	71.3607	102.785	134.279	72.0382	52.6258	33.0179	549.221	559.995	570.048	4.81233	7	0	43.7324	58.6703	15.9001	588.589	58.6703	15.9001	588.589	
13867	21115	208.804	459.568	208.302	-99999	-14.29	-0.939257	1	1	1	1	1	130.51	192.727	129.962	-66.251	299.12	328.344	130.439	162.822	192.771	130.237	32.3416	-66.4486	299.068	315.085	328.387	4.19282	11	0	81.7108	-14.2553	-11.9199	319.931	-14.2553	-11.9199	319.931	
13867	20155	350.997	766.588	350.42	-99999	65.33	-0.89189	1	1	1	1	1	201.721	327.391	131.818	-167.557	-689.176	-820.085	222.079	279.573	347.947	132.107	-20.2101	-167.765	-689.068	-754.418	-820.182	5.18661	11	0	47.45	61.2214	-36.751	-540.511	61.2214	-36.751	-540.511	
13867	23053	30.2401	72.4617	29.4235	-99999	72.062	-0.820342	0	0	0	0	0	322.196	336.615	132.46	108.681	-594.206	-600.312	344.453	352.059	359.246	132.929	121.13	108.582	-594.065	-598.111	-600.343	4.45541	12	0	51.6677	72.0505	73.1885	-615.222	72.0505	73.1885	-615.222	
13867	18705	281.528	595.593	280.042	-99999	24.377	-0.700068	1	1	1	1	1	138.7	171.615	133.441	-48.1638	-849.29	-639.465	138.605	160.254	171.603	134.345	44.4471	-48.2474	-850.19	-744.121	-639.293	5.36242	17	0	80.6767	24.4042	-1.36478	-702.285	24.4042	-1.36478	-702.285	
13868	71408	205.566	434.728	204.732	-99999	-3.308	-0.990305	1	1	1	1	1	78.951	105.943	134.056	-63.4367	110.893	150.915	78.9472	84.9682	106.163	134.368	33.8494	-63.9018	110.852	130.919	150.964	5.17792	8	0	72.9247	-3.2825	-1.53205	140.702	-3.2825	-1.53205	140.702	
13868	73108	173.523	369.319	173.485	56.4236	55.73	-0.873874	1	1	1	1	1	182.633	261.884	133.002	-18.9516	-61.918	-54.2083	182.633	224.757	261.884	133.002	58.0151	-18.9516	-61.918	-51.3259	-54.2083	5.43733	8	0	55.2506	55.7741	2.19941	-48.3664	55.7741	2.19941	-48.3664	
13867	2635	252.034	547.622	251.279	58.0248	56.845	-0.764537	1	1	1	1	1	143.496	315.765	133.504	-44.1187	-234.537	-265.574	143.293	231.033	316.062	133.754	43.7917	-44.3367	-234.518	-242.141	-265.789	4.12857	12	0	57.4879	56.8818	-10.4249	-254.272	56.8818	-10.4249	-254.272	
13867	18242	228.42	587.482	227.609	-99999	86.648	-0.734051	1	1	1	1	1	191.763	327.901	132.147	-37.3957	147.062	79.8525	218.676	286.915	355.304	132.402	47.1684	-37.7396	147.16	113.68	79.71	8.30937	9	0	94.5806	86.6782	-28.0028	80.3173	86.6782	-28.0028	80.3173	
13867	16436	162.628	377.352	161.675	-99999	-19.771	-0.95751	1	1	1	1	1	107.471	159.648	132.998	-18.55	333.263	353.565	107.239	132.406	159.67	133.911	57.4471	-18.55	333.174	344.376	353.565	4.53531	8	0	67.8431	-19.7432	10.6896	353.524	-19.7432	10.6896	353.524	
13867	17636	165.903	364.139	165.725	-99999	51.483	-0.973823	1	1	1	1	0	117.485	115.538	131.743	-24.6416	352.348	406.614	117.427	115.951	115.463	131.796	53.4821	-24.75	352.337	379.409	406.648	4.679	12	0	68.3726	51.5093	9.33543	388.76	51.5093	9.33543	388.76	
13867	17879	134.313	308.525	131.447	-99999	-14.304	-0.290286	1	1	1	1	1	65.0749	184.367	28.883	-8.33937	-45.8978	-5.23712	65.0912	126.209	186.768	28.883	10.4578	-9.36013	-45.8978	-25.0564	-4.02156	4.60909	10	0	64.747	-14.3174	-24.7717	-1.28176	-14.3174	-24.7717	-1.28176	
13868	72854	242.619	578.063	242.426	-99999	113.45	-0.749796	1	1	1	1	1	192.336	107.154	61.5331	-126.783	-889.756	-766.424	192.211	154.788	106.921	61.5451	-35.297	-126.906	-889.765	-827.541	-766.356	5.74032	11	0	68.1323	113.481	-50.4203	-778.949	113.481	-50.4203	-778.949	
13867	4430	317.364	682.222	311.515	89.1804	89.645	-0.688444	1	1	1	1	1	167.017	239.5	131.244	-88.6573	505.266	301.448	165.923	211.188	239.941	133.657	15.1129	-90.3301	507.543	412.621	299.887	4.60284	17	0	76.095	89.6844	-21.226	382.371	89.6844	-21.226	382.371	
13867	5030	243.516	589.126	243.097	108.542	108.023	-0.925463	1	1	1	1	1	226.246	173.165	132.601	-92.5627	-590.949	-663.649	226.276	203.089	173.117	132.796	20.8075	-92.7577	-590.877	-632.496	-663.661	4.41848	7	0	99.115	108.062	-19.2614	-628.311	108.062	-19.2614	-628.311	
13867	22460	216.037	1126.03	203.403	-99999	74.078	-0.808398	1	1	1	1	1	199.587	317.458	132.286	-33.4227	636.393	634.449	222.677	285.863	346.399	132.431	44.8333	-44.4606	636.395	635.179	634.237	28.8505	10	0	403.238	74.1063	-9.4987	627.935	74.1063	-9.4987	627.935	
13867	22491	185.421	453.422	182.638	-99999	-41.182	-0.942834	1	1	1	1	1	131.599	156.872	131.693	-39.9896	-392.856	-341.014	131.45	138.359	156.919	134.314	48.4324	-39.9896	-393.756	-359.699	-341.014	4.55164	12	0	82.7679	-41.1499	-1.2701	-352.903	-41.1499	-1.2701	-352.903	
13867	23074	308.443	1483.57	305.792	-99999	90.557	-0.500916	1	1	1	1	1	279.157	195.788	126.144	3.494	883.614	616.257	294.079	252.046	210.018	127.492	64.5874	3.494	885.785	751.432	616.257	6.49324	16	0	272.246	90.5928	-30.7534	519.987	90.5928	-30.7534	519.987	
13867	23175	52.5493	164.59	51.4354	-99999	45.503	-0.955816	0	0	0	0	0	267.162	286.531	133.585	86.5972	-849.558	-851.528	281.411	289.425	301.631	133.585	108.611	85.9362	-849.558	-848.391	-851.513	9.61541	21	0	92.1072	45.5264	49.7468	-810.862	45.5264	49.7468	-810.862	
13867	21616	143.544	413.939	142.335	-99999	-25.654	-0.873443	1	1	1	1	1	66.3202	105.691	-3.23985	-125.629	-152.417	-96.0682	66.1689	84.8536	105.72	-2.67339	-65.4461	-125.629	-152.674	-123.75	-96.0682	6.6325	10	0	83.4145	-25.6294	-37.2977	-125.201	-25.6294	-37.2977	-125.201	
13867	5411	233.779	550.718	232.819	-99999	-47.878	-0.822889	1	1	1	1	1	95.674	204.975	131.973	-66.9714	202.548	249.025	95.5256	158.479	205.313	132.29	36.8305	-67.4663	202.464	226.35	249.057	5.40153	7	0	102.092	-47.8439	6.25031	224.377	-47.8439	6.25031	224.377	
13867	8411	434.05	1065.09	429.125	-99999	33.953	-0.644947	1	1	1	1	1	261.18	315.064	133.481	-165.643	-284.601	-586.431	271.812	301.913	326.593	133.481	-18.8498	-168.826	-284.601	-436.041	-590.032	9.70407	17	0	102.2	33.992	-33.3437	-455.555	33.992	-33.3437	-455.555	
13868	9312	121.902	287.28	118.657	44.9179	43.646	-0.884275	1	1	1	0	0	256.266	199.165	132.842	30.2586	-766.269	-770.254	256.912	223.436	198.962	134.1	83.3127	28.5217	-766.299	-767.546	-770.768	4.35184	7	0	76.2286	43.687	18.0501	-744.391	43.687	18.0501	-744.391	
13868	6420	167.342	276.52	155.004	-99999	99.059	-0.735947	0	0	0	0	0	66.5775	78.5421	-22.5081	122.089	-893.77	-840.928	79.3113	72.7157	66.4003	130.14	54.6443	-23.1842	-834.803	-868.955	-893.755	7.54469	45	0	276.52	21.7283	-18.1034	764.184	21.7283	-18.1034	764.184	
13867	7676	59.3797	156.771	58.3269	-99999	100.73	-0.759604	1	0	0	0	0	290.661	327.326	133.037	88.0993	-242.608	-236.92	321.741	340.426	359.066	133.562	110.677	87.8452	-242.658	-239.792	-236.879	4.46588	6	0	51.7553	100.712	75.7442	-225.798	100.712	75.7442	-225.798	
13868	79750	333.96	999.062	318.002	31.2575	33.093	-0.850664	1	1	1	1	1	150.697	347.398	134.204	-110.509	-699.083	-748.31	150.697	253.969	358.381	134.204	5.50865	-122.014	-699.083	-724.344	-748.731	4.85037	13	0	250.528	33.1351	-64.6527	-730.963	33.1351	-64.6527	-730.963	
13867	5686	328.81	861.983	328.72	-99999	75.085	-0.524706	1	1	1	1	1	272.219	335.731	-49.0582	115.663	-888.506	-611.252	359.243	327.594	295.713	115.663	32.954	-49.103	-611.252	-749.754	-888.58	4.6518	1037	0	861.983	75.1283	16.9749	-725.614	75.1283	16.9749	-725.614	
13868	76075	314.394	789.429	305.799	-99999	57.102	-0.954578	1	1	1	1	1	341.388	298.358	125.894	-170.035	714.232	650.556	359.269	337.437	313.763	125.894	-26.0676	-178.237	714.232	680.505	650.197	7.57058	14	0	88.3969	57.1189	-1.79195	667.941	57.1189	-1.79195	667.941	
13868	79675	222.487	539.395	222.039	-99999	43.955	-0.983593	1	1	1	1	1	315.783	345.518	134.49	-85.5141	-586.456	-585.891	329.548	344.562	359.358	134.49	24.2775	-85.9477	-586.456	-585.78	-585.945	4.36124	10	0	65.9215	43.978	-35.2335	-554.358	43.978	-35.2335	-554.358	
13868	5456	332.95	715.717	330.329	-24.1117	-25.797	-0.893274	1	1	1	1	1	282.225	128.382	134.158	-151.514	447.862	389.533	282.225	204.02	127.291	134.158	-9.43546	-153.885	447.862	416.902	389.627	4.35254	9	0	72.341	-19.7233	20.4306	120.43	-19.7233	20.4306	120.43	
13868	8030	163.827	359.735	157.87	-66.9311	91.78	-0.587713	0	0	0	0	0	253.095	191.53	129.444	42.8105	2.04652	117.365	254.84	218.454	190.877	131.576	83.3472	41.6975	-0.255082	55.0108	119.346	5.53165	15	0	70.7152	14.173	26.8383	-788.483	14.173	26.8383	-788.483	
13868	10030	107.67	247.87	107.669	-99999	97.343	-0.701606	1	1	1	1	1	268.561	194.742	133.443	58.0592	232.101	210.711	283.858	247	210.039	133.443	95.7827	58.0592	232.101	221.113	210.711	4.71879	8	0	51.5553	97.3692	-30.5033	187.026	-0.880823	-7.70811	196.646	
13868	5741	296.018	652.773	294.459	30.3611	30.417	-0.924964	1	1	1	1	1	311.074	198.606	132.825	-130.259	-179.087	-112.013	311.303	257.551	198.242	133.511	0.0891948	-130.984	-179.243	-144.556	-111.957	5.9659	9	0	69.7701	30.4441	-0.929107	-150.794	30.4441	-0.929107	-150.794	
13868	13317	321.731	1669.75	312.435	51.0905	51.913	-0.707552	1	1	1	1	1	61.9311	254.142	68.8434	-152.706	478.522	370.986	60.8919	159.929	258.651	70.0348	-43.7482	-158.391	479.1	423.239	368.693	78.6476	10	0	603.78	51.9539	-34.1598	403.665	51.9539	-34.1598	403.665	
13868	13717	126.445	260.497	105.255	-99999	15.934	-0.76063	1	1	1	1	1	62.7613	129.793	-21.9867	-102.319	-417.285	-405.842	62.2571	102.516	142.223	-21.4141	-69.659	-118.354	-417.358	-410.406	-403.604	6.1203	6	0	58.8411	15.9676	-36.8261	-416.579	15.9676	-36.8261	-416.579	
13868	12434	290.621	675.392	289.401	-99999	57.396	-0.886247	1	1	1	1	1	185.429	162.968	133.019	-135.451	-426.304	-323.564	185.402	174.416	162.746	133.156	0.698324	-136.475	-426.37	-367.913	-323.436	5.40485	6	0	85.88	57.4211	-24.1824	-359.482	57.4211	-24.1824	-359.482	
13868	2979	329.941	1032.86	325.901	-99999	19.912	-0.943891	1	1	1	1	1	288.162	300.754	131.619	-164.952	388.901	261.168	294.326	299.739	306.906	132.609	-20.1162	-167.373	389.24	328.003	259.476	21.2017	10	0	270.362	19.93	-36.2476	314.193	19.93	-36.2476	314.193	
13868	13321	109.613	243.686	92.9352	-99999	116.938	-0.66301	0	0	0	0	0	178.605	111.006	132.865	69.293	251.63	256.589	178.471	138.538	98.8607	132.865	95.4507	57.7723	251.63	254.533	257.612	4.89503	7	0	76.7182	-999999	-999999	-999999	-999999	-999999	-999999	
13868	3366	113.902	281.948	113.532	-202.75	17.203	-0.742735	0	0	0	0	0	204.21	266.274	132.695	63.9121	-607.63	-671.819	204.018	237.094	266.274	132.97	95.7465	63.9121	-607.483	-634.848	-671.819	4.15685	13	0	63.8659	-28.4714	-82.9283	-348.163	-28.4714	-82.9283	-348.163	
13868	2721	310.469	709.771	309.675	-99999	69.831	-0.95382	1	1	1	1	1	83.7532	166.84	133.479	-160.82	216.585	242.757	83.4403	136.854	166.76	134.227	-11.4144	-160.82	216.596	219.061	242.757	5.4196	10	0	98.9363	69.8596	-7.10662	220.563	69.8596	-7.10662	220.563	
13868	33478	221.997	500.227	221.181	107.891	38.931	-0.849433	0	0	0	0	0	98.6271	225.278	132.851	-44.4158	-580.585	-548.99	98.3738	162.195	225.357	133.297	44.1894	-44.6881	-580.693	-564.111	-549.014	5.5983	7	0	76.039	48.6102	-33.215	520.151	108.59	6.93893	-565.391	
13868	12326	229.499	464.851	229.06	-99999	-26.869	-0.813759	1	1	1	1	1	340.031	272.916	133.793	-42.507	175.816	292.638	331.747	292.225	264.503	134.094	37.8434	-42.507	175.647	223.804	292.638	7.21204	9	0	79.835	-26.8408	5.84799	227.226	-26.8408	5.84799	227.226	
13868	3762	219.234	1317.39	216.578	36.1949	41.36	-0.435364	1	1	1	1	1	61.9389	245.069	99.4405	4.6057	-57.2398	-121.799	59.7228	151.327	245.166	100.527	50.6723	4.5246	-56.7709	-90.2845	-121.832	7.20646	9	0	90.4882	41.394	22.3769	-83.5968	41.394	22.3769	-83.5968	
13868	2102	154.634	393.958	143.486	-99999	107.458	-0.508525	1	1	1	1	1	184.996	308.274	128.44	58.4775	-487.357	-509.463	214.651	280.994	347.746	130.814	92.9445	56.1109	-486.656	-498.56	-510.881	7.15542	10	0	131.59	107.492	27.3314	-514.86	107.492	27.3314	-514.86	
13868	2308	97.9209	249.426	94.9533	-99999	-23.628	-0.881205	1	1	1	0	0	144.328	106.002	132.806	47.0747	116.37	117.958	144.803	121.671	105.834	133.637	90.5237	45.1728	116.409	117.453	117.328	4.67388	6	0	70.351	-29.6962	-25.6577	-545.659	2.43377	39.0862	466.507	
13868	3822	178.526	422.578	177.476	-99999	114.877	-0.903377	1	1	1	1	1	124.155	163.752	133.067	-22.4274	-382.72	-307.844	123.976	144.02	163.705	133.294	53.8515	-23.1787	-382.816	-347.511	-307.596	5.19834	13	0	71.1981	114.912	7.49998	-338.298	114.912	7.49998	-338.298	
13868	5317	226.019	527.94	225.616	-99999	8.411	-0.936256	1	1	1	1	1	175.836	112.723	132.852	-78.6723	-570.969	-529.417	175.926	152.895	112.699	133.196	25.1442	-78.6975	-571.054	-547.551	-529.416	9.10485	8	0	72.0889	8.43151	-21.9163	-536.351	8.43151	-21.9163	-536.351	
13868	296	472.464	5798.02	472.46	67.854	67.527	-0.495595	1	1	1	1	1	150.811	277.566	133.938	-77.6112	-101.514	-504.429	150.811	214.326	277.566	133.938	27.9407	-77.6112	-101.514	-302.807	-504.429	192.504	15	0	4561.73	67.5851	-60.6798	-539.812	-9.16494	63.6447	-372.706	
13868	1915	342.335	762.129	338.245	-99999	-37.215	-0.990044	1	1	1	1	1	277.666	321.66	129.407	-169.715	-674.608	-810.405	266.048	264.688	310.006	133.392	-16.9358	-169.715	-674.005	-752.442	-810.405	4.99378	9	0	73.8603	-37.1873	-30.8542	-738.8	-37.1873	-30.8542	-738.8	
13868	1617	327.946	2344.23	326.984	90.1409	90.676	-0.842439	1	1	1	1	1	319.926	179.773	133.058	-105.789	-425.63	-258.481	320.228	245.897	179.653	133.647	4.05889	-105.948	-425.841	-358.597	-258.31	37.1821	12	0	125.181	90.7112	-4.22161	-357.853	90.7112	-4.22161	-357.853	
13868	2537	91.6094	250.065	91.5781	-99999	45.423	-0.779135	1	1	1	1	1	201.399	156.258	133.16	65.074	83.8134	122.486	201.359	178.812	156.206	133.178	97.1357	65.074	83.8059	100.81	122.486	6.48746	9	0	77.6844	45.4594	-39.9166	171.207	-47.4806	-27.393	176.899	
13868	4911	263.049	606.957	262.393	-99999	-47.509	-0.925626	1	1	1	1	1	106.802	147.825	133.64	-110.895	-147.002	-62.9008	106.78	131.212	147.879	134.243	12.8687	-110.895	-147.233	-102.988	-62.9008	5.29208	11	0	71.1927	-47.4788	-13.2351	-93.3672	-47.4788	-13.2351	-93.3672	
13867	5533	242.242	570.472	241.899	-99999	88.835	-0.956968	1	1	1	1	1	86.7974	185.324	132.963	-86.3409	-347.633	-342.385	86.6144	127.111	185.25	133.229	19.2571	-86.3929	-347.627	-343.378	-342.386	5.61153	7	0	78.2879	88.8596	-1.38506	-345.824	88.8596	-1.38506	-345.824	
13868	8459	263.332	656.9	263.285	-99999	48.18	-0.981909	1	1	1	1	1	150.483	131.306	133.903	-109.043	-117.553	-64.8132	150.437	136.294	131.251	133.945	3.82371	-109.043	-117.557	-104.079	-64.8132	4.46711	8	0	65.1383	48.1888	-24.3241	-95.0235	48.1888	-24.3241	-95.0235	
13868	9378	315.46	712.883	302.861	-99999	90.024	-0.999021	1	1	1	1	1	146.308	154.975	133.558	-166.375	199.304	167.671	146.205	150.319	155.06	133.558	-22.5262	-178.421	199.304	181.218	170.97	7.61636	6	0	49.1683	82.7402	-25.6367	410.258	82.7402	-25.6367	410.258	
13868	13435	198.962	469.751	195.997	-99999	19.662	-0.94757	1	1	1	1	1	327.796	288.276	132.724	-47.906	-85.0421	-22.6812	334.102	318.238	294.15	134.736	41.8503	-48.6867	-85.7025	-53.9516	-22.5895	15.6852	8	0	94.9921	19.6794	4.36783	-46.8023	19.6794	4.36783	-46.8023	
13868	14864	239.32	559.182	238.534	-99999	80.833	-0.777311	1	1	1	1	1	175.671	122.345	132.649	-59.5602	-184.946	-55.1795	175.788	149.517	122.253	133.254	37.738	-59.5602	-185.392	-118.538	-55.1795	16.1377	11	0	86.2122	80.8662	-13.4206	-89.4526	80.8662	-13.4206	-89.4526	
13868	13212	156.248	2486.59	155.621	-99999	-31.108	-0.404269	1	1	1	1	1	181.653	143.397	133.432	64.2783	133.142	267.159	181.689	162.334	143.245	133.432	98.8021	64.0191	133.142	200.402	267.696	197.303	15	0	2061.67	-31.054	-8.85243	348.661	87.836	-18.9987	147.599	
13867	7882	251.475	24.1341	6.58528	-99999	116.147	-0.809959	1	1	1	1	1	286.545	284.89	129.406	123.361	107.438	105.574	323.107	294.638	267.917	131.915	23.5172	-85.7706	109.546	53.8568	-2.00645	5.55383	10	0	24.1342	116.175	-17.7996	29.4281	116.175	-17.7996	29.4281	
13868	12491	59.8914	147.345	59.8866	-99999	41.083	-0.944806	0	0	0	0	0	69.3761	88.1519	133.575	78.7981	370.194	382.351	69.3291	81.0191	88.1049	133.575	106.264	78.7981	370.194	373.64	382.351	5.58783	9	0	58.0851	41.1159	67.8392	382.905	41.1159	67.8392	382.905	
13868	16853	285.088	2261.39	284.905	68.794	69.684	-0.727981	1	1	1	1	1	62.5646	231.937	71.7231	-123.351	416.814	301.143	62.4673	152.717	231.937	71.8514	-20.4415	-123.351	416.886	356.695	301.143	5.37284	11	0	86.9008	69.7257	39.9239	395.704	69.7257	39.9239	395.704	
13868	17753	157.512	378.375	157.511	-99999	-9.973	-0.848526	1	1	1	1	1	151.898	81.1072	133.31	1.98332	504.523	554.977	151.91	116.406	81.1186	133.31	67.6465	1.98332	504.523	529.594	554.977	4.03553	10	0	48.1214	-9.94481	-12.9548	560.317	-9.94481	-12.9548	560.317	
13868	18381	24.7531	54.2353	23.597	-99999	110.744	-0.510321	0	0	0	0	0	309.169	324.673	133.453	121.357	285.273	272.298	343.239	351.698	359.476	133.903	127.515	121.227	285.738	279.349	272.099	5.50823	15	0	45.816	110.785	59.8304	236.723	110.785	59.8304	236.723	
13868	19381	320.898	616.348	307.091	-99999	-20.228	-0.961415	1	1	1	1	1	282.214	341.422	133.971	-167.138	-810.757	-820.013	275.88	307.333	338.022	133.971	-23.1814	-180.59	-810.757	-817.454	-820.749	4.56853	8	0	41.207	-20.2088	-36.5067	-794.586	-20.2088	-36.5067	-794.586	
13868	18398	347.638	729.113	346.397	116.682	115.578	-0.936618	1	1	1	1	1	113.516	272.648	133.273	-167.772	12.6413	-23.0008	113.187	185.363	272.824	134.197	-23.5898	-167.915	12.6962	3.59501	-23.0931	7.04933	8	0	75.3145	115.608	-17.149	3.33906	115.608	-17.149	3.33906	
13868	18041	176.403	369.951	175.15	-99999	78.178	-0.954636	1	1	1	1	0	177.717	186.699	132.416	-31.6504	-210.09	-151.485	177.612	180.428	186.72	133.038	50.0737	-32.2104	-210.284	-180.937	-151.344	5.3067	12	0	74.2383	78.2028	15.3829	-790.205	103.033	3.19575	-170.895	
13868	20246	78.0636	193.841	77.4789	-99999	42.424	-0.6261	0	0	0	0	0	197.024	234.583	128.303	72.0896	-667.338	-702.839	210.309	228.511	248.275	128.303	101.754	71.686	-667.338	-689.338	-702.899	6.36756	6	0	73.8068	42.4579	27.0381	-685.502	42.4579	27.0381	-685.502	
13868	20546	347.126	731.897	346.711	-99999	-30.977	-0.700404	1	1	1	1	1	170.684	157.434	133.067	-105.878	296.293	542.647	170.787	145.269	157.47	133.324	16.2355	-105.878	296.04	421.502	542.647	5.63362	11	0	79.6947	-30.9446	-14.4779	446.745	-30.9446	-14.4779	446.745	
13868	16917	185.6	459.83	182.683	-99999	42.115	-0.803105	1	1	1	1	1	215.899	264.761	131.192	-32.1293	735.297	791.31	228.338	261.992	278	132.664	54.7252	-33.0442	734.498	771.628	791.316	4.65201	16	0	100.137	42.1548	-25.9624	-273.686	85.5548	10.0614	-37.5463	
13868	24917	289.145	669.587	288.49	-99999	-14.805	-0.913685	1	1	1	1	1	74.6071	191.737	133.191	-125.828	-236.284	-193.655	74.4961	129.983	191.882	133.497	2.34112	-126.109	-236.327	-211.899	-193.594	4.40612	11	0	71.9007	-14.7858	5.67433	-212.911	-14.7858	5.67433	-212.911	
13868	25265	295.185	656.535	294.283	-99999	86.093	-0.963746	1	1	1	1	1	149.923	103.215	131.673	-149.182	-612.705	-544.826	150.005	128.783	103.117	132.52	-10.4493	-149.182	-612.859	-584.05	-544.826	4.80412	11	0	89.2304	83.6544	-31.9272	-456.665	83.6544	-31.9272	-456.665	
13868	26464	323.138	695.293	318.247	13.0549	15.755	-0.677237	1	1	1	1	1	62.1271	284.584	84.4963	-136.525	495.431	446.98	61.256	170.877	286.746	85.3484	-28.6966	-139.338	495.769	463.662	446.292	8.74264	6	0	86.5003	15.7811	-8.7225	467.175	15.7811	-8.7225	467.175	
13868	70851	85.6381	207.434	84.3177	82.58	83.065	-0.965107	1	1	0	0	0	217.334	195.267	131.61	51.0053	685.191	691.781	217.597	203.709	195.256	132.647	92.2045	50.7674	685.122	686.616	691.822	6.21929	7	0	68.5954	83.0967	11.0045	681.547	83.0967	11.0045	681.547	
13868	10857	234.941	563.362	234.775	-99999	11.731	-0.861232	1	1	1	1	1	355.572	229.613	68.5974	-128.067	790.389	811.497	359.323	298.586	233.283	68.7286	-31.0476	-128.075	790.375	802.7	811.499	11.0311	6	0	99.7796	11.739	24.6087	778.111	59.519	-23.45	762.655	
13867	12785	309.554	700.281	309.1	15.1704	14.001	-0.865445	1	1	1	1	1	99.0969	262.769	133.725	-109.04	-359.509	-444.07	99.0115	180.909	262.983	133.883	5.67909	-109.158	-359.481	-387.477	-444.171	6.86039	8	0	71.8952	14.0401	-11.4105	-394.785	14.0401	-11.4105	-394.785	
13868	15652	69.3945	217.9	68.6678	-99999	64.657	-0.919131	1	0	0	0	0	313.942	338.724	133.829	70.2365	392.79	397.443	334.189	346.574	359.214	133.829	101.617	69.6452	392.79	395.235	397.511	4.37448	8	0	96.149	64.6849	0.441907	395.372	64.6849	0.441907	395.372	
13868	16101	189.375	401.788	187.381	24.162	25.18	-0.860784	1	1	1	1	1	159.722	256.949	132.936	-25.5179	-290.059	-288.069	159.429	209.541	257.702	133.457	53.683	-26.5388	-289.986	-297.754	-288.05	5.1081	6	0	65.5928	25.2117	-2.99008	-291.528	25.2117	-2.99008	-291.528	
13868	18900	124.626	279.758	123.774	-99999	42.984	-0.974344	1	1	1	1	0	128.828	155.914	134.32	15.9551	-35.0797	-12.219	128.758	142.901	155.969	134.562	75.4037	15.3767	-35.1178	-21.8777	-12.0842	6.07863	8	0	80.9998	43.013	20.7634	-14.4424	43.013	20.7634	-14.4424	
13868	16946	215.127	499.835	213.765	-99999	-20.09	-0.987347	1	1	1	1	1	207.072	162.675	132.403	-76.1299	70.4143	79.6718	207.157	185.272	162.454	132.792	27.5584	-77.0558	70.4259	72.3449	79.5903	4.58741	7	0	75.2125	-20.0582	-15.7216	72.7528	-20.0582	-15.7216	72.7528	
13868	19077	249.427	618.202	248.407	-99999	-34.733	-0.950212	1	1	1	1	1	252.232	325.382	132.097	-103.19	609.335	631.391	241.07	271.243	314.505	133.057	13.1458	-103.19	609.164	624.193	631.391	13.0663	8	0	77.1027	-34.7074	-18.7457	621.214	-34.7074	-18.7457	621.214	
13868	20330	295.936	685.671	295.456	-99999	91.301	-0.889754	1	1	1	1	1	61.7678	186.68	101.795	-163.06	737.197	762.913	61.6085	130.589	186.648	101.902	-28.5414	-163.407	737.192	745.152	762.903	4.75662	8	0	81.6092	91.3303	-7.20393	741.614	91.3303	-7.20393	741.614	
13868	21430	386.128	847.228	385.867	91.3733	92.602	-0.638165	1	1	1	1	1	182.667	340.809	132.407	-111.329	-527.514	-780.29	182.622	259.896	340.867	132.488	13.9876	-111.414	-527.427	-658.566	-780.363	4.16441	13	0	58.1912	92.6508	-37.4834	-694.821	92.6508	-37.4834	-694.821	
13868	23130	306.397	734.3	306.372	-99999	55.876	-0.967845	1	1	1	1	1	280.811	341.679	133.018	-167.007	371.097	364.646	298.303	329.114	359.176	133.039	-16.8424	-167.007	371.099	365.415	364.646	6.02407	10	0	56.9771	55.8964	-41.4939	360.071	55.8964	-41.4939	360.071	
13868	29201	195.983	352.802	194.553	-99999	65.536	-0.850935	1	1	0	0	0	93.3674	107.007	133.271	-36.2676	770.391	863.667	93.2562	100.088	107.072	133.909	49.7872	-36.9199	770.005	819.692	863.753	5.85819	9	0	58.4997	65.5627	24.498	807.237	65.5627	24.498	807.237	
13868	72226	102.54	249.274	101.776	-99999	91.478	-0.890191	1	1	1	0	0	283.838	330.42	132.373	41.9093	-285.6	-283.654	312.406	336.074	359.346	132.524	87.0597	41.3868	-285.604	-284.473	-283.641	4.20998	8	0	50.6436	91.4874	26.0334	-274.808	91.4874	26.0334	-274.808	
13867	12691	56.2688	143.22	55.8212	-99999	78.29	-0.889305	1	1	0	0	0	313.115	334.553	131.253	81.3064	182.976	170.287	337.539	348.519	359.141	131.463	106.287	81.1125	183.026	176.932	170.236	13.1839	10	0	61.4847	78.3025	70.8069	171.378	78.3025	70.8069	171.378	
13868	33496	99.676	278.232	38.0287	-99999	10.448	-0.650569	1	1	1	1	1	356.066	335.674	-84.3525	-53.641	-232.39	-224.721	302.744	332.075	359.408	-7.63625	-45.0947	-84.5833	-207.545	-221.562	-232.319	12.0284	175	0	278.232	10.485	-40.5414	-222.647	10.485	-40.5414	-222.647	
13868	38246	392.376	857.014	392.152	-99999	72.366	-0.520345	1	1	1	1	1	256.741	188.943	132.748	-106.852	873.067	573.515	279.402	247.653	211.646	132.748	22.188	-106.992	873.067	714.236	573.349	6.23504	15	0	89.3907	72.3994	-5.47429	674.128	72.3994	-5.47429	674.128	
13868	44638	331.202	738.338	321.828	-490.696	97.485	-0.826937	0	0	0	0	0	195.951	285.467	127.007	-144.212	-0.290078	-145.32	194.068	241.8	286.017	133.096	-4.51498	-145.552	3.36756	-74.8295	-146.72	5.15245	16	0	72.1516	97.5087	49.6931	354.337	97.5087	49.6931	354.337	
13867	12559	107.474	258.47	107.261	97.9981	98.569	-0.751294	1	1	1	1	0	186.508	217.745	133.332	64.8763	-681.345	-757.032	186.488	198.728	217.756	133.472	97.4881	64.8638	-681.223	-719.033	-757.045	4.97819	11	0	71.9042	98.5988	22.663	-718.887	98.5988	22.663	-718.887	
13868	1635	263.933	588.736	261.52	44.361	44.259	-0.95881	1	1	1	1	1	257.658	180.485	132.257	-115.778	130.299	147.479	258.088	222.016	180.173	133.75	7.05951	-116.568	130.188	133.787	147.448	6.15775	6	0	73.1978	44.2984	-18.7033	137.391	44.2984	-18.7033	137.391	
13868	6550	266.701	615.58	266.02	-99999	97.335	-0.969526	1	1	1	1	1	104.401	159.394	132.79	-120.974	263.293	318.03	104.182	130.779	159.282	133.446	5.55792	-120.974	263.17	289.467	318.03	6.09317	8	0	74.6505	97.3478	-16.0405	292.808	97.3478	-16.0405	292.808	
13868	7450	65.0376	161.882	63.8975	-18.9754	-23.279	-0.515782	1	1	1	1	1	194.512	225.119	133.135	104.296	281.526	329.187	194.03	210.264	225.119	133.723	117.176	104.296	280.68	303.44	329.187	5.11862	9	0	79.6055	-23.2325	-7.45828	434.015	-43.9725	-22.9812	257.004	
13868	13050	236.046	528.465	235.802	-99999	-20.049	-0.815561	1	1	1	1	1	65.1753	168.668	88.9726	-105.5	-317.593	-236.107	65.075	118.141	168.691	89.1684	-10.4264	-105.5	-317.661	-283.22	-236.107	5.88462	11	0	73.6411	-20.0111	-7.65675	-283.609	-20.0111	-7.65675	-283.609	
13868	11103	337.391	956.631	336.505	-99999	73.098	-0.906817	1	1	1	1	1	279.115	223.15	133.273	-168.62	-347.014	-484.478	302.005	273.304	246.055	133.273	-18.2733	-169.373	-347.014	-415.215	-484.918	11.9395	10	0	176.14	79.7256	10.5816	-377.888	79.7256	10.5816	-377.888	
13868	14703	112.867	293.41	112.391	-99999	33.753	-0.976489	1	1	1	0	0	307.564	323.677	133.608	23.7838	701.445	715.98	318.068	323.204	334.246	134.067	78.6994	23.7838	701.362	710.741	715.98	7.82983	6	0	76.3951	33.7747	17.9285	709.839	33.7747	17.9285	709.839	
13868	11040	284.673	641.612	280.861	-99999	36.045	-0.991232	1	1	1	1	1	179.063	189.534	131.447	-147.803	-333.029	-331.224	179.244	174.034	190.211	133.127	-8.92324	-149.768	-333.078	-331.617	-331.189	4.6819	6	0	67.1197	36.0756	-24.02	-333.897	36.0756	-24.02	-333.897	
13868	17625	382.246	867.88	380.91	-99999	40.12	-0.614866	1	1	1	1	1	233.605	275.132	133.34	-85.6453	-400.104	-92.3727	246.168	269.49	287.751	133.34	17.775	-85.9631	-400.104	-249.735	-91.0834	12.7664	14	0	82.5873	45.4801	-7.59753	57.7168	45.4801	-7.59753	57.7168	
13868	13656	153.258	1355.12	151.548	-99999	2.618	-0.849679	1	1	1	1	1	242.945	204.188	133.41	7.91575	758.042	833.437	243.185	223.688	204.188	134.587	70.6519	7.91575	757.365	794.723	833.437	10.2641	7	0	58.1013	2.64416	-9.34309	779.197	2.64416	-9.34309	779.197	
13868	14667	275.997	629.976	275.989	68.16	68.682	-0.863834	1	1	1	1	1	258.757	116.754	133.167	-90.3717	726.599	796.609	258.757	188.272	116.754	133.167	19.0544	-90.3717	726.599	758.576	796.609	4.5907	11	0	72.8731	68.7107	-3.97727	590.609	68.7107	-3.97727	590.609	
13868	18284	75.8246	197.47	74.5481	73.3907	71.985	-0.916359	1	1	0	0	0	188.923	219.743	133.088	65.5823	13.7215	14.6257	188.849	203.592	220.308	133.267	98.4653	64.6634	13.7059	16.6599	14.6487	5.1818	6	0	81.5886	72.0187	28.5027	9.41904	72.0187	28.5027	9.41904	
13868	18584	97.4788	255.598	97.2302	-99999	53.61	-0.959666	1	1	1	1	1	331.339	342.302	133.921	39.1291	182.121	200.517	348.127	353.879	359.116	133.921	86.5131	38.8856	182.121	191.809	200.53	4.00716	7	0	52.5672	53.6273	-6.94113	215.495	53.6273	-6.94113	215.495	
13868	16886	243.249	2812.34	241.024	89.698	90.396	-0.805082	1	1	1	1	1	125.535	241.893	133.818	-48.322	-220.39	-321.496	125.535	174.19	243.603	133.818	38.4021	-49.6483	-220.39	-277.87	-321.983	4.00974	7	0	62.4439	85.0267	-16.051	-558.359	51.3667	-72.6989	-261.059	
13868	18286	344.866	731.101	344.818	-99999	-21.158	-0.804444	1	1	1	1	1	100.184	88.6637	134.395	-148.596	-329.956	-136.461	100.208	94.9543	88.6879	134.395	-6.69771	-148.596	-329.956	-231.475	-136.461	9.94129	16	0	75.927	-21.1318	-11.1337	-229.507	-21.1318	-11.1337	-229.507	
13868	15191	92.2379	222.324	88.3458	-99999	32.844	-0.75168	1	1	0	0	0	268.664	308.484	132.117	55.3702	741.312	750.814	277.695	303.068	319.069	133.594	96.1146	53.5369	740.922	749.356	750.365	4.77225	15	0	74.397	32.8732	37.3443	747.652	32.8732	37.3443	747.652	
13868	20921	194.773	574.363	167.113	-99999	33.229	-0.865983	1	1	1	1	1	258.915	337.688	132.129	-12.3915	-296.814	-267.981	269.108	315.146	359.464	132.528	48.431	-36.8291	-296.899	-279.814	-266.155	4.10477	7	0	98.2226	33.2531	-21.6949	-265.148	33.2531	-21.6949	-265.148	
13868	21861	396.62	966.304	393.652	-2.57181	-3.706	-0.800894	1	1	1	1	1	264.553	166.835	131.2	-170.196	-405.548	-172.005	265.142	216.615	166.808	133.504	-18.9788	-170.256	-407.161	-290.057	-171.953	5.23977	14	0	86.8777	-3.68022	-25.2441	-410.731	85.0498	-0.277974	-226.409	
13868	24645	114.325	345.926	113.803	-99999	47.963	-0.48776	1	0	0	0	0	175.924	114.548	132.873	73.7307	109.005	182.554	176.113	140.474	114.42	133.059	104.962	73.6395	108.773	143.487	182.618	5.89211	12	0	136.813	56.8506	-81.3512	259.466	56.8506	-81.3512	259.466	
13867	13136	370.83	870.318	370.825	36.6522	37.463	-0.665767	1	1	1	1	1	214.633	115.77	131.754	-133.346	-650.458	-412.286	214.633	169.998	115.77	131.754	-2.09824	-133.346	-650.458	-530.396	-412.286	7.19991	12	0	76.5527	37.4997	-34.2301	-496.129	37.4997	-34.2301	-496.129	
13868	20697	348.835	849.115	348.833	-99999	103.965	-0.694265	1	1	1	1	1	248.484	326.668	-164.128	89.7685	-888.698	-662.678	359.224	320.61	281.04	89.7685	-37.6042	-164.128	-662.678	-775.372	-888.698	16.6027	1006	0	849.115	104.003	-2.70354	-727.193	104.003	-2.70354	-727.193	
13868	22986	247.506	553.206	244.618	-41.8613	-39.878	-0.763685	1	1	1	1	1	339.944	183.304	133.563	-49.5649	775.409	815.647	339.944	260.775	181.891	133.563	40.8702	-52.0718	775.409	796.304	815.757	5.30962	6	0	67.29	-39.8563	14.0497	770.715	-39.8563	14.0497	770.715	
13868	21892	158.413	341	157.434	-352.746	13.857	-0.965716	0	0	0	0	0	213.312	178.158	132.017	-16.4596	-442.678	-406.112	213.312	193.999	177.769	132.017	56.6771	-17.2952	-442.678	-427.899	-405.811	4.16134	12	0	68.9071	8.09477	-109.355	-438.818	8.09477	-109.355	-438.818	
13867	3974	231.469	564.809	231.282	-99999	100.545	-0.368151	1	1	1	1	1	242.328	327.452	133.642	48.9147	-185.298	12.3206	273.733	316.225	358.937	133.709	91.0056	48.9147	-185.447	-86.6415	12.3206	4.90328	9	0	61.1096	100.601	35.1301	-5.43862	100.601	35.1301	-5.43862	
13868	26119	285.191	650.345	284.342	-99999	-2.959	-0.93579	1	1	1	1	1	109.536	156.638	131.913	-136.623	173.036	245.452	109.456	124.994	156.642	132.702	-3.35644	-136.623	172.75	212.151	245.452	5.45979	10	0	74.1588	-2.94423	-14.7987	211.237	-2.94423	-14.7987	211.237	
13868	25731	346.553	781.175	344.258	104.108	104.78	-0.852944	1	1	1	1	1	189.731	229.151	131.846	-152.126	745.398	556.25	189.537	213.64	229.186	133.6	-5.59379	-152.341	746.448	646.315	556.172	7.22398	10	0	79.3887	104.822	-19.5399	628.145	104.822	-19.5399	628.145	
13868	27909	292.555	637.13	292.044	-42.9268	-43.365	-0.835468	1	1	1	1	1	330.776	167.538	132.969	-93.8532	687.808	768.143	331.015	254.381	167.538	133.393	15.999	-93.8532	687.673	729.071	768.143	5.49465	8	0	67.6499	-43.3286	-16.4926	716.682	-43.3286	-16.4926	716.682	
13868	33152	181.902	452.244	171.827	-99999	53.781	-0.756696	1	1	1	1	1	226.155	336.426	132.73	3.56186	136.235	162.245	242.532	300.57	358.864	133.277	64.6816	-3.84625	136.14	150.188	163.333	4.11631	10	0	92.5202	53.8118	-6.55656	159.487	53.8118	-6.55656	159.487	
13868	32145	193.35	430.241	193.342	-99999	65.832	-0.902494	1	1	1	1	0	146.029	96.431	134.369	-45.8096	-173.944	-128.78	145.954	122.96	96.3557	134.369	43.5656	-45.8096	-173.944	-150.342	-128.78	5.23691	7	0	71.426	65.8626	-4.43527	-140.636	65.8626	-4.43527	-140.636	
13868	34042	83.0987	222.999	82.5742	-99999	26.641	-0.969252	1	1	0	0	0	129.36	143.69	133.552	56.947	456.047	481.09	129.277	137.075	143.707	133.856	94.0383	56.7966	455.991	464.742	481.155	5.01455	14	0	78.6919	26.6684	31.2589	463.524	26.6684	31.2589	463.524	
13867	13216	75.777	937.173	75.5846	-99999	31.545	-0.74855	1	0	0	0	0	107.269	125.569	133.789	74.7028	385.319	428.075	107.228	117.984	125.533	133.806	104.57	74.6839	385.306	406.509	428.086	6.45276	14	0	83.6917	31.5714	51.5316	412.735	31.5714	51.5316	412.735	
13868	23907	238.557	528.323	236.296	62.1763	61.999	-0.801513	1	1	1	1	1	166.369	273.17	132.611	-35.9738	165.189	41.6631	165.616	213.671	273.17	134.424	46.8299	-35.9738	166.299	101.264	41.6631	5.24573	8	0	66.8801	62.0447	-7.40991	70.3758	62.0447	-7.40991	70.3758	
13868	36816	143.464	411.598	142.522	-99999	109.68	-0.35433	1	1	1	0	0	232.32	324.826	-35.3604	15.8337	-894.863	-799.295	359.635	313.125	266.519	16.0882	-9.51829	-35.4453	-798.813	-847.045	-895.012	18.1368	338	0	411.598	109.651	-7.75639	-805.637	109.651	-7.75639	-805.637	
13868	35012	354.187	925.721	354.128	-596.873	68.299	-0.751468	0	0	0	0	0	256.033	101.774	133.351	-116.702	274.366	471.796	256.033	178.579	101.755	133.351	8.68223	-116.744	274.366	373.334	471.825	6.93324	12	0	66.9788	67.5184	1.67325	680.586	67.5184	1.67325	680.586	
13868	36483	252.251	500.551	235.634	-99999	-1.773	-0.976805	1	1	1	1	1	292.931	310.037	133.37	-97.5078	204.376	177.841	292.327	301.476	306.797	133.711	9.58087	-112.156	204.436	185.154	181.172	4.21991	11	0	66.0041	-1.74876	-17.4543	179.716	-1.74876	-17.4543	179.716	
13868	75682	191.098	465.563	190.049	-99999	27.646	-0.983536	1	1	1	1	0	83.1826	97.728	130.465	-58.1001	337.066	353.972	83.1201	88.7181	97.6964	131.488	36.5185	-58.1001	336.867	344.845	353.972	5.99433	6	0	81.5705	27.6672	-3.33829	353.7	27.6672	-3.33829	353.7	
13868	3832	241.244	530.923	240.453	-99999	-6.068	-0.860008	1	1	1	1	1	62.9689	182.429	99.4811	-107.677	643.803	652.094	62.9571	120.696	182.731	99.5169	-6.29422	-108.339	643.804	640.196	652.268	4.21171	13	0	73.4039	-6.0412	3.55281	641.579	-6.0412	3.55281	641.579	
13868	2859	303.037	774.465	302.704	49.4929	49.665	-0.837551	1	1	1	1	1	171.067	282.731	133.452	-113.505	-281.348	-412.225	171.067	235.212	282.763	133.452	10.242	-113.781	-281.348	-341.586	-412.401	4.3864	14	0	68.6828	49.7051	-29.0813	-365.29	106.895	23.7921	-330.55	
13867	17017	30.6008	117.361	30.6005	-99999	66.307	-0.796857	0	0	0	0	0	322.061	338.45	133.96	109.084	-822.943	-829.917	342.825	351.174	359.214	133.96	121.603	109.084	-822.943	-826.354	-829.917	41.515	10	0	91.7996	66.3314	71.7137	-821.882	66.3314	71.7137	-821.882	
13868	5019	107.221	269.974	106.995	-99999	67.349	-0.960471	1	1	1	0	0	87.204	80.1479	134.226	33.7808	571.581	605.417	87.1269	80.7003	80.1044	134.226	82.9013	33.59	571.581	585.567	605.464	4.01355	12	0	69.1419	67.3738	54.7405	598.913	67.3738	54.7405	598.913	
13868	9437	134.454	307.192	133.479	-46.8219	-48.522	-0.787295	1	1	1	1	1	167.267	248.467	133.248	28.7053	-279.743	-294.855	167.267	207.287	248.962	133.248	79.8014	27.886	-279.743	-287.289	-295.018	5.01192	10	0	66.7963	-39.5658	8.63026	-16.7221	-39.5658	8.63026	-16.7221	
13867	17997	124.45	344.949	123.417	-99999	47.406	-0.588548	1	1	1	0	0	255.883	286.191	133.457	63.2086	-105.684	-10.641	270.728	285.081	300.987	133.457	95.0984	62.8151	-105.684	-59.0507	-10.3362	6.83874	24	0	126.119	47.4381	43.027	-37.1764	47.4381	43.027	-37.1764	
13867	7113	44.8024	130.59	42.5707	-99999	49.797	-0.994309	0	0	0	0	0	174.167	170.315	131.102	88.867	689.529	689.96	174.163	172.676	170.089	132.148	109.888	87.8262	689.438	689.567	689.855	6.08168	9	0	80.5579	49.8307	27.5393	691.203	49.8307	27.5393	691.203	
13868	8664	283.133	633.865	282.22	-99999	116.444	-0.995113	1	1	1	1	1	159.129	204.893	132.575	-138.443	23.6963	66.1847	158.997	167.416	204.876	132.999	-4.6733	-138.87	23.6512	47.1193	66.177	5.34357	8	0	74.8964	116.48	-14.7206	47.3619	116.48	-14.7206	47.3619	
13868	9365	330.895	956.329	311.364	105.862	105.867	-0.644631	1	1	1	1	1	180.255	348.152	133.09	-64.1328	-80.4572	-253.188	180.164	269.328	359.044	133.206	28.3931	-76.5529	-80.3549	-172.17	-263.224	6.26851	15	0	206.943	105.904	-18.7352	-205.998	-40.4162	22.9328	-179.499	
13868	20914	235.007	482.574	233.724	-99999	-38.409	-0.969667	1	1	1	1	1	139.906	91.8341	134.298	-94.0576	299.506	302.491	140.109	116.107	91.6838	134.893	19.9178	-94.6763	299.506	297.745	302.524	4.73472	8	0	65.8192	-38.3832	-28.7585	306.259	-38.3832	-28.7585	306.259	
13868	12788	136.339	325.94	134.466	-99999	47.066	-0.843216	1	1	1	1	0	142.827	81.7094	132.091	13.543	-499.902	-488.492	143.47	110.16	81.5059	133.284	74.9158	13.1093	-500.191	-489.823	-488.494	7.27172	8	0	75.9731	47.0882	21.9359	-485.083	47.0882	21.9359	-485.083	
13867	19503	226.031	512.492	224.855	-99999	45.018	-0.923765	1	1	1	1	1	333.308	258.467	133.662	-76.8807	-44.8548	-28.4656	347.516	302.968	272.373	133.945	30.5442	-77.7034	-44.8832	-35.8556	-28.6487	5.95742	9	0	78.5421	45.0482	-5.57796	-259.758	45.0482	-5.57796	-259.758	
13868	10183	249.499	551.799	249.169	-99999	59.095	-0.97145	1	1	1	1	1	162.791	157.5	133.365	-105.506	-350.984	-291.373	162.724	167.889	157.331	133.365	11.4728	-105.761	-350.984	-326.657	-291.323	4.0117	10	0	65.5702	59.1284	-19.1967	-315.942	59.1284	-19.1967	-315.942	
13868	12983	149.838	337.118	146.946	-99999	14.975	-0.993223	1	1	1	1	1	157.532	138.01	131.359	-12.683	-48.6659	-35.8387	157.75	151.865	137.616	133.391	58.9077	-13.4303	-48.7126	-43.7636	-35.7977	5.14813	7	0	67.3702	14.9829	7.40329	-39.5599	14.9829	7.40329	-39.5599	
13868	21234	73.7789	293.328	58.1596	-99999	114.146	-0.792873	1	1	1	0	0	294.28	321.485	126.304	84.5221	-132.96	-114.533	324.939	343.792	359.166	133.826	105.04	81.1054	-135.894	-124.107	-113.861	18.1666	8	0	170.872	114.185	41.5329	-131.024	114.185	41.5329	-131.024	
13868	30095	337.328	694.761	336.83	43.0214	43.01	-0.871931	1	1	1	1	1	145.78	329.87	133.332	-140.745	-704.557	-766.977	145.654	231.255	329.974	133.583	-7.57932	-140.905	-704.497	-738.684	-767.005	4.10892	9	0	79.0512	43.0387	-40.0281	-732.081	43.0387	-40.0281	-732.081	
13868	31295	431.811	843.568	429.806	47.6802	47.362	-0.66822	1	1	1	1	1	228.075	78.668	133.051	-115.542	-37.2838	273.214	228.075	134.559	78.6851	133.051	7.75842	-115.715	-37.2838	111.22	273.492	5.05993	12	0	25.4657	47.4108	-29.4607	152.689	47.4108	-29.4607	152.689	
13868	15250	202.576	520.48	201.712	-99999	105.635	-0.095979	1	1	1	1	1	177.371	325.88	-91.5317	-111.283	894.064	759.152	210.45	285.201	359.563	-91.5317	-101.147	-111.557	894.064	826.42	758.604	10.8601	9	0	55.4265	105.619	-88.4125	773.031	105.619	-88.4125	773.031	
13868	22975	132.753	325.869	131.888	-99999	88.346	-0.972941	1	1	1	1	1	193.573	224.616	132.132	4.17456	853.192	860.651	179.512	195.13	210.733	132.975	68.6	4.17456	853.117	857.258	860.651	4.08804	8	0	67.7286	88.3649	-22.3252	793.771	88.3649	-22.3252	793.771	
13868	21652	326.217	901.616	323.35	34.24	34.089	-0.957807	1	1	1	1	1	215.304	203.632	132.806	-171.275	583.416	683.18	215.304	211.058	203.569	132.806	-19.7881	-173.124	583.416	631.733	685.068	6.37056	17	0	48.8875	34.1182	-21.1712	629.239	34.1182	-21.1712	629.239	
13868	21704	292.967	518.338	292.956	-99999	110.561	-0.779758	1	1	1	1	1	160.328	150.341	130.36	-117.467	719.637	874.029	160.201	152.532	150.215	130.36	6.38831	-117.467	719.637	797.024	874.029	5.31224	7	0	34.3609	110.596	-14.5948	773.563	110.596	-14.5948	773.563	
13868	28521	110.069	263.81	103.267	-99999	65.28	-0.834904	0	0	0	0	0	138.52	101.104	130.257	36.9872	-566.375	-587.9	138.958	118.997	98.8668	131.278	82.5077	31.9004	-565.934	-581.23	-588.617	4.05527	7	0	63.5745	65.3241	41.6206	-212.238	65.3241	41.6206	-212.238	
13868	23959	330.908	738.889	330.9	-99999	95.217	-0.333573	1	1	1	1	1	208.885	283.782	133.402	19.6599	-848.593	-548.058	238.702	269.747	313.599	133.402	76.2351	19.6599	-848.593	-696.58	-548.058	4.107	9	0	76.3027	95.2415	17.1885	-629.568	95.2415	17.1885	-629.568	
13868	25181	353.622	1192.98	341.41	36.7973	35.676	-0.695043	1	1	1	1	1	67.3648	261.417	125.637	-108.108	630.041	475.961	60.9459	163.749	261.718	133.625	15.4344	-108.536	635.61	553.834	475.829	5.59864	9	0	71.6436	35.8305	-57.0238	-425.42	-19.6395	28.1234	807.286	
13868	28181	223.699	511.683	222.824	49.4359	51.044	-0.989353	1	1	1	1	1	207.06	259.859	131.511	-76.8115	702.663	648.307	207.048	228.667	260.18	131.592	26.0497	-77.4473	702.663	675.032	648.27	7.5921	7	0	76.4203	51.0822	-13.005	653.741	51.0822	-13.005	653.741	
13868	33803	354.843	996.615	354.45	21.9664	22.476	-0.830475	1	1	1	1	1	89.475	248.043	133.436	-154.644	-443.639	-575.726	89.3956	168.886	248.139	133.594	-10.3513	-154.802	-443.574	-510.16	-575.797	4.66199	10	0	86.7256	22.5089	-23.7763	-518.907	22.5089	-23.7763	-518.907	
13868	34614	220.134	521.84	220.041	70.594	70.528	-0.736318	1	1	1	1	1	120.407	217.219	133.891	-17.7872	841.043	716.062	120.37	173.949	217.219	133.955	56.3947	-17.7872	841.087	784.401	716.062	10.6503	7	0	72.5897	70.5585	10.3448	749.85	70.5585	10.3448	749.85	
13868	30611	126.71	413.517	122.339	76.7214	76.743	-0.594952	1	1	1	1	1	186.999	290.005	132.106	70.1422	-291.684	-313.929	184.716	237.438	291.294	133.841	100.628	69.5639	-291.226	-302.292	-314.295	4.05255	7	0	125.742	76.7685	24.8691	-322.478	76.7685	24.8691	-322.478	
13868	37876	203.029	427.769	200.279	35.2121	34.997	-0.987304	1	1	1	1	1	206.397	225.07	130.756	-65.6579	470.133	470.268	205.982	220.081	225.07	133.379	33.1533	-65.6579	470.149	477.003	470.268	4.35688	9	0	57.492	35.0186	-10.9904	468.262	35.0186	-10.9904	468.262	
13868	38859	345.146	864.741	344.546	-99999	-25.26	-0.777327	1	1	1	1	1	182.367	107.451	132.879	-148.878	128.992	311.071	182.59	139.271	107.48	133.341	-5.12572	-148.878	128.668	222	311.071	5.69378	9	0	66.6404	-23.9285	-2.11407	344.273	-23.9285	-2.11407	344.273	
13868	35968	237.29	548.795	234.655	-99999	94.011	-0.848196	1	1	1	1	1	201.27	89.8316	131.47	-50.1905	-768.71	-672.7	202.076	146.649	89.4258	133.243	38.2147	-50.5054	-769.311	-725.041	-672.366	6.08922	11	0	88.5543	102.728	-18.4292	-38.1482	50.8775	28.8138	-795.595	
13868	37925	285.075	651.103	283.897	-99999	115.848	-0.754023	1	1	1	1	1	199.937	107.209	132.753	-81.6745	-86.9784	73.2067	199.953	154.395	106.856	133.051	21.7566	-82.305	-87.1928	-10.7702	73.6054	4.43379	19	0	85.7841	115.866	-23.4185	22.4731	-37.9144	1.39987	18.2729	
13868	1293	290.678	902.259	289.761	-99999	60.929	-0.888428	1	1	1	1	1	212.552	340.218	131.079	-125.254	297.073	340.877	231.232	295.401	359.297	131.891	3.38877	-125.254	296.953	318.881	340.877	4.23891	7	0	49.9748	60.9544	-49.0861	325.702	60.9544	-49.0861	325.702	
13868	24665	189.033	392.199	189.031	-99999	89.705	-0.737692	1	1	1	1	1	188.868	331.087	134.815	20.2908	499.372	452.033	216.958	286.879	359.177	134.815	74.6826	20.2908	499.372	479.201	452.033	4.55291	10	0	45.0434	89.7342	0.599762	463.751	89.7342	0.599762	463.751	
13868	6638	397.34	972.344	397.335	-6.42062	-6.875	-0.784995	1	1	1	1	1	255.167	74.5227	133.96	-162.899	-415.337	-226	255.167	161.885	74.5227	133.96	-13.8407	-162.899	-415.337	-321.107	-226	4.92564	20	0	85.1063	-6.83505	-42.3399	-302.067	-6.83505	-42.3399	-302.067	
13868	7201	88.7644	201.803	82.8742	-99999	-5.004	-0.604587	1	1	1	1	0	65.4434	116.679	-101.633	-150.838	250.538	293.204	65.4492	92.7576	120.437	-101.633	-127.956	-154.365	250.538	273.579	296.059	4.55757	12	0	61.727	-4.9625	-80.1309	273.282	-4.9625	-80.1309	273.282	
13868	7890	172.837	397.335	172.436	-99999	-30.135	-0.808859	1	1	1	1	0	124.075	195.319	133.257	9.53513	230.84	325.846	123.999	155.968	195.353	133.586	66.8416	9.53513	230.641	275.181	325.846	4.61078	13	0	73.1169	-30.1223	15.2763	287.576	-30.1223	15.2763	287.576	
13868	78131	353.78	5214.2	351.198	68.4623	67.895	-0.73849	1	1	1	1	1	357.485	175.953	126.584	-133.871	227.461	377.001	358.41	266.322	175.531	127.862	-3.63456	-134.355	226.747	301.022	377.542	4.08631	9	0	119.147	67.9268	-12.5771	302.683	67.9268	-12.5771	302.683	
13867	17396	263.905	699.539	263.454	-26.1486	-24.454	-0.774977	1	1	1	1	1	163.239	242.884	133.663	-77.2677	-374.914	-507.52	163.239	209.671	242.942	133.663	33.1721	-77.6816	-374.914	-446.564	-507.676	5.09212	12	0	67.6989	-24.4161	-10.4775	-453.327	-24.4161	-10.4775	-453.327	
13868	11038	317.354	674.809	316.708	-99999	25.503	-0.939686	1	1	1	0	0	226.723	254.999	133.141	-170.135	-539.612	-617.398	234.642	255.268	262.955	133.421	-18.4129	-170.326	-539.533	-579.169	-617.418	7.84184	10	0	121.871	25.4874	-6.41442	-253.019	39.9574	-75.0955	-827.933	
13868	20932	313.094	725.949	312.966	-99999	-3.725	-0.887454	1	1	1	1	1	64.6494	98.7301	134.849	-130.325	316.43	470.34	64.6348	88.7064	98.7344	134.921	-4.99073	-130.325	316.398	382.161	470.34	6.28868	12	0	85.1827	-3.69528	-16.3727	395.354	-3.69528	-16.3727	395.354	
13868	23032	200.218	440.203	198.296	-99999	107.362	-0.833022	1	1	1	1	1	307.883	193.922	133.464	-14.5659	-281.417	-343.727	325.057	269.924	209.861	133.978	54.0707	-15.2678	-281.273	-305.446	-344.312	6.13987	10	0	81.147	114.926	-32.3834	-353.597	114.926	-32.3834	-353.597	
13868	23654	98.3777	218.986	97.7095	-99999	-1.458	-0.866403	1	1	1	0	0	155.389	184.772	130.732	42.4425	-700.41	-673.186	155.3	174.282	184.86	130.92	87.5202	42.0297	-700.467	-687.418	-673.066	6.13223	11	0	61.8002	-1.4302	22.4332	-673.358	-1.4302	22.4332	-673.358	
13868	20312	86.6703	205.776	86.387	74.6872	78.33	-0.865647	1	1	0	0	0	216.11	165.943	133.235	63.95	734.025	740.344	216.11	189.535	165.836	133.235	99.1289	63.6961	734.025	734.737	740.389	5.0436	10	0	72.2915	78.3575	20.2072	730.716	78.3575	20.2072	730.716	
13868	21312	329.375	3935.17	323.626	-14.1918	-13.441	-0.755043	1	1	1	1	1	89.2436	244.522	129.973	-108.845	-31.3352	-182.964	86.7969	163.867	244.891	133.672	9.66796	-109.485	-29.1857	-104.895	-183.302	5.29228	12	0	79.195	-13.4139	-3.88724	-108.631	-13.4139	-3.88724	-108.631	
13867	2222	85.2794	228.489	84.7841	-99999	-11.874	-0.95607	1	1	1	0	0	174.184	199.416	132.959	54.6526	-355.909	-336.078	174.135	185.27	199.465	133.353	93.4476	54.5776	-355.996	-345.976	-336.062	4.43198	10	0	68.6007	-11.8278	22.1697	-341.522	-11.8278	22.1697	-341.522	
13868	24791	239.683	534.633	238.836	82.2668	83.828	-0.683438	1	1	1	1	1	61.7278	244.279	125.123	-28.3745	341.35	340.104	61.7278	153.817	244.86	125.123	48.5772	-28.9709	341.35	341.723	339.999	5.46417	6	0	68.2719	83.852	11.1534	344.141	83.852	11.1534	344.141	
13868	22555	63.1269	260.853	62.6507	-99999	2.081	-0.67274	0	0	0	0	0	159.919	140.258	133.157	91.2228	-872.678	-831.524	160.012	150.167	140.256	133.352	111.553	91.2228	-872.882	-852.353	-831.524	6.72319	33	0	155.785	-5.35822	2.62936	680.439	-5.35822	2.62936	680.439	
13868	77659	174.459	340.081	174.038	-32.0022	-29.097	-0.937438	1	1	1	1	1	205.891	266.814	132.179	-29.6031	336.716	334.862	205.757	240.465	266.814	132.573	52.7611	-29.6031	336.714	341.804	334.862	5.17132	8	0	70.0107	-29.0729	-11.421	333.961	-29.0729	-11.421	333.961	
13867	5237	371.78	788.891	370.7	24.1701	23.938	-0.788157	1	1	1	1	1	240.336	151.646	132.395	-153.294	-431.734	-216.485	240.563	189.53	151.646	133.243	-9.19483	-153.294	-432.352	-324.519	-216.485	4.84937	12	0	44.862	23.9656	-25.4553	-306.702	23.9656	-25.4553	-306.702	
13868	28783	87.5394	262.666	87.538	-99999	33.193	-0.616328	1	1	0	0	0	199.336	174.693	133.266	77.6507	-800.469	-737.821	199.298	187.058	174.655	133.266	104.755	77.6507	-800.469	-769.628	-737.821	13.7313	15	0	104.011	33.2336	27.8214	-728.576	33.2336	27.8214	-728.576	
13868	26473	248.232	4575.44	245.693	81.8165	80.959	-0.950615	1	1	1	1	1	199.881	223.933	132.45	-99.36	-227.81	-185.603	199.878	208.896	224.524	132.945	13.909	-100.667	-227.976	-194.061	-186.968	12.8131	19	0	1710.65	80.9926	-38.062	-171.325	80.9926	-38.062	-171.325	
13868	77939	327.022	774.215	326.419	-99999	-22.284	-0.920096	1	1	1	1	1	115.32	193.06	133.586	-162.627	96.1889	208.136	115.345	153.753	193.264	133.586	-14.5158	-163.174	96.1889	153.411	208.303	7.09145	11	0	81.5433	-22.2557	-18.4653	153.772	-22.2557	-18.4653	153.772	
13868	27386	194.553	460.529	194.376	-99999	-19.985	-0.818376	0	0	0	0	0	172.939	78.8576	132.974	-15.2332	-549.356	-467.387	173.046	126.124	78.8805	133.116	57.4198	-15.2332	-549.41	-510.63	-467.387	6.69684	12	0	78.473	16.4164	8.08297	-488.979	16.4164	8.08297	-488.979	
13868	26502	468.988	1054.72	468.712	-5.59674	-5.232	-0.706056	1	1	1	1	1	207.28	267.41	132.22	-171.606	755.323	405.379	207.241	229.275	267.41	132.41	-23.5969	-171.606	755.511	582.131	405.379	4.78854	16	0	84.1394	-5.18128	-24.4691	551.52	-5.18128	-24.4691	551.52	
13868	30328	284.366	622.404	278.712	-99999	3.962	-0.732123	1	1	1	1	1	260.255	237.619	131.082	-65.9876	-261.666	-67.9472	261.581	251.962	238.609	132.621	35.9321	-65.8873	-263.094	-159.508	-67.156	5.51918	12	0	12.6126	3.99691	-2.40573	-150.018	3.99691	-2.40573	-150.018	
13868	32328	230.318	534.585	229.525	-99999	-29.837	-0.514556	1	1	1	1	1	234.284	290.464	132.758	52.824	28.7039	232.333	224.851	251.975	281.313	132.926	78.167	52.7973	28.4387	125.939	232.753	5.95598	11	0	82.942	-29.7961	20.0151	153.279	-29.7961	20.0151	153.279	
13868	30316	117.817	322.085	116.38	-99999	61.116	-0.839127	1	1	1	1	1	150.654	102.42	132.722	34.7117	-644.771	-604.693	150.69	126.304	101.834	132.928	83.1415	33.6893	-644.854	-624.938	-604.366	6.48806	11	0	65.5605	61.1366	-8.91556	-583.823	61.1366	-8.91556	-583.823	
13868	36766	312.612	807.591	310.062	-99999	105.792	-0.923229	1	1	1	1	1	72.3942	97.8963	133.109	-131.978	-272.225	-125.165	72.143	97.8506	97.3454	134.115	-4.8879	-133.226	-272.621	-206.82	-124.657	5.84405	12	0	159.206	105.825	-6.25289	-196.907	105.825	-6.25289	-196.907	
13868	37267	114.07	275.876	114.065	-99999	81.262	-0.955709	1	1	1	0	0	131.735	157.016	134.24	25.0383	280.736	299.491	131.642	147.529	156.923	134.24	80.2211	25.0383	280.736	289.578	299.491	5.88622	9	0	78.05	81.2768	15.1137	292.62	81.2768	15.1137	292.62	
13868	37867	23.6905	64.8582	23.6697	-99999	-29.597	-0.319473	1	1	1	1	1	174.867	193.836	130.288	118.114	-286.007	-279.883	174.901	184.722	193.87	130.288	125.123	118.114	-286.007	-282.11	-279.883	4.266	8	0	53.9489	-29.5662	22.0057	-243.29	-29.5662	22.0057	-243.29	
13868	42717	228.592	489.219	228.001	14.8292	15.245	-0.791367	1	1	1	1	1	332.128	186.031	133.973	-38.6358	125.596	140.622	332.128	260.221	185.686	133.973	46.8986	-39.1052	125.596	143.038	140.574	4.21227	6	0	67.6444	15.2713	8.94576	142.318	15.2713	8.94576	142.318	
13868	44860	42.7353	130.437	40.9636	105.406	106.266	-0.835725	0	0	0	0	0	215.216	196.791	132.92	99.2068	-789.958	-776.484	215.793	204.667	196.637	133.915	116.631	98.6801	-790.232	-784.511	-776.273	4.57064	13	0	79.1542	107.763	28.285	240.463	107.763	28.285	240.463	
13868	41500	199.833	583.324	198.496	-99999	31.678	-0.60594	1	1	1	1	1	206.278	288.25	129.677	12.7135	234.972	372.762	210.794	251.732	293.291	130.337	71.4766	12.5798	234.218	303.797	372.944	13.6911	10	0	168.232	31.717	-16.4738	410.678	31.717	-16.4738	410.678	
13868	27045	98.8989	334.481	98.3446	-99999	2.352	-0.946057	1	1	1	1	0	154.663	160.365	133.275	40.2213	-520.449	-489.615	154.66	155.829	160.353	133.275	86.3686	39.7105	-520.449	-504.92	-489.414	4.6095	13	0	73.0086	2.38565	19.3031	-494.096	2.38565	19.3031	-494.096	
13868	43905	288.01	599.613	285.151	-99999	-6.383	-0.855882	1	1	1	1	1	349.375	184.339	133.595	-94.3642	188.596	208.839	349.878	276.371	183.1	134.444	11.1123	-95.6927	188.52	197.856	209.245	4.1432	8	0	61.7866	-6.34978	1.27805	196.604	-6.34978	1.27805	196.604	
13867	3615	313.784	705.82	313.402	-99999	-40.501	-0.912994	1	1	1	1	1	272.616	332.195	132.996	-169	473.14	423.965	259.933	287.146	319.546	132.996	-18.1996	-169.357	473.14	442.861	423.909	4.92442	9	0	86.0836	-40.4704	-31.2988	438.828	-40.4704	-31.2988	438.828	
13868	26735	204.9	471.927	203.236	-39.5506	-40.916	-0.95557	1	1	1	1	1	172.789	245.762	132.548	-56.5167	81.7549	82.31	172.36	211.331	245.815	133.999	39.4274	-56.6472	81.8723	81.2594	82.3144	6.79167	6	0	72.609	-40.8966	-9.84482	76.0334	-40.8966	-9.84482	76.0334	
13868	29035	208.86	461.487	208.345	-37.8341	-38.03	-0.887495	1	1	1	1	1	171.042	298.439	132.919	-21.0352	524.546	501.467	170.843	222.746	298.439	133.341	44.97	-21.0352	524.636	505.841	501.467	5.94546	6	0	72.0373	-37.9983	-2.98073	500.916	-37.9983	-2.98073	500.916	
13868	52514	34.2553	145.907	33.3435	-99999	78.78	-0.95477	0	0	0	0	0	97.5383	107.24	133.049	101.913	-541.71	-544.003	97.443	101.35	107.576	133.071	116.64	101.29	-541.705	-544.407	-543.662	13.9173	11	0	112.726	78.8123	57.3088	-557.567	78.8123	57.3088	-557.567	
13868	53914	209.554	517.74	209.213	-99999	65.309	-0.972669	1	1	1	1	1	280.693	320.294	133.058	-71.3387	-562.712	-562.532	301.128	326.557	340.716	133.198	31.6717	-71.5261	-562.726	-559.461	-562.534	6.03521	7	0	72.9343	65.3136	-3.01924	-565.203	65.3136	-3.01924	-565.203	
13868	8308	272.999	612.382	272.62	86.7174	87.355	-0.998827	1	1	1	1	1	156.273	225.866	133.944	-126.142	802.162	815.467	156.273	175.861	226.053	133.969	-0.825547	-126.429	802.162	808.787	815.424	5.63752	8	0	80.2965	87.3738	-12.2244	774.621	87.3738	-12.2244	774.621	
13867	536	355.976	718.889	339.776	-33.7646	-35.785	-0.477543	1	1	1	1	1	81.8686	342.879	133.381	-16.7993	493.493	336.23	79.8246	216.286	353.077	134.719	55.9472	-23.0698	494.857	412.206	330.25	4.76871	9	0	41.5729	-35.7917	-5.48249	381.936	-35.7917	-5.48249	381.936	
13868	12102	280.944	621.688	280.287	38.9393	39.891	-0.95724	1	1	1	1	1	207.654	301.88	132.826	-121.447	-193.82	-125.297	207.654	255.91	302.084	132.826	5.06134	-122.061	-193.82	-161.431	-125.269	4.94182	6	0	69.9324	39.9196	-27.5151	-155.529	39.9196	-27.5151	-155.529	
13868	77441	231.86	533.471	231.848	-99999	-4.233	-0.921007	1	1	1	0	0	62.7066	126.511	118.376	-89.5032	769.702	844.238	62.7115	101.17	126.519	118.376	12.6474	-89.5106	769.702	797.272	844.241	4.76805	11	0	76.4028	-4.22565	16.9901	786.918	-4.22565	16.9901	786.918	
13867	1860	29.3796	100.201	29.1683	-99999	0.411	-0.711446	1	1	0	0	0	64.5989	84.0129	-59.511	-79.273	748.111	757.206	64.4765	74.1027	84.0266	-59.3753	-69.4917	-79.288	748.06	752.604	757.212	5.77513	8	0	77.2651	0.437481	-66.7906	760.225	0.437481	-66.7906	760.225	
13868	10480	481.576	1059.15	479.573	53.0647	53.949	-0.503679	1	1	1	1	1	82.9524	283.446	133.753	-107.907	-169.395	-530.056	82.3462	185.362	283.635	134.486	19.7489	-108.248	-168.314	-353.088	-530.455	5.54855	14	0	75.1982	54.0014	-6.68984	-366.482	54.0014	-6.68984	-366.482	
13868	15676	42.4694	98.9442	41.1291	-99999	114.484	-0.887763	1	1	1	1	1	220.457	228.893	132.553	96.3313	-164.721	-147.183	202.247	206.318	210.903	133.745	115.081	96.3313	-165.294	-156.026	-147.183	4.60669	12	0	48.5313	114.519	-25.7368	-83.6876	114.519	-25.7368	-83.6876	
13868	17260	139.222	301.294	138.582	-99999	-15.05	-0.491067	1	1	1	1	1	357.496	266.903	-22.5694	54.7267	263.55	325.265	262.009	306.647	352.784	54.9756	19.6062	-22.5694	325.648	289.342	263.55	4.13398	227	0	301.294	-15.0679	-9.56675	282.333	-15.0679	-9.56675	282.333	
13868	19261	206.53	484.561	205.786	-99999	92.358	-0.966701	1	1	1	1	1	159.103	111.303	133.057	-65.0105	-210.154	-185.199	159	134.576	111.125	133.069	33.6442	-65.6986	-210.155	-196.855	-185.019	5.53532	8	0	88.4649	92.3871	-7.13237	-191.569	92.3871	-7.13237	-191.569	
13868	19104	206.846	502.089	206.491	-99999	89.795	-0.979228	1	1	1	0	0	74.2718	91.1097	134.129	-37.0866	737.995	845.056	74.1656	76.0643	91.0069	134.458	49.2893	-37.0866	737.931	793.717	845.056	7.84832	9	0	88.4399	97.8191	-10.1933	-418.119	97.8191	-10.1933	-418.119	
13867	957	251.891	546.303	248.657	-99999	8.594	-0.974776	1	1	1	1	1	125.436	89.8902	132.512	-107.622	-120.349	-70.9114	125.533	110.858	89.7924	133.131	11.2129	-110.151	-120.447	-92.9548	-71.4339	4.01545	13	0	75.4827	8.62621	-35.727	-76.3905	8.62621	-35.727	-76.3905	
13868	16524	73.7818	190.086	71.3127	-99999	18.739	-0.963029	1	1	0	0	0	171.92	165.85	130.732	60.9819	230.179	243.285	171.977	168.978	165.766	132.666	96.4872	60.5318	229.63	235.973	243.301	5.5486	7	0	73.9656	18.7729	23.8259	233.579	18.7729	23.8259	233.579	
13868	17424	55.3561	127.585	55.1396	-1134.61	-19.912	-0.395495	1	1	1	1	1	200.893	234.24	134.007	113.972	620.539	659.211	200.804	217.067	234.24	134.092	122.43	113.972	620.379	639.225	659.211	4.14909	10	0	57.924	-19.869	-12.5901	-560.547	111.141	56.1367	759.809	
13867	13548	312.984	694.656	311.823	-99999	78.255	-0.962737	1	1	1	1	1	183.024	118.438	133.093	-169.536	553.2	525.158	183.059	148.47	118.067	133.557	-18.4073	-170.146	553.255	540.812	525.115	4.31948	6	0	65.8713	78.2856	-32.0852	543.166	78.2856	-32.0852	543.166	
13868	17068	59.7787	184.92	52.7354	-99999	100.807	-0.894956	1	1	1	1	1	187.857	198.813	133.954	85.4387	-239.537	-252.399	219.424	229.008	231.07	133.954	105.964	78.9539	-239.537	-243.313	-254.935	9.49176	8	0	98.561	100.837	1.01704	5.35855	100.837	1.01704	5.35855	
13868	19368	225.694	495.208	223.043	44.8623	45.027	-0.934067	1	1	1	1	1	221.837	170.909	131.824	-69.8147	-93.7092	-17.9413	222.064	188.634	170.807	132.675	28.7849	-71.4506	-93.9437	-65.4571	-17.3714	8.50457	11	0	74.2891	45.0428	-15.6151	-44.3384	45.0428	-15.6151	-44.3384	
13868	22579	180.952	416.038	180.557	-99999	28.083	-0.916214	0	0	0	0	0	139.915	125.887	132.626	-42.7934	779.68	809.312	139.882	127.855	125.868	132.626	45.9737	-43.1005	779.68	802.223	809.339	5.53601	9	0	92.8822	-999999	-999999	-999999	-999999	-999999	-999999	
13868	23979	191.27	446.275	189.736	-99999	42.008	-0.991223	1	1	0	0	0	315.392	329.181	133.421	-54.1592	-830.088	-817.793	328.444	335.596	342.324	134.227	38.9246	-54.6634	-830.134	-827.814	-817.755	21.6767	6	0	132.753	42.0394	2.68991	-781.145	42.0394	2.68991	-781.145	
13868	27279	196.988	482.294	196.987	-99999	59.305	-0.522816	1	1	1	1	1	162.088	219.979	133.021	32.2658	-789.096	-630.042	152.768	181.671	210.659	133.021	82.6228	32.2658	-789.096	-709.564	-630.042	4.43943	16	0	65.5682	59.3338	-34.6426	-503.71	59.3338	-34.6426	-503.71	
13868	28206	98.1443	287.91	97.9238	-99999	47.405	-0.976718	1	1	0	0	0	198.975	192.98	133.162	36.2847	-393.515	-388.327	198.921	192.771	192.987	133.162	84.8535	36.0844	-393.515	-388.255	-388.316	17.9491	6	0	124.516	47.4318	16.0122	-388.201	47.4318	16.0122	-388.201	
13868	33588	53.2639	147.823	52.4577	-99999	-43.929	-0.916122	0	0	0	0	0	174.658	165.805	133.103	84.7796	-370.495	-352.943	174.712	169.532	165.719	133.114	108.274	84.1166	-370.498	-362.959	-352.766	4.90209	11	0	73.8407	-43.8981	32.9738	-357.97	-43.8981	32.9738	-357.97	
13868	33374	168.82	400.257	166.571	-99999	101.776	-0.948574	1	1	1	0	0	104.542	72.027	132.979	-28.7982	811.124	813.711	104.624	88.0962	71.4577	133.717	51.5824	-30.1945	811.256	803.533	813.76	6.83348	6	0	72.7089	101.791	11.1019	804.256	101.791	11.1019	804.256	
13868	31353	350.717	772.349	349.425	33.4576	33.304	-0.362578	1	1	1	1	1	76.0492	325.053	134.144	1.08798	-413.808	-616.072	76.0153	208.067	326.04	134.161	67.0393	1.03157	-413.782	-507.519	-616.822	6.15759	8	0	67.9185	33.357	12.945	-534.055	33.357	12.945	-534.055	
13868	34307	289.51	614.351	273.581	-99999	1.398	-0.67739	1	1	1	1	1	62.8516	254.548	129.793	-57.6282	-205.441	-151.191	62.1092	162.867	265.072	130.514	31.0075	-67.8469	-205.683	-175.739	-148.814	4.20742	9	0	70.771	1.43736	-22.2707	-163.656	1.43736	-22.2707	-163.656	
13868	30712	307.338	675.883	307.297	-99999	-30.001	-0.995369	1	1	1	1	1	202.68	200.57	133.15	-171.186	653.157	624.666	202.714	210.102	200.604	133.15	-19.4495	-171.186	653.157	639.136	624.666	8.77145	7	0	122.054	-29.9772	-24.5979	635.414	-29.9772	-24.5979	635.414	
13868	79451	91.0251	218.277	85.0957	-99999	59.039	-0.840371	1	1	1	0	0	129.509	179.051	133.535	69.2688	20.4492	43.637	129.144	152.393	183.375	134.077	97.0237	66.7229	20.2784	32.7524	45.0939	4.91742	6	0	78.9332	59.0671	35.5586	34.3536	59.0671	35.5586	34.3536	
13868	42366	341.264	783.506	340.124	18.2585	19.158	-0.859226	1	1	1	1	1	192.677	346.438	132.511	-131.998	264.029	119.094	192.537	269.38	346.693	132.818	-6.36367	-132.665	264.138	202.543	118.782	11.2171	10	0	96.0006	19.1848	-41.9865	171.138	19.1848	-41.9865	171.138	
13867	975	143.375	611.986	140.912	113.207	109.773	-0.586756	1	1	1	1	0	233.493	122.193	-26.2037	-104.786	-894.83	-860.042	233.81	178.13	120.829	-25.9532	-66.3813	-106.246	-894.977	-875.41	-859.708	6.56127	10	0	90.3618	109.806	-58.2455	-809.143	109.806	-58.2455	-809.143	
13868	40357	373.5	853.547	371.284	92.7219	92.89	-0.499657	1	1	1	1	1	249.18	81.8946	132.772	-79.3031	-504.727	-253.274	249.521	168.405	81.0766	133.235	33.9051	-80.1059	-505.454	-369.864	-252.689	6.50266	9	0	78.4276	92.9369	-27.4606	-322.785	92.9369	-27.4606	-322.785	
13868	40710	21.7645	77.1641	21.16	-99999	-47.505	-0.837243	0	0	0	0	0	98.7816	90.6204	134.206	116.316	120.607	128.179	98.8359	95.2295	90.3236	134.206	124.844	115.862	120.607	124.8	128.355	4.50424	10	0	74.2332	-47.4805	53.767	140.471	-47.4805	53.767	140.471	
13868	48950	308.595	4037.87	308.444	100.749	100.213	-0.779161	1	1	1	1	1	123.868	291.352	133.706	-88.9197	79.9541	-50.7455	123.803	204.357	291.352	133.814	18.7023	-88.9197	80.0119	16.5682	-50.7455	7.63657	12	0	89.9697	100.251	-20.5066	-5.7706	100.251	-20.5066	-5.7706	
13868	34277	509.632	620664	406.414	-99999	72.668	-0.766719	1	1	1	1	1	157.439	185.818	131.569	51.4652	511.542	759.996	200.31	184.518	168.775	69.9414	70.2655	131.569	772.428	718.841	511.542	42.1456	1574	0	620664	72.7426	15.0523	641.189	72.7426	15.0523	641.189	
13868	7293	73.079	195.513	62.8528	-99999	98.351	-0.732388	1	1	1	1	1	209.797	251.156	131.671	85.0707	-438.155	-430.011	239.161	263.188	287.266	133.224	106.046	79.2765	-438.37	-434.002	-428.062	7.41299	7	0	104.714	98.3772	13.2059	-424.727	98.3772	13.2059	-424.727	
13868	8793	131.144	330.702	130.54	-57.011	-48.212	-0.636014	1	1	1	1	1	284.186	204.003	133.31	51.8957	-283.645	-220.933	284.186	243.227	203.761	133.31	92.4489	51.6845	-283.645	-252.797	-220.721	6.10833	12	0	37.6458	-48.1823	-28.6789	-171.044	-48.1823	-28.6789	-171.044	
13868	31806	177.474	410.627	176.753	-99999	73.248	-0.85369	1	1	1	1	1	166.448	79.5593	131.818	-20.2433	-376.084	-359.488	166.644	123.933	79.3693	132.271	54.5737	-20.3827	-376.089	-373.388	-359.426	4.62233	8	0	68.1599	73.2434	-2.90236	-367.56	73.2434	-2.90236	-367.56	
13868	7402	243.609	569.751	239.686	-99999	-36.944	-0.959244	1	1	1	1	1	193.543	151.18	131.759	-94.0035	492.879	559.818	193.655	175.486	149.868	132.063	16.9917	-97.1386	492.819	527.705	560.946	4.3016	9	0	58.0035	-36.9131	-25.2154	546.95	-36.9131	-25.2154	546.95	
13868	8022	106.706	360.303	105.934	-99999	21.155	-0.728268	1	1	1	0	0	312.447	298.743	133.157	53.9246	164.882	96.5323	319.177	312.378	305.368	133.717	93.8496	53.9246	165.399	130.632	96.5323	9.74574	12	0	164.758	23.6171	-116.513	566.729	-6.41286	-76.1268	64.8235	
13868	8122	192.319	493.81	192.106	-99999	49.913	-0.965741	1	1	1	0	0	300.687	343.463	133.846	-51.9333	-827.064	-803.581	316.317	337.147	359.138	133.846	40.7497	-52.1355	-827.064	-815.042	-803.57	5.43317	7	0	29.8506	49.9334	-2.56344	-801.533	49.9334	-2.56344	-801.533	
13868	11411	169.757	387.176	168.33	-99999	-42.508	-0.740705	1	1	1	1	1	112.431	181.465	131.528	10.8861	475.176	567.814	112.33	151.79	181.849	131.762	69.637	10.0845	475.025	517.083	568.502	4.66523	14	0	71.3072	-42.4794	14.6386	531.82	-42.4794	14.6386	531.82	
13868	18629	364.727	817.613	364.262	27.2774	0.785	-0.738303	0	0	0	0	0	295.939	165.388	134.246	-129.993	-641.477	-430.131	296.109	231.17	165.388	134.573	3.47386	-129.993	-641.719	-532.937	-430.131	4.91098	20	0	90.6404	28.6506	-14.0517	-523.002	28.6506	-14.0517	-523.002	
13867	21135	327.152	1118.62	325.302	-99999	11.122	-0.843148	1	1	1	1	1	357.336	183.153	108.918	-162.676	-595.623	-556.854	357.586	268.919	182.513	109.322	-26.6391	-163.855	-595.677	-575.464	-557.031	16.1136	7	0	68.9841	11.1363	-9.76625	-573.421	11.1363	-9.76625	-573.421	
13868	18392	291.103	642.109	290.485	-99999	26.961	-0.873435	1	1	1	1	1	205.877	123.907	126.709	-124.639	-572.424	-458.761	206.005	155.236	123.876	127.185	0.843474	-124.639	-572.631	-521.63	-458.761	4.22408	8	0	38.2645	26.9939	-31.5123	-499.976	-30.8561	31.8195	-540.629	
13868	18093	119.161	441.521	119.004	-99999	23.274	-0.77373	1	1	1	1	1	284.422	215.659	134.08	38.2511	10.3751	15.7635	291.804	253.737	222.947	134.197	88.6371	38.2511	10.3558	15.2429	15.7635	4.16138	9	0	74.5514	23.2916	-28.6702	23.0797	23.2916	-28.6702	23.0797	
13868	24139	28.4218	94.5465	28.3171	-99999	5.872	-0.687074	0	0	0	0	0	134.33	151.841	133.888	113.328	841.188	849.558	134.265	143.139	151.836	133.948	123.873	113.327	841.157	845.739	849.558	6.68597	12	0	74.5316	12.5157	61.1316	161.935	12.5157	61.1316	161.935	
13868	27950	229.243	530.234	229.241	-99999	7.165	-0.837571	1	1	1	1	1	76.011	132.866	134.137	-40.0669	-509.189	-375.247	76.0028	91.3714	132.858	134.137	42.4334	-40.0669	-509.189	-442.471	-375.247	4.73664	16	0	73.9835	7.19431	2.09862	-418.845	7.19431	2.09862	-418.845	
13868	27785	156.815	360.482	155.957	105.225	105.804	-0.958612	1	1	1	1	1	252.879	200.713	132.34	-12.2747	709.778	728.677	253.001	229.825	200.515	132.76	57.9495	-12.6184	709.753	713.265	728.794	4.33466	11	0	67.024	105.836	-2.08437	711.417	105.836	-2.08437	711.417	
13868	28615	345.902	1029.31	338.382	20.0737	19.403	-0.916752	1	1	1	1	1	325.275	179.239	133.261	-171.665	259.338	267.237	325.375	251.991	175.763	133.491	-23.0879	-177.77	259.336	261.525	266.393	4.21625	8	0	143.411	19.4411	-18.3172	252.719	19.4411	-18.3172	252.719	
13868	27048	269.303	591.412	267.629	-99999	93.229	-0.853332	1	1	1	1	1	185.879	117.019	132.194	-90.8202	-158.213	-30.2233	185.894	158.506	116.478	132.603	19.8882	-91.895	-158.417	-90.1265	-29.933	4.42506	13	0	81.0798	93.2658	-30.5971	-156.301	93.2658	-30.5971	-156.301	
13867	23149	232.466	662.078	232.448	-99999	23.6	-0.410853	1	1	1	1	1	120.369	159.693	126.936	-69.5536	-799.379	-685.413	120.342	137.325	159.666	126.936	29.2847	-69.5536	-799.379	-741.765	-685.413	4.05832	30	0	130.345	23.6166	-3.44196	-719.388	23.6166	-3.44196	-719.388	
13868	25549	235.833	661.784	235.561	-99999	-36.13	-0.25693	1	1	1	1	1	228.363	215.918	128.822	26.7187	-432.831	-221.162	222.686	216.368	210.211	128.822	78.7206	26.6058	-432.831	-326.467	-220.929	5.1811	6	0	73.4517	-36.084	-25.4269	-88.6093	-11.4639	-23.033	-443.687	
13868	29992	267.003	565.551	262.752	-99999	-13.413	-0.936002	1	1	1	1	1	147.736	199.95	133.449	-104.04	691.793	782.223	147.751	188.015	199.751	133.449	13.5451	-105.838	691.793	734.251	785.343	13.2231	8	0	68.2511	-13.3925	-11.2484	722.526	-13.3925	-11.2484	722.526	
13868	33685	40.9985	122.456	39.697	-99999	72.411	-0.782593	0	0	0	0	0	106.719	85.7507	133.693	103.83	568.207	583.67	106.82	96.6644	85.0554	133.967	118.258	103.163	568.082	576.447	583.952	5.43992	8	0	76.2371	72.4453	57.9448	442.888	72.4453	57.9448	442.888	
13868	32517	331.168	729.633	329.682	-15.9731	-16.14	-0.868515	1	1	1	1	1	296.987	118.467	133.03	-125.721	618.341	696.883	297.695	214.973	118.467	134.318	-7.44792	-125.721	618.154	639.062	696.883	5.04888	12	0	75.1903	-16.1166	-36.1441	649.622	-16.1166	-36.1441	649.622	
13868	38148	378.264	894.913	378.097	-99999	94.43	-0.758296	1	1	1	1	1	123.265	193.913	132.92	-123.9	246.237	510.928	123.127	166.937	193.805	133.04	-3.98814	-123.9	246.137	368.754	510.928	4.31055	13	0	72.3864	94.4526	-14.1876	375.791	94.4526	-14.1876	375.791	
13868	37056	319.033	958.172	308.838	-99999	-2.013	-0.837358	1	1	1	1	1	229.367	102.89	125.392	-109.908	-658.792	-508.304	232.624	178.597	102.418	133.212	2.96346	-110.398	-662.878	-588.571	-507.912	4.80535	12	0	71.1445	-1.97178	-33.6809	-558.623	56.0582	-1.11998	-626.396	
13868	41362	176.623	405.994	176.118	-99999	57.265	-0.832425	1	1	1	1	0	68.3287	135.173	133.848	-0.379249	-547.969	-458.23	68.0842	99.1428	135.108	134.272	63.7946	-0.379249	-548.172	-505.479	-458.23	5.23933	11	0	73.2906	57.2973	16.7357	-490.95	57.2973	16.7357	-490.95	
13868	42326	371.021	793.596	368.53	-99999	61.054	-0.694693	1	1	1	1	1	247.904	205.163	133.098	-85.0027	134.123	426.781	267.059	245.006	224.133	133.449	15.3905	-86.1171	133.772	275.013	428.414	4.55532	9	0	73.0776	61.6586	-52.9576	-440.753	61.6586	-52.9576	-440.753	
13868	36524	116.098	281.218	116.094	-99999	25.394	-0.987925	1	1	1	0	0	73.2309	87.2236	134.141	20.4386	535.978	553.838	73.2018	79.6416	87.1946	134.141	77.3743	20.4386	535.978	546.046	553.838	4.19929	8	0	66.565	25.415	32.0689	553.884	25.415	32.0689	553.884	
13868	38324	263.159	598.304	263.051	-99999	59.263	-0.841092	1	1	1	1	1	142.085	74.0744	127.231	-91.6786	200.802	328.377	142.018	108.046	73.9575	127.231	15.1004	-91.7574	200.802	260.422	328.427	5.57981	11	0	71.7646	59.2906	-38.3875	295.238	-27.7794	65.054	226.427	
13867	21395	56.0256	161.244	55.6299	-99999	76.876	-0.868461	1	1	0	0	0	312.037	335.374	133.913	84.4961	451.6	461.86	336.11	348.161	359.552	133.913	109.219	84.1261	451.6	457.017	461.888	4.23055	12	0	88.6236	82.0625	-24.7111	720.88	82.0625	-24.7111	720.88	
13868	47473	221.67	497.542	221.296	-99999	16.057	-0.512408	1	1	1	1	1	356.474	194.701	-81.0449	-170.662	108.768	227.875	356.709	280.431	194.701	-80.8632	-135.007	-170.662	108.557	167.879	227.875	10.5107	13	0	91.5728	16.0622	-79.1123	141.656	16.0622	-79.1123	141.656	
13868	49403	242.84	503.086	242.18	-99999	44.547	-0.985165	0	0	0	0	0	236.59	220.303	133.46	-106.187	-721.134	-702.734	250.553	239.305	234.233	133.875	14.2628	-106.392	-721.204	-704.621	-702.749	6.15616	9	0	38.6166	42.3457	-76.0474	-243.56	42.3457	-76.0474	-243.56	
13868	47664	184.494	441.574	183.819	-99999	-1.81	-0.946881	1	1	1	1	0	148.684	100.266	131.821	-44.9709	753.96	762.784	148.905	124.363	100.268	132.454	43.7165	-44.9709	753.99	757.291	762.784	4.62597	11	0	81.5928	-1.77671	-5.86248	757.258	-1.77671	-5.86248	757.258	
13868	38281	185.401	478.849	184.561	-99999	86.931	-0.968117	1	1	1	1	1	298.307	331.895	133.068	-46.4045	-249.534	-222.78	325.481	342.353	359.202	133.291	43.1552	-47.0029	-249.571	-236.012	-222.738	4.29808	8	0	50.5635	86.9486	-28.4836	-228.355	86.9486	-28.4836	-228.355	
13868	50291	273.701	562.307	266.544	24.4785	25.137	-0.73604	1	1	1	1	1	311.665	134.934	129.795	-56.6949	-677.481	-613.867	315.743	227.079	134.495	134.433	33.9625	-57.2579	-679.248	-652.247	-613.778	4.23342	8	0	65.9826	25.1562	-8.95542	-628.664	25.1562	-8.95542	-628.664	
13868	39751	218.7	486.587	215.562	55.2719	57.529	-0.775085	1	1	1	1	1	120.675	227.93	133.52	-40.6276	-451.849	-386.148	120.267	179.116	228.855	134.117	49.6195	-42.7937	-452.109	-415.423	-386.018	6.7404	6	0	77.9315	57.5606	5.62479	-412.425	57.5606	5.62479	-412.425	
13868	13655	172.654	1338.09	172.298	22.2258	22.37	-0.722746	1	1	1	1	1	237.786	141.342	133.366	14.2471	-410.564	-334.076	237.808	192.376	141.173	133.396	69.8564	14.0029	-410.582	-374.017	-334.066	6.30348	7	0	76.1027	22.4059	9.73557	-351.914	22.4059	9.73557	-351.914	
13868	15421	200.047	492.251	198.162	-99999	116.011	-0.992377	1	1	1	1	1	202.73	228.522	132.448	-63.7442	-588.104	-582.45	184.327	198.106	210.254	133.827	34.7793	-64.2125	-588.054	-586.613	-582.343	6.06901	7	0	61.0646	116.037	-24.3949	-576.525	116.037	-24.3949	-576.525	
13868	16821	207.147	465.163	206.403	-99999	-28.748	-0.908142	1	1	1	1	1	309.69	245.527	132.955	-60.1738	-671.821	-651.733	300.908	258.953	236.478	133.447	39.319	-60.3621	-671.843	-662.352	-651.777	5.78988	11	0	81.1706	-28.713	0.125496	-649.845	-28.713	0.125496	-649.845	
13868	15355	326.685	660.34	323.6	-39.2616	-37.984	-0.897922	1	1	1	1	1	190.485	250.922	131.324	-161.94	-741.473	-860.052	189.985	223.752	250.922	133.656	-11.3082	-161.94	-740.445	-807.558	-860.052	6.92136	11	0	104.091	-37.9336	-21.6675	-768.716	-37.9336	-21.6675	-768.716	
13868	18571	110.95	283.652	110.948	-99999	69.3	-0.745855	1	1	1	1	1	261.44	188.741	133.974	56.6557	-378.335	-410.577	283.141	247.032	210.442	133.974	95.0901	56.6557	-378.335	-394.443	-410.577	5.84775	9	0	53.2028	69.3276	-50.2341	-432.017	69.3276	-50.2341	-432.017	
13868	24484	256.379	640.536	256.064	-99999	-12.36	-0.947323	1	1	1	1	1	81.1667	154.932	133.816	-86.9121	-355.36	-257.451	81.1334	113.618	154.946	134.114	15.5357	-86.9121	-355.44	-319.573	-257.451	4.58213	12	0	70.622	-12.3265	-4.4595	-312.125	-12.3265	-4.4595	-312.125	
13867	1800	75.0038	188.364	73.4887	-99999	-30.35	-0.963635	1	1	1	0	0	122.521	117.202	132.67	64.2757	298.124	317.893	122.475	124.054	117.199	133.282	99.4914	63.8142	297.989	311.23	318.086	4.51705	10	0	73.2636	-30.3225	30.9724	315.243	-30.3225	30.9724	315.243	
13868	21867	24.6416	62.04	23.4287	-99999	49.801	-0.930822	1	0	0	0	0	337.054	343.434	133.684	111.624	-788.14	-783.508	352.376	355.812	359.133	134.471	122.919	111.283	-788.311	-785.759	-783.449	5.60932	6	0	47.3353	49.8256	71.4864	-706.834	49.8256	71.4864	-706.834	
13868	39318	61.0736	170.04	60.9068	-99999	-25.722	-0.944461	0	0	0	0	0	298.126	310.189	133.198	77.3895	539.035	518.557	290.071	296.364	302.161	133.198	104.587	77.3259	539.035	530.586	518.525	4.63347	14	0	74.9355	-9.46859	-36.2701	-554.756	43.3014	12.6095	528.495	
13868	29156	216.517	497.412	215.763	-99999	-42.766	-0.871776	1	1	1	1	1	93.4745	201.704	132.038	-51.1807	380.149	415.704	93.1771	147.421	201.753	132.698	40.7282	-51.1807	380.052	397.836	415.704	4.47514	10	0	60.4063	-42.726	-14.8922	413.339	-42.726	-14.8922	413.339	
13868	26168	90.2823	219.57	88.463	-99999	101.326	-0.958728	1	1	1	0	0	87.2172	106.864	133.565	47.8753	-151.912	-145.994	86.9111	99.314	107.012	134.249	91.1085	46.8067	-151.979	-147.232	-145.985	4.46955	8	0	75.6878	101.341	38.0906	-148.584	101.341	38.0906	-148.584	
13868	34431	124.227	260.88	123.142	-99999	75.996	-0.812163	1	0	0	0	0	268.587	335.001	132.795	31.3041	860.435	881.501	291.919	325.468	358.933	133.463	82.4287	31.0875	860.284	871.593	881.517	4.595	9	0	55.771	76.0164	27.0841	862.191	76.0164	27.0841	862.191	
13868	30440	129.598	4219.51	125.213	-99999	-44.93	-0.977002	0	0	0	0	0	217.444	221.437	128.764	10.8872	139.685	151.519	210.36	220.118	214.387	129.157	66.4841	10.7654	139.655	143.101	151.507	7.55523	19	0	159.131	25.9022	-0.603554	393.601	25.9022	-0.603554	393.601	
13868	75357	324.582	742.54	323.566	-99999	59.406	-0.939221	1	1	1	1	1	147.001	108.392	133.356	-163.287	-143.401	-36.662	146.948	120.102	108.314	133.419	-19.128	-163.637	-143.418	-95.9873	-35.8489	5.56082	9	0	54.5418	59.4266	-23.7344	-91.9385	59.4266	-23.7344	-91.9385	
13868	39774	214.504	469.999	213.961	107.981	108.567	-0.830501	1	1	1	1	1	252.615	123.864	132.925	-36.3986	519.439	511.109	252.907	191.104	123.864	133.377	46.105	-36.3986	519.453	512.419	511.109	6.19241	8	0	67.5094	108.601	-9.75168	520.914	108.601	-9.75168	520.914	
13867	3824	210.239	466.94	209.382	-99999	79.766	-0.781733	1	1	1	1	1	172.676	189.681	131.6	-33.265	-565.751	-441.955	172.547	187.757	189.589	132.266	52.4623	-33.265	-566.276	-499.768	-441.955	4.21859	12	0	68.5476	79.8038	-1.87088	-481.604	79.8038	-1.87088	-481.604	
13868	42961	34.9415	140.82	34.6812	-99999	97.37	-0.93196	0	0	0	0	0	321.71	306.775	126.403	95.7366	-609.765	-610.547	352.228	345.18	337.246	126.475	110.641	95.6029	-609.758	-611.722	-610.506	4.00685	15	0	101.458	22.4758	-10.9596	-271.447	22.4758	-10.9596	-271.447	
13868	43518	283.04	965.672	282.616	-99999	23.304	-0.691819	1	1	1	1	1	199.369	125.052	132.498	-66.4426	306.802	493.253	199.468	162.443	125.025	132.789	32.985	-66.4426	306.522	399.771	493.253	24.0297	14	0	315.321	23.3447	-57.4749	534.62	-16.4853	13.8241	463.019	
13868	41491	353.609	793.615	353.023	63.8879	64.719	-0.535484	1	1	1	1	1	183.523	337.06	132.595	-25.2228	-816.709	-544.372	183.436	264.349	337.096	132.727	48.8396	-25.3505	-816.891	-684.158	-544.065	6.01198	11	0	73.6178	64.7464	-5.23074	-627.192	64.7464	-5.23074	-627.192	
13868	41499	237.616	1227.34	236.102	82.474	82.181	-0.831147	1	1	1	1	1	169.463	225.703	132.147	-58.0251	-752.399	-878.378	169.424	199.234	226.16	132.288	33.7219	-59.0195	-752.313	-811.343	-879.146	5.60184	12	0	82.1741	82.2122	-1.3513	-773.492	82.2122	-1.3513	-773.492	
13868	45932	300.033	691.785	299.794	-99999	65.586	-0.767051	1	1	1	1	1	66.5097	182.985	122.794	-115.146	498.573	637.391	66.4346	128.38	183.028	122.794	4.65312	-115.333	498.573	567.085	637.476	4.33017	10	0	83.4314	65.617	-6.32515	573.284	65.617	-6.32515	573.284	
13867	10743	364.034	1050.42	362.762	106.565	108.5	-0.619881	1	1	1	1	1	61.8908	347.999	80.146	-142.483	-813.523	-802.103	60.9119	204.639	347.999	80.9341	-30.5174	-142.483	-813.66	-807.11	-802.103	6.15137	11	0	111.126	108.517	-0.379358	-790.741	108.517	-0.379358	-790.741	
13868	51617	333.48	838.168	332.164	-99999	-39.383	-0.901848	1	1	1	1	1	312.483	290.369	132.762	-168.674	-278.768	-149.639	300.224	285.067	278.036	133.717	-17.3032	-168.674	-279.221	-210.462	-149.639	6.717	10	0	195.041	-39.3556	-19.9744	-208.577	-39.3556	-19.9744	-208.577	
13868	51717	369.67	2390.87	369.611	27.0309	27.631	-0.773652	1	1	1	1	1	92.8599	249.61	133.462	-157.136	-631.678	-792.796	92.8599	174.506	249.622	133.462	-9.02122	-157.186	-631.678	-715.93	-792.807	4.43009	12	0	83.0521	27.661	-6.30776	-693.842	27.661	-6.30776	-693.842	
13868	51400	258.784	792.936	256.522	-99999	112.315	-0.967654	1	1	1	1	1	212.12	237.725	133.218	-47.5216	-522.902	-578.046	247.274	270.156	272.906	133.278	9.03129	-48.3208	-522.904	-507.9	-578.048	5.36479	13	0	102.116	112.35	-28.0893	-517.891	112.35	-28.0893	-517.891	
13868	50948	195.622	384.875	194.014	-99999	59.902	-0.375854	1	1	1	1	0	217.391	340.296	130.382	38.8389	362.696	480.65	235.67	297.81	359.611	130.638	83.3857	38.5394	362.266	420.976	481.31	4.1916	9	0	43.9421	59.9533	12.8281	460.25	59.9533	12.8281	460.25	
13868	52648	100.05	252.305	99.1755	-99999	-0.503	-0.580552	1	1	1	1	1	125.868	190.887	133.466	77.8815	243.554	293.729	125.724	158.392	191.302	133.603	105.392	77.528	243.432	268.711	294.066	5.49109	10	0	67.7957	-0.456554	-6.61584	358.254	-0.456554	-6.61584	358.254	
13868	52755	220.134	590.35	220.079	-99999	19.393	-0.776065	1	1	1	1	1	62.5342	104.623	66.7744	-83.5492	1.60848	155.42	62.5033	78.5263	104.601	66.8155	-13.6938	-83.5492	1.57654	74.6978	155.42	4.27804	15	0	91.0661	19.4213	29.0184	34.5952	-45.9887	-41.1973	29.5492	
13868	50867	311.229	691.553	310.649	61.787	62.013	-0.978924	1	1	1	1	1	238.95	170.72	132.225	-170.59	-187.984	-187.825	239.07	206.889	170.72	132.785	-19.4143	-170.59	-187.971	-189.368	-187.825	7.9262	7	0	72.6936	62.0493	-21.2718	-189.693	62.0493	-21.2718	-189.693	
13868	51167	103.044	240.23	103.028	-99999	67.425	-0.726513	1	1	0	0	0	109.347	71.888	133.823	54.8339	9.53584	62.2724	109.275	93.1874	71.8109	133.832	95.0638	54.8339	9.52824	39.3016	62.2724	7.53406	10	0	67.5782	67.4527	43.8065	50.4392	67.4527	43.8065	50.4392	
13868	57683	366.249	866.757	366.248	-99999	103.472	-0.735408	1	1	1	1	1	181.413	326.627	132.641	-125.058	253.682	38.0954	213.815	286.1	359.028	132.641	2.75243	-125.058	253.682	146.861	38.0954	6.69038	12	0	53.4578	103.501	-60.6828	89.7829	103.501	-60.6828	89.7829	
13868	57766	306.406	741.902	305.095	30.3705	31.762	-0.704092	1	1	1	1	1	213.759	88.7996	130.137	-68.4492	376.183	568.904	214.234	147.361	88.6818	130.882	25.9448	-68.6095	375.598	464.711	569.04	5.3213	12	0	74.0023	31.7988	-17.2454	502.124	31.7988	-17.2454	502.124	
13867	5614	126.337	406.61	126.287	-99999	-18.602	-0.774239	1	1	1	1	0	196.83	118.676	131.798	36.9816	839.609	865.216	196.851	157.372	118.697	131.798	84.1685	36.9816	839.609	852.348	865.216	5.40252	7	0	185.042	-18.5751	-26.9966	226.246	-18.5751	-26.9966	226.246	
13868	32256	326.175	735.208	324.79	73.3848	73.353	-0.751643	1	1	1	1	1	265.723	176.606	132.115	-118.172	584.921	769.175	265.911	226.87	176.466	132.87	9.26995	-118.476	584.287	683.112	769.339	4.19293	13	0	73.2373	73.391	-21.8155	675.092	73.391	-21.8155	675.092	
13868	37590	254.731	551.173	249.568	55.9292	56.239	-0.93031	1	1	1	1	1	220.098	113.207	132.912	-89.1413	-255.762	-259.035	220.098	164.818	112.93	132.912	19.7238	-94.0348	-255.762	-273.653	-257.438	7.27781	21	0	79.3235	56.2688	-30.6938	-261.845	56.2688	-30.6938	-261.845	
13868	78519	302.729	3285.27	302.388	-44.659	-45.781	-0.795544	1	1	1	1	1	169.695	259.538	133.457	-110.766	55.2137	-94.8863	169.566	228.378	259.538	133.727	13.9175	-110.766	55.368	-15.6273	-94.8863	4.22831	15	0	74.2686	-45.741	-18.543	-35.8275	-45.741	-18.543	-35.8275	
13867	3271	272.213	597.756	269.929	-99999	-9.51	-0.966035	1	1	1	1	1	126.337	194.247	132.854	-124.091	757.107	798.959	125.973	162.201	194.47	134.361	4.68768	-124.753	756.983	776.541	799.145	4.26243	13	0	69.887	-9.48246	-6.45688	757.539	-9.48246	-6.45688	757.539	
13868	35722	226.457	531.786	223.044	-99999	113.783	-0.972324	1	1	1	1	0	124.138	84.5203	133.282	-80.9893	-763.639	-727.375	124.115	105.489	83.3818	133.805	22.43	-83.3019	-763.728	-756.309	-726.01	4.63443	12	0	67.2734	113.805	-22.3938	-737.674	113.805	-22.3938	-737.674	
13868	36062	299.799	656.692	299.208	-42.7383	-45.157	-0.777073	1	1	1	1	1	297.221	114.933	133.362	-101.72	-662.746	-642.121	297.572	199.726	114.933	133.827	21.2326	-101.72	-662.817	-649.088	-642.121	4.48462	6	0	71.0435	-45.1311	-25.0098	-641.825	-45.1311	-25.0098	-641.825	
13868	44032	355.455	849.275	355.261	19.5733	19.715	-0.575872	1	1	1	1	1	259.85	130.263	132.695	-54.3759	539.514	811.084	259.904	198.925	130.263	132.805	34.2625	-54.3759	539.368	673.884	811.084	4.61589	14	0	96.4169	19.7672	-15.9682	692.343	54.2572	25.5732	657.884	
13868	43234	276.67	608.565	274.248	68.5786	68.819	-0.871024	1	1	1	1	1	139.253	275.556	133.034	-104.105	871.357	862.752	138.601	206.835	275.966	134.206	14.3208	-105.088	871.491	863.33	862.659	5.18495	8	0	76.4758	68.851	-21.6734	800.171	68.851	-21.6734	800.171	
13868	47283	157.78	648.827	156.872	-99999	70.356	-0.877558	1	1	1	1	1	244.938	198.698	132.443	-6.43289	567.378	511.824	256.243	232.863	209.754	133.238	64.0358	-6.43289	567.731	537.947	511.824	10.0163	10	0	46.9381	70.3899	-23.5299	514.348	70.3899	-23.5299	514.348	
13868	46258	312.26	720.482	307.809	-99999	41.942	-0.920408	1	1	1	1	1	232.005	344.099	131.623	-154.187	-246.328	-224.872	244.655	301.319	357.985	132.774	-12.2791	-157.204	-246.422	-235.263	-225.568	5.49424	6	0	50.8935	41.9616	-53.2279	-233.758	41.9616	-53.2279	-233.758	
13868	48098	81.2718	227.93	80.0154	-99999	84.584	-0.871475	0	0	0	0	0	240.115	200.71	133.786	64.3684	650.482	653.245	267.213	247.811	227.197	134.881	99.2281	64.3684	650.496	651.614	653.245	4.50775	9	0	81.0849	-999999	-999999	-999999	-999999	-999999	-999999	
13868	49999	92.1601	236.581	89.7499	-99999	-26.52	-0.995469	1	1	1	0	0	167.461	157.722	132.207	43.1692	527.016	528.516	167.586	163.995	157.594	133.314	87.4046	41.893	526.999	528.435	528.368	4.75789	6	0	72.0455	-26.4984	19.2547	540.198	-26.4984	19.2547	540.198	
13868	75143	229.443	502.173	229.27	-99999	52.851	-0.476251	1	1	1	1	1	207.29	267.917	133.157	-0.609706	-778.692	-606.188	223.839	242.692	284.543	133.157	59.6301	-0.667946	-778.692	-693.006	-606.053	5.81893	6	0	74.5461	52.8892	4.288	-649.444	52.8892	4.288	-649.444	
13868	79643	369.346	833.897	334.94	50.1954	52.37	-0.729588	1	1	1	1	1	120.124	332.945	133.136	-113.247	-556.147	-634.517	120.124	237.431	355.372	133.136	-2.66903	-138.073	-556.147	-599.678	-642.402	7.24292	16	0	107.651	52.4025	-53.5339	-610.239	52.4025	-53.5339	-610.239	
13868	51729	127.932	148.416	16.4558	-99999	61.05	-0.837636	1	1	1	1	1	90.6584	93.2815	131.205	116.767	6.36937	12.8287	90.5886	96.708	104.857	131.205	80.7428	23.9282	6.36937	35.9374	63.4016	12.1988	12	0	148.416	61.0849	-1.02869	72.7389	61.0849	-1.02869	72.7389	
13868	59100	127.006	300.813	124.677	-99999	2.13	-0.788591	1	1	1	1	0	206.905	263.783	131.4	49.4453	-709.738	-780.4	206.905	232.131	264.725	131.4	83.1016	48.6199	-709.738	-742.313	-782.359	5.27239	14	0	71.199	2.16958	22.2386	-743.574	2.16958	22.2386	-743.574	
13868	58526	217.159	542.927	216.857	-99999	9.61	-0.941245	1	1	1	1	1	197.053	143.908	133.511	-69.2732	-109.338	-58.1844	197.042	175.708	143.861	133.511	30.2705	-69.5376	-109.338	-83.5895	-58.0602	8.23006	14	0	140.809	9.64692	-19.4677	-67.1374	9.64692	-19.4677	-67.1374	
13868	41872	291.329	650.523	290.923	-99999	54.572	-0.768509	1	1	1	1	1	161.977	108.847	134.216	-87.5119	-844.883	-666.258	161.915	129.582	108.72	134.216	21.0939	-87.869	-844.883	-759.204	-666.096	5.38344	14	0	80.0247	54.5914	-24.1074	-712.029	54.5914	-24.1074	-712.029	
13868	46153	255.781	565.485	252.33	15.2799	14.241	-0.770673	1	1	1	1	1	62.6364	232.722	120.188	-64.3769	-302.791	-325.298	60.9498	148.425	233.174	122.241	29.779	-65.0053	-302.614	-312.98	-325.327	4.55495	7	0	74.2763	14.2686	0.405744	-314.693	14.2686	0.405744	-314.693	
13868	49951	237.024	661.441	236.331	-99999	75.532	-0.965081	1	1	1	1	1	90.4761	100.277	133.192	-89.801	-616.499	-563.118	90.3541	107.255	100.169	133.446	19.1527	-89.9185	-616.558	-590.356	-562.875	14.5942	36	0	159.743	75.5535	-8.68443	-585.312	75.5535	-8.68443	-585.312	
13868	45402	157.048	39131.7	149.602	-99999	10.642	-0.776125	1	1	1	1	1	167.866	110.552	132.531	12.5491	872.392	806.695	168.653	138.818	106.496	133.926	71.297	9.08898	873.209	836.724	806.357	57.417	28	0	358.467	10.6764	0.589549	779.502	10.6764	0.589549	779.502	
13868	52782	242.249	558.785	242.247	-99999	84.084	-0.700913	1	1	1	1	1	73.4758	162.437	133.573	-34.1614	-734.183	-584.472	73.3796	119.101	162.341	133.573	49.3832	-34.1614	-734.183	-660.21	-584.472	4.01407	13	0	75.932	84.1131	5.95292	-639.547	84.1131	5.95292	-639.547	
13868	52373	216.154	529.988	213.288	-99999	77.336	-0.867951	1	1	1	1	1	149.931	112.691	132.863	-29.8141	-413.292	-286.965	149.959	128.501	112.654	133.328	44.6253	-30.4983	-413.533	-355.755	-284.799	7.74197	16	0	83.6027	77.3652	-3.79601	-330.67	77.3652	-3.79601	-330.67	
13868	50324	163.775	385.822	160.966	-99999	52.487	-0.972092	1	1	1	0	0	315.714	342.272	133.365	-21.9952	-742.223	-712.934	332.023	342.457	359.243	134.709	55.4122	-23.3106	-742.519	-725.111	-712.979	4.13569	9	0	75.1318	52.5144	23.4284	-725.247	52.5144	23.4284	-725.247	
13868	17190	316.264	766.107	311.926	-99999	-40.247	-0.920091	1	1	1	1	1	62.319	155.717	134.851	-149.805	-495.706	-413.97	60.9949	111.722	155.763	138.841	-7.1742	-149.805	-496.69	-463.515	-413.97	5.65921	9	0	73.9593	-40.2254	-24.131	-449.59	-40.2254	-24.131	-449.59	
13868	50349	67.9584	190.96	67.3714	-99999	52.533	-0.882297	1	1	0	0	0	273.071	283.555	133.086	75.4753	673.87	641.738	289.519	293.618	300.088	133.1	104.665	75.0895	673.876	655.921	641.646	4.90137	10	0	67.8049	52.5774	-21.5076	636.189	52.5774	-21.5076	636.189	
13868	54677	133.992	362.535	132.559	-99999	100.77	-0.294915	1	1	1	1	1	188.411	118.511	-153.312	-113.361	-894.742	-789.44	117.593	153.025	188.295	-112.929	-133.066	-153.312	-788.336	-841.504	-894.742	4.83779	241	0	362.535	100.806	-85.5337	-724.476	100.806	-85.5337	-724.476	
13868	58838	114.642	269.073	113.669	78.8261	80.012	-0.965526	1	1	1	1	1	217.422	172.893	132.871	29.6507	518.208	508.858	217.422	199.698	172.366	132.871	78.5985	28.8387	518.208	513.591	508.856	4.48162	6	0	70.911	80.0466	10.6043	517.116	80.0466	10.6043	517.116	
13868	21409	150.39	536.156	150.249	-99999	10.121	-0.507634	1	1	1	1	1	355.969	257.131	-164.367	-87.5683	656.525	739.625	260.3	309.954	359.225	-87.5683	-125.941	-164.442	739.625	698.201	656.444	11.6722	367	0	536.156	10.173	-21.4354	747.023	10.173	-21.4354	747.023	
13867	10597	325.202	727.831	307.151	-99999	-47.551	-0.955312	1	1	1	1	1	248.806	315.005	133.67	-163.064	-779.094	-822.244	233.916	270.521	304.255	133.67	-23.1116	-180.521	-779.094	-801.65	-824.101	4.01155	9	0	45.6487	-47.527	-27.68	-771.116	-47.527	-27.68	-771.116	
13868	41740	106.94	255.715	106.26	-99999	8.192	-0.990384	1	1	1	0	0	320.824	300.455	133.368	30.0096	3.25857	9.36653	323.424	316.471	303.02	134.036	81.3069	30.0096	3.17062	8.31057	9.36653	4.33426	9	0	69.8789	8.22114	40.6421	5.44414	8.22114	40.6421	5.44414	
13868	43115	427.08	1042.4	425.421	-99999	-1.822	-0.723357	1	1	1	1	1	146.693	134.407	132.587	-171.534	765.471	468.453	146.737	140.925	134.401	133.182	-20.5396	-172.026	766.039	617.979	467.813	4.56074	8	0	75.4375	-1.77797	-25.3508	609.663	-1.77797	-25.3508	609.663	
13868	44515	266.525	561.683	265.371	-99999	-39.673	-0.973926	1	1	1	1	1	149.195	79.5026	133.138	-118.917	435.717	462.071	149.394	127.93	79.386	133.867	3.33423	-119.284	435.65	451.092	462.077	4.90068	8	0	72.8864	-34.9009	-41.546	402.33	-34.9009	-41.546	402.33	
13868	44265	455.054	995.352	455.007	-99999	28.267	-0.575098	1	1	1	1	1	173.081	101.186	132.525	-125.543	-522.636	-158.238	173.049	127.57	101.154	132.525	0.00820522	-125.543	-522.636	-343.583	-158.238	6.63389	16	0	98.5301	28.3043	-22.4618	-309.796	28.3043	-22.4618	-309.796	
13868	45519	401.61	2165.27	399.412	90.6981	92.207	-0.722135	1	1	1	1	1	335.625	85.8627	132.019	-146.239	-682.894	-549	336.014	204.929	85.307	132.51	-0.571507	-147.63	-683.132	-609.903	-548.717	5.04936	9	0	74.1005	92.2241	-33.5267	-599.419	92.2241	-33.5267	-599.419	
13867	10701	337.829	758.131	328.716	-99999	94.041	-0.899375	1	1	1	1	1	107.16	84.7606	134.046	-157.904	-62.3545	86.8757	107.053	95.6679	84.7992	134.046	-16.0533	-165.523	-62.3545	14.1327	91.8244	22.1643	10	0	58.2916	94.0621	-19.3291	23.0101	94.0621	-19.3291	23.0101	
13868	78262	201.626	457.639	200.774	-38.4829	-38.423	-0.677067	1	1	1	1	1	247.628	105.93	132.007	5.09587	806.054	865.312	247.628	178.157	105.425	132.007	62.7447	4.60941	806.054	829.071	865.786	4.9758	12	0	74.262	-44.3628	-43.0522	560.755	2.68718	-39.4582	818.353	
13868	47797	255.874	602.088	254.756	113.533	113.729	-0.823708	1	1	1	1	1	150.58	296.187	133.111	-64.874	-507.77	-442.768	150.023	220.95	296.187	134.024	32.0218	-64.874	-508.048	-477.683	-442.768	5.49025	8	0	83.8859	113.763	-17.2042	-465.64	113.763	-17.2042	-465.64	
13868	46339	87.2618	300.712	84.6821	-99999	101.744	-0.727295	1	1	1	1	1	62.6565	117.37	-49.0653	-110.533	470.886	490.769	61.3336	89.6394	117.654	-47.7032	-79.152	-111.1	470.449	481.083	490.905	11.2563	8	0	94.5293	101.79	-56.1387	488.324	101.79	-56.1387	488.324	
13868	46839	260.393	607.783	259.587	-99999	114.896	-0.925842	1	1	1	1	1	151.85	105.174	133.263	-110.491	372.992	300.044	151.92	127.944	105.043	133.997	12.6474	-110.491	373.232	332.712	300.044	5.75044	9	0	97.2549	114.922	-27.077	329.323	114.922	-27.077	329.323	
13868	47471	260.39	566.672	259.433	-99999	103.144	-0.784424	1	1	1	1	1	66.9731	172.643	134.377	-67.4976	-276.573	-157.679	66.6305	122.908	172.674	134.769	29.9666	-67.801	-276.786	-224.175	-157.377	6.18336	14	0	75.3262	103.173	6.90691	-211.523	103.173	6.90691	-211.523	
13868	49571	102.148	245.07	102.146	-99999	116.323	-0.931835	1	1	0	0	0	108.711	130.884	133.133	44.2048	349.733	393.186	108.578	120.052	130.751	133.133	86.5597	44.2048	349.733	367.21	393.186	5.4091	13	0	73.3684	116.349	28.2714	383.608	116.349	28.2714	383.608	
13868	51080	591.728	1385.88	591.654	-99999	48.397	-0.513278	1	1	1	1	1	211.459	343.88	133.347	-170.492	-94.7133	-584.706	226.591	292.167	359.035	133.384	-18.2059	-170.492	-94.6559	-340.084	-584.706	4.65398	17	0	62.9715	48.4333	-35.7587	-379.925	48.4333	-35.7587	-379.925	
13868	52380	88.6959	219.935	87.9003	-99999	-17.991	-0.785543	1	1	0	0	0	65.0636	115.232	81.8661	14.4785	-858.617	-833.374	64.8847	88.94	115.511	82.1649	47.7858	14.1631	-858.742	-844.394	-833.307	4.01043	8	0	66.5739	-14.5745	-54.4394	-741.835	98.1955	54.489	-810.321	
13868	57719	95.4238	221.002	94.0772	-99999	110.83	-0.749119	1	1	1	1	0	121.197	188.556	133.537	69.4771	-635.926	-623.106	120.215	152.896	188.429	134.553	100.396	69.4771	-636.132	-629.766	-623.106	4.19041	7	0	61.5024	110.868	33.9988	-618.98	110.868	33.9988	-618.98	
13868	49416	81.7504	197.271	81.108	-99999	114.318	-0.876544	1	1	0	0	0	215.667	181.241	132.732	63.9954	-644.636	-669.151	251.703	235.796	217.039	133.295	97.8896	63.9954	-644.446	-657.238	-669.151	5.56231	6	0	59.9036	114.345	28.1457	-651.957	114.345	28.1457	-651.957	
13868	59901	106.853	265.52	106.701	-99999	20.585	-0.841684	1	0	0	0	0	95.9621	79.0415	133.047	42.8724	184.471	238.807	95.9689	87.5763	79.0179	133.173	88.0308	42.8724	184.396	211.678	238.807	4.36074	14	0	81.7714	20.6064	52.899	221.659	20.6064	52.899	221.659	
13868	55831	131.556	303.736	130.714	-139.827	-13.399	-0.94847	0	0	0	0	0	221.917	182.539	132.379	10.1531	213.661	233.663	222.093	204.524	182.485	133.066	71.3676	10.0504	213.523	227.951	233.661	7.19197	6	0	61.5734	-8.38565	26.3492	-434.665	3.10435	52.6605	723.551	
13868	76014	194.606	498.294	184.94	-99999	116.014	-0.768231	1	1	1	1	1	72.0876	191.523	133.857	-2.75029	306.102	340.983	71.9262	133.986	197.737	133.894	61.6518	-9.96869	306.091	325.961	340.968	8.63215	6	0	67.4976	116.043	-26.0232	348.817	116.043	-26.0232	348.817	
13868	56408	127.486	632.775	127.152	-99999	69.079	-0.815228	1	1	1	1	1	137.689	91.4038	134.822	33.6267	269.7	329.057	137.61	115.284	91.3248	134.822	82.7259	33.6267	269.7	298.564	329.057	21.3063	21	0	85.4815	69.1083	-4.98955	336.142	69.1083	-4.98955	336.142	
13868	55541	298.076	736.531	296.287	-99999	105.475	-0.973757	1	1	1	1	1	283.452	325.885	132.05	-158.16	508.988	550.53	316.255	337.587	358.992	133.282	-12.6487	-158.661	508.792	529.871	550.564	7.71431	10	0	55.8361	105.496	-47.2715	314.442	105.496	-47.2715	314.442	
13868	49162	174.524	402.266	172.205	109.371	111.69	-0.892691	1	1	1	1	1	232.277	189.861	131.785	-21.5057	-533.18	-468.286	232.613	209.498	189.378	132.914	55.4492	-22.4063	-533.638	-500.865	-468.054	5.34094	9	0	79.3574	111.72	-0.65176	-487.357	111.72	-0.65176	-487.357	
13868	47369	250.784	554.445	250.339	-99999	75.767	-0.657034	1	1	1	1	1	86.9436	146.36	133.61	-34.4417	489.796	663.862	86.8052	108.23	146.273	133.895	50.2368	-34.4417	489.462	580.294	663.862	4.02531	11	0	67.2074	75.8084	10.1806	603.81	75.8084	10.1806	603.81	
13868	54674	73.2945	202.722	71.0995	-99999	38.419	-0.606639	1	0	0	0	0	300.447	346.797	133.01	80.235	822.53	818.891	311.668	335.701	359.545	133.502	106.221	79.4771	822.869	820.901	818.83	4.1116	13	0	71.4776	38.4469	77.4735	818.943	38.4469	77.4735	818.943	
13868	46874	130.066	367.645	128.12	-99999	-26.724	-0.762889	0	0	0	0	0	129.203	158.281	131.01	19.9762	-789.977	-736.76	129.082	146.051	158.621	131.449	78.4494	18.6555	-790.327	-757.001	-736.858	15.5348	6	0	105.987	5.68263	-123.506	420.07	37.6526	45.7653	153.344	
13868	77116	327.1	775.094	324.334	-99999	-2.832	-0.888415	1	1	1	1	1	333.171	178.753	130.776	-149.68	-111.553	-77.1393	334.418	260.671	178.753	133.225	-11.8234	-149.68	-111.773	-96.0343	-77.1393	5.98444	10	0	156.376	-2.81192	-8.78769	-103.675	-2.81192	-8.78769	-103.675	
13868	77216	80.1657	440.706	79.2556	-99999	46.738	-0.399511	1	1	1	0	0	61.8848	127.739	80.3007	122.518	-277.229	-268.133	135.527	102.499	69.0665	122.675	101.377	80.2287	-268.315	-272.7	-277.232	5.09759	109	0	440.706	46.7561	38.4557	-260.621	46.7561	38.4557	-260.621	
13868	50231	209.842	437.719	200.925	-99999	56.916	-0.817553	1	1	1	0	0	240.384	341.319	-43.3207	119.996	-891.758	-832.562	359.142	306.468	253.763	119.996	34.9615	-50.6281	-832.562	-864.188	-894.258	9.84867	412	0	437.719	62.8314	23.5556	-229.758	62.8314	23.5556	-229.758	
13868	53478	293.988	674.05	293.185	-99999	99.736	-0.805415	1	1	1	1	1	174.299	123.193	133.795	-98.7462	-469.006	-298.808	174.185	147.591	122.945	133.795	15.4761	-99.3822	-469.006	-386.19	-298.343	4.50442	16	0	75.5294	99.7687	-25.9464	-354.866	99.7687	-25.9464	-354.866	
13868	50936	63.2097	147.876	63.2077	-99999	61.884	-0.433525	1	1	0	0	0	83.396	116.937	133.324	107.434	374.497	421.218	83.3252	99.5283	116.867	133.324	119.72	107.434	374.497	397.96	421.218	4.60844	13	0	67.7684	61.9254	29.1193	-801.492	14.7954	-27.6682	596.217	
13868	54056	99.1238	239.294	97.9927	96.4259	97.193	-0.947354	1	1	1	1	0	213.031	172.106	131.661	43.9651	-38.762	-26.7601	213.232	195.646	171.864	132.315	86.2499	43.6068	-38.8286	-34.2415	-26.678	6.11381	9	0	84.0895	97.2216	32.928	-19.1522	97.2216	32.928	-19.1522	
13868	78361	176.474	380.013	174.651	105.023	104.656	-0.969903	1	1	1	1	1	201.484	248.465	134.088	-30.2124	300.161	266.677	201.447	221.503	248.94	134.749	50.677	-31.2276	300.316	283.754	266.633	6.36079	7	0	73.9175	104.693	-8.11721	265.347	104.693	-8.11721	265.347	
13868	56344	56.0462	156.781	51.4695	-99999	1.789	-0.946661	1	1	0	0	0	309.684	308.174	130.798	81.0065	105.234	114.277	310.321	309.298	308.999	132.987	106.227	79.554	104.515	112.471	114.302	5.04532	6	0	78.4674	8.54071	-28.7816	546.753	8.54071	-28.7816	546.753	
13868	58533	365.012	828.072	359.25	31.7654	30.484	-0.859082	1	1	1	1	1	95.5097	264.16	130.403	-158.842	-295.25	-422.471	93.7847	169.421	264.889	134.268	-17.5176	-159.789	-293.708	-360.916	-422.84	4.07052	9	0	80.0668	30.5209	-18.5407	-359.64	30.5209	-18.5407	-359.64	
13868	63488	166.887	393.896	165.013	-99999	-2.106	-0.924578	1	1	1	1	1	199.336	149.853	132.588	-20.9611	-145.596	-116.541	199.338	171.137	149.649	132.588	54.4652	-22.6604	-145.596	-137.715	-115.786	4.83974	19	0	94.0237	-2.07246	2.06044	-124.877	-2.07246	2.06044	-124.877	
13868	61535	246.69	567.206	246.359	-99999	0.829	-0.68921	1	1	1	1	1	261.211	92.5383	132.89	-32.9894	445.22	513.925	261.43	177.05	92.5383	133.119	49.8252	-32.9894	445.133	479.104	513.925	5.35416	8	0	45.0564	0.849505	-66.6434	536.056	0.849505	-66.6434	536.056	
13868	50627	360.152	731.719	340.896	41.8376	43.292	-0.887622	1	1	1	1	1	121.615	268.243	132.741	-165.01	-643.998	-721.687	121.1	198.737	275.799	133.904	-23.3813	-180.798	-643.694	-684.411	-725.633	8.59337	9	0	44.0613	43.3107	-16.2629	-672.153	43.3107	-16.2629	-672.153	
13868	57404	206.264	456.417	205.871	-99999	-26.314	-0.746026	1	1	1	1	1	160.664	115.704	134.11	-25.9592	540.948	661.733	160.694	139.916	115.669	134.11	55.0229	-26.2536	540.948	603.57	661.984	5.4626	12	0	68.8921	-26.2824	0.263256	625.338	-26.2824	0.263256	625.338	
13868	48446	88.0438	192.256	86.5706	-99999	81.116	-0.961603	1	1	1	1	1	206.472	184.953	131.983	49.6319	-154.278	-170.007	232.203	221.535	210.29	133.192	91.1822	49.4301	-154.18	-161.8	-170.042	7.27252	10	0	50.2489	81.1442	-26.6339	-194.466	81.1442	-26.6339	-194.466	
13868	57446	285.295	646.623	283.963	75.6816	74.87	-0.889716	1	1	1	1	1	252.486	125.589	132.256	-111.563	795.219	862.057	252.787	190.158	125.358	132.961	7.96242	-112.004	795.025	821.617	862.256	7.01348	9	0	86.4663	74.9044	-32.2398	793.887	74.9044	-32.2398	793.887	
13868	59012	45.1642	148.259	43.81	-99999	-33.1	-0.805802	1	1	1	1	1	247.905	221.215	132.166	98.2428	590.844	585.415	243.237	229.432	215.864	132.854	115.114	97.9439	590.929	588.979	585.111	4.76412	16	0	64.838	-33.0713	-25.5811	581.104	-33.0713	-25.5811	581.104	
13868	53093	143.943	410.493	143.085	-99999	-18.222	-0.402619	1	1	1	1	1	67.62	197.57	-6.85517	-65.8869	-242.295	-242.583	64.3702	130.43	195.024	-6.67596	-35.1401	-66.1336	-242.31	-243.475	-242.459	13.7887	15	0	97.599	-18.2317	-48.9103	-239.714	-18.2317	-48.9103	-239.714	
13868	51437	195.169	519.442	194.267	56.716	53.865	-0.711035	1	1	1	1	1	158.858	219.693	133.127	9.68849	-38.4771	-166.041	158.794	174.523	220.004	133.434	68.3966	9.45732	-38.1824	-109.108	-166.262	4.23733	11	0	145.085	53.9007	-4.05659	-146.464	53.9007	-4.05659	-146.464	
13868	53637	106.358	298.456	102.342	-99999	24.225	-0.952261	1	1	1	0	0	207.662	219.893	131.848	33.0242	167.116	190.193	215.118	222.395	227.431	132.791	81.8395	30.0546	166.843	180.166	190.722	13.6846	6	0	119.491	24.2475	11.1391	187.077	24.2475	11.1391	187.077	
13868	52218	244.523	533.342	242.665	33.8005	34.768	-0.947913	1	1	1	1	1	164.677	252.347	133.755	-91.5635	685.847	678.286	164.555	210.42	252.579	134.146	20.9319	-92.9683	685.876	682.629	678.503	8.38212	6	0	80.6013	34.7992	-6.31102	667.312	34.7992	-6.31102	667.312	
13868	58284	266.718	1477.35	263.51	-38.8142	-38.555	-0.854635	1	1	1	1	1	113.463	260.942	132.793	-53.3735	338.004	230.769	112.922	179.596	261.743	133.954	27.9429	-54.6042	338.447	293.45	229.67	8.3427	7	0	69.625	-38.5211	-6.11676	275.613	-38.5211	-6.11676	275.613	
13868	76846	116.641	291.669	115.715	-99999	98.557	-0.921115	1	1	1	0	0	119.374	85.4559	134.293	27.2969	-268.159	-243.38	119.261	98.2227	85.422	134.293	81.3121	26.3884	-268.159	-256	-243.315	7.59433	9	0	79.8565	98.5745	31.1194	-247.042	98.5745	31.1194	-247.042	
13868	56078	184.553	414.282	183.504	86.876	87.237	-0.75877	1	1	1	1	1	228.7	99.2158	132.228	12.9741	-352.894	-309.433	229.261	170.909	99.2158	133.021	67.3604	12.9741	-353.268	-325.346	-309.433	4.62862	6	0	65.6615	87.265	12.7841	-314.589	87.265	12.7841	-314.589	
13868	55211	188.721	475.979	188.696	-99999	17.734	-0.701597	1	1	1	1	1	353.073	220.637	-29.6938	98.6127	724.351	764.285	226.19	291.785	358.643	98.6127	33.6357	-29.7083	764.285	744.839	724.344	5.68912	326	0	475.979	17.7451	0.0897076	728.112	17.7451	0.0897076	728.112	
13867	23411	266.109	673488	265.896	88.3639	86.958	-0.818274	1	1	1	1	1	149.128	234.524	134.052	-75.7587	-124.054	-255.525	149.076	195.71	234.524	134.188	26.8702	-75.7587	-123.974	-187.302	-255.525	5.91416	13	0	154.981	86.9968	-41.0966	-251.847	86.9968	-41.0966	-251.847	
13868	79637	59.5258	175.98	58.7095	-99999	-10.001	-0.87975	1	0	0	0	0	147.911	155.817	133.235	79.1446	157.525	177.617	147.922	150.018	156	133.235	106.024	78.3757	157.525	169.266	177.674	5.76363	10	0	82.1154	-16.1252	67.0167	-724.558	35.1048	-38.2393	-426.033	
13868	53583	323.017	1074.51	320.102	127.373	83.977	-0.802279	0	0	0	0	0	324.043	187.578	132.517	-107.024	300.115	460.78	324.627	250.718	187.22	133.737	15.6747	-108.078	299.453	380.015	461.631	5.48123	16	0	78.4103	52.8586	-12.7162	-548.541	-25.6614	-49.0595	41.3829	
13868	51130	239.389	509.106	238.739	32.8841	32.682	-0.97711	1	1	1	1	1	174.068	229.762	132.952	-97.5543	-875.545	-857.979	174.068	200.889	230.026	132.952	17.3432	-98.1363	-875.545	-860.822	-858	5.03277	8	0	72.1178	40.1906	-19.4922	-170.124	40.1906	-19.4922	-170.124	
13868	75608	231.33	556.412	230.615	28.734	28.716	-0.6988	1	1	1	1	1	256.515	122.406	132.8	-52.4093	-250.805	-256.03	256.515	180.413	122.087	132.8	46.3178	-53.0411	-250.805	-258.02	-255.986	5.65386	8	0	79.9842	28.7452	-11.5709	-252.746	28.7452	-11.5709	-252.746	
13868	55192	128.763	700.43	127.208	-99999	-7.789	-0.993848	0	0	0	0	0	148.206	152.834	133.687	8.20976	-672.245	-668.821	148.214	155.219	153.004	133.687	69.9202	7.01727	-672.245	-671.509	-667.977	36.744	6	0	502.253	0.236969	-90.2438	-823.371	53.887	15.1764	-664.683	
13868	56727	303.472	744.414	302.45	-99999	42.067	-0.995129	1	1	1	1	1	136.311	165.166	133.289	-166.1	-285.47	-258.435	136.256	153.001	165.256	133.426	-16.6237	-166.947	-285.482	-270.722	-258.493	24.5414	11	0	128.719	42.102	-20.9376	-269.774	42.102	-20.9376	-269.774	
13868	58327	293.441	682.949	292.988	43.8142	43.323	-0.945301	1	1	1	1	1	280.625	178.05	133.185	-139.417	-800.232	-792.005	280.741	233.031	178.05	133.535	-5.10913	-139.417	-800.222	-803.237	-792.005	4.69382	8	0	79.0077	43.3525	-15.2833	-766.165	43.3525	-15.2833	-766.165	
13868	63711	95.9406	241.83	95.6917	-99999	112.577	-0.825255	1	1	1	0	0	75.1291	131.985	133.541	60.3936	665.26	686.856	74.8697	101.25	131.856	133.744	94.7586	60.3936	665.211	674.317	686.856	4.67293	6	0	63.2139	112.611	32.4273	676.7	112.611	32.4273	676.7	
13868	55607	25.6291	770.073	25.2212	-99999	-32.76	-0.800037	1	1	1	1	1	86.9547	90.4992	133.588	113.085	-185.378	-199.311	86.9922	88.7498	90.602	133.588	123.03	113.037	-185.378	-192.399	-199.442	639.77	6	0	762.144	-32.7315	-9.11778	-283.979	-32.7315	-9.11778	-283.979	
13868	59307	210.385	1482.68	208.832	114.047	115.549	-0.664484	1	1	1	1	1	165.657	273.085	131.767	-27.25	789.638	863.531	165.342	214.773	273.569	132.184	50.9112	-27.9846	789.265	833.839	863.37	4.87947	6	0	75.0612	115.592	0.205368	787.411	115.592	0.205368	787.411	
13868	15863	430.203	1573.06	430.175	-99999	36.371	-0.272032	1	1	1	1	1	76.087	215.936	133.922	18.7401	-155.975	233.829	70.367	140.43	210.22	133.927	77.2973	18.7401	-155.991	39.174	233.829	4.46553	12	0	75.8736	36.3452	4.52993	241.605	36.3452	4.52993	241.605	
13868	60138	341.717	850.776	341.709	-325.826	-16.587	-0.845049	0	0	0	0	0	338.517	196.924	134.087	-148.856	749.015	872.919	338.517	277.971	196.924	134.087	-7.52728	-148.856	749.015	822.72	872.919	9.93376	9	0	71.4696	-19.21	8.80697	-700.805	17.05	-24.1731	185.298	
13868	64817	364.533	1309.57	364.092	98.0984	98.849	-0.815516	1	1	1	1	1	173.746	276.681	131.904	-169.163	-709.401	-883.998	173.648	221.771	276.681	132.239	-17.2283	-169.163	-709.185	-801.197	-883.998	4.91581	13	0	87.0365	98.8833	-23.6014	-761.489	98.8833	-23.6014	-761.489	
13868	61498	103.258	247.263	103.129	-99999	23.889	-0.791681	0	0	0	0	0	104.374	77.5201	134.181	48.7448	657	708.039	104.347	90.1249	77.4685	134.181	91.5804	48.6434	657	682.424	708.112	5.23594	16	0	49.7422	-999999	-999999	-999999	-999999	-999999	-999999	
13868	62381	87.8094	239.641	84.9772	-99999	81.253	-0.968317	1	1	1	0	0	297.565	282.525	133.217	49.9295	290.284	294.305	323.043	313.096	308.113	133.36	90.7318	47.253	290.285	293.162	294.256	6.39547	7	0	89.1173	87.1583	-40.0699	463.153	87.1583	-40.0699	463.153	
13868	64422	119.442	258.075	118.64	-99999	46.652	-0.953101	1	1	1	0	0	118.506	123.967	133.136	25.2827	439.337	485.011	118.389	123.812	123.914	133.517	76.7262	25.2827	439.231	456.457	485.011	11.5957	12	0	81.5694	46.6794	27.0754	466.461	46.6794	27.0754	466.461	
13868	61867	264.051	495.447	264.027	-99999	-14.592	-0.90603	1	1	1	1	1	151.459	153.699	131.675	-78.9141	357.01	515.185	151.475	150.581	153.716	131.675	25.995	-78.9141	357.01	435.709	515.185	4.47758	13	0	69.4956	-14.5542	-7.71671	451.689	-14.5542	-7.71671	451.689	
13868	64999	350.473	759.122	349.141	-14.1466	-14.305	-0.792552	1	1	1	1	1	315.583	97.5753	133.726	-136.842	853.258	840.41	315.817	200.737	97.1327	134.043	2.01732	-137.658	853.236	855.02	840.477	5.5028	7	0	70.4349	-14.285	-35.2593	801.179	-14.285	-35.2593	801.179	
13868	5703	228.101	481.001	224.104	-99999	-9.186	-0.655975	1	1	1	1	1	308.256	190.925	130.832	-14.8192	231.882	354.852	310.205	251.335	190.925	133.419	59.1552	-14.8192	229.626	293.071	354.852	5.44148	8	0	56.7964	-9.15111	-43.1043	378.69	-9.15111	-43.1043	378.69	
13868	9403	62.9372	6261.09	55.4216	-99999	36.739	-0.858445	1	1	1	1	0	345.291	347.633	131.027	98.7238	-880.719	-845.495	356.792	358.245	359.349	131.083	103.534	97.5445	-880.751	-865.755	-840.896	3533.66	6	0	6126.48	36.7629	-30.2097	-785.456	36.7629	-30.2097	-785.456	
13868	9674	205.437	451.46	204.766	-99999	-22.097	-0.748567	1	1	1	1	0	66.5307	159.241	-0.742828	-163.144	796.441	875.506	66.556	113.515	159.6	-0.742828	-78.577	-163.714	796.441	844.149	875.544	6.10512	7	0	68.6254	-22.0572	-31.3323	802.075	-22.0572	-31.3323	802.075	
13868	63341	300.335	656.541	299.707	-99999	-0.48	-0.695959	1	1	1	1	1	198.182	170.572	131.581	-66.4867	475.334	688.887	198.282	181.28	170.573	131.944	18.9712	-66.4867	474.967	572.289	688.887	4.1142	16	0	75.3942	-0.447291	-17.0237	603.166	-0.447291	-17.0237	603.166	
13868	62818	293.522	678.218	292.826	-99999	85.777	-0.922935	1	1	1	1	1	158.266	130.215	130.412	-142.332	-646.218	-546.037	158.241	143.399	130.11	130.992	-7.23871	-142.376	-646.456	-599.792	-546.022	5.82804	9	0	65.7823	85.8037	-24.9652	-585.997	85.8037	-24.9652	-585.997	
13868	67516	261.361	581.993	260.288	-99999	-47.022	-0.991555	1	1	1	1	1	314.537	263.23	131.355	-122.747	-717.774	-712.06	299.899	280.529	248.458	132.159	2.96702	-123	-717.821	-717.896	-712.061	4.95243	8	0	72.7883	-46.9898	-14.8662	-711.287	-46.9898	-14.8662	-711.287	
13868	65402	410.339	17274.9	409.425	47.1837	46.779	-0.740584	1	1	1	1	1	149.591	275.199	133.587	-168.53	272.929	27.264	149.51	212.941	275.358	133.842	-16.832	-168.989	273.142	149.22	26.9981	127.985	15	0	3267.69	46.8217	-51.2087	72.3048	46.8217	-51.2087	72.3048	
13868	65825	124.856	314.945	124.599	-99999	17.212	-0.928285	1	1	1	0	0	140.723	150.214	132.843	21.4734	209.485	262.982	140.673	149.124	150.194	133.077	75.6859	21.4734	209.396	232.376	262.982	6.0778	15	0	82.3177	17.2343	17.0416	238.932	17.2343	17.0416	238.932	
13868	68425	72.1075	210.446	71.6249	313.162	50.685	-0.846387	0	0	0	0	0	234.06	194.903	133.294	73.9982	115.855	119	234.299	214.236	194.903	133.706	103.849	73.9982	115.806	115.309	119	5.68721	14	0	84.6693	-999999	-999999	-999999	-999999	-999999	-999999	
13867	1281	68.2583	179.327	66.9032	-99999	-21.187	-0.984619	1	1	0	0	0	146.955	149.955	133.019	68.7932	-121.875	-109.574	146.964	149.575	150.073	133.215	100.093	68.3685	-121.913	-117.318	-109.813	5.60825	7	0	74.1597	-21.1531	28.3352	-115.617	-21.1531	28.3352	-115.617	
13868	63232	307.046	833.251	306.276	-99999	-16.408	-0.987787	1	1	1	1	1	187.112	167.657	132.358	-170.75	-680.178	-718.688	187.178	177.748	167.629	132.687	-19.1614	-171.163	-680.136	-700.171	-718.666	5.76551	7	0	81.9039	-16.3838	-32.7198	-691.768	-16.3838	-32.7198	-691.768	
13868	8428	533.026	1368.72	533.021	-99999	94.124	-0.387758	1	1	1	1	1	249.388	329.903	133.986	-84.4488	-663.017	-183.592	278.863	319.645	359.377	133.986	24.9135	-84.4488	-663.017	-423.347	-183.592	4.03181	8	0	66.5924	94.1606	-21.8082	-346.333	94.1606	-21.8082	-346.333	
13868	69385	30.3459	105.537	30.0968	-99999	28.137	-0.884405	0	0	0	0	0	275.7	286.311	134.029	107.298	-802.294	-810.444	284.511	290.052	295.25	134.029	120.278	107.12	-802.294	-805.459	-810.509	4.95215	18	0	81.3519	28.1584	57.9624	-789.916	28.1584	57.9624	-789.916	
13868	9504	91.7215	226.676	90.0619	-99999	87.362	-0.988912	1	1	1	1	0	228.953	240.989	130.777	43.9262	269.326	253.655	256.129	258.543	268.359	132.388	87.3584	43.9064	269.478	261.504	253.65	6.88763	7	0	67.4369	87.3919	20.3185	247.972	87.3919	20.3185	247.972	
13868	64650	51.7376	140.108	50.5406	87.2117	88.017	-0.788938	0	0	0	0	0	222.029	196.734	132.482	92.4719	64.2683	81.7813	222.394	208.845	196.483	133.052	112.675	92.1092	64.0249	72.3626	81.9529	4.47033	11	0	69.371	88.0661	29.1985	63.1357	88.0661	29.1985	63.1357	
13868	63195	189.112	604.007	189.11	-99999	-13.755	-0.749848	1	1	1	1	1	204.373	168.177	134.15	-17.8874	669.427	775.603	204.388	185.826	168.192	134.15	58.5983	-17.8874	669.427	723.103	775.603	5.31916	12	0	45.3838	-13.7418	-19.1349	487.468	-13.7418	-19.1349	487.468	
13868	60692	274.498	625.521	273.641	14.7355	13.961	-0.960003	1	1	1	1	1	152.214	241.01	132.44	-125.284	665.789	664.706	152.052	191.528	241.064	132.993	1.74774	-125.553	665.757	670.459	664.692	13.1443	7	0	100.006	13.9986	-12.0165	660.306	13.9986	-12.0165	660.306	
13868	63383	276.546	351.278	268.5	-99999	100.38	-0.900656	1	1	1	1	1	94.5894	83.9493	134.334	-63.6818	569.555	660.399	94.4746	85.7786	83.8327	134.334	9.06097	-63.8979	569.555	626.053	660.49	6.10342	12	0	58.9206	100.39	2.56258	627.281	100.39	2.56258	627.281	
13868	7714	210.101	489.811	208.562	-99999	13.755	-0.984314	1	1	1	1	1	230.61	230.414	132.479	-70.3681	266.926	301.719	234.921	230.6	234.986	132.656	30.6473	-71.3149	266.895	289.309	301.835	9.21088	6	0	82.9613	13.789	-16.3819	282.667	13.789	-16.3819	282.667	
13868	79215	279.769	853.759	279.58	-12.9656	-11.534	-0.943772	1	1	1	1	1	215.409	97.5489	133.542	-116.201	679.596	680.739	215.464	165.761	97.5489	133.715	3.8792	-116.201	679.615	664.244	680.739	4.15815	10	0	86.6422	-11.5115	-41.8645	652.103	-11.5115	-41.8645	652.103	
13868	64873	72.3755	165.758	72.3752	-99999	80.515	-0.662582	1	1	0	0	0	287.646	333.743	133.818	84.5172	-691.153	-717.179	312.859	336.115	358.956	133.818	109.097	84.5172	-691.153	-703.69	-717.179	4.31738	8	0	60.1693	80.5482	42.458	-723.716	80.5482	42.458	-723.716	
13868	62586	145.127	308.469	144.221	-99999	-28.613	-0.981219	1	1	1	1	1	189.872	192.704	133.026	-8.38524	-86.0451	-59.3601	189.937	190.608	192.707	133.395	62.5738	-8.89287	-86.1113	-70.8829	-59.2643	4.65774	10	0	67.5974	-33.013	1.33532	-90.0348	-19.253	58.4042	-40.1329	
13867	793	277.652	619.802	275.299	88.2212	88.6	-0.930916	1	1	1	1	1	206.143	245.263	131.441	-128.793	-574.469	-653.573	205.967	225.787	245.515	132.462	1.91899	-130.005	-574.109	-616.719	-653.728	9.96596	8	0	110.383	88.6364	-25.9657	-619.369	88.6364	-25.9657	-619.369	
13868	61637	185.761	894.491	185.472	212.056	106.879	-0.712925	0	0	0	0	0	180.892	279.398	133.476	7.53774	445.238	353.387	180.831	229.081	279.472	133.556	65.342	7.41939	445.286	405.111	353.283	4.94139	15	0	75.1964	-999999	-999999	-999999	-999999	-999999	-999999	
13867	4249	547.25	1129.03	546.135	22.8893	22.308	-0.536378	1	1	1	1	1	304.039	124.113	133.33	-89.0679	273.195	724.507	304.177	197.838	124.113	133.574	14.9072	-89.0679	272.843	493.741	724.507	18.7578	7	0	96.6632	22.3538	-23.691	553.196	-49.0162	-5.73993	486.132	
13868	65401	340.679	1708.29	337.495	50.1994	49.19	-0.860251	1	1	1	1	1	284.806	171.511	132.594	-135.581	-225.311	-58.0999	285.194	224.435	171.324	133.798	-5.53836	-137.206	-225.905	-149.316	-57.4069	6.53292	7	0	74.2261	49.2288	-11.6478	-139.846	49.2288	-11.6478	-139.846	
13868	67201	101.4	247.981	100.823	-99999	99.671	-0.905748	1	1	0	0	0	111.548	88.8233	134.323	40.1742	251.034	274.629	111.434	96.6396	88.6613	134.323	86.8396	39.6537	251.034	260.479	274.841	5.40585	10	0	62.6958	99.7005	34.6999	259.674	99.7005	34.6999	259.674	
13868	68443	330.572	1204.45	330.568	-99999	96.566	-0.487888	1	1	1	1	1	130.422	87.6688	133.026	-19.4604	436.208	726.086	130.312	109.766	87.5584	133.026	58.203	-19.4604	436.208	582.126	726.086	100.613	18	0	368.342	96.6153	-17.1184	709.551	96.6153	-17.1184	709.551	
13867	758	294.152	621.148	290.995	52.5052	52.605	-0.940873	1	1	1	1	1	281.956	203.323	132.729	-144.561	-300.454	-310.488	282.083	229.827	203.386	133.091	-4.29507	-147.319	-300.453	-300.433	-310.582	8.87303	8	0	81.9529	52.6268	-13.2506	-305.457	52.6268	-13.2506	-305.457	
13868	61904	374.954	893.383	374.428	-99999	0.268	-0.630268	1	1	1	1	1	357.747	107.188	129.628	-123.911	147.986	249.313	358.144	221.217	107.188	129.952	9.61844	-123.911	147.916	190.208	249.313	4.87223	11	0	73.1257	0.28285	-16.677	199.774	0.28285	-16.677	199.774	
13868	64324	263.108	607.409	262.795	255.25	-42.306	-0.861141	1	1	1	1	1	95.6228	224.943	133.813	-78.4289	-162.792	-226.903	95.4823	168.466	224.943	134.079	26.246	-78.4289	-162.744	-180.541	-226.903	4.05944	13	0	93.4843	-42.2659	-28.9534	719.571	-42.2659	-28.9534	719.571	
13868	65219	181.684	443.044	172.93	-99999	-5.148	-0.703883	1	1	1	1	1	64.3056	178.246	12.6237	-112.294	687.914	724.179	63.6231	123.565	183.341	13.3524	-52.2106	-117.849	687.672	706.638	725.865	6.511	8	0	90.0989	-5.11596	-23.2715	700.294	-5.11596	-23.2715	700.294	
13868	68319	249.204	570.4	248.702	-99999	80.146	-0.905393	1	1	1	1	1	197.206	86.1295	128.523	-89.2809	336.599	375.611	197.237	143.778	85.9057	128.8	18.3065	-89.4065	336.548	357.087	375.664	5.13493	9	0	74.7982	80.1851	-27.4431	360.919	80.1851	-27.4431	360.919	
13867	12769	172.01	401.739	170.402	99.3751	100.35	-0.791434	1	1	1	1	1	166.858	249.62	132.827	16.6855	868.208	777.132	166.543	203.021	249.869	133.681	71.3823	16.2572	868.788	822.692	776.969	7.14272	10	0	73.31	100.392	11.4117	771.217	100.392	11.4117	771.217	
13868	66091	58.825	1.49677e+06	54.1022	-99999	79.983	-0.859388	1	1	1	1	1	226.554	231.091	127.029	81.3507	218.235	245.486	251.6	253.99	256.846	127.029	101.987	77.9754	218.235	233.31	243.99	150567	10	0	1.49674e+06	80.0161	-29.4464	314.109	80.0161	-29.4464	314.109	
13868	68470	196.927	794.83	179.898	-99999	87.104	-0.958285	1	1	1	1	1	253.829	299.856	131.433	-40.5061	-187.731	-167.556	280.79	305.839	329.342	132.561	37.7908	-45.4412	-187.852	-178.587	-152.896	5.06417	6	0	365.666	87.1308	-50.1691	-172.144	87.1308	-50.1691	-172.144	
13868	69770	133.447	403.884	130.607	-99999	74.951	-0.74067	1	1	1	1	1	121.687	92.97	132.15	35.3393	-292.539	-209.736	122.361	107.69	92.8843	134.253	84.4509	35.3393	-294.288	-252.393	-209.736	4.11159	12	0	140.868	74.9811	-16.4397	-168.846	-11.5689	-22.209	-237.842	
13868	82184	384.993	634.294	384.765	-99999	9.866	-0.666857	0	0	0	0	0	63.2338	88.0459	134.411	-74.2866	-281.373	39.6703	63.2093	67.2093	88.033	134.503	27.5406	-74.3317	-281.469	-121.761	39.7389	5.20317	16	0	71.9241	73.9159	30.6183	-140.644	73.9159	30.6183	-140.644	
13868	7949	126.788	304.221	124.889	-99999	-1.58	-0.918407	1	1	1	0	0	122.342	86.9715	132.331	25.146	694.526	747.301	122.577	107.396	86.681	133.132	77.8022	24.2043	694.286	721.129	747.59	7.0081	11	0	80.0244	-1.55995	26.668	729.2	-1.55995	26.668	729.2	
13868	66514	236.338	508.279	234.757	45.0417	44.22	-0.869423	1	1	1	1	1	300.063	173.382	133.175	-62.4358	-82.6593	-77.4359	300.423	241.357	172.782	133.837	31.7899	-62.9858	-82.6448	-80.2467	-77.3709	4.45087	7	0	70.4918	44.2475	-3.71366	-73.0712	44.2475	-3.71366	-73.0712	
13868	80229	180.149	401.962	179.537	-38.1217	-35.641	-0.678577	1	1	1	1	1	240.324	99.9118	132.78	23.9833	-403.534	-422.3	240.606	172.143	99.7465	133.049	76.2153	23.8546	-403.466	-416.967	-422.286	4.91729	6	0	66.6493	-35.6193	20.5344	-416.59	-35.6193	20.5344	-416.59	
13868	80429	94.5918	239.373	92.0294	-99999	81.157	-0.981434	1	0	0	0	0	88.9059	79.3427	133.951	43.0615	756.391	765.681	88.813	83.596	78.9599	133.951	87.2416	40.5859	756.391	761.327	766.252	6.10028	12	0	80.1694	81.1804	55.1306	730.704	81.1804	55.1306	730.704	
13868	69882	89.9957	216.653	89.9324	-99999	81.785	-0.855506	1	1	1	1	1	119.325	97.6927	131.022	55.6425	158.232	202.24	119.244	108.528	97.5976	131.069	93.2384	55.6362	158.207	180.083	202.244	4.52703	14	0	45.6512	81.8129	-40.6149	253.55	81.8129	-40.6149	253.55	
13868	65842	175.797	408.446	174.794	63.1994	63.247	-0.768587	1	1	1	1	1	246.144	147.961	132.851	1.4257	653.325	709.187	246.144	193.562	147.519	132.851	67.3593	0.719651	653.325	678.56	709.736	5.77731	12	0	73.2642	63.2842	1.26771	685.756	63.2842	1.26771	685.756	
13868	65689	328.01	683.257	314.856	-99999	116.919	-0.879535	0	0	0	0	0	73.5449	204.847	131.366	-152.336	614.059	615.893	73.3745	150.749	206.925	131.436	-12.4884	-164.641	614.067	603.834	619.158	4.9933	7	0	75.5312	57.7327	-21.0447	-292.823	23.7027	-26.6266	775.148	
13868	65257	205.017	437.482	204.849	94.4539	94.404	-0.444167	1	1	1	1	1	149.998	309.612	133.681	41.4294	-103.253	-191.513	149.884	227.623	309.612	133.755	87.1506	41.4294	-103.161	-150.92	-191.513	5.52266	7	0	67.1092	94.449	25.7575	-173.244	94.449	25.7575	-173.244	
13868	65657	211.099	493.934	210.951	-99999	-17.263	-0.937292	1	1	1	1	1	209.693	162.558	127.294	-65.9129	-531.174	-465.136	209.735	193.302	162.578	127.429	28.9819	-65.9129	-531.219	-497.133	-465.136	4.35405	11	0	69.4493	-17.2293	-16.535	-486.163	-17.2293	-16.535	-486.163	
13868	68899	315.037	897.895	304.883	-99999	101.486	-0.997937	1	1	1	1	1	224.814	230.307	133.982	-169.61	730.212	705.659	256.586	257.948	261.624	134.168	-22.5862	-179.451	730.222	716.546	704.596	8.0782	12	0	142.675	101.511	-15.6771	701.839	101.511	-15.6771	701.839	
13868	6951	123.914	302.602	123.316	-99999	12.691	-0.906398	1	1	1	1	1	180.015	148.161	131.509	26.6282	-210.551	-155.904	180.128	164.496	148.147	132.046	76.9166	26.6282	-210.769	-187.388	-155.904	5.36411	14	0	73.0299	7.79364	20.5265	37.062	7.79364	20.5265	37.062	
13868	68190	248.309	557.266	245.672	-99999	-16.173	-0.916398	1	1	1	1	1	277.62	316.248	132.72	-95.2207	36.039	111.926	272.384	283.055	311.464	133.687	19.1362	-96.7537	35.6465	81.5411	111.952	4.32996	11	0	90.1292	-16.1546	-25.733	83.0903	-16.1546	-25.733	83.0903	
13868	66154	332.637	910.317	332.533	24.504	22.905	-0.759404	1	1	1	1	1	289.663	104.959	133.833	-116.966	-817.548	-703.301	289.663	193.553	104.915	133.833	12.0494	-117.048	-817.548	-757.922	-703.27	5.87829	12	0	72.5179	22.9377	-28.5669	-723.996	22.9377	-28.5669	-723.996	
13868	69064	183.766	430.793	183.763	-99999	-44.38	-0.734249	1	1	1	1	1	199.355	117.676	133.018	-11.4106	-524.846	-447.535	199.406	157.887	117.727	133.018	62.5099	-11.4106	-524.846	-483.156	-447.535	4.82239	15	0	72.2183	-44.3546	2.17318	-468.27	-44.3546	2.17318	-468.27	
13868	65046	154.188	347.122	153.14	-99999	-18.589	-0.938865	1	1	1	0	0	82.1041	87.8687	133.799	-9.31929	9.54726	62.8503	82.1213	81.4011	88.0253	134.128	61.8527	-9.94064	9.42154	36.1124	63.1165	4.13729	12	0	82.74	-18.5703	32.8459	44.2998	-18.5703	32.8459	44.2998	
13868	68278	228.352	704.928	228.204	-99999	-21.145	-0.822406	1	1	1	1	1	66.8926	144.7	17.4015	-170.33	-855.794	-752.127	66.8678	105.334	144.725	17.5216	-75.7697	-170.33	-855.861	-802.468	-752.127	9.8983	11	0	113.798	-21.125	-11.5803	-824.319	-21.125	-11.5803	-824.319	
13868	65708	237.679	528.414	235.335	-99999	89.101	-0.936345	1	1	1	0	0	290.252	244.379	132.07	-86.9783	755.528	826.276	318.506	294.542	272.24	134.006	24.0168	-87.2423	754.895	792.79	826.301	5.23388	7	0	85.9504	89.1276	1.86565	767.642	89.1276	1.86565	767.642	
13867	1187	110.781	993.001	110.684	69.1708	68.45	-0.63151	1	1	1	1	0	267.505	191.074	132.428	65.4794	-578.036	-536.833	267.505	226.463	191.035	132.428	100.17	65.4081	-578.036	-559.716	-536.792	5.18524	12	0	72.228	68.4679	25.3035	-557.258	68.4679	25.3035	-557.258	
13868	65198	165.233	368.442	164.903	-99999	28.947	-0.979978	1	1	1	0	0	109.377	97.8041	134.164	-28.5223	798.766	818.653	109.344	103.117	97.7704	134.164	52.7035	-28.8183	798.766	808.173	818.689	4.04227	9	0	68.5987	28.9709	12.5283	798.156	28.9709	12.5283	798.156	
13868	66379	320.772	899.223	320.738	-99999	-33.43	-0.815272	1	1	1	1	1	123.281	157.058	131.908	-145.043	-494.119	-344.572	123.32	141.057	157.097	131.908	-3.65007	-145.043	-494.119	-410.318	-344.572	4.04712	15	0	56.1004	-33.3952	-32.132	-385.652	-33.3952	-32.132	-385.652	
13868	65797	62.6686	152.238	60.8914	-99999	31.874	-0.718102	1	1	1	1	1	91.8117	78.2109	132.984	86.8438	832.339	869.663	92.2313	84.9855	78.1176	134.046	110.442	86.627	831.389	850.663	869.831	4.87013	14	0	60.0318	31.897	29.9268	837.074	31.897	29.9268	837.074	
13868	70026	48.9164	195.006	46.976	-99999	93.346	-0.958413	1	0	0	0	0	138.681	136.743	133.511	91.6214	731.939	745.75	138.574	137.149	136.453	133.511	111.165	91.3492	731.939	736.697	746.445	11.9233	15	0	118.582	93.3742	43.1598	745.115	93.3742	43.1598	745.115	
13868	65262	81.5061	313.336	81.3491	-99999	24.86	-0.477295	1	1	1	1	1	351.516	311.053	-67.8617	-107.824	66.2854	9.78427	359.301	339.457	318.838	-67.8617	-87.4481	-107.824	66.2854	38.38	9.78427	4.56037	14	0	71.4058	24.8659	-90.237	9.30165	24.8659	-90.237	9.30165	
13868	65462	148.084	368.533	147.845	-99999	26.366	-0.78411	1	1	1	1	1	112.353	199.254	127.928	12.8836	36.4937	65.0418	112.322	156.731	199.331	127.928	69.6013	12.6943	36.4937	46.8158	65.1354	4.84527	11	0	87.955	26.3984	16.4757	60.6946	26.3984	16.4757	60.6946	
13868	65139	590.977	1339.68	590.406	-476.138	-10.723	-0.484633	0	0	0	0	0	255.367	82.6834	133.022	-153.833	-111.318	-597.57	255.367	168.872	82.5359	133.022	-9.4301	-154.096	-111.318	-355.306	-598.049	4.00071	9	0	60.0233	-999999	-999999	-999999	-999999	-999999	-999999	
13868	69339	263.701	579.943	262.629	107.112	106.999	-0.982503	1	1	1	1	1	243.224	203.558	132.428	-118.446	814.619	754.669	243.281	229.497	203.558	133.474	4.78819	-118.446	814.787	790.023	754.669	8.27463	6	0	76.1348	107.021	-14.986	753.711	107.021	-14.986	753.711	
13868	21801	43.9293	147.69	43.1998	-99999	83.897	-0.716819	0	0	0	0	0	189.575	216.099	133.33	104.338	-34.9315	-52.6816	215.846	229.381	242.806	133.33	118.066	103.881	-34.9315	-43.0315	-53.0469	5.99126	10	0	96.8717	91.0889	-20.4881	160.503	68.5889	34.3352	-54.1479	
13868	65709	311.266	697.726	296.016	-99999	55.582	-0.984188	1	1	1	1	1	209.125	217.723	131.977	-156.639	532.781	469.93	226.477	230.232	238.547	132.949	-19.1582	-170.314	532.95	501.366	471.381	4.5902	6	0	43.0463	55.6044	-21.1862	494.491	55.6044	-21.1862	494.491	
13868	70009	128.797	299.301	127.449	-99999	-32.325	-0.738202	1	1	1	1	1	184.977	96.734	131.034	40.2766	561.85	574.208	185.281	141.692	96.1298	131.333	84.8068	39.5888	561.814	570.662	574.264	4.34517	7	0	70.0797	-32.2984	35.3555	577.769	-32.2984	35.3555	577.769	
13867	1126	82.7259	214.921	82.6376	-99999	8.07	-0.856173	1	1	1	0	0	356.644	325.745	86.109	15.3073	-683.217	-711.46	359.208	343.46	328.272	86.1829	50.1105	15.3073	-683.192	-695.755	-711.46	5.24087	14	0	75.6005	8.09003	25.817	-697.399	8.09003	25.817	-697.399	
13868	70452	147.792	345.981	143.504	57.7719	58.398	-0.953113	1	1	1	1	1	218.061	196.946	131.144	-9.64137	-372.915	-366.043	218.518	200.494	196.57	132.768	61.4693	-12.1924	-373.139	-367.422	-366.099	4.90424	9	0	82.4226	58.4298	2.44053	-366.736	58.4298	2.44053	-366.736	
13868	71250	220.484	1525.27	219.835	110.934	116.66	-0.730129	1	1	1	1	1	185.13	339.9	133.081	-14.335	-523.792	-574.933	184.859	261.761	340.032	133.403	58.7996	-14.4814	-523.675	-549.435	-574.987	21.6747	8	0	807.959	116.699	-18.3444	-571.1	116.699	-18.3444	-571.1	
13868	83488	422.13	896.056	421.872	-21.4406	-21.688	-0.590457	1	1	1	1	1	251.38	137.177	132.218	-110.882	-372.53	-692.144	251.402	195.507	137.13	132.269	4.2079	-110.914	-372.464	-530.474	-692.298	4.73574	10	0	64.9165	-20.2019	23.6485	575.252	69.9681	-17.122	-616.002	
13868	20660	262.53	644.351	260.053	-38.1404	-38.657	-0.98535	1	1	1	1	1	199.586	249.785	132.263	-117.637	286.509	262.541	199.534	225.412	249.512	132.717	4.28429	-119.268	286.564	284.03	261.428	6.79396	12	0	75.5758	-43.5436	-23.9568	-383.493	94.4964	-11.0554	292.473	
13868	81982	156.989	443.533	156.94	-99999	-33.657	-0.921839	1	1	1	1	1	329.15	333.927	129.319	-10.515	-366.934	-428.708	318.611	322.197	323.387	129.357	56.168	-10.515	-366.918	-394.952	-428.708	5.44937	18	0	137.227	-33.6241	5.14791	-404.534	-33.6241	5.14791	-404.534	
13868	80503	390.148	804.481	388.692	-99999	-41.842	-0.783047	1	1	1	1	1	202.229	148.9	133.276	-170.14	107.476	340.001	202.276	187.558	148.518	133.276	-28.7843	-171.096	107.476	214.786	341.004	5.42154	14	0	80.8603	-41.8142	-31.3834	229.884	-41.8142	-31.3834	229.884	
13868	80535	102.422	222.844	102.42	-99999	116.216	-0.947589	1	1	1	1	0	130.115	155.621	133.828	39.9818	302.784	334.146	129.982	143.251	155.488	133.828	86.3029	39.9818	302.784	316.298	334.146	4.93531	12	0	50.3559	116.245	9.2191	332.745	116.245	9.2191	332.745	
13867	14627	288.523	630.224	286.771	-35.3566	-35.496	-0.715596	1	1	1	1	1	153.556	306.166	133.206	-44.0609	-144.36	16.3782	152.822	224.797	306.166	134.46	35.1146	-44.0609	-145.329	-69.6057	16.3782	5.64226	7	0	72.989	-35.4592	-9.60083	-41.6061	-35.4592	-9.60083	-41.6061	
13868	81198	387.362	942.577	386.518	-622.268	27.739	-0.514056	1	1	1	1	1	141.766	226.28	133.958	-33.6318	-116.416	-452.591	141.742	190.255	226.559	134.021	47.8372	-33.9552	-116.317	-282.671	-453.131	5.59154	14	0	216.649	27.7635	-10.2974	805.157	27.7635	-10.2974	805.157	
13868	81362	91.6823	234.488	90.9456	-99999	23.574	-0.766942	1	1	1	1	1	61.7449	114.05	-62.5818	-132.392	-466.585	-441.501	61.6816	88.4113	114.333	-62.5337	-97.2712	-132.987	-466.603	-453.183	-441.497	4.12165	8	0	51.5225	23.5951	-83.3392	-436.659	23.5951	-83.3392	-436.659	
13868	82469	236.778	557.294	236.776	-99999	1.266	-0.611701	1	1	1	1	1	61.8485	123.913	127.508	-19.3543	-322.084	-148.605	61.847	95.7505	123.911	127.508	50.517	-19.3543	-322.084	-238.896	-148.605	4.52634	15	0	72.0286	1.30897	7.786	-204.73	1.30897	7.786	-204.73	
13868	83581	54.5838	243.177	53.6574	-99999	86.268	-0.883092	1	1	1	1	1	310.303	332.091	133.765	85.3059	-858.242	-850.826	337.235	348.516	359.407	133.922	109.388	84.6259	-858.267	-854.332	-850.768	6.64927	7	0	159.615	86.3062	-5.41079	-106.423	86.3062	-5.41079	-106.423	
13868	82075	109.661	308.384	108.645	69.1553	69.585	-0.91678	1	1	1	1	1	194.244	238.963	132.858	36.0321	552.696	532.974	194.051	215.286	239.138	133.362	83.6594	35.6075	552.809	543.889	532.946	5.74988	6	0	124.082	69.6025	1.94345	545.254	69.6025	1.94345	545.254	
13868	21102	210	1641.74	208.299	-99999	-0.219	-0.743367	1	1	1	1	1	257.439	345.135	129.341	-37.7081	361.427	442.929	256.736	297.693	345.158	130.361	49.3313	-38.0133	360.76	413.348	442.899	16.0217	7	0	112.276	-0.188597	-8.90451	418.913	-0.188597	-8.90451	418.913	
13868	82695	168.761	331.755	168.457	-99999	87.584	-0.476213	1	1	1	1	0	93.2901	75.5489	133.147	56.3444	-836.091	-689.627	93.1899	92.6126	75.3089	133.147	94.0571	56.201	-836.091	-761.601	-689.423	4.37098	13	0	72.0652	87.6027	40.0234	-732.955	87.6027	40.0234	-732.955	
13868	82699	327.957	712.752	325.06	-99999	7.36	-0.92119	1	1	1	1	1	228.636	290.775	133.893	-169.124	-719.182	-819.038	230.941	262.231	293.676	133.893	-18.9238	-171.808	-719.182	-769.707	-819.842	4.6551	11	0	52.5579	7.39639	-29.5733	-752.886	7.39639	-29.5733	-752.886	
13868	83509	420.925	912.042	419.282	47.437	47.753	-0.603959	1	1	1	1	1	203.318	331.087	132.684	-67.3646	-585.284	-243.138	203.184	257.234	331.307	133.128	19.1689	-67.5524	-585.851	-417.544	-242.28	4.47296	12	0	68.4268	47.7974	-25.4279	-362.116	47.7974	-25.4279	-362.116	
13868	28603	242.078	592.618	241.734	-99999	106.439	-0.932152	1	1	1	1	1	92.4924	183.262	132.89	-90.8339	668.632	671.664	92.2476	135.092	183.14	133.207	20.0393	-90.8339	668.638	667.383	671.664	5.60885	9	0	94.8304	106.458	-6.18378	665.069	106.458	-6.18378	665.069	
13868	84730	80.6927	211.671	80.4707	-99999	34.576	-0.950879	1	1	0	0	0	124.592	152.232	133.152	58.4767	250.155	260.341	124.524	136.891	152.234	133.27	95.3318	58.392	250.131	255.581	260.357	4.40089	12	0	70.4714	34.6084	31.8787	248.154	34.6084	31.8787	248.154	
13868	24747	361.787	736.755	361.176	-442.396	-13.145	-0.576629	0	0	0	0	0	342.911	115.5	125.293	-52.2306	-420.229	-632.92	342.928	218.706	115.277	125.309	35.5968	-52.5532	-420.216	-515.918	-633.343	4.9366	6	0	64.9103	43.5029	67.1838	575.493	43.5029	67.1838	575.493	
13868	84694	193.741	422.812	193.737	-99999	110.055	-0.968666	1	1	1	1	1	191.388	227.655	133.457	-53.9402	-344.345	-311.542	174.093	192.399	210.36	133.457	39.726	-53.9402	-344.345	-328.134	-311.542	4.03131	9	0	49.9559	110.092	-22.3607	-316.657	110.092	-22.3607	-316.657	
13868	80623	138.865	751.834	138.156	-99999	33.029	-0.72688	1	1	1	1	1	117.276	203.246	133.918	40.4147	270.406	324.496	116.852	159.627	203.208	134.435	87.2387	40.4147	270.116	297.711	324.496	5.82772	8	0	346.801	33.0668	-42.4809	402.995	33.0668	-42.4809	402.995	
13868	82345	102.136	274.666	101.681	-99999	-26.419	-0.692789	1	1	1	0	0	190.785	145.285	132.136	57.0118	62.446	112.588	191.045	167.352	145.315	132.444	96.1039	57.0118	62.2105	89.0372	112.588	6.46618	10	0	93.2895	-26.3831	21.9032	-30.471	-26.3831	21.9032	-30.471	
13868	83045	319.82	681.26	318.385	-23.3407	-22.58	-0.862296	1	1	1	1	1	139.93	302	133.18	-128.531	372.581	297.456	139.514	226.394	302.239	133.968	2.89198	-128.947	372.779	344.461	297.261	4.48424	12	0	74.0782	-22.5399	-32.4766	326.991	-22.5399	-32.4766	326.991	
13868	81908	381.384	852.253	380.366	-99999	76.327	-0.792988	1	1	1	1	1	109.416	193.372	133.471	-129.19	-822.684	-566.023	109.26	133.791	193.285	134.275	-6.74424	-129.19	-823.299	-697.448	-566.023	5.23854	13	0	71.4702	83.366	-19.9048	550.972	-3.694	32.6899	100.395	
13868	85519	334.17	915.536	333.416	-99999	-34.558	-0.689055	1	1	1	1	1	75.42	204.615	-121.006	104.717	-894.619	-686.474	204.846	140.531	75.3951	105.099	-7.97807	-121.117	-686.126	-790.967	-894.72	4.72245	258	0	915.536	-34.5218	-7.2147	-713.016	-34.5218	-7.2147	-713.016	
13868	88919	363.684	811.441	362.37	-99999	21.966	-0.731922	1	1	1	1	1	200.072	77.2431	133.426	-120.249	-728.085	-502.643	200.047	145.186	76.6875	133.426	-1.36591	-121.098	-728.085	-619.223	-501.795	5.5468	13	0	76.5703	22.0048	-35.7581	-580.314	22.0048	-35.7581	-580.314	
13868	83300	74.5652	186.271	71.8904	-99999	87.597	-0.846035	1	1	0	0	0	66.3959	104.057	134.417	76.601	-533.209	-514.455	66.1051	84.0944	105.294	134.793	104.091	74.822	-533.349	-522.311	-514.396	4.22903	7	0	61.1362	87.6173	39.1819	-520.622	87.6173	39.1819	-520.622	
13868	80258	52.2096	155.998	52.2087	-99999	39.925	-0.771117	1	1	1	1	1	234.238	203.835	133.218	94.4654	813.789	796.576	240.512	225.494	210.109	133.218	113.863	94.4654	813.789	804.802	796.576	4.47353	10	0	75.6264	39.9519	-36.9701	749.297	39.9519	-36.9701	749.297	
13867	18151	174.067	348.331	173.394	-99999	41.153	-0.487146	1	1	1	1	0	95.089	107.008	127.144	15.5417	-878.757	-748.04	95.0406	97.3949	106.924	127.176	74.8645	15.1745	-878.815	-809.798	-747.61	5.56775	15	0	71.0653	41.1721	34.5336	-775.303	41.1721	34.5336	-775.303	
13867	19951	271.22	845.593	269.807	31.3503	29.481	-0.899547	1	1	1	1	1	306.527	204.123	132.984	-97.9157	167.785	247.907	306.996	251.95	204.123	134.14	15.2755	-97.9157	167.501	202.562	247.907	9.52404	8	0	67.8439	29.5174	-29.7129	217.863	29.5174	-29.7129	217.863	
13868	82451	88.8148	266.605	88.7243	-99999	82.309	-0.727532	1	1	1	1	1	68.0639	113.989	-83.9646	-147.661	726.555	767.493	67.9231	91.515	113.895	-83.8994	-115.987	-147.661	726.516	746.158	767.493	6.47407	6	0	100.097	78.7243	-73.6251	401.525	78.7243	-73.6251	401.525	
13868	83851	24.6489	88.6351	23.5675	-99999	6.65	-0.99701	0	0	0	0	0	199.672	204.426	131.146	108.179	-349.695	-348.787	200.659	202.194	205.495	132.141	119.936	108.108	-349.718	-349.333	-348.777	4.64539	8	0	71.0764	6.68728	27.2882	-341.699	6.68728	27.2882	-341.699	
13868	83410	24.9238	69.2889	22.9855	-99999	-15.904	-0.782075	1	1	1	1	1	142.891	139.21	133.706	114.345	-255.953	-266.339	142.909	139.291	139.617	133.706	123.174	113.122	-255.953	-260.974	-267.632	11.2806	9	0	50.6581	-15.8772	-41.3891	-360.308	-15.8772	-41.3891	-360.308	
13868	10607	139.929	315.394	139.078	-99999	28.609	-0.843404	1	1	1	0	0	184.396	132.841	133.109	18.1867	-475.287	-416.915	184.372	159.578	132.498	133.128	74.1414	17.5685	-475.295	-447.012	-416.461	4.64408	16	0	73.1393	28.642	13.1585	-428.879	80.922	31.1668	-490.03	
13867	19955	311.541	703.49	311.16	-99999	86.877	-0.903737	1	1	1	1	1	129.054	156.606	116.437	-142.036	-889.03	-722.374	128.947	134.805	156.477	116.52	-11.0723	-142.266	-889.068	-800.792	-722.246	5.35834	11	0	79.0618	86.9008	-22.7746	-764.049	86.9008	-22.7746	-764.049	
13868	84548	268.417	604.262	268.372	-593.467	104.102	-0.733463	0	0	0	0	0	129.819	319.109	133.727	-52.0448	-807.358	-847.881	129.819	224.212	319.132	133.727	40.5366	-52.0694	-807.358	-827.313	-847.886	4.26141	10	0	48.3005	104.095	50.9838	-799.897	104.095	50.9838	-799.897	
13868	80971	274.208	544.08	272.24	-99999	27.476	-0.952841	1	1	1	1	1	288.257	267.383	133.227	-128.218	432.275	366.304	296.864	281.595	276.12	133.337	1.40357	-129.276	432.31	398.53	366.103	5.23989	11	0	82.5336	27.5127	-30.4772	392.971	27.5127	-30.4772	392.971	
13868	71937	272.01	603.021	271.643	116.048	115.58	-0.894008	1	1	1	1	1	267.746	123.804	132.949	-89.5206	-136.12	-86.2959	267.903	199.647	123.804	133.275	16.8117	-89.5206	-136.139	-120.254	-86.2959	7.72124	15	0	96.9323	115.605	-18.924	-111.037	115.605	-18.924	-111.037	
13868	88250	255.871	569.021	254.315	-99999	99.626	-0.962204	1	1	1	1	1	172.96	193.925	130.58	-119.796	460.16	497	188.482	198.259	209.521	131.495	6.01011	-120.382	459.911	481.819	497.02	4.51406	7	0	61.2732	99.6615	-15.4923	484.126	99.6615	-15.4923	484.126	
13867	19288	269.974	613.184	269.296	-99999	64.039	-0.79366	1	1	1	1	1	160.334	137.698	131.959	-83.4723	411.278	569.186	160.278	148.687	137.624	132.104	22.077	-83.8664	411.168	488.272	569.469	5.77742	13	0	34.8298	64.0717	-14.9258	508.95	64.0717	-14.9258	508.95	
13868	88773	531.974	1291.78	531.6	16.1242	16.446	-0.617265	1	1	1	1	1	328.403	140.634	133.831	-158.374	-441.484	-841.077	328.432	227.752	140.494	133.878	-22.3557	-158.448	-441.431	-631.47	-841.319	4.94635	8	0	72.2606	16.4824	-16.5729	-616.008	16.4824	-16.5729	-616.008	
13868	86642	289.573	627.994	284.041	141.881	84.118	-0.883898	0	0	0	0	0	337.588	188.932	131.078	-109.216	774.042	772.564	339.615	265.499	188.134	134.882	10.8542	-110.092	773.746	781.887	772.348	13.0073	7	0	74.2339	90.8026	-20.4533	-259.661	57.1326	-41.0213	658.375	
13868	86440	141.604	293.424	140.405	-99999	102.842	-0.628772	1	1	1	1	1	178.291	107.455	128.918	39.4809	598.898	680.725	178.796	142.957	107.337	129.669	84.534	39.4809	598.201	639.324	680.725	4.8561	11	0	41.4628	102.875	1.075	702.53	102.875	1.075	702.53	
13868	85151	338.32	7541.04	331.213	-99999	19.407	-0.925889	1	1	1	1	1	318.862	269.596	133.192	-168.616	-309.197	-430.703	325.119	299.403	275.135	134.515	-20.7408	-173.73	-308.691	-370.718	-428.534	4.00841	23	0	1598.37	19.4415	-54.1481	-406.201	19.4415	-54.1481	-406.201	
13868	72234	256.721	580.908	254.076	-99999	65.617	-0.82653	1	1	1	1	1	195.003	338.609	130.672	-70.4342	179.681	120.896	214.15	285.205	359.156	132.857	30.1658	-70.4342	180.185	150.555	120.896	5.30957	10	0	44.9609	65.6535	-50.8021	129.801	65.6535	-50.8021	129.801	
13868	89315	110.835	285.377	110.09	-99999	62.365	-0.919542	1	1	1	0	0	145.823	184.467	133.608	35.5419	441.7	472.45	145.585	164.077	184.464	134.145	84.952	35.3972	441.552	459.028	472.473	4.24152	10	0	81.9902	62.4023	21.4513	460.552	62.4023	21.4513	460.552	
13868	89515	178.629	404.314	177.059	-99999	-41.661	-0.988214	1	1	1	0	0	77.4867	111.392	133.14	-39.079	-777.653	-759.896	77.452	94.6645	111.445	134.637	47.2385	-39.1229	-777.864	-773.857	-759.89	5.03521	11	0	70.2618	-41.636	5.3255	-752.954	-41.636	5.3255	-752.954	
13868	85868	164.144	349.714	162.885	-99999	-43.062	-0.941746	1	1	1	1	1	178.397	155.501	131.725	-20.2819	-138.966	-87.7605	178.457	167.743	155.283	131.784	56.2492	-21.432	-138.984	-109.224	-87.6155	5.46156	10	0	74.0013	-43.0307	2.25754	-103.173	-43.0307	2.25754	-103.173	
13868	87596	374.146	1112.8	367.983	13.8953	14.37	-0.777927	1	1	1	1	1	129.067	265.083	129.307	-137.047	494.263	280.409	127.099	196.421	265.125	133.895	-3.47085	-137.144	497.55	391.197	280.313	11.7605	16	0	146.319	14.4126	-38.8053	332.823	14.4126	-38.8053	332.823	
13868	85912	336.86	1024.25	335.088	45.8873	44.835	-0.83398	1	1	1	1	1	140.972	344.688	133.508	-132.12	-58.7315	-46.193	140.454	242.649	344.997	134.319	0.62023	-132.847	-58.7584	-52.0765	-46.3217	32.7907	10	0	310.641	44.871	-78.8284	-39.2694	44.871	-78.8284	-39.2694	
13868	88112	266.668	930.504	266.038	-99999	-21.47	-0.7735	1	1	1	1	1	117.439	141.021	129.356	-59.5448	652.041	836.465	117.438	130.24	141.037	129.485	35.8677	-59.6015	651.944	745.928	836.499	10.8334	11	0	43.5907	-21.4361	1.55124	725.281	-21.4361	1.55124	725.281	
13868	89812	271.39	593.871	270.506	-466.911	14.926	-0.539264	0	0	0	0	0	152.267	339.163	133.321	-12.2715	715.382	584.897	151.724	245.08	339.163	133.799	60.9203	-12.2715	715.883	649.719	584.897	4.58417	12	0	46.2855	37.2954	61.8041	181.236	37.2954	61.8041	181.236	
13868	85097	34.8779	122.306	33.2146	-99999	-7.35	-0.884033	1	1	1	0	0	284.778	294.599	133.645	104.228	-840.772	-852.029	282.331	288.549	292.228	133.892	118.685	102.909	-840.663	-846.403	-852.079	6.61269	16	0	68.8454	2.18616	-36.3999	628.127	-42.2638	-90.7734	-343.077	
13867	8662	244.223	575.962	243.77	-99999	55.933	-0.857432	1	1	1	1	1	341.565	238.493	125.714	-91.2137	-364.604	-352.979	359.249	297.868	255.974	126.011	22.2896	-91.3082	-364.66	-345.82	-352.986	6.98479	7	0	79.0284	55.9562	5.97398	-358.468	55.9562	5.97398	-358.468	
13867	9162	58.7138	163.131	57.3152	-99999	88.706	-0.974625	0	0	0	0	0	195.748	201.924	132.505	78.2581	-357.03	-340.071	195.643	197.138	201.987	132.589	104.586	77.0267	-357.049	-348.509	-339.663	4.30133	16	0	73.8029	88.7503	27.2681	-350.575	88.7503	27.2681	-350.575	
13868	87430	270.012	622.241	261.493	-99999	20.275	-0.935706	1	1	1	1	1	124.239	190.495	132.705	-106.444	-581.666	-511.629	124.069	166.1	189.325	133.213	11.724	-111.007	-581.785	-540.98	-505.347	7.15309	8	0	142.394	20.3082	-9.23801	-539.197	20.3082	-9.23801	-539.197	
13868	88530	224.061	496.198	222.296	20.1755	20.962	-0.941667	1	1	1	1	1	252.392	197.221	131.224	-83.3735	670.964	680.498	252.559	220.476	197.007	131.711	24.5349	-84.5934	670.909	673.73	680.536	5.32094	10	0	75.3865	20.9941	-17.2608	667.187	20.9941	-17.2608	667.187	
13868	89077	340.385	860.833	339.843	109.936	110.37	-0.778541	1	1	1	1	1	158.45	220.881	133.662	-88.8051	200.973	448.531	158.4	190.107	220.881	134.081	17.0461	-88.8051	200.643	319.714	448.531	9.75077	8	0	134.252	110.415	-10.2638	335.19	110.415	-10.2638	335.19	
13868	88182	381.664	1001.26	307.883	-99999	21.613	-0.963618	1	1	1	1	1	110.797	117.321	126.364	-129.703	-212.751	-383.299	111.734	114.691	118.216	138.028	-22.0616	-180.993	-209.012	-311.475	-416.378	10.688	7	0	186.506	21.6346	-21.1791	-311.686	21.6346	-21.1791	-311.686	
13868	87292	490.625	1157.59	461.771	112.166	112.866	-0.549083	1	1	1	1	1	62.8029	342.473	116.028	-123.062	-144.262	-423.192	61.2257	209.627	358.338	117.513	-9.83843	-136.497	-142.647	-290.727	-438.975	10.8739	12	0	150.21	112.909	-31.8724	-91.2959	112.909	-31.8724	-91.2959	
13868	88392	25.286	57.8623	25.286	-99999	-7.527	-0.503365	1	1	1	1	1	63.2231	78.7562	69.3575	56.816	686.11	701.628	63.2317	70.9885	78.7648	69.3575	63.0483	56.816	686.11	693.848	701.628	8.27281	13	0	43.6192	-7.46986	0.545329	728.346	-7.46986	0.545329	728.346	
13868	85269	247.305	589.26	247.303	-99999	60.943	-0.771308	1	1	1	1	1	191.927	338.194	129.293	-67.686	718.747	688.637	211.011	284.929	357.278	129.293	31.7337	-67.686	718.747	701.531	688.637	11.5027	8	0	60.25	60.9684	31.0025	661.706	60.9684	31.0025	661.706	
13868	87499	137.685	334.454	133.369	75.8356	75.499	-0.884829	1	1	1	0	0	218.76	202.046	126.089	13.5272	-879.487	-810.091	219.22	211.698	202.016	129.735	70.9288	13.3902	-881.408	-846.483	-810.015	6.76766	12	0	70.7411	75.5317	9.34729	-782.526	75.5317	9.34729	-782.526	
13868	88699	190.877	550.963	176.581	-99999	1.26	-0.804695	1	1	1	1	1	83.2989	193.753	133.556	-4.12366	-176.847	-172.707	83.2975	142.809	202.599	133.556	59.0074	-15.3445	-176.847	-174.656	-172.55	25.1079	8	0	158.112	1.30202	-24.0892	-165.391	1.30202	-24.0892	-165.391	
13867	15350	372.089	817.028	372.022	-99999	50.062	-0.805972	1	1	1	1	1	139.145	91.0031	133.808	-140.437	90.4544	327.902	139.094	115.903	90.9458	133.829	-17.563	-140.437	90.439	195.227	327.902	8.69305	8	0	55.7581	50.084	-31.5737	215.468	50.084	-31.5737	215.468	
13868	26875	116.311	277.245	114.006	-99999	92.589	-0.87404	1	1	0	0	0	201.616	242.319	132.282	30.1985	790.94	816.738	230.227	248.807	271.798	133.307	81.4636	29.1946	790.492	808.917	816.642	6.40846	7	0	70.6624	92.6033	19.1823	781.581	92.6033	19.1823	781.581	
13868	88135	201.343	1327.28	200.463	89.7336	90.542	-0.837004	1	1	1	1	1	217.26	147.048	132.16	-15.522	671.555	560.392	217.408	178.136	147.031	132.528	52.8323	-15.7464	671.741	624.5	560.023	7.36757	7	0	105.981	90.5758	-2.4014	604.167	90.5758	-2.4014	604.167	
13868	88145	221.025	464.753	220.346	-99999	85.669	-0.977968	1	1	1	1	1	224.695	196.517	133.03	-61.5116	834.94	735.939	238.158	224.436	209.963	133.03	35.0959	-62.0942	834.94	786.137	735.616	5.01393	13	0	43.7086	85.6995	-19.3265	728.426	85.6995	-19.3265	728.426	
13868	86531	41.1628	133.04	40.5998	-99999	115.721	-0.535033	0	0	0	0	0	94.9179	99.1243	105.867	89.6423	-894.811	-859.802	94.7855	96.9333	99.1162	105.867	96.7412	89.4625	-894.811	-877.639	-859.362	4.29348	15	0	80.9448	114.729	-66.5362	-492.216	87.4793	27.2367	-690.444	
13868	86060	144.308	354.055	141.808	164.688	-39.475	-0.957967	1	1	1	1	1	214.911	200.836	130.965	-6.14621	758.443	788.894	215.065	211.107	200.534	132.468	63.0388	-6.98931	758.02	776.679	788.955	6.28671	8	0	74.2594	-44.4368	-17.5425	682.488	-44.4368	-17.5425	682.488	
13868	86614	198.792	383.298	198.754	-99999	-22.963	-0.738788	1	1	1	1	1	121.981	143.063	132.036	-14.2352	111.827	243.514	122.007	126.918	143.089	132.036	55.9778	-14.2352	111.827	175.28	243.514	5.34102	13	0	71.8435	-22.9324	11.4641	193.87	-22.9324	11.4641	193.87	
13867	1779	104.285	532.654	98.1209	-99999	93.107	-0.690088	1	1	1	1	1	250.771	185.479	133.185	64.0355	-693.083	-716.398	279.926	244.727	211.331	133.185	97.077	58.8417	-693.083	-706.333	-716.528	4.87836	8	0	348.798	93.1367	-25.1883	-730.031	93.1367	-25.1883	-730.031	
13868	72929	156.549	538.661	156.499	65.2815	66.138	-0.667861	1	1	1	1	1	238.106	125.552	133.149	43.9287	59.4438	118.92	238.128	187.021	125.552	133.18	84.412	43.9287	59.4203	92.52	118.92	6.74837	6	0	71.1585	66.169	21.9777	102.812	66.169	21.9777	102.812	
13868	73129	172.254	429.469	170.572	-99999	101.086	-0.966307	1	1	1	1	1	102.077	82.4983	133.039	-34.8762	-641.055	-620.547	102.09	91.1998	82.3076	133.917	49.396	-35.627	-641.278	-629.139	-620.477	4.26707	9	0	77.3379	101.109	-3.05374	-624.513	101.109	-3.05374	-624.513	
13868	89164	115.201	350.222	115.053	-99999	6.081	-0.875463	1	1	0	0	0	138.09	84.1721	133.459	31.9956	270.077	275.858	138.154	111.045	84.1651	133.588	82.8496	31.9956	270.071	272.962	275.858	23.5444	8	0	83.5032	6.1148	45.4057	-322.198	6.1148	45.4057	-322.198	
13868	88623	541.126	1263.85	540.512	43.4965	42.684	-0.577847	1	1	1	1	1	100.814	277.416	134.277	-152.858	100.645	521.163	100.713	180.215	277.471	134.566	-5.71907	-152.877	100.262	317.424	521.257	4.02361	11	0	75.1871	42.7195	-7.35896	318.219	42.7195	-7.35896	318.219	
13868	85541	255.042	584.435	253.724	-99999	78.986	-0.905308	1	1	1	1	1	158.51	115.735	133.899	-94.4263	-606.33	-508.924	158.42	134.943	115.607	133.899	19.5329	-95.6553	-606.33	-555.204	-508.74	72.7741	14	0	167.644	79.0075	-23.6906	-533.532	79.0075	-23.6906	-533.532	
13868	88528	106.038	264.836	104.932	-99999	66.646	-0.816383	1	1	1	0	0	69.8079	123.117	133.723	52.0433	-315.908	-280.815	69.1962	96.6427	123.041	134.626	91.5911	52.0433	-316.243	-302.065	-280.815	4.80547	15	0	73.8608	66.6731	30.7621	-288.849	66.6731	30.7621	-288.849	
13868	86703	212.667	503.484	211.124	-99999	36.492	-0.965678	1	1	1	1	1	151.634	119.491	134.042	-73.5323	220.666	231.871	151.593	134.244	119.54	134.042	29.3566	-75.0605	220.666	226.047	231.938	6.09845	10	0	92.8092	30.0718	-70.2368	298.192	30.0718	-70.2368	298.192	
13868	86148	251.396	556.518	250.953	-99999	27.324	-0.986866	1	1	1	1	1	261.165	228.835	132.219	-112.746	-144.109	-113.921	269.739	248.784	237.458	132.352	8.75179	-113.027	-144.098	-137.935	-113.903	4.37527	8	0	58.1037	27.3554	-12.9596	-139.989	27.3554	-12.9596	-139.989	
13868	87579	83.6651	239.563	76.5337	-99999	30.12	-0.902934	1	1	0	0	0	86.66	77.4341	133.592	63.8328	-319.065	-291.544	86.6256	79.0849	76.1664	133.592	94.9763	58.5933	-319.065	-305.587	-291.319	16.5792	20	0	104.845	30.1474	35.9454	-298.01	30.1474	35.9454	-298.01	
13868	92819	282.943	2856.19	273.522	-34.7507	-34.475	-0.916341	1	1	1	1	1	308.794	200.271	133.505	-111.963	-174.001	-226.517	308.869	252.811	198.067	133.731	6.84004	-120.468	-173.95	-201.644	-228.99	13.9854	8	0	1762.58	-34.4399	-33.6963	-225.851	-34.4399	-33.6963	-225.851	
13868	91296	144.393	421.697	144.009	-99999	92.705	-0.992106	1	1	1	1	0	321.28	329.991	133.707	-9.54937	-312.909	-303.567	350.288	354.92	359.023	133.894	62.1858	-9.71559	-312.925	-306.714	-303.571	11.6832	6	0	50.5233	91.6021	2.05193	-337.985	91.6021	2.05193	-337.985	
13868	70818	207.471	480.617	205.911	38.1904	39.993	-0.948259	1	1	1	1	1	255.764	201.546	132.388	-64.9003	-563.815	-561.556	255.929	224.609	201.426	132.887	34.1961	-65.9123	-563.788	-569.749	-561.457	5.6471	7	0	85.0313	40.0262	-8.54043	-567.818	40.0262	-8.54043	-567.818	
13868	73918	300.666	672.222	298.529	-41.1667	-41.973	-0.960396	1	1	1	1	1	275.246	174.517	133.023	-147.56	-63.9106	-62.756	275.246	228.862	173.522	133.023	-9.91667	-149.425	-63.9106	-65.534	-63.0351	6.55067	6	0	80.5669	-41.9353	-17.3202	-61.3111	-41.9353	-17.3202	-61.3111	
13868	92984	274.178	606.476	273.119	79.0634	77.44	-0.636019	1	1	1	1	1	323.749	199.155	133.254	-26.8403	-620.179	-439.382	324.136	258.337	199.104	133.87	53.4486	-26.8934	-620.814	-531.551	-439.358	4.04193	9	0	66.5673	77.4679	16.5993	-528.713	77.4679	16.5993	-528.713	
13868	90785	177.042	373.37	177.02	-99999	-14.485	-0.927471	1	1	1	0	0	185.727	161.617	134.098	-28.588	816.724	881.21	185.747	177.332	161.634	134.115	52.4559	-28.588	816.719	849.723	881.21	4.98015	11	0	59.7084	-14.4613	4.50286	802.26	-14.4613	4.50286	802.26	
13867	98	348.051	866.223	348.007	-99999	64.177	-0.823733	1	1	1	1	1	202.168	338.999	133.132	-162.583	601.947	479.854	222.265	290.564	359.11	133.132	-14.6074	-162.617	601.947	540.417	479.838	4.28421	15	0	59.2695	64.1961	-19.1899	526.812	64.1961	-19.1899	526.812	
13867	2298	274.261	745.231	273.741	-99999	48.902	-0.849672	1	1	1	1	1	61.941	187.437	134.721	-88.1093	-523.513	-430.621	61.6449	124.107	187.381	135.157	19.4034	-88.1093	-523.639	-485.124	-430.621	4.65705	11	0	208.446	49.9168	-4.08158	486.184	115.667	-33.91	-247.328	
13867	4598	96.4254	238.411	95.2417	-99999	61.755	-0.514443	1	0	0	0	0	135.043	76.0704	133.179	76.9516	-359.542	-310.654	135.781	105.682	75.9998	133.787	107.326	76.9516	-360.155	-333.417	-310.654	4.45691	12	0	77.1528	61.7862	40.6746	-332.483	61.7862	40.6746	-332.483	
13868	90588	325.582	768.68	324.975	-99999	80.997	-0.36783	1	1	1	1	1	186.904	333.766	130.469	13.6356	-55.8948	-321.167	212.235	285.106	359.366	130.498	71.9826	13.3869	-55.83	-189.115	-321.568	9.5078	16	0	59.2314	80.9844	20.4989	-270.878	80.9844	20.4989	-270.878	
13868	92079	437.488	920.448	437.245	-99999	-22.143	-0.711375	1	1	1	1	1	163.783	94.3366	133.395	-163.589	-460.197	-149.877	163.809	122.748	94.3479	133.395	-23.0738	-163.652	-460.197	-313.001	-149.668	5.61564	18	0	67.804	-22.1007	-29.7029	-301.945	-22.1007	-29.7029	-301.945	
13868	28480	145.54	308.507	145.536	-99999	1.971	-0.708113	1	1	1	1	1	350.392	264.098	45.9775	-55.2832	-781.102	-839.451	351.01	307.551	264.715	45.9775	-5.25082	-55.2832	-781.102	-809.036	-839.451	5.25707	11	0	67.7343	1.98319	13.5276	-784.342	1.98319	13.5276	-784.342	
13868	91750	187.231	451.069	187.069	-99999	111.32	-0.894245	1	1	1	1	1	161.454	132.979	133.823	-28.7293	-387.128	-300.757	161.327	147.708	132.81	133.823	49.2268	-28.8423	-387.128	-349.544	-300.655	5.05078	14	0	104.723	111.333	0.170048	-331.066	111.333	0.170048	-331.066	
13868	91477	452.119	923.863	451.624	-41.2888	-41.632	-0.828189	1	1	1	1	1	205.689	300.394	131.49	-140.701	95.5428	-241.842	205.698	224.447	300.394	131.89	-10.7014	-140.701	95.8056	-77.9479	-241.842	4.12517	13	0	77.3282	-41.5977	-25.0543	-51.4383	-41.5977	-25.0543	-51.4383	
13868	92568	371.127	808.733	369.867	47.3879	47.61	-0.439958	1	1	1	1	1	222.985	195.458	132.717	-36.5245	-170.441	155.507	222.99	212.65	195.144	132.911	48.7533	-36.8264	-170.828	-5.87101	156.14	5.53483	14	0	61.1625	47.657	-1.32338	24.4811	47.657	-1.32338	24.4811	
13868	94968	147.309	361.286	144.435	-34.0163	-32.917	-0.957157	1	1	1	1	1	246.615	204.786	130.877	1.82344	687.92	733.888	246.816	232.821	204.365	132.845	63.8933	1.23992	687.367	708.552	734.265	12.9394	12	0	97.3801	-32.8858	-0.217222	702.732	-32.8858	-0.217222	702.732	
13868	94186	183.491	460.116	183.284	-99999	32.739	-0.929044	1	1	1	1	1	144.231	109.689	131.94	-37.2808	612.264	667.975	144.212	134.225	109.651	132.129	46.7581	-37.2808	612.191	643.983	667.975	8.1602	6	0	123.608	32.7649	-5.65816	655.083	32.7649	-5.65816	655.083	
13868	93657	323.306	682.712	322.143	33.1706	32.61	-0.859475	1	1	1	1	1	121.093	237.437	133.407	-151.301	-515.646	-587.379	121.093	198.693	237.4	133.407	-2.89121	-151.587	-515.646	-554.47	-587.432	4.39386	9	0	36.8664	32.6457	-13.8182	-551.043	32.6457	-13.8182	-551.043	
13868	94457	261.992	695.952	257.58	-99999	37.134	-0.422055	1	1	1	1	1	215.204	346.171	132.188	27.3335	-234.169	-38.7274	226.214	292.652	359.523	132.694	79.2363	25.9733	-235.066	-135.631	-36.3886	8.75995	8	0	127.428	37.1207	22.3667	-98.0387	37.1207	22.3667	-98.0387	
13868	92349	54.9821	151.537	53.8308	-99999	64.026	-0.838735	0	0	0	0	0	164.881	172.266	132.222	88.6924	-833.349	-809.321	164.808	165.445	172.306	132.222	110.115	88.5364	-833.349	-822.254	-809.238	6.15348	14	0	75.2186	64.0615	29.9239	-779.761	64.0615	29.9239	-779.761	
13867	3945	283.926	660.849	282.588	-99999	0.678	-0.849683	1	1	1	1	1	214.603	144.252	131.334	-99.125	-765.034	-619.135	214.698	180.708	144.155	131.637	11.0415	-100.006	-765.198	-698.683	-618.727	4.97006	15	0	78.1439	0.705141	-28.4521	-660.813	0.705141	-28.4521	-660.813	
13867	9303	171.483	397.015	170.744	87.1639	87.985	-0.971047	1	1	1	1	1	230.158	180.276	132.132	-25.9289	50.3157	82.886	230.232	207.585	180.216	132.438	50.212	-26.2924	50.3006	58.4385	83.0807	4.99856	16	0	73.5817	88.015	2.22621	61.9032	88.015	2.22621	61.9032	
13868	70571	61.5189	168.514	60.9035	-99999	44.321	-0.891989	1	0	0	0	0	179.746	196.052	132.7	76.2222	492.054	506.943	186.66	193.222	203.164	132.7	104.053	75.6738	492.054	500.897	507.039	5.8772	10	0	72.6431	44.3528	21.0164	506.203	44.3528	21.0164	506.203	
13868	73171	73.7875	164.341	72.3885	-99999	63.197	-0.639274	1	1	1	0	0	211.383	200.522	132.389	91.7869	201.287	260.005	231.275	227.438	220.312	133.289	111.509	91.7869	200.223	229.722	260.005	4.01938	6	0	50.3035	63.2472	21.8454	250.939	63.2472	21.8454	250.939	
13868	93066	81.7972	195.162	80.0906	-99999	94.705	-0.95473	1	1	0	0	0	309.32	329.514	132.999	55.5097	397.075	398.329	338.693	349.095	359.384	133.88	94.3377	54.7603	397.037	397.759	398.322	9.63381	8	0	60.1007	94.7234	-8.09468	394.833	94.7234	-8.09468	394.833	
13868	90906	310.732	727.552	310.129	-99999	100.612	-0.981287	1	1	1	1	1	291.026	223.389	133.935	-167.827	-623.927	-633.946	322.559	287.255	254.852	134.393	-16.3597	-167.949	-623.857	-635.184	-633.952	4.70818	6	0	67.8	100.636	-9.22874	-628.352	100.636	-9.22874	-628.352	
13868	74721	58.0845	168.278	57.485	-99999	63.318	-0.811972	1	1	0	0	0	325.602	339.356	131.924	85.6198	-86.2735	-117.42	345.352	352.222	359.271	132.161	108.663	85.3891	-86.1196	-101.739	-117.6	4.37895	15	0	48.4945	63.3463	32.9588	-137.147	63.3463	32.9588	-137.147	
13868	90512	159.094	386.544	158.235	-99999	46.684	-0.992833	1	1	1	1	1	170.121	187.586	132.899	-22.4956	-385.036	-369.565	170.068	178.349	187.402	132.899	54.797	-23.302	-385.036	-372.764	-369.46	12.6025	9	0	89.4131	46.7172	3.91245	-369.682	46.7172	3.91245	-369.682	
13868	30635	156.221	362.612	153.101	96.6498	96.34	-0.945425	1	1	1	1	1	234.991	177.56	132.393	-8.44709	-556.167	-549.014	235.195	208.139	176.825	133.023	59.8287	-10.6988	-556.204	-556.672	-548.375	5.06032	14	0	76.2934	96.3755	3.11308	-553.729	96.3755	3.11308	-553.729	
13868	90573	66.8171	181.51	66.8168	-99999	50.86	-0.449223	1	1	1	1	1	221.165	194.52	132.647	105.09	419.296	364.595	237.091	223.615	210.446	132.647	118.263	105.09	419.296	392.324	364.595	7.93849	13	0	57.7294	50.9066	-23.7983	154.234	50.9066	-23.7983	154.234	
13868	90567	86.8926	253.337	83.3929	-99999	97.59	-0.712427	1	1	1	1	1	321.831	328.991	134.008	76.6623	-217.522	-159.732	352.355	356.122	359.531	134.152	102.441	74.6079	-217.653	-188.919	-160.006	25.3472	6	0	75.4571	97.6214	19.216	-118.436	97.6214	19.216	-118.436	
13868	91667	287.785	750.657	283.58	-18.8721	-16.764	-0.82914	1	1	1	1	1	303.221	145.61	130.773	-84.1584	-264.907	-171.275	305.09	230.167	145.513	134.068	22.7626	-84.3258	-266.193	-214.363	-171.229	5.02428	10	0	70.2292	-16.7272	-4.28391	-210.174	-16.7272	-4.28391	-210.174	
13868	71813	359.106	744.121	359.005	-99999	-29.721	-0.830537	1	1	1	1	1	201.335	155.416	133.265	-170.287	-86.2392	94.4728	201.369	188.686	155.45	133.265	-18.0737	-170.287	-86.2392	7.80286	94.4728	7.37563	8	0	73.4773	-29.6862	-26.5907	20.1373	-29.6862	-26.5907	20.1373	
13868	99059	141.642	592.088	141.214	-99999	-3.181	-0.845043	1	1	1	1	1	183.485	120.463	132.045	10.3739	-123.321	-89.4958	183.703	151.655	120.466	132.4	71.5232	10.3739	-123.405	-106.683	-89.4958	5.1621	7	0	119.481	-3.15116	-30.0743	-74.3454	-3.15116	-30.0743	-74.3454	
13867	3339	344.874	783.097	343.069	-39.4799	-40.453	-0.747513	1	1	1	1	1	291.885	84.5695	133.377	-132.628	-262.606	-292.301	291.993	174.223	84.3578	133.507	9.41789	-134.234	-262.578	-283.439	-292.397	17.7527	9	0	84.4293	-40.4305	-35.4368	-347.34	111.05	-29.8825	-304.145	
13868	99961	261.28	734.642	260.2	-900.671	13.883	-0.823416	1	1	1	0	0	230.952	169.891	132.692	-94.7289	488.835	382.322	230.952	201.71	169.5	132.692	20.214	-95.7202	488.835	429.394	382.199	5.39721	8	0	63.5683	13.9034	-19.3156	822.762	13.9034	-19.3156	822.762	
13868	31586	320.22	828.806	300.844	103.363	102.805	-0.962516	1	1	1	1	1	166.548	251.792	132.972	-155.24	-784.875	-795.916	166.279	211.844	258.016	133.943	-19.4086	-172.357	-784.815	-790.987	-793.898	11.414	8	0	197.959	102.816	-31.2554	-754.847	102.816	-31.2554	-754.847	
13868	94539	243.929	567.751	242.822	90.1079	89.927	-0.952304	1	1	1	1	1	201.165	280.757	133.075	-95.1162	-381.796	-393.476	201.165	243.035	281.104	133.075	19.0681	-96.1568	-381.796	-391.784	-393.594	4.33755	10	0	68.6878	89.9643	-24.0857	-394.226	89.9643	-24.0857	-394.226	
13868	32597	192.032	429.247	189.491	-99999	96.073	-0.802745	1	1	1	1	1	84.3408	133.49	133.285	-17.603	178.381	280.193	84.1723	105.696	133.379	133.762	59.3362	-19.2294	178.034	234.386	281.257	4.61466	6	0	55.0247	96.0882	28.1918	236.545	96.0882	28.1918	236.545	
13868	89960	261.632	625.413	260.536	-99999	90.295	-0.872141	1	1	1	1	1	161.924	74.0378	133.768	-104.356	219.989	276.366	161.864	115.291	73.4474	133.857	15.0096	-105.219	219.964	248.269	276.378	24.6051	6	0	89.6514	90.3264	-28.9596	258.602	90.3264	-28.9596	258.602	
13868	74328	225.307	496.659	223.766	-99999	76.239	-0.957524	1	1	1	1	1	182.131	167.644	131.833	-82.11	-593.434	-535.884	182.28	167.147	167.642	132.914	25.8939	-82.4798	-593.664	-563.037	-535.79	5.20885	9	0	73.084	76.2629	-13.4671	-553.317	76.2629	-13.4671	-553.317	
13868	94020	166.621	817.689	161.366	-99999	-2.743	-0.564773	1	1	1	1	1	157.721	128.432	130.389	50.4776	-357.245	-254.521	157.614	143.736	128.435	130.477	90.1926	50.4776	-357.427	-317.571	-254.521	4.17113	14	0	78.3807	-2.7014	-25.8214	-180.781	-2.7014	-25.8214	-180.781	
13868	91231	372.726	1030.76	371.729	-99999	7.673	-0.80537	1	1	1	1	1	264.407	124.095	133.427	-159.896	-100.491	76.7224	264.757	197.425	124.095	134.206	-10.408	-159.896	-100.944	-5.02425	76.7224	4.28701	11	0	71.1558	7.71234	-26.2552	6.557	7.71234	-26.2552	6.557	
13868	90740	177.339	289.284	176.016	-99999	30.898	-0.765584	0	0	0	0	0	100.51	107.082	132.895	16.6418	-682.697	-563.489	100.475	110.663	106.988	132.895	71.6305	16.181	-682.697	-621.591	-563.018	5.49758	8	0	53.7196	-11.9686	57.2417	218.136	86.7414	28.6421	-589.068	
13868	90941	193.996	404.074	192.86	50.8642	51.069	-0.997597	1	1	1	1	1	225.558	203.861	132.133	-55.1336	840.269	870.965	225.575	218.809	203.752	132.925	36.5	-55.4272	840.322	845.251	871.065	6.61035	10	0	70.8974	51.0978	-3.63945	791.921	51.0978	-3.63945	791.921	
13868	93754	322.582	769.53	303.624	-99999	40.983	-0.978324	1	1	1	1	1	256.325	276.913	132.929	-163.537	594.822	532.943	269.066	280.554	291.513	133.402	-24.0505	-181.829	594.886	562.027	532.081	4.29792	14	0	111.423	41.0044	-28.6282	558.614	41.0044	-28.6282	558.614	
13867	7293	98.9917	259.664	95.7456	-99999	97.117	-0.953841	1	1	1	0	0	204.496	179.89	133.648	41.5783	656.953	652.096	204.385	190.418	179.196	133.648	86.2092	38.5279	656.953	657.318	651.177	4.62527	7	0	86.3247	97.1444	12.3524	646.451	97.1444	12.3524	646.451	
13868	93072	201.716	418.56	182.981	-99999	77.609	-0.721265	1	1	1	1	1	62.4845	124.036	-10.7994	121.383	596.294	706.795	129.802	95.9918	61.883	133.85	60.9582	-11.8636	717.218	656.313	595.439	5.9513	111	0	418.56	77.6349	-14.8032	591.084	77.6349	-14.8032	591.084	
13867	13896	264.156	644.049	264.155	-99999	84.825	-0.600997	1	1	1	1	1	326.052	196.77	132.973	-46.2606	-101.218	-245.859	339.381	274.754	210.099	132.973	43.4977	-46.2606	-101.218	-173.703	-245.859	4.12953	11	0	62.23	84.8609	-27.5138	-248.329	43.3409	9.25474	-100.647	
13868	96131	22.7565	77.288	21.887	-99999	-38.327	-0.841196	0	0	0	0	0	301.944	291.147	133.77	116.235	38.9615	31.8808	290.159	284.889	278.944	134.212	125.098	115.945	39.0949	34.8205	31.8564	5.44272	10	0	70.6176	-38.2993	53.6689	28.1586	-38.2993	53.6689	28.1586	
13868	96831	217.384	772.153	216.253	62.7548	61.896	-0.573605	1	1	1	1	1	64.1758	231.089	2.50028	-120.606	112.071	61.293	63.2666	148.846	231.089	3.141	-61.8721	-120.606	112.204	96.8451	61.293	4.73801	11	0	69.3199	61.9272	-21.3656	103.537	61.9272	-21.3656	103.537	
13868	97942	171.861	434.257	171.322	-99999	28.744	-0.863062	1	1	1	0	0	143.687	143.104	127.528	-31.0183	761.198	822.654	143.681	143.814	143.137	127.776	47.8095	-31.2076	761.031	792.107	822.72	10.6036	8	0	89.1716	28.7699	8.2252	777.266	28.7699	8.2252	777.266	
13868	95391	235.838	535.904	234.505	-99999	61.332	-0.993717	1	1	1	1	1	71.9635	113.257	133.519	-92.8049	-135.85	-97.0186	71.7685	87.7567	113.201	134.648	18.9382	-92.9859	-135.79	-120.27	-96.9636	4.22428	16	0	76.623	61.3604	-14.4467	-82.8999	61.3604	-14.4467	-82.8999	
13868	96191	37.1197	80.406	35.2421	-99999	72.449	-0.444711	0	0	0	0	0	321.019	336.345	133.479	117.411	-451.095	-423.732	343.177	351.421	359.357	133.977	125.542	117.067	-451.955	-437.627	-423.148	4.54343	8	0	45.8304	72.4858	70.1044	-415.131	72.4858	70.1044	-415.131	
13868	90863	147.511	361.145	147.466	-99999	81.306	-0.662359	1	1	1	1	1	301.39	221.807	131.683	47.0481	2.13943	90.1839	326.871	286.42	247.267	131.711	83.6647	47.0481	2.11794	40.7463	90.1839	4.42838	7	0	70.0275	81.3297	36.1966	40.635	81.3297	36.1966	40.635	
13868	90963	241.2	523.949	240.923	70.4117	68.413	-0.881347	1	1	1	1	1	177.038	299.264	134.675	-58.5684	-123.43	-197.127	176.927	241.398	299.264	134.923	38.1067	-58.5684	-123.389	-154.66	-197.127	5.46549	12	0	70.1521	68.452	-12.5857	-176.376	68.452	-12.5857	-176.376	
13867	6021	338.743	990.489	336.295	80.0886	80.264	-0.873148	1	1	1	1	1	154.379	247.125	131.856	-152.879	376.881	226.436	153.856	196.674	247.205	133.861	-10.5774	-152.987	377.869	300.635	226.379	5.56629	11	0	71.5945	80.3034	-24.4333	294.997	80.3034	-24.4333	294.997	
13868	97175	530.72	1158.95	529.781	63.4926	63.927	-0.56736	1	1	1	1	1	329.111	170.644	134.175	-127.903	198.923	629.312	329.112	251.671	170.083	134.18	2.85181	-128.159	198.917	415.906	629.998	5.56954	11	0	73.3846	63.9702	-5.50409	401.999	63.9702	-5.50409	401.999	
13868	97174	352.232	545.353	349.064	86.4765	85.713	-0.927287	1	1	1	1	1	225.215	199.028	129.344	-165.568	389.827	570.176	225.388	212.62	199.028	132.197	-21.9857	-165.568	388.679	472.596	570.176	4.76981	13	0	73.2116	76.1754	-37.8716	-387.906	45.4154	4.39377	-382.073	
13867	8499	115.576	356.012	98.9183	-99999	-34.514	-0.688074	1	1	1	1	1	106.246	163.062	-37.1253	-105.768	-891.06	-848.146	96.4982	130.199	163.118	-25.6914	-65.5204	-105.792	-898.12	-873.276	-848.132	34.2112	11	0	164.691	-34.4816	-59.251	-784.168	-34.4816	-59.251	-784.168	
13868	97655	301.761	652.409	297.751	64.6919	66.275	-0.937834	1	1	1	1	1	167.073	237.493	130.997	-137.883	-541.907	-643.153	166.828	193.202	238.173	132.982	-7.34474	-139.253	-541.214	-589.788	-644.259	4.651	15	0	78.2284	66.3083	-24.7581	-590.14	66.3083	-24.7581	-590.14	
13868	71881	72.9222	215.956	68.9975	-99999	-46.709	-0.843401	1	1	1	1	1	203.611	189.29	57.9243	113.67	-894.759	-864.059	188.679	197.27	203.67	115.641	87.4119	57.8024	-862.993	-883.452	-894.709	4.8761	42	0	215.956	-46.6888	34.2836	-494.776	-46.6888	34.2836	-494.776	
13868	97726	506.825	1047.04	506.812	-806.231	75.763	-0.630795	0	0	0	0	0	183.063	273.809	133.373	-111.822	-378.45	48.6933	183.063	215.629	273.809	133.373	-11.5185	-111.822	-378.45	-173.513	48.6933	5.23833	9	0	71.5789	-25.2246	-19.1159	136.637	-25.2246	-19.1159	136.637	
13868	95688	203.023	434.411	202.925	-99999	26.704	-0.85917	1	1	1	1	1	120.536	91.1459	133.147	-36.5601	-467.419	-362.343	120.505	101.292	91.0911	133.147	45.5157	-36.6251	-467.419	-420.003	-362.282	4.52838	13	0	55.7105	26.7124	1.36544	-395.915	26.7124	1.36544	-395.915	
13868	97288	503.221	1104.22	502.914	26.4507	26.833	-0.625879	1	1	1	1	1	290.389	90.154	133.052	-157.25	-595.534	-238.493	290.51	179.162	90.154	133.243	-13.032	-157.25	-595.737	-424.054	-238.493	6.06819	15	0	74.7135	26.8686	-28.3551	-399.6	26.8686	-28.3551	-399.6	
13868	97724	105.804	285.568	104.059	107.395	107.557	-0.481438	1	1	1	1	1	196.727	273.225	9.39142	-38.4602	894.38	842.573	195.822	234.615	273.572	9.99544	-14.6729	-38.6961	894.987	868.817	842.304	15.4069	10	0	102.592	107.604	-45.3122	786.115	107.604	-45.3122	786.115	
13868	95822	79.4937	190.325	78.7113	-99999	46.599	-0.788912	1	1	0	0	0	287.73	334.026	134.009	70.3902	-829.423	-831.26	302.038	325.523	348.798	134.368	102.322	70.121	-829.41	-830.464	-831.254	6.06959	6	0	73.0372	46.624	52.9576	-823.683	46.624	52.9576	-823.683	
13868	96222	162.113	341.333	161.782	-99999	51.364	-0.986289	1	1	1	0	0	321.836	342.918	133.499	-26.567	-432.622	-427.282	337.869	348.424	359.003	133.823	53.6223	-26.567	-432.641	-427.602	-427.282	7.74241	14	0	57.0946	51.3758	-15.4085	-425.157	51.3758	-15.4085	-425.157	
13868	98823	128.68	4480.07	126.541	-99999	-8.34	-0.627648	1	1	1	1	1	64.8247	152.959	127.194	47.914	-346.813	-302.778	63.3573	108.275	152.969	128.537	88.5732	47.914	-347.579	-324.68	-302.778	734.236	9	0	4174.64	-8.30927	-21.8417	-269.92	-8.30927	-21.8417	-269.92	
13868	95103	296.775	1065.87	278.757	88.2568	90.277	-0.707328	1	1	1	1	1	184.578	347.464	132.404	-66.3655	-770.588	-878.393	184.326	270.522	357.834	132.729	27.0858	-78.6835	-770.382	-828.771	-885.382	4.25323	10	0	45.448	90.3137	-32.5968	-825.391	90.3137	-32.5968	-825.391	
13868	96984	197.408	437.42	197.171	-99999	114.059	-0.982343	1	1	0	0	0	295.99	323.368	133.976	-60.51	-864.971	-850.238	331.666	345.442	359.085	134.173	36.7809	-60.51	-864.984	-857.387	-850.238	7.88774	13	0	55.8729	114.087	-33.1014	-837.517	114.087	-33.1014	-837.517	
13867	7988	307.862	663.265	306.827	98.9437	98.61	-0.978497	1	1	1	1	1	233.69	200.621	132.616	-166.438	-423.726	-480.461	233.732	217.686	200.498	132.997	-17.4761	-167.052	-423.658	-451.512	-480.428	4.90261	8	0	74.971	98.6368	-25.3656	-454.647	98.6368	-25.3656	-454.647	
13868	96240	400.45	838.78	318.137	-99999	1.656	-0.770188	1	1	1	1	1	132.955	95.6436	133.62	-114.347	518.924	714.632	132.953	109.774	86.0901	133.62	-22.3573	-178.488	518.924	642.274	765.295	8.14223	14	0	97.6761	1.69262	-28.6619	650.601	1.69262	-28.6619	650.601	
13868	96908	173.579	379.716	169.526	-99999	52.136	-0.864236	1	1	1	1	0	254.168	342.355	133.302	-11.3794	-451.326	-451.418	270.223	315.241	359.355	133.773	59.5828	-14.5041	-451.349	-450.504	-452.754	4.36379	7	0	41.2322	57.392	-12.4513	-380.149	57.392	-12.4513	-380.149	
13868	100008	94.7089	314.507	93.2019	-99999	102.048	-0.911085	1	1	1	1	1	295.421	327.424	132.423	45.9638	602.227	615.775	326.871	343.366	359.441	133.58	89.777	45.7434	602.04	609.203	615.79	24.4317	7	0	134.212	102.059	-37.0783	626.004	102.059	-37.0783	626.004	
13868	99648	215.434	492.648	215.131	82.87	81.445	-0.675414	1	1	1	1	1	112.454	265.454	133.873	-14.9178	519.666	533.389	112.454	191.019	265.652	133.873	60.451	-15.1324	519.666	517.93	533.394	4.02123	6	0	77.0718	81.4819	4.63704	526.911	81.4819	4.63704	526.911	
13868	31749	284.168	4135.79	281.545	59.5233	60.071	-0.900016	1	1	1	1	1	169.286	298.193	133.92	-106.933	696.786	641.282	169.022	235.554	299.258	134.559	10.1569	-108.379	696.92	681.755	640.619	4.64909	9	0	3554.31	60.1139	-13.4047	658.017	60.1139	-13.4047	658.017	
13868	73605	284.662	641.211	284.655	-99999	107.22	-0.82947	1	1	1	1	1	79.0909	113.747	133.677	-76.6201	467.791	651.13	78.9682	94.2939	113.624	133.677	20.6666	-76.6201	467.791	552.537	651.13	5.24192	15	0	77.0788	107.246	-13.4918	582.845	107.246	-13.4918	582.845	
13868	100547	41.4659	192.119	40.4796	8.30243	8.397	-0.898496	1	1	1	1	1	289.502	277.181	133.866	98.5568	13.4082	26.1812	290.812	284.533	278.245	133.866	115.73	97.7612	13.4082	21.2035	25.7821	5.76626	12	0	144.182	8.42634	-11.2212	72.598	113.376	23.5279	35.0304	
13868	32768	41.1862	173.09	39.7651	-99999	88.354	-0.98272	0	0	0	0	0	309.879	316.152	133.717	95.3913	-377.468	-380.684	337.49	339.574	344.558	134.077	113.675	94.7415	-377.527	-376.244	-380.841	4.59201	18	0	124.271	88.3741	71.7832	-382.322	88.3741	71.7832	-382.322	
13868	98146	395.622	740.023	395.497	-99999	-36.802	-0.59363	1	1	1	0	0	138.087	86.1886	133.601	-96.9306	-231.438	82.5308	138.15	124.657	86.2307	133.666	13.2783	-96.9306	-231.522	-75.4308	82.5308	7.39694	12	0	90.6997	-36.7814	32.1722	-764.374	-36.7814	32.1722	-764.374	
13868	99946	317.673	729.31	316.696	-44.8071	-42.672	-0.509737	1	1	1	1	1	358.663	119.801	93.6778	-42.2214	-856.367	-708.901	359.369	238.425	119.801	94.1725	17.0912	-42.2214	-856.821	-789.482	-708.901	4.34039	18	0	85.2145	-42.6485	10.1132	-763.148	-42.6485	10.1132	-763.148	
13868	100897	22.635	74.1495	21.2924	-99999	39.48	-0.973422	0	0	0	0	0	97.056	102.845	133.594	113.783	777.91	782.893	96.8272	99.5964	102.915	134.483	123.707	113.381	777.852	779.777	782.951	4.37129	9	0	67.9239	39.4921	66.599	771.394	39.4921	66.599	771.394	
13867	12834	228.941	570.116	228.606	-99999	94.745	-0.941975	1	1	1	1	1	173.958	134.84	133.551	-84.564	-216.912	-165.911	173.882	146.082	134.737	133.675	25.0955	-84.7612	-216.937	-193.958	-165.876	5.66555	9	0	76.4356	94.7718	-0.828706	-201.531	94.7718	-0.828706	-201.531	
13868	95098	128.411	270.914	128.203	-99999	47.41	-0.993937	1	0	0	0	0	244.605	258.668	129.493	2.58804	-881.126	-877.443	259.439	264.023	273.514	129.667	65.7138	2.58804	-881.144	-879.099	-877.443	6.48381	7	0	76.6906	47.4396	13.3274	-818.771	47.4396	13.3274	-818.771	
13868	97451	238.607	567.36	238.603	-99999	58.53	-0.596453	1	1	1	1	1	193.222	306.455	129.756	-32.2476	878.352	746.293	211.55	271.8	324.783	129.756	53.0458	-32.2476	878.352	809.906	746.293	10.4386	12	0	78.421	58.5712	-1.35115	760.658	80.4312	22.4909	790.294	
13867	11425	206.439	624.144	205.485	38.0878	36.973	-0.905467	1	1	1	1	1	147.433	243.474	133.718	-29.0482	824.753	748.411	147.433	189.098	244.051	133.718	46.2238	-29.6877	824.753	790.039	748.013	4.14937	10	0	69.3395	35.5182	-1.51201	-494.916	96.5582	-23.1569	-441.132	
13867	13225	184.858	474.361	184.551	-99999	-11.61	-0.653777	1	1	1	1	1	274.97	155.215	133.568	19.8995	-86.5684	-5.2294	275.036	215.679	155.149	133.641	75.9915	19.8273	-86.6206	-45.4706	-5.18801	7.32703	10	0	53.6325	-11.583	-35.0164	33.225	-11.583	-35.0164	33.225	
13868	99352	289.91	667.761	289.135	-99999	-3.228	-0.974502	1	1	1	1	1	223.232	224.336	132.74	-147.901	716.795	664.425	222.179	230.385	223.343	133.063	-7.82178	-148.112	716.862	687.908	664.403	7.32634	8	0	152.813	-3.19835	-20.1319	668.817	-3.19835	-20.1319	668.817	
13868	99056	174.009	392.533	173.445	-17.8009	22.766	-0.912825	0	0	0	0	0	204.602	286.865	133.575	-17.5201	499.072	480.317	204.382	243.24	286.865	134.081	56.6784	-17.5201	499.108	492.099	480.317	4.31989	11	0	66.5641	58.0368	-18.1752	170.287	-17.3332	-4.78461	486.523	
13868	100063	299.473	599.204	298.306	-99999	18.751	-0.9815	1	1	1	0	0	269.819	322.906	132.612	-159.202	-871.87	-860.549	275.6	296.601	328.894	133.11	-14.4774	-159.611	-871.904	-860.884	-860.682	6.28986	7	0	70.7802	18.7691	-35.3855	-817.027	18.7691	-35.3855	-817.027	
13868	100556	144.592	351.544	143.369	-99999	52.439	-0.905687	1	1	1	0	0	130.106	81.1058	134.201	4.52789	348.669	382.766	130.046	107.833	80.6822	134.201	68.9709	3.38332	348.669	370.414	382.983	4.74962	12	0	78.9942	52.4706	22.0758	378.367	52.4706	22.0758	378.367	
13868	100622	179.532	419.131	177.441	-99999	-3.725	-0.94226	1	1	1	0	0	62.9939	74.7751	134.006	-25.9732	-385.564	-312.346	62.867	73.2677	74.8617	134.894	51.8545	-26.8691	-385.85	-353.499	-311.644	5.7597	10	0	79.1085	-3.70142	34.7251	-349.528	-3.70142	34.7251	-349.528	
13868	37437	187.791	420.195	186.033	-99999	69.073	-0.935657	1	1	1	0	0	288.001	337.167	132.757	-43.5142	-377.966	-344.672	309.147	333.86	358.837	134.152	45.0943	-43.7632	-378.225	-361.708	-344.633	4.08279	8	0	52.6683	69.0997	-45.502	-367.166	69.0997	-45.502	-367.166	
13867	12329	66.7785	125.439	65.7884	-99999	113.301	-0.183302	0	0	0	0	0	276.959	323.58	92.1796	104.369	-894.601	-849.819	359.434	335.737	312.119	104.467	98.0839	92.0936	-849.454	-872.092	-894.916	4.79334	120	0	125.439	113.291	62.0158	-822.211	113.291	62.0158	-822.211	
13868	100098	61.4537	533.256	61.3318	-99999	7.004	-0.425161	1	1	1	1	1	355.789	319.044	5.91861	-19.5397	-808.971	-850.921	357.982	339.554	321.16	5.91861	-6.75715	-19.5792	-808.971	-830.038	-851.004	133.678	12	0	467.678	6.97371	-20.4043	-815.103	6.97371	-20.4043	-815.103	
13868	14922	324.464	720.815	304.077	-99999	65.108	-0.961349	1	1	1	1	1	262.47	326.808	133.841	-161.565	-691.352	-723.722	282.858	317.14	350.839	133.841	-23.724	-180.95	-691.352	-709.065	-726.51	6.82353	8	0	47.9487	65.1326	-40.1203	-714.786	65.1326	-40.1203	-714.786	
13868	98668	178.485	513.86	177.423	35.6149	35.289	-0.978091	1	1	1	1	1	158.874	216.129	132.419	-28.5098	58.1424	22.435	158.699	177.283	216.129	133.451	47.2165	-28.5098	58.2675	45.3053	22.435	7.14796	12	0	160.006	35.314	1.96774	41.9507	35.314	1.96774	41.9507	
13868	99768	285.329	626.668	285.159	-99999	2.026	-0.860788	1	1	1	1	1	160.714	285.451	128.853	-124.852	289.315	308.889	160.63	229.157	285.451	128.994	4.68469	-124.852	289.304	302.458	308.889	5.15896	9	0	71.0334	2.05506	-30.5098	299.843	2.05506	-30.5098	299.843	
13868	100444	340.884	747.415	336.173	114.466	113.512	-0.932511	1	1	1	1	1	276.117	195.301	132.223	-166.397	32.0374	160.151	276.361	241.265	194.208	133.559	-22.5887	-168.678	31.5829	89.7752	162.216	7.16278	16	0	76.5993	113.543	-19.3861	85.5032	113.543	-19.3861	85.5032	
13868	70548	157.014	423.242	156	-99999	-34.244	-0.547222	1	1	1	1	1	358.722	238.932	-150.98	-57.0761	-829.503	-795.535	228.209	288.942	348.76	-57.0761	-103.638	-151.61	-795.535	-812.906	-829.717	8.54296	274	0	423.242	-34.2089	-27.1897	-763.967	-34.2089	-27.1897	-763.967	
13867	17778	328.351	773.318	314.457	-99999	69.835	-0.97333	1	1	1	1	1	305.028	238.435	131.044	-170.072	-566.697	-627.438	327.584	295.912	257.003	134.232	-23.8841	-180.129	-566.414	-596.951	-628.122	4.42671	13	0	83.7318	67.6572	4.58499	-631.001	67.6572	4.58499	-631.001	
13867	17843	301.91	718.839	299.226	57.3521	58.21	-0.872043	1	1	1	1	1	143.014	295.934	133.174	-120.687	-507.554	-538.532	142.944	216.469	296.42	133.308	3.07384	-123.122	-507.526	-527.422	-538.932	11.7014	8	0	133.495	58.2291	-29.129	-531.893	58.2291	-29.129	-531.893	
13867	18443	231.092	584.07	230.984	-99999	68.208	-0.932984	1	1	1	1	1	276.508	189.247	133.477	-79.8734	-395.46	-381.017	297.904	253.927	210.606	133.576	26.976	-79.8734	-395.466	-388.211	-381.017	9.47959	9	0	67.0353	68.2483	-14.5665	-301.365	68.2483	-14.5665	-301.365	
13867	17701	158.624	379.636	156.701	-99999	99.003	-0.972666	1	1	1	1	1	207.303	168.552	133.045	-17.7323	631.046	646.561	207.271	187.013	168.087	133.43	57.1266	-19.2121	630.993	637.941	646.518	6.57455	9	0	81.0773	99.0395	-1.15841	642.378	99.0395	-1.15841	642.378	
13868	37342	312.801	844.431	310.438	-99999	57.093	-0.965065	1	1	1	1	1	337.81	282.678	134.204	-163.725	531.031	594.41	355.845	328.71	299.989	134.915	-15.1846	-165.23	530.915	565.425	594.313	4.88522	9	0	145.509	57.1206	-22.4135	572.156	57.1206	-22.4135	572.156	
13868	37642	137.602	343.215	136.863	-99999	75.1	-0.950091	1	1	1	1	1	226.391	186.731	133.035	4.94315	-121.884	-149.079	250.082	230.477	210.248	133.735	69.278	4.94315	-121.737	-135.651	-149.079	7.21132	8	0	65.9944	75.1295	-18.9471	-158.123	75.1295	-18.9471	-158.123	
13868	72082	180.597	421.642	179.891	-99999	44.283	-0.988384	1	1	1	1	1	228.088	197.143	132.419	-44.5824	-303.212	-306.285	242.036	226.316	211.01	133.114	44.2839	-44.5824	-303.164	-306.72	-306.285	5.24648	6	0	55.2902	44.312	-23.2665	-319.661	44.312	-23.2665	-319.661	
13867	20023	304.814	892.537	295.823	-39.6933	-32.516	-0.266635	1	1	1	1	1	63.2327	341.526	-95.4889	-159.275	-694.583	-617.426	63.2327	206.844	349.699	-95.4889	-128.1	-160.637	-694.583	-655.452	-613.972	17.9815	14	0	205.564	-32.5292	-87.7628	-633.296	-32.5292	-87.7628	-633.296	
13867	13428	82.6787	394.699	82.6702	-99999	110.91	-0.675535	1	1	0	0	0	199.462	154.85	133.314	82.8191	-497.256	-543.898	199.336	174.226	154.723	133.314	107.398	82.8191	-497.256	-517.278	-543.898	4.45943	6	0	68.3785	108.347	-21.285	378.43	108.347	-21.285	378.43	
13867	720	89.2425	269.367	89.2404	-99999	102.906	-0.917495	1	1	1	1	1	163.973	185.119	134.378	56.697	696.666	733.976	163.855	170.687	185.001	134.378	94.403	56.697	696.666	715.199	733.976	4.65442	13	0	89.3318	102.922	-40.1457	629.077	102.922	-40.1457	629.077	
13867	1120	307.327	1100.24	306.689	-99999	24.831	-0.980729	1	1	1	1	1	242.464	203.058	133.275	-164.955	488.134	428.841	250.251	229.506	210.832	133.528	-15.7119	-165.316	488.177	458.108	428.746	4.23447	14	0	95.0596	24.8586	-32.0045	447.311	24.8586	-32.0045	447.311	
13867	8828	192.093	389.142	191.038	-252.341	-33.734	-0.968069	0	0	0	0	0	213.506	186.05	132.776	-43.352	-258.431	-323.148	213.508	204.658	185.712	132.792	44.2239	-44.3131	-258.428	-294.107	-323.204	4.03762	8	0	68.5187	45.9045	-35.5577	655.473	75.2845	36.8318	-248.794	
13868	36641	189.427	457.997	182.55	96.6669	97.336	-0.733215	1	1	1	1	1	126.789	220.693	128.771	5.26081	-346.726	-441.244	123.856	172.675	220.693	133.729	71.2919	5.26081	-342.983	-394.664	-441.244	4.56695	11	0	75.0689	97.3835	13.4701	-407.198	97.3835	13.4701	-407.198	
13867	1429	344.817	971.077	343.754	13.1727	14.561	-0.872137	1	1	1	1	1	336.358	128.837	133.54	-95.163	142.729	262.327	336.81	249.166	128.837	134.467	-7.23409	-95.163	142.506	185.844	262.327	4.37581	11	0	51.2037	14.5892	-31.2243	458.347	-13.2808	-41.1967	157.023	
13867	6089	241.052	554.911	240.522	76.314	75.974	-0.91868	1	1	1	1	1	284.824	182.376	133.286	-79.4823	-76.5293	-39.8036	285	234.505	182.34	133.714	24.6614	-79.5185	-76.5545	-67.7188	-39.7862	6.1456	10	0	74.435	76.0098	-5.28804	-56.8689	76.0098	-5.28804	-56.8689	
13867	8826	201.065	578.732	200.914	26.4682	26.206	-0.605875	1	1	1	1	1	148.695	293.138	133.164	22.0327	581.352	497.643	148.604	219.886	293.138	133.254	75.8824	22.0327	581.423	540.037	497.643	5.43609	15	0	75.5864	26.2424	4.81714	521.47	26.2424	4.81714	521.47	
13867	8897	154.918	305.117	146.942	-99999	-24.806	-0.953367	1	1	1	0	0	95.4685	122.917	133.855	0.261359	-174.228	-133.779	95.4902	106.227	121.154	134.185	59.127	-6.40132	-174.342	-159.013	-130.554	4.77916	15	0	27.8904	-24.7997	26.8083	-154.265	-24.7997	26.8083	-154.265	
13867	9697	115.89	279.345	115.503	21.7591	109.972	-0.485083	0	0	0	0	0	135.43	222.099	133.444	80.0784	-710.474	-657.702	135.268	179.807	222.192	133.552	104.899	80.0192	-710.584	-687.237	-657.589	4.95411	9	0	73.1443	23.5444	26.8171	-666.289	23.5444	26.8171	-666.289	
13867	9797	89.3867	241.46	87.2653	-99999	61.87	-0.942077	1	1	1	1	0	162.663	132.595	131.904	52.6948	-719.021	-701.703	162.758	149.465	131.923	132.463	91.4882	51.3065	-719.14	-707.438	-701.86	8.1055	7	0	90.8933	61.8975	25.6937	-697.932	61.8975	25.6937	-697.932	
13867	9078	311.908	649.587	310.411	55.9074	56.393	-0.931107	1	1	1	1	1	160.113	269.579	131.91	-156.064	-698.397	-727.323	160.037	213.104	270.081	132.124	-12.2488	-157.221	-698.36	-723.889	-727.379	4.84432	6	0	44.9493	56.4215	-27.5204	-710.347	56.4215	-27.5204	-710.347	
13867	10958	53.6389	168.353	50.1213	-99999	100.857	-0.987861	1	0	0	0	0	295.92	291.759	133.855	84.2734	-272.171	-274.059	327.503	324.287	322.367	133.859	107.297	81.7189	-272.17	-273.089	-273.063	5.36883	10	0	96.017	100.874	42.0641	-266.502	100.874	42.0641	-266.502	
13867	11942	160.942	466.911	160.25	-99999	68.408	-0.535237	1	1	1	1	1	295.31	338.01	133.665	49.1305	533.842	663.056	316.696	337.839	359.621	133.723	90.9315	48.8327	533.757	598.528	663.516	5.79105	6	0	60.5934	68.3839	1.06425	650.51	68.3839	1.06425	650.51	
13867	13742	159.255	514.491	159.034	-99999	-12.644	-0.542414	1	1	1	1	1	67.0205	192.386	37.2189	-42.7052	-499.173	-444.648	65.048	128.048	190.413	37.2189	-3.13687	-42.7052	-499.173	-472.047	-444.648	15.4018	11	0	62.3613	-12.6111	-28.9323	-436.81	-12.6111	-28.9323	-436.81	
13868	38349	297.637	652.804	297.302	-18.4361	-18.714	-0.974253	1	1	1	1	1	216.173	135.083	133.354	-150.285	-807.769	-781.364	216.199	179.567	135.083	133.676	-8.8119	-150.285	-807.828	-786.137	-781.364	5.5159	7	0	68.8295	-18.6771	-33.5031	-761.157	-18.6771	-33.5031	-761.157	
13867	18863	242.378	556.254	242.375	-99999	115.024	-0.794668	1	1	1	1	1	174.884	323.042	127.874	-61.9673	-58.7888	-86.1546	210.903	284.624	359.061	127.874	32.734	-61.9673	-58.7888	-72.8905	-86.1546	4.86842	8	0	43.3734	114.998	-36.0922	-79.4323	114.998	-36.0922	-79.4323	
13867	17934	239.164	527.961	239.06	-99999	12.633	-0.937189	1	1	1	1	1	209.272	285.775	133.085	-85.2331	139.014	84.3949	213.195	248.259	289.731	133.179	21.2154	-85.2331	139.029	116.013	84.3949	6.27203	9	0	72.5138	12.6465	-24.1333	100.91	12.6465	-24.1333	100.91	
13868	41421	128.824	296.54	128.823	-99999	68.437	-0.559686	1	1	1	1	1	241.354	337.616	125.708	53.5188	-525.199	-571.155	262.785	310.786	359.047	125.708	89.4413	53.5188	-525.199	-548.201	-571.155	5.61405	10	0	50.8829	68.4854	46.3164	-562.052	68.4854	46.3164	-562.052	
13868	70978	99.8148	270.765	98.714	-99999	57.417	-0.905524	1	1	1	1	1	196.025	219.109	133.733	46.3633	-492.846	-453.167	187.002	198.689	210.284	133.733	89.4357	45.3862	-492.846	-473.078	-452.704	13.8475	12	0	53.2572	57.4595	-3.69694	-441.634	57.4595	-3.69694	-441.634	
13867	2395	187.877	9588.25	187.242	-99999	98.146	-0.620777	1	1	1	1	1	297.026	280.981	133.136	19.6366	256.195	404.075	327.759	319.469	311.627	133.136	76.1299	19.3114	256.195	330.364	404.605	304.785	14	0	9184.26	98.1773	-17.8274	444.871	116.787	-22.3755	289.755	
13867	209	332.334	806.147	331.44	-99999	63.937	-0.740572	1	1	1	1	1	327.26	200.181	133.946	-74.8755	467.138	243.47	337.514	273.234	210.165	134.416	29	-75.0445	467.483	356.384	243.264	4.49641	17	0	60.6329	63.9748	-30.499	307.783	63.9748	-30.499	307.783	
13867	3584	275.892	627.142	275.752	-99999	-36.19	-0.972655	1	1	1	1	1	295.488	326.459	133.294	-134.283	521.487	574.696	284.156	297.399	315.153	133.294	-1.79895	-134.371	521.487	545.307	574.69	8.39052	8	0	96.9802	-36.1642	-28.7497	50.621	-36.1642	-28.7497	50.621	
13867	7277	300.456	702.993	300.143	-99999	104.022	-0.945689	1	1	1	1	1	144.501	200.69	133.51	-146.356	405.869	490.81	144.359	167.495	200.571	133.802	-5.47941	-146.356	405.772	456.751	490.81	4.86002	8	0	72.6324	104.053	-9.72647	455.481	104.053	-9.72647	455.481	
13867	8777	123.344	287.846	122.478	-99999	78.689	-0.801377	1	1	1	1	0	196.825	120.748	132.616	41.9218	622.636	652.047	196.735	161.011	120.116	132.616	84.8841	41.2537	622.636	637.946	652.128	5.93853	6	0	76.8243	78.719	23.159	650.016	78.719	23.159	650.016	
13868	44904	359.855	849.492	310.088	-99999	-7.231	-0.849264	1	1	1	1	1	166.037	81.5073	127.328	-140.29	-17.1444	-148.736	168.463	119.557	69.7679	133.865	-21.1715	-180.322	-14.0984	-91.1517	-153.825	7.04482	10	0	125.475	-7.21583	-31.875	-103.792	-7.21583	-31.875	-103.792	
13867	9947	299.747	899.736	299.391	-382.923	-1.307	-0.799599	0	0	0	0	0	232.886	112.881	132.665	-78.2427	188.52	359.484	233.018	171.166	112.881	132.947	19.123	-78.2427	188.358	263.534	359.484	4.28029	11	0	66.462	36.5522	-17.6337	-761.49	36.5522	-17.6337	-761.49	
13867	10047	237.153	546.276	236.234	75.6039	76.07	-0.957722	1	1	1	1	1	252.783	164.725	132.216	-83.8909	-564.163	-534.161	253.005	216.52	164.725	133.092	21.7869	-83.8909	-564.294	-546.146	-534.161	6.38425	8	0	63.7715	76.0994	-14.9866	-540.442	76.0994	-14.9866	-540.442	
13867	14607	207.788	447.697	206.793	-99999	50.658	-0.563379	1	1	1	1	1	351.188	201.62	3.44711	-114.849	669.472	591.003	359.149	284.664	208.999	3.44711	-54.1279	-115.588	669.472	625.697	590.688	4.49841	10	0	70.5232	50.6694	-10.8298	633.507	50.6694	-10.8298	633.507	
13867	18262	167.787	505.916	167.771	-99999	71.953	-0.915002	1	1	1	1	0	140.688	90.3079	134.4	-23.7638	504.949	526.516	140.605	114.649	90.2256	134.4	55.1089	-23.7638	504.949	512.854	526.516	5.88172	9	0	205.829	71.9779	4.75837	527.813	71.9779	4.75837	527.813	
13867	17928	197.074	455.629	196.546	-99999	-0.079	-0.765114	1	1	1	1	1	175.854	120.916	133.739	-24.4347	-311.157	-209.105	175.854	146.468	120.747	133.739	53.5526	-24.8448	-311.157	-262.154	-208.833	9.19067	13	0	76.5409	-0.0496554	1.88762	-238.785	-0.0496554	1.88762	-238.785	
13867	19447	330.486	717.493	330.374	-99999	-5.076	-0.529764	1	1	1	1	1	108.828	156.265	133.682	-44.1186	414.689	687.169	108.829	127.597	156.27	133.74	48.3894	-44.1186	414.597	554.783	687.169	4.30956	15	0	74.4229	-5.03978	5.5198	574.196	-5.03978	5.5198	574.196	
13867	10274	224.044	961.688	224.024	-99999	37.466	-0.603214	1	1	1	1	1	279.539	198.917	132.419	-17.7905	692.029	548.704	291.271	250.386	210.649	132.419	58.1753	-17.7905	692.029	620.593	548.704	14.9853	21	0	187.767	37.5014	-27.7946	536.369	37.5014	-27.7946	536.369	
13867	15830	354.678	793.002	354.646	-99999	65.494	-0.495438	1	1	1	1	1	134.703	183.507	131.964	-44.5705	339.661	634.654	134.629	179.615	183.432	131.964	50.8908	-44.5705	339.661	490.718	634.654	5.5426	15	0	67.3829	65.5507	14.9541	351.85	65.5507	14.9541	351.85	
13867	22484	274.168	596.278	272.779	185.536	59.853	-0.864998	0	0	0	0	0	194.57	331.221	132.391	-88.5044	640.253	558.987	194.402	262.327	331.678	132.715	19.6525	-89.3321	640.331	603.447	558.621	4.39427	11	0	71.782	61.4614	-2.0519	837.393	61.4614	-2.0519	837.393	
13867	20214	469.639	1099.43	468.583	-99999	98.073	-0.512326	1	1	1	1	1	234.226	328.729	132.911	-96.5364	-842.386	-444.939	264.759	311.945	359.52	133.277	17.3745	-96.6827	-842.972	-644.296	-444.645	5.13558	8	0	50.9671	98.1001	-45.472	-549.467	98.1001	-45.472	-549.467	
13867	21114	206.82	494.651	198.959	-99999	33.814	-0.528098	1	1	1	0	0	216.531	343.504	132.708	30.9164	740.631	855.038	226.504	292.923	358.633	133.199	80.7875	26.9933	740.132	799.564	858.485	5.80573	6	0	82.6601	33.8522	28.2175	832.64	33.8522	28.2175	832.64	
13867	20687	94.1766	201.447	93.4884	-99999	46.697	-0.92576	1	1	1	0	0	320.534	343.593	133.785	45.683	591.191	612.234	335.115	347.017	358.365	133.896	89.5888	45.1465	591.167	601.723	612.332	4.08772	7	0	52.7494	46.7147	-23.5386	361.255	-4.55528	-50.6018	430.229	
13868	31018	38.017	120.719	36.3349	-99999	32.372	-0.967178	1	1	1	1	1	212.61	204.698	131.613	96.5907	805.117	810.668	217.985	213.885	209.785	133.239	114.934	96.5907	804.806	807.852	810.668	9.67258	6	0	76.9371	32.4021	-24.4558	779.93	32.4021	-24.4558	779.93	
13867	14153	159.225	359.869	157.585	56.6033	56.496	-0.986936	1	1	1	1	1	228.747	188.014	132.771	-16.7241	-67.1411	-52.1888	228.747	209.231	188.185	132.811	55.8322	-18.1463	-67.1441	-64.7382	-51.4918	4.51901	14	0	82.2723	56.5287	0.508556	-56.8426	56.5287	0.508556	-56.8426	
13867	15053	167.928	389.671	166.736	-99999	-40.358	-0.8227	1	1	1	1	1	192.164	165.308	130.942	1.12125	-79.2192	19.8439	192.301	180.787	165.354	131.904	61.3591	1.11424	-79.8932	-36.0588	19.8494	7.81387	15	0	78.6261	-40.3256	6.29904	-21.9314	-40.3256	6.29904	-21.9314	
13867	13512	407.024	905.309	401.865	-99999	-16.202	-0.697886	1	1	1	1	1	136.192	151.842	131.312	-163.284	-298.766	-30.7887	135.435	155.491	151.719	133.643	-11.9566	-164.413	-301.003	-160.425	-29.4232	5.1035	22	0	82.7489	-16.162	-15.3845	-153.76	-16.162	-15.3845	-153.76	
13905	457	244.119	562.503	243.89	-99999	33.442	-0.986656	1	1	1	1	1	129.124	167.053	133.64	-101.012	-138.851	-91.6411	129.086	141.159	166.993	133.64	13.499	-101.224	-138.851	-122.173	-91.5899	10.3072	14	0	111.678	33.4717	-11.1748	-112.767	33.4717	-11.1748	-112.767	
13905	23304	204.303	510.02	202.337	-99999	7.704	-0.946033	1	1	1	1	1	166.732	191.366	132.385	-57.5264	-92.8319	-28.8556	166.439	180.102	191.406	134.004	39.2564	-57.7695	-93.3065	-57.9659	-28.8221	4.46383	7	0	70.1537	7.73116	-4.98518	-48.8753	7.73116	-4.98518	-48.8753	
13905	29495	54.6776	145.873	54.5093	-99999	71.131	-0.916996	1	1	0	0	0	232.606	252.655	132.675	86.3472	-555.85	-574.595	254.825	263.077	274.929	132.826	107.817	86.3472	-555.812	-563.119	-574.595	4.20062	13	0	68.5714	71.1566	38.6332	-580.376	71.1566	38.6332	-580.376	
13905	29698	21.5403	135.505	21.5001	-99999	86.904	-0.675684	1	1	1	1	1	137.883	133.446	133.627	114.63	715.46	710.641	137.783	133.704	133.347	133.627	124.946	114.59	715.46	712.074	710.645	21.739	11	0	128.483	86.9235	-41.7599	655.194	59.6335	46.9641	571.536	
13905	26791	203.508	447.187	201.471	-99999	49.163	-0.991244	1	1	1	1	1	106.402	124.767	131.324	-66.0423	-81.3009	-48.2407	106.188	117.216	124.788	132.737	32.8111	-66.6399	-81.3972	-66.6048	-48.1911	8.02734	10	0	84.4911	49.1785	-6.45924	-58.9739	49.1785	-6.45924	-58.9739	
13905	30177	315.958	681.743	315.447	-99999	4.373	-0.871286	1	1	1	1	1	129.059	149.24	132.091	-102.314	118.71	312.237	129.054	132.995	149.339	132.091	6.77671	-102.615	118.71	200.573	312.532	5.11603	14	0	49.1464	4.40646	-15.4284	225.198	4.40646	-15.4284	225.198	
13905	36173	99.6531	235.301	97.9014	116.256	105.486	-0.369761	1	1	1	1	1	166.1	218.421	133.921	103.628	411.503	336.08	165.626	193.201	218.556	134.33	118.052	103.277	412.407	374.28	335.616	4.4304	20	0	50.9035	105.542	18.5261	191.567	-46.368	17.7438	525.635	
13905	39271	312.285	674.809	311.874	-44.6296	-46.804	-0.555144	1	1	1	1	1	265.66	88.0414	133.417	-7.64532	-700.705	-490.839	265.858	185.746	88.0414	133.643	60.0253	-7.64532	-700.977	-589.191	-490.839	5.08942	7	0	66.6833	-46.7669	6.22796	-547.291	-46.7669	6.22796	-547.291	
13905	35796	344.598	539.463	338.293	-99999	93.75	-0.899267	1	1	1	1	1	68.6234	95.6296	134.258	-168.804	117.417	264.566	68.5162	83.8468	94.67	134.258	-20.2501	-173.329	117.417	192.032	268.812	7.15472	7	0	53.6891	93.7588	-30.4688	199.494	93.7588	-30.4688	199.494	
13905	3544	356.746	792.196	355.678	113.8	112.962	-0.688031	1	1	1	1	1	342.188	192.878	133.709	-53.6506	5.69622	263.351	342.5	264.176	192.735	134.281	25.1568	-53.6828	5.20252	122.476	263.548	5.98496	11	0	77.861	112.993	9.94985	117.239	112.993	9.94985	117.239	
13905	28456	152.102	828.16	144.024	-99999	21.253	-0.848543	1	1	1	1	1	231.044	193.159	132.399	10.5432	403.795	466.896	231.161	209.593	193.978	132.833	68.931	6.5354	403.548	438.541	472.007	6.67233	11	0	32.0795	21.2643	-29.5099	494.697	21.2643	-29.5099	494.697	
13905	8419	283.544	664.903	270.793	35.851	34.8	-0.840718	1	1	1	1	1	305.61	179.677	133.026	-85.0638	-155.727	-69.105	306.458	237.783	173.231	134.383	13.5565	-89.5723	-155.946	-129.221	-61.261	4.44786	11	0	83.2907	34.8363	-3.20017	-123.335	34.8363	-3.20017	-123.335	
13905	13218	117.827	564.219	117.39	-99999	63.015	-0.84352	1	1	1	1	1	244.338	191.049	133.097	35.2727	-599.302	-636.153	264.249	237.358	210.781	133.466	84.6039	35.2727	-599.154	-618.115	-636.153	6.68749	10	0	262.558	63.0512	-24.2527	-648.308	63.0512	-24.2527	-648.308	
13905	11208	311.19	756.544	310.023	-99999	112.412	-0.970961	1	1	1	1	1	189.783	253.334	133.126	-166.335	606.88	567.059	224.984	247.298	289.035	133.126	-18.9969	-167.38	606.88	584.056	566.964	17.1336	8	0	107.206	112.437	-29.7896	581.673	112.437	-29.7896	581.673	
13905	12665	415.277	930.42	414.281	-23.6839	-24.521	-0.73571	1	1	1	1	1	235.915	196.074	132.812	-112.581	-244.597	84.4945	235.947	211.459	196.041	133.223	-0.686645	-112.848	-244.964	-88.3792	84.8175	6.04402	14	0	74.474	-24.4803	-15.6204	-65.743	-24.4803	-15.6204	-65.743	
13905	14065	480.802	1016.31	480.569	-99999	-33.909	-0.683916	1	1	1	1	1	305.491	319.605	133.751	-168.76	-130.438	-502.742	294.871	300.12	308.98	133.76	-16.4959	-168.852	-130.428	-317.534	-502.923	4.0654	16	0	37.4203	-33.8757	-20.1203	-322.485	-33.8757	-20.1203	-322.485	
13905	13535	136.239	366.551	136.113	-99999	44.35	-0.981769	1	1	1	1	0	337.243	345.147	133.789	-0.394717	-259.758	-238.614	351.119	355.097	359.035	133.907	66.7378	-0.394717	-259.78	-249.222	-238.614	5.38088	8	0	69.8783	44.365	-41.4112	-229.152	-18.345	68.4489	-228.376	
13905	16720	263.292	531.316	262.326	-852.747	55.203	-0.869368	1	1	1	1	1	258.539	141.728	133.133	-91.0844	700.996	770.832	258.874	200.425	141.728	133.972	21.5772	-91.0844	700.664	736.333	770.832	6.13027	12	0	40.3269	55.2342	-10.8435	557.453	16.5242	0.00633688	802.974	
13906	1737	265.034	607.622	262.766	48.4987	47.339	-0.813268	1	1	1	1	1	322.044	192.428	131.166	-90.4048	-606.939	-653.103	322.165	256.356	191.013	131.359	19.6677	-91.8395	-606.874	-633.046	-652.901	4.67941	8	0	71.2066	47.3765	0.730291	-629.229	47.3765	0.730291	-629.229	
13905	34711	71.8665	195.487	70.1499	-99999	88.2	-0.835075	1	1	0	0	0	227.896	188.854	133.051	75.3887	256.861	249.987	255.584	235.334	215.915	133.156	103.833	73.9059	256.867	252.81	250.056	6.36059	9	0	74.5037	88.232	18.5304	245.23	88.232	18.5304	245.23	
13905	18656	121.686	273.193	121.144	-99999	42.476	-0.957499	1	1	1	0	0	315.509	345.666	133.597	16.6547	442.632	451.975	328.736	344.242	359.021	133.835	75.1858	16.3688	442.619	447.237	451.976	4.69611	8	0	55.0946	42.5028	-14.8639	476.536	42.5028	-14.8639	476.536	
13905	20182	125.933	328.75	125.293	-99999	-35.705	-0.955311	1	1	1	0	0	158.864	156.242	130.392	9.2011	-799.858	-774.034	158.867	164.694	156.243	130.903	69.5522	9.11464	-800.011	-787.397	-774.008	7.28684	8	0	75.4208	-35.6771	11.6912	-760.64	93.0529	52.2535	-821.04	
13905	24824	201.639	4281.84	201.261	-99999	-16.207	-0.623211	1	1	1	1	1	66.4028	196.534	81.3298	-46.2207	476.29	561.077	66.1719	133.419	196.553	81.5605	19.9912	-46.2207	476.141	519.038	561.077	10.8629	12	0	38.4678	-16.1604	-18.4696	554.869	-16.1604	-18.4696	554.869	
13905	27681	243.366	660.166	243.165	-99999	61.415	-0.528531	1	1	1	1	1	191.939	339.826	128.321	-13.5134	-581.667	-712.522	211.17	285.444	359.168	128.321	58.1752	-13.6405	-581.667	-647.735	-712.63	4.49809	12	0	55.8529	61.4537	1.94768	-681.947	61.4537	1.94768	-681.947	
13905	87	145.786	345.238	145.744	-99999	-43.729	-0.894323	1	1	1	1	1	339.059	266.709	134.097	9.41718	497.045	517.138	325.382	289.513	253.015	134.132	71.8669	9.41718	497.041	508.874	517.138	9.43756	6	0	76.952	-49.1021	-25.6001	489.832	-49.1021	-25.6001	489.832	
13905	29599	607.53	1229.68	606.633	-106.632	57.345	-0.419132	0	0	0	0	0	247.728	174.106	133.685	-100.78	274.335	-276.349	247.668	217.414	174.092	133.985	11.2782	-100.805	274.98	-0.667363	-276.498	4.47453	13	0	37.0262	12.7009	36.8733	-737.857	-48.409	-95.6776	178.208	
13905	28758	244.39	650.429	243.574	-99999	7.301	-0.794842	1	1	1	1	1	300.558	157.75	130.897	-61.99	315.039	344.993	300.618	226.803	157.433	130.985	34.9135	-62.5936	315.01	321.654	345.121	4.9775	9	0	74.4123	7.33053	-11.1967	277.825	7.33053	-11.1967	277.825	
13905	31394	193.298	504.743	192.455	-99999	87.547	-0.968375	1	1	1	1	1	131.244	176.031	132.71	-50.1634	-102.86	-66.4088	130.95	153.969	175.931	133.52	40.9296	-50.1634	-102.937	-88.1588	-66.4088	8.00846	12	0	130.232	90.3564	55.5571	-575.549	90.3564	55.5571	-575.549	
13905	32594	267.263	564.286	266.128	-20.1203	-19.941	-0.910629	1	1	1	1	1	150.722	283.639	133.325	-96.0556	-807.293	-818.491	150.722	212.659	284.253	133.325	15.5617	-97.0028	-807.293	-818.507	-818.493	6.70386	6	0	80.7535	-19.8997	-18.743	-756.297	-19.8997	-18.743	-756.297	
13905	31150	325.207	746.15	325.205	-99999	108.59	-0.706926	1	1	1	1	1	182.578	285.505	132.929	-86.1371	732.107	517.382	216.582	257.623	319.51	132.929	19.1718	-86.1371	732.107	623.628	517.382	4.7616	13	0	74.9322	108.614	-20.8526	575.475	108.614	-20.8526	575.475	
13905	31250	314.855	1499.38	314.216	22.2844	21.828	-0.834353	1	1	1	1	1	242.027	93.8636	132.445	-108.219	674.769	806.162	242.276	178.466	93.8636	132.976	4.93982	-108.219	674.525	739.823	806.162	6.91472	13	0	76.0395	23.4526	-25.0273	290.753	39.3126	-36.4191	391.872	
13905	32120	291.202	625.75	289.711	-99999	-2.019	-0.831178	1	1	1	1	0	354.187	226.578	134.114	-121.447	858.645	867.381	354.142	275.44	225.801	135.004	13.4702	-121.834	858.539	873.273	867.328	5.14185	6	0	85.5356	-1.9965	-2.55922	808.773	-1.9965	-2.55922	808.773	
13905	32420	362.231	1021.07	361.487	46.4091	45.924	-0.825335	1	1	1	1	1	150.435	312.654	132.441	-153.957	657.79	510.347	150.193	228.123	312.676	133.019	-13.2042	-153.98	658.095	585.189	510.329	5.52144	11	0	74.8932	45.9579	-20.8694	569.774	45.9579	-20.8694	569.774	
13905	31009	275.576	564.279	270.267	-38.545	-39.515	-0.725223	1	1	1	1	1	176.709	261.711	134.638	-12.1745	25.6269	-181.489	176.709	217.203	262.42	134.638	57.6324	-12.927	25.6269	-80.6144	-186.392	4.76575	11	0	73.4084	-30.7767	-10.905	-157.409	-30.7767	-10.905	-157.409	
13905	30232	156.049	240.702	140.854	-99999	18.885	-0.915548	1	1	1	0	0	64.989	83.6504	133.813	8.23677	-453.721	-396.747	64.6674	81.6543	83.212	134.855	63.5339	-2.89954	-454.072	-427.523	-390.242	6.21245	8	0	35.0231	14.7254	-33.5594	-354.182	14.7254	-33.5594	-354.182	
13906	8826	243.994	519.352	240.288	-503.41	47.202	-0.951812	0	0	0	0	0	156.479	235.823	133.104	-87.3989	102.875	56.0942	156.209	195.355	235.901	134.141	22.4274	-89.9644	103.065	74.0134	55.6988	6.15597	11	0	82.039	88.8191	-69.5206	-762.929	88.8191	-69.5206	-762.929	
13905	30842	184.737	423.797	184.009	-99999	43.877	-0.936429	1	1	1	1	1	124.318	195.89	132.634	-32.6853	-569.794	-553.473	124.019	155.908	195.84	133.309	46.7381	-32.6853	-569.783	-572.301	-553.473	5.22674	13	0	73.6913	43.9035	6.76431	-565.584	43.9035	6.76431	-565.584	
13905	35048	42.6391	847.238	41.8716	105.041	83.157	-0.442235	1	1	1	1	1	185.356	220.811	133.855	117.245	367.176	352.945	185.144	203.64	221.21	133.978	125.081	117.066	367.253	361.506	352.684	5.28996	13	0	536.074	83.1799	21.5671	333.679	83.1799	21.5671	333.679	
13905	32279	139.436	319.055	138.258	-99999	35.514	-0.820282	1	1	1	1	1	210.132	201.614	128.942	13.0173	56.997	123.999	210.091	192.062	202.055	128.942	72.324	12.0926	56.997	93.1693	124.518	5.43781	12	0	72.2279	35.5459	9.07759	107.162	35.5459	9.07759	107.162	
13905	35237	170.468	405.366	170.45	-99999	110.965	-0.786882	1	1	1	1	1	61.7027	152.307	20.4749	-114.958	-74.9004	-26.7787	61.5677	107.155	152.18	20.4872	-45.7974	-114.958	-74.9056	-46.8308	-26.7787	5.06758	10	0	72.1182	111.002	1.88305	-61.7996	111.002	1.88305	-61.7996	
13905	38126	151.771	429.051	151.266	-99999	-11.195	-0.527654	1	1	1	1	1	64.2642	188.339	38.8472	-43.9611	825.327	850.364	63.856	126.151	188.352	39.1089	-2.36013	-43.9611	825.239	837.786	850.364	14.4022	6	0	143.397	-11.2126	-24.1564	803.107	-11.2126	-24.1564	803.107	
13905	1263	169.263	366.47	168.742	17.2474	15.962	-0.971211	1	1	1	1	1	192.573	249.545	133.104	-23.9134	-297.547	-307.867	192.469	213.797	249.545	133.573	51.9437	-23.9134	-297.589	-299.621	-307.867	5.11985	10	0	75.7392	15.9951	-8.53366	-307.036	15.9951	-8.53366	-307.036	
13905	38	335.555	2700.81	334.986	-99999	10.923	-0.884842	0	0	0	0	0	179.302	165.287	132.015	-166.437	-381.684	-231.047	179.289	174.251	165.258	132.015	-16.8636	-166.806	-381.684	-304.832	-230.875	4.97326	13	0	65.3879	-38.5585	-81.1089	-730.999	-38.5585	-81.1089	-730.999	
13905	1886	95.1202	226.632	91.2777	-99999	85.387	-0.897198	1	1	1	1	1	225.922	184.948	132.48	51.6982	-563.613	-574.225	252.892	231.092	211.101	132.968	91.0186	48.737	-563.552	-568.701	-575.504	5.66614	6	0	44.4581	85.418	-35.2586	-586.627	85.418	-35.2586	-586.627	
13905	3435	254.489	572.446	254.099	-30.6111	-31.954	-0.862859	1	1	1	1	1	273.143	124.655	133.3	-69.8269	-482.448	-490.943	273.168	207.708	124.435	133.345	24.8391	-70.0336	-482.441	-491.648	-490.809	4.25107	10	0	71.8518	-31.9351	-20.4023	-485.622	-31.9351	-20.4023	-485.622	
13905	907	239.901	778.995	239.215	-99999	78.755	-0.948185	1	1	1	1	1	169.473	223.285	132.712	-93.8222	-337.619	-283.168	157.019	184.153	210.955	133.106	19.6212	-94.0814	-337.72	-310.195	-283.136	4.19733	9	0	62.5906	78.7969	-18.1361	-301.181	78.7969	-18.1361	-301.181	
13905	4907	74.5297	228.433	74.0877	-99999	-7.935	-0.91635	1	1	0	0	0	107.194	86.0147	133.471	64.9455	-576.626	-558.938	107.203	97.1176	85.9299	133.471	98.9041	64.5285	-576.626	-567.261	-558.969	16.8841	11	0	108.521	-7.90398	59.6559	-567.943	-7.90398	59.6559	-567.943	
13905	2243	75.1205	216.421	74.9734	-99999	84.128	-0.847073	1	1	1	0	0	204.776	242.861	132.778	69.1191	500.222	504.242	231.082	249.973	269.225	132.843	100.701	69.0993	500.204	503.875	504.239	4.69182	12	0	84.5916	84.1638	3.18246	487.15	84.1638	3.18246	487.15	
13905	5506	251.598	583.256	250.346	-99999	-36.947	-0.985595	0	0	0	0	0	86.3391	74.3857	125.983	-117.488	169.545	203.247	86.3866	82.1141	74.4591	126.101	4.8944	-118.075	169.525	194.929	203.262	39.2505	7	0	185.068	-999999	-999999	-999999	-999999	-999999	-999999	
13905	8906	296.648	756.527	296.221	-99999	88.44	-0.872098	1	1	1	1	1	201.046	326.398	132.229	-130.595	-616.19	-561.896	228.549	291.571	354.092	132.598	1.26606	-130.595	-616.272	-588.376	-561.896	5.92711	6	0	76.1414	88.4725	-48.3681	-557.055	88.4725	-48.3681	-557.055	
13905	5510	234.456	539.63	233.74	30.0497	31.725	-0.831292	1	1	1	1	1	272.794	144.933	133.62	-54.5284	21.6517	71.0266	273.128	207.746	144.933	134.218	41.2203	-54.5284	21.4594	49.6624	71.0266	8.18816	9	0	71.1321	31.7674	-4.18766	52.5666	31.7674	-4.18766	52.5666	
13906	14667	87.5152	232.229	86.3191	-99999	24.356	-0.968994	1	1	0	0	0	275.595	256.097	131.28	48.8985	138.65	122.596	283.42	274.44	263.694	132.36	90.4624	48.8257	138.832	130.105	122.583	5.53018	9	0	79.9557	28.2757	-27.2536	-759.672	81.2357	28.7306	750.968	
13905	5656	170.869	415.137	169.751	-99999	55.303	-0.874892	1	1	1	1	1	132.219	218.921	133.097	-12.034	712.137	726.667	123.181	167.308	210.372	133.747	60.9516	-12.3788	712.07	719.245	726.645	6.68624	6	0	46.8705	55.3428	-20.5901	717.957	55.3428	-20.5901	717.957	
13905	9756	116.649	288.31	116.102	-99999	-32.355	-0.964574	1	1	1	1	0	275.833	232.691	133.398	26.499	196.85	204.424	265.701	247.04	222.304	133.398	78.2655	26.0221	196.85	197.955	204.485	4.72637	6	0	76.1253	-32.328	16.1641	193.503	-32.328	16.1641	193.503	
13905	10880	390.489	813.742	389.368	-99999	97.319	-0.700461	1	1	1	1	1	147.377	85.564	132.555	-160.642	523.978	756.912	147.266	103.102	85.4771	132.555	-19.823	-160.695	523.978	637.676	757.071	4.13013	6	0	38.8274	97.3479	-34.2565	654.231	97.3479	-34.2565	654.231	
13905	16194	36.9936	109.73	36.3352	-99999	-10.168	-0.854801	0	0	0	0	0	148.679	150.077	133.731	103.351	-523.326	-503.947	148.691	149.411	150.107	133.731	118.341	102.75	-523.326	-513.347	-503.754	5.98945	12	0	72.9204	-10.1313	31.4837	-497.4	-10.1313	31.4837	-497.4	
13905	18795	303.001	646.302	302.575	-99999	-21.841	-0.991303	1	1	1	1	1	117.536	168.845	134.199	-160.936	573.061	578.558	117.561	132.513	169.091	134.199	-16.4323	-161.26	573.061	570.3	578.705	4.908	10	0	66.6692	-21.8186	-15.9768	578.559	-21.8186	-15.9768	578.559	
13905	16530	270.299	540.084	269.093	-99999	22.718	-0.963019	1	1	1	1	1	149.333	112.699	133.574	-123.837	-790.114	-725.618	149.307	134.052	112.395	133.574	5.63074	-124.99	-790.114	-749.613	-725.461	4.44206	10	0	75.6117	22.7522	-26.5869	-734	22.7522	-26.5869	-734	
13905	18630	182.796	456.467	182.33	-99999	48.479	-0.915576	0	0	0	0	0	154.411	137.739	132.386	-34.3288	477.914	541.641	154.402	148.208	137.683	132.801	52.0212	-34.3288	477.738	519.915	541.641	5.35186	9	0	89.0721	-999999	-999999	-999999	-999999	-999999	-999999	
13906	13359	356.241	19135.1	343.516	-99999	50.653	-0.385744	1	1	1	1	1	222.288	271.163	134.013	-155.196	-753.638	-579.943	238.149	265.195	289.867	134.013	-14.8993	-165.463	-753.638	-663.542	-573.177	4.4236	8	0	337.06	50.6814	-30.7124	-642.529	50.6814	-30.7124	-642.529	
13905	19599	204.37	518.281	204.121	-99999	-7.137	-0.913656	0	0	0	0	0	73.805	113.939	132.417	-56.0738	197.166	262.449	73.8131	92.3446	113.998	132.417	37.1535	-56.3136	197.166	228.575	262.462	7.82443	7	0	81.1378	-9.21584	-19.9233	577.52	27.5242	-12.8768	343.457	
13905	19190	160.698	377.143	160.692	-99999	19.286	-0.211918	1	1	1	1	1	352.861	226.05	110.865	74.6183	500.744	590.875	358.9	296.223	232.09	110.865	92.8159	74.6183	500.744	547.631	590.875	6.57707	11	0	73.2736	19.3047	2.37045	550.821	19.3047	2.37045	550.821	
13905	20694	322.742	946.01	311.019	-99999	98.119	-0.97993	1	1	1	1	1	134.62	186.721	130.187	-170.32	425.863	486.719	134.073	160.724	188.229	133.485	-22.5958	-178.415	425.337	456.38	487.951	4.84089	14	0	101.931	98.1454	-15.8428	456.788	98.1454	-15.8428	456.788	
13905	23257	98.8551	242.351	97.8545	-99999	76.192	-0.835871	1	1	0	0	0	283.76	334.966	133.185	50.8477	243.324	256.497	307.111	332.99	358.856	133.965	92.3649	50.7955	243.201	249.738	256.504	5.09093	7	0	48.8073	76.1716	35.7609	246.048	76.1716	35.7609	246.048	
13905	21777	268.648	629.965	268.229	-99999	73.989	-0.869858	1	1	1	1	1	187.711	180.522	133.752	-101.84	-367.894	-246.027	187.626	174.996	180.508	133.752	15.8325	-102.088	-367.894	-305.628	-245.766	6.22159	14	0	93.179	81.7636	26.3461	-69.7049	81.7636	26.3461	-69.7049	
13905	22209	190.398	439.881	190.055	-99999	40.306	-0.800595	1	1	1	1	1	198.362	156.097	132.012	-17.7666	-669.716	-561.951	198.404	178.33	156.051	132.282	58.3954	-17.7666	-669.899	-613.493	-561.951	8.48269	12	0	87.1885	40.3266	-0.495653	-584.992	40.3266	-0.495653	-584.992	
13905	23909	207.434	804.738	207.35	80.7816	80.675	-0.761599	1	1	1	1	1	266.265	167.026	128.535	-38.6397	463.344	533.636	266.265	216.091	166.99	128.535	46.8442	-38.7053	463.344	502.695	533.665	4.32308	12	0	73.0397	80.6961	-12.4284	511.517	80.6961	-12.4284	511.517	
13905	29970	239.432	549.786	238.393	44.4404	44.918	-0.84824	1	1	1	1	1	159.311	257.512	132.594	-71.8928	-607.074	-672.937	159.131	217.602	257.726	132.953	36.3877	-72.4657	-606.951	-646.145	-672.905	6.50889	6	0	71.963	44.9472	-10.2304	-643.787	44.9472	-10.2304	-643.787	
13905	25560	209.156	522.606	206.598	-99999	72.344	-0.994546	1	1	1	1	1	82.9297	94.0955	133.381	-72.3861	109.458	117.95	82.8391	90.9514	93.5609	133.55	29.5085	-74.7123	109.443	114.817	118.144	4.66568	8	0	71.2206	72.3571	3.66906	112.118	72.3571	3.66906	112.118	
13905	26890	61.8824	121.154	61.3093	-99999	62.265	-0.950986	1	1	1	0	0	320.032	339.726	134.32	76.2712	45.6092	46.4876	339.53	349.311	359.422	134.32	104.969	75.734	45.6092	45.92	46.5071	4.04215	8	0	44.0797	62.2705	39.4038	41.3811	62.2705	39.4038	41.3811	
13905	31576	274.895	583.164	270.263	-99999	-40.831	-0.95208	1	1	1	1	1	289.693	312.657	130.237	-130.604	2.12056	62.288	276.48	286.047	300.265	132.584	0.489021	-132.623	1.49982	37.7666	62.5499	4.66049	8	0	77.3986	-40.8028	-23.1186	-22.9918	-40.8028	-23.1186	-22.9918	
13905	11729	61.4878	148.394	61.3448	-99999	101.728	-0.971747	1	1	1	1	1	298.682	311.369	134.108	74.7753	808.957	809.266	330.538	336.534	343.272	134.108	104.033	74.6687	808.957	811.081	809.201	4.37517	17	0	56.8337	101.765	-30.2109	263.984	101.765	-30.2109	263.984	
13906	16736	327.616	678.275	327.003	-99999	85.528	-0.933139	1	1	1	1	1	285.221	243.554	133.87	-163.457	807.104	681.855	312.008	302.565	270.337	134.434	-14.2504	-163.457	807.321	739.621	681.855	4.62805	13	0	75.6697	85.5566	0.996258	730.721	85.5566	0.996258	730.721	
13905	31913	293.733	1031.05	293.73	47.0803	45.575	-0.486085	1	1	1	1	1	153.982	324.202	133.549	4.05808	-522.703	-321.422	153.982	238.89	324.202	133.549	68.6355	4.05808	-522.703	-422.018	-321.422	27.9124	6	0	264.746	45.6221	-26.7257	-164.091	72.2421	-33.2165	-234.041	
13905	32607	281.367	693.015	281.145	-99999	53.745	-0.450993	1	1	1	1	1	224.78	339.321	133.03	10.3389	-799.342	-573.846	241.61	299.867	356.239	133.03	70.5599	10.2398	-799.342	-687.569	-573.669	6.85478	7	0	70.913	53.7279	9.03315	-624.92	53.7279	9.03315	-624.92	
13905	22949	308.704	696.894	306.671	-99999	50.987	-0.985236	1	1	1	1	1	162.339	142.22	133.049	-171.586	-277.985	-286.503	162.344	144.025	142.316	133.37	-19.5972	-173.264	-277.991	-282.718	-286.643	8.06724	7	0	41.0161	51.0046	-25.593	-280.725	51.0046	-25.593	-280.725	
13905	33305	218.571	532.764	217.779	-99999	116.009	-0.980371	1	1	1	1	0	170.515	168.377	128.62	-87.8006	-874.492	-863.059	170.354	174.102	168.27	129.095	20.3169	-88.0792	-874.588	-869.522	-863.051	5.29125	11	0	69.9747	116.039	-20.5558	-795.958	116.039	-20.5558	-795.958	
13905	33593	99.822	213.546	99.4728	-99999	38.62	-0.431596	1	1	1	0	0	308.911	347.086	133.504	88.284	518.396	598.333	320.86	339.834	359.18	133.654	111.318	88.284	518.116	558.513	598.333	5.8322	9	0	41.976	38.6078	-71.9655	609.291	38.6078	-71.9655	609.291	
13905	36700	90.3981	223.562	90.3576	-99999	66.068	-0.351413	1	1	0	0	0	305.812	327.722	133.756	93.5631	-668.915	-591.902	326.499	338.96	348.407	133.757	114.908	93.5561	-668.917	-629.835	-591.884	6.80963	10	0	63.8362	66.0987	71.0202	-607.976	66.0987	71.0202	-607.976	
13905	22387	134.5	327.266	134.262	67.1305	66.495	-0.932006	1	1	1	1	1	237.012	192.228	132.538	7.03519	-381.412	-379.664	237.029	211.209	192.247	132.585	70.5584	6.85802	-381.415	-379.919	-379.655	5.2974	9	0	71.076	62.4046	25.558	358.073	83.3646	-19.5138	-775.138	
13905	9175	185.33	443.021	184.69	13.092	13.106	-0.726682	1	1	1	1	1	163.188	295.619	133.28	7.26052	-542.211	-519.371	162.977	231.123	295.788	133.516	71.5478	7.00261	-542.239	-532.81	-519.316	14.3825	6	0	82.6013	13.1368	11.7206	-529.264	13.1368	11.7206	-529.264	
13905	8501	237.767	523.949	237.184	-99999	3.064	-0.89466	1	1	1	1	1	209.877	317.522	128.448	-80.835	-229.204	-210.245	210.732	261.021	318.69	128.668	21.6956	-81.0947	-229.232	-217.001	-210.268	7.10778	6	0	67.8539	3.09714	-19.3218	-217.443	3.09714	-19.3218	-217.443	
13905	7550	197.493	4395.47	194.471	-99999	12.099	-0.666315	1	1	1	1	1	355.489	278.871	113.549	-14.0597	709.128	833.837	359.278	320.273	281.176	113.549	48.5106	-15.2258	709.128	772.365	836.141	216.769	8	0	3995.84	12.1305	-24.9883	782.185	12.1305	-24.9883	782.185	
13905	9750	266.911	612.867	265.461	-99999	14.094	-0.765078	1	1	1	1	1	233.045	315.149	132.951	-66.8168	-725.138	-878.273	237.387	273.694	320.133	133.125	29.5684	-67.686	-725.009	-800.893	-878.907	4.59326	13	0	55.1765	14.1315	-14.0117	-794.989	14.1315	-14.0117	-794.989	
13905	9548	38.6661	130.153	36.7401	-99999	82.719	-0.833253	0	0	0	0	0	307.363	314.822	133.781	101.176	811.658	796.886	333.196	338.028	341.013	133.98	117.11	99.5755	811.779	803.72	796.726	4.43816	15	0	89.1493	46.989	-48.2681	188.129	28.529	67.431	793.388	
13905	24096	324.135	890.636	324.13	-99999	106.948	-0.922136	1	1	1	1	1	241.964	324.92	133.481	-165.731	-382.417	-475.336	275.454	317.221	358.411	133.481	-16.0497	-165.731	-382.417	-428.892	-475.336	4.24471	12	0	80.0935	106.97	-19.1935	-265.782	106.97	-19.1935	-265.782	
13905	15070	349.059	829.56	349.052	-99999	5.909	-0.818348	1	1	1	1	1	168.071	90.6978	133.204	-171.217	160.03	311.073	168.065	126.573	90.6911	133.204	-15.5006	-171.217	160.03	241.169	311.073	7.00934	11	0	67.5094	5.93571	-30.2628	248.735	5.93571	-30.2628	248.735	
13905	16370	196.025	774.172	194.885	-12.7666	-12.513	-0.461483	1	1	1	1	1	358.565	192.072	14.8959	-78.9312	-781.395	-743.434	359.268	275.079	191.804	15.2682	-31.0728	-79.106	-781.544	-762.344	-743.368	4.18723	6	0	100.613	-12.4971	-39.29	-739.365	-12.4971	-39.29	-739.365	
13906	151	274.276	605.518	272.902	-99999	22.291	-0.990774	1	1	1	1	1	175.991	185.503	132.626	-135.311	404.181	442.45	175.871	184.058	185.478	133.94	0.11233	-135.311	404.027	424.603	442.45	5.01159	8	0	64.4571	22.323	-20.8837	423.787	22.323	-20.8837	423.787	
13905	27659	292.298	634.782	286.132	-99999	116.727	-0.855659	1	1	1	0	0	320.149	173.787	125.254	-120.563	883.952	880.465	359.758	284.919	210.233	130.342	4.83276	-120.765	884.021	881.683	880.46	4.00963	9	0	47.9305	116.751	9.4471	794.96	95.1009	26.7865	806.027	
13905	20144	311.483	662.823	308.254	17.2157	17.222	-0.825077	1	1	1	1	1	227.231	191.257	130.843	-98.7387	185.029	385.375	227.242	213.782	191.191	133.319	14.1964	-98.8589	183.325	282.6	385.512	4.13058	12	0	67.9022	17.237	-17.6773	297.271	17.237	-17.6773	297.271	
13905	25896	330.86	879.233	330.608	-99999	-28.558	-0.893332	1	1	1	1	1	143.197	179.612	134.041	-162.258	-205.691	-63.6799	143.214	161.972	179.645	134.26	-13.8144	-162.258	-205.8	-134.503	-63.6799	4.19643	12	0	56.1445	-28.5182	-13.0672	-131.005	-28.5182	-13.0672	-131.005	
13905	27496	181.756	437.747	181.739	-99999	31.141	-0.964163	1	1	1	1	0	72.9747	85.4784	130.135	-50.0102	705.626	699.842	72.9391	84.6497	85.4427	130.135	40.2291	-50.0102	705.626	706.44	699.842	5.40808	8	0	72.9097	31.1534	-2.2835	709.866	31.1534	-2.2835	709.866	
13905	27108	170.852	410.772	169.867	-99999	114.06	-0.967222	1	1	1	1	1	70.8309	115.644	132.99	-29.2768	22.3659	33.4997	70.4873	92.227	115.547	133.856	51.3155	-29.356	22.4442	20.1245	33.5071	7.31064	7	0	89.1732	114.09	20.6475	23.8099	114.09	20.6475	23.8099	
13905	22554	145.072	386.527	144.886	-99999	86.522	-0.666302	1	1	1	1	1	63.4965	166.36	-69.9704	-161.785	755.014	799.416	63.2746	114.29	166.261	-69.8458	-116.526	-161.785	754.957	776.838	799.416	11.7001	9	0	89.4431	86.5605	-72.7989	758.864	86.5605	-72.7989	758.864	
13905	30363	220.294	552.978	218.415	-99999	51.318	-0.934469	1	1	1	1	1	271.905	343.069	132.766	-70.7058	81.7778	116.924	287.691	323.126	359.39	133.584	30.8411	-71.6606	81.6456	99.5368	117.093	4.10471	7	0	75.5894	51.343	-50.1992	113.727	51.343	-50.1992	113.727	
13905	34408	360.488	779.836	287.607	-99999	-2.425	-0.504577	1	1	1	1	1	62.3732	155.855	4.81904	-142.829	-417.923	-189.502	62.3759	120.989	179.935	4.81904	-87.6909	-180.186	-417.923	-274.768	-131.775	4.34849	16	0	69.041	-2.38965	-36.9404	-321.011	-2.38965	-36.9404	-321.011	
13905	36131	166.592	418.361	165.376	-99999	-8.753	-0.937328	1	1	1	1	1	72.9813	119.381	133.332	-19.5267	-592.601	-552.148	72.8396	98.2776	119.716	133.831	57.0426	-20.1219	-592.7	-573.09	-552.098	24.2208	9	0	99.1558	-8.73886	26.194	-565.288	-8.73886	26.194	-565.288	
13905	5867	238.44	557.171	238.166	-99999	77.326	-0.976396	1	1	1	1	1	207.672	150.302	133.117	-96.9483	-306.347	-307.181	207.604	182.113	150.169	133.2	16.7852	-97.1225	-306.347	-307.334	-307.152	4.78747	12	0	82.0916	84.7106	-5.59399	-69.0128	84.7106	-5.59399	-69.0128	
13905	16842	280.756	812.531	234.854	-99999	22.921	-0.848922	1	1	1	1	1	61.703	123.388	-130.23	90.4833	-647.92	-597.086	133.685	98.1657	61.5295	132.903	1.30166	-130.773	-589.387	-618.115	-648.033	5.30941	205	0	812.531	22.9323	3.63884	-606.697	22.9323	3.63884	-606.697	
13906	670	352.127	2344.17	350.849	45.8727	46.41	-0.72912	1	1	1	1	1	309.76	98.406	133.925	-114.368	-176.638	-63.6856	309.76	212.118	97.629	133.925	9.85516	-115.294	-176.638	-98.8455	-63.4559	4.92735	9	0	68.7856	46.4519	-25.3554	-92.4829	46.4519	-25.3554	-92.4829	
13906	4270	361.076	725.349	360.564	-99999	-18.183	-0.645061	1	1	1	1	1	128.799	91.1606	133.642	-102.984	-245.222	21.8651	128.892	113.744	91.1845	133.889	8.30415	-102.99	-245.505	-116.922	21.874	5.51077	14	0	52.0474	-18.1415	-17.6283	-89.5187	-18.1415	-17.6283	-89.5187	
13905	28540	362.908	1273.41	346.745	56.94	55.391	-0.871054	1	1	1	1	1	271.069	168.509	133.105	-159.243	502.245	347.498	271.158	216.914	165.152	133.397	-18.6823	-174.616	502.373	419.621	346.49	4.02021	9	0	41.3971	55.42	-50.991	367.736	55.42	-50.991	367.736	
13905	33612	216.011	1416.55	214.735	59.2254	59.887	-0.855105	1	1	1	1	1	248.753	174.974	132.992	-44.5654	-242.519	-153.36	248.753	222.597	174.046	132.992	40.2562	-45.3972	-242.519	-193.939	-153.121	4.52545	7	0	69.8012	59.9249	-1.02678	-184.019	59.9249	-1.02678	-184.019	
13905	2959	324.138	627.639	323.512	-621.972	55.107	-0.915851	0	0	0	0	0	133.075	276.793	132.889	-143.492	761.665	678.782	132.882	199.73	276.816	133.39	-9.02552	-143.531	761.764	723.733	678.78	13.1374	6	0	71.6593	-36.9403	-14.048	-373.723	-36.9403	-14.048	-373.723	
13905	23488	78.4878	198.308	77.5179	-1156.27	6.247	-0.828861	0	0	0	0	0	189.376	230.389	133.056	73.2414	-772.367	-799.323	189.313	209.504	230.741	133.233	102.91	72.5768	-772.273	-786.713	-799.379	5.18475	9	0	68.0386	110.484	-20.3623	-371.561	110.484	-20.3623	-371.561	
13905	33272	239.461	530.113	238.652	68.9114	67.759	-0.913372	1	1	1	1	1	202.607	299.091	132.062	-81.7039	-674.58	-705.333	202.538	251.905	299.447	132.22	23.4958	-82.1614	-674.578	-679.558	-705.587	4.98783	12	0	69.908	67.779	-12.5241	-705.685	67.779	-12.5241	-705.685	
13905	35486	89.7109	1005.84	87.5203	-99999	-25.429	-0.796899	1	1	1	0	0	256.439	241.038	132.402	55.5797	80.7526	118.57	248.614	239.401	233.023	133.314	95.59	55.1602	80.0685	102.406	118.553	5.12813	6	0	89.8046	-25.4026	24.1126	102.483	-25.4026	24.1126	102.483	
13905	35167	398.347	812.951	397.554	-294.817	-26.119	-0.669551	0	0	0	0	0	258.199	121.314	133.314	-113.534	447.124	723.555	258.367	199.698	121.314	133.849	14.6576	-113.534	446.569	594.829	723.556	5.31958	13	0	75.739	-999999	-999999	-999999	-999999	-999999	-999999	
13905	35252	248.187	617.36	244.233	-99999	61.467	-0.93991	1	1	1	1	1	114.106	101.303	133.652	-90.6791	-312.355	-224.796	114.036	106.06	98.9374	133.652	15.3522	-93.5953	-312.355	-276.094	-226.058	4.85902	10	0	69.1595	61.5031	-15.2964	-262.244	61.5031	-15.2964	-262.244	
13905	35465	37.6736	113.986	37.2752	-99999	4.108	-0.999342	0	0	0	0	0	167.37	166.082	133.162	96.5392	231.654	236.659	167.365	167.209	166.077	133.162	114.849	96.5261	231.654	233.961	236.663	5.72068	9	0	63.0794	4.1364	33.1443	239.64	4.1364	33.1443	239.64	
13905	36165	49.924	150.25	49.9221	-99999	-23.686	-0.209417	0	0	0	0	0	70.2615	97.1998	134.003	124.846	510.28	551.089	70.2886	82.9449	97.2269	134.003	128.475	124.846	510.28	531.048	551.089	6.21159	13	0	85.0316	-17.3012	53.7261	543.258	-17.3012	53.7261	543.258	
13905	24828	245.706	565.764	245.699	-99999	3.737	-0.803487	1	1	1	1	1	119.782	168.924	132.432	-85.6065	-632.701	-535.242	119.777	154.134	168.92	132.432	26.1203	-85.6065	-632.701	-581.79	-535.242	5.49272	8	0	81.092	3.76804	-6.51211	-568.947	3.76804	-6.51211	-568.947	
13905	25120	220.457	467.906	220.027	-99999	96.971	-0.520351	1	1	1	1	1	250.064	185.182	134.09	21.2415	414.41	239.631	280.43	247.799	215.366	134.09	83.0899	21.0615	414.41	324.106	239.403	4.76416	11	0	69.4909	97.0268	3.40145	301.098	97.0268	3.40145	301.098	
13905	29920	52.0934	422.06	51.5178	-99999	-39.194	-0.889987	1	1	1	1	1	311.104	300.127	133.489	86.3792	-634.631	-619.579	298.83	293.839	287.751	133.489	109.94	86.1074	-634.631	-624.712	-619.339	4.60936	8	0	395.964	-39.1812	-5.96302	-579.915	-39.1812	-5.96302	-579.915	
13905	4198	246.556	550.987	242.264	-46.69	-46.493	-0.909745	1	1	1	1	1	199.161	259.789	131.818	-81.4101	-73.2604	-167.974	198.911	221.41	260.398	133.447	22.5664	-83.5402	-72.5624	-121.089	-169.117	4.58394	12	0	62.0348	-46.4768	-18.7749	-140.339	-46.4768	-18.7749	-140.339	
13906	9897	120.217	425.855	116.538	-99999	-0.969	-0.588885	1	1	1	1	1	356.676	265.561	-9.67898	60.8747	3.33381	18.996	262.709	309.483	356.744	62.8699	26.3238	-9.84437	19.4377	11.7043	3.28866	7.8251	202	0	425.855	-0.985772	8.25286	11.624	-0.985772	8.25286	11.624	
13905	32560	99.9721	3574.52	95.3623	-99999	28.43	-0.519632	1	1	1	1	1	128.888	107.28	133.946	53.7447	-852.789	-843.45	129.399	116.513	107.248	134.345	95.8469	53.7447	-853.691	-852.219	-843.45	4.47744	9	0	118.083	28.4597	0.108096	-810.059	28.4597	0.108096	-810.059	
13905	19525	236.355	647.99	235.826	-99999	76.729	-0.54658	1	1	1	1	1	173.345	127.319	133.458	-7.97629	-480.903	-300.39	173.257	143.687	127.203	133.458	64.0315	-8.1893	-480.903	-390.101	-300.081	8.16146	15	0	176.276	76.7683	8.36357	-352.948	76.7683	8.36357	-352.948	
13905	37968	277.99	674.678	275.822	-31.4336	-31.052	-0.646153	1	1	1	1	1	302.326	176.434	132.066	-36.5659	661.125	837.068	302.423	246.091	175.109	132.231	41.3835	-37.5134	660.956	749.633	838.065	4.51242	9	0	133.344	-31.0174	-5.04989	734.28	-31.0174	-5.04989	734.28	
13905	39268	281.639	655.198	281.457	-99999	-22.423	-0.715006	1	1	1	1	1	65.4948	151.232	18.2457	-165.812	267.722	458.916	65.4897	113.7	151.267	18.3086	-80.8119	-165.848	267.668	355.169	458.993	6.56466	13	0	83.0937	-22.3966	-15.1354	310.319	-22.3966	-15.1354	310.319	
13905	37329	193.6	427.493	193.51	-99999	-17.274	-0.894988	1	1	1	1	1	64.7168	117.678	134.129	-40.3989	-113.194	-51.6826	64.7064	97.6682	117.698	134.207	46.8354	-40.3989	-113.217	-87.9981	-51.6826	10.0441	10	0	89.4048	-17.253	2.58075	-72.4349	47.407	23.9313	-114.862	
13905	39391	343.993	1716.44	343.455	15.0662	16.304	-0.718362	1	1	1	1	1	79.962	285.795	133.528	-107.78	86.2181	-44.4912	79.6609	183.069	285.795	133.909	12.4894	-107.78	86.4306	22.1599	-44.4912	4.09476	11	0	69.5233	16.342	-12.5629	8.99258	16.342	-12.5629	8.99258	
13905	32100	211.808	492.05	211.592	-99999	-1.894	-0.884634	1	1	1	1	1	160.281	135.735	133.517	-55.2827	-259.389	-168.498	160.335	141.332	135.737	133.703	39.3349	-55.2827	-259.475	-215.409	-168.498	4.29412	15	0	66.1417	-1.86325	-3.30523	-199.889	-1.86325	-3.30523	-199.889	
13905	33900	322.246	785.349	317.922	-99999	15.423	-0.901591	1	1	1	1	1	253.209	339.373	133.772	-165.28	148.374	127.557	258.039	310.114	344.049	133.772	-17.5018	-167.752	148.374	130.1	127.328	17.1164	9	0	175.565	15.4453	-37.123	126.561	15.4453	-37.123	126.561	
13905	30345	252.631	613.832	251.861	-99999	92.859	-0.955031	1	1	1	1	1	269.47	181.16	133.085	-102.726	-342.672	-338.37	298.771	254.558	210.238	133.82	15.5277	-102.726	-342.668	-340.59	-338.37	4.00931	8	0	44.6281	92.8903	-21.1232	-358.505	92.8903	-21.1232	-358.505	
13905	34345	428.817	916.131	428.257	99.918	99.095	-0.750839	1	1	1	1	1	151.926	217.074	133.251	-170.237	-590.778	-884.701	151.89	191.606	217.074	133.669	-17.9094	-170.237	-590.427	-736.69	-884.701	4.54582	17	0	35.9641	99.1392	-12.113	-686.771	99.1392	-12.113	-686.771	
13905	34645	272.815	626.803	270.559	-99999	55.916	-0.915383	1	1	1	1	1	194.976	103.241	131.574	-98.4901	-682.279	-579.755	194.97	156.649	102.612	131.771	8.13355	-100.414	-682.341	-639.635	-579.431	4.74386	15	0	80.8535	55.9494	-30.9293	-614.755	55.9494	-30.9293	-614.755	
13905	31304	159.634	383.756	158.233	-99999	99.525	-0.958118	1	1	1	1	1	115.173	172.425	133.013	-13.1479	-147.387	-144.895	114.895	136.68	172.624	133.576	56.945	-13.8834	-147.371	-150.072	-144.76	6.73943	7	0	71.3957	99.552	13.3435	-151.604	51.992	54.8234	-150.994	
13905	33852	255.485	536.811	254.137	86.0661	85.347	-0.909921	1	1	1	1	1	201.161	262.799	132.458	-96.0759	876.18	790.695	200.87	243.485	262.79	133.419	19.2276	-96.3416	876.497	838.695	790.599	8.12772	11	0	82.9265	85.3768	-23.2682	780.83	85.3768	-23.2682	780.83	
13905	34831	300.585	700.83	300.578	-99999	30.225	-0.860458	1	1	1	1	1	65.7981	192.369	86.7349	-170.664	235.544	318.081	65.7629	125.713	192.334	86.7363	-39.554	-170.664	235.544	289.419	318.081	5.43802	9	0	70.1367	30.2486	25.956	254.604	-11.6314	-23.9323	216.985	
13905	34754	322.499	748.179	321.944	25.913	26.733	-0.841694	1	1	1	1	1	267.199	84.1131	133.132	-113.343	273.501	362.294	267.233	170.221	83.8813	133.187	9.71063	-113.737	273.486	308.958	362.415	8.94834	9	0	82.138	26.7447	-38.0519	327.614	26.7447	-38.0519	327.614	
13905	36651	296.396	663.438	295.447	-137.447	-3.329	-0.83954	1	1	1	1	1	321.687	182.399	132.934	-112.343	-705.71	-619.953	321.977	250.054	182.28	133.49	12.5103	-112.576	-705.922	-659.788	-619.845	5.59585	13	0	69.5853	-3.29328	-6.47493	-739.95	95.6567	30.4573	-645.708	
13905	36651	251.191	535.254	249.349	-99999	-3.329	-0.807395	1	1	1	1	1	286.846	121.548	133.336	-48.2549	-777.518	-741.355	286.957	207.542	120.682	133.499	37.3193	-49.5747	-777.55	-764.007	-740.926	6.53351	10	0	70.4542	-3.29328	-6.47493	-739.95	-3.29328	-6.47493	-739.95	
13905	38551	307.454	684.102	307.325	70.3549	69.872	-0.63627	1	1	1	1	1	187.627	289.822	132.959	-43.6487	-306.777	-535.082	187.605	229.243	289.822	133.038	40.243	-43.6487	-306.684	-421.814	-535.082	6.87334	13	0	93.8447	69.9153	-12.139	-471.351	69.9153	-12.139	-471.351	
13905	38551	305.433	668.18	305.414	-99999	108.11	-0.861051	1	1	1	1	1	176.748	325.123	126.234	-140.175	280.276	264.538	210.602	284.845	358.985	126.234	-7.07692	-140.19	280.276	274.787	264.537	8.04332	8	0	47.2766	108.145	-46.3683	259.855	108.145	-46.3683	259.855	
13905	35718	250.806	594.509	249.174	28.7581	29.814	-0.979718	1	1	1	1	1	162.317	217.841	132.503	-108.506	-592.057	-614.095	162.075	189.507	217.908	133.776	11.8074	-108.822	-591.962	-600.183	-614.096	6.81154	8	0	122.501	29.852	-15.3416	-584.249	29.852	-15.3416	-584.249	
13905	39898	304.907	684.674	304.552	-99999	55.892	-0.566685	0	0	0	0	0	77.9346	122.781	133.251	-80.221	-435.78	-228.934	77.8308	104.337	122.717	133.443	36.3464	-80.221	-436.06	-321.945	-228.934	6.07327	15	0	90.9428	-999999	-999999	-999999	-999999	-999999	-999999	
13905	27100	139.823	340.913	139.644	-99999	49.751	-0.786639	1	1	1	1	1	82.928	168.819	133.738	26.1139	233.898	254.218	82.8711	123.352	168.867	133.738	78.1295	25.9742	233.898	246.043	254.206	6.42469	6	0	76.1798	49.7798	27.1976	242.651	49.7798	27.1976	242.651	
13906	14914	161.868	3881.17	161.365	61.2177	60.023	-0.776302	1	1	1	1	1	196.176	260.18	133.757	9.10592	795.636	717.322	196.176	230.555	260.424	133.757	72.8612	8.68913	795.636	755.457	717.188	8.09122	9	0	84.7869	60.0702	5.73013	721.197	60.0702	5.73013	721.197	
13905	6824	208.789	467.164	202.057	-99999	-38.865	-0.882482	1	1	1	1	1	193.886	157.902	133.199	-42.2504	-631.651	-547.676	194.026	162.418	159.386	133.413	42.0469	-45.9462	-631.726	-592.696	-542.593	4.61504	12	0	78.0435	-38.8347	-6.46737	-572.44	-38.8347	-6.46737	-572.44	
13905	9224	301.243	689.404	301.146	-99999	-40.12	-0.916801	1	1	1	1	1	267.659	322.489	133.15	-154.623	-607.942	-656.68	255.066	296.56	309.925	133.223	-6.78782	-154.623	-607.925	-643.361	-656.68	6.52544	11	0	39.1306	-40.0813	-28.6363	-639.912	-40.0813	-28.6363	-639.912	
13906	11384	264.669	626.495	264.366	-99999	31.373	-0.945927	1	1	1	1	1	98.8891	162.998	131.982	-108.701	-599.097	-516.274	98.8092	124.211	162.962	132.262	8.49067	-108.701	-599.18	-560.621	-516.274	11.6154	18	0	91.9361	31.4034	-5.87866	-556.788	31.4034	-5.87866	-556.788	
13906	11884	20.825	72.5892	20.3401	-99999	102.069	-0.886103	1	0	0	0	0	318.404	327.108	133.907	115.576	281.116	282.42	350.34	354.829	359.236	133.956	124.602	115.193	281.113	281.836	282.447	6.18387	7	0	70.6952	102.084	37.9622	256.472	102.084	37.9622	256.472	
13906	5524	60.7744	148.646	60.4582	-99999	-13.488	-0.314561	1	1	1	0	0	64.4545	114.998	-47.6139	-65.9822	601.324	628.708	64.3619	90.4082	115.15	-47.5753	-56.0483	-66.0275	601.273	614.358	628.8	4.83101	10	0	62.3335	-13.4587	-44.4527	617.04	-13.4587	-44.4527	617.04	
13906	11552	181.796	375.627	181.611	-99999	79.838	-0.618347	1	1	1	1	1	106.584	90.3656	134.255	26.3256	-17.3442	125.553	106.492	98.8521	90.2743	134.255	82.2963	26.3256	-17.3442	56.6157	125.553	4.14004	8	0	25.4826	79.8692	34.6254	81.381	79.8692	34.6254	81.381	
13906	10518	329.874	867.593	308.583	36.0614	36.677	-0.958223	1	1	1	1	1	196.756	280.054	132.083	-161.548	-778.018	-823.173	196.514	240.757	285.171	133.162	-23.8003	-180.775	-777.81	-802.188	-826.367	4.9566	8	0	70.9424	36.6934	-33.6795	-765.125	36.6934	-33.6795	-765.125	
13906	14361	358.869	723.626	358.826	-99999	3.265	-0.650526	1	1	1	1	1	182.117	150.814	133.441	-114.732	438.756	692.286	182.114	169.648	150.81	133.441	14.1449	-114.732	438.756	570.5	692.286	5.13247	12	0	74.7953	3.28407	-20.9139	598.239	3.28407	-20.9139	598.239	
13906	13350	224.722	522.924	224.508	-99999	50.417	-0.906871	1	1	1	1	1	196.658	292.088	126.911	-58.4487	-97.7957	-174.81	212.445	250.422	308.019	126.911	27.224	-58.5947	-97.7957	-132.975	-174.861	8.31006	8	0	71.862	50.4478	-16.0537	-157.372	50.4478	-16.0537	-157.372	
13906	17466	65.5131	188.238	64.6714	-99999	86.976	-0.965864	0	0	0	0	0	208.661	188.829	129.948	69.2972	-181.495	-177.681	208.605	200.899	188.675	130.243	98.9461	68.774	-181.56	-176.178	-177.761	7.5486	6	0	84.7862	87.0063	22.7203	-170.641	87.0063	22.7203	-170.641	
13906	18366	190.547	462.492	188.26	-99999	14.974	-0.683827	1	1	1	1	1	198.382	134.327	132.595	7.66192	743.921	869.142	198.521	165.67	133.73	132.919	70.5108	6.53408	743.612	807.61	870.434	7.83507	14	0	85.0044	15.0099	-21.1475	394.019	-39.7601	-6.51862	770.187	
13906	21088	221.748	3523.03	221.013	-99999	69.592	-0.81713	1	1	1	1	1	194.098	95.1225	-62.3853	32.7157	-894.899	-724.445	95.0429	143.909	194.201	32.7157	-13.4901	-62.5569	-724.445	-809.575	-895.188	7.02016	551	0	3523.03	69.5763	-0.140371	-746.616	69.5763	-0.140371	-746.616	
13905	24811	158.626	340.742	158.458	-99999	42.07	-0.806271	1	1	1	1	0	112.794	105.58	131.457	7.86366	647.676	739.402	112.749	107.212	105.532	131.479	72.3398	7.86366	647.66	697.048	739.402	7.43045	10	0	60.6412	42.0949	2.14187	475.244	42.0949	2.14187	475.244	
13905	29816	346.323	1179.43	345.089	20.2221	19.191	-0.745335	1	1	1	1	1	287.955	73.9068	133.951	-96.4873	98.9257	236.46	288.282	176.175	73.4353	134.369	19.0558	-96.9327	98.7835	162.087	236.654	6.21317	8	0	72.25	19.2224	-27.0325	180.379	19.2224	-27.0325	180.379	
13906	2158	197.116	441.465	191.388	-99999	57.521	-0.547003	1	1	1	1	1	70.5011	220.023	-1.57196	-112.488	-791.962	-748.974	61.462	138.789	214.732	-1.57196	-58.6499	-115.684	-791.962	-770.19	-747.525	7.52324	9	0	57.0973	57.5597	-38.7233	-754.727	57.5597	-38.7233	-754.727	
13906	4038	347.545	772.815	341.464	96.6071	97.469	-0.862686	1	1	1	1	1	167.825	312.299	129.118	-157.865	-476.123	-588.639	165.735	233.054	312.743	133.456	-16.7035	-158.692	-474.608	-529.803	-589.052	4.45153	14	0	73.5721	97.4886	-39.4801	-542.527	97.4886	-39.4801	-542.527	
13906	3062	366.399	1861.35	366.317	67.4156	66.056	-0.813608	1	1	1	1	1	144.695	259.916	133.749	-157.549	-172.543	-359.528	144.695	211.81	259.932	133.749	-12.1604	-157.608	-172.543	-260.525	-359.553	5.83263	15	0	82.7632	66.0938	-20.1595	-271.547	66.0938	-20.1595	-271.547	
13906	392	272.564	684.223	271.802	88.603	87.309	-0.827184	1	1	1	1	1	240.523	139.667	132.874	-90.6666	-774.031	-658.448	240.609	187.189	139.575	133.121	22.4502	-91.0431	-774.167	-715.481	-658.195	5.42338	15	0	82.1435	87.344	-24.386	-683.664	87.344	-24.386	-683.664	
13906	10142	112.618	212.53	111.825	-99999	6.16	-0.476145	1	1	0	0	0	80.9946	159.536	43.0879	-16.1942	-894.44	-841.847	80.4828	119.561	159.554	43.4336	14.0676	-16.2199	-894.868	-867.001	-841.833	5.13954	9	0	68.2347	6.18939	7.59725	-828.733	6.18939	7.59725	-828.733	
13906	691	136.308	302.902	132.947	-99999	-28.324	-0.634051	1	1	1	0	0	184.889	89.4679	133.611	58.8653	451.269	501.092	184.922	134.607	87.9233	133.611	91.5841	57.2492	451.269	469.176	503.572	4.4697	12	0	67.9752	-28.3062	30.0341	481.399	-28.3062	30.0341	481.399	
13906	99	82.1132	214.084	80.5567	-99999	22.525	-0.924565	1	0	0	0	0	179.518	150.594	133.462	58.9299	835.336	842.981	179.493	163.591	150.214	133.462	95.6925	57.4239	835.336	837.289	843.139	4.55041	11	0	72.3322	22.5593	33.0338	799.696	22.5593	33.0338	799.696	
13905	22323	122.095	309.163	121.687	-99999	55.305	-0.822023	1	1	0	0	0	87.3197	94.0573	132.663	37.2742	-828.596	-756.623	87.2298	91.8307	93.994	132.954	85.138	37.2742	-828.796	-791.454	-756.623	9.64668	17	0	82.6111	55.3334	37.8655	-760.165	55.3334	37.8655	-760.165	
13906	7849	247.659	600.136	247.18	-99999	77.369	-0.95104	1	1	1	1	1	275.051	334.83	133.446	-106.199	242.899	251.461	299.127	330.288	359.057	133.896	14.1819	-106.199	242.863	248.13	251.461	5.02641	9	0	45.3636	77.392	-31.9171	242.389	77.392	-31.9171	242.389	
13906	410	358.473	18057	357.993	65.0263	65.156	-0.837405	1	1	1	1	1	255.402	114.716	132.945	-166.106	-81.2031	55.6479	255.407	185.075	114.572	132.951	-17.563	-166.404	-81.2049	-13.9724	55.9528	9670.67	13	0	16257.2	65.1831	-56.1183	27.3442	65.1831	-56.1183	27.3442	
13906	2295	362.283	837.196	361.876	23.0795	22.765	-0.807887	1	1	1	1	1	299.883	98.5694	132.978	-163.594	-592.148	-631.882	299.883	199.606	98.3813	132.978	-15.9867	-163.943	-592.148	-614.868	-631.828	5.1986	8	0	80.9865	22.7946	-31.0102	-616.308	22.7946	-31.0102	-616.308	
13905	24452	142.731	372.773	142.334	-99999	36.021	-0.924669	1	1	1	1	0	123.632	124.656	133.654	0.377712	-761.285	-712.772	123.628	119.542	124.632	133.899	66.8888	0.259439	-761.383	-737.343	-712.748	5.0951	9	0	95.0249	36.051	20.2623	-727.483	36.051	20.2623	-727.483	
13906	1688	462.611	1089.26	461.781	-99999	65.677	-0.719657	1	1	1	1	1	71.5517	220.323	133.018	-168.622	13.1251	324.722	61.231	118.389	210.419	133.018	-29.1416	-169.068	13.1251	167.74	325.281	5.51128	13	0	76.3755	65.7135	-8.36116	152.687	65.7135	-8.36116	152.687	
13906	2645	334.792	767.07	333.858	72.1375	71.496	-0.803748	1	1	1	1	1	235.654	154.609	132.351	-138.871	175.302	350.863	235.832	191.414	154.609	133.103	0.763341	-138.871	174.785	267.056	350.863	5.40523	13	0	97.762	71.5314	-27.2241	282.222	71.5314	-27.2241	282.222	
13906	1085	179.669	412.589	178.935	-99999	24.848	-0.903202	1	1	1	1	1	200.945	172.302	131.99	-21.5749	-138.981	-54.2757	200.936	179.994	172.13	132.07	54.9457	-22.167	-139.013	-98.2297	-54.0959	6.34532	17	0	86.8124	24.8789	0.10689	-83.9078	24.8789	0.10689	-83.9078	
13906	3685	203.132	458.245	202.079	-99999	91.868	-0.927013	1	1	1	1	0	256.611	330.198	132.056	-54.5096	722.352	747.002	285	321.379	358.966	133.03	38.9699	-54.5096	722.232	734.224	747.002	4.82481	7	0	48.8993	91.8922	-9.78294	687.254	91.8922	-9.78294	687.254	
13906	5402	84.6681	289.212	84.5442	-99999	66.27	-0.758647	1	1	1	1	1	189.669	220.732	133.061	68.6429	519.069	564.011	179.214	194.656	210.318	133.155	101.041	68.6429	519.001	541.852	564.011	4.51833	10	0	114.389	66.3076	-11.3395	593.142	66.3076	-11.3395	593.142	
13906	8219	105.071	240.328	103.147	-99999	-13.077	-0.962095	1	1	1	1	1	64.484	90.0756	-137.506	-40.0345	56.6303	78.5023	90.1845	77.1506	64.1295	-39.6801	-89.3856	-138.972	78.5157	67.7353	56.2672	9.31664	97	0	240.328	-13.0473	-30.7653	82.5266	-13.0473	-30.7653	82.5266	
13906	12316	148.013	363.424	147.858	57.035	56.861	-0.637781	1	1	1	1	0	239.32	183.086	133.208	48.423	-488.254	-382.974	239.32	212.542	183.011	133.208	85.5984	48.3987	-488.254	-438.351	-382.844	9.94134	14	0	90.4122	56.9058	17.2291	-418.451	56.9058	17.2291	-418.451	
13906	12916	149.809	358.044	149.797	-99999	106.094	-0.816293	1	1	1	1	1	235.509	181.702	132.937	14.4495	-290.647	-362.43	268.734	249.096	214.924	132.945	71.5509	14.4495	-290.642	-328.737	-362.43	4.41675	14	0	69.963	106.135	12.5894	-340.176	106.135	12.5894	-340.176	
13905	31281	126.198	305.276	124.987	-99999	3.957	-0.927289	1	1	1	1	0	73.8353	125.762	133.462	25.2402	289.772	323.03	73.4819	95.6102	125.757	134.588	77.9713	25.2402	289.505	306.103	323.03	5.32931	10	0	79.0844	3.97973	24.071	313.55	3.97973	24.071	313.55	
13905	33181	368	884.685	367.706	-99999	47.41	-0.649237	1	1	1	1	1	155.964	93.5656	131.374	-27.7397	-777.203	-453.906	155.91	124.342	93.4515	131.374	39.5538	-27.89	-777.203	-621.215	-453.664	5.65084	16	0	84.8415	47.4436	3.07704	-566.66	47.4436	3.07704	-566.66	
13906	14486	376.165	3606.11	365.838	85.3888	85.374	-0.82657	1	1	1	1	1	120.482	229.251	133.755	-169.23	-150.446	22.6316	120.482	176.907	230.84	133.755	-21.6209	-179.195	-150.446	-60.8851	21.2691	4.85132	6	0	196.542	85.4099	-15.7703	-58.6722	85.4099	-15.7703	-58.6722	
13906	352	143.742	364.596	143.71	-99999	76.31	-0.931039	1	1	1	0	0	130.93	85.7813	133.109	5.64759	444.418	480.37	130.843	114.634	85.694	133.109	64.079	5.64759	444.418	455.512	480.37	4.68091	14	0	75.973	76.3372	23.9754	467.925	76.3372	23.9754	467.925	
13906	974	43.6632	131.752	37.3022	-99999	90.76	-0.715312	1	1	1	1	1	290.971	282.278	133.345	102.97	-4.7041	12.8248	319.392	315.581	306.748	133.345	115.221	99.804	-4.7041	5.65578	16.4564	16.1312	9	0	96.6986	90.7955	-6.44522	59.14	90.7955	-6.44522	59.14	
13906	682	316.908	715.908	316.081	-99999	-29.301	-0.879795	1	1	1	1	1	103.02	113.826	133.72	-162.865	-199.079	-100.892	103.054	107.966	113.728	133.72	-18.6631	-163.575	-199.079	-160.524	-100.619	4.27054	10	0	67.4537	-29.2836	-11.6609	-152.896	-29.2836	-11.6609	-152.896	
13906	682	162.37	361.964	161.511	-99999	41.949	-0.387726	1	1	1	1	1	222.22	345.961	-31.5535	38.8727	-894.606	-818.393	359.75	297.465	235.356	39.2046	4.11164	-31.5535	-817.948	-856.395	-894.606	6.23918	322	0	361.964	34.5264	-24.3259	-526.733	-9.51362	-3.8952	-771.153	
13905	24616	349.231	738.833	346.257	77.353	76.833	-0.893218	1	1	1	1	1	276.793	122.515	132.744	-170.978	86.7037	140.886	277.133	195.683	121.542	133.516	-16.9619	-172.839	86.5294	120.164	141.021	4.71802	9	0	67.9344	76.87	-32.7869	125.26	76.87	-32.7869	125.26	
13906	8379	326.558	705.698	322.588	33.0429	33.274	-0.814728	1	1	1	1	1	162.891	236.526	131.289	-105.326	-551.514	-755.585	162.519	198.283	236.717	133.718	6.8686	-106.007	-549.824	-645.565	-756.184	5.31348	13	0	72.5489	33.3109	-14.3417	-648.21	33.3109	-14.3417	-648.21	
13906	17979	147.057	326.113	145.249	-99999	46.817	-0.946046	1	1	1	1	1	171.16	156.232	131.93	-0.878277	-523.926	-468.463	171.158	168.191	155.995	132.705	64.5055	-1.7755	-524.186	-497.1	-468.102	4.21285	14	0	75.5323	46.8412	5.22502	-482.135	46.8412	5.22502	-482.135	
13905	22839	298.86	692.251	296.746	-99999	13.601	-0.656937	1	1	1	1	1	272.607	330.553	132.53	-54.2242	-689.468	-470.533	276.479	305.781	334.961	133.691	35.3832	-54.2485	-690.741	-582.145	-470.231	5.36079	10	0	73.2271	13.6308	-7.15584	-560	13.6308	-7.15584	-560	
13906	18941	129.373	465.504	127.81	-99999	-21.869	-0.432118	1	1	1	1	1	294.946	323.409	133.597	75.8985	692.641	803.005	287.729	302.532	316.683	133.976	104.314	75.6671	691.914	747.416	803.611	5.39824	12	0	186.003	-21.8166	38.4915	797.109	-21.8166	38.4915	797.109	
13906	17600	149.443	317.024	145.291	111.337	114.045	-0.819277	1	1	1	1	0	147.403	228.106	131.627	12.7198	316.25	297.456	145.419	189.975	228.362	134.478	75.0591	12.1318	316.586	308.581	297.355	4.40776	10	0	62.4124	114.088	8.86104	307.537	114.088	8.86104	307.537	
13906	15813	329.857	855.466	329.854	-99999	90.406	-0.773346	1	1	1	1	1	189.565	330.861	127.837	-142.815	325.82	201.871	217.876	290.133	359.171	127.837	-5.99212	-142.815	325.82	262.757	201.871	7.72022	14	0	45.0959	90.4404	-50.6171	244.98	31.0604	14.7846	282.209	
13906	19413	104.827	231.529	103.597	-99999	52.071	-0.912944	1	1	0	0	0	301.228	341.028	133.655	38.1067	-842.909	-838.774	317.447	337.595	357.716	133.843	85.4969	37.1687	-842.916	-840.994	-838.638	6.33383	6	0	49.0053	52.1036	29.7914	-827.088	52.1036	29.7914	-827.088	
13906	19085	446.557	997.381	444.892	-99999	92.3	-0.507167	1	1	1	1	1	189.885	328.146	129.224	-165.153	319.701	18.3392	218.76	287.322	357.9	129.255	-17.0785	-166.367	319.746	166.278	17.7392	5.62472	11	0	84.0514	99.1048	-58.4871	-464.094	84.6848	-54.4956	403.315	
13906	20954	282.551	650.899	280.933	89.9352	89.597	-0.496035	1	1	1	1	1	82.1445	267.61	133.947	2.06892	688.476	523.862	81.4329	174.944	267.92	134.526	67.9531	1.92504	689.192	606.856	523.566	4.80863	12	0	67.355	89.5819	-0.420836	510.767	89.5819	-0.420836	510.767	
13906	20468	352.73	1979.76	349.127	43.5978	39.425	-0.706364	1	1	1	1	1	62.4548	307.534	76.4999	-168.779	-297.76	-337.611	59.9147	183.96	307.534	79.0364	-44.5028	-168.779	-297.556	-318.734	-337.611	13.1175	6	0	1125.14	39.4642	-40.6009	-323.817	39.4642	-40.6009	-323.817	
13906	20279	186.103	454.247	185.885	-99999	116.986	-0.965071	0	0	0	0	0	128.294	137.617	130.46	-51.2496	-599.294	-564.513	128.16	132.111	137.524	130.46	39.1401	-51.4352	-599.294	-583.548	-564.463	4.80212	10	0	67.0549	88.7532	-69.0873	-432.18	88.7532	-69.0873	-432.18	
13906	21384	54.9068	169.926	46.032	-99999	11.644	-0.473492	1	1	1	1	1	238.964	272.404	134.29	111.538	-161.264	-139.479	242.61	263.076	281.094	134.29	120.757	106.814	-161.264	-149.01	-133.925	4.02188	7	0	106.85	11.6718	31.9149	-111.923	11.6718	31.9149	-111.923	
13905	2980	210.943	536.616	210.777	-99999	11.38	-0.755536	1	1	1	1	1	149.23	120.472	117.6	-49.0797	-888.348	-764.176	149.217	136.302	120.434	117.6	35.2087	-49.2281	-888.348	-823.972	-764.132	4.28245	12	0	72.7756	11.4038	-5.87336	-774.067	11.4038	-5.87336	-774.067	
13906	1035	306.252	722.395	305.797	-99999	112.01	-0.970008	1	1	1	1	1	78.794	154.064	133.363	-152.816	-548.788	-474.394	78.6023	111.234	153.936	133.801	-10.9892	-152.816	-548.875	-511.515	-474.394	5.45045	12	0	75.6173	112.03	-13.0048	-508.416	112.03	-13.0048	-508.416	
13906	2053	169.486	374.135	168.361	97.0225	95.918	-0.881936	1	1	1	1	1	178.423	253.795	133.333	-5.45842	195.107	140.228	178.423	210.734	254.585	133.333	60.0869	-6.17247	195.107	167.357	139.871	4.74828	9	0	71.6975	95.9495	5.34824	156.203	95.9495	5.34824	156.203	
13906	4930	206.3	479.539	203.777	-44.8668	-45.209	-0.899673	1	1	1	1	1	196.39	265.891	132.156	-48.6195	-532.307	-593.487	196.018	234.351	266.24	133.407	44.7037	-49.5937	-531.84	-567.508	-593.927	29.2869	15	0	94.7991	-45.1813	-9.8281	-579.196	-45.1813	-9.8281	-579.196	
13906	521	35.1072	96.3215	34.1763	-99999	93.732	-0.948326	1	1	1	1	1	221.872	225.379	132.189	99.9745	-133.902	-123.099	207.107	208.932	210.654	132.946	116.504	99.852	-134.149	-128.298	-123.05	6.118	15	0	63.8639	93.7752	-30.6547	-64.688	6.81516	-13.7859	-115.254	
13906	5499	297.597	718.455	297.014	-40.7347	-41.27	-0.833738	1	1	1	1	1	126.358	291.765	133.377	-110.844	549.284	563.666	126.123	213.945	291.816	133.736	14.3498	-110.977	549.269	560.881	563.651	5.13924	9	0	102.715	-41.2312	-15.0294	560.25	-41.2312	-15.0294	560.25	
13905	3945	319.424	816.593	294.372	-99999	27.126	-0.98358	1	1	1	1	1	317.634	267.79	132.561	-157.496	-727.587	-726.561	326.474	298.454	272.504	134.45	-22.7235	-180.301	-727.564	-727.281	-726.594	4.25861	6	0	49.7512	27.1558	-9.5609	-723.862	27.1558	-9.5609	-723.862	
13905	39376	169.734	447.842	168.773	-99999	66.84	-0.588161	1	1	1	1	1	284.463	338.239	133.405	33.1286	-685.927	-561.286	305.261	332.264	359.36	133.636	83.0915	32.7978	-686.216	-623.622	-560.866	4.01013	6	0	49.6377	66.8695	37.3721	-582.954	66.8695	37.3721	-582.954	
13906	5192	272.748	584.383	271.741	-99999	-1.976	-0.969973	1	1	1	1	1	105.627	126.663	132.284	-128.492	-156.061	-105.72	105.628	107.365	126.666	132.397	1.31215	-128.492	-156.09	-127.487	-105.72	4.50926	10	0	73.7177	-1.95543	-11.8564	-126.802	-1.95543	-11.8564	-126.802	
13905	1475	314.904	717.455	312.821	98.5054	98.024	-0.992408	1	1	1	1	1	215.203	95.0661	133.763	-144.62	736.775	690.752	215.203	175.249	93.9633	133.763	-17.6046	-146.374	736.775	723.588	690.716	4.00675	6	0	65.2456	98.0599	-42.4606	707.346	98.0599	-42.4606	707.346	
13905	2775	87.2271	204.098	86.0679	-99999	50.908	-0.877563	1	1	1	1	1	233.315	202.188	132.82	58.9302	761.851	730.594	241.722	225.681	210.188	133.839	96.4291	58.9302	762.222	746.57	730.594	4.72715	14	0	58.2638	50.9394	-35.7004	676.8	50.9394	-35.7004	676.8	
13906	10704	115.244	271.32	114.427	-99999	25.1	-0.873744	1	1	1	1	0	149.991	197.065	133.207	36.5734	299.805	335.218	149.884	177.1	197.12	133.364	84.3876	36.0506	299.767	313.167	335.572	5.24949	18	0	80.7595	25.1448	11.6375	316.095	25.1448	11.6375	316.095	
13906	18524	66.6116	151.481	66.6112	-99999	11.181	-0.785952	1	1	1	1	1	355.661	315.09	-10.972	40.9219	181.566	191.266	318.592	338.557	359.162	40.9219	14.8733	-10.972	191.266	185.607	181.566	5.47635	116	0	151.481	11.1665	-7.30944	179.036	11.1665	-7.30944	179.036	
13905	6664	163.784	357.213	163.663	-99999	77.226	-0.705245	1	1	1	1	1	261.232	200.047	133.296	28.3634	-94.5256	14.595	273.315	243.864	212.094	133.378	78.417	28.3634	-94.6005	-41.7193	14.595	6.27391	6	0	69.629	77.2642	21.0204	-29.5655	77.2642	21.0204	-29.5655	
13906	17508	249.266	540.074	246.592	-41.7574	-41.396	-0.939226	1	1	1	1	1	255.937	172.765	132.234	-96.2383	691.809	723.779	256.262	216.885	172.087	133.458	17.6199	-97.4234	691.515	714.959	723.829	4.66683	6	0	73.2978	-41.361	-19.0898	704.689	-41.361	-19.0898	704.689	
13906	18465	249.104	563.712	246.401	165.642	31.792	-0.941259	0	0	0	0	0	180.19	225.626	133.289	-97.0411	555.539	483.281	180.174	208.35	226.243	133.422	19.0279	-99.4808	555.584	515.464	482.876	4.31067	13	0	75.6062	-13.4634	28.5274	831.747	-13.4634	28.5274	831.747	
13906	20049	273.319	616.657	273.121	-99999	51.339	-0.962942	1	1	1	1	1	288.338	342.991	133.862	-132.639	35.7872	59.5271	304.359	331.66	359.067	134.048	0.761755	-132.639	35.7776	48.3743	59.5271	5.04638	9	0	62.2684	51.3475	-25.6887	43.2679	51.3475	-25.6887	43.2679	
13906	22221	174.409	390.605	174.373	13.2891	12.779	-0.865655	1	1	1	1	1	229.518	146.437	133.266	-15.3578	-336.385	-367.7	229.53	181.631	146.437	133.291	62.4018	-15.3578	-336.378	-352.963	-367.7	6.6934	7	0	66.1951	12.8181	-0.654594	-360.409	12.8181	-0.654594	-360.409	
13905	9730	80.6	201.467	79.6601	-99999	57.14	-0.959799	1	1	1	1	0	320.231	341.224	130.838	54.2454	-49.063	-42.9922	337.872	348.649	359.117	131.74	93.0459	54.2454	-49.1401	-45.88	-42.9922	7.8536	8	0	62.0061	57.1556	31.7701	-45.5264	57.1556	31.7701	-45.5264	
13906	4419	275.9	657.199	274.153	-99999	109.111	-0.654159	1	1	1	1	1	180.652	324.869	133.706	-81.168	-188.782	-278.943	214.212	286.838	359.427	134.238	26.0262	-81.8872	-188.525	-233.435	-279.306	7.03146	14	0	67.2455	109.138	-42.4553	-77.9498	17.0276	-18.2579	-225.232	
13905	36775	238.706	3596.18	237.621	-99999	39.622	-0.726691	1	1	1	1	1	185.165	87.7649	132.335	-42.1463	-99.0988	29.3707	185.516	136.817	87.6964	133.077	45.4827	-42.1952	-99.677	-34.9154	29.401	343.255	11	0	2973.17	39.6536	-42.2315	75.6244	39.6536	-42.2315	75.6244	
13906	1842	23.7894	81.7276	22.6221	-99999	54.364	-0.898208	0	0	0	0	0	277.164	279.497	132.438	113.025	-352.608	-363.892	294.057	295.53	296.622	132.993	122.619	112.609	-352.397	-357.961	-364.228	6.35081	16	0	73.6045	110.511	-10.6589	748.055	110.511	-10.6589	748.055	
13905	6651	23.7191	82.5776	22.903	-99999	109.998	-0.952246	1	1	1	1	1	183.444	181.346	133.127	111.597	-122.185	-129.658	217.996	216.585	215.791	133.906	122.721	111.597	-121.976	-125.627	-129.658	8.1831	8	0	74.0785	110.018	-24.2711	-69.7144	110.018	-24.2711	-69.7144	
13905	8651	225.306	518.833	224.292	-99999	-24.018	-0.817729	1	1	1	1	1	65.7263	156.936	50.2843	-136.043	565.567	643.719	65.7537	119.754	156.868	50.2843	-39.8621	-136.983	565.567	606.03	644.036	8.06913	16	0	86.1534	-23.9866	5.77771	593.046	-23.9866	5.77771	593.046	
13906	1398	295.11	680.738	293.97	73.558	73.585	-0.65372	1	1	1	1	1	134.694	279.247	133.412	-68.5121	-484.019	-640.164	134.546	205.517	279.743	133.622	32.9262	-69.0227	-483.831	-564.744	-640.541	6.23543	11	0	73.7648	73.6143	-10.4106	-578.128	73.6143	-10.4106	-578.128	
13906	8803	246.533	516.577	243.74	59.4076	54.313	-0.926872	1	1	1	1	1	165.586	237.125	132.282	-85.199	60.4996	-12.1276	165.36	191.672	237.609	133.877	19.3275	-85.9324	61.103	24.1333	-12.099	5.53454	6	0	72.6255	54.3415	-11.1086	17.7403	54.3415	-11.1086	17.7403	
13906	9406	308.302	615.35	305.495	41.8244	40.464	-0.931732	1	1	1	1	1	189.342	240.891	131.8	-157.416	48.8934	-27.4744	189.119	218.109	241.547	133.041	-9.77476	-158.702	49.3208	-0.639198	-27.6048	4.11933	10	0	66.4447	40.4935	-23.0708	-1.63126	40.4935	-23.0708	-1.63126	
13906	7276	44.0756	126.906	43.673	-99999	-37.888	-0.745064	0	0	0	0	0	112.573	117.603	133.008	99.9708	-428.679	-400.892	112.599	116.267	117.617	133.084	116.504	99.7389	-428.736	-414.75	-400.75	5.08997	14	0	70.8558	-37.8546	44.8646	-661.266	13.6954	23.7612	-476.902	
13906	9708	344.194	832.395	328.347	-99999	-30.402	-0.849322	1	1	1	1	1	83.8928	170.117	132.229	-160.627	444.096	534.733	83.825	134.49	170.015	132.479	-22.69	-163.684	443.956	497.974	548.803	24.045	6	0	194.087	-30.3725	-7.46655	491.458	-30.3725	-7.46655	491.458	
13906	6394	82.2557	347.457	82.0329	-99999	19.864	-0.602734	1	1	1	1	1	125.9	158.484	133.243	88.8125	37.574	98.1381	125.877	142.101	158.55	133.243	109.648	88.7255	37.574	67.0894	98.3221	14.0348	14	0	131.494	19.91	-32.5959	254.112	51.75	21.6812	252.02	
13906	10599	297.654	669.04	297.617	48.474	48.406	-0.829733	1	1	1	1	1	164.403	295.533	133.68	-103.676	883.022	767.09	164.403	232.461	295.547	133.68	11.0355	-103.697	883.022	833.499	767.07	5.77952	12	0	77.603	48.4504	-26.9123	774.924	48.4504	-26.9123	774.924	
13906	13239	205.044	435.327	199.972	-99999	22.203	-0.997037	1	1	1	1	1	269.738	257.796	133.278	-63.7939	640.181	657.214	276.691	264.99	265.453	133.278	31.5702	-68.5715	640.181	643.827	657.731	4.15899	12	0	82.9639	22.2307	-14.2221	640.94	22.2307	-14.2221	640.94	
13906	11724	120.542	316.019	119.549	-99999	24.796	-0.954497	1	1	0	0	0	130.721	147.305	130.615	15.202	840.57	864.345	130.695	135.587	147.306	131.469	73.0391	15.1224	840.311	853.361	864.346	6.10364	7	0	77.05	24.8312	25.3808	812.227	24.8312	25.3808	812.227	
13905	38072	183.629	414.006	181.798	-99999	54.079	-0.993953	1	1	1	1	0	309.472	301.688	132.985	-47.7396	-332.967	-316.464	326.393	321.001	318.604	133.76	42.5276	-48.7561	-333.053	-324.878	-316.35	4.09349	7	0	83.4048	58.8215	49.5788	-346.444	58.8215	49.5788	-346.444	
13906	13325	305.433	594.171	304.936	-99999	-35.86	-0.989885	1	1	1	1	1	257.25	279.107	132.708	-168.367	875.903	855.161	245.977	250.984	267.878	133.052	-16.9658	-168.367	875.936	858.202	855.161	10.7105	8	0	79.2548	-35.8346	-28.1714	799.327	-35.8346	-28.1714	799.327	
13906	14230	171.102	1649.77	169.04	21.8887	21.199	-0.766968	1	1	1	1	1	160.744	243.706	133.486	6.77773	-282.473	-356.936	160.744	204.037	244.687	133.486	68.9577	5.34191	-282.473	-318.197	-358.039	5.67782	11	0	79.0776	21.2147	8.0623	-333.292	21.2147	8.0623	-333.292	
13906	1197	104.63	245.183	103.626	-99999	79.386	-0.975469	0	0	0	0	0	278.303	293.575	134.04	35.4878	-329.624	-356.792	303.162	310.544	318.6	134.04	83.7848	34.5348	-329.624	-341.603	-357.043	4.3205	12	0	66.0964	-999999	-999999	-999999	-999999	-999999	-999999	
13906	16667	85.225	188.76	76.2103	-99999	-26.843	-0.986502	0	0	0	0	0	151.868	143.762	133.536	58.5759	-749.189	-739.576	151.959	146.545	143.209	133.907	91.9218	50.3537	-749.219	-744.586	-737.284	5.0143	13	0	69.2389	60.809	-12.196	651.697	60.809	-12.196	651.697	
13906	17038	149.004	555.049	147.762	-99999	30.46	-0.875594	1	1	1	1	1	132.881	205.084	133.656	5.88574	-455.579	-438.463	132.347	168.802	205.128	134.594	70.206	5.734	-455.701	-447.048	-438.444	19.4482	8	0	73.1447	30.4982	-23.0198	-432.104	30.4982	-23.0198	-432.104	
13906	16340	37.0641	99.8441	31.7474	-99999	2.388	-0.598058	0	0	0	0	0	185.031	195.341	131.538	116.613	-283.524	-258.739	183.916	187.547	195.42	134.616	124.484	116.596	-287.342	-272.531	-258.706	6.21803	14	0	61.3022	-999999	-999999	-999999	-999999	-999999	-999999	
13906	17991	202.746	5653.37	202.227	-99999	55.222	-0.737765	1	1	1	1	1	125.14	117.749	105.51	-41.8714	-893.119	-756.507	125.121	121.485	117.685	105.874	28.2552	-41.8714	-893.453	-828.507	-756.507	49.4032	8	0	1434.71	55.244	-42.6095	-736.878	55.244	-42.6095	-736.878	
13906	19360	94.0446	219.046	93.7887	-99999	86.536	-0.541199	1	1	1	1	1	180.43	119.948	132.973	81.55	-768.446	-718.851	180.504	149.825	119.849	133.11	108.191	81.55	-768.573	-743.116	-718.851	4.32692	10	0	57.4173	86.566	28.1318	-679.653	86.566	28.1318	-679.653	
13906	17030	325.456	731.29	324.008	13.0975	12.049	-0.865587	1	1	1	1	1	233.242	92.0687	132.715	-146.676	-219.346	-149.906	233.536	151.787	92.0156	133.262	-5.50308	-147.403	-219.433	-196.938	-149.537	6.2987	15	0	76.5446	12.0854	-23.1198	-189.102	12.0854	-23.1198	-189.102	
13905	23999	167.044	397.928	166.671	-99999	82.429	-0.994169	1	1	1	1	0	81.7481	81.481	132.819	-31.9618	99.8874	114.116	81.6538	75.0197	81.4377	132.819	49.8056	-32.3164	99.8874	104.276	114.126	4.11106	7	0	76.0662	82.4382	12.6566	111.811	82.4382	12.6566	111.811	
13906	15621	241.023	547.205	240.398	-32.2732	-34.197	-0.699703	1	1	1	1	1	145.527	295.581	133.335	-49.744	175.543	164.507	145.396	230.151	295.691	133.463	47.9809	-50.1338	175.533	177.753	164.347	6.40336	12	0	74.1259	-34.1678	-6.31196	168.974	-34.1678	-6.31196	168.974	
13905	8674	241.459	565.448	239.595	60.4052	59.947	-0.982237	1	1	1	1	1	179.949	232.775	132.566	-97.7368	-690.066	-657.765	179.838	201.69	233.12	133.428	15.7	-98.6379	-690.186	-675.021	-657.906	6.95523	10	0	96.398	59.9842	-17.0966	-657.761	59.9842	-17.0966	-657.761	
13906	784	230.869	593.962	228.585	-99999	-27.529	-0.99504	0	0	0	0	0	157.365	174.742	131.27	-70.7932	-669.292	-565.191	157.239	166.067	174.773	133.537	30.5578	-70.7932	-669.424	-619.545	-565.191	4.50469	10	0	54.701	-16.1382	39.0566	-276.854	-16.1382	39.0566	-276.854	
13905	6880	306	760.304	305.993	-99999	100.686	-0.988408	1	1	1	1	1	277.645	327.335	133.687	-167.172	-602.397	-577.587	309.175	333.951	358.864	133.687	-16.7031	-167.172	-602.397	-589.222	-577.587	5.89847	10	0	89.974	100.689	-26.9855	-571.096	100.689	-26.9855	-571.096	
13906	9375	191.548	502.297	191.227	-99999	114.832	-0.884586	1	1	1	1	0	119.927	91.6853	133.646	-44.2707	-338.508	-279.808	119.856	101.823	91.5538	133.897	46.5582	-44.2711	-338.636	-303.981	-279.808	5.69827	8	0	78.9524	114.858	0.986648	-295.14	114.858	0.986648	-295.14	
13905	5931	185.475	382.368	184.332	-99999	-41.663	-0.677449	1	1	1	1	1	151.687	178.153	133.407	8.1545	290.018	419.241	151.605	171.887	178.175	133.772	69.5725	7.84075	289.643	353.336	419.726	5.11998	15	0	76.3766	-41.6398	8.15784	374.598	-41.6398	8.15784	374.598	
13906	8647	206.72	524.014	205.81	-99999	114.597	-0.541025	1	1	1	1	1	228.4	81.0554	127.723	4.96051	288.169	362.748	210.392	136.641	62.4281	127.723	66.0367	4.40238	288.169	326.048	363.11	5.60282	12	0	78.4508	114.623	3.58659	348.18	114.623	3.58659	348.18	
13906	10358	206.351	518.311	205.175	73.1997	72.963	-0.929895	1	1	1	1	1	191.441	234.956	132.303	-59.5837	-500.857	-554.767	191.266	208.427	234.956	133.393	36.5254	-59.5837	-500.467	-531.127	-554.767	15.304	13	0	123.865	73.0009	-14.7664	-538.313	73.0009	-14.7664	-538.313	
13906	11756	69.4386	233.513	69.2622	-99999	67.354	-0.944045	1	1	1	0	0	162.392	155.379	133.238	66.8016	-31.4372	-16.3299	162.314	158.067	155.302	133.238	99.7944	66.8016	-31.4372	-24.1459	-16.3299	4.14355	21	0	144.246	67.3809	29.8584	-19.4266	67.3809	29.8584	-19.4266	
13906	10896	329.596	770.273	329.117	-99999	9.105	-0.921622	1	1	1	1	1	108.498	179.038	133.289	-162.717	582.484	703.459	108.371	152.741	179.028	133.726	-15.2122	-162.717	582.345	637.092	703.459	5.38721	14	0	71.4218	9.14072	-12.9685	638.909	9.14072	-12.9685	638.909	
13906	12696	107.086	258.041	105.405	115.779	114.213	-0.97386	1	1	1	1	1	206.201	219.039	132.275	28.2517	529.369	528.323	206.049	215.379	218.931	132.954	80.5117	27.2834	529.406	525.52	528.328	6.39966	8	0	78.0529	104.986	-15.9136	723.144	104.986	-15.9136	723.144	
13906	10590	129.392	285.984	129.202	78.1087	79.625	-0.662109	1	1	1	1	1	218.223	148.043	132.138	58.7314	-565.606	-643.296	218.301	181.23	148.035	132.246	93.8576	58.7218	-565.519	-601.951	-643.313	4.60224	8	0	73.2816	79.6642	29.4783	-613.209	79.6642	29.4783	-613.209	
13906	11991	106.603	277.656	105.888	-99999	57.894	-0.886526	1	1	1	1	1	148.25	193.627	133.263	40.4426	-520.37	-499.045	147.974	173.214	193.613	133.691	87.6165	40.2239	-520.432	-511.699	-498.998	6.31787	11	0	70.9534	57.9052	17.7681	-512.809	57.9052	17.7681	-512.809	
13906	16551	323.564	580.411	224.962	-99999	61.905	-0.978838	1	1	1	1	1	262.588	222.95	133.082	-84.9987	-638.276	-676.516	282.105	252.939	226.543	134.113	-22.6382	-179.86	-638.121	-665.431	-692.632	4.95844	10	0	106.692	61.921	-32.838	-656.986	61.921	-32.838	-656.986	
13905	39748	111.028	307.649	110.478	-99999	8.862	-0.982499	1	1	1	1	0	278.636	261.904	131.159	23.5393	-437.647	-435.39	281.416	273.163	264.682	131.195	76.5089	23.3543	-437.651	-433.217	-435.458	6.66678	11	0	84.0296	8.89239	19.3509	-434.81	8.89239	19.3509	-434.81	
13906	17643	115.425	316.251	114.203	-99999	110.463	-0.874753	1	1	1	1	1	192.428	141.915	133.359	32.9112	-188.411	-168.667	192.302	167.012	141.215	133.359	82.5848	31.8353	-188.411	-177.795	-168.625	8.43852	9	0	105.916	110.67	-75.0695	-666.255	110.67	-75.0695	-666.255	
13906	18043	153.763	415.156	140.951	-99999	9.697	-0.29783	1	1	1	1	1	67.4046	186.665	-94.2422	-136.457	-364.513	-302.404	68.9173	133.868	198.813	-94.2422	-117.328	-141.139	-364.513	-330.48	-297.013	5.40088	18	0	98.0817	5.26216	-50.3238	191.695	-44.7678	24.2267	-529.415	
13906	17839	166.804	410.482	164.269	27.06	26.95	-0.725771	1	1	1	1	1	155.238	266.665	132.062	19.5155	-557.966	-598.648	154.062	211.293	267.226	133.341	74.5001	19.081	-557.727	-571.979	-598.961	6.00799	12	0	97.5382	26.9827	10.0228	-579.615	26.9827	10.0228	-579.615	
13906	16398	201.25	447.415	193.565	70.3327	70.044	-0.936921	1	1	1	1	1	237.081	173.686	131.973	-46.341	693.178	724.732	237.493	205.904	170.429	133.316	40.9992	-51.621	692.89	716.981	724.029	5.43336	7	0	63.4716	70.077	-14.3349	708.703	70.077	-14.3349	708.703	
13906	17157	175.526	1334.56	175.359	-99999	-39.685	-0.592218	1	1	1	1	1	244.995	222.892	133.039	40.5202	-418.887	-272.178	232.568	221.385	210.446	133.039	84.4387	40.4738	-418.887	-346.688	-272.028	47.169	8	0	910.629	-39.6415	-15.8565	-197.882	-39.6415	-15.8565	-197.882	
13906	22287	368.423	1495.16	367.967	-99999	4.454	-0.839514	1	1	1	1	1	304.348	176.626	134.095	-170.541	545.486	707.391	304.348	240.806	176.528	134.095	-18.7032	-170.929	545.486	626.392	707.546	17.6456	11	0	192.374	4.48151	-26.4814	626.04	4.48151	-26.4814	626.04	
13906	21491	139.298	328.891	137.73	-14.4702	-15.311	-0.917087	1	1	1	1	1	230.136	157.857	132.916	16.9206	-148.345	-150.396	230.61	198.516	157.602	134.062	72.3108	16.7257	-148.307	-150.114	-150.377	12.9326	7	0	78.2696	-15.2726	10.4057	-151.499	-15.2726	10.4057	-151.499	
13905	20592	173.994	400.643	173.875	-99999	113.987	-0.879139	1	1	1	1	1	72.9052	123.948	133.509	-28.7169	25.1913	56.976	72.7504	100.228	123.818	133.617	54.1955	-28.7169	25.1578	47.1586	56.976	5.24346	8	0	74.4092	114.03	2.38103	358.816	46.5801	-0.3356	10.6028	
13906	20214	300.916	685.717	300.913	-99999	56.147	-0.743096	1	1	1	1	1	143.903	87.9701	132.375	-83.8853	-593.294	-392.992	143.838	119.147	87.9058	132.375	19.4088	-83.8853	-593.294	-497.354	-392.992	5.84265	14	0	60.6939	56.1799	-17.4478	-466.429	56.1799	-17.4478	-466.429	
13906	21031	242.1	577.768	241.487	-99999	15.51	-0.708651	1	1	1	1	1	125.825	118.515	132.854	-46.2089	533.541	691.773	125.887	116.286	118.497	133.279	45.4645	-46.2089	533.126	615.594	691.773	7.5632	11	0	76.721	15.5437	3.90257	637.652	15.5437	3.90257	637.652	
13906	13503	254.671	731.95	253.693	-99999	60.478	-0.874779	1	1	1	1	1	153.704	220.047	132.56	-83.9611	-788.998	-675.375	144.15	177.087	210.681	132.77	23.5316	-84.3908	-789.102	-732.627	-674.798	4.20971	19	0	64.6826	60.5215	-17.0518	-699.733	60.5215	-17.0518	-699.733	
13906	4160	287.282	634.817	285	-99999	-6.984	-0.832558	1	1	1	1	1	222.345	185.137	130.354	-95.2683	-858.407	-690.213	222.385	201.319	184.914	130.627	15.1824	-96.841	-858.584	-776.32	-689.263	4.62334	19	0	80.471	-6.946	-1.84476	-579.45	-6.946	-1.84476	-579.45	
13906	11022	141.267	49733.4	126.827	-99999	-27.389	-0.963059	1	1	1	1	1	330.224	329.645	132.9	21.0475	-102.933	-48.2204	321.647	320.307	323.756	132.9	71.6061	17.4496	-102.933	-68.3383	-39.1506	39.8196	20	0	49649.5	-29.3757	4.7485	-279.142	-29.3757	4.7485	-279.142	
13906	14888	148.785	337.73	147.432	-99999	109.471	-0.916757	1	1	1	1	1	237.769	176.318	132.748	-0.52307	-124.472	-110.413	272.45	241.569	210.473	133.708	66.4256	-0.802724	-124.566	-117.266	-110.39	6.26684	6	0	61.0552	109.506	-24.0613	-102.414	109.506	-24.0613	-102.414	
13906	17684	184.857	408.237	183.392	-99999	30.547	-0.969366	1	1	1	1	1	152.568	193.284	133.302	-44.6259	3.05885	10.569	152.355	177.142	193.437	134.03	45.0201	-45.3034	3.05908	4.25294	10.676	5.01037	13	0	77.2932	30.538	-0.399098	6.29379	30.538	-0.399098	6.29379	
13906	19625	271.811	489.657	271.431	-99999	49.328	-0.909946	1	1	1	1	1	183.177	165.589	133.162	-119.643	-246.859	-163.803	183.121	176.22	165.549	133.162	9.71043	-119.945	-246.859	-190.7	-163.708	4.77349	12	0	40.0625	49.3611	-12.6674	-190.474	49.3611	-12.6674	-190.474	
13906	8731	118.056	329.17	116.871	-886.564	-8.587	-0.448179	0	0	0	0	0	249.738	147.259	133.806	89.8138	46.2489	81.134	250.712	199.225	147.259	134.352	111.528	89.8138	45.8571	63.4749	81.134	6.08696	10	0	51.3836	12.228	-21.8243	-783.129	12.228	-21.8243	-783.129	
13906	20073	98.4131	237.937	98.4045	66.4997	66.919	-0.571421	1	1	0	0	0	234.225	201.645	133.961	94.9823	23.4178	-59.3967	234.225	221.077	201.645	133.961	108.94	94.9823	23.4178	-16.7941	-59.3967	7.45548	8	0	78.946	66.9701	33.6468	-28.7858	66.9701	33.6468	-28.7858	
13906	10863	91.2345	240.837	89.7369	-99999	20.083	-0.960611	1	1	0	0	0	173.995	176.955	133.409	75.5406	612.8	671.791	177.117	183.364	180.026	133.6	102.273	75.54	612.776	637.835	672.189	17.9206	20	0	102.862	29.753	-92.959	-660.146	29.753	-92.959	-660.146	
13906	17081	265.888	669.173	265.731	-99999	88.573	-0.625118	1	1	1	1	1	186.923	331.411	132.749	-40.1579	296.654	155.898	214.659	287.384	359.227	132.749	47.5664	-40.2657	296.654	225.07	155.818	4.67648	13	0	41.0605	88.6166	-11.2728	190.49	88.6166	-11.2728	190.49	
13906	17681	191.951	461.792	190.408	-99999	83.665	-0.910494	1	1	0	0	0	120.917	77.6717	134.044	-46.1735	825.02	864.876	120.821	93.9585	77.3122	134.044	43.8771	-47.6863	825.02	843.364	864.812	5.37827	11	0	75.8493	87.5646	-25.0216	832.908	-34.4154	24.7643	781.849	
13906	19027	115.11	933683	114.538	-99999	26.384	-0.99323	0	0	0	0	0	307.838	296.086	132.685	19.8734	-212.896	-215.059	316.16	308.544	304.348	133.153	76.1702	19.8734	-212.899	-211.407	-215.059	34.4355	15	0	933497	31.4729	-49.5776	811.386	31.4729	-49.5776	811.386	
13906	16059	21.3558	109.485	19.5946	-99999	75.87	-0.948027	0	0	0	0	0	294.448	296.3	132.488	113.972	367.196	365.669	318.138	321.466	318.995	132.712	122.658	112.971	367.229	365.995	365.594	5.03524	16	0	109.485	74.2197	-30.1684	-222.737	90.0897	62.2499	-227.134	
13906	6936	363.763	933.676	363.63	-99999	74.581	-0.780909	1	1	1	1	1	201.484	335.535	133.028	-162.213	197.349	32.8662	224.78	291.415	358.89	133.129	-14.0267	-162.213	197.409	113.869	32.8662	4.13575	14	0	83.7851	74.6128	-45.1952	91.8246	74.6128	-45.1952	91.8246	
13905	11367	176.966	427.834	153.974	-99999	46.375	-0.9891	1	1	1	1	1	237.74	240.952	133.111	-11.0585	299.323	337.796	252.262	252.949	255.616	133.111	50.3867	-30.9304	299.323	324.491	333.796	21.2696	8	0	103.83	46.4016	-31.1197	224.215	46.4016	-31.1197	224.215	
13905	11567	176.782	419.731	175.521	-99999	-37.242	-0.991435	1	1	1	1	1	264.805	297.569	132.58	-36.3391	-304.013	-272.31	253.066	268.243	285.955	133.176	47.0514	-36.9825	-303.985	-291.852	-272.295	5.66787	6	0	83.6399	-37.2094	-5.10237	-291.592	-37.2094	-5.10237	-291.592	
13906	20437	58.0652	188.485	57.2241	-99999	39.846	-0.946142	1	1	1	1	1	217.058	198.086	132.453	78.556	142.159	145.193	229.727	220.198	210.489	133.02	105.638	78.3279	142.13	143.617	145.215	4.92386	7	0	61.9073	39.8727	-29.2328	160.412	39.8727	-29.2328	160.412	
13906	21697	383.459	911.472	375.839	112.915	113.671	-0.862043	1	1	1	1	1	127.291	329.384	134.573	-169.58	467.294	555.5	127.291	227.407	333.523	134.573	-22.5608	-175.657	467.294	512.196	557.465	4.42348	8	0	71.0277	113.716	-27.8158	525.114	113.716	-27.8158	525.114	
13905	12285	23.5313	79.5732	23.0894	-99999	101.896	-0.843252	0	0	0	0	0	293.851	283.673	133.505	114.215	14.4774	7.12822	325.951	320.217	315.582	133.885	124.17	114.215	14.5863	11.2681	7.12822	6.46992	7	0	65.9874	-40.863	-72.7472	474.019	-40.863	-72.7472	474.019	
13905	17177	126.858	13548.3	119.21	-351.277	-30.983	-0.734489	1	1	0	0	0	261.445	202.819	129.075	40.9761	-498.559	-445.426	264.14	229.334	202.042	132.803	86.1132	39.2205	-500.608	-475.569	-443.662	5.91444	17	0	74.3676	-30.9543	58.289	-582.839	-30.9543	58.289	-582.839	
13905	525	67.0997	192.368	67.0384	-99999	7.006	-0.773993	1	0	0	0	0	347.859	331.898	133.612	78.3942	-440.922	-474.562	350.06	343.749	334.092	133.64	106.951	78.3942	-440.901	-460.148	-474.562	8.33532	10	0	73.8832	7.04069	48.6362	-452.733	7.04069	48.6362	-452.733	
13906	10580	20.2162	67.2511	19.756	-99999	55.165	-0.626974	1	0	0	0	0	329.583	341.823	133.207	120.798	-515.371	-524.667	346.566	352.847	359.098	133.495	127.106	120.798	-515.161	-519.84	-524.667	4.55654	13	0	67.2511	52.7007	-1.09913	329.638	102.191	-35.8157	202.72	
13905	18880	43.6439	127.956	42.0624	-99999	-34.253	-0.916446	0	0	0	0	0	248.026	254.533	132.096	95.4813	-309.497	-291.101	237.119	240.386	243.919	132.783	112.553	94.9064	-309.748	-302.313	-290.554	4.2052	6	0	64.8581	-36.5516	14.5214	-632.628	-36.5516	14.5214	-632.628	
13905	1395	311.318	719.007	309.968	108.722	108.42	-0.878614	1	1	1	1	1	156.875	265.807	132.226	-126.065	-157.736	-283.275	156.532	199.526	265.807	133.41	-5.43617	-126.065	-157.199	-212.749	-283.275	5.6086	12	0	71.6128	108.439	-20.887	-230.622	108.439	-20.887	-230.622	
13905	3406	304.468	659.898	303.565	-99999	50.573	-0.968757	1	1	1	1	1	121.83	90.5211	132.257	-167.885	736.581	723.535	121.962	97.0935	90.4633	133.081	-16.3308	-167.885	736.672	723.976	723.535	8.74644	7	0	112.489	50.599	-36.0597	731.869	50.599	-36.0597	731.869	
13905	4597	176.783	337.05	171.917	-99999	57.964	-0.981935	1	1	1	1	1	173.33	169.669	130.568	-35.6488	201.185	197.73	173.382	171.154	169.603	132.72	47.0658	-35.6488	200.771	200.236	197.73	5.86954	10	0	42.0132	57.9862	0.544545	203.756	57.9862	0.544545	203.756	
13905	199	396.154	1132.17	396.057	-99999	39.103	-0.675343	1	1	1	1	1	157.161	114.023	129.534	-117.912	220.003	520.557	157.124	131.333	113.978	129.585	-3.36046	-117.912	219.948	364.073	520.557	4.45006	15	0	287.969	39.1414	-22.5977	387.973	39.1414	-22.5977	387.973	
13905	6279	117.997	272.95	116.362	-67.2134	84.647	-0.856536	0	0	0	0	0	199.962	269.063	132.715	52.315	750.406	706.197	199.877	230.087	269.97	132.873	88.0095	51.6219	750.445	727.469	705.314	4.60651	9	0	76.817	98.5932	-23.6901	-842.965	-2.23676	-84.7464	321.798	
13905	14394	219.225	513.262	218.597	59.2349	59.288	-0.845198	1	1	1	1	1	290.776	172.739	133.195	-40.2061	731.934	779.85	291.094	236.203	172.739	133.721	40.0398	-40.2061	731.852	746.601	779.85	4.98261	12	0	94.0308	59.3114	-2.82939	739.876	59.3114	-2.82939	739.876	
13905	12253	202.344	477.48	201.782	-99999	49.466	-0.967487	1	1	1	1	0	136.955	182.035	130.677	-63.6885	858.849	883.863	136.793	159.939	181.979	131.198	33.5485	-63.6885	858.754	869.818	883.863	4.52862	19	0	96.2193	49.4913	-1.41882	807.869	49.4913	-1.41882	807.869	
13905	14053	268.777	599.53	268.674	-99999	6.542	-0.904352	1	1	1	1	1	87.376	204.208	133.564	-99.7144	679.457	740.204	87.3362	142.199	204.2	133.655	15.3156	-99.7144	679.431	711.502	740.204	7.34032	7	0	90.564	6.56669	-7.62473	709.37	-26.7333	-4.03366	712.87	
13905	10606	230.964	439.897	229.964	-99999	45.407	-0.809599	1	1	1	1	1	153.52	176.022	132.815	-36.2712	-347.774	-198.182	153.397	163.494	175.971	133.563	47.5086	-36.2712	-348.31	-272.977	-198.182	6.47986	13	0	74.1184	45.433	1.26854	-251.392	45.433	1.26854	-251.392	
13905	11517	170.838	393.396	170.379	18.1947	17.701	-0.919342	1	1	1	1	1	156.041	220.887	133.163	-23.4427	349.677	335.716	156.011	189.808	220.971	133.235	55.1777	-23.8058	349.676	342.867	335.661	4.94161	10	0	69.6382	17.7373	-0.969823	344.224	17.7373	-0.969823	344.224	
13905	19028	240.044	495.62	238.39	-431.154	43.431	-0.666292	0	0	0	0	0	179.19	323.749	133.226	-13.0175	646.603	529.886	178.237	256.839	323.749	134.336	69.1985	-13.0175	647.363	584.706	529.886	4.3301	12	0	67.6534	8.36906	49.05	-822.999	-15.4209	51.4704	-175.694	
13905	12297	196.613	462.288	194.547	-99999	108.524	-0.611155	1	1	1	1	1	194.518	310.731	131.839	11.2993	-591.185	-492.241	228.162	286.694	345.648	132.172	70.5029	10.5808	-591.455	-542.116	-491.286	7.1071	7	0	53.6559	108.56	5.83413	-504.104	108.56	5.83413	-504.104	
13905	19876	184.992	519.278	178.471	-99999	-10.253	-0.257714	1	1	1	1	1	358.199	216.466	29.0925	-15.5198	46.8309	145.658	356.728	283.172	209.944	29.1375	5.82802	-16.7786	46.7354	97.7329	149.466	4.50659	6	0	74.5303	-10.2802	-24.8705	166.794	-10.2802	-24.8705	166.794	
13905	19075	326.329	688.501	313.158	-99999	7.947	-0.970685	1	1	1	1	0	302.513	341.916	133.922	-169.606	-753.218	-819.263	304.979	325.117	345.976	134.064	-24.3656	-182.04	-753.188	-786.527	-822.548	5.43216	9	0	47.191	7.96877	-32.1344	-778.532	7.96877	-32.1344	-778.532	
13905	22251	238.434	534.336	238.426	-99999	-44.769	-0.908152	0	0	0	0	0	165.235	118.886	133.894	-75.2387	537.469	641.216	165.286	141.157	118.937	133.894	29.1982	-75.2387	537.469	588.807	641.216	5.66667	6	0	39.8832	-44.7362	34.613	261.54	-44.7362	34.613	261.54	
13905	20448	314.34	663.348	313.468	-37.6259	-35.879	-0.770272	1	1	1	1	1	82.2404	280.88	133.848	-107.009	-371.75	-362.325	81.7606	183.814	280.949	134.436	15.0883	-107.086	-371.702	-376.381	-362.316	5.57077	6	0	73.2995	-35.8317	-11.9585	-370.996	-35.8317	-11.9585	-370.996	
13905	27249	111.476	274.239	109.884	-99999	-18.56	-0.842798	1	1	0	0	0	282.618	336.474	133.353	40.2161	-449.259	-429.599	276.806	304.093	331.172	133.353	86.6279	38.7109	-449.259	-436.035	-429.576	5.85971	7	0	79.4107	-18.5391	39.6084	-433.267	-18.5391	39.6084	-433.267	
13905	3596	236.061	506.303	233.615	-39.7381	-38.918	-0.929558	1	1	1	1	1	167.065	224.188	131.626	-87.7862	-630.384	-682.19	166.822	197.086	224.186	133.771	24.6853	-87.855	-629.563	-662.197	-682.201	6.08394	12	0	67.7907	-38.8716	-11.2996	-655.202	-38.8716	-11.2996	-655.202	
13905	1194	207.783	461.086	206.821	-99999	-7.232	-0.72399	1	1	1	1	1	63.4225	196.083	82.0887	-73.9675	827.018	830.046	63.2287	133.513	196.477	82.3027	6.53582	-74.4712	827.055	818.312	830.225	5.77492	9	0	72.9509	-7.20708	55.3501	813.263	-7.20708	55.3501	813.263	
13906	15672	241.997	557.058	239.663	-99999	9.108	-0.942932	1	1	1	1	1	115.264	183.407	133.187	-92.0613	-669.648	-629.939	114.948	146.155	183.376	134.358	21.0346	-93.1096	-669.908	-641.387	-629.64	4.63836	14	0	74.8977	9.14151	-4.71064	-634.998	9.14151	-4.71064	-634.998	
13905	1485	31.7971	118.72	31.1397	-99999	23.245	-0.889381	0	0	0	0	0	169.217	185.188	133.83	108.49	-677.042	-669.121	172.62	179.824	188.814	134.418	120.838	108.49	-677.21	-673.222	-669.121	6.29286	9	0	85.9999	83.9445	-22.5573	2.44049	83.9445	-22.5573	2.44049	
13905	1714	288.272	628.659	286.174	59.403	58.645	-0.972593	1	1	1	1	1	202.889	300.634	132.152	-132.053	-380.59	-353.741	202.6	241.03	301.218	133.446	-5.17978	-132.542	-380.603	-373.713	-353.722	9.844	7	0	80.0189	58.6687	-33.0731	-388.969	58.6687	-33.0731	-388.969	
13905	4423	244.644	797.415	242.285	-99999	38.641	-0.855573	1	1	1	1	1	84.5162	216.021	133.52	-68.993	213.829	233.574	77.7429	144.181	210.464	134.705	32.4828	-69.8204	213.716	223.605	233.608	4.42822	7	0	61.865	38.6729	-18.0952	226.371	38.6729	-18.0952	226.371	
13906	15290	244.98	538.263	242.943	66.303	64.454	-0.943595	1	1	1	1	1	142.608	227.059	132.94	-92.9708	-148.458	-127.155	142.377	183.38	227.404	133.677	19.3317	-94.1668	-148.566	-133.367	-127.265	4.75659	10	0	77.5443	64.487	-8.37831	-134.962	64.487	-8.37831	-134.962	
13906	16090	333.148	1044.74	326.433	-99999	115.304	-0.777206	1	1	1	1	1	236.888	175.456	133.391	-90.1671	476.225	705.833	273.085	241.566	210.227	133.984	19.7651	-94.6619	475.764	592.764	709.403	4.42968	6	0	116.286	115.345	-26.4301	638.612	115.345	-26.4301	638.612	
13905	15909	295.358	690.296	293.008	-99999	20.374	-0.943749	1	1	1	1	1	128.801	94.5576	132.12	-137.262	385.657	490.192	128.953	106.598	94.0831	133.001	-4.80922	-138.455	385.401	433.221	490.736	4.07771	9	0	71.1145	20.4112	-15.1119	438.561	20.4112	-15.1119	438.561	
13905	22333	148.933	351.242	147.243	-99999	-12.102	-0.811389	1	1	1	1	0	154.301	90.2271	132.481	12.5181	-743.033	-687.984	154.631	123.488	89.7116	133.012	70.1917	11.8464	-743.258	-718.284	-687.407	5.78719	12	0	72.4566	-12.0807	25.005	-705.952	-12.0807	25.005	-705.952	
13905	22753	162.844	325.795	162.77	-99999	16.019	-0.550556	1	1	1	1	1	186.04	164.485	131.874	52.0756	166.462	305.031	186.034	172.277	164.466	131.908	87.2472	52.0756	166.411	232.881	305.031	10.8041	12	0	63.9973	16.0621	19.2467	257.733	16.0621	19.2467	257.733	
13905	20926	155.112	254.551	151.184	-1135.19	76.146	-0.966857	0	0	0	0	0	204.455	230.091	132.049	-14.7531	348.411	336.128	204.342	224.261	230.553	132.555	58.1601	-18.0654	348.481	344.309	335.94	28.4309	8	0	82.157	78.2648	19.2139	763.503	-18.6052	-34.5425	143.855	
13905	28437	124.92	311.435	124.299	-99999	95.911	-0.699014	0	0	0	0	0	158.053	178.812	132.117	38.5581	-627.288	-549.067	157.854	173.281	178.72	132.45	86.8897	38.4565	-627.62	-587.846	-548.973	8.97628	15	0	54.5169	105.599	-81.7741	-644.663	105.599	-81.7741	-644.663	
13905	25778	46.5326	140.06	45.9045	-99999	94.859	-0.918805	0	0	0	0	0	106.025	96.4493	134.076	90.1258	315.419	323.757	105.916	100.924	96.2123	134.076	112.089	89.5259	315.419	321.012	323.706	6.40393	7	0	79.4451	94.8735	44.0672	334.458	94.8735	44.0672	334.458	
13905	28001	300.773	682.047	300.633	-99999	49.435	-0.959621	1	1	1	1	1	207.974	138.986	133.081	-155.278	646.904	690.697	207.917	165.918	138.89	133.081	-8.81869	-155.405	646.904	673.292	690.724	5.49235	10	0	68.9233	49.4691	-31.747	673.505	49.4691	-31.747	673.505	
13905	25110	175.399	493.287	171.976	-99999	12.467	-0.982822	1	1	1	1	1	180.784	195.328	133.091	-36.4419	-662.577	-640.898	180.77	190.484	195.13	133.091	46.7917	-39.7717	-662.577	-650.636	-640.232	5.0749	11	0	154.289	12.4965	-3.19688	-639.926	12.4965	-3.19688	-639.926	
13905	22010	180.051	427.487	179.918	47.0789	45.521	-0.944379	1	1	1	1	1	187.634	265.297	133.131	-27.8985	-172.476	-177.545	187.634	223.049	265.344	133.131	50.5044	-28.014	-172.476	-169.725	-177.563	4.61392	8	0	85.9553	45.5535	-1.82951	-173.22	45.5535	-1.82951	-173.22	
13905	39314	190.709	1052	187.252	-99999	58.365	-0.571245	1	1	1	1	1	214.671	283.344	132.361	23.8847	-293.186	-156.894	232.507	267.329	302.51	132.971	77.5253	22.5649	-293.949	-224.637	-155.119	32.1917	12	0	594.177	58.4081	-12.9261	-161.203	58.4081	-12.9261	-161.203	
13905	37342	338.625	874.66	338.397	-99999	50.673	-0.826445	1	1	1	1	1	207.489	97.9774	133.192	-142.073	-146.938	16.226	207.431	153.23	97.8312	133.192	-5.56298	-142.224	-146.938	-66.5021	16.3597	4.56664	14	0	89.3454	50.7054	-40.8228	-40.8153	50.7054	-40.8228	-40.8153	
13905	39642	121.74	310.282	120.174	-99999	81.749	-0.925704	1	1	1	1	0	151.118	163.413	133.267	22.8401	-205.723	-160.191	151.027	156.347	163.362	133.584	77.3831	21.7055	-205.853	-183.125	-159.746	5.67728	15	0	77.944	81.7829	23.5978	-173.888	81.7829	23.5978	-173.888	
13905	38293	381.094	982.962	379.986	29.6348	30.544	-0.556236	1	1	1	1	1	61.7401	344.55	118.792	-82.1139	-708.056	-862.355	60.9146	200.32	344.55	119.404	14.382	-82.1139	-707.663	-784.014	-862.355	4.99148	8	0	56.2742	30.5836	-33.1824	-798.86	30.5836	-33.1824	-798.86	
13905	24041	213.113	1972.4	212.792	31.6667	31.641	-0.964474	1	1	1	1	1	165.514	216.675	132.793	-72.3576	632.526	615.835	165.46	194.39	216.707	132.998	30.7765	-72.4522	632.539	624.842	615.827	313.073	11	0	1570.14	31.6709	-6.83974	619.87	31.6709	-6.83974	619.87	
13905	40654	232.242	502.188	229.216	73.722	72.305	-0.915765	1	1	1	1	1	163.92	243.35	132.742	-75.6271	-409.466	-461.603	163.895	206.346	244.167	132.814	28.2286	-78.3882	-409.447	-436.603	-462.184	4.44398	8	0	63.4224	72.3317	-11.1974	-438.646	72.3317	-11.1974	-438.646	
13905	40395	312.273	757.045	311.644	-99999	100.4	-0.971638	0	0	0	0	0	248.062	308.054	133.09	-170.937	555.649	588.496	279.358	309.223	339.494	133.696	-18.6319	-170.937	555.597	572.363	588.496	4.48703	8	0	60.5061	47.1732	-14.4706	-670.235	-15.7368	-2.25675	714.482	
13905	5894	108.436	260.963	108.114	-99999	47.891	-0.528937	0	0	0	0	0	66.2696	121.006	38.1361	-24.6955	-756.567	-689.831	66.0794	96.6491	120.958	38.2835	10.0767	-24.7113	-756.736	-722.212	-689.824	4.40467	13	0	73.0487	80.9318	23.9572	-732.744	80.9318	23.9572	-732.744	
13905	9194	217.339	506.532	216.291	-99999	110.722	-0.928489	1	1	1	1	1	173.346	123.725	132.945	-71.3768	680.177	727.706	173.429	150.184	123.516	133.627	31.4258	-71.6703	679.98	708.476	727.711	11.761	6	0	80.2484	110.745	-21.1944	711.216	110.745	-21.1944	711.216	
13905	6098	171.035	466.411	171.032	-99999	114.112	-0.787002	1	1	1	1	1	116.137	84.2845	133.801	-3.3188	-507.354	-410.248	116.006	100.267	84.154	133.801	65.1379	-3.3188	-507.354	-458.882	-410.248	16.3137	15	0	87.7945	114.136	-24.2019	-398.577	114.136	-24.2019	-398.577	
13905	14882	125.96	295.427	125.956	-99999	35.249	-0.977456	1	1	1	1	1	157.647	187.241	133.074	12.6042	169.468	187.385	157.607	172.61	187.2	133.074	72.2415	12.6042	169.468	175.623	187.385	4.49897	9	0	64.0451	44.0191	2.08401	-153.143	44.0191	2.08401	-153.143	
13905	11824	121.565	9654.54	121.141	-99999	69.523	-0.848556	1	1	1	1	1	137.833	204.816	133.199	32.5381	-355.193	-348.844	137.594	171.187	204.797	133.458	82.8549	32.436	-355.204	-352.972	-348.839	5.54138	11	0	9284.47	69.5639	-23.2375	-350.851	69.5639	-23.2375	-350.851	
13905	18113	181.627	437.209	181.609	-99999	90.507	-0.658794	1	1	1	1	1	148.923	145.125	132.979	-3.81828	184.356	301.854	148.82	144.565	145.022	132.979	63.635	-3.81828	184.356	242.347	301.854	5.73072	15	0	76.2405	90.5349	-15.6927	69.8046	90.5349	-15.6927	69.8046	
