13867	17376	332.006	770.128	331.915	-10.1185	-11.229	-0.927914	1	1	1	1	1	-198.929	-299.368	133.075	-168.121	341.148	248.997	-198.929	-257.159	-299.382	133.075	-15.1186	-168.196	341.148	294.701	248.992	4.72272	6	0	77.8509	-11.215	-38.1204	287.06	-11.215	-38.1204	287.06	
13868	43992	274.913	1300.27	274.625	-35.8607	-34.39	-0.779153	1	1	1	1	1	-73.5468	-217.651	133.151	-57.0194	338.569	470.647	-73.4319	-139.851	-217.667	133.35	31.2285	-57.0312	338.461	401.816	470.652	7.08952	8	0	81.7687	-29.0977	27.7516	-833.924	-29.0977	27.7516	-833.924	
13867	23064	169.033	532.654	168.825	-99999	-21.205	-0.632811	1	1	1	1	1	-219.734	-292.803	129.895	22.8328	-409.369	-301.287	-219.68	-256.275	-292.846	129.936	76.1074	22.7614	-409.41	-355.507	-301.184	21.6331	16	0	96.6145	-21.1633	-25.048	-259.579	-21.1633	-25.048	-259.579	
13868	16745	141.679	353.832	140.567	87.7993	82.358	-0.764755	1	1	1	1	1	-239.574	-201.206	131.384	27.4486	834.964	751.868	-239.839	-214.054	-201.278	131.957	79.0289	27.2153	835.364	796.011	751.763	7.87095	17	0	96.701	82.4017	-36.3831	690.934	82.4017	-36.3831	690.934	
13867	20304	212.85	808.669	211.815	-99999	63.532	-0.868007	1	1	1	1	0	-213.857	-108.393	129.901	-53.7701	35.0332	35.2281	-194.425	-141.736	-88.4478	130.697	38.2355	-53.8691	35.0394	35.0581	35.2187	8.82803	9	0	101.646	63.7529	-2.48186	57.3359	63.7529	-2.48186	57.3359	
13867	21461	222.794	553.812	215.21	-99999	45.413	-0.874039	1	1	1	1	1	-345.102	-246.838	133.729	-50.422	54.6363	107.014	-345.289	-294.5	-243.653	134.004	38.5487	-56.653	54.5686	81.3394	108.893	5.74814	10	0	80.0397	45.423	-25.3826	105.666	45.423	-25.3826	105.666	
13867	1961	260.182	1018.21	260.181	-99999	114.736	-0.787168	1	1	1	1	1	-148.636	-228.959	133.151	-68.0286	417.351	273.83	-130.606	-167.727	-210.929	133.151	33.2236	-68.0286	417.351	343.013	273.83	7.37184	12	0	44.1841	114.767	-18.263	308.083	114.767	-18.263	308.083	
13867	20951	48.0044	124.464	47.4151	-99999	96.087	-0.910671	1	0	0	0	0	-104.941	-91.5601	133.581	89.4796	-820.359	-810.491	-74.8518	-67.8401	-61.3364	133.581	111.202	89.0197	-820.359	-815.362	-810.379	4.54769	6	0	61.1337	96.1089	69.9108	-815.454	96.1089	69.9108	-815.454	
13867	23551	282.772	696.498	281.875	21.5342	20.837	-0.872183	1	1	1	1	1	-226.117	-163.507	132.229	-109.415	283.686	156.014	-226.126	-195.889	-163.629	132.311	8.6288	-110.081	283.729	222.815	155.703	7.13219	14	0	72.2043	20.8476	-26.8361	199.665	20.8476	-26.8361	199.665	
13867	21433	58.6411	251.501	55.1141	-99999	44.111	-0.8518	0	0	0	0	0	-158	-146.924	131.839	81.8435	-29.9645	-11.5094	-144.895	-138.842	-132.738	133.747	107.778	80.8494	-30.8852	-19.1391	-11.1829	11.3645	6	0	154.062	73.8038	-105.76	-419.413	73.8038	-105.76	-419.413	
13868	76687	182.622	413.551	181.268	-99999	68.563	-0.85184	1	1	1	1	1	-340.559	-279.995	133.04	-26.8018	-844.851	-790.825	-341.181	-301.598	-280.074	134.192	57.3343	-26.8018	-845.3	-816.008	-790.825	11.9339	13	0	87.4105	68.5824	22.0438	-788.095	68.5824	22.0438	-788.095	
13867	697	294.92	763.952	294.915	92.8417	50.092	-0.675524	0	0	0	0	0	-236.447	-123.732	133.086	-52.8124	517.917	319.521	-236.447	-178.268	-123.732	133.086	40.388	-52.8124	517.917	419.288	319.521	7.1035	16	0	98.9765	40.8762	31.9675	-798.006	92.4362	-15.9321	376.39	
13867	2997	201.197	10133.3	201.055	-99999	16.383	-0.406477	1	1	1	1	1	-168.408	-344.587	132.535	48.8788	-448.812	-400.138	-168.287	-256.592	-344.587	132.589	91.3352	48.8788	-448.851	-424.1	-400.138	4.33717	6	0	48.6995	16.4107	36.4582	-403.451	16.4107	36.4582	-403.451	
13867	6857	53.3934	494.428	45.1914	-27.0109	-27.179	-0.970865	1	1	1	1	1	-288.079	-268.89	134.937	97.8753	551.022	557.907	-292.319	-281.932	-271.51	134.937	113.408	91.3803	551.022	554.529	558.213	11.6612	8	0	203.807	-27.1402	-16.6597	582.433	-27.1402	-16.6597	582.433	
13868	47644	337.626	848.598	335.463	-99999	104.796	-0.727355	1	1	1	1	1	-239.749	-297.857	130.462	-122.813	-325.315	-116.121	-239.869	-256.611	-298.611	130.462	1.87533	-124.414	-325.315	-217.394	-114.819	4.87523	14	0	82.298	104.827	-29.7487	-190.756	104.827	-29.7487	-190.756	
13868	78342	367.169	1077.04	366.836	-99999	98.664	-0.353744	1	1	1	1	1	-320.695	-339.977	133.562	-66.5677	-681.652	-377.484	-320.808	-330.697	-340.049	133.578	35.0795	-66.6489	-681.695	-528.065	-377.295	12.0161	20	0	283.026	98.6877	4.81032	-501.525	98.6877	4.81032	-501.525	
13867	9919	36.5846	176.616	18.1018	-99999	49.867	-0.53634	0	0	0	0	0	-137.191	-145.114	129.948	118.613	833.793	841.722	-121.645	-129.714	-137.79	130.436	119.385	109.307	833.159	841.574	835.002	5.65596	19	0	176.616	-10.9441	-6.07129	791.015	-10.9441	-6.07129	791.015	
13867	13315	458.993	1233.84	442.94	4.54191	2.389	-0.651582	1	1	1	1	1	-332.225	-161.569	132.855	-170.472	-722.077	-448.186	-332.338	-243.824	-156.054	133.077	-24.1667	-181.073	-722.315	-580.548	-438.011	10.7314	6	0	132.412	2.41429	-24.5384	-561.81	2.41429	-24.5384	-561.81	
13867	13875	251.036	602.892	250.838	-99999	98.434	-0.671007	1	1	1	1	1	-231.878	-92.1168	132.285	-36.1526	-655.258	-777.764	-201.14	-131.655	-61.2737	132.391	47.7564	-36.1794	-655.179	-716.51	-777.783	7.47952	14	0	57.8584	98.4418	-12.1549	-742.979	98.4418	-12.1549	-742.979	
13867	10684	72.9886	177.406	72.8345	-99999	62.406	-0.851486	1	1	1	0	0	-358.73	-326.449	-0.00610565	-62.5148	159.203	177.246	-358.839	-342.803	-326.483	0.0683132	-30.8761	-62.5664	159.177	169.937	177.258	4.0609	9	0	58.5526	62.4246	-14.1714	172.354	62.4246	-14.1714	172.354	
13867	15383	283.086	664.829	282.166	73.9383	69.343	-0.803373	1	1	1	1	1	-301.893	-130.092	133.376	-81.244	10.2673	-49.1806	-302.397	-216.861	-130.092	134.107	25.7289	-81.244	10.4555	-19.7486	-49.1806	9.70918	8	0	78.6426	69.5725	-8.52134	-23.5508	69.5725	-8.52134	-23.5508	
13867	17383	249.117	596.859	247.415	-99999	27.399	-0.597	1	1	1	1	1	-70.1327	-137.087	77.3461	-59.5374	372.469	565.623	-61.3473	-89.1349	-128.717	77.8718	2.30501	-59.7734	371.794	466.797	566.378	5.71584	12	0	105.651	27.4045	35.3351	423.524	27.4045	35.3351	423.524	
13867	16794	300.941	754.837	298.294	-99999	-15.163	-0.977982	1	1	1	1	1	-131.951	-179.745	130.175	-155.656	393.723	459.668	-136.683	-163.483	-185.249	130.281	-15.1601	-158.031	393.71	421.284	460.075	7.38752	8	0	93.1871	-5.23338	-6.00288	141.124	-5.23338	-6.00288	141.124	
13867	22818	90.7802	215.352	90.7047	-99999	-9.256	-0.780044	1	0	0	0	0	-356.994	-299.186	-86.7065	-153.682	837.286	855.546	-357.026	-329.995	-299.176	-86.6514	-122.156	-153.682	837.273	845.503	855.546	4.02171	9	0	63.4221	-9.24639	-79.3344	824.82	-9.24639	-79.3344	824.82	
13867	21955	112.78	294.511	110.416	-99999	74.202	-0.974821	1	1	1	0	0	-133.315	-153.781	129.279	21.1088	428.641	430.08	-109.85	-120.467	-130.935	130.249	74.9043	19.8162	428.63	427.384	430.279	5.06383	8	0	88.286	74.2325	24.7239	421.361	74.2325	24.7239	421.361	
13868	8535	136.316	354.945	136.248	-99999	76.632	-0.479894	0	0	0	0	0	-275.66	-317.622	132.342	74.1338	-557.911	-443.638	-275.732	-291.073	-317.71	132.374	99.7627	74.1338	-557.967	-500.144	-443.638	6.02338	12	0	76.4021	-42.0858	-39.1405	-752.249	-42.0858	-39.1405	-752.249	
13867	127	374.497	3083.42	373.749	-29.6238	-29.055	-0.818661	1	1	1	1	1	-326.582	-200.07	132.628	-169.334	852.219	671.984	-326.763	-263.526	-200.05	133.192	-18.3971	-169.386	852.56	762.664	671.957	5.15989	12	0	58.5538	-29.018	-10.5515	747.817	-29.018	-10.5515	747.817	
13867	19840	202.405	608.305	202.402	-99999	46.405	-0.562991	1	1	1	1	1	-68.5718	-218.8	-29.9102	-144.575	111.483	39.1844	-61.2796	-136.348	-211.508	-29.9102	-87.3661	-144.575	111.483	75.3817	39.1844	9.90663	11	0	63.2971	46.4448	-67.7417	-72.2466	62.4148	-42.5266	208.404	
13867	18505	202.149	514.957	200.123	45.0728	45.702	-0.839052	1	1	1	1	1	-246.279	-123.62	132.65	-24.5951	-638.633	-635.699	-246.759	-183.093	-123.168	133.411	55.0312	-25.6113	-638.674	-639.241	-635.599	6.38993	10	0	80.7777	45.7184	-0.108422	-638.477	45.7184	-0.108422	-638.477	
13868	75008	177.433	481.121	175.632	-99999	38.5	-0.976665	1	1	1	1	1	-273.427	-292.132	131.59	-40.0814	143.005	174.197	-273.154	-281.848	-292.176	133.341	46.5228	-40.0814	142.778	158.506	174.197	5.53264	12	0	83.66	38.5149	3.05206	169.794	38.5149	3.05206	169.794	
13867	17642	86.9006	170.285	81.943	-99999	-40.294	-0.886172	1	1	1	1	1	-255.331	-216.46	127.529	55.4576	808.569	810.53	-250.987	-230.029	-209.896	131.422	93.4292	54.9505	808.084	809.529	810.535	4.37745	7	0	53.93	-40.2624	-42.141	783.484	-40.2624	-42.141	783.484	
13867	17318	381.685	857.337	381.39	-99999	-37.11	-0.469923	1	1	1	1	1	-79.2108	-104.556	128.456	-100.479	83.2966	385.114	-90.8316	-104.67	-116.23	128.456	12.6592	-100.573	83.2966	234.01	385.264	4.74078	6	0	53.4441	-37.0669	-14.0804	251.934	-37.0669	-14.0804	251.934	
13867	19436	142.134	390.729	141.342	-99999	77.806	-0.968393	1	1	1	1	1	-257.795	-231.165	132.026	-3.95389	574.86	601.219	-257.931	-244.377	-231.15	132.387	63.5496	-4.3456	574.785	585.816	601.32	5.25107	12	0	91.8474	77.8392	5.19129	594.679	77.8392	5.19129	594.679	
13868	71954	246.324	603.462	243.567	110.492	109.826	-0.920992	1	1	1	1	1	-150.031	-227.892	132.225	-94.5149	-612.387	-647.219	-150.031	-193.669	-229.04	132.225	18.998	-97.0072	-612.387	-632.838	-647.133	4.17618	9	0	84.2333	109.855	-9.97956	-619.244	109.855	-9.97956	-619.244	
13868	70660	70.4847	222.013	69.9144	-99999	-19.432	-0.809941	1	1	1	0	0	-271.2	-301.09	131.92	71.7939	684.085	697.2	-270.878	-290.555	-301.068	132.335	103.422	71.7939	684.05	687.519	697.2	8.67795	13	0	98.2339	-19.4151	33.1187	692.261	-19.4151	33.1187	692.261	
13867	20308	268.34	401.841	265.269	-99999	76.173	-0.54763	1	1	1	1	1	-211.166	-198.072	133.174	20.3711	-470.255	-232.634	-223.091	-217.32	-210.049	133.383	77.4074	20.1906	-470.561	-353.374	-232.283	4.15713	9	0	58.6021	76.2125	-23.1947	-145.096	76.2125	-23.1947	-145.096	
13867	22807	123.379	322.864	121.62	-99999	101.365	-0.686328	1	1	1	1	1	-119.65	-92.8929	129.81	48.0524	436.613	522.518	-88.3154	-74.9036	-61.0843	130.802	88.6392	47.865	435.611	478.579	522.722	7.25522	7	0	53.4923	101.581	26.6706	521.715	101.581	26.6706	521.715	
13867	20717	117.706	347.133	117.376	-99999	72.507	-0.891066	1	1	1	0	0	-230.043	-282.53	132.815	33.2925	-137.166	-110.998	-230.071	-248.569	-282.711	132.96	79.6195	33.165	-137.218	-120.824	-110.995	7.19122	6	0	93.7359	72.5389	15.2491	-112.751	72.5389	15.2491	-112.751	
13867	22517	186.775	459.962	185.481	-99999	-34.817	-0.9567	1	1	1	1	1	-312.234	-267.965	133.095	-41.7532	-73.8494	-34.5928	-312.345	-287.306	-267.88	133.681	45.3325	-42.3944	-73.9499	-57.6727	-34.3789	7.8093	11	0	84.0819	-34.7913	1.16955	-51.0165	-34.7913	1.16955	-51.0165	
13868	18538	243.5	622.413	234.699	-99999	-8.27	-0.372924	1	1	1	1	1	-99.3901	-290.294	133.397	43.9394	-380.306	-277.314	-99.3901	-198.089	-297.34	133.397	85.8954	40.1551	-380.306	-327.19	-273.646	9.39124	9	0	132.267	-8.22463	11.4636	-275.258	-8.22463	11.4636	-275.258	
13867	22145	134.474	329.898	132.757	-99999	11.161	-0.94495	1	1	1	0	0	-315.769	-324.098	134.045	8.81201	373.978	412.009	-315.782	-319.327	-323.992	134.045	69.6795	7.43939	373.978	392.53	412.978	4.63294	9	0	58.4181	11.1778	24.8701	399.972	11.1778	24.8701	399.972	
13867	23175	390.591	2366.55	390.504	7.99015	7.479	-0.860325	1	1	1	1	1	-144.22	-271.863	133.497	-165.477	386.644	595.67	-144.22	-204.925	-271.88	133.497	-26.5907	-165.513	386.644	480.421	595.719	7.87024	12	0	44.133	7.50643	-30.2131	485.463	7.50643	-30.2131	485.463	
13867	20871	217.513	486.645	204.081	-99999	42.08	-0.875863	1	1	1	1	1	-219.497	-297.635	132.374	-54.0617	-777.574	-771.181	-219.545	-271.21	-298.944	132.374	36.7911	-67.1096	-777.574	-775.962	-772.862	5.36235	6	0	59.9962	42.1068	-14.6459	-752.666	42.1068	-14.6459	-752.666	
13867	23471	148.538	385.075	146.518	-99999	92.042	-0.879775	1	1	1	0	0	-286.961	-337.827	132.568	-1.38769	348.052	374.679	-286.771	-318.598	-338.181	133.144	66.8702	-2.69447	347.97	358.305	374.981	6.56999	10	0	83.0297	92.0565	18.2057	370.115	92.0565	18.2057	370.115	
13867	22340	95.8488	276.403	93.8131	-99999	110.088	-0.943413	1	1	1	0	0	-206.275	-232.53	132.454	50.1071	-760.408	-795.375	-171.761	-182.41	-198.807	132.68	88.7554	48.6992	-760.341	-776.064	-796.197	5.89493	13	0	85.2346	110.112	27.937	-758.921	110.112	27.937	-758.921	
13867	20838	289.152	880.675	288.745	-99999	40.271	-0.631049	1	1	1	1	1	-67.5627	-217.358	15.3427	-163.089	711.753	541.213	-61.0342	-136.17	-211.03	15.5976	-73.9488	-163.089	711.996	626.928	541.213	5.10683	7	0	64.4349	40.2994	-19.8073	658.415	40.2994	-19.8073	658.415	
13868	2660	87.6601	219.564	86.8032	-99999	16.61	-0.949769	1	0	0	0	0	-78.9551	-96.7852	134.241	50.8629	-176.71	-160.915	-73.7144	-83.794	-91.6275	134.378	92.6859	50.1634	-176.73	-167.79	-160.807	5.10358	6	0	67.0338	16.6268	58.494	-172.651	16.6268	58.494	-172.651	
13868	2233	430.339	953.427	425.565	-5.46517	-6.395	-0.704443	1	1	1	1	1	-237.429	-199.114	131.972	-167.094	-212.91	-508.423	-237.481	-213.478	-198.38	132.931	-9.06213	-169.457	-211.989	-371.554	-510.72	15.9695	15	0	80.1288	-15.149	-25.7513	156.105	-15.149	-25.7513	156.105	
13868	2842	174.241	491.571	170.783	76.3805	77.597	-0.912546	1	1	1	1	1	-182.353	-247.004	131.778	-24.1017	-222.667	-244.86	-182.067	-217.73	-247.533	132.476	54.0319	-26.715	-222.548	-234.87	-244.856	4.64899	7	0	129.624	77.6227	-3.18151	-233.82	77.6227	-3.18151	-233.82	
13868	1971	324.845	763.701	323.92	-99999	15.555	-0.690634	1	1	1	1	1	-64.0094	-294.468	53.4992	-171.451	207.673	239.553	-63.3501	-180.423	-294.468	54.127	-57.521	-171.451	207.616	221.933	239.553	7.28318	7	0	71.8275	15.5842	-21.6948	217.934	15.5842	-21.6948	217.934	
13868	2680	333.532	794.627	330.261	-36.8724	-36.148	-0.902029	1	1	1	1	1	-154.754	-237.807	131.702	-163.609	-213.978	-99.5229	-154.279	-194.197	-238.563	133.346	-18.4535	-164.705	-214.61	-158.589	-98.9905	4.36677	11	0	75.0838	-43.5446	-64.8693	-469.159	11.2254	-27.2656	72.2271	
13868	7042	277.335	1208.09	277.186	-99999	89.227	-0.507249	1	1	1	1	1	-238.152	-89.2174	126.56	-31.8645	-407.395	-579.012	-210.211	-133.963	-61.2055	126.56	50.3053	-31.9582	-407.395	-494.53	-579.101	5.24325	14	0	48.911	89.263	-11.2936	-543.115	89.263	-11.2936	-543.115	
13868	943	98.3294	354.598	98.249	-99999	-10.487	-0.817421	1	1	1	1	1	-334.173	-289.499	133.02	53.434	779.112	815.454	-334.161	-312.158	-289.449	133.02	92.9877	53.3695	779.112	797.287	815.482	14.5527	11	0	155.479	-10.46	9.11764	790.264	-10.46	9.11764	790.264	
13868	2094	307.602	1204.36	303.539	-99999	63.737	-0.98094	1	1	1	1	0	-295.312	-301.681	128.878	-171.349	-876.999	-884.261	-295.564	-295.429	-301.754	132.755	-18.0128	-171.349	-876.322	-880.728	-884.261	12.1713	7	0	96.9769	63.7499	-28.7567	-814.986	63.7499	-28.7567	-814.986	
13868	4594	239.856	600.956	238.667	48.1723	47.248	-0.933948	1	1	1	1	1	-205.662	-309	131.873	-80.7116	-684.479	-655.496	-205.499	-254.853	-309.33	132.326	23.5653	-81.321	-684.495	-674.459	-655.367	4.69543	9	0	81.7118	47.2711	-30.523	-652.703	47.2711	-30.523	-652.703	
13868	6909	312.02	744.641	310.912	-99999	91.367	-0.966103	1	1	1	1	1	-158.107	-89.9054	132.43	-170.449	-307.606	-324.122	-129.675	-95.3173	-61.207	133.087	-18.8475	-170.863	-307.588	-316.094	-324.118	4.09982	9	0	62.4237	91.3877	-41.5006	-327.444	91.3877	-41.5006	-327.444	
13868	8109	312.403	708.154	308.607	-99999	70.812	-0.985493	1	1	1	1	1	-145.524	-99.0729	129.955	-167.856	602.533	587.97	-123.706	-115.738	-76.8349	133.292	-21.7868	-168.132	603	594.066	587.825	4.52417	34	0	101.744	70.8381	-39.7724	597.875	70.8381	-39.7724	597.875	
13868	9209	159.517	331.83	158.871	-99999	22.254	-0.976139	0	0	0	0	0	-334.788	-294.173	132.531	-17.9411	-448.573	-434.108	-334.835	-312.188	-294.258	132.68	56.5268	-18.379	-448.594	-446.346	-433.964	4.40839	10	0	71.0798	-15.5657	-58.1817	-797.974	-15.5657	-58.1817	-797.974	
13868	6953	60.6601	159.849	59.8066	-99999	46.726	-0.873685	1	1	1	1	1	-232.682	-202.984	132.265	80.5315	-546.56	-542.342	-240.182	-224.935	-210.091	132.558	106.43	80.0698	-546.584	-544.423	-542.306	6.17122	8	0	53.3045	46.7535	-37.1635	-533.714	46.7535	-37.1635	-533.714	
13868	79184	224.27	1185.82	223.682	-585.369	-37.699	-0.725484	0	0	0	0	0	-163.739	-302.785	133.009	-27.7283	-184.661	-119.205	-163.385	-233.344	-302.785	133.433	56.3358	-27.7283	-184.847	-143.324	-119.205	10.1115	8	0	61.522	32.5477	-124.24	22.9176	32.5477	-124.24	22.9176	
13868	528	318.808	837.02	317.642	-99999	108.119	-0.95882	1	1	1	1	1	-328.616	-292.647	133.252	-162.86	-223.248	-118.627	-328.74	-320.222	-292.354	133.252	-17.0327	-163.835	-223.248	-171.244	-118.167	5.89184	13	0	95.0738	108.141	-13.5941	-172.946	108.141	-13.5941	-172.946	
13868	3528	210.22	489.924	209.241	-99999	-35.023	-0.918733	1	1	1	1	1	-171.797	-104.925	131.721	-62.2273	-46.4932	-24.207	-182.941	-146.136	-115.779	132.16	35.1853	-62.6659	-46.5627	-30.4024	-24.4032	4.93405	9	0	75.1691	-35.0082	-14.7679	-29.9162	-35.0082	-14.7679	-29.9162	
13868	2679	303.254	782.002	303.016	-99999	-44.831	-0.935939	1	1	1	1	1	-292.142	-219.816	133.537	-121.216	259.357	397.676	-292.122	-266.867	-219.764	133.757	-3.93216	-121.216	259.281	317.267	397.676	5.78762	14	0	83.1516	-44.8046	-18.3456	327.604	-44.8046	-18.3456	327.604	
13868	3426	99.2181	259.429	98.6008	-99999	94.89	-0.886117	1	1	1	0	0	-133.903	-91.062	133.104	44.408	-313.561	-309.251	-104.473	-82.7831	-61.3426	133.636	89.0801	44.3968	-313.583	-311.354	-309.251	4.15887	8	0	73.343	94.9096	23.7351	-325.501	94.9096	23.7351	-325.501	
13868	3826	385.949	2263.83	385.019	32.9481	33.049	-0.729957	1	1	1	1	1	-143.291	-321.09	132.538	-160.934	-654.785	-483.129	-142.939	-232.421	-321.09	133.214	-11.2744	-160.934	-655.304	-564.324	-483.129	4.80165	9	0	77.5197	33.0788	-33.2993	-545.461	33.0788	-33.2993	-545.461	
13868	207	90.8119	205.838	88.7235	-99999	-41.518	-0.632754	1	0	0	0	0	-89.0775	-89.2697	133.705	81.1762	-511.419	-578.182	-102.079	-99.5203	-102.271	133.705	107.11	81.1762	-511.419	-545.915	-578.182	5.12571	11	0	70.2979	-41.4916	59.4933	-567.014	-41.4916	59.4933	-567.014	
13868	148	271.42	711.093	270.383	-99999	68.007	-0.60939	1	1	1	1	1	-171.698	-222.035	130.435	-82.9456	-311.505	-469.466	-161.011	-185.626	-211.638	130.435	23.8373	-83.7394	-311.505	-391.569	-470.063	6.47826	13	0	50.951	68.0368	-23.8426	-423.146	68.0368	-23.8426	-423.146	
13868	2666	303.693	756.991	303.688	-99999	-13.768	-0.92421	1	1	1	1	1	-246.92	-297.587	133.127	-147.48	-286.335	-183.376	-246.904	-274.075	-297.572	133.127	-8.49575	-147.48	-286.335	-238.988	-183.376	4.86783	11	0	78.5483	-13.7583	-34.9206	-226.463	-13.7583	-34.9206	-226.463	
13868	2221	264.746	627.105	264.393	67.0153	59.125	-0.944314	1	1	1	1	1	-163.103	-225.424	132.628	-117.8	40.872	-13.4444	-163.103	-195.322	-225.461	132.628	7.86473	-118.135	40.872	10.9154	-13.4234	5.96171	6	0	80.6112	59.1655	-17.2151	2.08462	59.1655	-17.2151	2.08462	
13868	10	256.564	656.078	255.449	-99999	111.611	-0.882272	1	1	1	1	1	-263.161	-221.38	132.355	-93.2735	495.225	602.309	-263.369	-232.136	-221.691	132.68	18.6991	-93.9179	495.071	544.833	602.628	4.3563	13	0	82.9403	111.633	-17.5739	559.808	111.633	-17.5739	559.808	
13868	3050	168.228	426.413	166.522	-43.4174	-45.063	-0.933772	1	1	1	1	1	-238.078	-180.324	132.181	-21.6241	229.608	206.18	-238.188	-207.111	-179.855	132.498	54.6421	-22.8779	229.649	223.027	205.924	4.83957	9	0	83.194	-45.0281	2.64591	225.517	-45.0281	2.64591	225.517	
13868	3352	392.767	950.083	392.343	-19.8368	-19.631	-0.170443	1	1	1	1	1	-225.517	-82.2906	-52.8111	-117.336	894.774	537.948	-225.626	-158.184	-82.2559	-52.7579	-97.0383	-117.317	895.062	716.216	537.853	5.95664	10	0	91.5186	-19.6092	-73.0029	652.47	-19.6092	-73.0029	652.47	
13868	4552	237.322	602.201	236.082	-99999	66.636	-0.959285	1	1	1	1	1	-291.211	-227.007	133.065	-88.6928	168.185	215.637	-291.399	-257.567	-226.816	133.572	22.1654	-89.3259	168.093	190.825	215.8	5.6278	11	0	75.3014	66.647	-8.08439	204.91	66.647	-8.08439	204.91	
13868	2408	207.906	526.464	206.804	-99999	-8.569	-0.657008	1	1	1	1	1	-358.221	-196.442	123.11	-3.07308	712.832	730.857	-358.221	-277.566	-195.541	123.11	58.4831	-3.65648	712.832	722.931	730.659	6.13731	6	0	69.2438	-3.99338	-27.675	638.812	-44.6034	9.08678	820.48	
13868	1623	288.028	696.751	287.973	-99999	-24.011	-0.950446	1	1	1	1	1	-309.41	-236.511	132.991	-142.697	-551.336	-521.226	-309.395	-272.785	-236.484	133.032	-5.19475	-142.697	-551.339	-535.893	-521.226	5.63967	15	0	83.8106	-24.003	-16.2014	-539.067	-24.003	-16.2014	-539.067	
13868	70985	276.383	654.369	274.745	-99999	57.666	-0.951516	1	1	1	1	1	-327.308	-248.061	133.13	-126.755	139.344	174.027	-327.685	-288.169	-247.881	134.11	2.37323	-127.276	139.287	152.179	174.213	5.51067	12	0	87.3577	57.6794	-10.8362	159.783	57.6794	-10.8362	159.783	
13868	3129	77.391	229.181	76.9451	-99999	51.816	-0.737526	0	0	0	0	0	-272.973	-247.681	131.966	67.6989	81.6324	113.777	-273.152	-261.43	-247.741	132.292	101.479	67.6989	81.3557	101.509	113.777	7.14571	9	0	83.786	51.8445	27.5254	110.136	51.8445	27.5254	110.136	
13868	3584	383.885	927.153	382.818	-99999	3.131	-0.689608	1	1	1	1	1	-183.881	-247.962	130.949	-112.551	-366.269	-83.5642	-183.718	-213.342	-247.962	131.668	-0.497677	-112.551	-367.012	-231.177	-83.5642	4.53825	16	0	122.913	3.17621	-27.1778	-203.675	3.17621	-27.1778	-203.675	
13868	3784	335.914	730.3	334.679	-99999	79.067	-0.871332	1	1	1	1	1	-280.124	-242.521	131.823	-132.87	-651.922	-452.606	-280.393	-260.954	-242.612	132.895	-4.88873	-132.87	-652.484	-558.607	-452.606	6.26357	14	0	56.2596	79.0855	-19.1555	-543.419	79.0855	-19.1555	-543.419	
13868	4684	58.1453	179.148	56.0118	48.3084	47.741	-0.870219	1	0	0	0	0	-196.992	-222.58	131.897	83.2743	-597.61	-587.23	-196.359	-210.508	-222.812	133.108	108.196	82.5789	-597.834	-592.972	-587.094	5.0528	11	0	82.7137	47.7692	34.3413	-591.95	47.7692	34.3413	-591.95	
13868	4585	240.39	549.238	240.302	-21.5266	-21.901	-0.8735	1	1	1	1	1	-137.411	-276.468	133.186	-54.9351	777.151	804.282	-137.376	-197.01	-276.468	133.254	29.8121	-54.9351	777.142	789.839	804.282	5.17691	6	0	58.9688	-21.8652	-12.6272	767.88	-21.8652	-12.6272	767.88	
13867	5122	478.664	1111.32	478.144	-99999	5.432	-0.507873	1	1	1	1	1	-62.5047	-228.371	112.031	-124.561	-305.942	71.1448	-62.3536	-127.974	-228.371	112.288	-11.2595	-124.561	-306.356	-112.263	71.1448	5.05779	11	0	79.615	5.47017	6.97672	52.6998	5.47017	6.97672	52.6998	
13868	1017	141.655	356.346	129.888	-99999	1.101	-0.797842	1	1	0	0	0	-266.118	-268.056	3.09893	120.229	-887.816	-832.199	-268.09	-266.091	-266.158	127.49	63.3957	0.482269	-827.692	-856.959	-889.02	12.3882	28	0	356.346	1.11684	13.6955	-798.479	1.11684	13.6955	-798.479	
13868	4217	589.148	1551.72	588.88	-99999	98.876	-0.28177	1	1	1	1	1	-235.493	-92.1229	130.606	-141.046	379.045	-123.073	-204.53	-131.397	-61.1064	130.606	-1.5858	-141.161	379.045	126.276	-123.303	9.08628	15	0	41.7668	98.9387	-34.6606	70.3001	98.9387	-34.6606	70.3001	
13868	3469	303.973	740.86	303.644	110.006	110.495	-0.838478	1	1	1	1	1	-344.32	-171.534	133.375	-111.244	510.848	474.844	-344.495	-255.87	-171.534	133.646	10.5521	-111.244	510.846	504.952	474.844	6.14273	7	0	74.7293	110.518	-13.622	499.107	110.518	-13.622	499.107	
13868	71993	310.732	912.726	308.498	-99999	25.156	-0.992835	1	1	1	1	1	-150.224	-129.489	132.85	-169.185	-564.565	-608.227	-142.346	-144.17	-121.359	132.85	-20.6812	-171.207	-564.565	-584.828	-608.98	6.96915	13	0	330.383	25.1786	-27.762	-581.305	25.1786	-27.762	-581.305	
13868	3311	254.849	750.293	253.027	24.3315	24.625	-0.784813	1	1	1	1	1	-217.183	-92.8279	131.805	-64.5361	672.138	574.422	-217.328	-153.575	-92.467	132.073	35.5058	-65.9445	672.292	619.16	574.176	5.82893	13	0	78.7092	24.6588	-19.5052	593.609	24.6588	-19.5052	593.609	
13868	5515	255.618	642.643	254.92	-99999	86.932	-0.876287	1	1	1	1	1	-211.718	-89.6132	130.169	-93.1709	268.945	281.988	-184.645	-123.44	-62.244	130.441	18.4211	-93.5237	268.93	275.231	281.945	4.01446	12	0	47.1194	86.9601	-56.0404	257.502	86.9601	-56.0404	257.502	
13868	7515	189.163	459.961	188.047	-99999	1.969	-0.823438	1	1	1	1	1	-62.2733	-148.593	0.97177	-153.598	91.7318	28.4418	-61.6567	-105.359	-148.398	0.97177	-76.5225	-154.585	91.7318	59.6542	28.1492	5.84749	10	0	58.3827	1.9919	-51.0325	56.6394	1.9919	-51.0325	56.6394	
13868	10419	141.029	363.548	138.289	-99999	87.568	-0.881172	1	1	1	1	0	-230.817	-199.93	133.12	3.56364	172.817	208.289	-203.395	-185.083	-172.532	133.12	68.0545	0.898441	172.817	192.569	208.901	17.902	6	0	99.4841	87.609	7.82593	196.813	87.609	7.82593	196.813	
13868	14875	279.684	980.433	279.235	35.5674	34.298	-0.727957	1	1	1	1	1	-334.539	-199.884	133.201	-61.9251	308.663	164.217	-334.641	-270.673	-199.795	133.372	29.7974	-62.0361	308.788	240.041	164.072	5.65578	16	0	141.484	34.3282	14.4408	-5.80592	34.3282	14.4408	-5.80592	
13868	14791	161.701	387.18	161.649	-99999	-48.787	-0.902391	1	1	1	1	0	-344.779	-285.91	133.539	-8.43851	-712.811	-672.204	-344.733	-324.03	-285.854	133.583	60.8614	-8.43851	-712.829	-684.304	-672.204	4.18328	6	0	67.9361	-48.7968	13.1529	-674.292	-48.7968	13.1529	-674.292	
13868	12415	202.368	573.557	201.594	-99999	66.395	-0.970267	1	1	1	1	1	-165.911	-220.855	132.766	-60.2742	312.758	331.046	-155.466	-182.901	-210.517	132.817	35.8908	-60.9855	312.753	322.128	331.025	7.30193	10	0	85.28	60.3307	-18.756	526.645	60.3307	-18.756	526.645	
13867	7030	205.309	486.23	204.928	-99999	-43.25	-0.866255	1	1	1	1	1	-116.21	-178.196	132.603	-41.9888	-657.887	-742.007	-129.619	-166.088	-191.739	132.93	44.9625	-41.9888	-657.756	-695.907	-742.007	4.85545	14	0	87.3683	-44.702	-11.5669	-254.454	-44.702	-11.5669	-254.454	
13868	14913	160.029	382.019	157.93	-99999	-15.415	-0.98383	1	1	1	1	1	-165.288	-158.413	132.65	-22.4488	-31.0804	-58.7103	-170.124	-168.22	-162.966	132.729	53.9551	-24.4172	-31.0686	-44.7054	-58.9618	9.97644	9	0	75.9253	-13.3188	-30.4024	585.66	56.3212	73.1852	-607.489	
13868	70273	144.862	348.437	141.23	-99999	6.533	-0.985866	1	1	1	1	0	-272.542	-294.618	130.182	-8.03137	416.57	427.474	-272.359	-281.152	-294.93	131.259	59.5316	-10.4563	416.55	419.872	426.833	6.33457	10	0	81.7034	6.54703	8.89466	402.25	6.54703	8.89466	402.25	
13868	20326	366.696	976.495	364.99	37.2259	35.657	-0.858286	1	1	1	1	1	-318.578	-160.992	132.539	-170.551	-658.548	-786.863	-318.96	-242.128	-160.657	133.391	-20.0411	-171.138	-658.229	-722.76	-787.098	6.06373	11	0	95.678	35.6778	-15.9283	-704.752	35.6778	-15.9283	-704.752	
13868	18117	180.884	448.093	180.881	-99999	95.415	-0.831254	1	1	1	1	1	-349.393	-277.2	133.666	-21.6543	601.552	655.222	-349.502	-306.828	-277.31	133.666	60.7249	-21.6543	601.552	633.627	655.222	5.27296	10	0	89.292	95.446	20.6666	637.955	95.446	20.6666	637.955	
13868	744	105.696	233.473	96.6761	-99999	41.652	-0.227718	1	1	1	0	0	-249.497	-332.978	132.7	103.007	-755.246	-716.627	-248.762	-294.514	-340.018	132.883	116.99	100.366	-755.61	-734.524	-713.412	5.72734	14	0	63.6273	41.6955	40.4422	-713.265	41.6955	40.4422	-713.265	
13867	10195	237.89	1791.52	235.634	-46.9249	-43.903	-0.456788	1	1	1	1	1	-61.9532	-268.697	-67.1304	-165.38	-231.202	-182.502	-60.3832	-164.926	-268.697	-66.2781	-117.271	-165.38	-231.714	-206.947	-182.502	5.8735	15	0	102.469	-43.9123	-67.6367	-211.052	-43.9123	-67.6367	-211.052	
13867	14895	165.763	399.153	165.36	-99999	-15.954	-0.522293	1	1	1	1	1	-226.89	-346.301	132.499	43.7435	-604.741	-532.717	-226.579	-286.335	-346.283	132.708	88.3443	43.7435	-604.923	-568.459	-532.717	5.78457	10	0	90.9976	-15.926	30.2507	-537.286	-15.926	30.2507	-537.286	
13868	4465	254.337	1310.07	253.376	370.572	-0.664	-0.713398	0	0	0	0	0	-280.509	-114.377	133.939	-29.8076	643.909	548.699	-280.576	-203.444	-114.035	134.027	44.0103	-30.3969	643.962	598.358	548.219	4.89895	13	0	80.6414	-999999	-999999	-999999	-999999	-999999	-999999	
13868	8273	219.795	552.525	219.426	-99999	-14.377	-0.992075	1	1	1	1	1	-279.186	-256.843	132.491	-84.7548	220.766	237.802	-279.213	-267.025	-256.827	132.851	24.2199	-84.7548	220.751	231.396	237.802	4.8519	10	0	76.6349	-14.3608	-7.56767	235.394	-14.3608	-7.56767	235.394	
13868	12037	203.221	540.547	202.743	-99999	-11.907	-0.631022	0	0	0	0	0	-218.081	-237.073	131.836	0.753582	-203.414	-51.4679	-217.987	-225.439	-237.06	132.131	66.6912	0.753582	-203.769	-126.528	-51.4679	4.65178	16	0	81.9687	64.278	-101.153	-561.394	104.638	-17.6295	139.312	
13868	14837	216.974	453.123	216.378	-99999	-3.876	-0.976021	1	1	1	1	1	-223.321	-233.983	131.092	-73.9521	244.883	308.989	-223.317	-224.3	-233.982	131.092	27.7418	-74.2038	244.883	276.885	309.152	9.53791	10	0	42.3905	-3.85334	-16.9497	282.567	-3.85334	-16.9497	282.567	
13868	11347	234.446	506.384	234.441	-232.757	-19.634	-0.957427	0	0	0	0	0	-154.567	-236.881	133.295	-80.1067	140.896	179.28	-154.567	-187.106	-236.881	133.295	21.8228	-80.1067	140.896	156.774	179.28	4.06078	9	0	56.5915	-19.6181	74.9886	13.2781	-19.6181	74.9886	13.2781	
13868	12478	253.308	645.37	251.093	100.595	97.823	-0.860371	1	1	1	1	1	-310.786	-202.564	133.203	-79.5482	-286.509	-362.99	-310.956	-254.269	-201.802	133.534	26.3439	-81.1466	-286.41	-322.829	-363.42	5.93612	12	0	87.3037	97.8508	-11.6013	-329.477	97.8508	-11.6013	-329.477	
13868	14576	51.0669	164.369	50.6195	-99999	103.826	-0.905669	0	0	0	0	0	-242.814	-227.179	132.995	93.2126	-814.41	-788.67	-226.639	-220.871	-210.798	133.153	111.641	93.0383	-814.482	-802.191	-788.621	7.83192	10	0	83.2443	103.861	32.3822	-767.754	103.861	32.3822	-767.754	
13868	11557	178.089	448.491	178.085	-99999	16.634	-0.862355	1	1	1	1	1	-242.929	-290.134	133.088	-17.3882	131.075	211.068	-242.948	-261.399	-290.153	133.088	58.9369	-17.3882	131.075	176.649	211.068	5.01442	11	0	68.8278	16.6581	4.72788	191.971	16.6581	4.72788	191.971	
13868	16242	160.234	385.671	159.107	-99999	84.74	-0.897123	1	1	1	1	0	-154.038	-94.0358	129.555	-14.4226	669.106	694.469	-127.87	-102.52	-67.3922	130.397	56.1143	-14.574	668.92	684.213	694.459	4.81731	9	0	61.5917	84.7668	7.7619	678.508	84.7668	7.7619	678.508	
13868	17846	145.804	357.322	145.802	-99999	112.833	-0.793467	1	1	1	0	0	-318.85	-239.669	134.42	15.1464	394.684	415.596	-318.979	-275.606	-239.798	134.42	77.7446	15.1464	394.684	409.261	415.596	5.43354	9	0	78.1465	112.856	24.5592	405.954	112.856	24.5592	405.954	
13868	15778	350.659	1750.68	330.539	-99999	-0.028	-0.94888	1	1	1	1	1	-237.429	-264.076	134.611	-162.039	241.137	378.417	-237.429	-251.713	-264.982	134.611	-26.7831	-180.223	241.137	307.806	375.151	30.6609	14	0	835.718	0.0022942	-35.2379	319.303	0.0022942	-35.2379	319.303	
13868	15978	309.108	731.175	307.905	-99999	63.54	-0.960307	1	1	1	1	1	-300.62	-343.114	134.152	-157.219	-705.638	-622.67	-300.693	-315.086	-343.789	134.152	-13.7398	-158.224	-705.638	-663.346	-622.445	4.38679	9	0	76.1501	63.5682	-39.8203	-653.542	63.5682	-39.8203	-653.542	
13867	12220	327.228	1455.43	325.298	-26.1482	-26.115	-0.748451	1	1	1	1	1	-332.06	-197.09	133.48	-119.789	706.204	557.735	-332.06	-255.19	-195.917	133.48	11.4419	-121.199	706.204	629.056	557.264	6.20121	9	0	103.28	-26.092	-11.4246	628.003	-26.092	-11.4246	628.003	
13868	22803	261.111	639.691	258.108	26.5371	27.514	-0.929043	1	1	1	1	1	-129.746	-233.129	133.517	-98.7842	121.012	87.5804	-129.746	-182.824	-234.673	133.517	15.5176	-101.231	121.012	104.75	88.3467	5.88392	10	0	75.6538	28.1379	-11.7912	102.566	28.1379	-11.7912	102.566	
13868	17809	211.287	475.446	207.66	49.4652	44.802	-0.797513	1	1	1	1	1	-313.011	-176.584	133.217	-21.1786	-29.5414	-8.01386	-313.011	-246.168	-174	133.217	51.9053	-23.6912	-29.5414	-21.337	-8.27085	4.52464	6	0	68.1051	44.8275	8.21682	-16.5412	44.8275	8.21682	-16.5412	
13868	73026	258.953	567.078	258.667	-17.3197	-18.986	-0.73501	1	1	1	1	1	-315.065	-128.905	133.362	-41.6224	434.624	456.053	-315.065	-227.119	-128.665	133.362	41.2926	-41.7558	434.624	456.988	456.06	5.05003	6	0	70.406	-18.9569	-4.1754	446.475	-18.9569	-4.1754	446.475	
13867	10291	107.755	276.586	107.603	-99999	-7.496	-0.872976	1	1	1	0	0	-357.284	-325.857	11.7511	-88.9537	-248.385	-234.156	-357.276	-336.642	-325.81	11.7511	-37.3816	-89.0892	-248.385	-242.511	-234.142	4.50925	8	0	83.7436	-7.46969	-26.4239	-237.888	-7.46969	-26.4239	-237.888	
13868	33560	221.684	902.542	221.675	-114.854	22.344	-0.870224	0	0	0	0	0	-136.192	-246.524	133.426	-41.0143	-86.613	-12.2803	-136.192	-189.563	-246.524	133.426	40.9617	-41.0143	-86.613	-57.4784	-12.2803	9.91141	8	0	119.77	72.2212	67.2485	826.314	116.091	-21.8901	119.537	
13868	32323	282.262	745.164	281.101	-99999	53.436	-0.436979	1	1	1	1	1	-165.825	-77.6494	132.652	22.159	-85.6534	157.288	-149.398	-105.562	-60.8215	133.031	76.9978	22.0275	-86.3544	35.5097	157.546	4.12405	7	0	53.7708	53.4848	20.4743	99.4399	53.4848	20.4743	99.4399	
13868	35828	46.5022	132.703	44.5812	-99999	-23.079	-0.723607	1	1	1	1	1	-66.4866	-83.8476	132.635	105.122	-311.859	-281.856	-73.4914	-80.5026	-91.5621	133.356	117.42	104.654	-312.503	-297.136	-281.22	6.24417	6	0	73.3551	-23.052	14.6046	-716.138	-23.052	14.6046	-716.138	
13868	38546	311.035	29670	309.917	43.8981	43.934	-0.316315	1	1	1	1	1	-131.769	-296.732	133.237	29.1709	116.595	357.288	-131.621	-213.709	-297.264	133.339	80.5947	29.0138	116.329	237.367	357.853	13226.9	9	0	28822.9	43.919	-6.28186	387.609	43.919	-6.28186	387.609	
13867	13640	237.195	2729.25	227.463	-99999	94.298	-0.985417	1	1	1	1	1	-121.209	-96.5784	128.693	-96.7631	669.106	681.931	-91.8522	-77.8825	-65.0453	129.906	12.5147	-104.958	668.974	678.208	681.275	14.1196	8	0	173.952	94.3203	-65.371	627.845	94.3203	-65.371	627.845	
13868	40558	23.7073	63.1902	23.6971	-99999	61.558	-0.900546	1	1	0	0	0	-89.8275	-80.1298	130.293	108.851	760.127	757.471	-70.554	-65.6205	-60.8533	130.299	119.581	108.851	760.128	759.008	757.471	6.36099	13	0	52.1616	54.52	10.6246	-187.709	54.52	10.6246	-187.709	
13868	73410	309.943	661.178	307.371	-466.67	30.872	-0.87817	0	0	0	0	0	-227.892	-192.172	134.473	-56.4768	-174.344	-401.08	-227.799	-208.914	-192.327	135.403	45.1506	-57.5522	-173.923	-297.466	-401.719	9.75604	13	0	61.263	-999999	-999999	-999999	-999999	-999999	-999999	
13868	42923	105.543	259.235	104.517	-99999	66.938	-0.994312	1	1	0	0	0	-244.09	-233.665	133.143	29.9526	871.397	880.836	-244.166	-239.104	-233.604	133.143	80.8967	28.969	871.397	874.767	880.962	5.65226	11	0	62.7673	66.98	19.8477	812.878	66.98	19.8477	812.878	
13868	42906	110.465	283.526	109.779	-99999	104.049	-0.971542	1	1	1	1	0	-114.564	-93.7983	132.922	25.214	-46.7852	-42.7036	-82.154	-71.4416	-61.216	133.583	79.4477	25.214	-46.8129	-44.6531	-42.7036	5.82044	8	0	52.546	113.086	35.8771	256.41	113.086	35.8771	256.41	
13868	4335	137.922	350.449	136.748	36.9428	37.238	-0.89329	1	1	1	0	0	-220.455	-180.692	131.79	5.63929	-831.184	-863.639	-220.838	-198.396	-180.691	132.836	70.3726	5.63731	-830.835	-848.879	-863.639	7.10268	10	0	77.5305	37.2612	15.3417	-799.437	37.2612	15.3417	-799.437	
13868	474	442.432	1040.59	442.125	79.9388	78.239	-0.457449	1	1	1	1	1	-90.4148	-337.305	133.306	-64.6431	517.047	821.884	-90.2615	-209.578	-337.305	133.443	28.9372	-64.6431	516.828	670.977	821.884	9.98071	10	0	79.4177	78.2882	-7.93767	699.083	78.2882	-7.93767	699.083	
13868	3546	266.674	687.143	259.307	108.473	103.28	-0.771985	1	1	1	1	1	-252.639	-88.1416	132.274	-64.9439	-368.727	-394.572	-252.639	-167.114	-83.2262	132.274	32.3988	-70.3708	-368.727	-389.209	-395.291	4.77648	6	0	66.5388	103.308	-20.096	-391.839	103.308	-20.096	-391.839	
13868	4155	294.208	633.042	289.594	-99999	90.221	-0.922505	1	1	1	1	1	-125.758	-105.155	133.006	-135.318	-301.068	-204.465	-97.6192	-79.7753	-76.8344	133.741	-1.68207	-137.631	-301.353	-246.824	-204.156	9.18347	6	0	91.5212	90.2554	-36.0944	-231.844	90.2554	-36.0944	-231.844	
13867	10732	329.601	740.528	328.726	-99999	51.932	-0.674558	1	1	1	1	1	-295.629	-220.109	133.145	-83.0608	-64.6163	169.093	-295.821	-250.621	-220.138	133.61	26.7026	-83.1466	-65.1064	51.7143	169.243	6.95777	15	0	86.4917	51.9577	-1.15455	67.1472	51.9577	-1.15455	67.1472	
13868	11233	314.444	642.884	313.659	-238.621	-26.169	-0.931514	1	0	0	0	0	-271.255	-193.912	133.721	-149.437	-68.2445	-175.623	-271.255	-237.433	-193.745	133.721	-9.35164	-150.112	-68.2445	-123.331	-175.955	5.04605	12	0	70.2349	-26.1365	50.4924	241.438	-26.1365	50.4924	241.438	
13868	16325	94.7098	264.548	93.1766	-36.3852	-36.388	-0.982548	1	0	0	0	0	-201.433	-215.645	132.146	41.4985	-689.277	-701.428	-201.396	-211.81	-215.669	132.328	86.3325	40.1953	-689.266	-693.105	-701.729	7.38852	6	0	87.2989	-36.3676	17.3371	-679.276	-36.3676	17.3371	-679.276	
13868	11936	320.331	808.534	318.457	-99999	-5.158	-0.9251	1	1	1	1	1	-254.579	-137.002	133.105	-159.503	-230.325	-200.13	-254.579	-183.739	-136.653	133.105	-9.8807	-161.302	-230.325	-218.239	-199.815	10.244	6	0	75.721	-5.13009	-34.7871	-210.922	-5.13009	-34.7871	-210.922	
13868	72057	310.925	1027.7	304.189	50.2795	50.104	-0.568699	1	1	1	1	1	-118.891	-299.119	130.12	-18.5209	-795.366	-600.951	-115.065	-207.71	-299.119	133.775	56.829	-18.5209	-799.526	-701.253	-600.951	4.03456	10	0	333.079	50.1246	-43.3623	-571.313	83.6446	34.1236	-816	
13868	73257	180.603	367.589	146.616	-99999	32.224	-0.53706	1	1	1	1	1	-198.798	-94.438	130.659	51.8444	-602.733	-536.468	-189.801	-125.581	-60.7633	131.48	82.7584	36.5277	-603.425	-562.732	-520.276	6.04574	7	0	48.4473	32.2571	28.8529	-531.526	32.2571	28.8529	-531.526	
13868	14687	156.55	418.827	154.989	310.944	9.016	-0.907016	1	1	1	1	1	-180.585	-227.042	133.062	9.13778	574.709	498.337	-180.585	-202.948	-227.492	133.062	64.437	8.19256	574.709	544.741	497.185	4.86186	7	0	82.0308	9.04551	-12.7121	509.948	9.04551	-12.7121	509.948	
13868	19588	149.829	379.019	148.889	-99999	79.134	-0.920579	1	1	1	1	0	-330.803	-322.72	129.226	-5.91011	138.925	200.286	-330.897	-329.208	-322.807	130.011	61.6173	-5.98198	138.601	169.055	200.322	5.56413	13	0	79.0445	79.1455	26.6223	182.699	79.1455	26.6223	182.699	
13868	15139	114.233	278.103	113.494	-99999	73.432	-0.791987	1	1	0	0	0	-348.053	-334.72	134.689	54.095	-419.293	-341.163	-348.174	-343.327	-334.804	135.31	92.6195	54.095	-419.654	-382.144	-341.163	6.26471	14	0	78.001	73.4382	62.4943	-340.094	73.4382	62.4943	-340.094	
13868	18239	121.048	321.145	119.601	-24.6623	-25.702	-0.865765	1	1	1	1	1	-198.076	-256.713	132.497	28.7771	-754.613	-746.596	-197.892	-228.198	-257.104	132.815	80.634	27.7797	-754.659	-751.197	-746.605	4.26074	9	0	85.6482	-16.186	-37.0162	-184.087	18.864	33.7637	-620.932	
13868	17186	114.373	298.549	113.795	-99999	51.808	-0.940968	1	1	1	0	0	-320.395	-283.039	132.693	26.0013	215.842	226.507	-320.642	-300.857	-283.098	133.236	79.8474	26.0013	215.867	219.641	226.507	5.81725	7	0	80.8094	51.8309	33.5706	232.276	51.8309	33.5706	232.276	
13868	15667	313.599	1365.18	313.597	-99999	32.25	-0.492017	1	1	1	1	1	-229.398	-270.98	133.416	22.8485	426.954	717.307	-229.435	-250.037	-271.017	133.416	77.6377	22.8485	426.954	571.955	717.307	72.7307	12	0	481.875	32.3258	-4.24045	705.593	32.3258	-4.24045	705.593	
13868	15867	293.281	837.27	292.229	81.0621	82.884	-0.802856	1	1	1	1	1	-80.1106	-221.614	132.903	-99.1849	-503.283	-399.338	-79.6224	-157.888	-221.647	133.68	20.7935	-99.2475	-503.584	-452.595	-399.3	7.79805	13	0	88.68	82.922	-6.42001	-447.157	82.922	-6.42001	-447.157	
13868	78732	275.568	665.725	275.275	-99999	53.961	-0.991933	1	1	1	1	1	-310.55	-280.948	133.5	-133.631	-379.687	-327.742	-310.617	-301.852	-280.996	133.663	0.488887	-133.74	-379.707	-347.906	-327.734	6.88975	8	0	87.0157	53.9757	-18.6977	-344.829	53.9757	-18.6977	-344.829	
13868	22286	306.74	2223.91	305.837	46.1113	45.103	-0.783161	1	1	1	1	1	-108.482	-259.083	132.89	-93.2314	234.884	374.559	-108.351	-182.52	-259.38	133.131	17.5973	-93.6904	234.752	303.02	374.776	7.33944	10	0	78.7072	45.1367	-13.4794	310.185	45.1367	-13.4794	310.185	
13868	26719	289.632	664.236	289.597	-99999	115.271	-0.915316	1	1	1	1	1	-228.388	-312.642	126.164	-129.738	468.629	566.666	-228.52	-278.051	-312.775	126.164	-3.887	-129.756	468.629	508.317	566.678	8.82643	10	0	48.4977	115.289	-42.4996	527.843	115.289	-42.4996	527.843	
13868	25331	88.8169	238.374	88.7561	-99999	92.899	-0.945019	1	1	0	0	0	-314.693	-333.307	133.77	54.6661	534.841	567.591	-314.799	-323.419	-333.412	133.77	91.9821	54.6182	534.841	546.757	567.619	5.78868	7	0	79.0328	92.9289	53.6028	568.942	92.9289	53.6028	568.942	
13868	27651	449.824	5451.4	449.046	-99999	-33.93	-0.484842	1	1	1	1	1	-190.288	-156.805	130.834	-42.84	-486.133	-103.137	-200.913	-186.496	-167.313	130.834	10.2342	-42.3797	-486.133	-296.892	-102.572	8.59499	21	0	152.089	-33.8929	-40.8736	-182.452	-33.8929	-40.8736	-182.452	
13868	20276	227.937	515.299	227.565	-128.863	83.841	-0.72239	0	0	0	0	0	-139.923	-242.596	132.318	0.576475	-521.897	-371.479	-139.808	-181.383	-242.596	132.585	55.5005	0.576475	-522.12	-449.551	-371.479	4.69927	11	0	77.0261	-999999	-999999	-999999	-999999	-999999	-999999	
13868	34244	332.901	885.796	332.9	-99999	56.69	-0.86477	1	1	1	1	1	-182.544	-79.0835	132.881	-162.023	469.44	354.868	-164.791	-112.119	-61.3313	132.881	-14.497	-162.023	469.44	412.796	354.868	4.09749	13	0	54.8974	56.7139	-59.4833	396.424	56.7139	-59.4833	396.424	
13868	34082	83.3914	227.978	83.1044	-99999	30.848	-0.793266	1	1	1	0	0	-266.327	-274.879	132.916	65.0792	-310.194	-264.87	-266.362	-274.323	-274.866	132.916	99.6548	64.9183	-310.194	-286.424	-264.781	4.94224	14	0	79.4552	26.4497	-17.2751	414.284	26.4497	-17.2751	414.284	
13868	75982	208.78	510.532	208.777	-99999	-28.418	-0.714962	1	1	1	1	1	-244.298	-302.4	132.581	-24.2245	-678.912	-555.791	-244.265	-274.273	-302.367	132.581	52.9177	-24.2245	-678.912	-618.593	-555.791	9.85286	10	0	80.1437	-30.8485	10.9129	-281.975	-30.8485	10.9129	-281.975	
13868	37997	304.15	2612.45	304.137	22.547	21.222	-0.720663	1	1	1	1	1	-321.043	-146.692	134.356	-72.2429	-388.059	-525.139	-321.043	-237.844	-146.692	134.356	26.6113	-72.2429	-388.059	-455.528	-525.139	4.67382	10	0	71.854	21.2431	-4.70542	-457.27	21.2431	-4.70542	-457.27	
13868	36615	162.569	3064.64	159.763	-109.492	107.386	-0.7912	0	0	0	0	0	-160.445	-242.802	133.074	16.8836	596.261	666.173	-160.445	-196.697	-244.846	133.074	69.6077	15.2767	596.261	631.557	667.214	8.24401	6	0	74.5216	0.208717	-27.9039	702.518	0.208717	-27.9039	702.518	
13868	38206	297.853	685.886	297.153	-99999	67.934	-0.942049	1	1	1	0	0	-154.333	-82.6594	133.089	-155.088	-831.474	-828.825	-133.312	-95.3421	-61.3863	133.738	-10.1535	-155.088	-831.439	-830.063	-828.825	4.29792	11	0	45.546	67.9528	-47.3538	-285.371	109.983	-40.662	-304.027	
13868	413	21.4446	67.2243	12.1372	-99999	22.49	-0.871613	1	1	1	1	1	-341.495	-347.099	125.328	114.694	-768.869	-769.766	-338.964	-343.52	-347.98	130.764	121.417	111.921	-767.501	-769.539	-770.353	9.84445	18	0	67.2243	22.5202	-24.4054	-443.913	22.5202	-24.4054	-443.913	
13868	7637	211.935	519.234	210.782	-99999	5.289	-0.934733	1	1	1	1	1	-286.191	-255.943	131.961	-52.2906	-722.018	-626.495	-286.297	-273.929	-255.949	133.04	37.3096	-52.2906	-722.402	-679.001	-626.495	5.31976	13	0	77.6017	5.31839	-6.93706	-658.976	5.31839	-6.93706	-658.976	
13868	7392	290.457	742.846	289.829	-99999	69.826	-0.970731	1	1	1	1	1	-250.994	-270.867	133.319	-148.97	-851.358	-803.428	-251.074	-272.685	-270.891	133.319	-8.91502	-149.498	-851.358	-832.289	-803.38	11.5987	11	0	120.667	69.8427	-25.8079	-784.739	69.8427	-25.8079	-784.739	
13868	9594	38.2025	116.784	36.459	-99999	73.486	-0.707124	1	1	1	1	1	-283.835	-305.893	133.571	107.263	483.396	495.622	-283.919	-295.663	-306.911	133.571	119.947	105.872	483.396	489.818	496.098	8.24742	10	0	74.8757	73.5189	-8.59942	173.888	73.5189	-8.59942	173.888	
13868	73940	311.845	810.646	310.819	-12.7493	-19.154	-0.769822	1	1	1	1	1	-310.755	-202.199	132.82	-91.1601	173.866	-8.74356	-310.968	-267.496	-202.189	133.545	17.204	-91.1708	174.425	80.4628	-8.75271	5.68577	12	0	63.2261	-19.1223	-2.15114	78.9768	-19.1223	-2.15114	78.9768	
13868	5365	205.77	522.591	205.379	-99999	27.545	-0.86046	1	1	1	1	1	-217.675	-302.821	131.977	-50.3719	-678.776	-712.322	-217.528	-260.478	-302.853	132.31	42.1172	-50.3719	-678.691	-702.976	-712.322	5.05471	18	0	94.2985	27.5704	-13.8148	-692.71	27.5704	-13.8148	-692.71	
13868	12983	319.593	731.979	319.428	-99999	59.804	-0.986231	1	1	1	1	1	-90.5135	-175.789	133.966	-171.665	407.638	422.194	-71.7629	-107.068	-157.061	134.125	-21.6684	-171.665	407.631	408.301	422.194	6.43094	7	0	92.5318	62.8429	-77.965	721.864	62.8429	-77.965	721.864	
13868	14753	279.252	662.907	279.144	-99999	-48.272	-0.971133	1	1	1	1	1	-350.881	-280.799	119.957	-146.7	-403.442	-365.712	-350.848	-322.556	-280.743	120.058	-14.974	-146.7	-403.452	-382.137	-365.712	9.78357	8	0	109.562	-48.2698	-11.3996	-380.586	-48.2698	-11.3996	-380.586	
13868	14414	236.768	604.366	236.765	-99999	77.025	-0.797865	1	1	1	1	1	-308.52	-228.843	133.339	-46.7366	466.322	596.928	-308.608	-265.923	-228.931	133.339	43.5631	-46.7366	466.322	530.461	596.928	5.17649	12	0	86.4654	77.0487	-2.9569	544.324	77.0487	-2.9569	544.324	
13868	10318	248.932	541.007	247.243	-532.322	-47.458	-0.923479	0	0	0	0	0	-224.295	-167.449	131.262	-102.231	737.765	688.698	-224.645	-185.937	-167.446	132.365	15.9722	-102.696	738.067	717.693	688.579	5.08074	13	0	70.3122	-3.15597	70.9397	-629.499	92.294	-37.4894	-364.702	
13868	17962	152.244	390.224	152.227	87.4644	86.448	-0.797439	1	1	1	1	1	-299.752	-197.23	133.146	23.3835	-583.959	-606.392	-299.761	-249.775	-197.23	133.157	76.6831	23.3835	-583.958	-593.558	-606.392	8.89282	7	0	89.1043	86.473	21.6309	-596.917	86.473	21.6309	-596.917	
13868	19012	434.973	1066.44	434.219	37.4068	38.104	-0.683185	1	1	1	1	1	-156.26	-291.163	133.268	-153.847	-867.83	-580.266	-155.991	-241.446	-291.163	133.782	-7.06498	-153.847	-868.294	-726.368	-580.266	6.24308	15	0	76.401	38.1209	-38.3411	-676.375	38.1209	-38.3411	-676.375	
13868	16010	553.551	1321.59	553.536	-99999	59.689	-0.388878	1	1	1	1	1	-219.438	-111.771	130.925	-47.4402	-367.502	143.577	-200.747	-152.002	-93.0784	130.925	28.8512	-47.441	-367.502	-114.979	143.583	4.81961	11	0	74.2526	59.7353	-12.2543	-57.4088	59.7353	-12.2543	-57.4088	
13868	17110	93.4198	247.525	93.2695	-99999	100.685	-0.778082	1	1	0	0	0	-220.981	-229.444	131.723	60.8713	-751.959	-692.609	-221.061	-225.504	-229.56	131.832	94.3495	60.8713	-752.041	-724.625	-692.609	9.44442	13	0	87.1574	100.711	20.7081	-700.531	100.711	20.7081	-700.531	
13868	19610	133.394	322.342	133.006	-99999	-30.667	-0.979712	1	1	1	1	0	-185.253	-192.513	129.47	-0.0260328	745.261	772.699	-194.86	-199.618	-202.131	129.735	65.1253	-0.0888117	745.207	760.284	772.707	7.85418	9	0	60.0152	-30.636	4.19824	747.983	-30.636	4.19824	747.983	
13868	28521	240.779	597.769	239.478	-99999	-18.143	-0.948729	1	1	1	1	1	-88.363	-86.9485	129.224	-107.855	701.946	722.06	-94.1349	-84.4881	-92.6506	130.313	11.3011	-107.958	701.583	712.262	722.067	4.61176	7	0	89.5829	-18.1259	-25.274	710.576	-18.1259	-25.274	710.576	
13868	23159	265.205	810.976	263.911	71.096	73.789	-0.874277	1	1	1	1	1	-118.013	-249.258	132.976	-73.3329	300.836	393.828	-117.91	-174.233	-249.744	133.233	24.3582	-74.1117	300.745	350.924	393.865	20.7406	6	0	89.797	73.8129	-13.4476	361.388	73.8129	-13.4476	361.388	
13868	25825	221.005	454.207	160.063	-99999	112.254	-0.656533	1	1	1	1	1	-288.974	-339.421	133.641	21.6354	646.512	749.057	-289.103	-324.229	-358.481	133.641	56.7654	-22.193	646.512	717.664	786.744	4.40002	12	0	101.813	112.274	-43.4686	502.492	112.274	-43.4686	502.492	
13868	25589	237.051	575.772	236.238	-36.8715	-34.592	-0.818645	1	1	1	1	1	-149.039	-249.022	132.542	-62.1738	-129.617	-216.898	-149.03	-196.165	-249.338	132.563	34.8727	-62.8785	-129.605	-177.313	-217.014	5.65115	6	0	71.7965	-34.5757	-11.5473	-188.465	-34.5757	-11.5473	-188.465	
13868	26989	263.568	690.225	263.463	-99999	-17.331	-0.735761	1	1	1	1	1	-269.35	-276.618	128.499	-94.4159	-469.606	-340.027	-269.33	-271.724	-276.598	128.499	20.1036	-94.4159	-469.606	-397.165	-340.027	17.4781	9	0	180.733	-17.3118	-23.8494	-373.651	-17.3118	-23.8494	-373.651	
13868	34183	224.077	551.239	224.068	-27.2659	-27.956	-0.955778	1	1	1	1	1	-218.51	-172.227	133.315	-75.7149	2.7709	66.4269	-218.51	-198.994	-172.227	133.315	27.938	-75.7149	2.7709	35.2271	66.4269	4.32713	6	0	79.4406	-27.955	-17.6456	40.8111	-27.955	-17.6456	40.8111	
13868	34814	471.087	1074.83	470.528	26.8058	28.856	-0.548435	1	1	1	1	1	-118.761	-323.142	133.149	-99.4132	-247.357	102.813	-118.565	-229.789	-323.147	133.416	11.0545	-99.42	-247.709	-80.1353	102.882	5.10926	14	0	72.432	28.9015	-32.1324	-351.423	28.9015	-32.1324	-351.423	
13868	30211	339.697	848.728	338.414	-99999	35.13	-0.895187	1	1	1	1	1	-320.096	-218.09	133.438	-169.531	-824.821	-716.997	-320.136	-262.063	-218.223	133.438	-16.2551	-170.64	-824.821	-769.546	-716.361	6.07312	16	0	108.343	35.1534	-3.23409	-752.047	35.1534	-3.23409	-752.047	
13868	37652	127.44	336.923	105.231	-99999	114.468	-0.578333	1	1	1	1	1	-179.454	-230.891	132.414	70.8005	814.72	882.708	-143.424	-174.699	-203.385	132.646	94.9457	60.4663	814.449	855.192	899.791	25.1757	7	0	112.657	114.51	20.9917	783.497	114.51	20.9917	783.497	
13868	20749	321.515	2696.33	321.126	115.597	115.257	-0.769241	1	1	1	1	1	-274.886	-112.599	133.852	-105.518	-52.4915	-189.669	-274.896	-194.657	-112.394	133.871	14.4296	-105.745	-52.4795	-123.456	-189.735	5.4706	9	0	63.8537	115.295	-28.299	-140.233	115.295	-28.299	-140.233	
13868	79922	350.928	1476.77	350.698	-42.863	-45.423	-0.733916	1	1	1	1	1	-315.359	-175.302	133.219	-134.207	391.982	216.169	-315.433	-248.078	-175.302	133.378	3.05521	-134.207	392.106	295.885	216.169	5.62558	14	0	95.6094	-45.3996	-11.4578	297.433	-45.3996	-11.4578	297.433	
13868	35599	218.888	512.966	218.887	-99999	86.048	-0.702336	1	1	1	1	1	-231.333	-88.4596	133.365	-23.1202	-379.619	-434.144	-204.387	-132.329	-61.5142	133.365	55.4741	-23.1202	-379.619	-406.134	-434.144	5.41996	11	0	57.1305	86.0712	-11.5077	-424.474	86.0712	-11.5077	-424.474	
13868	41519	133.626	365.511	132.296	-99999	11.19	-0.981802	1	1	1	1	1	-135.276	-151.884	132.817	3.70177	-135.802	-116.249	-131.756	-136.562	-148.473	133.046	67.7967	2.62035	-135.844	-122.481	-116.296	9.10941	7	0	91.6563	6.69063	-0.643458	-235.657	6.69063	-0.643458	-235.657	
13868	75812	108.497	269.039	107.545	-99999	73.35	-0.736251	1	1	1	1	1	-114.225	-91.3986	126.729	38.8974	556.543	500.679	-91.2559	-76.9711	-68.3671	126.729	84.9313	38.0905	556.543	525.229	500.18	6.59817	16	0	76.8705	73.3604	-31.8638	626.578	73.3604	-31.8638	626.578	
13867	16529	52.0533	166.326	51.5491	-14.0422	-14.044	-0.85557	0	0	0	0	0	-203.578	-232.924	132.777	93.6825	170.623	186.382	-203.578	-218.705	-233.188	132.777	112.833	93.2833	170.623	177.382	186.527	8.24351	9	0	89.9807	-14.0076	37.0209	233.091	-14.0076	37.0209	233.091	
13868	9161	440.014	1068.85	439.203	47.7018	47.32	-0.65622	1	1	1	1	1	-248.996	-85.6609	131.241	-167.784	796.123	521.993	-249.064	-167.101	-85.2452	131.356	-23.6956	-168.127	796.237	663.704	521.667	4.90104	11	0	74.7935	47.3586	-42.7372	631.972	47.3586	-42.7372	631.972	
13868	9238	270.726	774.862	270.08	-99999	31.574	-0.796888	1	1	1	1	1	-66.1487	-215.562	97.2861	-124.727	-103.877	-139.451	-61.187	-136.309	-210.869	97.2861	-13.7596	-125.306	-103.877	-122.493	-139.394	6.83423	6	0	72.5898	31.6099	-14.7498	-127.609	31.6099	-14.7498	-127.609	
13868	7700	311.579	1045	299.701	-99999	-29.604	-0.973268	1	1	1	1	1	-217.342	-271.752	131.93	-159.97	-255.827	-219.772	-217.255	-245.84	-275.25	132.168	-19.1915	-169.964	-255.853	-235.28	-215.097	7.9363	11	0	136.721	-29.5754	-36.8418	-231.616	-29.5754	-36.8418	-231.616	
13868	9491	73.7866	205.929	72.1375	-99999	64.13	-0.982472	1	1	1	0	0	-298.453	-301.086	133.181	62.1256	575.137	583.454	-298.519	-301.553	-301.318	133.242	97.0035	61.3757	575.128	579.204	583.691	4.0303	10	0	78.8817	64.1527	49.3757	589.244	64.1527	49.3757	589.244	
13868	72712	324.961	848.973	313.708	-28.6036	-28.232	-0.928051	1	1	1	1	1	-157.523	-219.318	133.186	-163.426	-890.309	-809.733	-157.507	-189.522	-221.359	133.272	-20.2637	-174.166	-890.347	-848.039	-808.882	7.82714	15	0	105.814	-28.2195	-22.6353	-786.73	-28.2195	-22.6353	-786.73	
13868	10808	117.213	299.078	116.907	-99999	69.328	-0.918255	1	1	1	0	0	-300.653	-254.393	133.12	29.1677	-282.636	-258.825	-300.751	-275.381	-254.385	133.166	80.9373	28.9427	-282.643	-274.885	-258.746	5.15665	11	0	78.7479	69.356	15.6347	-262.535	69.356	15.6347	-262.535	
13868	18440	249.579	571.998	248.953	-99999	45.481	-0.466506	1	1	1	1	1	-137.398	-75.5832	132.649	19.3717	-324.2	-111.316	-123.212	-92.6182	-61.2323	132.745	75.6837	19.2091	-324.373	-217.698	-110.945	7.7173	11	0	50.0772	45.5122	26.5738	-148.741	45.5122	26.5738	-148.741	
13868	16726	259.649	29777.3	256.049	-99999	-6.839	-0.933367	1	1	1	1	1	-339.983	-329.394	133.422	-84.7725	-337.662	-468.083	-339.975	-335.141	-328.96	133.422	21.9881	-86.6752	-337.662	-403.406	-470.939	807.435	60	0	29275.5	-6.82597	-26.1394	-389.991	-6.82597	-26.1394	-389.991	
13868	20137	110.041	1385.04	109.152	-99999	101.584	-0.937544	1	1	1	1	1	-296.442	-260.259	132.892	32.2649	-346.689	-324.915	-296.588	-277.992	-260.144	132.994	82.3534	31.5352	-346.709	-335.929	-324.773	7.51988	8	0	1122.62	101.59	-21.2647	-313.02	101.59	-21.2647	-313.02	
13868	23037	23.6049	113.733	23.5875	-99999	96.071	-0.82302	0	0	0	0	0	-105.374	-92.269	129.877	110.428	842.823	840.317	-75.2996	-68.7165	-62.1849	129.891	120.175	110.428	842.825	841.579	840.317	8.79581	8	0	102.976	96.0824	70.0619	822.264	96.0824	70.0619	822.264	
13868	20370	166.837	480.618	165.279	-99999	59.971	-0.901922	0	0	0	0	0	-309.064	-237.497	133.127	-11.3265	188.641	223.478	-309.208	-275.262	-237.282	133.291	58.6625	-12.654	188.618	203.824	223.61	4.77198	13	0	106.466	-999999	-999999	-999999	-999999	-999999	-999999	
13867	9848	257.176	607.716	256.974	-99999	-31.524	-0.970502	1	1	1	1	1	-328.413	-340.235	127.34	-125.295	85.823	117.344	-328.382	-323.542	-340.199	127.527	1.17181	-125.295	85.7761	105.511	117.344	4.88543	8	0	92.6355	-31.5072	-15.1654	109.481	-31.5072	-15.1654	109.481	
13868	22705	228.66	7189.41	225.9	-99999	107.007	-0.968897	1	1	1	1	1	-246.341	-271.676	132.108	-86.7405	43.3658	93.183	-246.309	-258.963	-272.035	133.054	22.371	-88.4853	43.1709	68.8418	93.4348	354.622	11	0	6644.76	107.033	-47.2895	92.3013	107.033	-47.2895	92.3013	
13868	24505	216.213	749.358	214.648	-99999	107.032	-0.74505	1	1	1	1	1	-133.299	-227.389	133.238	-18.582	-201.945	-320.925	-116.243	-163.088	-210.997	133.698	56.4111	-19.2438	-201.614	-260.912	-321.456	7.16679	12	0	51.5841	107.06	-24.4738	-325.143	107.06	-24.4738	-325.143	
13868	31128	242.781	580.823	240.941	95.6816	94.296	-0.894684	1	1	1	1	1	-190.634	-291.886	133.132	-73.9266	730.524	798.549	-190.618	-241.757	-292.421	133.172	30.3597	-75.6351	730.512	769.721	798.616	5.29585	7	0	72.6017	94.3176	-16.4578	761.679	94.3176	-16.4578	761.679	
13868	35966	367.765	886.196	367.199	-99999	102.746	-0.873122	1	1	1	1	1	-358.566	-252.834	110.948	-168.414	385.662	586.78	-358.748	-307.739	-252.931	111.157	-46.613	-168.666	385.564	464.902	586.979	6.29915	16	0	98.984	102.767	-8.18281	455.134	102.767	-8.18281	455.134	
13868	38665	169.001	432.089	167.991	-17.4726	-17.381	-0.677872	1	1	1	1	1	-232.537	-115.386	132.929	20.4011	276.158	234.909	-232.601	-172.831	-114.767	132.996	77.4358	19.7365	276.188	254.494	234.885	4.86788	6	0	70.7687	-17.357	14.8361	238.582	-17.357	14.8361	238.582	
13868	41196	52.7085	797.811	51.7761	-99999	64.455	-0.79429	1	1	1	1	1	-212.184	-243.744	132.279	91.6132	92.2506	87.1518	-211.953	-228.101	-244.058	132.694	112.126	91.2823	92.3315	89.1047	87.1597	25.1464	8	0	570.487	64.4768	-2.39871	77.7287	64.4768	-2.39871	77.7287	
13868	15469	94.4357	287.392	94.4322	-99999	99.351	-0.575501	1	1	1	1	0	-208.979	-133.491	127.766	75.4664	-370.491	-392.143	-177.868	-140.38	-102.379	127.766	100.75	75.4664	-370.491	-380.2	-392.143	6.11536	8	0	73.8611	99.3735	40.1107	-395.046	99.3735	40.1107	-395.046	
13868	16069	305.957	737.967	304.967	-99999	-35.73	-0.997648	1	1	1	1	1	-214.074	-236.741	127.936	-168.112	184.823	228.894	-214.005	-223.84	-236.78	128.429	-21.9252	-168.432	184.824	193.192	228.962	14.5043	7	0	158.311	-35.7038	-26.8786	204.949	-35.7038	-26.8786	204.949	
13868	44827	163.653	428.14	162.159	-99999	87.109	-0.920068	1	1	1	1	1	-213.575	-287.767	131.796	-10.4521	-410.103	-390.437	-213.674	-247.659	-288.365	131.796	58.2309	-11.8516	-410.103	-399.274	-390.53	6.45435	8	0	114.912	87.1388	-1.94274	-388.731	87.1388	-1.94274	-388.731	
13868	27045	211.713	523.355	211.128	-99999	91.704	-0.957817	1	1	1	1	1	-240.982	-297.662	132.837	-67.4437	-368.649	-340.416	-241.087	-264.696	-297.903	132.837	31.3273	-68.0085	-368.649	-350.307	-340.431	4.28063	9	0	71.6347	82.0656	-39.8149	-59.6684	82.0656	-39.8149	-59.6684	
13868	40480	303.053	701.05	302.102	-99999	33.724	-0.987023	1	1	1	1	1	-339.23	-300.153	133.39	-163.28	-303.486	-272.171	-339.366	-311.491	-300.191	134.036	-14.1561	-163.431	-303.476	-289.751	-272.165	11.4733	7	0	141.198	33.7404	-28.6488	-282.694	33.7404	-28.6488	-282.694	
13868	43280	406.18	980.257	403.446	-99999	85.92	-0.619228	1	1	1	1	1	-302.935	-196.987	133.2	-131.852	265.518	549.796	-316.767	-263.388	-210	134.143	6.43369	-132.665	264.36	412.903	550.533	4.03006	13	0	65.8252	85.9483	-12.484	414.774	85.9483	-12.484	414.774	
13868	54361	132.977	355.38	132.782	-99999	7.56	-0.690813	1	1	0	0	0	-267.387	-229.503	133.271	49.6267	752.997	846.546	-267.466	-244.863	-229.511	133.399	89.2083	49.6267	752.884	796.973	846.546	5.2457	14	0	94.5017	7.59925	26.3737	771.783	7.59925	26.3737	771.783	
13868	77177	305.306	713.064	301.909	-13.3374	-12.665	-0.845664	1	1	1	1	1	-288.033	-146.889	132.931	-127.83	-777.536	-806.658	-289.359	-212.749	-146.971	135.072	3.71782	-128.511	-777.305	-789.654	-807.174	4.53356	14	0	75.6492	-12.6385	-21.1884	-765.827	-12.6385	-21.1884	-765.827	
13868	50885	120.729	292.594	120.517	-99999	38.81	-0.953781	1	1	1	0	0	-153.727	-138.005	133.553	23.6207	-253.95	-297.181	-141.574	-139.328	-125.771	133.553	78.7982	23.4372	-253.95	-278.822	-297.217	8.74676	9	0	88.5761	38.8439	18.736	-285.301	38.8439	18.736	-285.301	
13868	6611	184.085	2545.46	183.432	15.5941	15.141	-0.730152	1	1	1	1	1	-304.88	-203.347	133.77	1.89258	-494.21	-566.519	-305.237	-248.886	-203.347	134.239	70.8343	1.89258	-493.953	-529.302	-566.519	6.79239	11	0	78.688	15.1651	14.7484	-538.453	15.1651	14.7484	-538.453	
13868	9108	110.04	280.561	108.693	-99999	79.814	-0.91291	1	0	0	0	0	-121.915	-86.3703	132.19	30.2373	-844.51	-832.447	-97.3426	-78.1346	-61.2949	133.168	82.0283	29.9801	-844.66	-838.156	-832.429	10.1342	8	0	67.4534	79.8237	29.4143	-823.441	79.8237	29.4143	-823.441	
13868	5218	133.539	243.021	129.762	-99999	-18.266	-0.819292	1	1	1	0	0	-217.029	-223.388	132.91	26.8942	-705.95	-632.501	-217.009	-216.522	-224.061	132.937	77.4234	24.4036	-705.969	-668.965	-629.816	5.56684	13	0	69.7132	-18.242	8.27198	-648.807	-18.242	8.27198	-648.807	
13868	8455	408.248	930.704	388.484	-29.4599	-30.254	-0.451738	1	1	1	1	1	-64.0298	-346.906	81.3103	-93.6584	455.143	655.769	-60.4425	-208.589	-358.087	83.4958	-9.38215	-100.034	452.817	558.101	663.382	5.12303	10	0	63.6735	-30.2143	-23.3497	570.414	-30.2143	-23.3497	570.414	
13867	3836	153.097	377.837	152.13	-99999	54.719	-0.91236	1	1	1	1	0	-308.542	-259.513	133.008	-9.74648	-353.506	-345.253	-308.616	-279.039	-259.512	133.037	63.1587	-10.6696	-353.51	-345.648	-345.159	5.36721	14	0	86.7082	54.7468	8.34816	-341.758	54.7468	8.34816	-341.758	
13868	11944	647.732	1575.47	646.381	-30.9767	-30.895	-0.518404	1	1	1	1	1	-238.165	-164.233	132.758	-161.709	-605.768	-37.0701	-238.062	-209.564	-164.211	133.376	-26.112	-161.753	-606.814	-326.856	-36.9763	5.41609	8	0	77.3228	-30.8593	-27.3922	-299.08	-30.8593	-27.3922	-299.08	
13868	11448	135.342	355.607	134.277	88.3431	86.846	-0.397062	1	1	1	1	1	-241.978	-189.492	131.721	48.8662	28.6671	-60.6337	-242.126	-212.677	-189.276	131.843	96.1002	48.1992	28.907	-20.3085	-60.9055	6.89264	12	0	84.722	86.884	18.5313	-29.5493	-24.286	60.3121	-42.1279	
13868	12648	98.2159	260.995	98.0833	-99999	88.499	-0.770581	1	1	0	0	0	-225.871	-218.393	132.631	60.4191	-422.883	-357.14	-225.976	-220.82	-218.494	132.73	96.1272	60.4191	-422.967	-390.685	-357.14	7.0998	15	0	93.6346	88.5358	21.6781	-370.771	88.5358	21.6781	-370.771	
13868	12848	98.0248	6877.38	97.6887	-99999	112.716	-0.558397	1	1	1	1	1	-186.923	-174.705	133.174	49.1737	-861.199	-817.869	-151.627	-143.664	-139.609	133.174	91.1657	48.9245	-861.199	-838.77	-817.884	5.1049	27	0	6469.24	112.745	-29.6772	-758.083	112.745	-29.6772	-758.083	
13868	13554	309.049	726.117	307.812	-19.4233	-19.3	-0.967436	1	1	1	1	1	-201.355	-265.117	131.897	-166.546	-711.144	-740.524	-201.166	-239.16	-265.233	132.703	-16.4909	-166.913	-711.068	-723.037	-740.551	6.59203	6	0	81.096	-19.2965	-28.7927	-709.318	-19.2965	-28.7927	-709.318	
13868	12690	215.824	442.49	214.84	-787.196	113.83	-0.926287	1	1	1	1	1	-265.233	-202.964	132.416	-59.7941	-85.6992	-155.709	-265.374	-236.908	-202.83	133.017	35.2746	-60.0327	-85.5012	-121.209	-155.892	4.60256	13	0	72.7703	113.854	-17.5151	332.921	113.854	-17.5151	332.921	
13868	11580	233.478	568.358	231.738	84.1438	81.367	-0.963616	1	1	1	1	1	-266.373	-201.904	131.776	-84.997	-411.856	-454.677	-266.635	-240.495	-201.904	133.444	21.7807	-84.997	-411.482	-433.028	-454.677	10.2629	7	0	88.5079	81.3686	-15.1317	-428.775	81.3686	-15.1317	-428.775	
13868	17235	201.733	547.858	199.537	-99999	69.998	-0.947894	1	1	1	0	0	-280.153	-331.423	132.348	-56.9739	752.795	785.422	-280.169	-302.265	-331.858	132.543	35.2796	-58.9202	752.773	766.755	785.281	9.11224	11	0	116.28	70.0183	-8.50222	755.612	70.0183	-8.50222	755.612	
13868	17704	231.227	1759.85	230.008	-34.8148	-15.367	-0.788112	1	1	1	1	1	-307.709	-202.405	133.64	-37.1252	543.68	432.549	-307.709	-253.352	-202.405	133.64	46.4737	-37.1252	543.68	490.672	432.549	5.02394	11	0	36.4265	-15.3271	-30.6728	440.013	-15.3271	-30.6728	440.013	
13868	17659	325.04	769.345	323.879	39.0886	40.546	-0.804598	1	1	1	1	1	-348.16	-183.372	132.281	-141.453	776.39	825.919	-348.206	-268.435	-182.68	132.345	-6.69298	-142.273	776.372	802.83	825.912	5.26784	7	0	83.2353	40.5738	9.40099	778.734	40.5738	9.40099	778.734	
13868	15924	238.577	572.875	238.572	-31.5121	-30.185	-0.921519	1	1	1	1	1	-178.609	-286.743	132.653	-78.0732	-135.868	-118.504	-178.609	-232.08	-286.743	132.653	26.2031	-78.0732	-135.868	-135.554	-118.504	8.47612	10	0	76.3428	-30.1509	-24.0753	-129.543	-30.1509	-24.0753	-129.543	
13868	18595	248.426	614.385	248.334	-99999	110.637	-0.516302	1	1	1	1	1	-236.138	-95.8842	132.9	1.0363	196.735	39.8972	-201.493	-131.302	-61.1894	132.9	67.7847	0.982835	196.735	117.614	39.8416	5.76069	13	0	58.7432	110.667	4.71194	72.2891	110.667	4.71194	72.2891	
13867	10948	126.027	404.674	125.563	-99999	45.324	-0.691336	1	1	1	1	1	-161.558	-217.817	131.806	44.3344	-251.601	-321.668	-154.435	-183.069	-210.807	131.806	88.0962	43.9235	-251.601	-286.814	-321.846	10.0509	16	0	124.058	45.3559	-33.7297	-381.655	45.3559	-33.7297	-381.655	
13868	33874	192.299	922.592	186.643	-99999	95.503	-0.984669	1	1	1	1	1	-147.951	-139.826	130.271	-51.2815	328.615	321.933	-118.045	-112.24	-110.421	130.271	36.1165	-54.4717	328.615	310.321	321.872	34.6355	7	0	356.183	95.5318	-49.0753	283.278	95.5318	-49.0753	283.278	
13868	31533	298.402	679.006	295.377	81.0491	81.487	-0.942899	1	1	1	1	1	-172.367	-269.027	131.313	-138.842	-513.573	-446.912	-172.173	-215.858	-270.153	131.977	-7.4797	-140.859	-513.699	-484.631	-446.811	4.78723	7	0	69.2089	89.6319	-49.083	516.752	89.6319	-49.083	516.752	
13868	30094	269.919	619.45	269.594	-99999	65.195	-0.952814	1	1	1	1	1	-268.829	-335.414	133.215	-120.607	-549.933	-495.173	-268.904	-294.399	-335.616	133.215	3.12636	-120.896	-549.933	-524.84	-495.111	8.14938	7	0	77.2013	65.214	-36.6024	-518.642	65.214	-36.6024	-518.642	
13868	34153	263.608	620.949	261.408	-30.8262	-31.606	-0.896992	1	1	1	1	1	-229.137	-158.65	131.843	-103.628	-91.3462	-175.507	-229.515	-199.284	-158.496	133.267	17.0968	-104.199	-90.7655	-144.977	-175.587	6.73295	11	0	75.7224	-31.5833	-24.7979	-153.27	-31.5833	-24.7979	-153.27	
13868	31812	69.1158	188.412	68.93	-99999	-28.472	-0.923195	1	1	0	0	0	-98.4633	-119.174	129.782	65.7794	175.213	188.849	-107.337	-118.188	-128.089	129.951	98.4931	65.7794	175.162	184.293	188.849	4.2676	8	0	78.1126	-28.4468	44.9946	187.221	-28.4468	44.9946	187.221	
13868	34370	360.85	5011.71	359.14	54.7347	57.239	-0.820136	1	1	1	1	1	-318.875	-192.528	132.948	-164.568	878.079	723.694	-319.069	-253.829	-192.242	133.48	-14.8288	-165.446	878.391	799.354	723.175	5.66328	16	0	86.3615	57.2724	-13.0221	772.303	57.2724	-13.0221	772.303	
13868	38021	35.0658	106.169	35.0658	-99999	90.906	-0.638133	0	0	0	0	0	-115.564	-89.8709	132.933	110.832	-627.937	-636.933	-87.097	-74.265	-61.4042	132.933	121.833	110.832	-627.937	-632.355	-636.933	11.5578	9	0	74.0962	90.93	71.0827	-630.627	90.93	71.0827	-630.627	
13868	31208	168.011	410.627	167.482	-99999	58.845	-0.938312	1	1	1	1	0	-311.519	-282.422	133.696	-16.1943	-217.039	-149.52	-311.626	-298.901	-282.489	134.194	59.4376	-16.1943	-217.196	-181.189	-149.52	5.78314	14	0	77.5701	58.8683	14.8099	-171.679	58.8683	14.8099	-171.679	
13867	17556	115.49	271.278	115.055	-99999	-5.734	-0.668571	1	1	1	1	1	-357.438	-299.268	85.3029	16.3209	564.021	633.463	-357.64	-330.754	-299.262	85.588	46.6013	16.3209	563.775	596.725	633.463	4.45144	16	0	69.176	-5.72171	47.1273	-138.138	-5.72171	47.1273	-138.138	
13868	36979	302.228	739.588	301.667	-99999	105.406	-0.934524	1	1	1	0	0	-325.96	-235.775	132.508	-153.868	846.546	868.513	-326.24	-277.279	-235.857	132.946	-9.27025	-153.946	846.504	859.965	868.524	5.21504	9	0	77.7071	105.43	-5.99638	809.539	105.43	-5.99638	809.539	
13868	37885	117.689	329.134	117.565	-99999	74.33	-0.659394	0	0	0	0	0	-292.381	-259.454	133.878	45.2709	107.424	174.271	-292.508	-271.564	-259.539	133.947	92.3599	45.2709	107.357	142.933	174.271	4.08695	11	0	84.9517	-999999	-999999	-999999	-999999	-999999	-999999	
13868	18299	75.8855	164.869	74.6827	-968.533	-27.878	-0.949651	1	1	1	1	1	-192.851	-218.961	132.743	63.498	488.479	493.869	-192.851	-206.553	-219.376	132.743	97.3783	62.4027	488.479	487.773	494.131	4.11874	11	0	60.568	-27.8546	-25.1296	464.01	-27.8546	-25.1296	464.01	
13868	36755	70.8248	210.191	70.6373	-99999	39.471	-0.858286	1	1	0	0	0	-107.752	-74.1808	133.95	71.81	-400.945	-400.35	-95.392	-78.5127	-61.7326	133.95	102.827	71.646	-400.945	-400.667	-400.349	4.85967	6	0	69.4221	39.4984	63.2372	-404.32	39.4984	63.2372	-404.32	
13868	32357	253.904	608.276	253.388	-99999	-43.716	-0.926077	1	1	1	1	1	-308.242	-234.105	133.274	-99.2314	-152.382	-86.566	-308.192	-272.603	-234.025	133.274	15.9898	-99.7159	-152.382	-119.459	-86.4073	6.52177	13	0	81.5449	-43.6924	-8.91073	-116.231	-43.6924	-8.91073	-116.231	
13868	34857	338.022	774.897	333.762	-40.8174	-41.347	-0.753437	1	1	1	1	1	-257.586	-82.1079	132.451	-126.949	449.764	339.638	-257.902	-159.614	-79.9736	132.873	8.35312	-129.498	449.942	392.153	338.039	5.76474	9	0	81.9608	-41.3205	-39.0313	372.599	-41.3205	-39.0313	372.599	
13868	38269	298.935	982.078	288.191	-25.3176	-22.048	-0.710759	1	1	1	1	1	-70.9097	-238.456	13.0493	-170.34	-585.72	-440.25	-65.3153	-153.837	-238.926	19.1807	-75.4261	-171.052	-590.136	-515.714	-439.274	34.9288	13	0	229.035	-22.0112	-37.2875	-525.211	-22.0112	-37.2875	-525.211	
13867	16926	193.651	481.718	191.604	-26.8489	-27.671	-0.987219	1	1	1	1	1	-197.808	-244.676	132.259	-52.7141	469.368	457.112	-197.611	-219.144	-244.851	133.828	39.5239	-53.1375	469.48	466.542	457.097	7.27482	6	0	78.3671	-27.6458	-14.5775	457.15	-27.6458	-14.5775	457.15	
13868	76481	235.208	854.83	212.915	-99999	35.636	-0.818742	1	1	1	1	1	-201.671	-89.2846	131.942	-47.9042	-543.658	-525.21	-191.048	-128.193	-68.4934	132.691	33.8045	-66.9459	-543.71	-533.74	-524.18	25.1771	9	0	310.54	35.6749	-79.6969	-551.012	35.6749	-79.6969	-551.012	
13868	31667	238.848	520.309	238.842	-99999	-34.411	-0.975659	0	0	0	0	0	-231.42	-271.716	133.411	-100.942	-849.988	-835.855	-231.381	-244.589	-271.677	133.411	15.1577	-100.942	-849.988	-840.542	-835.855	4.61021	6	0	48.4735	-34.3961	33.3704	-842.835	-34.3961	33.3704	-842.835	
13868	43978	257.363	652.469	257.035	93.1065	92.884	-0.990523	1	1	1	1	1	-201.729	-233.084	132.273	-121.274	-7.59091	-8.25596	-201.706	-221.668	-233.084	132.513	5.61029	-121.274	-7.57928	-11.4027	-8.25596	11.5318	10	0	141.085	92.9163	-25.3265	-13.269	92.9163	-25.3265	-13.269	
13868	78700	271.582	1198.9	271.104	34.4972	34.7	-0.814315	1	1	1	1	1	-241.845	-97.1666	133.668	-68.9926	-542.473	-648.13	-242.031	-173.093	-97.1666	134.064	31.3328	-68.9926	-542.286	-598.027	-648.13	10.0314	10	0	119.15	34.7296	-22.5888	-621.264	34.7296	-22.5888	-621.264	
13868	43056	261.433	656.405	260.394	-99999	68.871	-0.925244	1	1	1	1	1	-155.275	-82.9191	133.416	-111.969	-168.749	-120.492	-133.84	-99.2669	-61.1779	133.758	10.02	-112.601	-168.811	-144.825	-120.396	6.50304	6	0	51.711	68.9069	-39.682	-152.871	68.9069	-39.682	-152.871	
13868	40757	160.24	387.69	157.132	-99999	27.316	-0.999486	0	0	0	0	0	-270.527	-285.728	132.612	-21.3715	-35.1693	-15.2501	-270.539	-271.195	-286.361	133.081	53.9838	-23.8433	-35.1523	-24.5219	-15.8142	4.88733	7	0	93.8746	61.8789	-20.1773	-562.237	-39.0711	1.29327	-17.5567	
13868	43357	87.8251	432.104	72.667	-99999	-12.175	-0.59943	1	1	1	1	1	-117.991	-94.3138	129.376	82.1235	321.162	367.764	-121.804	-107.047	-99.7871	129.376	101.68	74.8901	321.162	347.323	377.707	35.6763	6	0	110.426	-12.1454	22.9839	398.967	-12.1454	22.9839	398.967	
13868	44410	44.6092	226.778	44.0573	-493.118	112.013	-0.670157	0	0	0	0	0	-124.992	-150.481	133.811	105.943	-526.476	-547.69	-107.262	-120.044	-133.007	134.138	120.669	105.943	-526.322	-538.036	-547.69	6.86419	13	0	47.0459	60.8667	-9.24464	631.053	60.8667	-9.24464	631.053	
13868	40241	163.954	390.229	163.439	-99999	61.559	-0.904701	1	1	1	1	1	-136.1	-182.224	129.928	-19.236	218.967	264.899	-116.679	-142.816	-162.943	130.335	56.6314	-19.2903	218.844	243.395	264.909	10.4909	8	0	73.485	61.5862	6.70221	242.596	61.5862	6.70221	242.596	
13868	41541	247.811	10965	247.444	51.8014	50.844	-0.690338	1	1	1	1	1	-284.725	-127.656	133.308	-25.8694	822.924	719.441	-284.809	-203.107	-127.527	133.404	52.248	-26.0256	822.98	777.646	719.346	6.0024	13	0	130.058	48.4194	-58.5826	327.851	103.439	-10.1828	442.723	
13868	46560	126.653	401.4	125.924	-99999	74.307	-0.816861	1	1	1	1	1	-215.523	-222.574	130.151	23.9307	622.616	555.403	-203.839	-207.545	-210.979	130.32	76.9684	23.5025	622.736	588.86	555.128	6.73492	15	0	70.4964	71.2178	-27.72	122.06	71.2178	-27.72	122.06	
13868	49260	73.2933	181.15	72.8623	-99999	88.805	-0.803187	1	1	1	1	1	-97.4566	-139.031	130.258	70.7335	46.071	49.7704	-69.499	-90.426	-111.317	130.45	100.639	70.5802	46.0428	49.5964	49.7825	4.9959	6	0	69.9369	88.8374	-14.7948	-492.145	-5.5226	-28.6524	348.379	
13868	46656	294.546	730.937	294.473	-99999	-35.988	-0.966835	1	1	1	1	1	-239.447	-327.628	132.148	-138.901	-141.683	-94.72	-239.387	-276.713	-327.587	132.208	-10.0388	-138.901	-141.684	-135.185	-94.72	7.09983	11	0	69.7865	-35.977	-36.6853	-128.531	-35.977	-36.6853	-128.531	
13868	47256	278.84	763.622	278.165	42.1943	42.161	-0.907124	1	1	1	1	1	-320.638	-204.944	132.424	-116.058	759.223	748.965	-320.883	-250.005	-204.944	132.961	13.3406	-116.117	759.252	753.515	748.94	24.022	8	0	223.478	42.1935	-5.82534	746.117	42.1935	-5.82534	746.117	
13868	50024	319.42	837.617	319.393	94.3393	93.5	-0.924252	1	1	1	1	1	-128.806	-254.059	133.205	-158.756	746.647	721.672	-128.799	-195.858	-254.059	133.225	-10.6451	-158.756	746.649	729.896	721.672	15.571	6	0	112.539	93.5441	-20.391	721.053	93.5441	-20.391	721.053	
13868	8093	315.594	811.963	311.827	8.15226	9.049	-0.969487	1	1	1	1	1	-156.395	-257.996	130.187	-160.7	228.097	190.558	-156	-196.038	-258.744	132.193	-18.5423	-162.217	228.405	206.17	190.477	5.19527	9	0	90.4983	9.08466	-21.2521	205.009	9.08466	-21.2521	205.009	
13868	76768	293.374	893.648	291.445	-99999	113.02	-0.566817	1	1	1	1	1	-170.346	-195.109	130.702	-30.3037	-170.782	68.0075	-134.821	-138.439	-159.717	131.757	47.4668	-30.3037	-172.317	-54.051	68.0075	12.7824	8	0	101.334	113.066	-0.197111	-28.831	113.066	-0.197111	-28.831	
13868	74646	276.175	657.454	274.433	22.9515	22.725	-0.765098	1	1	1	1	1	-186.044	-257.981	132.929	-72.0035	273.174	440.217	-185.999	-220.424	-258.121	133.147	31.3944	-73.164	272.999	359.601	441.081	4.84559	17	0	85.5661	22.7674	-17.1709	380.263	22.7674	-17.1709	380.263	
13868	8402	100.724	266.638	100.365	-99999	5.415	-0.627889	1	0	0	0	0	-139.063	-175.765	130.525	69.1427	136.882	206.829	-137.228	-156.929	-174.07	130.745	98.1082	69.1427	136.643	169.49	206.829	5.06076	6	0	79.9949	5.45999	28.3331	179.341	5.45999	28.3331	179.341	
13868	14360	121.31	339.663	121.308	-99999	30.026	-0.88225	1	1	1	1	0	-281.255	-223.9	133.388	37.0869	285.375	327.575	-281.289	-259.049	-223.935	133.388	81.6925	37.0869	285.375	307.84	327.575	5.04305	8	0	85.668	30.0487	17.3452	317.632	30.0487	17.3452	317.632	
13868	14594	206.325	545.33	205.466	-99999	19.153	-0.900613	0	0	0	0	0	-198.096	-248.654	131.261	-44.9604	-794.437	-705.808	-197.934	-225.069	-248.76	131.732	42.301	-45.2463	-794.597	-753.112	-705.736	7.38774	9	0	82.3362	-5.42788	-5.78826	-696.183	-5.42788	-5.78826	-696.183	
13868	77169	305.033	717.574	302.184	-99999	89.661	-0.937452	1	1	1	1	1	-192.348	-216.554	131.459	-161.667	-282.759	-225.618	-164.156	-172.721	-188.526	133.341	-12.3419	-162.49	-283.453	-240.547	-225.586	7.63893	9	0	87.7586	89.6953	-21.1667	141.268	-11.4148	-47.9572	-123.715	
13868	15011	264.651	724.878	264.277	53.3904	53.682	-0.709846	1	1	1	1	1	-265.2	-179.456	132.814	-21.191	458.877	653.571	-265.252	-229.076	-179.456	133.076	50.1262	-21.191	458.622	554.75	653.571	11.7286	6	0	102.704	53.7198	-4.28687	575.957	53.7198	-4.28687	575.957	
13868	14582	226.774	593.347	226.31	-99999	111.122	-0.89351	1	1	1	0	0	-196.626	-96.1711	132.579	-69.6146	-778.527	-763.204	-161.915	-112.06	-61.2473	132.743	31.2255	-69.8606	-778.545	-770.625	-763.192	4.77489	6	0	75.564	111.137	-22.1307	-762.315	111.137	-22.1307	-762.315	
13868	25285	71.0757	225.111	68.1681	-99999	92.85	-0.915694	1	1	0	0	0	-158.7	-143.661	131.992	73.7462	-122.581	-98.3667	-130.043	-120.434	-114.024	133.116	99.9439	73.0247	-122.866	-114.801	-97.1565	4.00947	14	0	93.8257	93.0771	47.9655	-117.984	93.0771	47.9655	-117.984	
13868	28685	89.4905	213.609	89.4772	-99999	89.471	-0.938509	1	1	0	0	0	-304.366	-301.153	127.415	45.3575	406.71	441.27	-304.468	-305.947	-301.256	127.415	86.2635	45.3575	406.71	424.146	441.27	6.77678	13	0	71.2368	89.4786	40.4078	424.821	89.4786	40.4078	424.821	
13868	25348	152.158	364.766	150.988	-99999	-21.592	-0.83964	1	1	1	1	1	-305.775	-216.145	133.385	18.7799	-643.915	-605.278	-306.128	-261.743	-215.919	134.041	74.8452	18.45	-644.084	-626.82	-605.215	6.05296	7	0	85.1668	-21.5704	23.6196	-614.79	-21.5704	23.6196	-614.79	
13868	30776	339.403	1468.73	338.63	74.2859	78.852	-0.508739	1	1	1	1	1	-62.2748	-343.676	39.7122	-132.801	258.386	333.113	-61.6412	-203.041	-343.676	40.099	-46.1689	-132.801	258.222	295.062	333.113	6.83756	8	0	87.4488	78.866	-36.1737	300.88	78.866	-36.1737	300.88	
13868	33287	338.473	1293.32	335.341	49.7284	51.078	-0.908765	1	1	1	1	1	-324.525	-202.47	132.746	-168.077	275.648	192.13	-324.728	-263.092	-201.951	133.331	-18.4446	-170.506	275.813	233.344	192.126	15.9988	7	0	336.406	51.1002	-16.9548	231.869	51.1002	-16.9548	231.869	
13868	33785	365.514	1306.96	362.852	29.0271	29.954	-0.718207	1	1	1	1	1	-143.51	-311.64	133.196	-106.312	-177.314	25.8466	-143.26	-235.394	-311.869	133.535	8.90152	-106.789	-177.521	-89.9107	26.6971	5.10652	16	0	81.5781	29.9935	-30.0704	-58.2444	29.9935	-30.0704	-58.2444	
13868	33785	25.7899	98.5725	22.656	-99999	42.641	-0.903634	0	0	0	0	0	-207.175	-200.162	129.657	108.261	106.772	108.343	-194.129	-189.754	-186.039	130.323	118.329	106.02	106.647	108.323	108.247	10.0475	17	0	89.9901	44.3135	34.7584	99.6798	44.3135	34.7584	99.6798	
13867	21348	90.1891	256.999	86.0026	-99999	-22.223	-0.876647	1	1	0	0	0	-300.434	-268.615	131.084	52.0861	-153.637	-154.376	-301.053	-283.17	-268.117	133.389	92.9553	51.1912	-152.493	-154.107	-154.323	5.7863	10	0	77.6749	-22.1838	27.5002	-159.496	-22.1838	27.5002	-159.496	
13868	30262	39.2785	125.845	39.0276	-99999	54.044	-0.975019	0	0	0	0	0	-158.948	-165.901	127.947	89.613	529.944	531.534	-141.972	-145.788	-148.977	128.19	108.971	89.613	529.927	531.156	531.534	5.84002	6	0	75.2081	54.075	35.0493	542.71	54.075	35.0493	542.71	
13868	38403	504.07	1180.34	503.903	-97.1022	-3.216	-0.461314	0	0	0	0	0	-310.319	-110.99	132.234	-164.612	-153.492	-505.11	-310.402	-202.622	-110.99	132.306	-18.4146	-164.612	-153.373	-323.518	-505.11	5.62077	13	0	79.9926	78.1224	-21.6087	236.432	98.5224	48.1427	-553.777	
13868	37735	168.628	433.962	163.554	-29.6331	-30.094	-0.778261	1	1	1	1	1	-273.962	-200.019	129.149	-8.15614	-119.702	-165.568	-276.46	-231.603	-199.915	132.832	66.1455	-8.41213	-117.964	-142.894	-165.646	6.01088	10	0	74.6417	-23.3314	-27.3938	377.013	-42.7114	-13.6906	272.099	
13868	38873	426.957	1062.02	424.165	-99999	96.82	-0.575683	1	1	1	1	1	-264.637	-340.597	132.914	-109.768	-55.7353	282.03	-264.744	-300.95	-341.321	132.924	12.5107	-111.495	-55.7488	116.639	284.098	4.60357	16	0	82.0044	96.8455	-17.8182	156.541	96.8455	-17.8182	156.541	
13868	39073	218.885	536.193	217.789	-99999	65.711	-0.971874	1	1	1	1	1	-220.623	-268.432	126.283	-83.9863	-679.284	-671.393	-220.698	-243.988	-269.045	126.283	19.4786	-84.931	-679.284	-683.222	-671.311	6.20396	10	0	76.8601	65.7131	-19.8567	-668.905	65.7131	-19.8567	-668.905	
13868	35936	232.108	550.287	231.875	-99999	67.319	-0.581469	1	1	1	1	1	-331.444	-237.96	133.486	-9.36677	-135.501	19.2622	-331.586	-289.363	-238.037	133.617	64.3136	-9.36677	-135.671	-52.7846	19.2622	5.85732	8	0	76.4192	69.4428	13.5095	-7.19579	69.4428	13.5095	-7.19579	
13868	41083	169.226	446.76	169.223	-99999	84.933	-0.862021	1	1	1	1	1	-146.414	-223.629	133.594	-7.12352	229.886	176.689	-133.068	-172.885	-210.283	133.594	63.7465	-7.12352	229.886	203.575	176.689	5.22144	13	0	69.6059	84.9674	-22.1066	169.975	84.9674	-22.1066	169.975	
13868	40263	212.033	546.48	211.817	-99999	92.984	-0.96343	1	1	1	1	1	-167.405	-225.591	132.097	-71.283	-445.855	-456.257	-152.739	-182.41	-210.979	132.304	30.642	-71.283	-445.845	-450.59	-456.257	4.51899	10	0	57.6994	93.0102	-21.6113	-451.229	93.0102	-21.6113	-451.229	
13868	42664	286.651	1323.9	285.781	100.959	103.038	-0.755447	1	1	1	1	1	-252.443	-96.4822	132.674	-73.3989	-614.436	-735.55	-252.817	-175.884	-96.4423	133.276	31.4545	-73.457	-614.086	-679.126	-735.582	4.64698	12	0	93.1928	103.06	-35.2843	-707.903	103.06	-35.2843	-707.903	
13868	42764	279.379	643.301	278.747	-99999	25.694	-0.957076	1	1	1	1	1	-69.4439	-138.318	94.3756	-167.197	-683.437	-617.749	-61.398	-96.8756	-130.351	94.3756	-36.6819	-167.796	-683.437	-650.862	-617.594	4.76934	6	0	78.3128	25.7013	-20.676	-655.568	25.7013	-20.676	-655.568	
13868	37024	287.281	655.732	285.911	-99999	4.351	-0.809269	1	1	1	1	1	-251.379	-294.845	133.343	-105.505	485.797	628.308	-251.384	-265.89	-295.009	133.343	16.5694	-106.263	485.797	565.29	628.496	11.935	6	0	79.5816	4.3784	-30.1622	584.873	4.3784	-30.1622	584.873	
13867	22795	225.182	529.959	225.133	-99999	94.567	-0.993845	1	1	1	1	0	-354.724	-345.688	132.112	-87.1021	-70.7437	-36.6071	-354.832	-348.379	-345.797	132.112	20.1468	-87.1021	-70.7437	-62.0879	-36.6071	6.78342	10	0	83.4801	94.586	-17.1581	-54.1368	94.586	-17.1581	-54.1368	
13868	49173	122.402	176.913	88.5343	-99999	24.253	-0.988738	1	1	1	0	0	-98.5681	-92.0145	129.576	43.3174	461.293	477.045	-91.0535	-85.1494	-85.3796	130.283	70.1633	12.3651	461.219	470.771	486.801	6.14527	6	0	33.5348	24.2777	25.613	470.755	24.2777	25.613	470.755	
13868	45306	319	14972	308.919	-99999	90.923	-0.961863	1	1	1	1	1	-128.443	-196.099	130.392	-170.577	378.259	367.718	-99.9713	-134.83	-168.934	130.392	-25.1222	-180.381	378.259	372.919	367.873	21.5217	14	0	9173.18	90.9524	-39.4732	370.451	90.9524	-39.4732	370.451	
13868	38881	112.866	293.693	112.624	-99999	76.179	-0.826778	1	1	1	0	0	-233.863	-281.408	132.173	33.8866	443.211	467.822	-233.832	-261.247	-281.495	132.368	85.3975	33.8866	443.148	458.1	467.822	5.77504	10	0	74.6776	76.2061	21.6106	450.284	76.2061	21.6106	450.284	
13868	50232	287.8	645.448	286.529	28.4367	30.667	-0.832424	1	1	1	1	1	-120.182	-278.005	132.941	-100.681	-465.849	-491.4	-119.976	-196.652	-278.516	133.286	14.9728	-101.319	-465.753	-494.206	-491.161	4.26582	9	0	70.0317	30.6965	-21.04	-486.225	30.6965	-21.04	-486.225	
13868	52432	332.069	2653.85	331.944	-41.0677	-41.511	-0.828189	1	1	1	1	1	-74.8404	-226.73	133.093	-127.336	692.724	827.581	-74.8404	-144.28	-226.73	133.093	1.88245	-127.336	692.724	766.736	827.581	5.08016	7	0	69.9913	-41.4839	-3.55747	745.617	-41.4839	-3.55747	745.617	
13868	52388	135.227	364.086	134.866	-99999	-6.987	-0.539958	1	1	1	1	0	-266.857	-215.381	132.637	66.5189	-663.396	-558.301	-266.988	-239.213	-215.373	132.831	98.9027	66.5189	-663.665	-612.344	-558.301	5.32712	14	0	91.8281	-6.9596	22.7084	-594.464	-6.9596	22.7084	-594.464	
13868	53881	98.3024	309.487	98.0604	-99999	86.859	-0.868585	1	1	0	0	0	-261.697	-233.573	132.516	46.3097	735.311	771.501	-261.882	-244.776	-233.673	132.726	89.8462	46.3097	735.233	751.788	771.501	22.159	13	0	116.673	86.9022	22.4319	736.264	86.9022	22.4319	736.264	
13868	36351	395.848	1066.84	394.486	226.096	-41.455	-0.798499	0	0	0	0	0	-254.233	-176.103	132.335	-156.323	-309.99	-565.668	-254.404	-219.822	-176.103	133.403	-17.4421	-156.323	-309.215	-432.395	-565.668	6.94726	15	0	109.238	-12.4262	-19.9684	-470.399	-12.4262	-19.9684	-470.399	
13868	15975	306.047	708.106	305.316	-99999	1.539	-0.744637	1	1	1	1	1	-329.102	-263.672	133.018	-98.8044	-876.382	-689.658	-329.264	-294.313	-263.673	133.559	16.9085	-98.8044	-876.839	-784.305	-689.658	6.40103	10	0	74.59	1.56399	-2.39088	-749.073	1.56399	-2.39088	-749.073	
13868	16172	84.3781	278.801	83.8644	-99999	99.155	-0.910232	1	1	0	0	0	-275.801	-247.553	-92.2928	-164.894	-890.582	-859.611	-275.975	-262.031	-247.577	-92.0759	-128.794	-165.132	-890.661	-875.328	-859.508	6.79695	12	0	91.2953	99.1875	-59.3041	-807.052	-9.01249	-116.716	-824.462	
13868	78591	458.071	1298.86	457.787	-99999	44.908	-0.625528	1	1	1	1	1	-204.871	-75.0099	133.502	-163.991	454.796	132.054	-190.809	-126.316	-60.8675	133.502	-15.5155	-164.193	454.796	293.3	131.875	7.70973	13	0	67.0859	44.9522	-50.1321	262.744	44.9522	-50.1321	262.744	
13868	79391	235.126	559.486	232.368	-99999	41.457	-0.886941	1	1	1	1	0	-282.213	-338.879	133.217	-77.7578	-853.312	-776.33	-282.26	-317.639	-339.622	133.217	27.7764	-80.3941	-853.312	-815.643	-775.962	5.65153	13	0	71.5496	41.4798	-7.11955	-783.532	100.64	51.237	-828.436	
13868	22184	460.911	1236.96	460.871	-99999	81.883	-0.634006	1	1	1	1	1	-244.189	-273.074	133.097	-166.624	-105.607	242.755	-244.283	-258.955	-273.168	133.097	-18.6139	-166.624	-105.607	67.1533	242.755	4.68657	9	0	22.2397	81.9153	-24.6218	81.9248	81.9153	-24.6218	81.9248	
13868	22784	94.6842	263.643	91.7559	79.8499	79.59	-0.920643	1	1	0	0	0	-217.417	-196.565	131.898	46.0929	-164.141	-187.743	-217.54	-206.647	-196.72	132.62	88.9986	44.0217	-163.872	-178.52	-188.259	10.3928	14	0	88.6772	79.6265	20.7444	-181.707	79.6265	20.7444	-181.707	
13868	22895	64.0224	180.667	57.6383	-99999	77.066	-0.937619	1	1	1	0	0	-100.577	-86.6393	130.211	76.1248	67.77	53.6553	-76.467	-68.9694	-60.9487	130.298	100.28	70.1768	67.7929	59.5844	52.5586	14.8405	13	0	95.8051	77.0964	31.6032	43.1229	77.0964	31.6032	43.1229	
13868	31831	192.614	512.602	190.945	-99999	75.495	-0.102373	1	1	1	1	1	-191.628	-233.645	132.108	79.9118	-67.2228	-245.78	-167.987	-188.624	-210.158	132.108	106.822	79.2423	-67.2228	-157.632	-247.292	7.66864	14	0	70.4962	75.4631	-16.7538	-557.506	75.4631	-16.7538	-557.506	
13868	33989	132.554	386.004	131.981	-99999	81.694	-0.933591	1	1	1	1	1	-223.259	-238.335	131.704	8.57446	-171.761	-128.065	-223.353	-234.725	-238.408	131.704	70.2575	8.03486	-171.761	-149.735	-127.9	6.11828	16	0	96.7024	81.7353	5.11732	-141.423	81.7353	5.11732	-141.423	
13868	34830	212.01	546.885	202.371	105.274	104.032	-0.740152	1	1	1	1	1	-265.264	-166.645	126.383	-15.3006	145.44	41.9901	-269.769	-213.623	-166.645	133.371	62.4278	-15.3006	150.301	95.2127	41.9901	5.98764	13	0	94.9004	104.064	1.89998	80.5816	104.064	1.89998	80.5816	
13868	32041	162.847	396.95	158.87	-99999	36.048	-0.922725	1	1	1	1	1	-197.753	-126.155	129.64	-11.0929	65.3215	77.0678	-186.706	-153.674	-113.398	130.235	56.4	-14.0706	65.2687	74.2817	76.8552	4.78167	11	0	80.4633	36.0841	7.60465	12.3302	36.0841	7.60465	12.3302	
13868	35913	395.397	899.817	368.819	37.3839	36.188	-0.742156	1	1	1	1	1	-349.634	-203.762	108.583	-144.108	867.215	646.593	-359.324	-288.724	-203.762	128.179	-18.95	-144.108	882.305	770.775	646.593	14.4716	9	0	118.315	36.2258	-5.43485	759.568	36.2258	-5.43485	759.568	
13868	39874	181.43	433.324	178.906	-99999	49.112	-0.972775	0	0	0	0	0	-82.4592	-122.577	127.9	-43.358	461.668	459.695	-66.82	-79.2927	-107.23	130.299	40.5841	-43.3863	461.157	464.165	459.686	7.04149	7	0	83.4918	23.9118	-23.3213	-421.107	23.9118	-23.3213	-421.107	
13868	37404	313.87	820.03	312.365	-99999	8.228	-0.861111	1	1	1	1	1	-193.102	-303.537	130.021	-141.626	263.253	366.073	-192.84	-254.564	-303.665	130.544	-5.0939	-142.095	263.084	309.842	366.349	5.13243	14	0	79.5804	8.24495	-39.2637	325.259	8.24495	-39.2637	325.259	
13868	39708	52.3039	171.716	50.7758	-99999	-36.066	-0.614874	0	0	0	0	0	-134.339	-101.6	-132.817	-160.489	-894.842	-868.266	-146.202	-131.015	-112.475	-132.215	-148.454	-160.67	-895.37	-881.623	-867.971	11.0313	8	0	87.141	-999999	-999999	-999999	-999999	-999999	-999999	
13868	36133	152.837	380.999	152.534	-99999	55.054	-0.915272	1	1	1	1	1	-263.373	-201.576	132.792	-5.70755	435.413	451.218	-272.092	-240.777	-210.189	132.957	63.7625	-5.82327	435.39	443.76	451.219	4.37583	6	0	46.8573	55.0908	-29.3642	447.297	55.0908	-29.3642	447.297	
13868	37533	331.639	797.833	326.197	98.0354	97.788	-0.7016	1	1	1	1	1	-250.604	-94.2811	126.099	-155.217	528.389	488.492	-252.818	-174.988	-93.7992	129.027	-16.2528	-156.245	530.085	517.706	487.825	5.10592	16	0	83.3706	97.8179	-42.0169	504.888	97.8179	-42.0169	504.888	
13868	39333	148.742	424.087	148.185	-99999	79.051	-0.946923	1	1	1	0	0	-156.291	-191.443	129.809	-13.0604	802.928	809.553	-131.361	-155.914	-166.689	130.331	60.3906	-13.0615	802.922	807.299	809.553	5.45379	11	0	131.033	79.0743	14.0232	781.109	79.0743	14.0232	781.109	
13868	41242	354.757	1413.3	352.475	83.8088	84.365	-0.691108	1	1	1	1	1	-200.94	-344.513	132.494	-93.3141	134.919	363.915	-200.827	-275.005	-344.503	132.721	19.4155	-94.7721	134.708	249.183	365.103	20.6305	11	0	129.237	84.3937	-63.7538	330.722	84.3937	-63.7538	330.722	
13868	76124	28.9184	106.662	28.1873	-99999	-21.715	-0.903283	0	0	0	0	0	-341.671	-331.218	132.753	107.103	343.172	347.505	-341.767	-335.852	-331.099	133.01	119.874	106.685	343.15	344.215	347.616	5.80625	10	0	76.151	-21.6959	56.9818	360.239	-21.6959	56.9818	360.239	
13868	42099	77.4728	209.514	74.8033	-99999	-3.645	-0.990501	1	1	0	0	0	-300.434	-299.332	133.255	60.0432	-129.276	-124.22	-300.459	-297.564	-299.195	133.644	95.9218	59.2821	-129.314	-127.675	-123.822	4.78643	10	0	65.6635	-3.6198	32.3037	-134.604	-3.6198	32.3037	-134.604	
13867	6695	152.211	487.386	152.073	-99999	101.016	-0.985254	1	1	1	1	1	-198.052	-226.156	132.557	-16.0581	200.302	185.14	-182.156	-196.524	-210.282	132.69	58.2951	-16.0581	200.312	193.267	185.14	4.46553	10	0	110.005	101.039	-28.4006	184.57	101.039	-28.4006	184.57	
13868	49275	70.77	215.37	70.7048	-99999	42.896	-0.987645	0	0	0	0	0	-280.703	-267.775	132.849	64.1092	874.544	884.258	-280.758	-275.612	-267.824	132.91	98.2538	64.1092	874.537	879.392	884.258	6.72495	10	0	90.1272	42.8895	34.2516	814.897	42.8895	34.2516	814.897	
13868	47035	252.38	631.148	248.068	84.5101	84.873	-0.747607	1	1	1	1	1	-179.013	-247.056	128.112	-45.9233	-301.118	-139.328	-178.562	-216.248	-247.61	129.285	38.2421	-47.2324	-302.054	-223.369	-136.984	7.83476	17	0	88.4149	84.901	-10.7162	-204.879	84.901	-10.7162	-204.879	
13867	12243	267.726	627.589	267.672	-24.0934	-23.514	-0.98252	1	1	1	1	1	-244.19	-197.612	132.035	-129.665	776.594	758.666	-244.19	-216.315	-197.612	132.035	1.62235	-129.665	776.594	765.438	758.666	5.17655	11	0	65.6051	-23.4982	-22.9186	745.447	-23.4982	-22.9186	745.447	
13868	45823	281.026	738.069	279.617	-99999	46.566	-0.637448	1	1	1	1	1	-68.6619	-217.696	30.7564	-151.041	-65.1754	-216.545	-61.0876	-136.4	-210.793	31.0411	-60.1925	-151.679	-64.9353	-140.747	-217.123	6.26135	17	0	54.9166	46.7954	19.3199	-85.9233	46.7954	19.3199	-85.9233	
13868	50517	242.712	571.939	242.692	-99999	80.005	-0.981468	1	1	1	1	1	-181.402	-233.76	132.574	-101.069	113.756	94.2298	-156.349	-187.54	-208.707	132.574	15.498	-101.069	113.756	109.572	94.2298	5.6849	6	0	75.905	80.041	-13.6933	105.345	80.041	-13.6933	105.345	
13868	42759	221.511	518.544	219.353	-99999	-45.997	-0.937975	1	1	1	1	1	-218.27	-267.869	133.054	-76.0272	-46.3649	-7.22005	-218.217	-248.684	-268.165	133.054	27.9486	-78.1348	-46.3649	-30.362	-7.4888	4.26154	9	0	67.417	-45.9655	-15.9544	-20.2628	-45.9655	-15.9544	-20.2628	
13868	53100	76.599	218.831	75.5588	-99999	79.065	-0.503078	0	0	0	0	0	-234.319	-231.993	134.258	97.4401	-98.1147	-163.843	-209.667	-209.888	-207.234	134.785	116.13	97.4401	-97.2286	-130.634	-163.843	5.20882	16	0	61.3747	111.774	-34.2041	-74.4759	111.774	-34.2041	-74.4759	
13868	55832	249.544	819.524	233.522	-99999	-9.946	-0.687297	1	1	1	1	1	-103.968	-275.456	125.183	-32.0899	-427.706	-410.145	-103.968	-194.993	-285.865	125.183	40.4324	-44.1745	-427.706	-418.24	-409.404	4.28494	6	0	61.4239	-9.92022	-31.0683	-409.962	93.1798	28.2094	-373.458	
13868	57842	215.902	888.059	211.18	105.626	105.15	-0.763655	1	1	1	1	1	-269.253	-170.93	130.251	-15.971	-415.045	-527.616	-271.417	-221.639	-170.93	133.796	52.4334	-15.971	-412.882	-463.333	-527.616	6.24866	11	0	76.5254	105.186	3.31003	-477.122	105.186	3.31003	-477.122	
13868	36793	283.401	715.244	282.114	-19.3017	-21.492	-0.805732	1	1	1	1	1	-232.666	-132.32	132.118	-88.7623	-348.888	-490.391	-232.677	-186.244	-131.971	132.148	23.4931	-89.9157	-348.868	-426.851	-490.675	5.82568	13	0	88.3953	-19.2251	-55.8766	-472.044	-30.6551	-26.3078	-395.477	
13868	76019	322.217	8278.98	321.487	94.7155	93.867	-0.828613	1	1	1	1	1	-239.243	-112.965	132.557	-128.54	291.172	156.296	-239.289	-181.966	-112.71	132.679	-0.599018	-128.874	291.238	221.509	155.908	5.43795	12	0	99.5027	93.8941	-41.0745	200.51	93.8941	-41.0745	200.51	
13868	78319	197.418	501.396	197.055	-99999	39.816	-0.98667	1	1	1	0	0	-347.829	-336.552	126.682	-68.3382	-833.859	-813.481	-347.877	-341.045	-336.607	126.819	29.4008	-68.5256	-833.882	-822.925	-813.47	4.43851	7	0	85.0303	39.8183	15.3633	-809.207	39.8183	15.3633	-809.207	
13868	38305	310.733	750.439	309.674	-99999	18.353	-0.952398	1	1	1	1	1	-313.103	-235.271	133.216	-151.708	169.587	256.347	-313.216	-284.862	-235.232	134.061	-11.8812	-151.856	169.353	213.872	256.394	4.04369	12	0	70.0173	18.3777	-8.67071	217.988	18.3777	-8.67071	217.988	
13868	39762	170.582	421.108	168.935	80.5089	81.107	-0.727335	1	1	1	1	1	-242.226	-120.879	132.439	15.5681	684.677	681.946	-242.98	-181.432	-120.454	133.248	74.481	15.2459	684.736	679.624	681.977	4.05187	6	0	71.9101	81.1303	10.9394	674.011	81.1303	10.9394	674.011	
13868	78413	264.276	849.814	263.938	-99999	60.491	-0.692489	1	1	1	1	1	-276.389	-276.907	133.61	-43.1124	114.72	304.798	-276.412	-281.677	-276.976	133.802	41.3149	-43.1124	114.523	208.294	304.798	12.3356	15	0	73.2218	60.5205	-23.1465	264.641	60.5205	-23.1465	264.641	
13867	5408	328.007	1736.17	327.127	-17.1743	-17.705	-0.816071	1	1	1	1	1	-257.532	-120.573	132.197	-117.315	534.542	378.507	-257.694	-195.346	-120.402	132.609	0.65506	-117.45	534.782	460.195	378.208	4.97318	16	0	89.8786	-17.6736	-37.2876	436.435	-17.6736	-37.2876	436.435	
13868	49498	275.677	724.224	275.239	-99999	-21.222	-0.825263	1	1	1	1	1	-299.888	-220.319	133.174	-74.7487	172.534	332.37	-299.882	-261.458	-220.149	133.261	23.5003	-74.9308	172.481	246.323	332.605	5.61617	14	0	92.402	-28.5257	29.8197	-16.0269	46.8443	25.4755	277.314	
13868	47749	282.276	672.81	277.398	85.7568	85.23	-0.83593	1	1	1	1	1	-63.106	-216.981	80.4036	-145.358	-367.353	-395.873	-61.2611	-140.266	-217.446	83.3131	-30.8039	-146.619	-366.771	-391.88	-395.588	5.60971	11	0	82.6252	85.2631	30.9697	-380.597	85.2631	30.9697	-380.597	
13868	48411	82.4538	222.484	81.3773	-99999	92.05	-0.83749	0	0	0	0	0	-276.867	-317.355	132.722	65.626	826.726	848.099	-276.72	-296.096	-317.693	133.119	98.24	65.0999	826.639	836.899	848.254	5.71156	11	0	77.4261	3.43114	-47.2716	-797.393	-29.6589	43.0238	809.489	
13868	49811	406.308	865.324	398.609	-263.495	-44.012	-0.866562	1	1	0	0	0	-325.455	-177.862	133.773	-159.799	189.867	404.819	-325.455	-263.465	-173.074	133.773	-35.5231	-162.818	189.867	282.989	410.028	4.60496	7	0	76.3067	-43.9998	-82.9594	-350.712	-43.9998	-82.9594	-350.712	
13868	46899	336.92	814.075	335.609	-12.1555	-14.669	-0.949088	1	1	1	1	1	-287.909	-169.919	132.878	-171.061	276.438	201.661	-288.161	-234.054	-169.834	133.851	-19.4338	-171.329	276.619	232.743	201.643	6.04702	7	0	81.271	-14.6429	-19.1909	234.52	-14.6429	-19.1909	234.52	
13868	78243	31.8451	109.146	31.8162	-99999	-31.266	-0.934181	0	0	0	0	0	-168.239	-162.184	132.34	101.556	-45.8891	-41.1946	-178.035	-174.186	-171.973	132.354	117.184	101.546	-45.891	-43.1315	-41.1936	4.65053	6	0	75.4143	-26.3057	-75.776	-840.468	70.8343	65.4085	411.142	
13867	6960	244.972	624.338	244.377	-99999	63.232	-0.788335	1	1	1	1	1	-226.571	-326.576	128.648	-62.8662	434.137	544.916	-226.49	-283.457	-326.791	128.915	34.8854	-63.0575	433.999	487.918	544.995	7.18188	10	0	81.6569	63.2569	-30.4143	515.224	63.2569	-30.4143	515.224	
13868	52798	179.789	607.265	147.155	-99999	-25.749	-0.95354	1	1	1	1	1	-135.735	-145.135	126.187	-18.2381	5.14802	10.7986	-143.568	-149.546	-153.122	130.183	41.3643	-37.1915	3.9257	14.968	31.0581	19.9115	12	0	348.223	-25.7152	-17.2604	18.7608	-25.7152	-17.2604	18.7608	
13868	54359	94.9003	257.601	93.7413	-99999	-7.515	-0.812938	1	1	1	0	0	-196.479	-220.64	131.845	54.9337	-269.307	-222.815	-196.279	-212.113	-220.701	132.495	95.4831	54.629	-269.724	-244.816	-222.704	4.90815	13	0	77.9634	-7.49075	20.2347	-233.585	-7.49075	20.2347	-233.585	
13868	41995	243.491	741.791	241.218	-99999	44.967	-0.924094	1	1	1	1	1	-211.154	-217.448	128.991	-76.0887	471.97	348.046	-204.04	-207.331	-210.435	130.041	24.9837	-77.0404	472.384	412.028	347.514	6.58941	13	0	28.1013	44.9981	-20.2882	382.296	44.9981	-20.2882	382.296	
13868	52709	130.083	982.562	27.7122	-99999	-37.352	-0.514857	1	1	1	1	1	-308.878	-316.863	126.987	104.503	-557.035	-568.852	-306.612	-326.579	-343.819	131.993	78.7861	26.7123	-553.539	-573	-603.941	5.73318	12	0	744.78	-37.3434	-0.144356	-615.837	-37.3434	-0.144356	-615.837	
13868	54309	38.283	90.0616	38.279	-99999	-46.92	-0.619141	1	1	0	0	0	-319.458	-348.306	133.183	110.228	686.922	697.179	-319.405	-333.844	-348.252	133.183	121.68	110.228	686.922	691.945	697.179	5.7756	9	0	51.0717	-46.915	-93.1719	799.202	21.495	43.7625	694.246	
13868	77086	158.691	400.392	158.687	-99999	16.537	-0.735564	1	1	1	1	0	-262.711	-308.316	132.456	8.93156	-157.968	-71.2004	-262.73	-280.205	-308.335	132.456	71.3968	8.93156	-157.968	-110.511	-71.2004	5.51176	10	0	77.0429	22.4914	-44.327	-380.145	22.4914	-44.327	-380.145	
13868	59657	357.257	892.166	355.004	-30.6332	-29.852	-0.797165	1	1	1	1	1	-157.528	-236.954	131.458	-140.263	87.0344	293.449	-157.297	-191.476	-237.498	132.61	-11.0969	-140.438	86.2038	186.518	293.952	8.8503	17	0	80.9339	-29.8203	-22.3188	195.451	-29.8203	-22.3188	195.451	
13868	58854	299.424	686.593	298.991	-99999	2.596	-0.945417	1	1	1	1	1	-353.98	-290.337	134.361	-124.57	-456.178	-322.579	-354.03	-325.636	-290.297	134.674	2.53404	-124.639	-456.267	-392.216	-322.522	5.34714	13	0	75.4119	2.60489	-1.27241	-383.267	2.60489	-1.27241	-383.267	
13868	60054	101.84	226.939	101.173	-99999	68.195	-0.880967	1	1	0	0	0	-130.623	-82.9527	131.821	42.6948	-563.283	-559.388	-109.517	-85.743	-61.5372	132.293	87.3541	42.5773	-563.325	-560.657	-559.384	4.64933	6	0	49.5271	68.2178	37.6075	-560.709	68.2178	37.6075	-560.709	
13868	43388	338.289	1004.49	336.272	-99999	73.529	-0.566929	1	1	1	1	1	-154.161	-84.1709	132.619	-67.3512	-308.034	-46.9457	-131.658	-96.31	-61.049	133.495	32.9839	-67.5943	-309.202	-177.879	-46.5668	5.7488	7	0	54.5035	73.573	-16.6384	-128.509	73.573	-16.6384	-128.509	
13868	44088	68.98	71.3179	6.48076	284.269	78.746	-0.790385	0	0	0	0	0	-200.979	-201.575	125.26	119.694	-335.986	-338.661	-185.47	-185.105	-180.769	129.196	102.55	87.5318	-336.588	-349.946	-324.763	4.26963	10	0	71.3179	31.6628	24.7662	794.335	-44.7072	-47.7742	64.0337	
13867	9801	250.992	602.914	250.969	-99999	-0.398	-0.952425	1	1	1	0	0	-335.147	-270.996	130.427	-107.807	-880.595	-837.348	-335.147	-303.208	-270.992	130.427	10.9403	-107.823	-880.595	-859.51	-837.343	6.59206	13	0	85.2946	-0.374316	-9.41258	-815.049	-0.374316	-9.41258	-815.049	
13868	46552	228.754	700.309	227.958	-99999	94.514	-0.986352	1	1	1	1	1	-113.584	-91.1233	133.378	-92.5855	-692.22	-702.151	-84.1143	-72.8021	-61.5268	134.044	20.7339	-92.5855	-692.209	-694.39	-702.151	7.54576	13	0	69.3031	94.535	-21.3742	-703.295	94.535	-21.3742	-703.295	
13868	47061	252.755	4120.84	251.648	-99999	1.287	-0.907362	1	1	1	1	1	-191.505	-284.527	131.925	-93.0672	-751.513	-687.967	-191.263	-237.468	-284.651	132.588	19.4564	-93.4108	-751.697	-719.52	-687.879	2399.58	11	0	3408.64	1.30475	-55.624	-669.283	-18.0852	37.1489	-793.37	
13867	14076	160.031	285.373	159.824	-1011.83	-10.177	-0.977651	0	0	0	0	0	-183.779	-220.749	133.094	-18.9329	751.224	743.067	-183.779	-204.313	-220.749	133.094	56.0306	-18.9329	751.224	756.699	743.067	5.13181	7	0	62.1068	-999999	-999999	-999999	-999999	-999999	-999999	
13868	45092	344.329	1394.52	343.784	22.3178	23.449	-0.769438	1	1	1	1	1	-81.5378	-272.367	132.675	-99.1287	679.075	843.289	-81.3994	-173.667	-272.467	132.929	10.4697	-99.1905	678.926	757.001	843.407	5.31476	12	0	85.0793	23.4824	-6.42796	741.383	23.4824	-6.42796	741.383	
13868	45492	273.219	677.554	273	27.1727	28.187	-0.937398	1	1	1	1	1	-148.123	-236.302	133.402	-122.733	706.765	700.57	-148.123	-198.8	-236.418	133.402	7.05729	-122.889	706.765	696.097	700.628	6.44016	8	0	79.8829	28.2254	-19.5243	686.163	28.2254	-19.5243	686.163	
13868	46692	311.563	2309.79	311.556	-29.0264	-28.811	-0.815741	1	1	1	1	1	-219.978	-128.049	132.42	-116.473	398.035	235.097	-219.978	-173.685	-128.049	132.42	8.39239	-116.473	398.035	315.948	235.097	7.35268	21	0	1307.79	-28.7767	-61.1855	240.624	-28.7767	-61.1855	240.624	
13868	49992	189.154	389.35	174.23	-99999	-13.747	-0.956844	0	0	0	0	0	-267.939	-316.975	131.579	-33.0383	694.552	702.394	-267.722	-300.225	-314.949	132.23	43.5242	-40.2082	694.537	696.295	714.33	5.09576	7	0	52.4346	48.0769	-83.1506	807.949	48.0769	-83.1506	807.949	
13868	48543	135.837	334.768	135.825	-99999	54.353	-0.948156	1	1	1	1	0	-279.466	-271.343	133.214	12.1834	-139.658	-80.5143	-279.528	-277.57	-271.405	133.214	72.3398	12.1834	-139.658	-110.184	-80.5143	6.20641	10	0	73.8032	54.595	44.0739	185.34	54.595	44.0739	185.34	
13868	47670	157.495	433.391	157.199	-99999	17.495	-0.845558	1	1	1	0	0	-342.504	-267.958	133.28	2.60587	267.375	309.088	-342.524	-301.853	-267.925	133.28	67.9081	2.33076	267.375	283.686	309.175	36.8142	14	0	139.021	17.525	12.5562	289.798	17.525	12.5562	289.798	
13868	47714	64.4987	232.837	63.9563	-99999	-7.258	-0.907564	1	1	0	0	0	-260.704	-237.394	130.699	76.4286	13.8126	35.8543	-262.025	-249.2	-238.527	131.155	102.595	76.4286	13.6785	21.2163	35.8543	38.34	13	0	102.053	-7.22944	32.9509	22.9571	-7.22944	32.9509	22.9571	
13867	9396	155.892	429.414	154.534	-99999	-20.278	-0.834435	1	1	1	1	1	-229.014	-296.41	130.728	3.97724	-268.135	-211.02	-228.907	-262.278	-296.963	130.914	66.4158	3.08104	-268.221	-239.918	-210.627	8.78464	11	0	95.451	-20.2343	-39.3496	-112.78	-20.2343	-39.3496	-112.78	
13868	50970	244.041	602.815	243.922	-99999	96.397	-0.861357	1	1	1	1	1	-355.65	-241.412	92.3389	-106.761	-756.373	-677.626	-355.81	-304.574	-241.522	92.439	-11.7823	-106.761	-756.406	-719.191	-677.626	5.4403	10	0	77.3842	96.4184	11.5532	-723.393	96.4184	11.5532	-723.393	
13868	54982	348.812	911.331	347.773	30.5562	29.655	-0.698257	1	1	1	1	1	-222.857	-192.738	131.662	-115.444	-218.489	-456.892	-222.848	-206.225	-192.738	132.381	7.31957	-115.444	-217.758	-337.877	-456.892	6.52891	14	0	138.625	29.7008	-25.5144	-360.166	29.7008	-25.5144	-360.166	
13868	53895	308.291	755.661	305.599	-99999	19.799	-0.691285	1	1	1	1	1	-243.225	-292.235	133.117	-88.5566	-174.574	29.4086	-243.248	-269.893	-292.814	133.117	19.5666	-90.3059	-174.574	-73.9213	31.3699	5.86769	13	0	73.5186	19.8324	-19.0082	-46.4932	19.8324	-19.0082	-46.4932	
13867	14417	49.4506	166.216	37.9946	-99999	-37.984	-0.926388	0	0	0	0	0	-327.42	-328.046	131.785	100.405	664.707	683.815	-327.377	-327.541	-328.924	131.785	110.84	91.7381	664.707	676.308	690.263	6.21809	13	0	103.06	33.7845	-23.5032	442.852	96.3245	0.0522628	485.719	
13868	54706	153.83	391.231	153.529	-384.96	44.885	-0.515196	0	0	0	0	0	-204.223	-259.42	132.409	71.2469	-192.309	-63.6865	-204.135	-235.244	-259.439	132.536	99.6493	71.237	-192.504	-130.476	-63.6476	10.9647	13	0	97.443	78.2578	-44.2482	112.479	78.2578	-44.2482	112.479	
13868	58528	108.022	200.602	107.028	-1111.76	91.6	-0.37644	0	0	0	0	0	-231.568	-182.599	132.874	94.4318	634.904	547.868	-231.89	-207.456	-182.599	133.253	113.758	94.4318	635.763	591.749	547.868	5.07236	16	0	39.1243	-29.1755	-13.0216	-133.544	-29.1755	-13.0216	-133.544	
13868	72142	25.4564	87.7308	24.2389	-99999	42.478	-0.0906959	1	1	0	0	0	-356.533	-340.193	-162.39	-152.998	823.154	836.091	-340.263	-348.245	-356.581	-152.434	-155.894	-162.39	836.59	829.853	823.154	4.55025	41	0	87.7308	42.4695	-95.5158	804.114	42.4695	-95.5158	804.114	
13868	58786	159.85	299.286	158.966	-99999	56.593	-0.881927	1	1	1	1	1	-137.89	-218.778	133.276	0.521544	-165.684	-132.807	-128.975	-169.39	-210.264	133.322	66.4017	-0.204291	-165.693	-149.213	-132.731	4.28147	9	0	60.2171	56.6343	-8.24195	-138.52	56.6343	-8.24195	-138.52	
13868	44190	146.986	357.934	146.863	-99999	-15.583	-0.770927	1	1	1	0	0	-289.584	-234.17	134.229	25.9647	-346.404	-265.38	-289.599	-262.23	-234.152	134.314	82.1402	25.9647	-346.466	-302.912	-265.38	4.63862	13	0	76.0065	-15.5343	15.1634	-296.254	-15.5343	15.1634	-296.254	
13868	40268	304.007	632.485	303.624	115.787	114.621	-0.970576	1	1	1	1	1	-232.737	-203.519	132.924	-152.967	-14.1588	50.0637	-232.739	-237.1	-203.519	133.001	-15.0256	-152.967	-14.178	16.9147	50.0637	10.5051	11	0	82.6567	114.641	-21.8148	17.3278	114.641	-21.8148	17.3278	
13868	44765	316.069	877.852	305.261	-99999	70.526	-0.984553	1	1	1	1	1	-222.575	-269.76	131.653	-168.956	811.954	834.389	-222.615	-246.148	-272.642	131.906	-23.8611	-178.935	811.929	824.336	833.24	4.71111	8	0	76.054	70.548	-27.2263	781.028	70.548	-27.2263	781.028	
13868	49401	111.842	34312.6	111.433	-99999	81.721	-0.8891	1	1	1	1	1	-296.878	-246.822	131.854	32.3729	-219.427	-223.121	-297.081	-271.668	-246.847	132.066	82.2948	32.2167	-219.418	-221.462	-223.122	899.132	6	0	33808.4	81.7578	-24.0398	-223.919	81.7578	-24.0398	-223.919	
13868	48084	295.517	633.05	294.354	-99999	42.827	-0.970995	1	1	1	1	1	-292.986	-257.141	131.747	-146.276	-122.63	-38.9441	-293.134	-267.577	-257.234	132.437	-8.80049	-146.658	-122.764	-87.942	-38.714	7.67006	6	0	43.2607	42.8589	-23.3767	-80.6602	42.8589	-23.3767	-80.6602	
13868	49184	214.329	535.076	212.867	-99999	28.005	-0.913034	1	1	1	1	1	-219.877	-267.698	132.794	-68.9529	316.16	361.414	-219.906	-249.045	-267.929	132.802	32.4505	-70.3439	316.158	339.338	361.762	4.74831	14	0	81.3279	28.0267	-19.2205	349.936	28.0267	-19.2205	349.936	
13868	53926	51.9825	180.72	51.08	-99999	57.43	-0.949681	1	1	1	1	1	-222.645	-228.235	132.325	82.9659	714.145	722.253	-213.685	-219.79	-219.119	132.325	107.265	82.1355	714.145	716.911	722.424	6.51927	11	0	88.2984	57.4487	-33.7208	451.395	73.3287	24.0745	721.916	
13868	56517	141.192	362.41	141.09	-99999	-42.18	-0.809687	1	1	1	1	0	-294.135	-270.284	130.974	13.4224	-720.536	-646.865	-294.099	-283.636	-270.236	131.054	72.6125	13.4224	-720.592	-682.559	-646.865	10.4329	16	0	96.0354	-42.1547	13.0536	-664.671	-42.1547	13.0536	-664.671	
13868	55201	20.1661	74.0671	18.0521	-99999	77.678	-0.851486	1	1	1	1	1	-285.429	-294.152	130.336	115.059	213.72	217.765	-284.657	-289.506	-294.414	131.842	123.262	114.773	213.374	215.504	217.847	4.6414	10	0	74.0671	84.5282	-33.1366	-572.947	68.1382	-16.262	400.085	
13868	57651	100.377	271.074	100.373	-99999	15.235	-0.592376	1	1	1	0	0	-323.657	-283.331	133.348	71.6398	51.9014	119.537	-323.674	-303.563	-283.349	133.348	101.191	71.6398	51.9014	84.6443	119.537	6.01252	14	0	78.1756	15.2568	34.8856	95.2867	15.2568	34.8856	95.2867	
13868	59462	170.011	498.017	169.209	-99999	112.905	-0.757701	1	1	1	1	1	-281.056	-265.712	133.793	16.66	-30.5618	90.1245	-281.185	-274.342	-265.828	133.793	73.5589	16.1153	-30.5618	28.7561	90.6998	8.09546	15	0	162.496	112.93	20.4857	45.5096	112.93	20.4857	45.5096	
13867	15398	306.611	708.375	306.602	-99999	8.305	-0.958395	1	1	1	1	1	-174.185	-125.443	132.721	-163.821	-707.675	-759.797	-171.584	-140.42	-122.843	132.721	-15.6718	-163.821	-707.675	-729.715	-759.797	6.3724	9	0	95.6741	8.30673	-36.7109	-733.516	8.30673	-36.7109	-733.516	
13867	18798	66.5105	207.094	66.0336	-99999	36.932	-0.982085	0	0	0	0	0	-212.865	-203.841	132.299	68.1373	718.16	730.268	-218.697	-214.185	-209.644	132.767	100.705	68.1373	718.087	725.563	730.268	5.74928	10	0	86.0237	70.2569	-98.5815	-137.767	94.6169	-66.4595	818.241	
13868	58841	323.241	791.499	321.458	-28.1146	-27.103	-0.947837	1	1	1	1	1	-301.826	-181.907	132.787	-155.925	371.849	415.473	-302.079	-255.578	-181.467	133.817	-16.1947	-156.429	371.619	408.996	415.294	5.03614	9	0	78.7317	-27.0777	-14.5767	404.115	-27.0777	-14.5767	404.115	
13868	58597	228.519	760.41	228.325	181.868	54.02	-0.798906	0	0	0	0	0	-224.113	-71.8584	132.19	-17.1253	609.877	537.597	-224.199	-156.945	-71.8584	132.339	48.2448	-17.1253	609.947	575.131	537.597	170.239	10	0	268.094	25.4019	-97.8219	824.718	25.4019	-97.8219	824.718	
13868	55265	84.4656	214.438	76.2062	-99999	-4.317	-0.755769	1	1	1	1	1	-268.323	-216.14	132.761	77.2764	733.547	735.711	-268.467	-239.731	-210.604	132.943	102.026	71.4654	733.534	734.75	735.752	8.55726	11	0	66.0127	-4.28971	-34.4686	719.156	-4.28971	-34.4686	719.156	
13868	49984	266.635	622.412	265.461	-99999	12.375	-0.926027	1	1	1	1	1	-305.761	-167.828	133.687	-89.8038	667.136	679.296	-305.924	-247.205	-167.447	134.116	15.0278	-90.3413	667.099	677.352	679.212	5.81859	9	0	81.6874	15.3015	-38.9295	561.459	15.3015	-38.9295	561.459	
13868	51884	341.833	860.465	327.601	-99999	17.416	-0.89619	1	1	1	1	1	-116.613	-156.413	133.297	-167.77	-468.676	-591.321	-111.174	-129.84	-153.307	133.785	-23.6298	-180.366	-468.42	-532.206	-596.054	5.25261	14	0	56.3387	17.4506	-22.1004	-527.387	17.4506	-22.1004	-527.387	
13867	16515	184.83	440.838	182.86	-99999	-22.889	-0.900339	1	1	1	1	1	-123.529	-186.306	129.447	-40.7712	243.624	253.965	-130.282	-168.157	-193.61	130.318	46.4857	-41.7132	243.541	252.077	253.692	5.80683	9	0	85.6009	-22.863	-1.33956	246.848	-22.863	-1.33956	246.848	
13868	54856	251.108	647.333	249.517	334.98	92.735	-0.468624	1	1	1	1	1	-343.233	-182.835	133.819	3.75709	-27.7275	-164.825	-343.965	-258.993	-182.635	134.346	76.2726	3.39364	-27.0741	-98.9016	-165.04	5.08056	14	0	100.893	92.755	-29.9005	389.974	92.755	-29.9005	389.974	
13868	55433	107.478	289.206	90.1621	-99999	74.066	-0.953104	1	1	1	0	0	-105.983	-88.0169	132.708	45.7932	-123.268	-107.475	-83.0066	-72.3159	-61.1367	133.531	81.8348	30.0521	-123.431	-113.406	-104.486	12.5137	7	0	133.363	74.2879	24.6749	-98.3045	74.2879	24.6749	-98.3045	
13868	56423	232.786	555.828	232.49	-99999	107.869	-0.740813	1	1	1	1	1	-110.856	-243.292	133.425	-34.5818	-605.135	-689.375	-76.9038	-153.237	-209.513	133.643	52.7737	-34.5818	-605.044	-639.054	-689.375	6.20834	9	0	63.157	107.879	23.5335	-638.425	107.879	23.5335	-638.425	
13868	56823	319.08	737.495	318.275	47.1724	46.02	-0.8242	1	1	1	1	1	-286.567	-96.3366	133.22	-119.547	175.373	181.546	-286.567	-193.925	-95.893	133.22	4.55013	-120.208	175.373	192.73	181.568	8.55497	7	0	76.5946	46.0538	-34.0788	187.479	46.0538	-34.0788	187.479	
13868	59723	333.184	835.842	332.636	-99999	44.861	-0.92746	1	1	1	1	1	-183.599	-117.733	133.512	-167.317	-577.935	-692.126	-169.551	-130.344	-103.727	133.512	-21.9439	-167.836	-577.935	-623.052	-692.236	4.28955	9	0	90.6654	44.8845	-35.7485	-631.969	44.8845	-35.7485	-631.969	
13868	64835	53.6963	139.675	52.1418	-99999	55.922	-0.930445	1	0	0	0	0	-99.4284	-81.2642	133.635	85.5729	-748.667	-747.287	-81.9451	-74.7479	-63.0608	133.709	108.184	84.3196	-748.679	-744.807	-747.598	4.67074	10	0	67.9479	55.939	67.448	-765.921	55.939	67.448	-765.921	
13868	64585	136.056	361.002	134.946	-99999	110.286	-0.934601	1	1	1	1	0	-151.446	-197.97	129.971	7.7351	651.073	680.635	-116.85	-135.397	-163.949	130.193	66.7119	7.03828	651.015	666.76	680.71	4.88907	6	0	94.5371	110.31	15.8883	659.407	110.31	15.8883	659.407	
13868	60208	135.652	356.251	135.392	-99999	9.06	-0.968462	1	1	1	1	0	-280.469	-243.255	132.303	6.31693	-378.875	-346.893	-280.481	-262.982	-243.193	132.311	68.7348	6.08151	-378.876	-363.515	-346.849	5.30674	12	0	76.887	9.08177	9.35373	-349.876	9.08177	9.35373	-349.876	
13868	49304	46.3258	145.255	45.0411	-99999	95.358	-0.960045	1	1	0	0	0	-99.8614	-91.0626	130.251	87.3961	582.118	591.363	-70.0008	-65.4537	-61.1183	130.252	108.257	86.5283	582.118	587.217	591.082	9.76924	9	0	92.1254	95.3786	45.8106	590.698	95.3786	45.8106	590.698	
13868	45981	264.713	715.95	264.711	-99999	85.292	-0.789231	1	1	1	1	1	-229.196	-88.0148	130.33	-82.8372	121.575	53.0837	-202.488	-131.804	-61.3061	130.33	24.0502	-82.8372	121.575	86.5784	53.0837	4.13411	10	0	45.5811	85.3284	-48.5009	61.685	85.3284	-48.5009	61.685	
13868	15823	110.304	654.179	110.302	-99999	92.552	-0.174874	1	1	1	1	1	-278.397	-302.406	132.031	106.161	669.217	773.032	-278.502	-291.7	-302.512	132.031	122.983	106.161	669.217	721.995	773.032	66.924	15	0	213.202	92.6352	44.3806	767.703	92.6352	44.3806	767.703	
13868	51327	256.718	541.117	256.483	19.6089	19.67	-0.731395	1	1	1	1	1	-174.169	-225.872	130.956	-73.4766	628.926	772.063	-174.169	-204.729	-225.862	130.956	33.4827	-73.668	628.926	706.577	772.176	5.34606	14	0	87.5935	18.83	-33.9718	745.178	18.83	-33.9718	745.178	
13868	56047	114.64	786.746	111.089	81.2109	80.104	-0.844805	1	1	1	1	1	-228.433	-184.501	131.938	34.8978	293.001	263.847	-228.73	-200.918	-183.591	132.517	84.5328	32.2144	293.205	278.886	263.449	15.2953	12	0	238.625	80.1169	6.00991	261.254	80.1169	6.00991	261.254	
13868	25952	396.668	944.234	396.099	40.6841	41.116	-0.800424	1	1	1	1	1	-320.124	-103.62	132.73	-169.268	409.538	276.728	-320.421	-208.828	-103.62	133.178	-19.7817	-169.268	409.702	351.191	276.728	13.1804	9	0	94.2442	41.1471	-20.8453	346.661	41.1471	-20.8453	346.661	
13868	59002	164.559	712.315	164.45	-99999	61.054	-0.897432	1	1	1	1	1	-182.22	-221.248	131.996	-11.639	126.51	56.69	-172.608	-191.383	-211.663	132.068	60.1348	-11.6596	126.541	91.3027	56.6783	4.4236	10	0	85.0425	61.0881	-24.9651	43.7841	61.0881	-24.9651	43.7841	
13868	55494	51.9928	125.925	50.4964	-99999	86.215	-0.744566	0	0	0	0	0	-117.517	-87.8394	132.753	95.1145	-177.973	-193.723	-91.4261	-76.0548	-60.8417	133.864	114.333	95.1145	-177.551	-185.171	-193.723	4.13244	13	0	57.0463	86.241	73.3824	-191.92	86.241	73.3824	-191.92	
13868	50479	171.779	420.743	170.982	-16.619	-15.357	-0.331272	1	1	1	1	1	-344.029	-200.623	133.837	74.1669	-45.7776	-116.086	-344.454	-271.277	-200.453	134.017	105.576	74.1169	-45.498	-80.0945	-116.239	7.47615	11	0	73.2268	-22.0863	0.474124	462.423	-22.0863	0.474124	462.423	
13868	52779	505.379	1246.32	501.676	-99999	11.429	-0.616241	1	1	1	1	1	-178.909	-80.9579	133.923	-165.839	541.963	157.067	-175.33	-121.058	-77.1123	133.923	-16.038	-168.115	541.963	346.092	154.22	11.5344	18	0	120.407	11.4779	-45.1149	311.44	11.4779	-45.1149	311.44	
13868	51169	125.956	313.833	125.745	-99999	-20.878	-0.553653	1	1	1	0	0	-281.723	-320.236	133.384	73.3836	-440.598	-337.631	-281.658	-300.98	-320.249	133.448	99.2066	73.3475	-440.685	-391.534	-337.553	5.85874	13	0	74.2925	-20.8415	44.4008	-367.26	-20.8415	44.4008	-367.26	
13868	55529	72.4265	230.416	71.5004	-99999	-35.675	-0.958788	0	0	0	0	0	-227.252	-204.993	133.366	66.5646	765.724	777.572	-232.893	-222.314	-210.31	133.672	99.637	66.0224	765.681	771.975	777.584	7.44453	7	0	88.7568	-999999	-999999	-999999	-999999	-999999	-999999	
13868	57629	222.618	744.478	221.966	-99999	-25.98	-0.998067	1	1	1	1	1	-305.364	-322.59	130.387	-79.0494	404.341	443.11	-305.334	-305.428	-322.561	130.387	25.4966	-79.0494	404.341	410.704	443.11	19.5761	6	0	132.502	-25.9573	-14.5279	422.026	-25.9573	-14.5279	422.026	
13868	58829	325.54	688.772	307.694	-99999	-22.497	-0.874536	1	1	1	1	1	-163.38	-170.708	131.289	-165.625	-150.208	-205.05	-170.451	-176.044	-177.473	133.086	-26.7085	-167.135	-149.158	-175.54	-220.501	7.80469	11	0	73.8208	-22.4699	-24.673	-181.951	-22.4699	-24.673	-181.951	
13868	55778	315.808	781.133	314.784	103.038	102.015	-0.897197	1	1	1	1	1	-202.561	-301.796	132.948	-144.747	723.329	831.421	-202.561	-251.541	-302.152	132.948	-5.81227	-145.667	723.329	780.465	831.656	6.94822	9	0	73.266	102.054	-36.7844	769.322	102.054	-36.7844	769.322	
13868	57678	236.018	640.373	229.109	-99999	-7.212	-0.634321	1	1	1	1	1	-145.864	-306.392	130.434	-0.0316555	-381.723	-283.648	-145.854	-228.166	-311.255	130.444	62.8332	-3.80894	-381.73	-331.429	-280.673	6.86855	10	0	46.4884	-7.18723	-14.1669	-286.144	-7.18723	-14.1669	-286.144	
13868	59478	324.887	802.715	324.883	-99999	30.024	-0.951581	1	1	1	1	1	-235.554	-308.594	132.106	-169.377	769.315	861.445	-235.588	-276.152	-308.628	132.106	-21.1195	-169.377	769.315	804.396	861.445	8.46627	10	0	90.2344	30.0543	-32.8497	780.279	30.0543	-32.8497	780.279	
13868	56391	226.139	551.815	225.769	-99999	-34.141	-0.887634	1	1	1	1	1	-329.773	-215.563	133.209	-59.135	459.39	478.35	-324.573	-268.058	-210.198	133.534	35.8206	-59.135	459.367	465.101	478.35	4.14046	10	0	69.8437	-34.1157	-1.39587	457.901	-34.1157	-1.39587	457.901	
13868	59910	203.649	831.552	202.432	-27.9505	-27.507	-0.800619	1	1	1	1	1	-141.581	-259.61	131.774	-14.3507	-649.867	-582.94	-141.581	-189.561	-260.395	131.774	51.847	-15.2643	-649.867	-609.368	-582.84	4.1413	8	0	75.0862	-27.475	3.68635	-601.062	-27.475	3.68635	-601.062	
13868	51589	356.231	1021.26	356.01	34.6401	34.526	-0.696798	1	1	1	1	1	-187.428	-273.202	132.938	-94.7336	357.584	616.251	-187.38	-232.597	-273.202	133.088	15.9006	-94.7336	357.437	483.552	616.251	4.32206	17	0	104.526	34.5549	-23.396	509.311	34.5549	-23.396	509.311	
13868	50511	212.446	523.362	212.222	-99999	-10.737	-0.727631	1	1	1	1	1	-242.154	-275.329	131.639	-32.9539	571.528	698.426	-242.142	-251.588	-275.451	131.639	50.0564	-33.0968	571.528	638.834	698.516	6.69756	10	0	81.4106	-10.7087	-2.35677	657.589	-10.7087	-2.35677	657.589	
13868	50130	205.375	590.671	204.919	-99999	74.006	-0.990684	1	1	1	1	1	-190.577	-221.917	131.371	-70.8111	-504.441	-515.691	-178.913	-194.566	-210.305	131.691	30.3911	-70.9405	-504.425	-510.473	-515.696	9.18713	6	0	51.3533	74.0432	-34.4626	-515.908	74.0432	-34.4626	-515.908	
13868	54730	71.7873	239.494	71.7807	46.5103	49.74	-0.787903	0	0	0	0	0	-213.386	-183.327	132.645	83.9165	-582.302	-625.249	-213.386	-196.697	-183.327	132.645	109.063	83.9165	-582.302	-603.468	-625.249	5.83004	14	0	110.119	49.7768	35.8057	-605.095	49.7768	35.8057	-605.095	
13868	53905	414.275	971.359	413.345	-99999	81.571	-0.485706	1	1	1	1	1	-234.611	-305.012	129.64	-48.4462	-865.479	-500.085	-234.702	-264.993	-305.326	129.646	34.3097	-48.7808	-865.489	-684.255	-499.264	6.49086	18	0	63.2536	81.5767	-10.6756	-623.597	81.5767	-10.6756	-623.597	
13868	58170	96.6361	267.14	95.5659	46.4554	44.727	-0.777501	1	1	0	0	0	-218.815	-155.673	132.492	61.3745	-470.812	-478.911	-218.869	-187.516	-155.133	132.561	96.1353	60.576	-470.799	-475.472	-479.08	4.31735	10	0	78.6711	40.7428	-19.2741	-313.968	56.9928	15.1939	-477.162	
13868	56224	325.889	774.403	324.233	71.0023	71.878	-0.798917	1	1	1	1	1	-162.388	-340.794	131.173	-113.334	88.291	202.884	-161.942	-254.843	-341.157	131.94	8.43824	-113.89	87.9881	139.307	203.126	4.97237	11	0	75.6572	81.8063	7.77544	493.84	81.8063	7.77544	493.84	
13868	77564	158.076	499.814	158.072	-99999	88.142	-0.748723	1	1	1	1	1	-345.711	-269.841	131.904	2.95568	500.065	550.233	-345.812	-307.843	-269.942	131.904	66.4999	2.95568	500.065	522.67	550.233	10.3266	11	0	116.077	88.166	12.4375	537.423	88.166	12.4375	537.423	
13868	78664	291.855	720.074	291.585	72.6742	72.311	-0.822358	1	1	1	1	1	-299.128	-156.724	133.193	-109.192	-653.854	-725.557	-299.262	-224.029	-156.724	133.412	12.545	-109.192	-653.793	-685.584	-725.557	5.06905	12	0	88.2509	72.3343	-14.3345	-680.096	72.3343	-14.3345	-680.096	
13868	59120	267.455	668.835	266.989	-99999	4.689	-0.847765	1	1	1	1	1	-301.112	-217.942	132.987	-100.726	70.0789	166.477	-301.267	-255.365	-217.947	133.376	18.4764	-100.726	69.8886	120.446	166.477	4.13979	11	0	84.2968	1.25291	-16.4611	129.238	1.25291	-16.4611	129.238	
13868	60827	173.601	438.112	173.405	-99999	67.112	-0.740502	1	1	1	1	1	-257.682	-225.844	131.845	-1.00268	-297.391	-191.227	-257.806	-238.423	-225.921	131.986	66.7348	-1.00268	-297.514	-243.698	-191.227	7.89256	10	0	91.1286	67.1578	3.40558	-221.991	67.1578	3.40558	-221.991	
13868	61191	299.651	727.774	288.03	62.0315	61.677	-0.872285	1	1	1	1	1	-202.89	-323.44	129.532	-105.965	262.54	370.252	-202.434	-261.631	-330.019	130.574	3.36591	-113.656	262.179	314.126	372.678	4.15961	7	0	69.7454	61.6962	-39.9572	337.054	61.6962	-39.9572	337.054	
13868	55407	27.1048	204.676	27.1045	-99999	12.798	-0.917027	1	1	0	0	0	-327.869	-323.877	131.579	106.92	873.878	884.353	-327.883	-325.838	-323.891	131.579	119.122	106.92	873.878	878.799	884.353	4.61812	10	0	187.335	12.8297	29.8479	824.974	12.8297	29.8479	824.974	
13868	57663	204.802	542.72	202.5	70.6236	70.901	-0.929244	1	1	1	1	1	-236.988	-156.063	131.72	-51.1533	754.731	771.154	-237.035	-198.534	-155.397	131.85	38.9326	-53.1883	754.705	773.531	771.356	5.91078	8	0	114.935	70.9372	-11.6641	749.904	70.9372	-11.6641	749.904	
13868	57277	328.319	693.158	326.906	-99999	51.097	-0.835259	1	1	1	1	1	-247.252	-238.965	133.825	-130.063	500.118	678.132	-247.31	-240.027	-238.846	133.904	-0.160664	-131.109	500.066	589.896	678.802	4.03688	12	0	93.827	46.7334	-21.4677	-129.394	34.1334	57.0065	27.8613	
13868	57277	79.621	229.6	76.7237	-99999	34.112	-0.772053	1	1	1	1	1	-118.344	-72.0788	129.849	70.3139	12.0781	26.2513	-108.425	-84.6154	-60.3456	130.806	99.7862	69.0604	11.8616	19.3173	26.489	4.3487	6	0	103.344	34.1334	57.0065	27.8613	34.1334	57.0065	27.8613	
13868	58377	335.093	779.012	333.064	50.7938	50.188	-0.615528	1	1	1	1	1	-192.123	-261.532	133.868	-49.903	-686.232	-421.051	-192.123	-213.887	-261.93	133.868	38.4734	-51.1948	-686.232	-551.186	-419.551	5.71405	16	0	82.7176	50.2184	-9.67597	-513.304	50.2184	-9.67597	-513.304	
13868	64158	117.884	293.59	117.88	-99999	-42.521	-0.893959	1	1	1	0	0	-290.891	-316.84	133.019	33.2663	-418.6	-362.832	-290.842	-302.566	-316.791	133.019	80.5594	33.2663	-418.6	-394.644	-362.832	5.31585	12	0	91.4106	-42.4997	34.7176	-377.837	-42.4997	34.7176	-377.837	
13868	60848	44.5057	120.72	42.2748	48.5206	-47.035	-0.855541	0	0	0	0	0	-222.888	-197.729	130.985	102.083	105.683	90.0428	-223.894	-213.084	-197.729	132.889	114.634	102.083	106.248	99.6517	90.0428	7.57422	11	0	62.4405	-42.2473	-16.7218	723.015	45.4527	29.9375	88.4888	
13868	59169	139.403	360.895	135.858	-25.4305	-24.915	-0.961206	1	1	1	1	0	-197.265	-237.158	131.961	5.0187	686.471	712.792	-197.011	-217.863	-237.809	132.948	67.695	2.61434	686.398	698.706	713.158	6.19728	10	0	79.0005	-24.8757	2.85185	699.071	-24.8757	2.85185	699.071	
13868	61156	127.666	379.471	123.676	-99999	-33.441	-0.9679	1	1	1	1	0	-255.387	-250.908	132.79	23.6002	747.997	798.276	-255.349	-249.358	-250.977	132.79	73.6054	22.0647	747.997	768.158	801.922	8.14042	8	0	123.178	-33.4079	11.0644	759.811	-33.4079	11.0644	759.811	
13868	61326	122.093	352.353	119.538	-99999	93.925	-0.93894	1	1	1	0	0	-129.136	-90.7919	129.377	17.1337	333.464	348.255	-100.049	-80.3796	-60.9842	130.301	72.9955	15.644	333.356	340.815	348.537	9.41626	8	0	61.6297	93.9415	9.79686	346.334	93.9415	9.79686	346.334	
13868	62226	100.697	273.918	100.697	-99999	14.191	-0.703547	1	1	0	0	0	-65.637	-98.3821	10.9047	-65.6545	-818.963	-875.518	-61.1932	-77.5281	-93.9383	10.9047	-27.0225	-65.6545	-818.963	-847.745	-875.518	4.87122	13	0	72.7346	14.21	-21.0264	-680.18	14.21	-21.0264	-680.18	
13868	60364	26.5648	47.1561	26.5407	-99999	-29.727	-0.771934	0	0	0	0	0	-134.949	-148.065	132.193	113.988	-129.759	-142.162	-144.258	-148.607	-157.374	132.193	122.423	113.988	-129.759	-137.112	-142.162	4.30162	8	0	31.5736	-49.0418	-78.6014	-835.049	-49.0418	-78.6014	-835.049	
13868	62503	89.2923	262.713	87.4695	-99999	48.059	-0.994278	1	0	0	0	0	-291.141	-276.409	131.985	46.6007	759.738	768.469	-291.284	-286.468	-276.366	133.492	89.2274	46.3176	759.606	762.141	768.493	5.70186	9	0	102.491	48.0907	31.2229	758.836	48.0907	31.2229	758.836	
13868	76174	245.479	552.749	243.029	48.6403	47.969	-0.884268	1	1	1	1	1	-271.03	-179.637	132.497	-82.2681	-360.892	-301.022	-271.142	-218.388	-179.741	132.739	25.3499	-84.3641	-360.951	-333.83	-300.544	5.19548	7	0	42.7244	47.9986	-14.9942	-325.12	47.9986	-14.9942	-325.12	
13868	63636	191.97	425.456	190.869	-99999	43.57	-0.983205	1	1	1	1	1	-163.07	-124.395	131.692	-48.5494	-147.509	-178.548	-149.556	-140.521	-110.751	132.766	39.3941	-48.5494	-147.37	-167.321	-178.548	6.00984	6	0	69.2991	43.5901	-11.5859	-174.668	43.5901	-11.5859	-174.668	
13868	69816	337.653	879.234	337.646	-99999	-16.494	-0.883306	1	1	1	1	1	-343.672	-254.104	132.552	-168.345	91.1336	212.15	-343.653	-300.284	-254.085	132.552	-19.4563	-168.345	91.1336	150.254	212.15	16.0716	17	0	122.802	-16.4794	-10.8716	156.652	-16.4794	-10.8716	156.652	
13868	8484	276.575	639.844	272.462	17.2755	16.701	-0.985443	1	1	1	1	1	-214.923	-203.321	132.82	-118.332	-811.611	-805.501	-214.923	-207.152	-203.353	132.82	-3.52699	-118.533	-811.611	-790.462	-805.833	4.90121	9	0	22.8927	16.7297	-22.1304	-756.497	16.7297	-22.1304	-756.497	
13868	67624	302.385	722.29	302.37	41.7412	41.713	-0.997539	1	1	1	1	1	-207.815	-235.063	131.221	-160.656	-413.371	-361.563	-207.815	-212.785	-235.063	131.221	-19.459	-160.656	-413.371	-405.693	-361.563	6.87143	13	0	86.3661	41.7399	-29.0978	-395.01	41.7399	-29.0978	-395.01	
13868	77878	223.957	546.876	221.884	68.1386	67.875	-0.752662	1	1	1	1	1	-240.934	-95.6088	132.462	-27.3875	-668.806	-715.718	-241.094	-165.343	-95.064	132.656	53.4171	-29.0859	-668.761	-691.298	-716.021	5.11464	12	0	96.2082	67.8932	-4.14712	-703.005	67.8932	-4.14712	-703.005	
13868	79978	226.548	571.155	225.948	-99999	105.714	-0.852532	1	1	1	1	1	-235.784	-338.998	132.492	-59.0106	260.225	319.69	-235.819	-288.203	-339.258	132.645	36.0811	-59.379	260.184	287.434	319.828	5.78755	13	0	82.4746	105.723	-32.5651	312.777	105.723	-32.5651	312.777	
13868	61534	269.071	603.01	268.622	-99999	91.9	-0.990994	1	1	1	1	1	-318.673	-319.735	133.728	-130.399	-322.452	-285.066	-318.772	-320.463	-319.781	133.781	0.945247	-130.694	-322.456	-307.125	-285.029	6.27221	9	0	74.9467	91.935	-35.0952	-295.616	91.935	-35.0952	-295.616	
13868	61069	134.626	439.368	134.406	315.301	-6.008	-0.801816	0	0	0	0	0	-162.485	-245.97	132.483	34.0789	57.7385	93.0312	-162.378	-200.958	-245.97	132.658	80.7209	34.0789	57.6675	75.8313	93.0312	24.2576	7	0	152.135	-19.9094	-40.5862	-809.845	109.011	-22.9141	220.178	
13867	1780	193.753	481.147	193.375	-99999	98.752	-0.967052	1	1	1	1	1	-99.7346	-179.543	132.598	-40.6106	-139.886	-126.082	-68.716	-99.3102	-148.62	132.959	41.4077	-40.6106	-139.886	-134.37	-126.082	5.56937	6	0	76.7232	98.7688	7.98061	-138.936	98.7688	7.98061	-138.936	
13868	60145	308.065	1069.08	307.749	-99999	97.244	-0.970375	1	1	1	0	0	-118.329	-91.966	133.195	-165.656	-822.315	-883.882	-87.9138	-74.1001	-61.5146	133.431	-16.3234	-165.656	-822.266	-853.638	-883.882	11.303	9	0	57.1509	97.2431	-24.3552	-831.241	97.2431	-24.3552	-831.241	
13868	64245	242.708	542.814	241.72	-99999	17.452	-0.652768	1	1	1	1	1	-288.503	-341.304	132.159	-50.184	-217.511	-72.8121	-288.505	-302.639	-341.623	132.299	44.6244	-50.8755	-217.673	-135.337	-72.6518	5.59062	12	0	72.5488	17.487	-13.4717	-110.167	17.487	-13.4717	-110.167	
13868	9404	78.1088	221.965	76.8792	-99999	107.671	-0.980437	1	0	0	0	0	-230.94	-220.181	131.582	56.5948	-307.13	-319.43	-231.159	-226.325	-220.31	132.648	94.3186	56.4601	-306.936	-312.455	-319.456	4.45165	7	0	79.5932	107.7	14.6077	-325.808	107.7	14.6077	-325.808	
13868	63350	194.231	487.686	194.195	-99999	64.836	-0.969939	1	1	1	1	1	-212.124	-238.91	130.869	-53.8904	-593.995	-541.951	-212.2	-225.057	-238.984	130.897	38.2291	-53.8904	-594	-568.537	-541.951	5.27048	7	0	77.229	64.8429	-11.4314	-561.652	64.8429	-11.4314	-561.652	
13868	78623	351.137	590.424	289.303	-99999	84.13	-0.969989	1	1	1	1	1	-193.222	-198.267	131.168	-123.728	314.456	446.572	-166.877	-170.55	-171.701	131.168	-22.1644	-169.709	314.456	393.663	457.084	7.63492	9	0	235.304	84.1591	-30.0576	387.366	84.1591	-30.0576	387.366	
13868	64182	267.393	663.451	266.928	49.5646	51.982	-0.929806	1	1	1	1	1	-100.981	-217.927	133.283	-105.078	66.7789	85.4984	-100.981	-160.195	-218.116	133.283	14.0375	-105.489	66.7789	75.917	85.5679	6.75167	10	0	117.064	52.0096	-7.93217	71.0543	52.0096	-7.93217	71.0543	
13867	3993	300.726	723.812	300.707	-99999	-2.406	-0.904507	1	1	1	1	1	-189.582	-337.528	130.151	-121.712	203.189	260.815	-189.577	-254.652	-337.528	130.162	-3.75847	-121.712	203.187	223.612	260.815	5.4965	9	0	64.4149	-4.35471	-19.9697	256.425	-4.35471	-19.9697	256.425	
13868	62297	231.224	551.96	228.681	-99999	70.982	-0.955514	1	1	1	0	0	-135.125	-83.439	131.429	-89.3907	-185.144	-155.958	-113.508	-87.6862	-61.1278	133.435	21.8328	-89.8109	-185.383	-169.839	-155.924	4.59784	6	0	43.1914	66.4645	-26.3109	286.65	66.4645	-26.3109	286.65	
13868	60043	364.956	845.631	346.066	67.6938	67.846	-0.67949	1	1	1	1	1	-217.587	-141.861	132.343	-77.8185	-714.263	-454.05	-217.78	-180.763	-143.934	133.216	17.5981	-72.8013	-715.182	-579.211	-437.466	9.45268	11	0	59.9016	67.8796	-24.4987	-543.085	67.8796	-24.4987	-543.085	
13868	60930	355.884	839.719	355.879	-99999	39.947	-0.556736	1	1	1	1	1	-348.435	-269.326	132.182	-136.919	-498.608	-282.787	-348.481	-317.165	-269.372	132.182	1.91038	-136.919	-498.608	-381.799	-282.787	6.25881	15	0	83.4177	39.9766	-11.4012	-363.333	39.9766	-11.4012	-363.333	
13868	66288	37.4299	286.513	37.3309	115.983	115.342	-0.652237	1	1	1	1	1	-356.357	-340.102	133.455	107.334	-275.742	-293.375	-338.364	-330.059	-322.109	133.455	121.61	107.334	-275.742	-287.482	-293.375	8.89572	10	0	229.912	115.358	-20.7041	-419.337	115.358	-20.7041	-419.337	
13868	8986	269.177	719.54	264.85	-99999	5.536	-0.924809	1	1	1	1	1	-161.14	-225.192	128.507	-127.031	476.59	495.525	-160.311	-193.999	-225.673	131.133	1.11246	-128.411	475.907	482.113	495.65	5.46981	10	0	91.5594	5.57332	-22.1884	475.155	5.57332	-22.1884	475.155	
13868	77363	187.914	733.15	187.481	-99999	64.335	-0.46991	1	1	1	1	1	-121.731	-228.827	133.195	45.4941	508.012	381.616	-101.585	-155.018	-208.934	133.195	88.4994	45.3011	508.012	444.97	381.325	9.8279	19	0	141.536	64.3123	-14.5687	316.052	64.3123	-14.5687	316.052	
13868	67201	129.096	335.308	127.199	38.7343	38.563	-0.964331	1	1	1	1	1	-232.567	-188.879	131.398	14.6013	464.608	447.477	-232.728	-216.768	-188.424	132.1	70.2332	13.5321	464.711	455.644	447.458	8.24948	8	0	78.228	38.5905	6.17057	444.353	38.5905	6.17057	444.353	
13868	68561	522.976	1299.14	522.718	-99999	69.094	-0.479966	1	1	1	1	1	-251.423	-262.27	131.953	-163.522	-678.82	-253.988	-251.518	-237.661	-262.343	132.049	-15.0552	-163.531	-678.996	-464.423	-253.965	7.62494	15	0	90.1195	62.7571	-61.1593	-445.098	62.7571	-61.1593	-445.098	
13868	6982	104.83	293.647	104.825	-99999	42.373	-0.756143	1	1	1	0	0	-255.473	-218.423	132.366	50.8514	-670.88	-617.119	-255.521	-236.506	-218.471	132.366	91.4921	50.8514	-670.88	-644.164	-617.119	5.34396	11	0	80.3564	42.3966	22.2127	-625.38	42.3966	22.2127	-625.38	
13868	75780	232.768	1073.49	231.145	25.6172	25.68	-0.779436	1	1	1	1	1	-189.591	-240.462	133.513	-6.15949	548.813	720.851	-189.504	-224.213	-240.453	134.447	54.9785	-6.35706	548.07	625.434	721.199	7.15946	13	0	565.228	20.2649	-16.5208	80.8653	-23.3051	69.1359	821.803	
13868	64874	56.8432	177.794	56.7693	-99999	51.202	-0.985703	0	0	0	0	0	-213.351	-218.054	132.555	76.4694	80.6266	75.2791	-213.4	-216.659	-218.113	132.623	104.742	76.4694	80.6349	76.4245	75.2791	5.23022	7	0	81.3505	51.2339	25.9125	69.1768	51.2339	25.9125	69.1768	
13867	2490	50.8642	182.74	50.861	-99999	103.464	-0.860242	0	0	0	0	0	-242.417	-221.298	126.362	83.1252	59.796	43.9348	-210.018	-198.46	-188.899	126.362	104.753	83.1252	59.796	53.0168	43.9348	11.5525	14	0	96.6644	103.502	25.2129	43.8773	103.502	25.2129	43.8773	
13868	68707	210.786	130359	210.614	-99999	35.33	-0.794543	1	1	1	1	1	-319.917	-219.793	133.599	-40.6976	-681.654	-625.706	-320.043	-265.332	-219.834	133.734	51.5604	-40.6976	-681.708	-644.875	-625.706	4.12149	10	0	69.257	42.2874	0.807537	346.033	42.2874	0.807537	346.033	
13867	323	152.853	432.419	152.395	-99999	-4.002	-0.749919	1	1	1	1	1	-182.807	-219.266	86.8289	-23.519	-894.231	-796.369	-182.694	-201.313	-219.266	87.1656	30.8876	-23.519	-894.504	-846.298	-796.369	5.22932	15	0	129.524	-3.98202	-3.73809	-779.255	-3.98202	-3.73809	-779.255	
13868	62072	143.092	356.769	143.09	-99999	89.464	-0.982934	1	1	1	0	0	-113.622	-89.2527	130.203	-10.7568	322.624	324.071	-85.6072	-73.1823	-61.2376	130.203	59.7578	-10.7568	322.624	323.865	324.071	4.41013	9	0	61.6649	89.4808	-23.0655	328.416	89.4808	-23.0655	328.416	
13868	67972	162.502	382.537	159.778	-99999	92.23	-0.962988	1	1	1	1	0	-148.652	-140.81	128.116	-30.3973	99.366	114.214	-119.951	-112.429	-111.974	130.301	49.8514	-30.8306	98.7537	106.452	114.228	6.70412	8	0	80.5966	92.2479	4.57432	-136.565	1.46786	-24.9508	-80.8329	
13868	67635	250.24	590.422	248.572	-99999	17.794	-0.630898	1	1	1	1	1	-342.443	-273.36	133.513	-23.7233	-212.082	-33.458	-342.885	-305.966	-273.381	134.56	59.0065	-23.7233	-213.306	-120.775	-33.458	5.35292	12	0	83.5491	17.8009	19.0797	-107.043	17.8009	19.0797	-107.043	
13868	69535	293.511	785.868	291.982	-99999	75.834	-0.882717	1	1	1	1	1	-122.443	-222.921	133.432	-125.541	-376.006	-465.773	-110.237	-161.008	-211.205	134.168	4.34574	-126.185	-375.732	-421.601	-465.921	5.87565	12	0	138.137	75.8723	-14.14	-429.938	75.8723	-14.14	-429.938	
13868	82229	23.9305	51.6216	23.3007	-99999	32.892	-0.78174	0	0	0	0	0	-86.3164	-71.7373	130.132	112.148	261.72	259.115	-76.4036	-68.9041	-61.4374	130.626	121.38	112.148	261.765	260.584	259.115	4.94482	8	0	44.1328	32.9051	60.2426	235.535	32.9051	60.2426	235.535	
13868	65557	322.729	861.337	322.674	-99999	-39.679	-0.792213	1	1	1	1	1	-256.747	-252.503	132.943	-146.441	-840.82	-688.722	-256.702	-261.72	-252.457	132.943	-10.8188	-146.441	-840.82	-770.525	-688.722	6.35804	20	0	101.335	-39.657	-17.6862	-734.771	-39.657	-17.6862	-734.771	
13868	80907	354.167	831.15	353.732	-99999	81.789	-0.567668	1	1	1	1	1	-280.999	-251.765	130.046	-84.2001	-205.293	69.5424	-281.095	-271.688	-251.74	130.084	20.3819	-84.3259	-205.349	-67.275	69.8136	6.09531	14	0	74.199	79.1437	19.6933	-374.396	103.404	-27.6409	189.206	
13868	82607	49.2136	144.162	47.7349	-99999	-19.995	-0.945331	1	0	0	0	0	-75.3192	-90.1107	133.363	89.8095	-752.34	-741.226	-81.4632	-87.8778	-96.5527	134.035	111.554	89.0737	-752.527	-744.962	-741.263	4.47861	9	0	78.006	-19.9873	55.3362	-753.475	-19.9873	55.3362	-753.475	
13868	84307	171.726	480.84	171.711	83.1467	83.493	-0.72548	1	1	1	1	1	-139.893	-253.758	132.721	24.0878	489.208	548.951	-139.887	-198.812	-253.758	132.727	73.125	24.0878	489.205	507.423	548.951	6.5481	11	0	81.5968	83.5324	10.3566	522.983	83.5324	10.3566	522.983	
13868	68699	225.465	591.545	225.457	19.5283	19.152	-0.78952	1	1	1	1	1	-180.02	-313.851	132.647	-30.0445	-651.349	-576.553	-180.02	-237.521	-313.851	132.647	44.5844	-30.0445	-651.349	-610.916	-576.553	6.8604	10	0	82.4226	19.1783	-7.32828	-594.112	19.1783	-7.32828	-594.112	
13868	69599	76.6981	207.463	76.0342	-99999	80.713	-0.938452	1	1	1	1	1	-208.134	-235.174	132.9	62.422	246.856	238.356	-182.651	-196.628	-209.899	133.521	98.029	62.422	246.934	243.035	238.356	6.15322	15	0	94.1009	80.7252	-37.4852	229.485	31.7552	-12.4014	295.711	
13868	67052	283.242	680.122	282.319	-16.8536	-15.791	-0.937383	1	1	1	1	1	-197.131	-267.633	130.133	-124.666	-426.118	-329.998	-196.916	-229.369	-267.633	130.994	-0.171166	-124.666	-426.347	-384.078	-329.998	8.07772	11	0	80.6557	-15.7704	-31.9265	-367.674	-15.7704	-31.9265	-367.674	
13868	67290	38.0955	132.465	37.2798	-99999	84.306	-0.728119	0	0	0	0	0	-251.234	-267.449	133.287	105.456	665.939	684.515	-251.157	-260.266	-267.692	133.518	119.346	105.094	665.799	674.673	684.818	6.49909	17	0	78.503	8.22541	-23.7352	512.506	8.22541	-23.7352	512.506	
13868	68178	106.981	395.418	91.1254	-99999	97.223	-0.849826	1	1	1	1	1	-230.97	-274.579	132.427	53.9114	246.839	262.206	-230.852	-256.589	-282.007	132.802	86.8065	40.5134	246.777	255.879	264.321	19.2474	8	0	213.912	97.2363	-30.8416	280.931	97.2363	-30.8416	280.931	
13867	3587	295.142	754.692	293.012	-99999	31.831	-0.981161	1	1	1	1	1	-257.218	-302.043	133.071	-155.096	426.967	443.973	-257.254	-276.213	-302.187	133.071	-13.0492	-157.194	426.967	432.961	443.705	4.62177	10	0	71.9186	31.8431	-37.3375	429.595	31.8431	-37.3375	429.595	
13868	10846	96.3533	359.268	93.7885	-99999	45.856	-0.903339	1	1	1	0	0	-213.748	-192.34	129.967	41.4749	748.277	753.305	-199.493	-182.273	-178.559	130.18	85.2874	40.4726	748.257	749.647	753.038	9.23225	12	0	168.281	45.88	21.5852	737.674	45.88	21.5852	737.674	
13868	67580	223.013	557.751	222.023	-27.0494	-28.069	-0.836905	1	1	1	1	1	-253.055	-174.473	132.27	-61.8296	186.892	118.527	-253.34	-206.214	-174.434	132.882	37.1235	-62.0634	187.172	155.452	118.434	6.41525	11	0	86.2906	-28.0414	-12.4215	142.659	-28.0414	-12.4215	142.659	
13868	69098	159.923	393.186	159.018	-99999	68.352	-0.727266	1	1	1	0	0	-328.952	-303.241	107.162	-9.28244	-894.115	-791.401	-329.095	-317.363	-303.314	107.463	45.6672	-9.62075	-894.391	-845.215	-791.055	5.99633	14	0	73.4266	68.3729	10.4303	-795.743	68.3729	10.4303	-795.743	
13868	69898	128.813	365.058	128.366	-99999	89.354	-0.642702	1	1	1	1	1	-158.479	-225.332	133.256	60.9791	-253.36	-335.671	-144.23	-177.815	-211.291	133.546	96.8556	60.9791	-253.091	-293.958	-335.671	5.29632	13	0	92.7219	89.3915	-50.7903	-448.032	89.3915	-50.7903	-448.032	
13868	68666	173.674	414.242	173.658	-20.0312	-23.432	-0.498857	1	1	1	1	0	-172.627	-288.503	132.679	57.7322	850.739	747.888	-172.627	-228.137	-288.503	132.679	88.609	57.7322	850.739	801.513	747.888	4.78799	8	0	71.0889	-23.3764	28.2472	762.763	-23.3764	28.2472	762.763	
13868	67292	272.292	704.515	269.024	108.985	107.886	-0.949529	1	1	1	1	1	-313.55	-204.658	133.061	-111.236	185.174	201.837	-313.862	-264.657	-203.735	134.06	7.40643	-113.234	185.108	193.11	201.854	4.79115	8	0	105.907	107.919	-5.27508	196.901	107.919	-5.27508	196.901	
13868	66026	198.169	473.911	198.109	-99999	43.547	-0.916326	1	1	1	1	1	-295.029	-307.707	129.91	-37.1543	150.826	246.791	-295.078	-308.812	-307.757	129.91	41.2615	-37.1543	150.826	192.611	246.791	4.313	13	0	83.6386	43.5683	2.74199	214.791	43.5683	2.74199	214.791	
13868	69159	229.159	628.793	229.156	-99999	72.475	-0.953168	1	1	1	1	1	-153.003	-84.1171	130.351	-88.0928	710.537	717.123	-130.308	-95.8172	-61.422	130.351	21.1523	-88.0928	710.537	714.134	717.123	4.87098	6	0	47.1301	72.4903	-35.9907	714.667	72.4903	-35.9907	714.667	
13868	69259	25.7121	79.7564	19.1668	-99999	74.37	-0.927874	0	0	0	0	0	-228.757	-222.866	133.989	116.247	877.435	873.431	-205.474	-201.853	-196.961	134.008	122.085	110.282	877.44	874.295	873.154	5.20905	11	0	79.7564	95.4311	-34.0067	-179.042	95.4311	-34.0067	-179.042	
13868	65548	294.217	708.812	292.559	44.3221	43.037	-0.934645	1	1	1	1	1	-248.222	-161.575	132.55	-140.501	46.3224	-6.36696	-248.497	-204.801	-161.498	133.612	-3.39228	-140.907	46.6119	15.8012	-6.4525	5.15899	9	0	114.661	43.0788	-29.521	11.711	43.0788	-29.521	11.711	
13868	68148	79.4019	229.485	78.3598	-99999	67.417	-0.962283	1	1	0	0	0	-291.648	-274.146	131.768	55.8155	753.499	759.97	-291.897	-282.967	-274.088	132.398	93.7788	55.4575	753.438	755.142	760	5.7438	7	0	77.7217	67.4411	31.7078	753.571	67.4411	31.7078	753.571	
13868	67609	205.462	572.888	203.706	-99999	98.048	-0.980527	1	1	1	1	1	-193.304	-226.146	131.077	-66.0682	116.409	155.674	-177.811	-193.548	-210.814	132.264	32.7859	-66.5996	116.209	136.38	155.754	6.99307	7	0	90.6508	98.0824	-21.8289	148.901	98.0824	-21.8289	148.901	
13868	69400	317.293	757.814	317.255	-99999	-14.357	-0.896413	1	1	1	1	1	-78.4463	-195.045	128.779	-158.7	238.286	295.096	-82.9421	-133.5	-199.556	128.779	-16.4159	-158.73	238.286	276.619	295.095	11.2754	9	0	105.628	-14.3376	-11.0806	266.051	-14.3376	-11.0806	266.051	
13868	10943	129.859	349.078	129.613	-99999	65.913	-0.511815	1	1	1	1	0	-276.828	-215.572	133.066	66.0615	432.764	524.53	-276.903	-249.027	-215.503	133.066	98.4366	65.9388	432.764	480	524.683	5.70173	12	0	92.4477	65.9421	22.5897	494.231	65.9421	22.5897	494.231	
13868	11743	372.015	991.843	364.202	33.1382	33.615	-0.570657	1	1	1	1	1	-225.186	-187.112	131.625	-100.167	51.0864	-204.796	-225.136	-225.873	-184.485	131.827	15.2399	-104.899	51.3725	-76.4792	-209.13	8.22564	13	0	141.665	33.6529	-20.3061	-104.801	33.6529	-20.3061	-104.801	
13868	69065	167.178	370.604	165.617	-99999	-1.194	-0.927536	1	1	1	1	1	-358.281	-328.2	26.6449	-126.488	25.4764	79.8353	-358.292	-344.442	-327.757	26.7293	-49.9996	-127.844	25.4446	55.5072	80.1661	7.26049	8	0	75.3716	-1.17795	-5.16037	41.9356	-21.6179	-21.9899	38.647	
13868	70232	96.6496	706.02	96.0336	-99999	60.883	-0.801253	1	1	1	1	1	-122.949	-80.5481	132.727	56.9913	-126.831	-167.855	-104.094	-82.6676	-61.4069	133.082	94.6679	56.8654	-126.666	-146.656	-167.942	32.5951	14	0	441.311	61.1	61.7113	-166.212	61.1	61.7113	-166.212	
13868	71132	317.694	759.212	317.55	-99999	59.381	-0.90492	1	1	1	1	1	-183.835	-79.9304	133.253	-165.176	-647.87	-616.769	-165.305	-113.303	-61.3356	133.374	-15.875	-165.176	-647.88	-632.207	-616.769	5.17299	6	0	48.1406	59.41	-65.9926	-625.008	59.41	-65.9926	-625.008	
13868	82336	108.352	283.349	107.832	-99999	77.877	-0.906431	1	1	1	0	0	-266.95	-289.907	133.278	31.4523	35.6274	61.1633	-267.039	-278.226	-290.064	133.278	82.8551	30.9452	35.6274	51.4494	61.2412	4.771	12	0	76.5356	77.8911	25.2728	54.2197	77.8911	25.2728	54.2197	
13868	71552	298.95	749.532	297.716	-99999	46.026	-0.995105	1	1	1	1	1	-303.956	-260.014	133.176	-160.585	-331.012	-323.103	-304.115	-279.975	-260.058	134.345	-13.1037	-160.641	-331.011	-332.465	-323.104	4.49373	9	0	94.6349	46.0426	-22.9356	-329.514	46.0426	-22.9356	-329.514	
13868	69636	302.788	1844.9	300.275	22.49	21.089	-0.880681	1	1	1	1	1	-296.323	-187.868	132.824	-139.606	-522.962	-464.283	-296.37	-235.088	-187.667	132.938	-0.700837	-141.9	-523	-487.209	-464.675	300.335	6	0	1244.32	26.9008	28.5625	204.69	26.9008	28.5625	204.69	
13868	83401	177.207	397.078	177.205	-99999	41.241	-0.450349	1	1	1	1	1	-67.8538	-216.853	16.9176	-60.5657	-573.93	-630.44	-61.373	-136.014	-210.372	16.9176	-21.4108	-60.5657	-573.93	-602.382	-630.44	4.50364	7	0	51.326	41.2186	-42.3183	-618.519	41.2186	-42.3183	-618.519	
13868	69411	352.598	808.187	350.26	18.1157	17.628	-0.776692	1	1	1	1	1	-297.607	-114.208	133.211	-121.052	-416.368	-565.719	-298.008	-200.333	-113.533	133.78	-0.797168	-122.018	-416.139	-474.472	-566.803	5.89535	12	0	80.4844	17.66	-31.789	-494.184	17.66	-31.789	-494.184	
13868	83489	313.152	895.023	305.206	-99999	86.067	-0.539963	1	1	1	1	1	-227.223	-89.8472	127.921	-42.1726	372.042	584.977	-201.959	-131.82	-61.009	130.051	42.8352	-44.4075	369.244	478.726	587.766	7.34948	7	0	53.6459	86.1009	-24.283	487.364	86.1009	-24.283	487.364	
13868	82838	116.939	317.584	115.851	-99999	110.133	-0.666027	1	1	1	0	0	-251.213	-293.287	133.264	65.3929	-699.563	-616.717	-251.117	-267.733	-293.437	133.963	98.819	65.363	-700.304	-656.744	-616.695	7.59616	11	0	81.5374	110.15	37.2427	-632.37	110.15	37.2427	-632.37	
13868	82696	274.207	658.087	271.425	-31.6191	-32.278	-0.94271	1	1	1	1	1	-122.769	-234.285	133.497	-112.589	757.595	758.657	-122.769	-185.552	-234.621	133.497	11.7034	-115.303	757.595	755.691	758.191	6.45877	7	0	93.1114	-32.2488	-8.64421	741.462	-32.2488	-8.64421	741.462	
13868	80613	248.641	626.064	242.672	-99999	107.553	-0.692031	1	1	1	1	1	-230.599	-232.852	126.335	-80.3365	167.273	55.652	-196.972	-194.257	-199.247	130.313	28.395	-80.7555	170.991	107.048	55.598	4.69089	11	0	127.045	107.595	-17.0622	81.7669	107.595	-17.0622	81.7669	
13868	84813	169.414	373.418	169.034	-99999	-1.449	-0.955207	1	1	1	0	0	-61.8526	-104.42	105.489	-57.3505	820.068	828.885	-62.3011	-83.7735	-104.921	105.508	24.157	-57.7042	820.066	829.41	828.853	4.13878	10	0	56.6884	-1.42219	25.3217	812.152	-1.42219	25.3217	812.152	
13868	80211	57.3304	213.313	56.2778	-99999	97.206	-0.885182	1	1	0	0	0	-288.843	-312.407	132.589	82.4292	-611.259	-604.781	-288.622	-300.764	-312.604	133.211	107.265	82.1316	-611.305	-610.606	-604.635	8.79545	16	0	123.757	97.224	57.1451	-605.987	97.224	57.1451	-605.987	
13868	83311	270.246	670.601	268.867	-13.1298	-11.11	-0.860275	1	1	1	1	1	-218.699	-83.1509	132.426	-80.3704	502.386	411.954	-218.779	-151.237	-82.4886	132.573	22.139	-81.2357	502.422	464.21	411.446	8.40066	11	0	108.801	-19.6236	-26.0077	165.595	-19.6236	-26.0077	165.595	
13868	82852	205.343	521.498	202.263	71.9174	71.408	-0.765043	1	1	1	1	1	-285.334	-176.069	133.451	-34.2011	344.741	347.386	-285.806	-221.252	-175.891	134.015	54.4839	-36.4775	344.706	348.77	346.905	4.73201	12	0	80.4364	71.4339	-1.85693	347.852	71.4339	-1.85693	347.852	
13868	80675	253.468	570.955	252.092	-48.4418	-47.28	-0.778304	1	1	1	1	1	-94.8689	-265.771	133.44	-50.4296	-499.66	-482.62	-94.4231	-179.63	-266.222	134.002	40.3565	-50.8721	-499.652	-495.047	-482.453	4.32633	10	0	79.5162	-47.249	-11.6694	-232.465	-47.249	-11.6694	-232.465	
13868	82759	170.19	442.142	169.371	-99999	35.801	-0.482199	1	1	1	1	1	-125.384	-72.5298	130.219	49.4189	235.651	374.713	-114.273	-86.0237	-61.1752	130.368	89.597	49.1602	235.403	304.528	375.131	8.38474	8	0	86.8867	35.8482	38.3808	342.394	35.8482	38.3808	342.394	
13868	24902	264.978	570.533	250.652	-99999	74.174	-0.989098	1	1	1	1	1	-353.559	-336.711	126.422	-120.305	-690.289	-654.055	-353.987	-343.349	-337.534	134.761	4.79978	-126.074	-691.518	-668.695	-653.33	4.95389	14	0	46.1705	74.184	-28.9458	-658.722	74.184	-28.9458	-658.722	
13868	80378	298.374	778.225	297.55	-99999	75.658	-0.976534	1	1	1	1	1	-256.591	-223.678	132.239	-161.206	99.1206	131.653	-256.784	-236.994	-223.764	133.035	-13.3485	-161.206	98.9714	119.536	131.653	5.74955	9	0	83.6545	75.6823	-18.2442	122.679	75.6823	-18.2442	122.679	
13868	82778	73.5373	192.928	73.5361	-99999	95.707	-0.933033	1	1	1	0	0	-109.297	-91.3842	133.711	63.9593	-710.905	-696.103	-79.3265	-70.1772	-61.4141	133.711	98.9403	63.9593	-710.905	-703.24	-696.103	4.8469	7	0	53.7913	95.7189	15.19	-684.595	95.7189	15.19	-684.595	
13868	82695	231.472	578.412	229.679	-99999	52.84	-0.993825	1	1	1	1	1	-253.098	-237.088	132.425	-93.4193	-474.483	-464.156	-253.158	-238.471	-237.318	132.425	17.9164	-95.05	-474.483	-472.403	-464.067	5.32307	10	0	75.0754	52.8627	-23.146	-461.887	52.8627	-23.146	-461.887	
13867	15786	179.6	507.228	179.145	-99999	100.059	-0.972099	1	1	1	1	1	-187.858	-235.896	132.529	-34.3004	631.576	606.242	-156.525	-171.344	-204.78	132.529	46.5455	-34.6805	631.576	610.483	606.35	7.67712	6	0	131.834	100.095	-6.04623	607.191	100.095	-6.04623	607.191	
13868	20447	241.108	578.79	239.742	-99999	-42.616	-0.739336	1	1	1	1	1	-343.657	-273.689	133.188	-23.5186	-810.485	-644.691	-343.882	-309.271	-273.601	134.143	50.1681	-23.5676	-811.297	-732.09	-644.649	5.70525	12	0	84.4042	-42.5972	21.0721	-583.269	-42.5972	21.0721	-583.269	
13868	83760	315.735	778.611	315.543	-99999	95.914	-0.851078	1	1	1	1	1	-235.359	-91.4363	131.907	-137.763	-280.452	-357.389	-205.359	-136.07	-61.3345	131.971	-4.5252	-137.852	-280.432	-318.866	-357.416	6.87586	9	0	48.3818	95.9448	-48.0637	-329.682	95.9448	-48.0637	-329.682	
13868	84060	352.021	3028.55	351.996	57.2719	60.333	-0.659336	1	1	1	1	1	-92.5306	-289.276	132.429	-89.3709	-258.63	-77.5297	-92.5306	-179.272	-289.276	132.429	2.32201	-89.3709	-258.63	-178.16	-77.5297	6.74779	11	0	77.9389	60.3717	-12.2788	-160.867	60.3717	-12.2788	-160.867	
13868	80105	189.736	605.368	188.828	-99999	112.023	-0.816436	0	0	0	0	0	-242.263	-156.821	132.959	-28.0589	732.006	686.939	-207.31	-160.343	-121.468	133.149	53.4194	-28.6052	732.075	711.845	686.676	10.6613	11	0	173.585	-8.43422	1.35213	118.427	-8.43422	1.35213	118.427	
13868	23240	66.0517	220.281	64.3272	-99999	19.385	-0.865848	1	0	0	0	0	-274.67	-254.211	133.528	76.0639	221.001	238.972	-271.646	-258.442	-250.823	133.528	105.022	74.7707	221.001	231.074	239.557	5.20744	15	0	109.659	19.4062	37.2342	231.849	19.4062	37.2342	231.849	
13868	82563	77.8336	202.096	76.5133	-99999	-1.958	-0.920268	1	1	0	0	0	-230.486	-202.349	132.701	62.4121	-420.344	-419.857	-230.724	-214.686	-202.301	133.343	97.9801	61.8539	-420.378	-418.416	-420.012	4.9669	19	0	91.1505	3.83537	55.3452	825.72	-24.4246	57.2219	-790.868	
13868	84963	266.379	670.756	265.915	107.517	106.757	-0.536105	1	1	1	1	1	-260.073	-137.975	133.308	18.5291	-181.267	-384.785	-260.226	-191.601	-137.938	133.495	68.6303	18.4935	-181.017	-274.791	-384.883	5.64513	14	0	94.6483	99.2527	-9.08554	-630.934	70.7727	-1.84118	-26.1538	
13868	81172	212.529	537.04	210.992	108.612	106.048	-0.846844	1	1	1	1	1	-251.647	-149.476	133.155	-46.3692	-95.6329	-55.8903	-251.883	-198.439	-148.859	133.566	44.4905	-47.2149	-95.7198	-73.93	-55.8739	4.79902	8	0	77.9822	106.083	-12.6737	-67.4062	106.083	-12.6737	-67.4062	
13868	84272	299.706	795.783	299.515	25.3679	26.715	-0.946472	1	1	1	1	1	-143.185	-261.482	132.524	-129.686	-273.324	-201.623	-143.133	-195.188	-261.482	132.698	-5.95725	-129.686	-273.351	-250.972	-201.623	33.5553	8	0	151.716	26.7474	-25.6117	-234.283	26.7474	-25.6117	-234.283	
13868	82245	28.2994	96.955	28.0697	-314.6	87.911	-0.582423	0	0	0	0	0	-275.831	-269.904	128.989	113.29	-374.961	-352.759	-262.12	-258.754	-256.215	128.996	121.729	113.195	-374.969	-363.371	-352.725	5.68103	15	0	80.7061	-33.9016	-4.06405	-44.3577	-33.9016	-4.06405	-44.3577	
13868	83485	292.799	744.083	290.867	-99999	65.438	-0.933863	1	1	1	1	1	-236.58	-276.994	133.361	-142.564	-755.383	-675.529	-236.655	-253.766	-277.261	133.361	-4.26845	-144.417	-755.383	-709.212	-675.042	5.32851	14	0	87.6937	57.6543	28.2188	-652.645	57.6543	28.2188	-652.645	
13868	84074	129.244	335.44	129.239	-99999	29.842	-0.785697	0	0	0	0	0	-234.4	-296.457	134.505	23.0067	-511.045	-498.576	-234.435	-269.985	-296.492	134.505	80.7167	23.0067	-511.045	-507.572	-498.576	5.07299	10	0	68.8329	43.4608	-24.0617	208.55	-41.4192	-30.7268	11.3777	
13868	80155	96.6109	264.396	95.5638	-99999	115.362	-0.602729	1	1	0	0	0	-229.628	-251.525	132.199	69.9592	-287.947	-219.474	-229.524	-241.587	-251.695	132.682	103.534	69.7993	-288.554	-252.005	-219.309	5.43362	15	0	88.0813	115.409	21.844	-232.035	115.409	21.844	-232.035	
13868	82155	358.773	1468.9	358.544	89.1306	89.341	-0.727486	1	1	1	1	1	-110.036	-252.558	130.908	-155.19	103.625	-55.5907	-110.036	-182.497	-252.644	130.908	-12.7981	-155.388	103.625	25.0887	-55.6146	4.88284	6	0	87.2754	89.3803	-20.0121	17.2022	89.3803	-20.0121	17.2022	
13868	85419	404.979	2211.06	366.208	-99999	63.044	-0.203305	1	1	1	1	1	-226.213	-97.3159	133.183	19.1895	-39.3368	-362.417	-206.472	-134.797	-63.6493	133.183	70.5544	7.93195	-39.3368	-217.896	-396.772	10.0596	14	0	468.503	63.0858	4.54051	-336.422	63.0858	4.54051	-336.422	
13868	82316	441.995	862.573	441.214	-99999	86.183	-0.569324	1	1	1	1	1	-344.388	-297.589	133.62	-141.515	-811.385	-472.591	-344.538	-316.745	-297.688	134.018	4.06233	-141.515	-811.945	-635.596	-472.591	6.83604	10	0	78.8283	86.2085	-6.40297	-633.072	86.2085	-6.40297	-633.072	
13868	80517	292.52	744.002	292.515	-99999	-11.976	-0.760818	1	1	1	1	1	-356.517	-225.575	92.4319	-131.128	167.189	302.697	-356.504	-290.036	-225.562	92.4319	-18.5052	-131.128	167.189	235.495	302.697	6.61406	12	0	110.522	-11.9612	10.6801	220.07	-11.9612	10.6801	220.07	
13868	81617	89.0232	230.562	87.6075	-99999	-47.001	-0.621362	1	1	0	0	0	-306.049	-271.085	133.216	79.588	-141.181	-81.8054	-306.487	-286.168	-271.01	134.063	107.041	79.5568	-142.124	-113.237	-81.7656	5.78643	13	0	81.0104	-46.9597	33.6404	-106.599	-46.9597	33.6404	-106.599	
13868	81000	255.13	533.362	239.105	-99999	10.553	-0.957977	1	1	1	1	1	-274.63	-265.527	128.018	-90.6793	-790.128	-852.527	-274.56	-265.981	-265.758	129.299	10.2303	-91.9608	-789.752	-833.341	-852.664	5.96044	7	0	76.7394	10.5639	-4.30381	-789.474	10.5639	-4.30381	-789.474	
13868	80268	245.468	611.817	241.468	-99999	49.434	-0.958763	1	1	1	1	1	-318.662	-279.617	133.35	-88.8277	552.129	634.486	-318.967	-294.636	-280.178	134.556	20.462	-91.3998	551.874	589.745	635.266	4.56462	14	0	98.3971	49.4574	-8.68949	606.286	49.4574	-8.68949	606.286	
13868	72738	23.9501	101.867	23.4604	-99999	91.735	-0.809604	0	0	0	0	0	-305.616	-301.893	131.491	111.486	467.259	478.714	-305.721	-304.251	-301.902	131.491	121.165	111.144	467.259	473.021	479.005	5.23324	14	0	87.9845	91.76	48.617	460.875	91.76	48.617	460.875	
13868	83257	107.819	753.38	102.994	-99999	-31.797	-0.543578	1	1	1	1	1	-123.068	-187.353	126.025	68.1506	373.229	429.055	-131.093	-164.809	-198.217	127.675	97.2971	67.3639	371.601	400.694	430.388	260.884	10	0	546.029	-31.7598	-14.1172	477.264	-31.7598	-14.1172	477.264	
13868	83924	328.6	899.584	328.591	95.4107	95.971	-0.663063	1	1	1	1	1	-128.251	-249.87	133.965	-29.8887	346.553	91.7963	-128.251	-199.09	-249.87	133.965	48.5938	-29.8887	346.553	225.592	91.7963	13.7878	7	0	151.97	96.0179	2.231	198.874	96.0179	2.231	198.874	
13868	80306	188.91	595.828	188.903	-99999	64.876	-0.528119	1	1	1	1	1	-71.5352	-220.697	129.975	35.5668	709.528	642.93	-61.3403	-136.624	-210.502	129.975	83.1514	35.5668	709.528	676.961	642.93	4.67709	10	0	152.207	64.9092	-10.7282	626.155	64.9092	-10.7282	626.155	
13868	84892	352.037	744.211	351.143	-99999	0.322	-0.894058	1	1	1	1	1	-293.262	-240.053	133.393	-166.949	211.577	378.672	-293.377	-252.637	-240.054	134.089	-17.3074	-166.949	211.262	290.925	378.672	24.1152	14	0	145.835	0.353507	-18.5448	295.61	0.353507	-18.5448	295.61	
13868	84248	183.411	476.957	183.408	-99999	71.39	-0.704549	1	1	1	1	1	-94.9618	-221.437	133.642	12.0345	-229.616	-282.945	-83.7421	-146.973	-210.218	133.643	72.9126	12.0345	-229.615	-256.455	-282.945	7.05856	11	0	57.2874	71.4266	-35.994	-300.482	-26.5834	71.2195	-190.579	
13868	80371	101.762	285.527	94.757	-99999	46.02	-0.68192	1	1	1	1	0	-179.127	-113.087	130.103	64.4018	261.698	279.024	-165.368	-129.926	-94.4664	130.727	95.4392	60.1281	261.523	270.874	280.045	6.72751	7	0	94.9663	46.0468	24.0869	275.149	46.0468	24.0869	275.149	
13868	85752	372.2	957.83	371.359	19.7609	16.999	-0.411225	1	1	1	1	1	-115.693	-315.472	133.031	-19.5759	-371.394	-639.932	-115.661	-199.905	-315.55	133.064	51.6825	-19.7203	-371.327	-515.793	-640.647	8.95318	14	0	79.0347	17.0444	2.91256	-540.237	17.0444	2.91256	-540.237	
13868	88673	173.252	992.896	172.835	-48.8327	-48.143	-0.693133	1	1	1	1	1	-263.354	-171.824	132.707	8.11411	845.724	770.276	-263.552	-216.025	-171.812	132.953	71.5306	8.06563	845.886	807.603	770.258	5.84774	11	0	86.0791	-48.1087	13.4849	767.607	-48.1087	13.4849	767.607	
13868	86888	44.1332	116.204	43.3466	-99999	34.905	-0.830503	1	0	0	0	0	-98.5784	-75.3641	134.055	97.7902	-186.497	-191.418	-87.7724	-76.0041	-64.1093	134.239	115.746	97.3339	-186.493	-188.964	-191.48	11.7315	10	0	61.601	35.1232	66.1078	-166.772	35.1232	66.1078	-166.772	
13868	89838	275.504	611.112	275.44	-99999	76.4	-0.769823	1	1	1	1	1	-289.329	-301.502	130.447	-65.6293	-254.227	-66.9504	-289.417	-306.244	-301.589	130.447	29.7965	-65.6293	-254.227	-161.823	-66.9504	6.2644	15	0	70.1161	76.4285	-8.46003	-139.948	76.4285	-8.46003	-139.948	
13868	89051	63.1827	154.647	62.6958	-99999	94.822	-0.756896	1	1	0	0	0	-132.804	-91.007	130.243	83.6784	635.154	638.615	-103.167	-82.4535	-61.0668	130.307	106.549	83.3981	635.151	636.994	638.631	5.22722	10	0	49.874	94.8422	69.87	626.885	94.8422	69.87	626.885	
13868	73334	70.7598	175.851	69.3191	-99999	56.548	-0.946796	1	1	1	1	1	-106.005	-97.4181	133.268	65.2158	-217.122	-209.93	-88.2999	-84.0491	-79.616	133.283	98.828	63.8585	-217.127	-210.795	-210.242	5.46663	9	0	69.9422	56.5666	-29.5449	-22.3486	56.5666	-29.5449	-22.3486	
13868	87918	92.0517	249.191	91.5961	-99999	-43.673	-0.876909	1	0	0	0	0	-211.04	-247.37	125.568	43.1203	405.549	419.337	-210.849	-231.342	-247.353	125.845	85.35	42.9907	405.489	412.997	419.37	4.90033	9	0	71.2821	-43.6588	19.0734	407.902	-43.6588	19.0734	407.902	
13868	70874	369.728	2622.78	367.624	15.2209	14.525	-0.830469	1	1	1	1	1	-299.934	-164.282	133.127	-164.924	574.173	407.859	-300.618	-232.433	-164.282	134.847	-15.9121	-164.924	575.101	492.996	407.859	6.18195	12	0	54.8808	14.5541	-20.2712	498.303	14.5541	-20.2712	498.303	
13868	87659	130.688	349.228	129.207	-99999	59.462	-0.752347	1	1	1	1	1	-174.21	-92.3816	129.744	29.9101	327.396	328.171	-156.301	-114.501	-73.6157	130.547	80.3259	29.5406	327.387	327.784	328.242	4.32589	9	0	88.0768	59.492	22.4197	327.592	59.492	22.4197	327.592	
13868	87997	330.501	843.672	329.999	76.3542	77.487	-0.835847	1	1	1	1	1	-141.66	-335.849	130.455	-128.584	-342.344	-283.691	-141.628	-233.039	-336.054	130.504	-4.67022	-128.964	-342.35	-317.17	-283.695	4.59438	6	0	79.584	77.5026	-38.391	-304.688	77.5026	-38.391	-304.688	
13868	89530	42.1478	123.622	41.3207	-99999	66.967	-0.875933	0	0	0	0	0	-321.302	-332.814	131.921	95.5336	55.0183	70.4806	-321.271	-327.427	-332.942	132.26	113.626	95.1314	54.8558	62.4478	70.5571	5.14726	11	0	74.4489	12.5445	33.7784	525.809	12.5445	33.7784	525.809	
13868	89191	89.0522	249.758	87.6709	74.2916	72.174	-0.991332	1	1	1	0	0	-226.314	-201.237	132.807	49.8804	-311.135	-315.887	-226.382	-218.895	-200.992	133.411	89.7988	49.1625	-311.095	-314.543	-315.865	4.86531	8	0	79.6474	72.1992	10.6054	-316.94	72.1992	10.6054	-316.94	
13868	88677	204.354	503.165	203.556	-99999	-20.843	-0.810731	1	1	1	0	0	-253.516	-337.67	131.988	-36.7368	798.977	870.221	-253.408	-293.135	-337.807	132.156	48.5201	-37.2942	798.886	841.777	870.149	7.96717	6	0	88.0491	-20.8133	5.78005	819.976	-20.8133	5.78005	819.976	
13868	87282	134.123	342.512	132.458	-99999	81.316	-0.962537	1	1	1	1	0	-221.436	-200.055	130.928	3.07342	-668.991	-645.914	-196.118	-188.221	-174.592	132.515	66.9505	3.07342	-669.437	-658.463	-645.914	10.3028	7	0	80.1329	81.3447	8.90915	-657.851	81.3447	8.90915	-657.851	
13868	87792	304.062	689.359	303.664	-19.9011	-17.558	-0.935451	1	1	1	1	1	-252.3	-99.8348	132.726	-127.998	-820.386	-832.728	-252.328	-180.486	-99.675	132.802	-0.531062	-128.235	-820.389	-822.837	-832.835	5.50734	13	0	74.7064	-17.5258	-41.4621	-791.112	-17.5258	-41.4621	-791.112	
13868	88893	345.406	843.806	345.055	-99999	-1.315	-0.784227	1	1	1	1	1	-195.455	-294.739	130.298	-134.168	-268.251	-72.6499	-195.346	-238.41	-294.739	130.57	-7.74912	-134.168	-268.44	-174.664	-72.6499	4.48621	14	0	78.9643	-1.28743	-34.3467	-146.802	-1.28743	-34.3467	-146.802	
13868	86369	320.848	825.734	319.285	48.8865	48.865	-0.795857	1	1	1	1	1	-126.315	-240.441	132.475	-103.236	-50.0637	131.177	-126.053	-184.166	-240.642	133.211	13.172	-103.777	-50.549	38.4254	131.439	5.83173	13	0	84.1163	48.8802	-7.75402	38.8708	48.8802	-7.75402	38.8708	
13867	19750	260.09	612.613	257.54	-99999	-33.684	-0.787082	1	1	1	1	1	-260.015	-333.903	132.494	-68.9637	-856.833	-715.587	-259.782	-299.771	-334.626	132.906	28.8252	-70.2773	-857.088	-790.5	-714.248	4.2324	15	0	75.113	-33.6589	-19.5664	-737.993	-33.6589	-19.5664	-737.993	
13868	88920	256.315	645.015	255.821	-99999	46.419	-0.972632	1	1	1	1	1	-161.82	-192.787	130.368	-119.122	382.369	426.166	-147.284	-165.573	-178.13	130.368	6.01282	-119.579	382.369	406.93	426.233	8.73536	6	0	69.1468	46.4532	-21.4144	406.284	46.4532	-21.4144	406.284	
13868	73341	188.611	408.769	186.914	-99999	16.257	-0.794461	1	1	1	1	1	-340.374	-298.616	133.432	4.88139	-672.072	-547.803	-340.392	-330.081	-297.575	133.432	60.0459	4.08436	-672.072	-614.618	-546.751	6.8314	10	0	77.4577	16.2804	32.2455	-595.816	16.2804	32.2455	-595.816	
13868	85714	100.879	290.669	100.878	-99999	26.867	-0.799265	0	0	0	0	0	-350.887	-314.192	130.469	49.7972	-326.09	-278.133	-350.918	-332.514	-314.223	130.469	89.8752	49.7972	-326.09	-302.503	-278.133	4.66708	12	0	83.0005	79.5989	30.5139	-287.467	79.5989	30.5139	-287.467	
13867	779	296.151	3531.83	295.606	48.4668	51.649	-0.838182	1	1	1	1	1	-128.316	-237.121	132.886	-108.467	191.538	318.145	-128.198	-176.53	-237.139	133.288	15.1357	-108.514	191.313	266.201	318.162	4.41782	12	0	76.922	51.6846	-9.82038	264.272	51.6846	-9.82038	264.272	
13868	86024	179.643	425.122	179.335	-99999	65.003	-0.976284	1	1	1	1	1	-208.968	-230.239	132.65	-42.4769	255.563	270.341	-188.609	-200.529	-209.923	132.733	45.5366	-42.5655	255.546	272.865	270.333	6.11965	7	0	71.4646	65.0408	-5.12789	269.521	65.0408	-5.12789	269.521	
13868	86124	221.51	609.487	221.508	-99999	58.364	-0.514622	1	1	1	1	1	-219.574	-340.359	130.866	31.0868	599.74	756.077	-219.641	-277.415	-340.426	130.866	79.3844	31.0868	599.74	678.95	756.077	9.11023	12	0	52.6361	64.3649	15.435	821.254	64.3649	15.435	821.254	
13868	27863	183.579	450.686	182.861	-99999	-7.465	-0.879007	1	1	1	0	0	-249.764	-326.026	132.265	-24.1093	773.546	828.174	-249.755	-282.774	-326.403	132.265	51.4696	-24.6764	773.546	801.765	828.382	4.60996	9	0	75.0852	-7.44728	2.233	795.083	-7.44728	2.233	795.083	
13868	28063	384.576	15472.3	347.277	-99999	67.007	-0.706489	1	1	1	1	1	-358.4	-285.181	117.313	-151.94	668.605	875.221	-358.633	-318.163	-277.944	117.714	-31.2255	-180.421	668.229	782.834	897.175	3339.81	9	0	14421.6	67.0524	-28.2191	764.733	67.0524	-28.2191	764.733	
13868	87322	95.0274	248.09	94.4236	-99999	69.271	-0.949335	1	1	0	0	0	-261.513	-281.242	133.457	46.2031	-819.324	-790.107	-261.593	-270.349	-281.447	133.457	88.7017	45.6406	-819.324	-806.162	-789.967	4.45926	6	0	62.6892	69.288	34.4075	-779.502	69.288	34.4075	-779.502	
13868	28990	115.561	258.704	114.168	-99999	-18.712	-0.706168	1	1	1	0	0	-237.473	-318.486	132.252	52.7448	-802.762	-790.653	-237.339	-278.375	-319.307	132.365	92.2098	51.8487	-802.78	-796.303	-790.584	4.98838	8	0	58.5195	-18.6837	24.2516	-774.179	-18.6837	24.2516	-774.179	
13868	88766	245.754	3919.5	245.751	-99999	-3.976	-0.670993	1	1	1	1	1	-357.895	-240.456	112.962	-57.3637	612.842	744.93	-357.89	-299.615	-240.452	112.962	27.928	-57.3637	612.842	679.685	744.93	4.42743	11	0	3254.82	-3.93648	-29.7018	718.786	-3.93648	-29.7018	718.786	
13868	86763	151.452	384.636	149.354	21.8201	20.803	-0.851319	1	1	1	1	1	-268.682	-203.662	133.214	5.27909	-595.237	-633.598	-268.786	-237.914	-202.634	133.463	68.7786	3.80349	-595.124	-619.451	-633.554	5.03644	6	0	81.7416	20.8237	12.7987	-617.762	20.8237	12.7987	-617.762	
13868	87905	294.566	623.986	292.037	-429.253	34.443	-0.948437	0	0	0	0	0	-180.627	-235.479	130.637	-146.627	-609.913	-672.091	-180.616	-200.003	-235.722	131.98	-6.16364	-147.703	-609.481	-654.535	-672.235	4.03454	7	0	71.0661	67.5496	-29.4247	-512.023	67.5496	-29.4247	-512.023	
13868	87905	74.808	202.899	74.8051	-99999	34.443	-0.661119	0	0	0	0	0	-320.369	-341.388	133.555	82.9897	-91.3134	-41.237	-320.408	-330.153	-341.428	133.555	106.076	82.9897	-91.3134	-67.9546	-41.237	4.38133	15	0	77.5805	67.5496	-29.4247	-512.023	67.5496	-29.4247	-512.023	
13868	85654	463.33	939.849	456.319	-99999	-46.324	-0.664986	1	1	1	1	1	-308.059	-321.093	132.38	-166.51	484.035	795.41	-308.006	-302.782	-321.143	132.38	-26.604	-166.623	484.035	636.077	795.816	7.64816	15	0	252.515	-45.88	-69.1131	766.545	-45.88	-69.1131	766.545	
13867	2085	297.997	697.455	296.541	91.5292	89.442	-0.857961	1	1	1	1	1	-306.665	-183.874	132.964	-115.458	382.165	475.685	-306.79	-247.239	-183.933	133.269	11.4474	-116.466	382.029	443.348	475.898	4.82773	8	0	97.0823	89.4649	-6.50864	432.49	89.4649	-6.50864	432.49	
13867	4785	99.8923	269.855	98.313	-99999	69.331	-0.913315	1	1	1	0	0	-198.471	-172.502	130.252	37.8892	246.095	266.311	-176.802	-161.692	-150.464	130.355	83.9316	36.4703	246.077	256.438	266.45	4.85853	6	0	71.7189	69.3633	18.1477	254.85	69.3633	18.1477	254.85	
13868	85136	93.7626	250.833	91.0785	-99999	0.875	-0.994225	1	0	0	0	0	-131.738	-144.53	130.58	41.1586	-867.15	-862.072	-131.244	-137.952	-144.256	133.241	86.9188	41.1586	-867.332	-868.521	-862.072	7.15961	7	0	81.3094	0.900622	33.5551	-817.49	0.900622	33.5551	-817.49	
13868	92696	250.747	636.553	250.738	-99999	16.932	-0.805794	1	1	1	1	1	-222.09	-296.424	132.236	-68.1979	524.822	652.426	-222.11	-254.916	-296.443	132.236	28.807	-68.1979	524.822	587.502	652.426	7.12551	9	0	83.8226	16.9608	-26.0516	617.065	110.331	16.8611	553.045	
13868	91784	131.154	316.336	131.152	-99999	-0.816	-0.861618	1	1	0	0	0	-61.864	-117.527	-50.8002	-162.727	-745.091	-783.877	-62.1195	-89.82	-117.783	-50.8002	-107.298	-162.727	-745.091	-763.497	-783.877	4.25431	10	0	73.4562	-0.793164	-66.6214	-755.671	-0.793164	-66.6214	-755.671	
13868	95008	456.651	1007.82	456.237	-99999	57.222	-0.55473	1	1	1	1	1	-272.306	-343.434	132.084	-132.838	284.82	643.418	-272.337	-290.789	-343.5	132.301	-4.75013	-132.838	284.48	465.85	643.418	5.74611	12	0	80.0229	57.2523	-42.9222	505.334	57.2523	-42.9222	505.334	
13868	72468	129.131	532.591	128.28	-99999	37.765	-0.794431	1	1	1	1	1	-215.813	-165.863	128.077	20.2092	173.813	220.788	-210.033	-182.62	-159.837	128.299	76.0826	19.6854	173.686	199.882	220.967	5.38787	12	0	121.714	43.7132	-27.3398	433.716	43.7132	-27.3398	433.716	
13868	91797	112.332	305.85	111.358	38.8646	38.897	-0.97412	1	1	1	0	0	-218.922	-189.786	131.434	24.2707	653.761	652.864	-219.122	-204.21	-189.786	132.381	78.2707	24.2707	653.711	654.66	652.864	7.10768	7	0	84.5947	38.9264	7.81551	646.1	38.9264	7.81551	646.1	
13868	90889	208.25	533.509	208.004	-99999	84.114	-0.869511	1	1	1	1	1	-292.513	-240.716	131.937	-39.6116	650.917	754.498	-292.668	-264.96	-240.812	132.147	44.2205	-39.6116	650.815	699.142	754.498	5.60793	14	0	73.4173	84.1504	0.880416	700.974	84.1504	0.880416	700.974	
13868	92218	227.668	512.106	227.028	-99999	28.707	-0.694789	1	1	1	1	1	-328.055	-234.159	133.32	-20.4081	-359.937	-224.563	-328.154	-275.116	-234.203	133.449	60.2111	-20.7982	-360.051	-291.196	-224.357	7.62966	7	0	47.4557	28.7372	10.3939	-281.382	28.7372	10.3939	-281.382	
13868	90100	167.328	465.046	166.593	-99999	-21.732	-0.485902	0	0	0	0	0	-227.758	-337.482	132.331	49.0984	208.825	302.491	-227.243	-282.411	-337.457	132.686	91.3224	49.0984	208.409	255.785	302.491	4.27353	6	0	91.3883	61.4424	27.9953	304.008	61.4424	27.9953	304.008	
13868	92805	96.1422	258.83	96.139	-99999	-28.016	-0.95815	1	1	0	0	0	-288.153	-265.88	132.93	42.4207	-382.529	-359.595	-288.121	-277.498	-265.848	132.93	87.4254	42.4207	-382.529	-371.337	-359.595	6.23023	11	0	78.9523	-28.0029	28.2903	-360.221	-28.0029	28.2903	-360.221	
13868	74990	305.567	885.854	304.512	-99999	91.73	-0.962844	1	1	1	1	1	-230.688	-222.1	132.468	-168.469	-87.9035	-120.373	-201.963	-198.074	-193.333	132.468	-18.8411	-169.314	-87.9035	-104.528	-120.872	7.18831	20	0	80.5149	91.7605	-29.0627	-104.798	91.7605	-29.0627	-104.798	
13868	94386	174.6	447.965	173.94	-99999	27.288	-0.607458	1	1	1	1	1	-304.658	-243.152	133.233	37.0031	-860.044	-729.674	-304.874	-277.058	-243.183	133.634	86.4986	37.0031	-860.531	-792.617	-729.674	5.48609	12	0	75.5777	27.3068	29.354	-753.513	27.3068	29.354	-753.513	
13868	93157	298.715	706.136	297.8	54.6376	55.5	-0.924602	1	1	1	1	1	-176.137	-283.703	132.531	-143.164	276.988	281.995	-176.091	-240.336	-283.947	132.663	-1.79407	-143.886	276.977	286.317	281.891	5.23989	8	0	78.2664	55.5194	-32.2723	284.83	55.5194	-32.2723	284.83	
13868	99516	325.39	796.443	325.388	-99999	52.439	-0.901538	1	1	1	1	1	-184.497	-77.7003	133.148	-165.17	154.961	81.546	-168.076	-118.122	-61.2793	133.148	-17.0216	-165.17	154.961	117.395	81.546	4.20432	12	0	49.1008	52.4708	-32.9986	108.319	52.4708	-32.9986	108.319	
13868	95917	285.997	983.809	284.108	-19.4131	40.933	-0.602761	0	0	0	0	0	-62.343	-273.937	77.2017	-76.7366	-401.413	-307.074	-62.1884	-173.257	-274.994	77.3213	-7.54264	-77.2712	-401.443	-375.801	-305.896	5.18211	14	0	76.616	24.8509	-91.4643	-52.3005	-16.2191	16.9649	-380.456	
13868	99817	226.192	498.921	224.899	-99999	76.514	-0.886876	1	1	1	1	1	-183.537	-85.2122	132.276	-69.7649	-636.239	-626.919	-160.087	-110.353	-61.1653	133.24	31.8025	-69.9453	-636.264	-631.146	-626.913	5.07643	7	0	45.3332	76.5344	-26.5155	-634.208	76.5344	-26.5155	-634.208	
13868	90817	290.083	1447.86	288.189	61.665	63.552	-0.449399	1	1	1	1	1	-80.4842	-318.958	134.096	4.15754	-135.041	-38.7192	-80.4842	-200.152	-320.537	134.096	68.1013	3.36512	-135.041	-86.4925	-38.0444	37.7897	11	0	322.389	63.5908	-13.4443	-37.227	63.5908	-13.4443	-37.227	
13868	72871	35.5033	679.252	35.1754	-99999	32.857	-0.251879	1	1	1	1	1	-213.292	-218.254	134.764	104.698	250.405	235.999	-213.33	-215.708	-218.292	134.764	119.411	104.698	250.405	243.315	235.999	7.25916	12	0	620.386	32.8753	-24.2739	168.863	32.8753	-24.2739	168.863	
13868	94159	132.78	281.898	131.95	-99999	74.202	-0.953841	1	1	1	1	1	-117.255	-84.6657	129.56	2.72205	618.23	634.261	-94.2501	-77.1504	-61.4298	130.351	66.7397	2.72205	618.13	626.402	634.261	4.07184	6	0	57.9065	74.222	-12.7194	627.321	74.222	-12.7194	627.321	
13868	93553	223.585	887.665	222.705	115.576	-32.124	-0.66376	0	0	0	0	0	-275.08	-137.881	133.281	-11.976	139.049	41.7106	-275.132	-202.817	-137.419	133.34	63.0814	-12.4155	139.089	91.2563	41.3695	5.3753	13	0	82.3636	113.696	0.266141	75.7605	113.696	0.266141	75.7605	
13868	93209	63.4025	183.923	61.0621	-99999	-29.037	-0.934447	0	0	0	0	0	-245.897	-253.536	132.942	79.8941	353.059	370.75	-245.795	-247.19	-253.382	133.551	107.885	78.5496	352.645	364.197	370.78	7.4254	21	0	94.233	-29.0158	65.6496	175.382	65.7642	38.0053	374.244	
13867	2805	288.714	742.843	288.707	-29.3744	-33.103	-0.82182	1	1	1	1	1	-329.324	-181.172	132.898	-107.108	286.424	238.259	-329.324	-254.79	-181.172	132.898	11.4211	-107.108	286.424	264.29	238.259	11.2687	12	0	139.663	-33.0772	-9.66731	265.092	-33.0772	-9.66731	265.092	
13868	93034	37.5275	233.664	35.338	-99999	22.378	-0.910107	0	0	0	0	0	-176.542	-186.046	130.328	98.289	842.047	847.909	-169.535	-176.361	-179.272	130.328	113.4	96.6184	842.047	845.454	847.17	11.4467	15	0	191.16	22.4103	37.1413	783.089	22.4103	37.1413	783.089	
13868	90448	69.3724	204.369	68.5676	-99999	62.931	-0.879363	1	1	1	0	0	-353.432	-323.031	95.6762	38.949	-107.957	-89.4473	-353.526	-343.2	-323.013	95.7327	64.9254	38.3295	-107.975	-96.1062	-89.4515	4.98077	21	0	88.6589	62.9566	27.0809	-95.4154	62.9566	27.0809	-95.4154	
13868	91967	110.173	239.16	110.158	-99999	94.366	-0.946549	1	1	1	1	1	-211.219	-225.419	131.232	24.7078	13.1775	-10.3804	-196.39	-204.303	-210.59	131.232	77.9417	24.7078	13.1775	1.90188	-10.3804	5.28022	9	0	44.0998	94.3989	-27.4351	-20.0587	94.3989	-27.4351	-20.0587	
13868	93124	123.984	335.225	123.149	-99999	-19.533	-0.976156	1	1	1	1	1	-255.382	-232.86	131.709	16.0869	610.494	643.891	-255.453	-245.938	-232.837	132.522	72.6211	16.0869	610.343	622.505	643.891	5.04464	12	0	78.7063	-19.4982	12.0683	634.409	-19.4982	12.0683	634.409	
13868	93324	152.127	384.847	151.602	-99999	31.806	-0.826541	1	1	1	1	1	-223.408	-302.666	131.536	14.2781	-294.277	-243.463	-223.167	-263.742	-302.702	131.971	70.9074	14.2781	-294.366	-274.27	-243.463	4.01305	15	0	72.8427	31.845	4.12741	-255.928	31.845	4.12741	-255.928	
13868	31222	87.1586	230.209	84.7239	-99999	15.324	-0.926789	1	1	0	0	0	-313.068	-340.837	133.317	62.3211	-655.289	-619.871	-313.086	-326.139	-341.39	133.317	94.6766	60.6484	-655.289	-640.238	-618.223	4.18628	14	0	78.8754	15.341	61.2698	-621.9	15.341	61.2698	-621.9	
13868	99181	103.132	278.461	102.865	-99999	92.147	-0.768999	1	1	1	0	0	-217.944	-270.083	132.703	52.3987	723.25	760.709	-218.049	-244.378	-270.3	132.703	92.6237	52.177	723.25	742.197	760.804	6.89544	11	0	79.1702	92.191	21.9066	732.487	92.191	21.9066	732.487	
13868	70798	377.949	892.658	376.701	-31.9717	-29.207	-0.566863	1	1	1	1	1	-62.0902	-297.908	97.8909	-129.925	-326.797	-148.715	-61.2409	-190.651	-297.908	98.6008	-5.72931	-129.925	-327.346	-237.718	-148.715	7.63542	10	0	84.1481	-29.1538	-17.5206	-236.715	-29.1538	-17.5206	-236.715	
13868	73798	331.603	796.141	330.463	-29.9456	-30.696	-0.923797	1	1	1	1	1	-180.644	-216.814	132.428	-163.626	138.909	270.02	-180.621	-214.114	-216.427	132.618	-17.4385	-164.403	138.837	200.812	270.335	5.36204	10	0	75.8744	-30.6574	-23.7861	209.492	-30.6574	-23.7861	209.492	
13868	100232	39.9548	168.679	38.439	-99999	74.854	-0.971838	1	1	1	1	1	-204.564	-198.371	131.919	94.3766	-154.69	-149.364	-216.422	-213.198	-209.96	132.686	113.159	93.6889	-154.855	-152.235	-149.231	5.20019	10	0	92.1061	74.8788	-24.1851	-137.295	74.8788	-24.1851	-137.295	
13868	31386	375.105	889.144	374.345	81.3256	79.022	-0.865493	1	1	1	1	1	-320.668	-84.8561	133.337	-140.261	-499.122	-571.226	-321.036	-208.221	-84.8561	133.985	-14.7658	-140.261	-499.112	-511.945	-571.226	17.4725	10	0	86.9787	79.0399	-43.279	-527.937	79.0399	-43.279	-527.937	
13868	92239	397.493	820.5	397.461	-452.083	66.597	-0.483142	0	0	0	0	0	-196.189	-229.307	133.473	-46.792	-15.8753	332.552	-196.189	-212.961	-229.307	133.473	39.6522	-46.792	-15.8753	158.249	332.552	5.03092	13	0	71.5176	-999999	-999999	-999999	-999999	-999999	-999999	
13868	93946	166.994	399.637	165.371	-99999	46.581	-0.987927	1	1	1	1	0	-158.17	-131.378	132.588	-29.7418	-469.13	-463.446	-143.639	-134.044	-116.346	132.912	50.1425	-30.9515	-469.154	-465.437	-463.413	4.3736	8	0	77.0039	46.6105	-4.47083	-465.541	46.6105	-4.47083	-465.541	
13868	93327	38.3129	161.928	37.8971	-99999	66.97	-0.565197	1	1	0	0	0	-354.817	-324.648	-15.6342	-34.8745	-152.74	-140.579	-355.217	-340.165	-324.724	-15.3995	-26.0233	-34.8745	-152.852	-147.616	-140.579	11.8319	11	0	119.199	66.9847	-22.2113	-153.488	66.9847	-22.2113	-153.488	
13868	91716	207.032	436.086	203.833	-99999	25.948	-0.84619	1	1	1	1	1	-318.755	-341.52	125.451	-33.8055	424.148	547.641	-318.787	-324.913	-342.731	125.563	45.2248	-35.9237	424.079	488.654	549.502	5.62308	14	0	80.5814	25.9684	0.712171	478.661	25.9684	0.712171	478.661	
13868	93660	187.353	455.378	186.195	-44.2654	-42.749	-0.633734	1	1	1	1	1	-179.396	-272.797	132.415	-3.28607	-159.526	-74.9637	-179.394	-231.639	-273.101	132.418	69.2181	-4.26479	-159.528	-114.414	-74.4382	4.60683	16	0	74.8788	-42.7022	4.87605	-95.2612	-42.7022	4.87605	-95.2612	
13867	2253	296.864	928.559	296.433	-99999	-44.103	-0.996203	1	1	1	1	1	-122.207	-142.171	132.469	-161.377	716.46	724.115	-135.996	-153.039	-155.981	132.836	-14.3534	-161.377	716.469	713.381	724.115	4.60679	7	0	92.2206	-44.0825	-25.7666	703.074	-44.0825	-25.7666	703.074	
13868	92545	81.9755	212.388	78.6414	-99999	32.211	-0.988333	1	1	0	0	0	-158.069	-156.48	127.478	53.2708	352.002	331.904	-148.07	-144.755	-146.589	129.174	89.7721	52.3696	352.23	343.292	331.56	5.76893	15	0	81.7037	32.246	25.7453	343.501	32.246	25.7453	343.501	
13868	92140	140.97	316.978	140.76	-99999	-42.23	-0.598582	0	0	0	0	0	-128.523	-147.159	134.127	52.6592	-335.289	-225.101	-141.751	-147.049	-160.383	134.163	87.0849	52.6592	-335.339	-284.254	-225.101	4.79978	11	0	76.9241	-999999	-999999	-999999	-999999	-999999	-999999	
13868	92940	240.452	581.89	238.961	-99999	89.122	-0.829547	1	1	1	1	1	-239.286	-327.063	132.797	-69.6504	-163.295	-77.3223	-239.246	-277.716	-327.821	133.112	31.42	-70.5111	-163.459	-112.302	-77.1007	4.23778	7	0	72.696	89.1598	-33.0147	-89.1779	89.1598	-33.0147	-89.1779	
13868	30820	138.182	306.107	134.221	-99999	1.651	-0.561232	1	1	1	1	1	-358.31	-246.331	-96.1442	-168.839	20.5411	34.0738	-358.687	-301.367	-243.334	-95.8894	-133.86	-170.545	20.4964	27.2494	34.6862	4.45963	8	0	61.6614	1.6615	-86.8191	18.0512	1.6615	-86.8191	18.0512	
13868	31720	79.7259	269.011	77.6544	-99999	108.569	-0.985345	0	0	0	0	0	-142.848	-146.01	128.86	61.6214	177.078	144.481	-108.892	-111.205	-112.012	130.216	93.8342	61.6214	176.99	165.475	144.481	10.7211	21	0	140.593	-999999	-999999	-999999	-999999	-999999	-999999	
13868	72179	137.415	359.858	135.074	-99999	-26.447	-0.768158	1	1	1	1	1	-274.964	-293.381	133.134	17.7885	-714.534	-649.566	-274.848	-286.221	-293.557	133.395	77.9804	15.8142	-714.74	-675.806	-649.418	4.78112	10	0	82.3547	-26.4176	19.5983	-658.442	-26.4176	19.5983	-658.442	
13868	90641	81.2261	212.25	80.0458	-99999	45.169	-0.875444	1	1	0	0	0	-130.354	-83.7954	129.661	66.0295	616.297	622.591	-116.628	-95.8372	-69.478	130.461	96.2736	65.8339	616.163	622.982	622.549	5.34101	8	0	72.1974	45.1969	67.4469	620.165	45.1969	67.4469	620.165	
13868	92456	87.6967	251.18	87.6966	-99999	7.475	-0.560894	1	1	1	1	1	-246.134	-304.563	133.353	86.647	413.663	459.392	-246.143	-275.428	-304.571	133.353	109.936	86.647	413.663	436.371	459.392	4.11427	11	0	66.0285	7.50728	31.0341	462.811	7.50728	31.0341	462.811	
13868	99930	108.06	376.327	107.765	-99999	88.741	-0.666622	1	1	1	1	1	-302.595	-339.357	133.634	61.7765	81.6794	153.067	-302.579	-321.093	-339.458	133.83	97.5964	61.7765	81.4933	117.029	153.067	6.48127	13	0	98.1645	88.7656	24.3371	176.246	88.7656	24.3371	176.246	
13868	100918	326.792	1162.27	326.783	-400.868	96.065	-0.603975	0	0	0	0	0	-70.8675	-302.412	106.308	-91.3517	232.623	346.413	-70.8675	-191.062	-302.412	106.308	7.00745	-91.3517	232.623	280.637	346.413	4.39576	6	0	60.5894	71.9782	-77.9445	-53.4106	30.3782	22.5614	172.754	
13868	92782	272.652	697.22	272.356	-99999	39.391	-0.969955	1	1	1	1	1	-255.972	-219.652	132.611	-130.881	114.636	166.313	-256.073	-226.94	-219.697	132.889	1.72796	-130.881	114.6	137.323	166.313	4.81757	12	0	86.7791	39.4118	-15.2347	146.104	39.4118	-15.2347	146.104	
13868	34446	235.658	547.283	233.993	54.5828	54.644	-0.899071	1	1	1	1	1	-239.283	-121.663	132.164	-68.9787	727.712	726.831	-239.325	-186.785	-120.942	132.252	26.9192	-70.3499	727.718	726.119	726.87	4.6738	6	0	95.1672	54.681	-24.242	715.972	54.681	-24.242	715.972	
13868	72766	155.926	402.685	152.645	-99999	52.9	-0.817099	1	1	1	1	1	-166.258	-79.0746	129.696	5.02328	566.806	579.224	-150.145	-105.743	-61.0798	130.342	66.6111	2.99221	566.744	573.434	579.376	4.39828	9	0	68.7803	52.9146	9.83516	570.437	52.9146	9.83516	570.437	
13868	74866	244.674	566.643	244.024	-99999	44.998	-0.885559	1	1	1	1	1	-319.309	-321.443	127.124	-107.145	-224.725	-171.389	-319.358	-313.412	-321.599	127.299	10.9684	-107.448	-224.815	-191.67	-171.349	6.04252	8	0	77.8483	53.5145	67.5723	-550.281	53.5145	67.5723	-550.281	
13868	92480	45.0151	135.844	43.5767	-99999	56.598	-0.668714	0	0	0	0	0	-212.097	-243.884	128.898	101.327	-186.519	-175.997	-212.161	-228.451	-244.991	128.898	113.871	100.53	-186.519	-182.608	-175.41	4.91391	10	0	70.3878	56.635	33.3808	-176.924	56.635	33.3808	-176.924	
13868	92780	339.444	784.837	338.022	82.7602	85.802	-0.68446	1	1	1	1	1	-108.901	-296.196	130.23	-122.807	553.14	667.375	-107.985	-212.829	-296.196	131.181	5.21196	-122.807	552.647	595.931	667.375	7.43617	12	0	87.2049	85.8348	-26.8038	613.899	85.8348	-26.8038	613.899	
13868	99242	28.4277	142.224	25.0176	-195.09	80.74	-0.519131	0	0	0	0	0	-120.713	-132.128	126.492	106.784	-661.45	-654.879	-106.738	-110.897	-119.533	127.348	117.243	106.784	-663.585	-656.804	-654.879	5.77731	9	0	30.3679	-5.53146	8.45841	791.042	-40.2615	59.7679	-828.469	
13868	92462	303.926	906.336	303.804	-99999	29.858	-0.993702	1	1	1	1	1	-256.901	-255.969	132.686	-165.741	-187.826	-221.138	-256.934	-255.361	-256.003	132.692	-18.2555	-165.741	-187.825	-201.792	-221.138	5.48931	6	0	75.3398	29.8934	-24.6163	-232.471	29.8934	-24.6163	-232.471	
13868	94832	286.169	627.818	284.664	-99999	-48.926	-0.943729	1	1	1	1	1	-81.0435	-114.085	132.755	-143.263	-288.029	-319.987	-95.9894	-132.368	-129.406	133.901	-3.11768	-143.263	-287.89	-305.878	-319.987	4.55715	7	0	75.5248	-48.8939	-22.4389	-306.848	-48.8939	-22.4389	-306.848	
13868	97185	203.762	473.798	202.076	-99999	-17.795	-0.907373	1	1	1	0	0	-309.218	-331.111	131.889	-66.1449	-820.035	-789.387	-309.049	-322.615	-331.084	133.255	34.2826	-66.2805	-820.711	-801.51	-789.368	4.53265	9	0	73.5865	-17.7754	5.28142	-786.543	-17.7754	5.28142	-786.543	
13868	97962	104.294	257.184	103.16	-99999	85.687	-0.892076	1	1	1	0	0	-264.05	-241.932	132.212	45.0895	-577.237	-528.555	-264.481	-251.161	-242.03	133.223	86.6734	45.0895	-577.618	-558.357	-528.555	7.07308	13	0	76.679	85.7197	20.9285	-549.345	85.7197	20.9285	-549.345	
13868	99926	463.956	1118.21	463.322	-99999	-6.559	-0.678786	1	1	1	1	1	-323.792	-220.793	133.755	-164.879	-69.5701	268.016	-323.878	-278.289	-220.785	134.181	-13.9573	-164.879	-70.0213	102.137	268.016	7.61838	15	0	79.3641	-6.53275	-2.52178	92.3901	-6.53275	-2.52178	92.3901	
13867	9818	199.055	568.553	198.307	66.5562	65.923	-0.922629	1	1	1	1	1	-197.706	-272.098	132.758	-42.2559	421.49	367.417	-197.706	-235.5	-272.497	132.758	43.9155	-42.868	421.49	397.715	367.29	4.06169	9	0	83.3365	65.946	-11.6563	389	65.946	-11.6563	389	
13868	96137	311.891	1218.57	311.878	-13.9952	-11.085	-0.676708	1	1	1	1	1	-153.236	-330.175	132.245	-88.0872	-387.516	-259.368	-153.236	-252.278	-330.175	132.245	26.6156	-88.0872	-387.516	-330.072	-259.368	5.03847	10	0	68.5388	-11.0474	-38.167	-293.353	-11.0474	-38.167	-293.353	
13868	96493	74.0927	251.816	72.9094	-99999	51.595	-0.760629	1	1	0	0	0	-291.802	-257.811	132.118	73.6986	209.313	233.754	-283.753	-263.453	-249.681	132.118	102.788	72.6267	209.313	219.043	234.202	21.7433	11	0	127.71	51.622	37.1075	221.799	51.622	37.1075	221.799	
13868	99523	190.548	492.252	190.534	-99999	56.543	-0.735358	1	1	1	1	1	-213.928	-95.2296	133.242	-8.58277	402.511	361.58	-196.222	-138.721	-77.5235	133.242	60.6949	-8.58277	402.511	380.257	361.58	10.2803	10	0	93.1003	56.5722	5.19793	369.468	56.5722	5.19793	369.468	
13868	97065	258.975	581.953	257.924	-99999	-10.71	-0.92634	1	1	1	1	1	-113.046	-152.917	131.218	-113.843	-350.119	-282.976	-116.269	-137.49	-156.285	132.105	10.1486	-113.923	-350.457	-312.915	-282.966	4.2357	7	0	71.8338	-10.6815	-15.5389	-311.463	-10.6815	-15.5389	-311.463	
13868	13693	289.288	869.931	287.828	-99999	-45.272	-0.98879	1	1	1	1	1	-188.948	-175.978	129.034	-156.219	777.95	800.529	-203.213	-196.013	-190.146	130.294	-13.2689	-156.3	777.775	792.256	800.515	5.72589	28	0	107.722	-45.2495	-32.7966	771.909	-45.2495	-32.7966	771.909	
13868	95803	119.379	339.881	118.109	-99999	95.971	-0.871487	1	1	1	0	0	-146.857	-122.323	130.332	26.6723	425.085	374.87	-116.805	-103.68	-91.7755	130.332	78.1236	25.5296	425.085	399.358	374.681	14.2587	7	0	86.9842	96.0018	37.1239	390.25	96.0018	37.1239	390.25	
13868	99500	146.68	383.812	143.494	-99999	59.251	-0.989203	1	1	1	0	0	-257.562	-279.715	133.069	-5.99171	300.558	319.837	-257.63	-272.113	-280.192	133.069	61.464	-9.11462	300.558	305.993	319.853	10.1169	16	0	88.7213	59.264	3.69422	315.91	59.264	3.69422	315.91	
13868	95290	359.642	828.338	349.557	47.4131	47.329	-0.747694	1	1	1	1	1	-95.6229	-305.013	122.777	-142.566	885.302	799.156	-89.5189	-200.708	-305.013	130.256	-2.79997	-142.566	888.168	840.982	799.156	4.03173	9	0	48.4916	47.3721	-33.5545	785.739	47.3721	-33.5545	785.739	
13868	98253	392.192	847.698	389.248	-37.4025	-34.575	-0.744556	1	1	1	1	1	-225.242	-164.209	130.718	-153.843	578.662	325.616	-225.444	-205.694	-164.209	132.898	-18.4628	-153.843	580.604	457.885	325.616	11.15	14	0	92.3161	-34.5368	-29.8412	437.519	-34.5368	-29.8412	437.519	
13868	97218	63.343	191.405	63.101	-99999	-9.536	-0.980729	1	1	0	0	0	-207.133	-189.564	128.803	69.0655	726.549	733.465	-208.62	-200.961	-190.994	128.803	98.1811	68.8822	726.549	727.5	733.482	6.72529	6	0	82.4355	-9.50623	21.9524	723.683	-9.50623	21.9524	723.683	
13868	31849	268.362	676.159	268.216	57.9502	57.379	-0.928663	1	1	1	1	1	-256.822	-157.999	132.759	-112.557	246.678	283.901	-256.822	-205.116	-157.931	132.759	11.0205	-112.675	246.678	268.822	283.884	5.39957	8	0	84.7158	57.42	-25.016	269.072	57.42	-25.016	269.072	
13868	73915	45.3908	153.946	44.986	-99999	53.224	-0.763826	0	0	0	0	0	-339.041	-329.144	131.715	96.1249	-271.703	-246.34	-339.102	-332.755	-329.134	131.715	113.571	95.8253	-271.703	-259.729	-246.089	5.71085	14	0	82.3628	53.2492	57.3731	-233.468	53.2492	57.3731	-233.468	
13867	10009	350.533	822.013	348.094	52.0774	52.087	-0.851883	1	1	1	1	1	-272.764	-112.995	132.563	-159.252	647.314	554.73	-272.777	-185.457	-112.726	132.587	-14.6771	-161.548	647.321	610.4	554.089	16.0484	16	0	78.6915	52.1144	-37.6913	597.827	52.1144	-37.6913	597.827	
13868	99635	163.024	412.495	162.74	-99999	77.403	-0.79139	1	1	1	1	1	-358.125	-299.364	84.8682	-44.7407	498.006	574.334	-358.332	-322.555	-299.453	85.0905	21.9882	-44.7407	497.885	535.008	574.334	6.23211	14	0	80.367	86.3848	-20.5515	-197.404	86.3848	-20.5515	-197.404	
13868	98397	25.0057	115.591	22.2404	-41.9024	-42.534	-0.836871	1	1	1	1	1	-96.2748	-108.311	133.023	115.875	-54.2154	-50.1761	-102.91	-108.603	-116.505	133.023	122.941	113.692	-54.2154	-49.6977	-49.8276	4.32242	12	0	109.833	-42.4993	-15.0689	-18.3556	-42.4993	-15.0689	-18.3556	
13868	99597	96.2721	241.686	95.1255	-99999	-34.855	-0.661709	1	1	1	0	0	-145.592	-115.376	131.928	71.3898	-127.677	-61.9388	-157.013	-138.087	-126.291	132.687	100.711	71.3898	-128.366	-97.8641	-61.9388	4.35603	8	0	63.734	-34.8178	30.7811	-96.5725	-34.8178	30.7811	-96.5725	
13868	71199	345.84	814.749	342.36	-44.1292	-43.666	-0.796401	1	1	1	1	1	-128.477	-312.002	133.579	-138.774	-99.2564	-185.229	-128.202	-234.829	-312.939	133.979	6.32235	-141.59	-99.1322	-145.991	-185.356	4.11021	9	0	76.5187	-43.632	-33.4359	-157.914	-43.632	-33.4359	-157.914	
13868	35261	320.816	508.466	318.617	-99999	11.495	-0.782436	1	1	1	1	1	-158.487	-247.746	129.177	-109.326	560.815	748.787	-158.039	-202.51	-247.952	130.305	4.51391	-109.724	560.033	648.952	749.337	6.09544	16	0	59.1323	11.5301	-18.8223	651.768	11.5301	-18.8223	651.768	
13868	35461	144.321	324.214	143.617	-99999	20.636	-0.794053	1	1	1	1	1	-313.991	-239.1	133.368	26.0019	404.415	462.088	-314.311	-279.336	-239.124	133.929	78.1533	26.0019	404.116	433.608	462.088	5.77705	10	0	53.7556	20.6346	23.0197	434.314	20.6346	23.0197	434.314	
13867	14844	129.412	349.44	128.683	275.975	36.479	-0.419222	0	0	0	0	0	-149.102	-226.384	132.99	80.6768	798.04	709.709	-149.036	-188.538	-226.727	133.036	105.303	80.4307	798.112	755.09	709.26	7.442	7	0	90.5734	40.3778	-47.0743	-546.549	40.3778	-47.0743	-546.549	
13868	99010	32.7585	123.077	32.2462	-99999	74.469	-0.830347	0	0	0	0	0	-318.244	-314.005	132.274	106.165	798.076	816.199	-318.33	-315.12	-314.187	132.274	118.961	105.779	798.076	806.989	816.488	5.11402	15	0	90.3998	93.633	-30.3354	-127.283	-28.317	17.6716	710.07	
13867	14151	88.1845	154.956	87.1019	-99999	24.789	-0.959148	1	1	0	0	0	-150.271	-168.214	132.157	53.9043	-269.589	-301.678	-142.325	-149.79	-160.451	133.174	92.3569	53.9043	-269.362	-283.523	-301.678	10.8343	8	0	53.9351	24.8225	25.4107	-289.02	24.8225	25.4107	-289.02	
13868	95599	263.585	616.147	263.318	-99999	3.305	-0.815955	1	1	1	1	1	-290.37	-140.641	132.909	-81.4236	-673.643	-652.717	-290.501	-212.145	-140.622	133.096	27.4136	-81.4423	-673.649	-667.002	-652.723	13.5995	7	0	89.08	3.32456	-20.5515	-149.827	62.9846	-23.307	-612.587	
13868	95367	224.72	518.22	223.88	-99999	93.325	-0.895405	1	1	1	1	1	-316.535	-224.92	133.171	-64.6647	-513.061	-463.623	-316.943	-272.728	-225.008	133.881	34.0172	-64.7034	-513.238	-487.127	-463.61	5.39426	11	0	62.5046	93.3457	-7.16744	-482.357	93.3457	-7.16744	-482.357	
13868	96963	96.0269	256.619	95.1444	-99999	-12.046	-0.973795	1	1	1	0	0	-142.135	-164.289	133.376	41.4543	715.215	713.275	-145.907	-160.282	-167.992	133.376	87.6474	40.6979	715.215	714.516	713.453	4.21453	10	0	82.1308	-8.86255	-15.8953	573.789	-8.86255	-15.8953	573.789	
13867	12829	261.749	661.698	260.685	83.0787	82.906	-0.859644	1	1	1	1	1	-278.24	-132.738	132.913	-78.3488	-658.494	-697.136	-278.24	-209.466	-132.322	132.913	24.4734	-79.3121	-658.494	-683.222	-697.041	7.98407	6	0	78.6596	91.9537	-17.6857	71.9068	112.654	-21.392	-492.159	
13868	73030	25.922	92.6877	24.7458	-99999	109.636	-0.941959	0	0	0	0	0	-173.09	-182	132.934	111.649	-215.793	-223.913	-138.696	-141.665	-147.905	133.6	121.779	111.305	-215.568	-219.846	-224.09	5.80215	12	0	75.9332	109.661	55.4325	-214.323	109.661	55.4325	-214.323	
13868	14722	193.491	443.005	188.554	-27.07	-27.498	-0.671195	1	1	1	1	1	-240.573	-140.169	129.881	2.48483	-508.759	-603.959	-243.102	-190.156	-140.169	133.132	71.8589	2.48483	-506.041	-558.922	-603.959	4.28181	13	0	68.162	-27.469	10.4578	-579.368	-27.469	10.4578	-579.368	
13868	99339	361.623	789.997	355.185	-441.976	-35.986	-0.806983	1	1	1	1	1	-231.747	-77.313	126.742	-164.866	568.539	437.282	-234.389	-156.748	-77.313	131.926	-16.0786	-164.866	571.283	502.397	437.282	4.01637	14	0	40.1282	-35.9615	3.89029	307.063	-35.9615	3.89029	307.063	
13867	16292	365.657	1034.15	365.508	-38.6819	-39.019	-0.769257	1	1	1	1	1	-115.083	-219.539	133.404	-113.809	309.856	67.9117	-115.083	-152.406	-219.6	133.404	-3.6968	-113.874	309.856	194.917	67.7954	8.71717	8	0	90.4475	-38.9835	-13.0603	186.78	-38.9835	-13.0603	186.78	
13868	100904	108.762	371.335	102.157	-99999	88.342	-0.601595	1	1	1	0	0	-266.85	-348.224	132.756	72.0001	-807.865	-797.036	-266.633	-310.215	-352.811	132.995	101.027	67.8222	-807.9	-801.996	-796.148	5.04406	10	0	118.763	88.3535	60.3051	-779.826	88.3535	60.3051	-779.826	
13868	37202	165.041	408.663	164.972	-99999	78.162	-0.353315	1	1	0	0	0	-135.384	-195.671	133.383	88.3484	-852.943	-707.51	-110.897	-136.06	-171.195	133.407	108.117	88.3484	-853.004	-778.686	-707.51	5.31319	10	0	81.2539	87.1787	-0.680009	-337.137	87.1787	-0.680009	-337.137	
13867	17478	130.909	307.314	129.177	-99999	-43.036	-0.913554	1	1	1	0	0	-103.518	-146.783	129.829	17.1539	368.053	326.071	-116.803	-140.873	-159.848	130.423	73.1088	16.3191	368.227	347.896	325.522	11.5323	10	0	66.7677	-43.0122	18.5299	342.013	-43.0122	18.5299	342.013	
13867	19878	264.061	612.213	262.253	-99999	59.353	-0.848385	1	1	1	1	1	-210.765	-315.636	132.584	-87.0015	-797.716	-702.617	-210.833	-267.087	-316.7	132.584	21.6352	-88.4885	-797.716	-753.775	-702.439	6.46225	8	0	82.5564	59.3593	-59.5549	-416.612	59.3593	-59.5549	-416.612	
13867	18959	276.947	665.391	274.481	-28.8552	-28.511	-0.965174	1	1	1	1	1	-170.361	-248.372	131.828	-130.114	-167.349	-157.556	-170.218	-208.678	-249.342	132.378	-0.501658	-131.716	-167.368	-161.869	-157.295	4.92606	10	0	85.7237	-28.4774	-24.2949	-165.493	-28.4774	-24.2949	-165.493	
13867	19301	264.144	656.717	263.874	-99999	-25.898	-0.687695	1	1	1	1	1	-323.01	-336.263	130.09	-78.5137	439.072	599.097	-322.972	-329.794	-336.217	130.219	24.8124	-78.5596	438.931	517.733	599.133	5.49262	14	0	87.2473	-25.8751	-17.097	538.63	-25.8751	-17.097	538.63	
13867	21496	51.8102	170.619	51.8087	-99999	82.282	-0.779159	0	0	0	0	0	-228.54	-253.255	132.997	92.6549	131.128	150.753	-228.634	-241.72	-253.349	132.997	111.701	92.6549	131.128	137.857	150.753	4.83993	12	0	83.5571	82.294	31.1118	146.61	82.294	31.1118	146.61	
13867	21996	285.86	862.858	284.371	-99999	67.977	-0.883677	1	1	1	1	1	-248.945	-199.263	132.637	-116.184	-780.054	-651.705	-259.855	-234.805	-209.945	133.951	8.83884	-116.184	-780.708	-716.336	-651.705	4.61599	13	0	79.643	68.005	-25.9817	-679.766	68.005	-25.9817	-679.766	
13867	22596	203.06	614.233	203.059	-99999	32.694	-0.59419	1	1	1	1	1	-66.5134	-215.468	25.5885	-95.7343	-767.121	-832.575	-61.3758	-136.033	-210.33	25.5885	-34.534	-95.7343	-767.121	-800.572	-832.575	4.42468	9	0	176.866	32.7103	-27.2908	-779.402	32.7103	-27.2908	-779.402	
13868	35142	101.499	120.4	27.6121	-99999	105.012	-0.649273	1	1	1	1	1	-175.518	-171.951	125.467	101.099	-55.4565	-43.4797	-146.943	-138.989	-126.142	134.314	100.225	62.3498	-73.6768	-43.1158	-14.017	8.61302	10	0	68.3533	105.048	-21.9595	43.8227	105.048	-21.9595	43.8227	
13868	36542	287.693	696.047	285.982	-99999	-11.534	-0.918497	1	1	1	1	1	-241.924	-341.765	131.818	-128.343	-471.899	-409.465	-241.894	-293.566	-342.324	131.86	0.522512	-129.893	-471.907	-444.35	-409.283	4.7062	9	0	84.0778	-11.5229	-45.6632	-435.842	-11.5229	-45.6632	-435.842	
13868	37542	46.0023	152.719	45.343	-99999	106.482	-0.962197	1	0	0	0	0	-159.772	-169.542	129.609	86.288	254.313	262.64	-126.369	-130.301	-136.262	130.008	107.982	86.0557	254.221	259.549	262.641	5.47683	9	0	83.9488	106.513	40.0058	249.952	106.513	40.0058	249.952	
13867	21427	309.491	759.38	309.395	-99999	79.723	-0.987598	1	1	1	1	1	-125.176	-140.319	133.75	-167.574	-285.965	-348.937	-100.211	-110.008	-115.353	133.75	-17.3057	-167.64	-285.965	-317.712	-348.951	4.62545	11	0	75.616	79.7505	-27.6969	-323.561	79.7505	-27.6969	-323.561	
13867	22827	148.506	384.153	147.748	-99999	105.273	-0.633246	1	1	1	1	1	-240.431	-268.589	132.401	27.2593	40.3987	139.447	-240.32	-254.482	-268.71	132.872	83.0193	27.2593	39.8575	92.9441	139.447	5.74494	14	0	99.6801	105.261	-25.856	-745.911	-14.0294	15.343	114.351	
13867	20323	246.153	549.252	245.56	-99999	-23.407	-0.90866	1	1	1	1	1	-354.798	-317.732	85.4788	-131.574	421.596	520.556	-354.848	-334.586	-317.705	85.9138	-21.8754	-131.574	421.41	477.04	520.556	7.20583	12	0	86.9511	-23.3808	11.4761	460.957	-23.3808	11.4761	460.957	
13867	1410	112.747	316.357	112.746	-99999	-32.619	-0.732529	1	1	1	1	1	-222.504	-262.65	132.854	49.4789	404.376	468.408	-222.467	-242.274	-262.612	132.854	90.3697	49.4789	404.376	435.679	468.408	6.60171	14	0	92.6436	-32.5855	-20.1591	508.757	-32.5855	-20.1591	508.757	
13867	1320	303.961	845.611	303.489	-99999	67.499	-0.909073	1	1	1	1	1	-110.548	-231.235	133.028	-138.233	-719.156	-782.024	-89.2405	-149.685	-210.099	133.455	-2.38874	-138.233	-719.067	-750.513	-782.024	13.3427	7	0	56.0657	67.5181	-10.9527	-740.234	67.5181	-10.9527	-740.234	
13867	3520	41.1425	141.93	36.1751	-99999	96.231	-0.913912	1	1	1	1	1	-226.096	-238.796	132.177	99.2903	-131.066	-139.156	-195.66	-202.837	-210.119	133.036	114.354	95.5853	-130.841	-135.595	-139.766	4.02052	11	0	90.7784	96.2635	-32.8926	-177.989	96.2635	-32.8926	-177.989	
13867	4666	236.113	1122.86	232.849	-27.4218	-23.463	-0.628631	1	1	1	1	1	-62.192	-221.299	24.7154	-114.009	35.747	133.65	-61.5613	-142.422	-222.607	25.3027	-45.6464	-115.312	35.39	83.9991	134.729	36.2058	12	0	293.928	-23.4129	-38.3723	105.078	-23.4129	-38.3723	105.078	
13867	672	297.13	698.374	294.842	-22.7854	-23.55	-0.915578	1	1	1	1	1	-200.202	-329.373	128.204	-134.855	679.751	695.579	-199.289	-257.024	-329.373	130.29	-6.40401	-134.855	679.662	686.589	695.579	5.78368	6	0	71.2169	-23.5272	-42.6874	676.051	-23.5272	-42.6874	676.051	
13867	1351	139.945	375.187	139.102	89.5815	88.579	-0.921104	1	1	1	0	0	-204.78	-264.797	132.254	9.59525	240.071	263.24	-204.78	-235.141	-264.99	132.254	69.9739	8.79918	240.071	249.378	263.415	6.89488	10	0	91.488	88.5928	9.01469	255.86	88.5928	9.01469	255.86	
13867	4751	396.843	970.627	385.645	-99999	50.52	-0.825222	1	1	1	1	1	-218.959	-342.027	102.047	-141.964	-887.737	-627.016	-218.779	-280.025	-342.089	103.218	-42.6077	-142.537	-888.496	-769.292	-617.353	4.57602	7	0	86.3129	50.541	-49.8608	-709.122	50.541	-49.8608	-709.122	
13867	5689	66.9298	189.972	66.3613	-99999	10.114	-0.364397	1	1	1	1	1	-64.569	-112.576	-134.379	-111.191	-337.883	-298.381	-109.409	-85.0977	-60.9926	-111.191	-122.837	-134.58	-298.381	-318.207	-338.222	4.37935	154	0	189.972	10.1291	-40.6711	-209.846	10.1291	-40.6711	-209.846	
13868	71045	108.648	265.51	108.215	-99999	26.424	-0.855543	1	1	1	0	0	-138.943	-181.994	132.546	36.5028	-472.467	-453.76	-130.473	-153.79	-173.719	132.913	86.1425	36.5028	-472.565	-457.887	-453.76	6.23165	8	0	65.8673	26.4553	21.4711	-451.833	26.4553	21.4711	-451.833	
13867	6139	227.38	505.54	225.838	-99999	106.818	-0.79741	1	1	1	1	1	-285.417	-263.339	133.015	-44.2228	363.336	500.56	-285.553	-272.875	-263.243	133.255	44.5477	-45.1474	363.153	432.969	501.342	5.54854	13	0	83.9675	106.837	-1.09777	445.371	106.837	-1.09777	445.371	
13867	2440	36.8736	111.801	36.8722	48.5075	-25.2	-0.690266	1	1	0	0	0	-217.595	-200.98	132.412	111.07	178.302	153.575	-217.595	-209.92	-200.98	132.412	120.343	111.07	178.302	166.686	153.575	4.22223	14	0	60.9549	-32.8391	3.20362	-93.7142	47.9209	25.9619	115.679	
13867	14138	351.152	166851	342.357	-37.8025	-37.559	-0.879457	1	1	1	1	1	-267.684	-158.447	132.609	-158.784	688.703	548.931	-267.975	-211.496	-156.394	133.516	-18.5136	-162.957	689.091	621.847	542.742	5.44112	10	0	127764	-37.5288	-45.261	605.444	-37.5288	-45.261	605.444	
13867	7468	411.225	945.296	410.705	-99999	18.886	-0.714594	1	1	1	1	1	-308.944	-269.108	131.064	-155.23	361.974	631.821	-309.002	-266.421	-269.13	131.156	-13.483	-155.23	361.888	501.513	631.821	7.24199	14	0	88.1306	18.9079	-6.44715	576.059	18.9079	-6.44715	576.059	
13867	7468	158.791	404.136	158.605	-99999	27.006	-0.782161	1	1	1	1	1	-271.312	-339.907	133.035	-2.92734	670.653	710.152	-271.236	-308.575	-339.938	133.174	67.5406	-2.92734	670.6	694.839	710.152	4.91253	6	0	67.6286	18.9079	-6.44715	576.059	43.0279	71.9448	819.632	
13867	13958	35.7106	132.723	34.5918	-99999	32.533	-0.974737	0	0	0	0	0	-224.82	-217.544	132.329	99.4745	409.451	415.531	-219.824	-216.369	-212.181	132.713	115.373	98.8812	409.434	410.895	415.695	6.07748	11	0	90.7023	32.5587	35.4091	412.376	32.5587	35.4091	412.376	
13867	11098	193.619	456.707	193.617	-99999	91.389	-0.92172	1	1	1	1	0	-155.839	-90.1813	133.566	-48.3819	-161.549	-153.3	-127.221	-94.475	-61.5634	133.566	42.5477	-48.3819	-161.549	-157.788	-153.3	42.9656	7	0	68.2695	91.4118	-20.3986	-161.442	91.4118	-20.3986	-161.442	
13867	17963	114.957	290.497	113.618	-99999	55.624	-0.716243	1	1	1	0	0	-243.313	-317.314	131.676	45.8943	-582.673	-582.128	-242.441	-280.929	-317.377	132.629	89.9805	45.8943	-582.708	-582.547	-582.128	6.24668	7	0	77.6861	55.6439	38.9096	-585.516	55.6439	38.9096	-585.516	
13868	70878	252.293	563.982	249.064	-99999	20.734	-0.876319	1	1	1	1	1	-161.766	-125.161	131.623	-100.55	-92.6743	-23.3895	-155.674	-146.405	-118.409	133.749	16.8467	-101.272	-93.7999	-47.9048	-23.4598	6.74261	8	0	75.7129	20.7628	-22.5923	-43.6017	20.7628	-22.5923	-43.6017	
13868	42046	350.478	899.327	343.87	19.791	22.238	-0.807896	1	1	1	1	1	-127.614	-342.539	133.16	-133.152	312.314	279.682	-127.51	-236.237	-346.228	133.322	-2.91603	-138.236	312.337	294.491	278.506	5.25496	7	0	135.758	22.2599	-63.0826	287.773	22.2599	-63.0826	287.773	
13867	2384	171.391	460.287	170.925	54.8485	54.701	-0.949536	1	1	1	1	1	-224.211	-151.251	132.853	-18.9027	-512.81	-498.607	-224.327	-194.345	-151.251	133.293	54.3055	-18.9027	-512.893	-499.11	-498.607	5.3285	7	0	106.036	54.7201	-3.87803	-501.437	54.7201	-3.87803	-501.437	
13867	4384	281.142	1750.95	278.19	-99999	-1.81	-0.80154	1	1	1	1	1	-136.229	-255.077	129.162	-101.062	164.369	262.083	-135.117	-194.032	-255.269	131.053	11.8916	-101.602	163.492	208.712	262.198	4.38579	11	0	75.982	-1.77841	-13.7623	217.166	-1.77841	-13.7623	217.166	
13868	74967	43.1661	142.337	43.1652	-99999	80.078	-0.902141	1	1	1	1	1	-214.151	-224.08	131.205	92.3092	-423.77	-439.508	-201.567	-206.552	-211.497	131.205	112.01	92.3092	-423.77	-432.278	-439.508	7.26651	12	0	71.0532	80.1086	-27.5367	-484.854	80.1086	-27.5367	-484.854	
13867	9894	382.545	1903.98	373.488	-99999	11.594	-0.238219	1	1	1	1	1	-146.466	-82.4313	130.623	48.3931	84.2443	442.663	-142.852	-110.432	-75.3058	130.646	88.0179	42.7402	84.1573	267.777	448.589	25.6187	34	0	906.718	11.6474	22.6552	459.142	11.6474	22.6552	459.142	
13867	8847	274.217	695.645	272.131	72.7692	72.139	-0.966762	1	1	1	1	1	-272.704	-178.904	132.144	-121.675	-801.605	-785.624	-272.871	-233.695	-178.486	132.787	1.72696	-123.018	-801.632	-794.182	-785.76	4.85858	9	0	75.9035	72.163	-14.1373	-763.63	72.163	-14.1373	-763.63	
13868	73477	233.089	550.668	232.324	84.6317	84.694	-0.89629	1	1	1	1	1	-299.013	-188.671	132.937	-68.6182	-71.1242	-90.4385	-299.156	-240.712	-188.502	133.25	33.7521	-68.9851	-71.0728	-86.5748	-90.4019	4.31748	7	0	79.3818	84.7225	-6.11208	-81.6694	84.7225	-6.11208	-81.6694	
13867	5616	142.249	382.644	142.002	-99999	-29.209	-0.926402	1	1	1	1	1	-280.294	-330.826	132.653	0.604477	554.007	562.421	-280.166	-305.954	-330.792	132.878	66.6368	0.604477	553.993	555.691	562.421	4.38863	10	0	99.3835	-29.2134	4.5588	570.573	-29.2134	4.5588	570.573	
13867	14741	201.981	562.189	197.76	-99999	35.643	-0.68631	1	1	1	1	1	-203.142	-78.1127	133.299	-2.15492	544.722	473.177	-191.981	-128.194	-64.3088	133.299	63.8293	-4.94091	544.722	508.621	471.428	15.2164	11	0	128.619	35.6624	-9.16089	467.993	35.6624	-9.16089	467.993	
13867	11318	283.831	723.098	283.472	-99999	-33.268	-0.951099	1	1	1	1	1	-158.154	-83.9747	133.182	-136.673	-717.873	-680.428	-168.572	-137.356	-94.2821	133.182	-3.58239	-137.007	-717.873	-696.779	-680.399	5.34506	7	0	88.7831	-30.7746	-48.0763	766.3	88.6854	17.3681	-608.918	
13867	15385	327.179	1228.13	292.601	-99999	4.88	-0.932194	1	1	1	1	1	-329.04	-260.265	133.671	-135.039	699.176	606.357	-329.141	-290.657	-254.91	134.22	-15.9956	-167.877	699.365	647.523	607.129	10.5959	7	0	270.446	4.90466	-31.8779	633.118	4.90466	-31.8779	633.118	
13868	42789	237.317	470.641	211.904	-99999	-22.903	-0.382583	1	1	1	1	1	-63.2237	-135.881	124.533	32.6088	1.41894	171.32	-65.6495	-118.842	-142.966	128.423	74.9325	33.0125	-7.10843	84.2643	186.185	6.91831	11	0	47.3723	-22.8625	27.3391	91.5733	-22.8625	27.3391	91.5733	
13867	15128	263.113	638.23	242.838	-99999	8.899	-0.820581	1	1	1	1	1	-64.3338	-200.232	38.4112	-160.256	-272.654	-240.642	-62.8762	-136.337	-210.007	38.5126	-69.1192	-176.815	-272.668	-254.634	-238.009	5.61611	6	0	90.9323	8.92284	-10.373	-259.873	8.92284	-10.373	-259.873	
13867	18628	126.817	327.295	126.813	-99999	94.398	-0.842641	1	1	1	1	1	-261.518	-225.334	132.19	28.5059	590.096	649.57	-261.626	-249.484	-225.442	132.19	79.1527	28.5059	590.096	622.615	649.57	4.69	6	0	56.602	101.759	4.36533	660.044	101.759	4.36533	660.044	
13867	10174	307.887	718.667	307.217	-99999	25.575	-0.986317	1	1	1	1	1	-215.12	-170.331	132.966	-167.85	-853.953	-833.556	-207.124	-188.21	-162.045	133.059	-18.6059	-168.331	-853.967	-835.906	-833.642	7.4728	8	0	79.7692	25.601	-30.6056	-786.355	25.601	-30.6056	-786.355	
13867	22384	52.6311	385.764	52.6243	-99999	109.434	-0.579661	1	1	1	1	1	-228.06	-224.199	130.327	85.1523	691.799	717.101	-193.791	-191.406	-189.93	130.327	108.828	85.1469	691.799	705.766	717.103	27.2961	9	0	128.218	109.472	-27.3116	748.866	109.472	-27.3116	748.866	
13867	2308	339.173	3479.92	338.348	-44.3079	-43.677	-0.790339	1	1	1	1	1	-297.421	-165.471	133.288	-139.085	-84.9423	-234.01	-297.421	-229.817	-165.081	133.288	-2.03039	-139.755	-84.9423	-161.393	-234.272	5.2772	12	0	93.5012	-43.6416	-21.0089	-165.356	-43.6416	-21.0089	-165.356	
13867	3408	116.583	600.396	116.451	-99999	32.98	-0.608425	1	1	0	0	0	-251.095	-221.072	132.979	69.0276	411.136	502.528	-251.132	-238.946	-221.034	132.979	98.3622	68.9825	411.136	456.365	502.623	5.86666	11	0	93.6931	33.0147	27.8603	-401.986	33.0147	27.8603	-401.986	
13867	1701	156.478	384.924	155.311	-99999	98.26	-0.765978	1	1	1	0	0	-278.138	-330.845	132.938	5.08572	-206.519	-137.929	-278.111	-308.893	-331.32	133.182	70.1157	4.34944	-206.672	-172.16	-137.741	5.34516	7	0	71.3513	98.2803	24.6639	-156.664	98.2803	24.6639	-156.664	
13867	9754	268.876	6987.08	267.572	76.989	76.805	-0.820609	1	1	1	1	1	-345.616	-202.639	133.66	-80.6805	-567.772	-639.596	-346.033	-273.854	-202.385	134.35	26.9581	-81.0635	-567.551	-603.994	-639.639	642.088	9	0	6429.73	76.8302	-46.0203	-631.24	76.8302	-46.0203	-631.24	
13868	77445	474.845	1130.21	474.106	44.5391	44.616	-0.490718	1	1	1	1	1	-157.59	-286.195	131.815	-107.081	-420.372	-35.3144	-157.484	-207.752	-286.195	132.173	18.2579	-107.081	-420.989	-219.013	-35.3144	7.5357	6	0	69.601	44.6572	-15.569	-21.9034	44.6572	-15.569	-21.9034	
13867	7571	50.3493	114.794	50.3483	-99999	105.275	-0.934385	1	1	0	0	0	-105.016	-94.2285	129.945	83.1882	239.839	224.61	-72.0499	-66.7367	-61.2623	129.945	106.582	83.1882	239.839	232.118	224.61	8.54073	12	0	49.206	105.297	69.454	222.276	105.297	69.454	222.276	
13867	9702	169.252	413.56	169.248	-99999	14.652	-0.914346	1	1	1	0	0	-279.34	-324.576	133.832	-22.9122	-843.713	-799.999	-279.357	-305.478	-324.593	133.832	55.8696	-22.9122	-843.713	-823.767	-799.999	4.598	11	0	85.7756	14.6692	6.06037	-791.922	14.6692	6.06037	-791.922	
13867	9473	262.399	640.524	262.376	-99999	-32.289	-0.709015	1	1	1	1	1	-228.823	-271.832	132.476	-80.0088	-207.523	-65.7924	-228.786	-262.441	-271.795	132.476	28.8691	-80.0107	-207.523	-134.792	-65.7921	4.44671	9	0	84.9549	-32.2606	-16.5178	-114.291	-32.2606	-16.5178	-114.291	
13867	6184	267.363	652.354	264.687	62.3209	61.205	-0.988434	1	1	1	1	1	-217.693	-176.262	132.505	-128.097	-339.313	-330.473	-217.763	-196.919	-175.926	133.11	1.29957	-130.104	-339.341	-341.006	-330.205	6.69859	8	0	96.7707	61.233	-27.215	-339.399	61.233	-27.215	-339.399	
13868	77476	423.737	5355.79	419.986	-99999	54.083	-0.388869	1	1	1	1	1	-334.536	-201.558	132.646	-38.8997	-406.744	-758.021	-343.207	-274.761	-210.048	132.871	44.7484	-38.9127	-406.237	-586.331	-758.047	10.994	9	0	112.414	54.1224	-12.682	-660.949	54.1224	-12.682	-660.949	
13868	79576	178.244	464.67	176.075	365.576	24.297	-0.87133	0	0	0	0	0	-136.376	-233.535	132.572	-12.9684	-641.448	-654.181	-136.184	-184.254	-233.924	132.918	58.0932	-14.6671	-641.422	-645.955	-654.455	4.92743	7	0	89.6735	-999999	-999999	-999999	-999999	-999999	-999999	
13867	6663	127.14	354.476	126.52	-99999	62.82	-0.783709	1	1	1	0	0	-288.106	-334.1	133.77	41.0264	63.188	134.008	-288.177	-306.257	-334.548	133.77	83.9348	40.727	63.188	98.1319	134.395	6.38081	11	0	75.6245	62.8204	30.0595	114.416	62.8204	30.0595	114.416	
13906	21656	306.141	867.894	306.013	-99999	115.52	-0.966588	1	1	1	1	1	-183.632	-97.4919	130.49	-162.959	799.873	808.53	-147.5	-104.989	-61.3175	130.603	-16.3011	-162.959	799.858	805.553	808.53	4.85948	9	0	43.5361	115.555	-31.8776	794.568	115.555	-31.8776	794.568	
13905	16663	186.339	468.56	185.814	-99999	-8.924	-0.727436	1	1	1	1	1	-300.392	-237.071	132.416	-1.18357	-718.075	-608.349	-300.48	-275.968	-237.06	132.793	65.7381	-1.18357	-718.422	-658.89	-608.349	9.91447	15	0	82.0234	-8.8989	12.0153	-642.688	-8.8989	12.0153	-642.688	
13905	15483	247.464	1006.32	247.281	-99999	15.662	-0.934182	1	1	1	1	1	-66.2621	-158.807	-143.531	71.33	-710.766	-630.861	-153.903	-107.89	-61.2912	71.33	-36.4822	-143.685	-630.861	-670.273	-710.828	7.77458	588	0	1006.32	15.6722	-17.087	-661.947	15.6722	-17.087	-661.947	
13905	17802	89.5596	312.796	89.3695	-99999	63.252	-0.57581	1	0	0	0	0	-144.323	-81.9856	131.439	74.3444	-820.713	-849.381	-124.662	-93.5539	-62.1786	131.545	102.858	74.3444	-820.663	-835.21	-849.381	20.7357	7	0	130.158	63.2803	56.2893	-828.216	63.2803	56.2893	-828.216	
13905	23680	64.0552	45856.4	59.9986	-99999	-3.844	-0.9267	1	1	1	1	1	-215.5	-225.138	131.426	79.6491	515.969	489.639	-215.496	-221.741	-224.737	131.426	103.079	76.298	515.969	502.593	489.395	685.544	14	0	45756.5	-6.63977	-28.0376	-173.806	-6.63977	-28.0376	-173.806	
13905	24280	246.736	565.978	246.733	-99999	6.133	-0.311793	1	1	1	1	1	-352.935	-217.636	64.4709	6.31546	-483.63	-288.345	-352.942	-282.675	-217.643	64.4709	23.6887	6.31546	-483.63	-391.035	-288.345	5.626	16	0	79.0658	6.13728	8.97671	-398.069	6.13728	8.97671	-398.069	
13905	22801	97.4425	239.589	97.4384	-99999	-12.939	-0.794966	1	1	1	0	0	-356.196	-327.99	67.7956	-18.8548	121.545	153.462	-356.181	-339.769	-327.975	67.7956	26.065	-18.8548	121.545	140.261	153.462	5.91104	10	0	74.0846	-12.925	15.9695	142.523	-12.925	15.9695	142.523	
13905	24303	48.1895	126.482	47.6625	-99999	95.05	-0.921642	1	1	1	0	0	-98.4353	-90.9952	129.774	85.8247	674.374	657.85	-68.7743	-64.8432	-61.2309	130.238	108.149	85.8247	674.538	665.763	657.85	5.43404	22	0	60.6125	95.075	21.0281	633.453	95.075	21.0281	633.453	
13905	20990	304.491	728.297	296.812	-99999	114.131	-0.749465	1	1	1	1	1	-233.418	-262.676	132.963	-100.304	181.863	358.356	-233.548	-258.85	-263.803	132.963	16.4426	-104.656	181.863	276.251	364.567	5.67105	18	0	98.0344	114.151	-19.1119	293.134	114.151	-19.1119	293.134	
13905	21890	192.478	489.753	192.407	273.885	57.802	-0.679989	0	0	0	0	0	-271.251	-179.717	132.97	-2.41355	334.666	234.589	-271.251	-225.145	-179.686	132.97	68.1984	-2.46468	334.666	280.534	234.566	6.44319	12	0	85.7399	35.5526	22.8653	-353.189	98.4926	30.2763	354.082	
13905	10370	174.465	395.743	172.892	-257.139	61.799	-0.958689	0	0	0	0	0	-216.883	-178.709	131.308	-35.557	612.614	625.059	-216.883	-202.659	-178.247	131.308	46.3649	-37.0503	612.614	625.877	624.952	4.91268	9	0	74.0066	52.229	4.08489	20.0874	11.629	-24.4589	318.418	
13905	25485	391.18	1006.46	390.628	-99999	76.526	-0.800696	1	1	1	1	1	-114.939	-233.983	132.636	-170.485	-605.024	-820.56	-90.9456	-148.055	-210.175	132.72	-19.3317	-170.808	-604.97	-713.897	-820.826	4.75994	13	0	45.6238	76.5575	-3.71489	-690.675	76.5575	-3.71489	-690.675	
13905	25823	213.309	451.195	212.032	-99999	-46.945	-0.865969	1	1	1	1	1	-306.753	-305.288	134.049	6.45431	-50.9217	12.143	-306.7	-305.792	-305.234	134.049	66.1452	6.45431	-50.9217	-27.7517	12.143	6.17899	12	0	108.341	-42.146	-5.22947	393.015	-42.146	-5.22947	393.015	
13905	29191	463.819	731.76	434.034	-99999	-18.582	-0.953997	1	1	1	1	1	-303.67	-318.217	134.019	-167.413	-426.919	-351.411	-303.628	-308.333	-318.443	134.226	-67.1925	-168.173	-426.98	-366.316	-351.298	4.16539	10	0	72.3367	-18.5545	-26.9212	-376.465	-18.5545	-26.9212	-376.465	
13906	5974	252.038	569.024	237.618	-99999	9.382	-0.862954	0	0	0	0	0	-215.484	-238.426	132.744	-80.6743	-507.91	-408.384	-215.395	-231.376	-238.957	133.3	22.663	-92.8696	-508.221	-450.113	-402.456	4.34219	22	0	74.5259	-999999	-999999	-999999	-999999	-999999	-999999	
13905	30883	355.998	710.914	355.859	-99999	13.235	-0.911508	1	1	1	1	1	-260.449	-243.181	131.243	-169.364	-503.909	-316.165	-260.464	-250.975	-243.196	131.243	-20.6581	-169.364	-503.909	-412.992	-316.165	11.5955	12	0	67.2346	13.2687	-29.57	-400.088	13.2687	-29.57	-400.088	
13905	36371	29.7989	76.8171	29.5389	-99999	92.776	-0.62553	0	0	0	0	0	-236.266	-221.074	129.399	111.923	-112.348	-130.497	-207.345	-199.138	-192.021	129.562	120.338	111.923	-112.196	-120.53	-130.497	4.50637	12	0	53.3137	-999999	-999999	-999999	-999999	-999999	-999999	
13905	39771	192.579	484.326	192.167	49.6701	49.426	-0.892181	1	1	1	1	1	-202.653	-234.958	131.13	-39.3106	-446.02	-363.889	-202.6	-218.948	-234.958	131.492	45.3817	-39.3106	-446.198	-406.456	-363.889	4.99252	13	0	68.794	49.4449	-7.37665	-386.145	49.4449	-7.37665	-386.145	
13905	29884	25.6568	123.722	25.1344	-99999	77.671	-0.885925	0	0	0	0	0	-329.822	-317.41	133.866	112.894	496.948	502.543	-330.088	-323.602	-317.46	134.241	123.335	112.812	496.904	498.675	502.574	5.26099	12	0	108.408	77.6971	52.4403	482.023	77.6971	52.4403	482.023	
13905	37858	277.096	634.983	277.087	-99999	47.401	-0.817551	1	1	1	1	1	-355.875	-250.147	113.887	-107.007	-270.342	-148.399	-355.929	-300.645	-250.201	113.887	-2.65995	-107.007	-270.342	-220.279	-148.399	8.7845	9	0	77.5145	47.4366	-11.7442	-209.214	47.4366	-11.7442	-209.214	
13905	40349	69.2115	188.567	67.9203	-99999	2.364	-0.959671	1	0	0	0	0	-145.43	-164.188	132.34	67.7445	-423.797	-432.64	-144.409	-153.899	-163.482	133.485	100.67	67.6533	-423.627	-428.907	-432.646	6.02718	8	0	72.964	2.39743	34.0464	-429.568	2.39743	34.0464	-429.568	
13905	29003	32.9459	110.607	32.8518	-99999	-4.007	-0.849062	1	0	0	0	0	-135.655	-139.546	133.295	105.973	-282.49	-299.846	-136.909	-139.585	-140.801	133.306	119.494	105.973	-282.484	-290.803	-299.846	12.27	9	0	75.9949	-3.96765	25.4071	-283.398	-3.96765	25.4071	-283.398	
13905	9227	191.074	469.594	189.819	-99999	100.823	-0.787609	1	1	1	1	1	-214.774	-97.5299	129.893	-18.9518	585.41	596.561	-183.434	-124.757	-65.3971	130.196	55.0489	-19.6154	585.381	591.438	596.509	5.65774	6	0	58.6719	100.85	-4.61472	585.784	100.85	-4.61472	585.784	
13905	5522	452.86	2716.25	356.908	-99999	31.74	-0.732486	1	1	1	1	1	-123.988	-143.26	134.053	-114.885	-299.439	-44.7972	-114.108	-126.087	-138.434	134.449	-23.8721	-181.367	-299.808	-138.652	22.9484	30.0895	6	0	1355.83	31.7657	-46.3954	-82.1605	31.7657	-46.3954	-82.1605	
13905	12488	316.077	792.269	313.998	39.8041	37.44	-0.818088	1	1	1	1	1	-238.884	-120.688	132.602	-114.323	-377.717	-527.592	-239.187	-171.766	-120.464	133.222	6.13287	-114.917	-377.412	-442.586	-528.747	4.07327	17	0	68.7332	37.4722	-35.9534	-470.722	37.4722	-35.9534	-470.722	
13905	14289	83.3084	217.248	80.9202	-99999	103.648	-0.88002	1	1	0	0	0	-350.549	-307.95	133.257	64.8167	312.142	314.792	-351.02	-330.351	-307.034	133.941	97.974	63.5845	312.066	315.718	314.705	5.77915	6	0	72.5942	103.669	35.9686	446.327	103.669	35.9686	446.327	
13905	18572	47.816	182.195	45.7363	-99999	104.725	-0.966268	1	1	0	0	0	-103.722	-94.1463	133.361	89.3818	-401.884	-397.652	-71.0124	-65.6766	-61.2487	133.64	110.639	88.0127	-401.901	-399.314	-397.417	10.8537	13	0	115.108	104.757	59.6925	-391.083	104.757	59.6925	-391.083	
13905	18256	208.078	521.581	207.844	-99999	73.262	-0.912665	1	1	1	1	1	-214.75	-280.76	132.498	-61.361	441.749	465.424	-214.834	-257.516	-280.923	132.498	38.1358	-61.5757	441.749	451.04	465.413	5.2844	8	0	87.0728	73.2813	-20.6825	454.484	73.2813	-20.6825	454.484	
13905	20063	148.821	2591.05	145.707	-34.9663	-35.283	-0.694956	1	1	1	1	1	-231.213	-136.109	131.639	34.7568	568.351	517.057	-231.601	-185.889	-134.598	132.141	80.5795	32.9602	568.695	540.824	516.639	4.88538	8	0	77.193	-35.2371	14.4383	527.606	-35.2371	14.4383	527.606	
13905	2876	127.839	326.228	127.402	-99999	-37.253	-0.852114	1	1	1	1	1	-306.328	-232.832	133.426	31.3113	600.954	615.873	-306.285	-270.861	-232.535	133.426	80.314	30.9792	600.954	602.945	615.993	4.48541	9	0	83.8223	-37.2151	22.5789	611.349	-37.2151	22.5789	611.349	
13905	3877	229.641	679.252	227.889	-99999	-25.326	-0.99233	1	1	1	1	1	-226.808	-253.516	132.206	-93.44	282.626	289.197	-226.738	-236.799	-253.696	132.621	18.5579	-94.7191	282.591	289.98	288.998	11.3382	6	0	166.707	-25.3071	-21.94	294.644	-25.3071	-21.94	294.644	
13905	29892	166.942	352.375	143.571	-99999	47.136	-0.652114	1	1	1	1	1	-224.07	-313.295	126.262	30.9035	575.092	634.724	-218.529	-270.355	-322.441	132.198	76.9335	21.6897	571.159	606.187	640.825	5.70562	10	0	57.4089	47.1723	0.847089	642.229	47.1723	0.847089	642.229	
13905	28858	224.044	549.818	223.924	-99999	2.006	-0.987111	1	1	1	1	1	-275.984	-279.312	133.733	-87.7908	-286.375	-258.845	-275.977	-281.683	-279.32	133.797	22.9047	-87.8234	-286.381	-272.52	-258.839	10.7305	12	0	88.562	2.03484	-22.5058	-263.655	2.03484	-22.5058	-263.655	
13906	21806	260.327	616.385	259.514	17.4922	14.835	-0.855642	1	1	1	1	1	-290.83	-150.466	133.059	-83.6167	-316.882	-310.71	-290.85	-220.273	-149.993	133.093	24.2222	-84.1563	-316.883	-306.874	-310.938	7.1591	8	0	77.292	21.9248	-7.77917	-752.249	63.4348	-25.4676	-279.298	
13905	32153	95.437	247.544	94.9557	-99999	100.239	-0.975857	1	0	0	0	0	-119.991	-131.682	133.034	39.2281	-184.117	-182.324	-88.5062	-97.6644	-100.292	133.462	86.7208	39.1921	-184.145	-181.559	-182.328	6.34862	7	0	73.5309	100.451	61.3605	-169.554	100.451	61.3605	-169.554	
13905	30028	347.383	829.807	346.731	-99999	97.69	-0.904282	1	1	1	1	1	-244.113	-287.98	132.584	-166.476	-220.953	-54.191	-244.225	-256.828	-288.234	132.584	-22.2646	-166.975	-220.953	-143.447	-53.8023	4.28775	15	0	88.8965	97.7194	-31.4877	-131.656	97.7194	-31.4877	-131.656	
13905	32342	285.604	745.917	283.869	59.7377	62.808	-0.870909	1	1	1	1	1	-95.4208	-246.952	133.261	-104.71	-508.263	-487.682	-94.8426	-169.876	-247.179	134.335	14.1764	-105.148	-508.416	-492.802	-487.667	5.66629	7	0	156.126	66.6817	-15.877	271.151	43.4617	-21.47	-111.925	
13905	32239	126.15	390.589	125.785	-99999	-6.304	-0.453774	1	1	1	1	1	-352.316	-247.117	-55.9523	-122.991	386.117	400.443	-353.602	-300.535	-248.1	-55.792	-88.9247	-122.991	386.054	393.79	400.443	5.66658	7	0	118.284	-6.3006	-59.3473	394.872	-6.3006	-59.3473	394.872	
13905	34448	56.0874	161.454	54.7272	-99999	54.571	-0.970302	1	1	1	0	0	-89.8172	-77.2664	133.323	81.8609	-592.427	-589.938	-72.7286	-66.9693	-60.0295	133.323	107.987	81.6164	-592.427	-592.723	-589.933	17.1566	11	0	67.528	54.5855	41.7343	-450.798	54.5855	41.7343	-450.798	
13905	34879	332.233	806.747	331.804	64.6162	66.259	-0.906216	1	1	1	1	0	-276.065	-138.95	132.895	-167.588	-874.739	-875.801	-276.141	-209.96	-138.805	133.07	-19.0593	-167.769	-874.741	-869.408	-875.795	8.10664	6	0	78.0431	66.2882	-24.9421	-799.287	66.2882	-24.9421	-799.287	
13905	36101	297.582	822.239	265.038	-99999	71.335	-0.947673	1	1	1	1	1	-307.301	-297.79	129.97	-122.714	492.063	561.72	-307.395	-303.761	-297.517	131.003	-12.839	-149.822	491.717	528.877	576.09	27.679	10	0	209.439	81.2716	-19.1829	475.326	81.2716	-19.1829	475.326	
13905	3847	206.185	569.56	205.769	-99999	84.859	-0.871741	1	1	1	1	1	-117.496	-224.24	133.377	-39.3194	-210.295	-243.639	-104.161	-157.131	-211.131	133.377	46.5918	-39.6603	-210.295	-227.24	-243.701	5.61216	8	0	50.9781	84.895	-13.9292	-236.565	84.895	-13.9292	-236.565	
13905	533	142.372	387.418	141.703	-99999	70.832	-0.82153	1	1	1	1	1	-154.92	-221.449	133.128	28.4474	-440.767	-509.178	-143.532	-177.083	-210.318	133.681	80.683	28.4474	-440.494	-474.055	-509.178	5.07291	12	0	53.1558	70.8669	-38.8271	-561.355	70.8669	-38.8271	-561.355	
13905	863	81.6203	302.064	81.4776	-99999	106.141	-0.371965	1	1	1	1	1	-246.559	-290.411	132.578	101.624	-69.8982	-8.64639	-246.681	-268.689	-290.615	132.578	117.301	101.551	-69.8982	-39.1153	-8.55745	7.87419	16	0	120.743	106.113	42.1627	36.7965	106.113	42.1627	36.7965	
13905	3363	175.929	487.87	174.893	-99999	63.258	-0.433186	1	1	1	1	0	-168.004	-81.1714	133.313	56.8489	-651.854	-520.79	-148.268	-105.008	-60.9094	133.363	94.1886	56.4609	-651.935	-586.175	-520.11	4.17187	8	0	46.5642	63.287	45.2917	-553.813	63.287	45.2917	-553.813	
13905	4255	180.614	444.775	180.401	-99999	52.727	-0.760191	1	1	1	1	1	-281.9	-332.58	133.66	-5.42593	60.6063	163.167	-281.961	-310.776	-332.703	133.66	63.9472	-5.57427	60.6063	110.177	163.303	5.89142	13	0	75.9742	52.7445	15.393	132.339	52.7445	15.393	132.339	
13905	3935	49.0683	141.076	48.0956	-99999	-9.454	-0.771283	1	0	0	0	0	-356.643	-323.765	-114.629	-147.634	-130.318	-118.691	-356.991	-340.992	-323.541	-114.127	-131.68	-147.848	-130.381	-124.44	-118.626	4.76654	11	0	70.1282	-9.44434	-85.8697	-136.401	-9.44434	-85.8697	-136.401	
13905	1266	285.191	736.429	283.386	78.9244	78.666	-0.992289	1	1	1	1	1	-160.13	-234.293	132.302	-139.121	830.849	821.461	-160.121	-185.653	-234.955	132.399	-7.68722	-140.675	830.855	825.733	821.635	7.72436	13	0	98.6731	78.6921	-14.959	779.939	78.6921	-14.959	779.939	
13905	2767	252.456	607.762	250.853	-25.124	-25.038	-0.819537	1	1	1	1	1	-282.847	-200.367	132.087	-53.739	802.6	658.592	-283.054	-249.114	-200.367	133.398	36.8819	-53.739	803.484	729.796	658.592	4.22904	9	0	80.2148	-24.9976	0.0387403	713.052	-24.9976	0.0387403	713.052	
13906	13538	117.795	301.24	117.584	-99999	91.399	-0.989481	1	1	1	1	0	-238.967	-265.509	132.896	20.3083	57.3762	67.4109	-239.072	-245.922	-265.702	132.896	74.6101	20.1216	57.3762	61.9858	67.4098	6.34852	7	0	70.3585	91.422	13.6169	65.8627	91.422	13.6169	65.8627	
13905	3731	124.458	370.41	123.518	-43.6864	-45.217	-0.792721	1	1	1	1	1	-248.374	-166.388	132.543	48.5593	-441.081	-477.2	-248.85	-211.928	-166.388	133.289	87.4616	48.5593	-440.778	-460.777	-477.2	5.20413	6	0	71.7826	-45.1968	19.0938	-465.91	-45.1968	19.0938	-465.91	
13905	8114	252.805	979.408	252.557	88.434	87.717	-0.922879	1	1	1	1	1	-298.65	-190.993	133.014	-95.2376	568.913	560.455	-298.734	-244.547	-190.985	133.217	19.1238	-95.26	568.923	564.239	560.455	38.3713	7	0	391.869	87.7501	-29.3664	495.594	87.7501	-29.3664	495.594	
13905	5835	242.02	605.052	242.006	-99999	104.8	-0.549288	1	1	1	1	1	-214.504	-270.291	132.902	11.4387	154.751	356.013	-214.624	-245.005	-270.411	132.902	69.3401	11.4387	154.751	253.042	356.013	9.09883	10	0	73.9468	104.835	8.91319	294.561	104.835	8.91319	294.561	
13905	9220	336.288	820.554	334.447	14.8936	14.561	-0.756012	1	1	1	1	1	-170.914	-330.506	132.55	-112.457	-811.582	-651.461	-170.671	-244.526	-331.195	133.053	8.85484	-113.285	-811.936	-726.109	-650.99	5.60575	10	0	71.3901	14.584	-38.8952	-685.902	14.584	-38.8952	-685.902	
13905	7756	127.257	304.424	127.246	-99999	-29.871	-0.996123	1	1	1	1	1	-137.502	-138.242	133.361	8.01846	598.639	582.643	-146.856	-143.836	-147.596	133.361	70.69	8.01846	598.639	588.9	582.643	4.01943	12	0	74.5068	-29.862	8.86958	575.155	-29.862	8.86958	575.155	
13905	35210	118.518	336.448	117.987	-99999	74.604	-0.761086	1	1	1	0	0	-294.861	-327.981	133.978	41.3801	41.0419	104.513	-294.946	-309.801	-328.243	133.978	89.0143	40.9301	41.0419	76.5798	104.685	6.77321	13	0	69.4824	74.6131	32.1054	86.0783	74.6131	32.1054	86.0783	
13905	12360	82.7994	237.585	81.2845	-99999	110.408	-0.960276	1	1	1	0	0	-300.37	-324.098	132.466	58.6303	645.782	665.485	-300.414	-307.532	-324.533	133.246	94.3773	58.0186	645.593	657.754	665.542	5.21094	8	0	80.6378	110.44	37.6885	657.933	110.44	37.6885	657.933	
13905	13860	324.803	763.129	324.784	-99999	13.51	-0.903803	1	1	1	1	1	-242.647	-300.143	133.619	-168.401	499.384	600.009	-242.662	-282.686	-300.158	133.619	-15.5921	-168.401	499.384	549.056	600.009	4.1073	11	0	129.27	13.535	-38.1389	526.992	13.535	-38.1389	526.992	
13905	11680	383.609	1122.84	369.325	17.1254	19.157	-0.798963	1	1	1	1	1	-103.148	-323.668	133.228	-152.946	-585.276	-661.762	-102.764	-217.145	-331.807	133.793	-14.8267	-163.516	-585.114	-625.225	-664.299	13.2299	6	0	110.961	19.1868	-30.7948	-626.679	19.1868	-30.7948	-626.679	
13905	10116	285.531	758.246	284.579	46.3348	46.118	-0.842981	1	1	1	1	1	-168.773	-229.873	130.642	-108.504	205.396	67.5778	-168.773	-198.973	-230.051	130.642	4.88613	-109.041	205.396	145.198	66.8187	7.4182	7	0	91.6057	46.1503	-15.4134	133.745	46.1503	-15.4134	133.745	
13905	4842	320.366	676.157	317.394	-718.699	112.981	-0.952716	0	0	0	0	0	-163.017	-222.32	126.472	-171.611	676.921	764.596	-162.773	-187.304	-222.32	129.292	-23.796	-171.611	676.06	715.447	764.596	6.02104	8	0	87.7944	86.8686	14.5074	-244.182	-39.6614	-23.45	-187.513	
13905	14210	241.616	592.103	241.595	-16.2681	-15.757	-0.981343	1	1	1	1	1	-186.504	-222.219	130.529	-97.5089	231.044	286.533	-186.504	-208.89	-222.219	130.529	12.7208	-97.5089	231.044	244.813	286.533	7.08653	14	0	91.7164	-15.7305	-15.4714	247.298	-15.7305	-15.4714	247.298	
13905	15259	27.6741	48.6768	22.7537	-99999	37.841	-0.940902	1	1	1	1	0	-326.903	-326.74	132.25	114.128	-439.904	-443.159	-326.946	-326.876	-329.493	132.25	120.797	110.993	-439.904	-443.523	-442.088	5.41067	18	0	48.2995	37.815	73.9591	-782.111	37.815	73.9591	-782.111	
13905	15561	123.782	365.713	122.747	-99999	31.284	-0.801517	1	1	1	1	1	-275.365	-346.841	125.269	26.5191	10.8777	25.2085	-275.258	-311.266	-347.338	125.465	75.6402	25.8863	10.8502	18.0084	25.3177	7.3912	11	0	89.899	31.3081	17.4725	28.0424	31.3081	17.4725	28.0424	
13905	19329	155.942	648.703	153.21	-29.1446	-29.074	-0.718182	1	1	1	1	1	-303.032	-198.923	132.627	41.226	-744.713	-806.944	-303.256	-255.377	-196.981	132.904	79.6385	40.1174	-744.564	-775.004	-807.634	7.97258	9	0	71.5183	-29.05	26.4495	-757.758	-29.05	26.4495	-757.758	
13905	40297	220.153	529.584	219.02	-99999	22.754	-0.874887	1	1	1	1	1	-317.917	-218.272	133.117	-57.5193	-311.958	-273.339	-318.439	-266.634	-218.288	134.078	38.4608	-57.5515	-312.13	-295.234	-273.329	6.20933	12	0	80.1192	22.7899	-2.05699	-285.926	22.7899	-2.05699	-285.926	
13905	19552	204.889	469.227	203.054	-99999	49.778	-0.991857	1	1	1	1	1	-115.406	-87.9693	129.318	-70.7356	643.578	657.158	-99.9241	-88.6924	-72.2153	130.28	28.7311	-71.5165	643.507	650.365	657.387	5.42785	6	0	71.699	52.3852	-58.169	584.676	52.3852	-58.169	584.676	
13905	16762	78.6289	221.079	77.8862	-99999	-32.269	-0.987918	1	1	1	0	0	-223.264	-220.656	132.63	66.2017	-346.946	-308.554	-228.298	-226.155	-225.769	132.63	97.6993	65.8207	-346.946	-330.461	-308.199	5.1353	16	0	78.6547	-32.233	16.7244	-324.842	-32.233	16.7244	-324.842	
13905	4140	273.156	666.795	271.556	-99999	-9.952	-0.814017	1	1	1	1	1	-337.986	-239.765	133.248	-93.8083	-521.183	-412.687	-338.41	-285.588	-239.702	134.22	20.9845	-94.0622	-521.712	-467.127	-412.375	5.61518	26	0	108.401	-9.93142	-13.221	-452.837	-9.93142	-13.221	-452.837	
13905	15744	143.656	372.836	142.487	-99999	91.298	-0.778832	1	1	1	1	0	-174.503	-89.9729	129.645	16.4463	77.629	96.1373	-146.473	-104.025	-61.2268	130.348	73.1803	16.2404	77.5023	86.9378	96.1692	7.98605	7	0	58.2566	91.3216	20.9305	88.2207	91.3216	20.9305	88.2207	
13905	20068	59.2533	165.74	58.4857	-99999	-24.82	-0.595799	1	0	0	0	0	-299.056	-334.066	133.083	98.3135	132.053	163.431	-298.544	-316.359	-334.037	133.539	115.775	98.3135	131.669	147.311	163.431	6.947	12	0	47.7117	-24.8373	70.2684	177.912	-24.8373	70.2684	177.912	
13905	20776	195.859	474.617	195.058	-99999	108.871	-0.808704	1	1	1	1	1	-212.282	-95.4207	132.284	-23.871	-702.571	-701.023	-178.502	-120.391	-61.1646	132.711	53.8948	-24.085	-702.572	-701.66	-701.018	6.67767	7	0	56.8121	108.897	8.46041	-705.263	108.897	8.46041	-705.263	
13905	21776	305.096	872.431	305.034	-99999	101.636	-0.5081	1	1	1	1	1	-194.167	-342.618	125.38	-33.1112	-610.237	-396.044	-210.107	-284.448	-358.589	125.411	46.4163	-33.1112	-610.28	-503.032	-396.044	5.11628	14	0	52.5118	101.668	-10.5524	-445.745	101.668	-10.5524	-445.745	
13905	24576	90.1535	252.698	89.2598	-99999	105.006	-0.833204	1	1	0	0	0	-235.478	-275.223	130.469	57.9017	-784.232	-751.319	-235.552	-254.176	-275.702	130.582	93.9201	57.2436	-784.285	-765.947	-751.199	4.98523	9	0	94.9712	105.016	34.2169	-750.238	105.016	34.2169	-750.238	
13905	2241	303.244	676.989	302.623	-99999	83.968	-0.542578	1	1	1	1	0	-136.036	-140.66	126.912	-167.266	-798.906	-843.336	-109.742	-112.277	-114.371	126.912	-20.0856	-167.577	-798.906	-820.85	-843.711	5.65887	14	0	57.2388	83.987	-15.2831	-797.34	83.987	-15.2831	-797.34	
13905	4841	323.826	835.464	323.621	-8.10206	-6.945	-0.920541	1	1	1	1	1	-114.693	-217.349	132.764	-168.385	-694.35	-750.4	-114.623	-166.917	-217.349	132.947	-17.5023	-168.385	-694.316	-723.075	-750.4	4.53681	8	0	116.664	-6.91779	-17.0601	-713.209	-6.91779	-17.0601	-713.209	
13905	23470	198.85	498.82	196.796	19.1256	17.081	-0.87205	1	1	1	1	1	-229.671	-124.591	132.551	-33.2983	172.743	176.207	-230.197	-179.871	-124.087	133.506	48.0438	-34.1129	172.714	178.426	176.2	11.6737	7	0	92.2284	17.1158	-9.89364	177.308	17.1158	-9.89364	177.308	
13906	6214	204.531	474.927	204.032	42.7053	42.324	-0.743452	1	1	1	1	1	-261.191	-188.201	132.853	-21.9976	281.253	171.448	-261.338	-226.154	-188.201	133.22	55.7175	-21.9976	281.543	225.081	171.448	4.4972	12	0	73.7539	42.3584	0.217084	203.574	42.3584	0.217084	203.574	
13905	21585	245.257	699.316	244.544	-99999	50.596	-0.834367	1	1	1	1	1	-206.869	-77.2622	130.565	-75.7854	576.7	597.107	-191.025	-126.226	-61.0242	130.565	26.9799	-76.377	576.7	587.065	597.13	4.65277	9	0	100.836	50.6267	-18.7405	587.305	50.6267	-18.7405	587.305	
13905	21505	306.323	765.916	303.489	-99999	-2.179	-0.994604	1	1	1	1	1	-144.385	-160.99	129.244	-170.44	779.176	735.005	-145.057	-154.009	-161.761	129.454	-21.8281	-172.964	779.192	757.603	734.347	6.35477	6	0	56.5813	-7.89323	-3.23329	504.045	-7.89323	-3.23329	504.045	
13905	22609	104.659	330.609	103.132	-99999	37.215	-0.95701	0	0	0	0	0	-220.423	-237.931	133.269	33.0104	-463.225	-449.732	-220.466	-230.324	-238.279	133.269	82.4333	31.8391	-463.225	-455.864	-449.552	4.06298	22	0	114.464	93.3797	-64.2374	-805.045	-49.0503	-85.1561	-733.098	
13905	24391	105.065	233.059	104.762	-99999	-35.486	-0.50623	0	0	0	0	0	-135.726	-150.59	126.095	70.4112	613.358	526.314	-146.795	-156.19	-161.67	126.168	97.654	70.3526	613.475	570.451	526.204	7.43735	16	0	79.7387	-999999	-999999	-999999	-999999	-999999	-999999	
13905	21143	138.169	287.01	137.692	-565.402	-3.151	-0.837043	0	0	0	0	0	-171.106	-246.321	131.545	17.5816	-604.005	-591.022	-170.872	-207.066	-246.321	131.937	73.5434	17.5816	-604.095	-598.464	-591.022	6.2845	7	0	58.4237	-3.13454	41.1108	-433.634	-3.13454	41.1108	-433.634	
13906	15399	353.928	1407.86	353.809	-99999	67.296	-0.66139	1	1	1	1	1	-230.023	-82.1855	129.621	-103.535	369.057	147.88	-208.949	-135.349	-61.0655	129.621	12.8602	-103.607	369.057	258.315	147.808	4.58752	14	0	49.6316	67.3294	-40.0285	201.689	67.3294	-40.0285	201.689	
13905	25228	31.8463	109.568	30.6864	-99999	61.571	-0.961218	0	0	0	0	0	-193.696	-185.461	130.347	100.978	582.034	580.069	-174.415	-171.012	-165.679	130.347	114.886	99.9369	582.034	580.375	580.113	5.74211	6	0	82.4627	61.6031	33.1425	557.149	61.6031	33.1425	557.149	
13905	25568	43.001	293.116	42.2444	-99999	95.83	-0.689074	1	0	0	0	0	-107.457	-91.3956	49.4009	80.901	-890.752	-868.526	-61.1198	-69.1008	-77.4488	81.3268	64.6057	49.4009	-868.082	-878.493	-890.752	12.034	203	0	293.116	95.8474	35.3134	-843.569	95.8474	35.3134	-843.569	
13905	32046	175.765	425.882	172.511	-99999	87.534	-0.599207	1	1	1	1	0	-229.267	-153.438	133.558	7.31093	-89.0883	-177.953	-201.856	-160.642	-125.297	133.558	71.9929	4.88104	-89.0883	-136.145	-179.984	7.61661	14	0	83.4992	87.5571	8.84861	-157.533	87.5571	8.84861	-157.533	
13906	16834	75.816	214.478	75.5593	-99999	97.355	-0.85727	1	1	0	0	0	-127.064	-91.873	130.537	64.4171	342.896	332.987	-96.7089	-78.8289	-61.3868	130.754	97.7118	64.4171	342.933	337.898	332.987	16.1145	8	0	73.0121	97.3762	34.9842	340.251	97.3762	34.9842	340.251	
13905	34014	288.728	690.574	288.66	-99999	26.963	-0.903521	1	1	1	1	1	-93.4519	-168.29	133.293	-132.286	-681.544	-600.228	-84.9943	-124.439	-159.847	133.35	2.65657	-132.286	-681.567	-634.929	-600.228	6.96032	7	0	90.8583	26.9755	-13.2044	-627.363	26.9755	-13.2044	-627.363	
13905	35212	300.258	775.999	298.377	-99999	116.131	-0.988687	1	1	1	1	1	-265.795	-243.819	130.589	-160.393	754.175	811.147	-266.065	-255.53	-243.952	132.384	-14.5512	-160.393	753.953	781.961	811.147	5.36985	10	0	84.2266	116.164	-19.6246	755.09	116.164	-19.6246	755.09	
13905	38412	189.281	440.991	187.882	-44.9919	-46.352	-0.8736	1	1	1	1	1	-168.499	-273.39	133.223	-19.8783	831.381	807.709	-168.499	-223.842	-274.042	133.223	57.1138	-21.089	831.381	822.369	807.514	5.3204	6	0	76.9983	-46.3075	2.04916	782.123	-46.3075	2.04916	782.123	
13905	15832	264.344	699.324	263.777	374.978	-6.81	-0.0688667	0	0	0	0	0	-358.43	-135.809	-7.52715	-39.7335	705.624	570.533	-358.925	-242.014	-135.809	-7.48816	-17.9046	-39.7335	705.896	645.27	570.533	5.47959	11	0	172.682	-999999	-999999	-999999	-999999	-999999	-999999	
13906	21023	126.28	217.692	124.422	-99999	84.133	-0.97905	1	1	0	0	0	-257.529	-243.921	132.33	10.5076	-829.468	-837.207	-257.727	-246.187	-244.017	133.132	71.5761	10.5076	-829.35	-837.153	-837.207	6.64817	8	0	50.6991	84.1446	16.5327	-792.646	84.1446	16.5327	-792.646	
13905	35803	213.104	457.202	213.006	-99999	33.195	-0.738783	1	1	1	0	0	-309.711	-340.489	106.534	-35.7865	-894.71	-744.507	-309.749	-322.789	-340.531	106.534	24.6783	-35.8119	-894.71	-827.976	-744.422	4.2264	17	0	56.8053	33.2123	-3.34255	-174.586	-33.4877	-8.42957	-610.713	
13905	37703	251.491	589.099	250.296	-99999	1.25	-0.83543	1	1	1	1	1	-191.57	-326.58	130.17	-76.7819	772.831	792.801	-191.447	-259.975	-327.137	130.357	25.1013	-77.4848	772.833	769.427	793.154	4.66414	7	0	76.4346	1.28844	-21.6807	768.989	1.28844	-21.6807	768.989	
13905	3562	348.887	845.185	346.809	-27.1671	-27.82	-0.848818	1	1	1	1	1	-252.72	-83.9956	132.03	-142.4	417.059	296.73	-253.25	-181.856	-83.7031	133.334	-10.5479	-142.846	417.67	349.934	296.745	4.50818	7	0	70.5381	-27.7977	-39.349	334.316	-27.7977	-39.349	334.316	
13905	24587	130.839	296.97	130.714	-99999	49.325	-0.512731	1	1	1	1	0	-107.999	-76.5687	133.351	65.5214	-619.41	-512.194	-92.5915	-76.7041	-61.1229	133.415	99.4615	65.5214	-619.509	-565.902	-512.194	4.41558	6	0	48.0543	49.3495	39.0293	-512.797	49.3495	39.0293	-512.797	
13905	8105	169.601	463.246	168.097	-99999	57.916	-0.864825	1	1	1	1	1	-273.827	-235.474	132.8	-14.9036	452.158	520.199	-274.252	-249.413	-235.54	134.098	61.1026	-14.9083	451.512	486.528	520.201	6.76503	12	0	99.3251	57.9299	1.54632	493.086	57.9299	1.54632	493.086	
13905	8548	258.546	569.646	257.874	-99999	4.426	-0.891921	1	1	1	1	1	-358.689	-234.656	97.7659	-121.311	-386.506	-334.617	-358.96	-297.016	-234.645	98.3171	-12.4802	-121.353	-386.584	-362.687	-334.616	6.66688	7	0	74.5791	4.42005	12.7121	-365.514	4.42005	12.7121	-365.514	
13905	6290	239.929	593.309	238.952	40.9152	41.256	-0.895096	1	1	1	1	1	-163.543	-238.781	131.989	-65.9529	-710.94	-605.256	-163.302	-203.15	-238.781	132.856	29.7934	-65.9529	-711.293	-664.876	-605.256	5.71192	15	0	82.4253	41.2689	-11.985	-643.657	41.2689	-11.985	-643.657	
13905	11084	190.167	474.73	187.765	-34.0045	-33.444	-0.973113	1	1	1	1	1	-190.273	-225.317	131.727	-47.4625	-88.3188	-46.1147	-190.153	-207.993	-225.759	132.602	41.1322	-48.8564	-88.4813	-69.8562	-45.7899	5.75025	11	0	84.1337	-41.3933	21.4665	-298.933	-41.3933	21.4665	-298.933	
13905	10175	99.2271	234.187	97.6662	-99999	86.677	-0.874771	1	1	1	1	1	-173.732	-224.146	132.614	49.0537	-285.615	-281.913	-159.666	-185.17	-210.85	133.427	90.9106	48.5123	-285.654	-283.949	-281.881	4.04942	6	0	46.9236	86.7055	-39.595	-274.077	86.7055	-39.595	-274.077	
13905	7453	321.321	759.611	316.519	76.0718	75.549	-0.859019	1	1	1	1	1	-175.787	-298.131	131.344	-114.932	-462.106	-313.536	-175.366	-234.706	-298.468	132.42	-2.84508	-117.317	-462.59	-399.659	-310.947	4.33828	15	0	46.8058	75.5812	-36.6394	-369.16	75.5812	-36.6394	-369.16	
13905	23714	61.0095	185.343	60.9045	-99999	56.349	-0.820631	1	0	0	0	0	-109.584	-141.693	131.468	80.3452	-550.606	-543.43	-91.8862	-107.804	-124.05	131.548	105.902	80.3425	-550.625	-546.356	-543.43	4.35631	7	0	92.6475	56.37	52.4225	-559.565	56.37	52.4225	-559.565	
13905	28986	314.19	759.793	314.187	-99999	116.804	-0.939128	0	0	0	0	0	-167.029	-97.8805	133.48	-163.087	-467.904	-544.724	-130.452	-93.095	-61.304	133.48	-14.5857	-163.087	-467.904	-504.738	-544.724	5.34779	12	0	50.1217	116.835	-38.6087	-667.921	116.835	-38.6087	-667.921	
13905	27496	218.704	519.207	218.703	-99999	110.695	-0.658122	1	1	1	1	1	-91.2731	-228.599	131.619	-11.4871	148.566	56.4689	-73.878	-142.593	-211.204	131.619	59.4839	-11.4871	148.566	103.489	56.4689	8.15275	10	0	49.5446	110.743	-30.7708	29.0165	110.743	-30.7708	29.0165	
13905	28265	322.816	742.772	321.158	92.0906	91.036	-0.885431	1	1	1	1	1	-323.196	-200.477	132.787	-160.252	154.482	152.135	-323.196	-246.503	-200.182	132.787	-9.01359	-161.87	154.482	156.359	152.185	6.68363	11	0	95.4558	91.0574	-5.37154	161.357	91.0574	-5.37154	161.357	
13905	27643	189.877	441.01	189.793	-99999	-25.066	-0.993473	1	1	1	1	1	-262.154	-254.679	131.504	-55.0769	-823.486	-792.417	-262.126	-258.554	-254.65	131.51	38.0087	-55.0855	-823.486	-807.859	-792.414	4.93899	13	0	91.2051	-25.0376	-6.33207	-774.858	-25.0376	-6.33207	-774.858	
13905	31633	294.766	2136.45	287.721	52.571	52.242	-0.793067	1	1	1	1	1	-328.733	-175.292	128.157	-80.4969	-95.8523	-217.257	-332.103	-255.286	-175.292	133.658	21.0049	-80.4969	-93.0442	-148.859	-217.257	4.65779	11	0	76.779	52.278	-8.47882	-162.705	52.278	-8.47882	-162.705	
13905	39421	137.014	332.901	134.438	-99999	109.561	-0.473348	0	0	0	0	0	-295.93	-337.2	133.596	74.7106	-362.519	-250.074	-296.055	-314.866	-337.838	133.596	97.5897	73.5349	-362.519	-307.411	-247.855	7.17036	15	0	79.3057	-999999	-999999	-999999	-999999	-999999	-999999	
13905	39711	111.99	289.777	111.812	-99999	8.821	-0.759274	1	1	1	0	0	-270.122	-229.599	132.776	67.073	541.045	618.973	-270.138	-248.997	-229.562	132.794	94.5914	67.0434	541.03	575.807	619.113	5.76044	14	0	81.9987	8.84892	27.231	595.13	8.84892	27.231	595.13	
13905	14328	20.742	67.9317	19.549	-99999	35.245	-0.796689	1	1	1	1	1	-203.9	-216.529	130.785	116.018	-429.947	-432.035	-197.669	-204.129	-210.99	131.744	123.715	116.018	-429.799	-430.922	-432.035	4.01193	8	0	67.9317	35.2736	-29.4296	-430.821	35.2736	-29.4296	-430.821	
13905	27274	157.117	415.341	156.789	-99999	53.626	-0.746491	1	1	1	1	1	-213.372	-218.736	131.401	4.72157	317.469	226.29	-204.945	-207.997	-210.286	131.401	68.2361	4.42201	317.469	271.005	226.212	6.06483	9	0	90.9021	53.6621	-26.4059	190.203	5.70205	-39.877	292.815	
13906	3070	102.789	204.858	80.5236	-99999	99.029	-0.789912	1	1	1	1	1	-278.192	-296.581	134.534	65.36	-427.86	-393.083	-278.305	-290.341	-299.966	134.534	91.045	44.1501	-427.86	-404.031	-391.617	6.03114	7	0	48.822	99.0484	-28.6772	-331.302	99.0484	-28.6772	-331.302	
13905	34689	291.659	550.818	226.731	-99999	-3.188	-0.881525	1	1	1	1	1	-276.931	-266.903	-121.751	80.7097	-893.658	-792.152	-264.046	-270.517	-277.132	133.622	4.52832	-125.394	-762.81	-829.657	-895.512	5.10178	52	0	550.818	-3.16385	-13.3064	-787.989	-3.16385	-13.3064	-787.989	
13905	1359	86.9102	243.002	86.3878	-99999	111.77	-0.860622	1	1	1	0	0	-253.886	-291.758	132.43	56.7775	-686.634	-671.302	-253.747	-272.141	-291.886	132.876	94.0302	56.7775	-686.668	-681.045	-671.302	4.22801	7	0	77.8017	111.796	30.1456	-665.022	111.796	30.1456	-665.022	
13905	32198	193.829	1115.07	168.994	88.9423	89.726	-0.74933	1	1	1	1	1	-228.677	-132.81	133.13	17.3721	336.688	259.499	-228.677	-173.94	-118.774	133.13	66.5292	0.0220265	336.688	292.471	248.609	15.347	11	0	269.025	89.7586	-25.0423	225.588	89.7586	-25.0423	225.588	
13905	33898	152.307	392.077	151.926	-99999	67.451	-0.959002	1	1	1	1	1	-201.346	-227.777	131.82	-16.4998	-368.262	-363.56	-180.225	-198.596	-206.629	131.82	58.2433	-16.8684	-368.262	-362.469	-363.541	5.07784	8	0	79.7061	75.0488	24.6459	802.667	-16.5512	-15.8689	375.533	
13905	5172	188.074	444.696	188.072	-99999	69.231	-0.70926	1	1	1	1	1	-209.005	-82.9167	132.879	-6.59179	-76.6563	-72.6023	-187.326	-124.049	-61.2375	132.879	63.346	-6.59179	-76.6563	-74.9522	-72.6023	6.01488	8	0	64.4178	69.261	-1.65055	-73.5901	69.261	-1.65055	-73.5901	
13905	38667	214.241	533.656	211.112	-99999	-0.896	-0.683994	1	1	1	1	1	-104.083	-250.855	132.745	-7.70445	-587.888	-530.627	-104.083	-178.095	-253.01	132.745	61.2312	-9.83847	-587.888	-558.244	-529.869	4.8144	8	0	51.6945	-0.866189	-33.9736	-517.942	-0.866189	-33.9736	-517.942	
13905	22189	316.657	770.449	316.653	-99999	-5.784	-0.97614	1	1	1	1	1	-316.551	-249.943	133.821	-167.253	131.182	196.65	-316.545	-288.25	-249.936	133.821	-19.5714	-167.253	131.182	157.991	196.65	5.05464	7	0	84.7038	-5.75396	-17.0078	159.149	-5.75396	-17.0078	159.149	
13905	40466	161.513	369.844	160.741	-99999	-26.212	-0.938993	1	1	1	0	0	-259.261	-313.062	132.876	-13.9458	-469.023	-437.42	-259.225	-278.239	-313.437	132.893	56.3402	-14.571	-469.027	-451.957	-437.325	4.71002	8	0	70.2882	-26.1999	-0.696845	-433.81	-26.1999	-0.696845	-433.81	
13905	11956	258.801	3569.06	257.331	-34.0349	-33.453	-0.722637	1	1	1	1	1	-286.596	-153.251	132.958	-69.7425	644.934	562.667	-286.738	-216.964	-152.612	133.173	35.5973	-70.7216	645.061	597.363	562.523	8.55048	6	0	75.1267	-33.4285	-9.97715	587.551	-33.4285	-9.97715	587.551	
13905	14656	308.63	753.402	307.606	-99999	82.397	-0.876927	1	1	1	1	1	-345.541	-274.942	132.946	-130.956	244.046	382.749	-345.748	-316.367	-274.935	133.52	2.37988	-131.245	243.758	319.238	382.95	5.96502	14	0	118.526	82.4176	-19.4048	328.826	82.4176	-19.4048	328.826	
13905	23428	154.612	828.475	133.326	-99999	14.434	-0.941978	1	1	1	1	1	-162.358	-171.429	132.998	9.70389	-51.4022	-6.16499	-157.838	-163.949	-167.513	132.998	61.7702	-9.66517	-51.4022	-22.1072	-14.5403	25.1361	6	0	457.371	14.4561	-19.4978	10.6518	14.4561	-19.4978	10.6518	
13906	6401	420.463	833.065	409.565	-99999	61.23	-0.685605	1	1	1	1	1	-302.682	-262.196	126.085	-144.921	-681.793	-415.109	-302.752	-271.373	-262.196	126.085	-21.0247	-144.992	-681.793	-535.063	-414.656	5.35509	13	0	84.7561	61.2698	-17.5266	-537.194	61.2698	-17.5266	-537.194	
13905	25880	66.1755	195.088	65.2271	-99999	62.11	-0.991574	1	0	0	0	0	-325.562	-315.61	133.606	69.9447	465.847	474.964	-325.674	-320.661	-315.607	134.092	101.62	69.526	465.804	469.059	474.997	5.4949	8	0	80.1731	57.6375	17.4936	261.615	57.6375	17.4936	261.615	
13905	25717	225.922	576.693	224.212	-99999	43.946	-0.822201	1	1	1	1	1	-68.2002	-216.865	94.3522	-55.309	-709.268	-784.909	-60.7556	-135.359	-210.418	95.1964	19.2979	-55.7806	-709.179	-746.604	-785.144	8.55624	10	0	62.5159	43.9791	-15.6946	-755.004	43.9791	-15.6946	-755.004	
13905	27520	72.1323	176.427	71.9067	-99999	59.705	-0.620163	1	0	0	0	0	-107.573	-79.9717	133.439	89.1217	-194.912	-244.346	-88.8765	-74.8774	-61.1974	133.439	111.233	88.9747	-194.912	-219.64	-244.498	6.79766	16	0	58.8212	59.7332	60.9423	-230.913	59.7332	60.9423	-230.913	
13905	25107	308.881	738.375	307.556	-99999	5.11	-0.864632	1	1	1	1	1	-198.732	-256.286	130.487	-140.55	-382.033	-250.362	-198.732	-231.142	-256.234	130.487	-5.42682	-141.564	-382.033	-317.593	-249.859	6.13611	16	0	81.4005	5.1418	-31.4045	-302.496	5.1418	-31.4045	-302.496	
13905	30638	281.156	543.708	280.55	-99999	-23.595	-0.895723	0	0	0	0	0	-317.756	-327.581	132.947	-126.151	100.78	203.701	-317.729	-324.288	-327.492	132.947	5.08297	-126.702	100.78	158.381	203.858	4.07222	12	0	59.3487	16.1191	-84.2166	-273.733	16.1191	-84.2166	-273.733	
13905	33318	180.701	382.269	180.507	-99999	32.442	-0.981594	1	1	1	1	1	-325.673	-329.183	133.19	-41.4497	-748.743	-714.885	-325.704	-321.886	-329.22	133.301	44.3569	-41.4497	-748.764	-735.199	-714.885	4.87076	10	0	63.904	32.4582	5.48948	-587.43	32.4582	5.48948	-587.43	
13905	33019	94.1024	360.637	64.9362	-99999	6.068	-0.780479	1	1	1	1	1	-67.8914	-88.8323	9.84327	47.4556	218.855	263.543	-97.3247	-81.0468	-65.9137	63.6731	35.5522	9.59357	279.913	251.116	218.384	10.7463	261	0	360.637	6.09995	-0.63043	236.13	6.09995	-0.63043	236.13	
13905	33819	315.879	807.814	314.939	-99999	106.412	-0.921181	1	1	1	1	1	-350.645	-246.952	132.881	-157.511	-58.8661	-38.3965	-350.818	-291.673	-246.975	133.004	-12.6579	-158.271	-58.8512	-73.075	-38.1698	4.93731	17	0	104.744	106.441	-15.177	-61.0288	106.441	-15.177	-61.0288	
13906	7165	360.461	781.65	360.453	-99999	82.653	-0.766408	1	1	1	1	1	-334.779	-270.858	132.415	-156.234	-610.168	-405.236	-334.874	-297.026	-270.952	132.415	-11.3382	-156.234	-610.168	-508.415	-405.236	5.21359	15	0	56.3842	82.6813	-13.8598	-504.711	82.6813	-13.8598	-504.711	
13906	8265	98.9097	186.241	96.9303	-99999	-26.56	-0.88152	0	0	0	0	0	-294.497	-342.508	132.987	80.1795	-711.159	-684.39	-294.441	-303.224	-342.401	133.053	87.6907	79.5348	-711.182	-694.171	-684.39	4.31747	10	0	22.1042	19.0651	-23.9113	539.829	56.9351	61.2323	-424.303	
13905	35749	196.404	482.937	194.295	-99999	62.645	-0.95892	1	1	1	1	1	-282.126	-333.09	131.556	-55.1836	-556.813	-550.675	-282.004	-310.548	-333.24	132.235	38.5863	-56.5689	-556.765	-553.577	-550.836	4.28256	10	0	85.6379	57.1371	-12.4106	208.563	57.1371	-12.4106	208.563	
13905	38949	347.573	852.001	347.45	252.392	60.611	-0.861495	0	0	0	0	0	-110.765	-283.654	133.195	-167.038	-460.785	-445.84	-110.747	-202.23	-283.696	133.226	-14.3004	-167.106	-460.784	-456.092	-445.831	4.21588	8	0	82.4919	60.6317	41.0695	-822.617	25.8317	-8.14381	-112.232	
13906	6955	97.1323	306.521	97.065	62.8077	64.731	-0.810817	1	1	1	0	0	-204.168	-247.593	132.185	53.0927	65.0902	99.473	-204.168	-226.088	-247.612	132.185	92.9448	53.0532	65.0902	83.3544	99.5048	7.03328	15	0	97.0183	72.5475	-34.9339	76.1717	56.4275	9.54583	28.5148	
13905	16682	65.1569	390.012	65.1568	-99999	-21.798	-0.175382	1	1	1	1	1	-354.815	-294.956	116.283	104.313	-554.355	-531.584	-354.79	-324.777	-294.931	116.283	110.469	104.313	-554.355	-543.097	-531.584	105.989	11	0	298.909	-21.8236	33.4944	-499.074	-21.8236	33.4944	-499.074	
13905	20215	267.88	761.583	267.015	-99999	93.081	-0.949718	1	1	1	1	1	-176.417	-237.612	132.893	-116.826	372.23	441.647	-147.21	-180.487	-208.509	133.292	7.64637	-117.127	372.124	404.407	441.737	31.6028	6	0	147.879	93.1145	-26.9671	412.893	93.1145	-26.9671	412.893	
13905	30100	331.064	784.738	331.061	-99999	94.428	-0.889962	1	1	1	1	1	-218.537	-90.8003	133.005	-166.698	-8.00138	-66.7031	-188.967	-125.937	-61.2308	133.005	-17.0875	-166.698	-8.00138	-37.9678	-66.7031	5.438	9	0	43.1402	94.4649	-42.0504	-45.0653	94.4649	-42.0504	-45.0653	
13905	30895	128.238	334.838	127.124	-99999	100.454	-0.884198	1	1	1	1	0	-258.887	-216.324	132.828	19.7532	-748.43	-710.329	-259.144	-234.156	-216.248	133.258	77.9676	19.2058	-748.591	-727.971	-710.075	7.29655	10	0	83.2194	100.478	15.8909	-721.177	100.478	15.8909	-721.177	
13905	19367	357.342	852.764	356.43	-99999	22.78	-0.837065	1	1	1	1	1	-211.969	-100.52	130.498	-164.189	355.662	193.021	-205.188	-138.861	-93.3865	131.249	-16.2703	-164.189	356.011	280.346	193.021	4.90523	16	0	71.5693	22.8058	-41.8229	260.307	22.8058	-41.8229	260.307	
13905	30852	189.697	479.372	189.545	-99999	116.934	-0.882631	0	0	0	0	0	-298.486	-216.8	133.153	-24.4056	331.629	396.346	-298.667	-259.536	-216.934	133.284	52.0658	-24.4056	331.58	360.784	396.346	6.91753	10	0	80.9908	25.6047	-32.086	-697.279	25.6047	-32.086	-697.279	
13905	34952	201.231	519.03	196.146	-99999	91.808	-0.940129	1	1	1	1	1	-171.373	-225.315	129.233	-59.0804	-321.34	-312.611	-155.545	-183.794	-210.888	134.052	37.7332	-59.0804	-322.087	-315.95	-312.611	4.26625	7	0	42.9446	91.8439	-18.8508	-319.821	91.8439	-18.8508	-319.821	
13905	18585	176.933	415.454	176.089	-99999	100.933	-0.965447	1	1	1	1	1	-229.153	-298.298	131.893	-27.6957	-201.841	-187.689	-229.105	-254.431	-298.498	132.521	48.3686	-27.8567	-201.902	-193.738	-187.657	6.29602	9	0	80.1099	100.961	-6.88494	-188.273	100.961	-6.88494	-188.273	
13905	19185	25.3507	114.831	23.9365	-99999	-4.889	-0.972802	0	0	0	0	0	-224.546	-227.609	133.002	109.79	77.3386	81.8217	-224.541	-225.935	-228.115	133.002	120.599	108.492	77.3386	79.3254	81.8422	6.52944	11	0	100.937	35.2856	56.5107	13.858	35.2856	56.5107	13.858	
13905	34044	301.932	684.307	301.009	-99999	62.617	-0.973397	1	1	1	1	1	-294.715	-234.233	132.081	-155.928	-704.604	-650.077	-294.786	-259.232	-234.474	132.081	-13.0514	-156.781	-704.604	-684.54	-649.911	5.85561	10	0	58.2281	62.6354	-18.7622	-668.965	62.6354	-18.7622	-668.965	
13905	36183	271.22	635.2	269.909	-99999	83.084	-0.979587	1	1	1	1	1	-106.613	-169.997	132.481	-128.12	-414.002	-390.292	-80.3959	-111.92	-144.036	133.588	2.8415	-128.284	-414.105	-397.321	-390.295	6.35894	7	0	82.3365	83.1105	-6.06057	-399.223	83.1105	-6.06057	-399.223	
13905	39378	192.908	461.218	190.52	-99999	79.416	-0.921925	1	1	1	1	1	-151.509	-108.492	131.419	-49.9087	192.953	228.432	-127.215	-101.496	-83.4543	132.96	42.6779	-50.594	192.627	214.624	228.409	4.21955	9	0	78.6942	79.4512	0.138216	213.813	79.4512	0.138216	213.813	
13905	35639	169.614	409.45	169.112	-99999	98.367	-0.900926	1	1	1	1	1	-345.495	-275.482	134.362	-16.1573	552.187	574.966	-345.607	-307.317	-275.638	134.362	59.0785	-16.6312	552.187	559.523	575.105	5.90488	15	0	79.7516	98.3799	15.5394	575.612	98.3799	15.5394	575.612	
13905	40312	272.796	553.627	272.58	-664.114	16.738	-0.994104	0	0	0	0	0	-179.322	-219.056	130.436	-134.36	51.0195	15.2914	-179.311	-189.642	-219.056	130.613	-3.56094	-134.363	51.038	31.9066	15.2916	4.34561	9	0	76.2495	16.7614	32.738	197.294	16.7614	32.738	197.294	
13906	13884	329.131	729.09	326.876	-99999	-34.216	-0.72046	1	1	1	1	1	-332.066	-222.008	130.354	-105.662	348.862	543.836	-332.729	-288.43	-221.969	131.973	8.2808	-105.662	347.462	446.487	543.836	5.6096	13	0	89.122	-34.1915	-5.11455	452.367	-34.1915	-5.11455	452.367	
13905	21746	235.278	621.656	234.965	24.9652	25.265	-0.945748	1	1	1	1	1	-205.291	-309.804	132.016	-71.5053	114.791	156.936	-205.291	-248.693	-309.971	132.016	24.6914	-71.7579	114.791	135.126	156.906	4.24909	6	0	71.6154	25.2798	-14.4475	150.542	25.2798	-14.4475	150.542	
13905	26106	21.8744	130.055	20.8785	-19.0766	-23.205	-0.176856	1	1	1	1	1	-355.863	-342.337	36.8433	25.0737	29.3706	37.4425	-359.979	-351.527	-345.929	37.0489	32.4825	25.0506	28.9784	32.8289	37.463	6.70444	11	0	105.442	-23.2062	-9.71509	54.3391	-23.2062	-9.71509	54.3391	
13905	27736	197.589	487.683	196.073	-99999	29.055	-0.759183	1	1	1	1	1	-70.7098	-200.89	102.489	-42.396	452.698	471.588	-61.154	-126.255	-192.204	103.059	29.7449	-43.0366	452.56	463.838	471.664	5.30063	6	0	81.9316	29.0833	13.0779	452.966	29.0833	13.0779	452.966	
13906	6556	46.2905	189.34	43.2227	34.0089	33.52	-0.928756	0	0	0	0	0	-206.556	-218.596	130.781	91.3783	545.541	532.691	-206.319	-212.717	-219.003	131.968	110.603	89.779	545.938	539.841	531.994	8.63835	6	0	130.578	33.5626	22.7388	543.457	33.5626	22.7388	543.457	
13906	22449	329.544	602.396	322.107	-99999	8.052	-0.957179	0	0	0	0	0	-112.127	-81.1118	134.554	-167.215	849.081	758.571	-109.606	-107.799	-78.2872	134.554	-13.239	-167.76	849.081	805.611	758.438	4.90136	10	0	65.927	-21.2133	-9.80359	776.585	-21.2133	-9.80359	776.585	
13905	20518	129.811	351.895	128.323	319.862	89.897	-0.886026	0	0	0	0	0	-232.736	-189.173	132.013	17.1152	-161.297	-196.401	-232.939	-208.241	-188.918	132.503	74.4066	16.2787	-161.143	-176.052	-196.727	6.12184	13	0	88.5172	-999999	-999999	-999999	-999999	-999999	-999999	
13905	21518	309.797	740.681	309.582	105.106	104.679	-0.795769	1	1	1	1	1	-331.103	-125.282	133.355	-92.8023	835.981	873.743	-331.103	-229.206	-125.192	133.355	18.5657	-92.9876	835.981	855.753	873.747	4.27355	7	0	72.7408	104.706	-13.3135	804.951	104.706	-13.3135	804.951	
13905	22418	60.7932	177.721	60.4227	-99999	-5.44	-0.815124	1	1	0	0	0	-302.904	-270.348	133.315	85.1258	45.9506	60.887	-302.898	-284.962	-270.274	133.315	109.836	84.7844	45.9506	52.7433	60.9209	5.46575	11	0	82.1375	-5.41233	40.6191	48.0311	-5.41233	40.6191	48.0311	
13906	11633	93.0414	395.172	91.6357	-99999	7.438	-0.797071	1	1	1	1	1	-199.355	-244.665	129.629	55.8788	368.606	398.117	-198.904	-220.677	-244.919	130.344	92.4116	55.4772	368.301	383.732	398.225	7.43822	10	0	158.194	7.46566	-36.8134	467.652	7.46566	-36.8134	467.652	
13906	11318	42.7503	141.358	42.3887	-99999	12.96	-0.863791	0	0	0	0	0	-178.61	-195.344	130.026	91.5346	375.354	370.932	-176.451	-186.03	-193.34	130.263	111.392	91.4541	375.351	372.893	370.937	6.87794	7	0	81.264	12.9944	31.8613	367.026	12.9944	31.8613	367.026	
13906	12118	54.299	157.714	54.229	-99999	73.614	-0.442495	1	1	1	1	1	-179.247	-221.96	132.279	105.705	504.598	484.887	-167.679	-189.564	-210.437	132.279	119.414	105.674	504.598	494.996	484.846	4.76841	7	0	64.8746	73.6025	8.85213	449.23	73.6025	8.85213	449.23	
13906	12317	321.214	809.504	320.811	96.2173	97.297	-0.548021	1	1	1	1	1	-155.024	-330.162	132.871	-37.0734	-224.878	-17.209	-154.829	-242.229	-330.162	133.09	48.005	-37.0734	-225.147	-120.774	-17.209	5.83214	12	0	76.7586	97.3426	-7.26038	-79.5025	97.3426	-7.26038	-79.5025	
13905	26066	352.769	738.425	351.646	-490.96	-7.178	-0.662041	0	0	0	0	0	-220.727	-167.634	132.639	-89.7574	498.186	764.15	-220.727	-196.37	-167.42	132.639	15.5007	-90.4385	498.186	627.554	765.004	4.21968	7	0	67.7561	-6.9634	73.8573	-169.703	-6.9634	73.8573	-169.703	
13906	10661	315.833	784.98	313.891	-16.1982	23.809	-0.838151	1	1	1	1	1	-62.6293	-229.202	110.264	-148.157	806.288	860.068	-62.2879	-144.919	-229.306	110.829	-21.0578	-148.8	806.144	832.816	860.342	16.1816	18	0	110.62	23.8256	10.8283	798.241	23.8256	10.8283	798.241	
13906	11537	297.626	975.309	297.133	-391.633	12.862	-0.663081	0	0	0	0	0	-69.6517	-283.946	124.764	-63.6435	279.54	351.484	-69.3397	-171.472	-283.946	125.074	27.0572	-63.6435	279.388	324.851	351.484	6.08717	11	0	74.2623	74.3145	-51.2469	-349.314	74.3145	-51.2469	-349.314	
13906	14248	23.0905	59.7259	22.3664	-99999	106.373	-0.96329	1	0	0	0	0	-100.232	-94.6881	129.61	107.948	872.053	872.315	-67.1177	-64.1581	-61.378	130.306	119.151	107.948	872.042	872.336	872.315	6.21472	11	0	52.2615	106.4	30.8864	846.411	106.4	30.8864	846.411	
13906	16147	104.858	306.505	102.796	-99999	46.171	-0.940077	1	1	1	0	0	-108.136	-75.6121	129.484	32.4493	424.523	433.992	-93.9782	-77.1681	-60.8549	130.337	80.9379	31.3343	424.447	429.53	434.007	4.59902	11	0	62.6372	46.1886	18.9847	430.933	46.1886	18.9847	430.933	
13906	17166	212.149	526.617	210.244	90.8242	90.974	-0.947253	1	1	1	1	1	-184.09	-245.046	133.521	-65.4172	786.371	810.694	-184.09	-214.855	-245.202	133.521	32.7449	-67.2753	786.371	797.893	810.338	4.25088	6	0	86.8788	91.0187	-8.31136	768.024	91.0187	-8.31136	768.024	
13906	11210	163.692	411.045	163.088	-99999	-39.339	-0.859712	0	0	0	0	0	-321.526	-256.221	132.887	-3.45403	-387.668	-329.39	-321.544	-285.775	-256.062	133.044	63.5664	-3.84925	-387.735	-363.631	-329.322	6.35599	10	0	76.1082	-999999	-999999	-999999	-999999	-999999	-999999	
13906	21093	268.081	811.676	264.895	-99999	106.658	-0.927283	1	1	1	1	1	-110.743	-227.556	131.597	-101.582	-577.888	-624.037	-92.9524	-151.78	-210.796	134.531	16.5055	-101.582	-577.247	-600.993	-624.037	42.3309	7	0	110.437	106.689	-11.1909	-603.688	106.689	-11.1909	-603.688	
13905	23611	314.828	771.739	314.372	-45.6818	-45.288	-0.854119	1	1	1	1	1	-136.384	-315.436	134.024	-108.976	-687.266	-762.067	-136.384	-217.054	-315.755	134.024	3.96115	-109.277	-687.266	-723.763	-762.109	9.68139	6	0	78.2959	-45.2619	-22.1053	-720.938	-45.2619	-22.1053	-720.938	
13906	3092	338.517	806.247	338.319	30.9477	31.958	-0.868611	1	1	1	1	1	-216.983	-99.4208	132.37	-147.82	458.613	316.926	-217.057	-152.553	-99.4208	132.536	-10.8435	-147.82	458.672	397.356	316.926	5.32317	16	0	86.4166	31.9959	-39.7733	376.686	31.9959	-39.7733	376.686	
13906	4269	137.105	340.792	136.166	-99999	115.026	-0.896862	1	1	1	0	0	-272.108	-316.598	133.073	10.5308	375.567	412.703	-272.24	-297.066	-316.805	133.073	71.2433	9.67039	375.567	391.441	413.065	5.00372	13	0	80.9167	115.043	14.7171	399.885	115.043	14.7171	399.885	
13906	8284	85.8804	226.837	84.7176	-99999	-11.411	-0.982036	1	1	0	0	0	-296.876	-306.992	133.397	49.7407	231.572	229.297	-296.861	-303.508	-307.208	133.404	91.0428	49.1329	231.572	230.092	229.219	4.40362	9	0	77.8087	-11.3979	45.3605	226.373	-11.3979	45.3605	226.373	
13906	8050	316.146	855.454	295.636	-99999	39.699	-0.998743	1	1	0	0	0	-318.678	-322.679	132.724	-161.373	-870.757	-882.833	-318.668	-321.203	-322.836	133.984	-23.6015	-180.183	-870.706	-876.652	-879.156	5.44307	7	0	65.7374	39.7193	-27.4714	-203.401	39.7193	-27.4714	-203.401	
13906	1779	234.975	528.306	230.164	-99999	-26.557	-0.987746	1	1	1	1	1	-287.694	-284.373	129.49	-87.8314	-180.311	-133.6	-288.041	-276.393	-284.445	133.386	17.8904	-88.3382	-180.809	-163.622	-133.367	5.58372	13	0	78.5198	-26.5261	-18.2564	-155.36	-26.5261	-18.2564	-155.36	
13906	3880	199.579	503.547	199.169	93.0058	92.741	-0.924883	1	1	1	1	1	-250.312	-145.837	133.022	-34.4423	419.714	418.279	-250.312	-206.467	-145.623	133.022	43.8964	-34.7843	419.714	413.485	418.301	11.9853	6	0	91.9455	92.7517	-10.5354	412.244	92.7517	-10.5354	412.244	
13905	23352	145.031	355.117	144.495	-99999	77.833	-0.724357	1	1	1	1	1	-162.176	-223.126	131.096	12.0015	-351.877	-402.772	-149.808	-183.376	-210.99	131.3	75.8996	11.7722	-351.734	-384.155	-402.787	5.14094	7	0	65.2577	77.8652	10.2382	-379.727	77.8652	10.2382	-379.727	
13905	31059	156.924	392.647	156.451	-99999	101.262	-0.720306	1	1	1	1	1	-211.565	-226.714	130.122	2.71061	125.974	36.7696	-195.619	-202.647	-210.801	130.459	67.5968	2.71061	126.302	79.9973	36.7696	9.46252	11	0	47.4502	101.295	-24.9818	10.627	101.295	-24.9818	10.627	
13906	288	207.496	497.793	206.208	-99999	-1.854	-0.799622	1	1	1	1	1	-301.469	-170.669	133.066	-25.3317	139.166	141.885	-301.849	-238.747	-170.309	133.577	51.5064	-25.861	139.223	136.181	141.861	6.0858	7	0	91.6718	-1.83639	2.47597	137.979	-1.83639	2.47597	137.979	
13906	1288	180.713	424.916	176.318	-99999	41.5	-0.967058	1	1	1	1	1	-80.682	-104.389	127.212	-45.5323	657.024	680.622	-67.0802	-80.536	-91.4124	130.918	42.6831	-46.0978	656.303	670.088	680.646	6.59118	6	0	64.1154	41.5235	-11.2712	664.166	41.5235	-11.2712	664.166	
13906	4588	365.074	3053.03	349.469	-15.2796	-15.987	-0.832816	1	1	1	1	1	-70.7362	-264.476	133.513	-151.841	797.928	846.056	-70.7362	-173.334	-272.501	133.513	-15.1158	-164.965	797.928	824.386	848.191	6.27644	11	0	1460.6	-15.9516	-34.1775	782.203	-15.9516	-34.1775	782.203	
13906	1232	156.923	359.499	156.814	-99999	106.129	-0.119141	1	1	1	1	1	-352.695	-269.275	-52.9773	-64.5246	225.011	356.204	-352.88	-307.856	-269.397	-52.9642	-59.1	-64.5246	224.928	288.752	356.204	5.28121	10	0	77.3351	106.134	-49.5309	284.136	106.134	-49.5309	284.136	
13906	3532	327.041	725.704	319.398	113.783	109.418	-0.722364	1	1	1	1	1	-334.588	-101.675	129.125	-82.6447	-38.1002	-88.3504	-339.653	-223.977	-101.675	134.551	22.9246	-82.6447	-36.3117	-64.6238	-88.3504	5.20291	7	0	67.3771	109.436	-26.0943	-73.5745	109.436	-26.0943	-73.5745	
13905	23447	93.2096	215.7	90.5341	-99999	-4.012	-0.531756	1	1	1	1	1	-61.7211	-138.782	84.4859	37.0698	-595.786	-597.716	-62.675	-102.522	-141.848	84.6807	60.5637	35.6367	-595.754	-597.081	-597.857	5.45222	6	0	50.1699	-3.97988	0.658508	-594.909	-3.97988	0.658508	-594.909	
13906	8238	287.635	2069.54	285.057	63.5972	62.122	-0.787717	1	1	1	1	1	-314.939	-178.453	133.579	-78.5544	298.345	167.594	-314.939	-249.854	-176.922	133.579	25.2587	-80.2513	298.345	229.877	166.412	7.97556	11	0	89.1911	62.1428	-9.24431	223.558	62.1428	-9.24431	223.558	
13905	6744	103.925	267.796	100.858	77.3241	76.387	-0.878504	1	1	1	1	0	-226.795	-174.152	131.863	50.8257	606.403	632.852	-226.918	-203.761	-172.448	132.114	87.6732	48.6973	606.343	619.773	633.379	6.01519	8	0	65.5282	76.4241	18.1961	616.422	76.4241	18.1961	616.422	
13905	8744	103.095	270.205	101.691	-99999	71.48	-0.927769	1	1	1	0	0	-237.632	-283.913	130.908	43.5769	57.4163	78.8517	-237.59	-258.134	-284.552	131.217	84.7596	42.7301	57.3835	65.6613	79.1907	6.20898	10	0	74.3084	71.5018	24.0161	69.8812	71.5018	24.0161	69.8812	
13906	5889	332.776	2749.47	330.345	99.1929	100.058	-0.850299	1	1	1	1	1	-70.4019	-254.61	133.333	-138.837	-81.5021	-77.1501	-70.085	-158.188	-255.198	133.855	-6.80774	-140.535	-81.543	-72.7759	-77.3826	4.4683	6	0	82.3699	100.087	-13.8477	-75.2408	100.087	-13.8477	-75.2408	
13906	5442	26.1748	68.7861	24.5995	-99999	-35.228	-0.694876	0	0	0	0	0	-100.226	-84.8525	130.64	113.218	792.146	784.117	-111.644	-103.661	-95.2031	131.047	121.605	112.597	792.351	788.071	783.789	5.21328	11	0	58.1408	74.8338	-33.736	716.824	74.8338	-33.736	716.824	
13906	8842	256.538	621.848	254.69	-99999	86.204	-0.970623	1	1	1	1	1	-211.359	-249.16	127.994	-118.237	-445.448	-492.468	-211.263	-232.763	-249.261	129.17	6.51278	-118.856	-445.249	-475.123	-492.544	4.21876	6	0	81.2885	86.2283	-27.9949	-472.633	86.2283	-27.9949	-472.633	
13906	6663	260.985	575.441	260.78	-99999	-5.621	-0.702643	1	1	1	1	1	-62.089	-235.056	93.6703	-97.296	765.852	795.816	-61.9931	-153.895	-235.082	93.7651	1.81681	-97.3427	765.842	776.292	795.817	4.97674	10	0	80.3541	-5.58361	34.2045	765.165	-5.58361	34.2045	765.165	
13906	9916	285.401	645.991	285.355	-99999	-19.632	-0.796714	1	1	1	1	1	-345.033	-216.392	133.236	-77.7036	605.257	744.837	-345.027	-287.481	-216.369	133.272	20.4982	-77.7036	605.237	670.845	744.837	5.07232	13	0	83.5796	-19.6	7.52255	667.966	-19.6	7.52255	667.966	
13906	10516	298.972	622.36	298.935	-99999	1.105	-0.96406	1	1	1	1	1	-223.839	-271.666	132.757	-151.983	-577.988	-507.489	-223.84	-257.531	-271.668	132.757	-8.75352	-151.983	-577.988	-544.395	-507.489	6.16751	11	0	62.7122	5.00935	-111.91	-615.204	5.00935	-111.91	-615.204	
13906	11198	154.531	1998.31	154.527	-99999	-11.259	-0.785252	1	1	1	1	1	-259.098	-318.998	132.695	11.4551	-296.092	-221.543	-259.085	-289.169	-318.985	132.695	72.5804	11.4551	-296.092	-258.004	-221.543	233.187	10	0	1446.24	-11.233	-25.7094	-196.669	-11.233	-25.7094	-196.669	
13906	10394	273.856	629.777	272.375	15.0629	15.484	-0.977076	1	1	1	1	1	-185.243	-221.93	130.945	-135.639	124.917	121.176	-185.243	-214.973	-221.772	130.945	-2.49751	-136.953	124.917	121.363	121.637	4.64206	12	0	64.61	15.509	-22.2971	120.671	15.509	-22.2971	120.671	
13906	12997	453.857	1172.37	453.581	82.87	83.458	-0.704561	1	1	1	1	1	-242.409	-88.6551	132.733	-143.44	-417.449	-739.741	-242.486	-171.573	-88.6551	132.924	-17.1254	-143.44	-417.272	-571.262	-739.741	6.60624	13	0	81.3302	85.9171	52.283	-822.048	85.9171	52.283	-822.048	
13906	852	113.246	263.021	107.131	-99999	64.99	-0.630945	0	0	0	0	0	-291.887	-316.308	133.128	69.1796	515.54	593.7	-291.962	-298.673	-320.705	133.128	99.0711	65.0815	515.54	559.891	592.887	4.23201	8	0	68.3873	-999999	-999999	-999999	-999999	-999999	-999999	
13905	22216	315.585	754.4	314.942	-99999	94.478	-0.94762	1	1	1	1	0	-348.144	-264.788	132.89	-169.577	-878.675	-877.806	-348.252	-300.803	-264.905	132.89	-17.4734	-170.2	-878.675	-874.782	-877.675	4.49897	17	0	89.3168	94.503	-14.1761	-819.84	94.503	-14.1761	-819.84	
13906	4148	57.6881	164.763	55.9781	-1023.63	-20.642	-0.821945	0	0	0	0	0	-206.147	-229.333	131.937	92.7873	-884.629	-852.853	-206.072	-215.01	-229.333	133.311	111.26	92.7873	-885.608	-869.637	-852.853	4.64275	14	0	83.9565	-14.2789	-26.0415	-422.489	-14.2789	-26.0415	-422.489	
13906	19175	139.546	350.467	138.067	-40.93	-42.871	-0.7823	1	1	1	1	0	-258.029	-188.967	133.79	20.9822	229.316	193.786	-258.147	-217.992	-188.613	133.971	79.9417	19.8275	229.393	211.421	193.483	5.34676	12	0	75.7401	-40.5636	6.00712	-496.6	-40.5636	6.00712	-496.6	
13906	2349	91.588	364.297	91.522	-99999	1.14	-0.68526	1	1	1	1	1	-240.795	-174.642	133.145	76.0115	-564.42	-537.707	-240.837	-208.432	-174.642	133.189	104.296	76.0115	-564.442	-549.946	-537.707	5.12546	15	0	95.9085	1.16258	1.00917	-512.145	1.16258	1.00917	-512.145	
13906	5469	218.972	538.24	218.938	-13.7164	-14.318	-0.978142	1	1	1	1	1	-271.472	-202.999	132.957	-69.8848	641.096	617.475	-271.472	-251.833	-202.984	132.957	26.3201	-69.8981	641.096	626.186	617.478	4.46275	10	0	71.2489	-14.2859	-7.99375	626.652	-14.2859	-7.99375	626.652	
13906	16300	149.851	974.991	148.752	52.7891	52.674	-0.806476	1	1	1	1	0	-236.765	-195.447	132.187	12.5773	475.28	397.497	-236.815	-215.434	-195.299	132.332	71.1503	11.8568	475.369	437.879	396.944	4.18469	18	0	87.7912	52.7007	3.23778	412.373	52.7007	3.23778	412.373	
13906	18968	306.14	806.207	305.967	-99999	82.758	-0.931251	1	1	1	1	1	-102.673	-224.038	133.102	-147.67	-329.823	-325.01	-89.6084	-150.203	-211.033	133.257	-7.24728	-147.67	-329.828	-325.962	-325.01	7.00052	9	0	117.425	82.7794	-20.0039	-329.428	82.7794	-20.0039	-329.428	
13905	2173	479.873	1148.84	475.464	10.1285	13.194	-0.658185	1	1	1	1	1	-98.9056	-342.417	130.668	-162.238	-441.469	-163.697	-97.0953	-209.853	-342.417	133.411	-22.7127	-162.238	-444.043	-303.137	-163.697	4.67834	10	0	81.9525	13.2326	-31.7637	-287.329	13.2326	-31.7637	-287.329	
13906	18722	201.515	923.546	199.434	106.228	102.95	-0.779125	1	1	1	1	1	-243.108	-137.384	133.451	-8.32007	60.7384	-25.3574	-243.359	-182.615	-137.271	133.885	66.4955	-9.65715	60.9559	17.5544	-26.0851	4.0429	16	0	75.837	102.985	-0.131701	-6.24498	102.985	-0.131701	-6.24498	
13906	15985	33.2223	110.328	32.2135	-99999	103.598	-0.887765	0	0	0	0	0	-139.191	-128.999	133.118	104.059	-490.008	-499.237	-106.84	-101.433	-96.1136	133.349	118.424	103.482	-489.93	-494.814	-499.392	4.74352	11	0	75.8313	103.62	45.5363	-496.341	103.62	45.5363	-496.341	
13905	683	142.119	368.433	142.099	-99999	92.581	-0.842714	1	1	1	1	1	-169.857	-238.264	133.016	13.3914	-682.894	-648.326	-140.866	-175.484	-209.281	133.016	73.5894	13.3752	-682.894	-665.06	-648.321	4.66293	6	0	60.1477	92.6031	-27.2657	-628.873	92.6031	-27.2657	-628.873	
13906	20951	130.902	364.583	129.025	-99999	58.883	-0.943277	1	1	1	1	1	-269.917	-303.479	133.85	9.45459	61.0992	63.8024	-269.984	-288.957	-304.017	133.85	71.2458	7.64447	61.0992	60.8204	63.7225	9.1941	7	0	88.6966	58.2615	-9.62747	-54.6008	68.8715	18.5133	39.8023	
13906	22651	47.7264	130.057	47.3349	-99999	51.07	-0.951968	1	1	0	0	0	-87.2118	-77.6654	134.02	87.975	-109.828	-106.021	-71.2358	-65.6782	-61.7092	134.067	110.957	87.6779	-109.833	-107.842	-105.998	6.13717	9	0	69.4115	51.2875	36.8975	-109.1	51.2875	36.8975	-109.1	
13906	22071	252.744	883.506	251.446	27.9268	28.073	-0.73115	1	1	1	1	1	-247.747	-88.654	132.509	-42.7558	536.658	452.15	-248.296	-168.003	-88.4629	133.227	45.3677	-42.9893	537.02	494.759	452.05	4.41867	12	0	116.654	28.1083	-39.2971	453.251	28.1083	-39.2971	453.251	
13906	2122	381.283	982.904	377.402	-99999	13.49	-0.67831	1	1	1	1	1	-186.089	-178.055	129.262	-111.632	448.422	729.64	-181.947	-181.644	-173.831	130.878	2.35455	-111.632	446.674	585.458	729.64	8.44823	11	0	119.29	13.5348	-24.7288	603.181	13.5348	-24.7288	603.181	
13906	2890	27.9883	363.106	25.0985	-99999	66.007	-0.478089	1	1	1	1	1	-146.519	-160.318	132.945	120.728	-304.969	-287.934	-125.239	-132.846	-140.623	133.511	126.733	119.895	-305.811	-296.22	-286.809	12.421	6	0	326.161	66.0551	2.08278	-196.994	66.0551	2.08278	-196.994	
13906	4890	220.029	558.613	214.302	56.8523	57.742	-0.95005	1	1	1	1	1	-252.412	-185.808	127.731	-74.724	668.949	652.522	-254.084	-219.415	-185.776	133.015	28.946	-74.8793	669.434	661.885	652.499	6.10842	8	0	94.3011	57.7747	-19.7946	654.917	57.7747	-19.7946	654.917	
13906	1521	143.559	351.406	142.866	-99999	-6.416	-0.949768	1	1	1	0	0	-275.402	-308.56	133.421	-2.94789	731.77	754.97	-275.395	-289.217	-308.712	133.421	64.5487	-3.59689	731.77	746.289	755.128	4.04423	10	0	71.2632	-6.39032	8.22758	740.345	-6.39032	8.22758	740.345	
13905	35276	242.233	830.267	239.273	54.0908	52.743	-0.822957	1	1	1	1	1	-161.582	-280.44	132.901	-55.2868	432.177	517.553	-161.43	-224.922	-281.957	133.184	40.7991	-57.4083	432.058	477.703	517.63	4.10148	10	0	66.8897	52.773	-21.7654	494.78	52.773	-21.7654	494.78	
13906	7618	265.212	656.219	264.297	-99999	96.156	-0.943315	1	1	1	1	1	-213.439	-225.85	132.13	-115.696	-110.404	-201.206	-198.328	-205.434	-210.741	132.63	8.20354	-116.042	-110.229	-155.447	-201.346	6.21448	13	0	49.2084	96.1981	-25.7082	-171.882	96.1981	-25.7082	-171.882	
13906	9292	169.409	422.5	167.849	-99999	81.659	-0.809527	1	1	1	1	1	-187.728	-87.0163	132.23	-1.95165	-538.244	-533.481	-162.313	-111.578	-60.7035	132.449	64.6766	-3.00376	-538.261	-535.629	-533.405	6.1101	7	0	55.5536	81.6847	6.80279	-531.203	81.6847	6.80279	-531.203	
13906	7954	254.564	587.033	253.146	42.6613	39.947	-0.864863	1	1	1	1	1	-331.058	-195.242	133.074	-78.2495	-389.791	-416.365	-331.456	-264.044	-194.88	133.817	26.6582	-78.6368	-389.642	-401.264	-416.529	4.51106	9	0	76.0949	39.9671	4.5003	-397.073	39.9671	4.5003	-397.073	
13906	12347	277.03	711.479	275.079	-99999	114.448	-0.892717	1	1	1	1	1	-213.326	-235.619	132.26	-125.912	164.708	84.5617	-213.435	-222.706	-236.226	132.604	5.28725	-127.358	164.878	111.417	84.5505	7.05046	8	0	77.7504	114.467	-18.744	108.709	114.467	-18.744	108.709	
13906	12428	378.695	936.056	377.927	70.8676	70.296	-0.729923	1	1	1	1	1	-128.663	-293.356	132.723	-94.3613	-496.718	-251.876	-128.376	-215.048	-293.367	133.259	4.68256	-94.3649	-497.12	-388.587	-251.849	5.65919	14	0	80.8024	70.3393	-24.4861	-355.564	70.3393	-24.4861	-355.564	
13906	11992	255.759	588.968	253.868	-32.8545	-29.874	-0.851466	1	1	1	1	1	-104.973	-228.054	130.85	-87.9106	214.734	184.901	-104.973	-164.383	-228.606	130.85	19.7557	-89.7064	214.734	193.192	185.086	6.91669	9	0	82.4452	-29.8492	0.340076	194.14	-29.8492	0.340076	194.14	
13906	13077	114.266	348.223	114.251	-99999	105.88	-0.689445	1	1	0	0	0	-176.663	-94.5549	128.683	49.5362	863.618	856.758	-143.518	-102.503	-61.3992	128.693	89.074	49.5362	863.619	860.128	856.758	4.39858	7	0	76.3229	105.903	32.284	839.566	105.903	32.284	839.566	
13906	15995	55.1879	204.444	46.5173	-99999	65.746	-0.609744	1	1	1	1	0	-257.175	-294.378	131.169	103.303	-440.95	-439.301	-257.25	-279.196	-301.234	131.169	114.474	97.9	-440.95	-439.96	-439.288	5.93203	7	0	136.386	65.759	48.1678	-425.664	65.759	48.1678	-425.664	
13906	19024	129.898	332.191	128.775	-99999	41.955	-0.557546	1	1	1	1	1	-156.307	-217.896	132.577	62.8688	-53.1703	35.85	-149.199	-180.46	-211.303	133.202	97.7094	62.8688	-53.9427	-9.4329	35.85	4.13006	7	0	54.635	41.9952	-24.2116	146.866	41.9952	-24.2116	146.866	
13906	15914	123.733	349.39	122.569	-99999	90.091	-0.71593	1	1	1	1	1	-255.195	-327.502	131.274	43.1002	619.816	664.756	-255.02	-291.528	-328.016	131.601	87.1355	42.5826	619.655	642.399	665.001	5.78119	10	0	63.3756	90.1147	18.4096	670.076	90.1147	18.4096	670.076	
13906	17844	414.573	1041.16	414.556	-99999	51.418	-0.735984	1	1	1	1	1	-268.362	-325.82	133.09	-164.225	-533.284	-255.447	-268.421	-289.249	-325.879	133.09	-24.3156	-164.225	-533.284	-400.836	-255.447	6.16117	16	0	103.903	51.4476	-37.0444	-375.775	51.4476	-37.0444	-375.775	
13906	1467	144.081	743.397	140.968	-99999	114.977	-0.518784	1	1	1	1	1	-168.987	-98.12	129.695	57.8694	588.215	686.557	-133.353	-97.6364	-60.9568	130.095	92.6	56.6274	587.686	637.711	688.182	28.6136	6	0	203.829	115.018	34.1219	659.325	115.018	34.1219	659.325	
13906	17649	340.175	824.107	339.792	-99999	93.63	-0.84456	1	1	1	1	1	-138.675	-225.146	132.381	-144.069	-436.42	-607.702	-123.852	-169.866	-210.432	132.694	-10.9466	-144.069	-436.254	-514.441	-607.702	8.99693	18	0	83.6215	93.6609	-15.8526	-513.62	93.6609	-15.8526	-513.62	
13906	21496	83.7433	270.894	81.2335	-99999	-16.206	-0.9597	1	1	1	0	0	-265.586	-276.864	132.849	55.0105	-512.992	-494.877	-265.568	-271.811	-277.103	132.849	92.9043	52.8896	-512.992	-502.304	-495.729	8.77615	10	0	108.569	-16.1915	27.8175	-497.696	-16.1915	27.8175	-497.696	
13905	39908	153.976	388.209	153.314	70.4573	68.84	-0.926875	1	1	1	1	1	-227.303	-170.511	132.793	-1.87599	142.506	98.819	-227.303	-201.687	-170.15	132.793	62.7407	-2.38036	142.506	123.689	98.6188	5.19741	9	0	67.9793	73.4	26.8726	-521.989	-32.72	-37.4931	492.551	
13906	22557	96.9854	290.099	95.6164	-99999	103.569	-0.790393	1	0	0	0	0	-330.001	-274.183	133.282	58.7385	-838.383	-818.148	-330.909	-302.844	-274.301	134.362	96.1023	58.7385	-838.646	-828.69	-818.148	9.86024	10	0	117.774	103.589	46.8708	-797.552	103.589	46.8708	-797.552	
13906	21020	68.5471	216.586	67.891	-99999	101.436	-0.746685	1	1	0	0	0	-130.953	-93.1881	133.099	80.3855	111.228	91.6721	-99.4651	-79.9528	-61.3228	133.425	107.002	80.2616	111.357	102.089	91.6183	5.51961	10	0	47.7527	101.467	32.256	83.6764	101.467	32.256	83.6764	
13906	20710	187.031	459.998	186.645	-99999	17.535	-0.948487	1	1	1	1	1	-276.805	-260.23	133.415	-28.6918	-163.308	-75.8921	-276.853	-270.044	-260.186	133.654	50.4764	-28.785	-163.38	-121.798	-75.8371	4.88174	11	0	74.5455	17.5512	-28.1722	-157.348	17.5512	-28.1722	-157.348	
13906	40	29.0256	110.478	27.457	-99999	0.694	-0.919048	0	0	0	0	0	-71.574	-80.1711	130.076	104.194	879.949	878.996	-71.2698	-76.9447	-80.183	130.275	116.926	102.87	879.955	880.144	879.046	5.20442	10	0	89.6709	9.09829	66.0685	-375.332	23.9383	2.1556	817.535	
13906	4226	156.429	445.212	155.863	-99999	100.144	-0.972595	1	1	1	1	1	-180.899	-226.057	132.994	-16.1118	203.423	207.373	-165.162	-187.394	-210.489	132.994	58.0255	-16.649	203.423	204.709	207.391	8.23181	7	0	99.1324	100.16	-27.1252	211.133	100.16	-27.1252	211.133	
13906	1219	162.492	525.768	161.357	-99999	4.277	-0.817685	1	1	1	1	1	-336.946	-260.355	133.354	0.223633	-423.002	-377.817	-337.513	-294.224	-260.36	134.283	68.7305	0.223633	-423.326	-402.656	-377.817	40.6368	14	0	223.194	4.29056	24.4155	-389.656	4.29056	24.4155	-389.656	
13906	4886	304.752	726.751	304.015	67.3512	69.652	-0.783504	1	1	1	1	1	-94.1189	-263.522	133.791	-106.063	-355.296	-280.651	-93.8044	-181.223	-263.582	134.262	13.9798	-106.154	-355.483	-322.546	-280.579	5.39092	13	0	87.7248	76.1335	-8.21833	213.117	13.5435	40.4433	150.64	
13905	35175	227.321	691.986	227.321	-99999	15.731	-0.661636	0	0	0	0	0	-235.483	-323.844	132.636	-18.775	-469.996	-325.394	-235.501	-279.338	-323.862	132.636	57.9537	-18.775	-469.996	-396.387	-325.394	4.24055	15	0	60.7744	31.6526	67.6566	180.059	31.6526	67.6566	180.059	
13905	35475	322.775	785.245	322.617	-99999	-26.481	-0.95479	1	1	1	1	1	-137.851	-200.625	132.847	-163.962	-453.55	-560.328	-146.128	-171.15	-208.929	132.946	-16.4749	-164.012	-453.525	-508.384	-560.332	6.69072	8	0	80.533	-26.4502	-22.2965	-508.911	-26.4502	-22.2965	-508.911	
13906	2442	336.267	823.604	336.237	-16.5091	-16.693	-0.890101	1	1	1	1	1	-168.096	-316.767	129.378	-171.499	-883.351	-865.845	-168.096	-242.672	-316.767	129.378	-21.001	-171.499	-883.351	-873.84	-865.845	5.74173	8	0	54.1749	-16.6768	-40.1892	-807.745	-16.6768	-40.1892	-807.745	
13905	8751	59.4946	142.129	59.0954	-99999	93.952	-0.845084	1	1	1	1	1	-98.8686	-90.9266	130.114	80.9484	652.355	620.642	-69.4978	-65.0506	-61.51	130.318	105.489	80.8266	652.475	636.722	620.545	4.94953	12	0	55.9352	93.9782	22.1586	400.565	93.9782	22.1586	400.565	
13905	9351	192.147	1766.55	189.903	-99999	20.602	-0.742323	1	1	1	1	1	-68.4516	-118.734	83.0697	-43.6552	-215.62	-83.6693	-61.5559	-87.3016	-112.324	84.5974	19.5024	-43.7709	-216.885	-151.12	-83.5098	7.98312	7	0	858.576	20.6363	-4.30427	-127.531	20.6363	-4.30427	-127.531	
13905	9351	309.518	1.55162e+06	305.714	-99999	36.338	-0.173885	1	1	1	1	1	-147.705	-144.55	132.614	-130.277	-585.066	-434.489	-136.326	-136.335	-133.171	132.614	-2.54592	-130.277	-585.066	-511.686	-434.489	720210	18	0	1.54997e+06	36.3763	-28.6793	-496.133	36.3763	-28.6793	-496.133	
13905	4988	290.04	771.511	275.453	-99999	14.223	-0.64821	1	1	1	1	1	-212.184	-73.0298	129.118	-43.5421	-459.638	-296.278	-207.73	-134.571	-60.9741	129.118	38.6982	-51.8677	-459.638	-373.039	-287.034	7.43001	8	0	118.504	14.264	-30.9421	-327.377	14.264	-30.9421	-327.377	
13906	4728	272.961	651.043	271.563	42.3887	42.297	-0.576659	1	1	1	1	1	-257.975	-200.188	126.635	-2.79191	-882.934	-656.13	-258.06	-228.248	-199.872	126.831	47.8822	-2.79208	-883.205	-776.175	-655.131	5.31024	14	0	80.7003	42.332	5.75054	-722.201	42.332	5.75054	-722.201	
13906	9294	424.049	965.024	420.982	-99999	-4.942	-0.637432	1	1	1	1	1	-80.9668	-268.41	116.135	-142.569	-888.17	-614.929	-80.523	-169.817	-269.377	116.79	-16.3228	-143.536	-888.835	-750.089	-613.641	4.00108	12	0	56.8658	-4.92564	-9.71884	-735.735	-4.92564	-9.71884	-735.735	
13906	8720	303.499	715.123	302.521	-99999	29.175	-0.928741	1	1	1	1	1	-337.876	-260.875	133.599	-131.448	62.3671	182.484	-338.283	-293.596	-260.908	134.488	1.18857	-131.448	62.2606	117.72	182.484	8.19765	6	0	72.2228	29.1992	-8.50868	127.242	29.1992	-8.50868	127.242	
13906	10999	273.078	601.641	257.263	-99999	65.688	-0.986755	1	1	1	1	0	-82.0773	-120.434	125.513	-127.134	308.313	318.881	-61.3629	-77.9045	-101.539	126.408	-9.00545	-140.028	308.307	307.101	313.418	4.16059	7	0	80.3236	65.711	-30.4774	309.599	65.711	-30.4774	309.599	
13906	11024	501.393	1220.22	501.049	66.5484	75.609	-0.371843	0	0	0	0	0	-86.1583	-308.598	133.154	-91.5021	169.575	-214.532	-86.1583	-187.514	-308.731	133.154	36.8468	-91.6371	169.575	-37.8734	-214.81	6.1356	8	0	78.4353	67.763	-10.1079	-57.8824	67.763	-10.1079	-57.8824	
13906	10725	150.521	382.396	149.191	33.9213	33.418	-0.765695	1	1	1	1	1	-230.835	-158.311	132.491	10.7754	-187.16	-232.98	-230.835	-193.335	-157.735	132.491	72.6194	9.62936	-187.16	-212.983	-233.316	5.90549	9	0	63.1841	33.4612	7.38716	-222.844	33.4612	7.38716	-222.844	
13906	14143	292.847	714.06	292.193	91.3838	91.093	-0.440103	1	1	1	1	1	-314.282	-188.874	133.203	-20.5342	868.308	655.788	-314.494	-253.596	-188.874	133.485	59.5946	-20.5342	868.842	758.267	655.788	5.36557	12	0	86.2264	91.1342	14.1012	729.426	91.1342	14.1012	729.426	
13906	14069	75.8896	206.319	75.8805	-99999	92.175	-0.831512	1	0	0	0	0	-229.964	-195.999	132.009	73.2152	-185.497	-218.346	-201.1	-184.521	-167.132	132.009	100.954	73.2097	-185.497	-199.496	-218.351	6.07987	14	0	78.4151	97.2115	-48.1729	46.5985	97.2115	-48.1729	46.5985	
13906	13827	169.908	416.976	169.905	-99999	87.249	-0.693179	0	0	0	0	0	-239.144	-338.263	133.197	7.04459	512.756	562.452	-239.243	-296.144	-338.362	133.197	72.4302	7.04459	512.756	529.479	562.452	8.41304	17	0	82.9062	23.514	26.4921	-371.142	-1.26595	12.9013	306.456	
13906	2997	179.563	551.025	179.447	-99999	-7.979	-0.30841	1	1	1	1	1	-66.4975	-228.612	107.317	51.8962	-175.501	-122.466	-66.396	-147.426	-228.612	107.353	79.1603	51.8962	-175.534	-149.087	-122.466	4.59806	11	0	68.7728	-7.98971	25.885	-129.604	-7.98971	25.885	-129.604	
13906	16667	234.499	610.887	232.508	82.0159	81.675	-0.929266	1	1	1	1	1	-159.202	-225.415	133.199	-81.7807	405.777	355.962	-159.202	-195.828	-225.825	133.199	26.9334	-83.707	405.777	372.538	356.083	6.86378	10	0	86.4102	81.709	-10.4783	369.745	81.709	-10.4783	369.745	
13906	15276	347.269	857.84	345.208	60.4556	62.245	-0.885459	1	1	1	1	1	-167.061	-264.581	132.629	-163.453	250.526	394.683	-166.949	-221.426	-264.998	132.999	-16.502	-164.693	250.372	317.411	394.755	7.24786	8	0	85.8821	62.2607	-37.0585	334.088	62.2607	-37.0585	334.088	
13906	15576	280.993	659.708	229.809	-99999	54.881	-0.885189	1	1	1	1	1	-236.964	-240.758	-110.854	92.6074	-891.997	-785.296	-239.688	-240.295	-236.775	132.999	8.38958	-115.856	-764.449	-829.208	-894.603	4.35018	26	0	659.708	50.0184	-18.2525	103.724	50.0184	-18.2525	103.724	
13906	16611	28.0742	119.952	26.7067	-99999	37.926	-0.667623	1	1	1	1	1	-254.283	-274.161	131.687	115.244	-648.471	-641.694	-254.06	-264.351	-274.939	131.95	123.009	114.655	-648.536	-645.235	-641.504	8.04066	9	0	91.6602	37.9606	40.6591	-611.586	37.9606	40.6591	-611.586	
13906	2954	169.243	437.456	169.152	-99999	61.095	-0.955262	1	1	1	1	1	-228.521	-263.585	133.291	-21.3056	41.9732	98.2366	-228.573	-242.117	-263.655	133.375	53.1494	-21.3056	41.9527	65.0934	98.2366	7.26748	12	0	78.8338	61.1146	4.94719	73.5934	61.1146	4.94719	73.5934	
13906	21605	448.892	1406.39	447.909	-99999	65.655	-0.440356	1	1	1	1	1	-182.205	-81.7549	133.261	-84.1887	-766.867	-388.523	-162.001	-111.704	-61.147	133.593	24.6903	-84.2502	-767.471	-577.868	-388.339	24.408	10	0	201.771	65.6675	-42.077	-336.509	65.6675	-42.077	-336.509	
13906	2364	80.5842	203.005	78.5894	-99999	51.504	-0.632999	1	1	1	0	0	-89.0951	-77.0257	133.701	84.1105	-856.463	-796.961	-73.0654	-66.8708	-60.6253	133.983	108.29	83.7335	-856.794	-826.443	-795.77	4.1666	8	0	62.3238	51.517	44.2263	-760.305	51.517	44.2263	-760.305	
13906	4703	163.076	398.883	163.054	107.367	104.614	-0.628332	1	1	1	1	1	-161.728	-283.456	133.029	27.4039	433.954	448.62	-161.716	-224.916	-283.456	133.039	82.688	27.4039	433.95	444.164	448.62	7.09686	6	0	75.7383	103.107	-16.6157	195.527	103.107	-16.6157	195.527	
13906	2325	155.246	479.09	153.933	-99999	64.125	-0.965839	1	1	1	1	0	-308.7	-324.923	131.766	-17.1667	355.637	386.41	-308.65	-312.683	-324.996	133.019	58.0848	-17.1667	355.312	374.561	386.41	5.48709	9	0	161.858	64.1349	10.6494	383.211	64.1349	10.6494	383.211	
13906	3265	169.971	414.951	168.751	58.6758	56.682	-0.903026	1	1	1	1	1	-235.578	-175.081	132.279	-22.1955	-456.268	-455.357	-236.001	-198.071	-175.023	133.228	57.9557	-22.3375	-456.132	-464.348	-455.386	4.65995	9	0	82.9249	51.839	-13.9987	-36.8641	51.839	-13.9987	-36.8641	
13906	3178	195.413	454.498	194.121	-99999	41.284	-0.914033	1	1	1	1	1	-145.95	-74.2694	129.828	-49.5237	417.737	437.152	-133.256	-97.2959	-61.0878	130.368	40.0567	-50.1709	417.666	427.508	437.212	4.56489	7	0	56.8451	41.3004	-22.8518	426.519	41.3004	-22.8518	426.519	
13905	5731	83.5985	383.977	80.6587	-99999	54.803	-0.877998	1	1	1	1	1	-113.47	-103.093	132.767	63.0686	374.711	341.471	-96.3548	-89.892	-85.9898	133.054	98.4345	62.596	374.861	359.017	340.367	5.63105	22	0	98.6098	54.8211	-30.888	293.818	54.8211	-30.888	293.818	
13906	5272	310.862	777.657	310.333	-17.6289	-16.995	-0.894796	1	1	1	1	1	-221.134	-79.1406	131.095	-136.949	712.184	650.41	-221.134	-150.902	-78.9143	131.095	-4.56098	-137.405	712.184	685.299	650.283	7.68419	9	0	130.486	-16.9767	-40.9695	22.3721	-16.9767	-40.9695	22.3721	
13906	6872	228.887	920.133	228.219	-99999	31.864	-0.846213	1	1	1	1	1	-220.249	-317.997	131.835	-56.7138	523.899	605.092	-219.996	-269.663	-318.034	132.395	36.493	-56.7138	523.701	561.538	605.092	5.57191	13	0	262.58	31.8868	-70.1296	610.684	31.8868	-70.1296	610.684	
13906	709	395.922	985.406	375.677	117.412	116.917	-0.837733	0	0	0	0	0	-248.971	-170.408	132.574	-163.396	410.53	627.97	-249.006	-206.338	-166.245	132.734	-23.129	-178.794	410.435	524.625	640.11	4.02393	7	0	63.4757	-999999	-999999	-999999	-999999	-999999	-999999	
13906	9545	253.683	591.511	243.312	-99999	-28.164	-0.91902	1	1	1	1	1	-354.093	-306.063	125.171	-99.5493	-196.344	-128.89	-354.061	-314.843	-306.557	125.171	8.11883	-103.157	-196.344	-167.553	-119.667	5.93735	12	0	79.9558	-28.1628	-2.83685	-389.305	-28.1628	-2.83685	-389.305	
13906	13146	341.277	846.067	340.851	-99999	-8.351	-0.824602	1	1	1	1	1	-201.882	-134.27	130.772	-163.11	267.928	110.589	-204.497	-173.772	-136.765	130.772	-14.7052	-163.461	267.928	184.411	110.39	5.48886	14	0	80.917	-8.32325	-32.4117	171.561	-8.32325	-32.4117	171.561	
13906	12056	195.246	444.848	194.771	-99999	94.4	-0.990279	1	1	1	1	1	-284.573	-273.586	133.227	-59.123	-438.316	-415.293	-284.705	-275.511	-273.694	133.656	37.923	-59.123	-438.362	-423.113	-415.293	4.08623	9	0	57.2573	94.419	-5.45246	-413.633	94.419	-5.45246	-413.633	
13906	13873	168.279	410.008	168.197	-99999	46.112	-0.9138	0	0	0	0	0	-270.477	-303.108	133.273	-23.4555	-217.086	-170.153	-270.53	-282.36	-303.191	133.273	55.3741	-23.5256	-217.086	-188.176	-170.131	4.83981	11	0	77.5275	-39.6464	-3.2802	-179.693	-39.6464	-3.2802	-179.693	
13906	16551	288.297	821.448	286.907	-99999	88.267	-0.960485	0	0	0	0	0	-172.061	-229.196	132.632	-147.483	-637.088	-649.769	-144.116	-171.984	-201.556	133.953	-7.28189	-147.483	-637.348	-636.485	-649.769	5.89804	8	0	95.895	55.261	-23.702	-739.463	55.261	-23.702	-739.463	
13906	16851	191.055	483.627	191.05	32.004	31.752	-0.859212	1	1	1	1	1	-231.865	-171.908	133.57	-36.6575	697.357	638.585	-231.865	-200	-171.908	133.57	50.884	-36.6575	697.357	661.818	638.585	6.79618	8	0	71.4683	31.7742	-8.7151	645.539	31.7742	-8.7151	645.539	
13906	17803	93.9903	233.597	93.84	-99999	76.239	-0.638583	1	1	1	0	0	-164.274	-91.2574	133.3	74.5361	-502.747	-499.523	-140.514	-104.068	-67.3837	133.396	103.75	74.5361	-502.744	-501.698	-499.523	5.43932	9	0	71.7928	76.2629	31.2539	-373.005	76.2629	31.2539	-373.005	
13906	17889	547.122	1663.48	546.229	-99999	-1.552	-0.389622	1	1	1	1	1	-75.165	-297.729	133.8	-77.694	-585.64	-140.003	-75.0703	-211.937	-297.73	133.882	32.0673	-77.7469	-585.809	-372.276	-139.364	4.58059	13	0	397.517	-1.49143	-11.4246	-329.488	-1.49143	-11.4246	-329.488	
13905	9326	116.428	1142.6	116.245	-99999	-2.888	-0.561623	1	1	1	1	1	-127.98	-218.687	130.368	67.0699	519.553	555.069	-127.841	-173.07	-218.687	130.47	98.0815	67.0699	519.501	536.646	555.069	5.19124	9	0	317.356	-2.84249	-13.1964	597.554	-2.84249	-13.1964	597.554	
13906	20831	313.608	772.54	313.582	-99999	5.145	-0.843242	1	1	1	1	1	-230.723	-342.48	132.97	-131.301	506.528	631.122	-230.721	-282.322	-342.485	132.989	-2.19497	-131.301	506.519	566.416	631.122	5.0061	12	0	74.9213	5.17563	-55.2579	593.732	5.17563	-55.2579	593.732	
13905	10730	73.2719	170.294	72.8081	-99999	-22.429	-0.95038	1	1	0	0	0	-344.492	-338.422	133.38	63.9268	7.19883	23.257	-344.436	-344.716	-338.396	133.799	98.9881	63.9268	7.06594	18.4568	23.257	4.37285	8	0	71.2113	-22.4059	69.4295	21.4677	-22.4059	69.4295	21.4677	
13906	10902	261.841	816.107	261.833	-99999	98.376	-0.546057	1	1	1	1	1	-151.357	-240.542	133.161	0.809481	-566.337	-773.552	-120.552	-164.039	-209.736	133.161	65.8499	0.809481	-566.337	-669.834	-773.552	19.132	16	0	195.352	98.3504	2.3261	-699.555	98.3504	2.3261	-699.555	
13906	11202	465.966	1137.22	465.481	113.236	114.185	-0.404249	1	1	1	1	1	-104.905	-274.258	134.334	-27.7823	-415.978	-15.526	-104.905	-184.363	-274.578	134.334	53.0905	-27.8129	-415.978	-212.659	-15.1694	6.0073	12	0	85.9361	114.225	3.18008	-178.126	114.225	3.18008	-178.126	
13906	13002	43.79	100.889	42.5074	-99999	7.227	-0.81056	1	1	0	0	0	-63.5218	-76.4917	86.9541	121.163	284.058	305.7	-74.493	-67.8071	-61.1309	121.867	104.215	86.6244	306.137	295.045	283.847	9.47537	121	0	100.889	7.25381	31.1648	262.355	7.25381	31.1648	262.355	
13906	11303	478.991	924.179	477.783	-99999	17.866	-0.603244	1	1	1	1	1	-334.757	-307.244	131.718	-150.756	-638.041	-277.47	-334.777	-317.515	-307.262	131.718	-9.01771	-151.197	-638.041	-445.351	-276.987	5.29381	16	0	66.4948	17.8975	-8.56579	-453.934	17.8975	-8.56579	-453.934	
13906	12388	75.5565	225.543	74.3616	-99999	74.673	-0.961617	1	1	0	0	0	-308.301	-291.61	132.954	62.2691	-586.607	-576.841	-308.553	-299.264	-291.632	133.729	97.2396	62.0661	-586.738	-584.475	-576.601	6.06912	15	0	82.9119	74.6818	48.5131	-585.518	74.6818	48.5131	-585.518	
13906	19680	240.033	504.538	239.211	-99999	95.27	-0.675662	1	1	1	1	1	-291.09	-310.188	133.111	-43.263	430.132	587.749	-291.05	-299.492	-310.297	133.653	44.4659	-43.263	429.552	508.804	587.749	4.61841	13	0	93.9942	95.3022	-6.81163	542.596	95.3022	-6.81163	542.596	
13905	11861	347.643	942.402	346.234	3.9329	1.65	-0.917864	1	1	1	1	1	-119.519	-256.802	132.762	-168.522	471.414	563.32	-119.43	-176.315	-257.352	133.072	-20.7674	-169.414	471.319	528.076	563.311	9.12058	7	0	159.796	1.68377	-19.6102	517.983	1.68377	-19.6102	517.983	
13906	17084	165.034	375.544	162.105	-99999	27.427	-0.930781	1	1	1	1	1	-69.9541	-143.382	116.862	-26.7258	-29.7788	-22.4086	-61.3655	-93.7196	-136.061	116.862	41.1652	-29.3611	-29.7788	-26.6929	-22.3431	5.01381	6	0	67.1904	27.4358	30.0829	-28.5768	27.4358	30.0829	-28.5768	
13906	18925	125.616	274.716	125.057	-99999	-25.97	-0.827974	1	1	1	1	1	-247.562	-307.166	132.459	30.6192	151.604	192.92	-247.513	-277.432	-307.408	132.494	81.4366	30.2227	151.59	172.594	193.106	5.1497	11	0	41.3891	-25.9498	-16.0659	216.528	-25.9498	-16.0659	216.528	
13906	15201	303.058	747.665	303.021	-99999	-11.374	-0.995112	1	1	1	1	1	-226.422	-257.87	132.108	-165.026	582.136	565.492	-226.409	-236.254	-257.857	132.108	-17.518	-165.026	582.136	562.761	565.492	10.6037	8	0	92.3035	-11.3897	-33.2164	566.865	-11.3897	-33.2164	566.865	
13906	15609	80.7027	244.194	80.702	-99999	113.826	-0.831751	1	1	0	0	0	-126.403	-96.9643	130.371	62.9068	828.396	795.4	-90.7591	-75.6354	-61.3203	130.371	96.8747	62.9068	828.396	811.74	795.4	4.75275	11	0	93.9516	113.848	57.2583	792.042	113.848	57.2583	792.042	
13906	15363	463.367	1110.4	456.357	48.8906	49.1	-0.467039	1	1	1	1	1	-133.205	-223.393	132.126	-145.304	366.352	20.6269	-133.205	-192.658	-223.393	132.126	-6.09478	-145.32	366.352	190.379	20.5721	6.33628	10	0	77.1124	49.1344	-16.1069	187.566	49.1344	-16.1069	187.566	
13906	18963	224.747	733.75	224.746	-99999	107.34	-0.626554	1	1	1	1	1	-145.324	-227.154	132.91	-12.3073	657.143	506.446	-128.456	-170.051	-210.286	132.91	60.5557	-12.3073	657.143	581.91	506.446	9.50666	16	0	54.7077	107.387	-27.0561	485.479	107.387	-27.0561	485.479	
13906	19973	246.806	584.968	246.661	-99999	-22.364	-0.833748	1	1	1	1	1	-354.781	-249.996	104.333	-106.343	761.618	832.251	-354.755	-297.469	-249.919	104.333	2.94349	-106.474	761.618	802.257	832.271	5.47194	10	0	74.8603	-22.3414	20.1931	775.65	-22.3414	20.1931	775.65	
13906	21209	58.13	172.063	56.8041	-99999	-36.953	-0.969025	1	0	0	0	0	-126.071	-137.606	132.159	77.5508	-290.229	-281.08	-137.549	-141.937	-149.221	132.975	104.928	77.1004	-290.42	-284.288	-281.147	5.34733	10	0	75.2461	-36.9299	32.6064	-275.131	-36.9299	32.6064	-275.131	
13906	6848	86.6919	220.121	77.4708	-99999	-36.016	-0.893912	1	0	0	0	0	-143.005	-148.381	107.51	50.0519	-886.662	-835.402	-154.294	-156.46	-159.514	114.077	79.7898	49.0014	-890.394	-864.516	-834.419	5.4894	6	0	81.2078	-35.9907	25.1292	-801.965	-35.9907	25.1292	-801.965	
13906	21816	311.489	692.524	309.197	74.3228	70.949	-0.906847	1	1	1	1	1	-339.656	-191.024	133.133	-132.684	-175.001	-127.391	-340.18	-270.933	-190.613	134.383	-2.31927	-133.492	-175.246	-148.26	-127.356	5.93524	6	0	81.7289	70.9762	-3.64827	-153.234	70.9762	-3.64827	-153.234	
13906	11013	334.826	728.823	333.764	99.2612	101.441	-0.458492	1	1	1	1	1	-61.7324	-255.548	100.705	-52.2142	-829.433	-606.386	-61.1636	-151.156	-255.548	101.191	25.0598	-52.2142	-830.177	-711.346	-606.386	6.71774	9	0	72.943	93.0021	-0.603277	-493.329	93.0021	-0.603277	-493.329	
13905	13047	334.245	794.01	334.133	30.1799	29.867	-0.896118	1	1	1	1	1	-126.729	-297.718	133.141	-151.809	506.009	524.055	-126.729	-207.06	-297.768	133.141	-12.9345	-151.9	506.009	516.705	524.077	7.34412	10	0	93.4351	29.9012	-34.421	518.625	29.9012	-34.421	518.625	
13906	13163	290.091	666.727	280.701	-99999	-32.46	-0.94269	1	1	1	1	1	-106.897	-203.099	132.485	-130.765	-512.168	-527.043	-111.997	-162.41	-210.459	132.485	-3.30243	-139.592	-512.168	-519.723	-529.223	6.90122	7	0	55.1813	-32.4259	-31.5136	-520.457	-32.4259	-31.5136	-520.457	
13906	13863	234.357	584.382	234.076	-99999	87.087	-0.924857	1	1	1	1	1	-224.238	-282.248	131.935	-80.602	440.427	518.128	-224.259	-251.22	-282.348	132.189	24.8102	-80.602	440.352	478.407	518.128	4.77762	14	0	82.2471	84.9249	-50.2371	656.884	84.9249	-50.2371	656.884	
13906	17307	336.555	2244.83	336.542	-99999	17.17	-0.830341	1	1	1	1	1	-187.932	-104.347	132.377	-170.471	43.3436	-70.0129	-182.556	-133.221	-98.9702	132.377	-18.5804	-170.471	43.3436	-11.3399	-70.0129	4.97239	13	0	1526.63	17.1955	-38.8116	-20.8526	17.1955	-38.8116	-20.8526	
13906	15653	70.6075	250.745	70.5565	-20.7318	-18.042	-0.567328	1	1	0	0	0	-178.377	-226.017	132.625	96.3215	-634.244	-598.748	-178.377	-203.44	-226.017	132.625	112.378	96.3215	-634.244	-619.879	-598.748	5.1239	11	0	70.0342	-17.5424	-14.6859	155.234	83.3776	23.1142	-737.285	
13905	13305	366.891	964.748	366.781	-99999	89.582	-0.742461	1	1	1	1	1	-297.447	-312.151	131.448	-155.91	633.61	850.662	-297.55	-305.358	-312.253	131.448	-21.3292	-155.91	633.61	734.141	850.662	5.73778	14	0	52.6526	89.6194	-29.5462	728.306	89.6194	-29.5462	728.306	
13906	15581	130.896	248.924	88.6768	-99999	13.807	-0.985431	1	1	1	0	0	-237.981	-250.894	131.257	45.4229	302.136	310.967	-237.992	-249.527	-250.361	131.286	66.9312	14.4775	302.134	304.724	331.709	7.7424	21	0	96.6954	13.8275	8.77738	307.188	13.8275	8.77738	307.188	
13906	18632	133.491	328.661	133.29	-99999	84.966	-0.769162	1	1	0	0	0	-281.802	-344.768	131.7	28.0601	803.261	858.558	-281.804	-313.298	-344.865	131.854	79.9117	28.0601	803.175	830.825	858.558	6.53765	12	0	58.2168	84.9824	27.2771	837.779	84.9824	27.2771	837.779	
13905	10615	157.23	372.933	156.994	-99999	18.152	-0.271598	1	1	1	1	0	-228.676	-300.452	132.299	92.7561	-497.908	-366.67	-228.574	-272.65	-300.473	132.361	115.328	92.7561	-498.083	-435.361	-366.67	4.87276	13	0	66.9072	18.1886	44.9822	-400.165	18.1886	44.9822	-400.165	
13906	21015	171.309	516.001	171.304	-99999	97.223	-0.973384	1	1	1	1	1	-116.053	-91.6191	134.249	-33.8204	-70.3255	-48.1111	-85.6082	-73.254	-61.1743	134.249	50.2641	-33.8204	-70.3255	-58.9454	-48.1111	12.7401	9	0	152.291	97.2454	-40.2492	-51.8979	97.2454	-40.2492	-51.8979	
13906	20435	266.213	640.324	264.722	-99999	-18.746	-0.937591	1	1	1	1	1	-267.54	-331.294	131.986	-113.915	436.325	367.426	-267.23	-296.676	-331.431	132.979	7.99641	-114.302	436.557	401.847	367.44	6.82385	7	0	77.5224	-18.7278	-30.7257	389.905	-18.7278	-30.7257	389.905	
13905	14367	115.18	298.887	113.874	-99999	13.219	-0.811905	1	1	0	0	0	-214.189	-272.562	132.739	35.5982	-848.222	-840.555	-214.199	-245.127	-272.965	132.746	84.4473	34.3667	-848.223	-843.398	-840.621	5.44182	8	0	81.4188	13.24	22.5428	-794.374	13.24	22.5428	-794.374	
13906	23032	289.148	638.991	287.923	-99999	91.117	-0.965564	1	1	1	1	1	-352.657	-278.508	132.99	-135.975	-460.692	-396.227	-353.034	-310.762	-278.612	134.171	-2.19886	-135.975	-460.843	-438.825	-396.227	4.10028	14	0	77.7525	91.1372	-17.33	-419.158	91.1372	-17.33	-419.158	
13906	20155	136.581	372.373	136.305	-99999	28.11	-0.608941	1	1	1	0	0	-304.865	-314.689	133.617	41.0876	358.235	457.348	-304.897	-311.237	-314.775	133.617	88.2837	40.9348	358.235	408.64	457.563	10.8455	15	0	86.674	28.138	39.8453	425.982	28.138	39.8453	425.982	
13906	23042	329.931	5795.26	328.638	53.9222	54.463	-0.848515	1	1	1	1	1	-198.238	-281.18	130.273	-149.394	-370.475	-222.633	-197.955	-245.094	-281.18	131.318	-5.00105	-149.394	-371.059	-291.843	-222.633	7.21069	13	0	79.1577	54.4971	-35.4767	-274.48	54.4971	-35.4767	-274.48	
13906	8973	235.979	10371.5	234.198	-99999	101.696	-0.992498	1	1	1	1	1	-332.448	-312.289	132.241	-100.355	-735.902	-722.567	-332.663	-322.63	-312.405	133.941	16.8474	-100.355	-735.71	-730.237	-722.567	258.625	18	0	9272.12	101.693	-53.2159	-704.201	101.693	-53.2159	-704.201	
13906	21736	197.639	526.415	194.376	-99999	86.341	-0.767909	1	1	1	1	1	-329.504	-223.739	131.132	-10.8598	-147.322	-67.2281	-331.308	-276.894	-223.838	133.638	61.1204	-10.8598	-148.529	-109.267	-67.2281	5.1183	11	0	60.2155	86.3693	-22.8837	-58.2613	86.3693	-22.8837	-58.2613	
13905	5715	140.888	331.749	140.864	-99999	36.29	-0.934963	1	1	1	1	0	-179.527	-162.22	130.326	5.3213	803.436	744.99	-168.163	-156.308	-150.856	130.326	64.8866	5.3213	803.436	780.367	744.99	6.72681	13	0	62.353	45.7527	-41.4213	-1.15171	45.7527	-41.4213	-1.15171	
13906	21650	139.276	336.506	135.661	-99999	-41.055	-0.990951	1	1	1	1	1	-109.142	-120.694	126.684	-8.25713	392.535	390.338	-121.595	-130.024	-133.55	130.258	61.1838	-8.25713	392.28	390.868	390.338	7.96361	7	0	96.5595	-41.0263	-4.11583	394.648	-41.0263	-4.11583	394.648	
13905	3246	203.132	467.591	202.007	-99999	42.512	-0.956096	1	1	1	1	0	-99.7234	-74.7516	132.906	-60.9574	-185.006	-134.58	-86.613	-73.9534	-61.4271	133.84	36.5232	-61.0951	-185.225	-159.125	-134.574	4.3191	9	0	49.6153	42.5329	-75.4777	-168.297	42.5329	-75.4777	-168.297	
13905	12673	203.318	468.794	201.977	93.7636	94.883	-0.706199	1	1	1	1	1	-105.511	-237.531	133.406	-15.2403	-82.878	-106.676	-104.921	-173.119	-237.843	134.019	61.477	-15.5602	-82.6792	-101.685	-106.566	4.75998	8	0	76.2082	94.9239	6.33373	-108.107	94.9239	6.33373	-108.107	
13905	13485	243.383	864.077	242.565	103.903	103.231	-0.780119	1	1	1	1	1	-139.636	-250.935	132.486	-59.8854	324.265	420.129	-139.636	-196.686	-251.081	132.486	35.9526	-60.5759	324.265	371.408	420.533	4.59283	17	0	103.122	107.584	-43.8634	147.256	107.584	-43.8634	147.256	
13906	11719	321.775	791.347	321.663	-99999	93.058	-0.819717	1	1	1	1	1	-318.402	-248.53	127.004	-146.02	-603.018	-450.622	-318.518	-286.655	-248.618	127.04	-5.5882	-146.076	-603.041	-517.805	-450.595	6.5299	12	0	91.0966	93.0822	-9.28484	-521.314	93.0822	-9.28484	-521.314	
13905	925	200.438	511.645	199.851	106.175	105.275	-0.976053	1	1	1	1	1	-188.31	-223.209	132.823	-61.0412	438.065	411.67	-188.301	-207.109	-223.348	132.937	36.0186	-61.4794	438.087	421.518	411.69	5.78347	7	0	77.8815	105.298	-12.4036	415.61	105.298	-12.4036	415.61	
13906	12280	33.1179	170.382	31.0608	-99999	100.209	-0.918431	1	1	1	1	1	-233.582	-236.403	130.825	100.759	-90.7063	-96.1257	-202.187	-203.949	-205.02	132.668	116.78	100.734	-89.899	-93.3985	-96.139	6.25255	9	0	71.0645	100.235	21.6291	-45.303	100.235	21.6291	-45.303	
13905	18798	239.472	586.716	237.517	26.4157	26.062	-0.883956	1	1	1	1	1	-268.104	-166.035	132.123	-74.8436	-394.894	-447.249	-268.711	-222.743	-166.027	133.831	28.7373	-74.8607	-394.238	-428.137	-447.252	4.42469	9	0	72.2195	26.09	-15.7124	-426.323	26.09	-15.7124	-426.323	
13905	17445	38.5001	126.042	37.5492	-99999	-15.906	-0.93175	1	0	0	0	0	-307.72	-293.551	133.295	100.562	-538.244	-526.976	-307.984	-301.386	-293.533	134.168	116.729	100.562	-538.404	-533.761	-526.976	5.1578	12	0	78.319	-15.8842	46.2379	-543.801	-15.8842	46.2379	-543.801	
13905	18545	102.118	336.641	101.344	-99999	93.577	-0.695541	1	1	1	0	0	-163.655	-90.7272	131.938	61.7013	-594.272	-590.014	-134.907	-98.1946	-61.4241	132.476	97.0637	61.7013	-594.312	-592.061	-590.014	4.07911	8	0	100.193	93.5995	60.9502	-585.303	93.5995	60.9502	-585.303	
13905	16439	23.4725	97.3933	23.0992	-99999	-38.64	-0.604238	0	0	0	0	0	-72.5823	-84.9744	132.732	119.419	-879.968	-865.812	-84.6821	-91.4691	-97.2469	132.732	125.926	119.211	-879.968	-873.246	-865.563	4.13865	6	0	78.4661	-38.611	59.9894	-813.632	-38.611	59.9894	-813.632	
13905	22865	51.365	77.0816	37.5176	-99999	11.888	-0.622707	1	1	1	1	1	-104.761	-104.952	128.906	95.7672	639.123	652.445	-101.038	-101.507	-101.181	128.906	105.959	84.6348	639.123	649.717	648.519	4.59158	9	0	69.8471	11.909	-24.6345	660.584	11.909	-24.6345	660.584	
13905	3384	166.096	509.291	165.484	-99999	-45.003	-0.962396	0	0	0	0	0	-156.825	-201.905	130.997	-25.2816	616.412	643.666	-163.846	-188.524	-209.034	130.997	52.7577	-25.8591	616.412	628.295	643.819	7.51567	6	0	152.639	53.8421	-38.4278	77.7241	53.8421	-38.4278	77.7241	
13905	3895	179.735	458.045	179.003	-99999	-44.893	-0.981627	1	1	1	1	1	-232.087	-263.018	132.935	-41.0443	-825.073	-806.838	-232.019	-243.606	-263.145	133.01	43.9416	-41.5927	-825.077	-822.94	-806.539	5.42342	15	0	85.1894	-44.8723	-1.88747	-779.663	-44.8723	-1.88747	-779.663	
13905	2306	182.299	527.006	180.623	-99999	6.613	-0.412805	1	1	1	1	1	-68.7767	-215.491	-52.982	-134.158	-570.772	-503.678	-68.5402	-142.863	-216.565	-52.8676	-93.6679	-134.751	-570.881	-537.435	-503.023	5.99753	11	0	128.224	6.63967	-63.5254	-530.903	6.63967	-63.5254	-530.903	
13905	4597	214.544	617.917	213.992	-99999	5.858	-0.978486	1	1	1	1	1	-257.482	-235.803	127.796	-84.2322	731.704	740.898	-257.51	-247.146	-235.809	128.326	21.9653	-84.2346	731.599	736.786	740.899	5.98918	14	0	83.958	5.89622	-15.123	730.46	5.89622	-15.123	730.46	
13905	2278	197.518	1348.37	197.514	-99999	-4.993	-0.640678	1	1	1	1	1	-104.91	-240.689	129.077	7.00106	-496.129	-421.288	-104.91	-172.395	-240.689	129.077	68.2428	7.00106	-496.129	-457.436	-421.288	7.01567	14	0	101.974	-4.96293	-42.3071	-198	-4.96293	-42.3071	-198	
13905	6321	221.715	523.338	220.922	-99999	115.849	-0.987907	1	1	1	1	1	-247.933	-222.905	131.831	-84.2177	-364.354	-391.967	-248.137	-237.837	-223.037	132.584	23.1965	-84.2177	-364.262	-377.718	-391.967	4.59671	6	0	74.7652	115.87	-16.8504	-374.229	115.87	-16.8504	-374.229	
13905	7411	320.83	2627.31	320.112	72.0743	69.491	-0.867398	1	1	1	1	1	-240.478	-72.6972	132.447	-139.421	-322.182	-338.339	-240.536	-155.883	-72.3873	132.549	-3.41099	-139.912	-322.177	-330.971	-338.35	5.62249	7	0	56.198	69.5204	-64.5619	-340.853	69.5204	-64.5619	-340.853	
13906	13040	225.631	557.472	224.855	-99999	42.01	-0.967022	1	1	1	1	1	-332.147	-290.227	132.519	-84.2737	690.749	729.048	-332.316	-310.995	-290.249	133.118	23.6657	-84.4149	690.651	707.45	729.101	6.15154	10	0	87.4633	42.0359	-16.4136	717.672	42.0359	-16.4136	717.672	
13905	6179	222.133	583.132	221.586	79.9172	79.489	-0.702097	1	1	1	1	1	-147.507	-267.799	132.874	-20.7096	759.045	862.476	-147.255	-206.947	-267.799	133.26	57.5951	-20.7096	758.765	813.807	862.476	15.9977	17	0	87.3768	79.5268	8.08391	786.815	79.5268	8.08391	786.815	
13905	10006	82.483	174.348	81.2751	-99999	94.152	-0.885737	1	1	0	0	0	-225.466	-217.914	133.965	70.1359	747.952	796.708	-225.574	-223.665	-217.881	133.965	100.65	69.1283	747.952	771.645	797.343	7.42945	9	0	47.8449	94.1909	23.4888	764.86	94.1909	23.4888	764.86	
13905	11514	222.346	532.3	222.05	64.8517	65.52	-0.830704	1	1	1	1	1	-217.873	-102.89	132.53	-53.8462	529.243	497.947	-217.873	-157.133	-102.8	132.53	41.722	-54.1242	529.243	509.106	497.945	5.80402	7	0	78.9323	65.5564	-23.0901	496.359	65.5564	-23.0901	496.359	
13905	12614	77.1437	194.064	76.7778	-99999	2.36	-0.719128	1	1	1	1	1	-62.3414	-115.912	9.75697	-45.0727	790.594	791.056	-61.6024	-88.6467	-115.42	9.75697	-17.7225	-45.3271	790.594	791.673	790.99	10.0216	12	0	64.8655	2.37999	-35.8408	772.903	2.37999	-35.8408	772.903	
13906	17464	161.958	426.214	161.475	-99999	18.706	-0.454186	1	1	1	1	1	-225.054	-325.663	132.779	56.0011	-368.063	-267.83	-224.76	-275.666	-325.684	132.995	94.8155	56.0011	-368.357	-318.279	-267.83	4.53709	15	0	59.9477	18.7478	21.4281	-264.96	18.7478	21.4281	-264.96	
13906	12464	205.352	4116.01	205.033	-22.865	-24.808	-0.783426	1	1	1	1	1	-127.91	-224.606	133.78	-25.4235	767.572	850.841	-127.91	-175.316	-224.715	133.78	53.7504	-25.669	767.572	811.019	850.851	4.08986	9	0	45.2149	-24.7678	-8.91762	784.281	-24.7678	-8.91762	784.281	
13905	12797	148.199	401.491	147.66	-99999	86.036	-0.975315	1	1	1	1	1	-198.481	-220.028	131.499	-12.5767	-137.8	-115.916	-171.54	-184.731	-193.181	131.499	59.5498	-13.0952	-137.8	-126.135	-115.85	14.7014	6	0	81.4185	86.071	0.776091	-132.672	86.071	0.776091	-132.672	
13905	15888	337.774	642.486	270.831	-99999	4.529	-0.959611	1	1	1	1	1	-94.2641	-102.152	129.732	-110.298	113.543	222.22	-92.8415	-100.163	-100.646	130.424	-23.3952	-164.067	113.349	178.429	235.201	34.9063	13	0	247.995	4.55925	-25.7916	176.229	4.55925	-25.7916	176.229	
13905	250	245.149	594.469	243.851	-81.181	-31.411	-0.698862	0	0	0	0	0	-237.325	-155.848	133.196	-27.2217	-3.30471	-166.985	-237.44	-191.915	-155.751	133.453	55.1927	-27.8393	-3.07342	-85.5857	-167.67	4.79473	18	0	74.9707	-999999	-999999	-999999	-999999	-999999	-999999	
13905	16975	159.233	418.703	158.649	-99999	72.471	-0.908428	1	1	1	0	0	-142.597	-84.0467	133.356	-11.3872	-329.604	-301.518	-119.904	-90.524	-61.1395	133.356	60.7985	-11.9239	-329.604	-315.088	-301.438	4.31333	7	0	57.4674	72.4951	18.1915	-314.987	72.4951	18.1915	-314.987	
13905	17875	186.537	369.676	181.312	-99999	6.246	-0.770622	1	1	1	1	1	-293.212	-319.094	132.699	-4.23395	-712.577	-599.676	-293.162	-298.527	-319.95	133.35	57.6903	-7.23166	-713.114	-659.365	-596.719	5.71602	14	0	86.3209	6.26634	7.89492	-632.916	6.26634	7.89492	-632.916	
13905	16840	115.25	275.696	114.292	-99999	79.531	-0.862367	1	1	1	0	0	-357.168	-294.056	134.018	50.5369	-363.662	-321.684	-357.672	-330.945	-294.147	134.844	87.4062	50.5369	-363.905	-345.305	-321.684	7.27597	8	0	70.6615	79.5315	38.6707	-342.489	79.5315	38.6707	-342.489	
13905	19096	337.347	806.942	336.149	-99999	100.463	-0.900119	1	1	1	1	1	-313.178	-321.722	133.204	-161.984	448.873	603.899	-313.266	-326.275	-321.913	133.384	-17.6198	-162.86	448.788	521.859	604.287	5.41444	16	0	107.541	100.467	-42.1186	531.975	100.467	-42.1186	531.975	
13905	28349	337.895	1202.12	329.935	-13.6892	-12.495	-0.582098	1	1	1	1	1	-173.067	-335.202	126.211	-117.737	196.821	346.742	-169.856	-248.768	-335.722	130.728	4.97599	-118.567	192.713	272.704	347.025	7.12208	10	0	85.9398	-12.4634	-43.2878	303.817	-12.4634	-43.2878	303.817	
13905	25138	33.7595	143.161	29.262	-99999	97.618	-0.98795	0	0	0	0	0	-317.266	-316.044	130.959	102.125	-626.368	-626.353	-317.495	-316.102	-316.184	133.292	116.764	100.474	-626.01	-627.892	-627.039	4.07725	14	0	122.5	96.4063	24.2967	-679.594	96.4063	24.2967	-679.594	
13905	26388	287.318	737.255	286.628	-331.014	91.733	-0.708185	0	0	0	0	0	-150.205	-300.306	133.37	-59.5741	-794.61	-647.928	-149.885	-225.577	-300.31	133.856	33.204	-59.5779	-794.958	-726.042	-647.922	5.06741	14	0	70.1575	9.3804	27.0824	68.351	-1.3996	-66.323	-169.245	
13905	29435	203.001	505.204	200.667	-30.0878	-29.864	-0.92966	1	1	1	1	1	-255.234	-189.013	133.373	-46.6048	701.242	643.982	-255.234	-221.127	-188.272	133.373	41.328	-48.7074	701.242	675.671	643.313	5.35747	12	0	80.6753	-29.8252	-8.01913	663.921	-29.8252	-8.01913	663.921	
13905	26954	117.078	312.766	115.099	-16.9452	-17.2	-0.748759	1	1	1	1	0	-191.618	-241.769	131.84	44.0746	249.578	303.641	-191.209	-216.8	-242.056	132.712	90.4553	43.3823	248.927	280.183	303.957	4.85045	14	0	81.8984	-17.1671	15.95	284.614	-17.1671	15.95	284.614	
13905	1821	106.097	283.909	105.958	-99999	61.513	-0.970983	1	1	1	0	0	-287.883	-306.5	133.504	29.8862	-240.874	-231.253	-287.954	-297.65	-306.604	133.504	81.8165	29.7609	-240.874	-234.298	-231.257	7.00778	6	0	78.9535	61.5331	31.0279	-224.603	61.5331	31.0279	-224.603	
13906	16072	353.995	600.828	349.961	-99999	70.629	-0.759295	1	1	1	1	1	-309.894	-345.962	110.318	-171.293	-892.512	-690.816	-309.975	-322.384	-346.971	110.318	-29.9006	-174.284	-892.512	-785.755	-688.37	5.9115	17	0	82.1416	70.637	-24.4774	-764.097	70.637	-24.4774	-764.097	
13905	2205	370.314	912.394	370.257	-99999	62.537	-0.716494	1	1	1	1	1	-261.83	-270.118	132.888	-153.239	405.752	628.526	-261.902	-265.787	-270.19	132.888	-17.2354	-153.239	405.752	511.727	628.526	5.03587	14	0	70.5927	62.5539	-31.8	514.403	62.5539	-31.8	514.403	
13905	3805	277.966	660.999	277.618	225.229	75.1	-0.890036	0	0	0	0	0	-215.811	-76.2301	132.493	-106.394	-329.386	-333.534	-215.91	-141.878	-76.1855	132.706	15.4009	-106.49	-329.379	-334.82	-333.551	4.58765	9	0	73.5659	52.3155	-75.8356	-324.612	52.3155	-75.8356	-324.612	
13905	3223	358.148	1027.03	356.993	114.262	116.694	-0.837993	1	1	1	1	1	-65.6621	-229.432	134.715	-171.624	-268.222	-185.949	-65.2554	-147.822	-229.598	135.367	-18.0531	-171.94	-268.384	-227.04	-185.87	8.77393	9	0	61.9037	116.724	-14.3338	-230.468	116.724	-14.3338	-230.468	
13905	4002	93.2125	276.372	92.457	-99999	92.812	-0.967376	1	1	0	0	0	-298.708	-299.21	133.368	44.0124	412.341	422.821	-298.814	-305.024	-299.31	133.368	87.5107	43.7488	412.341	415.992	422.98	21.6137	17	0	88.5592	92.8294	41.4651	415.288	92.8294	41.4651	415.288	
13905	4156	335.602	755.645	334.077	54.9586	55.843	-0.805311	1	1	1	1	1	-249.144	-154.768	129.989	-153.102	-407.557	-548.452	-249.549	-212.057	-154.768	131.2	-6.22477	-153.102	-406.767	-495.235	-548.452	8.18501	12	0	90.3713	55.8754	-28.7785	-493.681	55.8754	-28.7785	-493.681	
13905	9857	90.7305	252.643	90.2233	-99999	62.062	-0.910658	1	0	0	0	0	-293.25	-324.58	133.435	51.7066	-797.15	-777.232	-293.321	-306.927	-324.946	133.435	91.1969	51.3318	-797.15	-787.812	-777.068	4.29096	11	0	81.3812	62.0886	52.2455	-773.957	62.0886	52.2455	-773.957	
13905	1209	153.743	579.642	153.547	-99999	-27.636	-0.728998	1	1	1	1	1	-280.449	-312.811	133.086	17.7538	491.534	587.5	-280.362	-296.644	-312.779	133.227	75.6605	17.7538	491.412	539.669	587.5	5.72022	14	0	71.1585	-27.6031	-33.3157	632.028	-27.6031	-33.3157	632.028	
13905	2709	364.398	1759.91	364.252	39.3338	39.549	-0.85917	1	1	1	1	1	-95.3569	-232.733	133.272	-158.727	55.1448	221.744	-95.3242	-162.969	-232.733	133.393	-15.8769	-158.727	55.0852	134.363	221.744	5.83913	12	0	111.598	39.576	-15.0539	131.241	39.576	-15.0539	131.241	
13905	6328	276.234	797.485	244.204	-99999	60.476	-0.896175	1	1	1	1	1	-330.799	-218.341	133.186	-78.3517	643.977	690.897	-331.366	-268.076	-212.312	134.39	14.7281	-105.116	643.676	671.01	702.633	5.13245	8	0	87.6201	60.4975	-22.8374	671.564	60.4975	-22.8374	671.564	
13905	21200	112.433	289.962	112.401	-99999	10.576	-0.892187	1	1	1	0	0	-101.675	-135.517	130.339	26.6045	366.484	341.336	-98.3535	-116.696	-132.205	130.364	79.6158	26.6045	366.493	350.762	341.336	6.06893	7	0	78.7784	10.6001	27.3565	348.318	10.6001	27.3565	348.318	
13905	20721	232.498	559.746	232.497	-99999	52.002	-0.50289	1	1	1	1	1	-224.771	-77.6205	129.545	7.3221	-200.169	-332.226	-208.487	-135.196	-61.3363	129.545	69.1572	7.3221	-200.169	-267.181	-332.226	7.38705	12	0	48.6533	52.0408	14.0999	-305.827	52.0408	14.0999	-305.827	
13905	23833	154.116	408.371	150.552	-99999	78.69	-0.976072	1	1	1	1	0	-312.519	-320.709	128.257	-11.5623	126.398	179.347	-312.609	-314.592	-320.57	128.257	56.654	-14.9153	126.398	153.412	180.504	4.71915	16	0	104.162	78.7067	11.3434	167.592	78.7067	11.3434	167.592	
13905	9212	110.919	342.165	110.121	49.5612	49.711	-0.58917	1	1	1	0	0	-198.666	-220.209	131.276	73.3759	-816.214	-725.297	-198.567	-210.526	-220.257	131.614	102.023	73.2723	-816.664	-771.418	-725.105	6.24652	16	0	113.886	49.7348	28.5326	-739.7	49.7348	28.5326	-739.7	
13905	27112	157.964	395.513	157.877	31.2503	29.594	-0.931695	1	1	1	1	1	-250.711	-179.661	132.487	-5.55817	-220.658	-239.414	-250.74	-217.957	-179.661	132.562	61.1406	-5.55817	-220.656	-225.974	-239.414	5.09685	14	0	89.013	29.6247	-2.24357	-224.3	29.6247	-2.24357	-224.3	
13905	24534	198.458	551.231	197.569	-14.4901	-7.973	-0.545196	1	1	1	1	1	-90.3699	-252.404	133.468	23.7876	220.476	195.509	-89.638	-172.802	-252.404	133.954	81.0437	23.7876	220.6	209.215	195.509	5.38157	14	0	74.0381	-7.93601	-3.37142	194.658	-7.93601	-3.37142	194.658	
13905	29337	250.791	622.698	250.243	-42.0126	-42.42	-0.687301	1	1	1	1	1	-193.657	-344.461	131.257	-31.6859	169.824	279.813	-193.313	-264.755	-344.461	131.626	41.006	-31.6859	169.619	218.07	279.813	7.11682	8	0	69.53	-42.4016	-6.39553	244.118	-42.4016	-6.39553	244.118	
13905	7781	186.686	494.017	186.013	-99999	108.665	-0.96653	1	1	1	1	1	-182.205	-227.453	133.315	-44.3689	100.61	131.727	-165.129	-188.071	-210.455	133.315	44.1941	-45.0047	100.61	116.129	131.915	4.12648	6	0	91.1101	108.692	-24.7579	131.079	108.692	-24.7579	131.079	
13905	8581	99.6446	232.264	98.3572	-99999	95.235	-0.569376	1	1	0	0	0	-166.699	-91.2987	129.695	66.5832	813.736	814.796	-137.94	-99.5378	-61.4764	130.417	98.7128	66.5832	813.756	814.447	814.796	4.04328	6	0	46.5918	95.2329	64.9152	808.511	95.2329	64.9152	808.511	
13905	33102	135.891	364.546	134.085	117.418	116.746	-0.840506	1	1	1	1	0	-204.422	-262.52	130.549	11.5132	404.056	392.527	-203.46	-237.898	-262.52	132.059	73.7062	11.5132	404.232	399.517	392.527	9.73076	6	0	91.8792	116.778	3.95141	369.428	116.778	3.95141	369.428	
13905	30897	32.0866	140.48	31.5201	-99999	109.106	-0.470431	1	1	1	1	1	-262.545	-256.439	133.186	119.897	605.327	633.158	-262.737	-259.095	-256.528	133.319	125.971	119.794	605.087	618.86	633.416	9.63056	15	0	108.464	109.139	-33.1411	-71.6025	109.139	-33.1411	-71.6025	
13905	39914	120.18	310.017	119.313	-99999	51.171	-0.474634	0	0	0	0	0	-80.5862	-134.058	132.964	80.0791	-306.767	-214.887	-64.0603	-94.6724	-118.034	133.37	105.137	80.0791	-307.34	-264.162	-214.887	8.66616	6	0	94.3954	71.5434	33.9889	-190.892	71.5434	33.9889	-190.892	
13905	39295	204.962	456.087	204.527	-99999	-44.361	-0.97299	0	0	0	0	0	-275.214	-316.9	132.002	-65.9223	821.487	837.961	-275.125	-289.986	-316.971	132.162	30.8868	-66.1462	821.499	821.806	837.994	5.44487	7	0	69.2441	-999999	-999999	-999999	-999999	-999999	-999999	
13906	19294	309.19	701.731	307.076	-99999	96.319	-0.967599	0	0	0	0	0	-180.276	-141.124	133.243	-170.142	-833.71	-852.509	-150.122	-127.521	-110.232	133.273	-19.2248	-172.059	-833.707	-843.213	-852.341	5.43784	6	0	84.5903	110.773	8.53959	-750.844	110.773	8.53959	-750.844	
13905	23840	369.841	962.312	368.943	-10.6801	-12.373	-0.843724	1	1	1	1	1	-340.136	-178.792	133.668	-163.599	-278.622	-420.929	-340.378	-253.886	-178.771	134.149	-14.6187	-163.787	-278.448	-345.911	-420.964	6.79897	12	0	88.6239	-12.3354	-16.243	-342.756	-12.3354	-16.243	-342.756	
13905	35428	328.477	841.475	273.453	98.0135	98.059	-0.957346	1	1	1	1	1	-173.781	-234.482	132.359	-126.386	37.8682	102.062	-173.747	-210.301	-246.713	132.611	-22.8152	-178.166	37.8092	76.1578	114.268	14.0819	9	0	185.381	98.0901	-38.8942	88.7377	98.0901	-38.8942	88.7377	
13905	39913	119.454	187.262	114.442	-99999	46.718	-0.911351	0	0	0	0	0	-341.543	-338.242	133.423	31.9549	-578.361	-527.246	-341.59	-337.214	-338.844	133.92	78.5849	29.0733	-578.605	-556.765	-523.922	4.10344	15	0	50.8106	51.3839	-31.1057	583.778	-24.7961	10.2803	156.258	
13905	36497	43.2471	168.559	42.3152	-99999	76.833	-0.888615	0	0	0	0	0	-273.862	-291.669	109.548	73.3251	-893.026	-880.858	-273.95	-282.08	-292.213	109.548	90.5404	72.5322	-893.026	-886.727	-880.778	10.3739	10	0	115.306	76.8488	39.4866	-820.058	76.8488	39.4866	-820.058	
13905	35692	252.872	685.292	252.021	-99999	11.812	-0.691291	1	1	1	1	1	-64.9797	-196.128	-101.311	71.5266	456.625	584.816	-192.647	-127.068	-61.0806	71.8374	-14.5936	-101.602	585.039	520.129	456.418	4.41924	654	0	685.292	11.8476	-56.7467	489.111	11.8476	-56.7467	489.111	
13905	36192	140.845	404.614	139.977	-99999	17.211	-0.78478	1	1	1	1	0	-310.045	-269.934	133.154	23.1489	-131.28	-55.5395	-310.331	-290.887	-269.954	133.827	76.0482	23.1489	-131.752	-96.7538	-55.5395	5.17699	14	0	77.01	17.2395	-14.581	-109.698	17.2395	-14.581	-109.698	
13905	2900	290.911	10247.8	290.902	-34.1268	-32.414	-0.756851	1	1	1	1	1	-132.971	-265.706	133.816	-97.5335	-172.038	-65.7893	-132.971	-209.43	-265.706	133.816	27.1937	-97.5335	-172.038	-109.525	-65.7893	13.8207	8	0	100.084	-32.3811	-18.4011	-102.962	-32.3811	-18.4011	-102.962	
13905	582	88.0379	233.712	86.5573	-99999	-15.118	-0.96598	1	0	0	0	0	-175.024	-181.658	128.924	46.4593	852.071	827.16	-179.603	-184.853	-186.395	130.262	88.2801	46.3706	852.38	840.27	827.131	7.16537	10	0	68.0088	-15.0978	20.9178	789.68	-15.0978	20.9178	789.68	
13905	1882	293.292	671.36	292.339	-99999	6.776	-0.814345	1	1	1	1	1	-320.304	-305.374	133.747	-83.4724	153.812	346.206	-320.327	-308.624	-305.507	134.024	24.2191	-83.949	153.614	249.854	346.553	5.13295	14	0	80.3384	6.80306	-7.0341	271.366	6.80306	-7.0341	271.366	
13905	4210	309.068	918.445	309.006	337.576	84.644	-0.833241	0	0	0	0	0	-270.059	-166.452	133.612	-109.078	-224.546	-69.6419	-270.074	-217.721	-166.452	133.652	3.3933	-109.078	-224.567	-160.306	-69.6419	10.2344	6	0	87.6628	60.3888	-84.8441	-684.338	60.3888	-84.8441	-684.338	
13905	2711	358.217	1005.46	349.844	-99999	78.719	-0.761428	1	1	1	1	1	-91.3897	-231.78	129.733	-131.728	868.23	683.896	-63.7145	-136.479	-207.423	135.045	2.19336	-132.971	871.81	776.251	683.802	20.8859	10	0	176.59	78.7596	-5.92768	747.684	78.7596	-5.92768	747.684	
13905	4011	123.22	336.372	122.575	15.902	51.945	-0.940826	1	1	1	0	0	-293.705	-254.206	132.731	19.8768	-311.135	-288.292	-285.795	-262.346	-246.103	133.303	77.4003	19.8768	-311.164	-301.114	-288.292	8.36236	12	0	85.7731	46.5334	-8.09586	-0.836523	21.1134	-48.2286	-260.331	
13905	154	332.34	1164.02	331.182	63.1818	62.858	-0.790845	1	1	1	1	1	-130.026	-247.382	133.03	-119.814	-9.51531	-181.308	-129.781	-193.055	-247.603	133.618	3.42606	-119.961	-9.13601	-90.2079	-181.614	5.10114	7	0	94.5786	62.8921	-18.5504	-104.466	62.8921	-18.5504	-104.466	
13905	7994	220.168	509.918	218.656	-99999	28.656	-0.91235	1	1	1	1	1	-194.183	-137.408	132.122	-76.0263	-143.483	-120.392	-185.517	-152.077	-128.097	132.843	30.2514	-76.6518	-143.608	-122.582	-120.447	5.64412	7	0	77.7372	28.6897	-24.2732	-130.012	28.6897	-24.2732	-130.012	
13905	8860	311.033	718.183	308.983	95.7714	93.262	-0.713653	1	1	1	1	1	-118.256	-336.456	132.996	-80.6263	-394.453	-425.895	-118.256	-229.289	-337.909	132.996	27.271	-82.0045	-394.453	-419.196	-425.482	5.11322	7	0	71.0093	93.274	-26.6112	-415.49	93.274	-26.6112	-415.49	
13905	7370	148.986	367.576	148.918	-99999	47.054	-0.955398	1	1	1	1	1	-146.949	-113.477	130.261	-12.9112	48.944	51.9315	-132.23	-113.485	-98.7428	130.318	58.591	-12.9112	48.9367	55.6611	51.9315	7.06563	6	0	82.1969	47.0842	5.68896	51.7164	47.0842	5.68896	51.7164	
13905	8578	201.537	521.709	200.581	-99999	114.03	-0.947187	1	1	1	1	1	-163.914	-229.07	132.604	-56.1073	-388.781	-407.682	-145.785	-180.13	-211.228	133.267	39.0503	-56.3503	-388.718	-398.503	-407.696	4.00553	8	0	52.0551	114.063	-21.9375	-404.378	114.063	-21.9375	-404.378	
13905	8398	256.337	942.11	254.681	93.066	92.5	-0.899216	1	1	1	1	1	-289.337	-203.765	132.415	-82.8859	-477.589	-579.349	-289.882	-245.539	-203.765	133.901	20.926	-82.8859	-477.128	-518.155	-579.349	6.70017	12	0	82.642	92.5235	-11.9726	-526.354	92.5235	-11.9726	-526.354	
13906	22377	217.153	535.46	215.892	-99999	9.93	-0.775441	1	1	1	1	1	-99.7604	-248.683	130.258	-20.2241	295.589	329.519	-99.5369	-170.012	-249.113	130.535	49.8417	-21.0069	295.548	312.48	329.516	6.15386	8	0	80.8659	9.95846	0.881644	317.897	9.95846	0.881644	317.897	
13905	12282	90.1973	216.021	82.809	-99999	50.313	-0.573824	1	1	1	1	1	-258.51	-311.254	132.742	83.4862	47.8982	88.4808	-258.568	-287.382	-315.781	132.742	106.246	78.4935	47.8982	70.2903	91.5893	5.00402	11	0	66.8149	50.3417	26.1906	112.323	50.3417	26.1906	112.323	
13905	12382	274.314	684.816	273.569	-99999	50.929	-0.87552	1	1	1	1	1	-309.328	-262.73	133.257	-96.6484	347.998	487.191	-309.404	-288.337	-262.608	133.429	14.8219	-97.1173	347.906	413.419	487.401	5.92134	13	0	73.9976	50.9531	-8.62306	422.928	50.9531	-8.62306	422.928	
13905	10483	159.584	392.918	158.758	35.7845	34.643	-0.978463	1	1	1	1	1	-238.528	-192.563	132.317	-17.6563	70.9412	56.095	-238.534	-222.336	-192.141	132.354	54.6079	-18.3093	70.9464	63.7435	56.0236	4.70392	9	0	79.2007	34.6781	0.253482	53.294	34.6781	0.253482	53.294	
13905	13604	308.545	721.219	307.953	40.6669	37.658	-0.936845	1	1	1	1	1	-100.874	-226.292	133.125	-136.193	611.698	681.633	-100.73	-162.525	-226.292	133.665	-3.96174	-136.193	611.602	643.386	681.633	4.60473	8	0	74.691	37.6862	-9.14797	633.536	37.6862	-9.14797	633.536	
